run_number,subrun_number,event_number,signal_score,entry_number,n_pixels
14954,2,109,0.048892516642808914,0.0,566.0
14954,94,4743,0.021929217502474785,1.0,1606.0
16387,37,1862,0.07681290060281754,2.0,923.0
17149,52,2644,0.03119632601737976,3.0,920.0
15780,103,5190,0.07135065644979477,4.0,839.0
17122,154,7710,0.05515122413635254,5.0,1278.0
15149,67,3389,0.04383980855345726,6.0,1420.0
14766,58,2924,0.002189022023230791,7.0,1670.0
15367,117,5893,0.005140676163136959,8.0,4111.0
14399,110,5517,0.7404088377952576,9.0,962.0
14399,161,8073,0.06520821154117584,10.0,2054.0
15447,21,1054,0.2735859155654907,11.0,184.0
17501,9,499,0.008786954917013645,12.0,2737.0
15910,13,677,0.010085606016218662,13.0,858.0
17118,28,1422,0.008984583429992199,14.0,3188.0
17484,172,8629,0.027714332565665245,15.0,3233.0
15345,161,8063,0.0199331883341074,16.0,1287.0
15348,260,13021,0.014541400596499443,17.0,2721.0
15722,175,8781,0.0034367237240076065,18.0,2076.0
16222,153,7682,0.18689464032649994,19.0,4093.0
16952,67,3393,0.0070621296763420105,20.0,2660.0
15348,195,9785,0.059360530227422714,21.0,3118.0
14956,113,5700,0.021580569446086884,22.0,3054.0
16935,206,10318,0.05752947926521301,23.0,869.0
16752,63,3177,0.01759638451039791,24.0,1194.0
14603,148,7437,0.016458794474601746,25.0,912.0
17517,173,8695,0.010086415335536003,26.0,2244.0
17371,65,3274,0.07348090410232544,27.0,1536.0
15933,230,11544,0.033871691673994064,28.0,803.0
16038,145,7252,0.009114825166761875,29.0,1489.0
15366,60,3039,0.03355729579925537,30.0,2707.0
14913,53,2660,0.002115342067554593,31.0,406.0
16199,126,6334,0.00328731257468462,32.0,703.0
14607,262,13137,0.05598277226090431,33.0,2380.0
14410,143,7172,0.08498537540435791,34.0,1107.0
14390,97,4877,0.02063964121043682,35.0,3105.0
15954,97,4888,0.007677327375859022,36.0,1090.0
14743,48,2429,0.004860661458224058,37.0,2072.0
16038,99,4960,0.004795121494680643,38.0,914.0
16499,220,11010,0.0033644067589193583,39.0,1070.0
16420,30,1507,0.1088588610291481,40.0,669.0
15102,40,2043,0.064238041639328,41.0,971.0
15102,88,4411,0.00620205607265234,42.0,1888.0
14874,233,11657,0.20097310841083527,43.0,1480.0
17312,179,8976,0.015645675361156464,44.0,2921.0
14619,8,435,0.02388554997742176,45.0,2050.0
15348,205,10297,0.14223620295524597,46.0,1506.0
15592,188,9413,0.024169573560357094,47.0,702.0
15092,57,2883,0.05576610565185547,48.0,2759.0
15834,203,10158,0.023506639525294304,49.0,1689.0
15875,60,3019,0.0018798314267769456,50.0,1477.0
14637,74,3737,0.03629938140511513,51.0,2355.0
14903,44,2221,0.1122296005487442,52.0,2455.0
14218,87,4396,0.024179916828870773,53.0,1239.0
14959,61,3071,0.508237898349762,54.0,1578.0
14959,69,3452,0.06857328116893768,55.0,1923.0
16205,42,2120,0.043077774345874786,56.0,1388.0
14713,47,2395,0.09387772530317307,57.0,1571.0
14713,53,2654,0.0005803817766718566,58.0,505.0
16825,47,2376,0.0022618595976382494,59.0,1731.0
15415,43,2159,0.11260145157575607,60.0,3107.0
17237,67,3386,0.03875209018588066,61.0,2457.0
16730,9,483,0.003957825712859631,62.0,1985.0
16730,52,2636,0.023362843319773674,63.0,438.0
17307,52,2629,0.00811382569372654,64.0,3057.0
17307,79,3980,0.002008484210819006,65.0,1776.0
15136,15,762,0.9877267479896545,66.0,1971.0
16453,267,13364,0.08890186995267868,67.0,1650.0
15279,7,387,0.005026114638894796,68.0,1061.0
15967,70,3521,0.021289536729454994,69.0,276.0
17271,16,846,0.3200487494468689,70.0,382.0
16200,80,4046,0.013936982490122318,71.0,2321.0
14956,229,11471,0.007080014795064926,72.0,1144.0
17027,68,3413,0.039171744138002396,73.0,1427.0
14291,12,601,0.7175530195236206,74.0,2219.0
16583,127,6376,0.20384642481803894,75.0,1714.0
16583,164,8206,0.5403574109077454,76.0,374.0
15145,5,258,0.06675175577402115,77.0,3940.0
15498,97,4856,0.890202522277832,78.0,2899.0
14764,46,2346,0.20301300287246704,79.0,2255.0
16295,239,11960,0.1052887961268425,80.0,315.0
17320,49,2469,0.3545988202095032,81.0,2174.0
15486,370,18522,0.007170466706156731,82.0,2489.0
14559,221,11062,0.013760978356003761,83.0,1949.0
16313,16,816,0.03626159206032753,84.0,2595.0
14641,98,4930,0.007149592041969299,85.0,744.0
15123,0,31,0.0008011693134903908,86.0,937.0
15902,312,15639,0.0038310640957206488,87.0,2634.0
15800,269,13478,0.014035364612936974,88.0,387.0
14653,53,2661,0.018549220636487007,89.0,97.0
14653,68,3429,0.02224642224609852,90.0,2133.0
14831,124,6215,0.0027324878610670567,91.0,1753.0
14831,137,6881,0.020358989015221596,92.0,1976.0
14218,95,4791,0.033903755247592926,93.0,344.0
14218,132,6607,0.1646493524312973,94.0,3068.0
15828,386,19312,0.015991969034075737,95.0,231.0
15433,129,6484,0.011795743368566036,96.0,569.0
14758,58,2946,0.06776139885187149,97.0,917.0
14917,61,3054,0.12392684072256088,98.0,1180.0
16125,43,2196,0.15934038162231445,99.0,979.0
16125,154,7720,0.006348602939397097,100.0,2945.0
16186,118,5939,0.01590483821928501,101.0,3112.0
17474,33,1694,0.04145590215921402,102.0,138.0
14537,38,1922,0.005023408681154251,103.0,737.0
14537,90,4541,0.00019853562116622925,104.0,3847.0
17364,101,5092,0.002373800612986088,105.0,727.0
17467,22,1138,0.00910259410738945,106.0,2409.0
14372,274,13724,0.008306864649057388,107.0,2588.0
14555,196,9828,0.00241429777815938,108.0,2605.0
14401,46,2323,0.009241150692105293,109.0,2064.0
14655,11,556,0.004777924157679081,110.0,2489.0
16411,228,11422,0.08816719800233841,111.0,1061.0
17260,13,657,0.17055751383304596,112.0,1560.0
17260,13,680,0.002153442706912756,113.0,1219.0
17260,53,2686,0.15156187117099762,114.0,2218.0
14914,280,14031,0.01604701206088066,115.0,172.0
15073,86,4334,0.038451116532087326,116.0,899.0
14912,245,12276,0.23633119463920593,117.0,1895.0
14227,114,5732,0.06905987858772278,118.0,1989.0
14239,40,2037,0.008799755945801735,119.0,1974.0
17144,40,2030,0.01923741213977337,120.0,265.0
15894,160,8034,0.036619167774915695,121.0,779.0
16446,138,6902,0.0038971484173089266,122.0,1619.0
17206,252,12613,0.009039855562150478,123.0,2319.0
16801,55,2788,0.0487271323800087,124.0,1658.0
16894,172,8644,0.18868285417556763,125.0,2594.0
15251,139,6989,0.06071984022855759,126.0,2083.0
14890,116,5841,0.033098962157964706,127.0,938.0
16946,22,1146,0.008289352059364319,128.0,2637.0
14944,65,3274,0.012263868004083633,129.0,569.0
16468,105,5299,0.043410804122686386,130.0,426.0
14890,53,2677,0.11475782841444016,131.0,249.0
14828,55,2797,0.012914045713841915,132.0,167.0
15426,75,3800,0.0011835553450509906,133.0,3117.0
14985,45,2296,0.08578013628721237,134.0,1419.0
17482,5,279,0.09073855727910995,135.0,2035.0
15117,124,6222,0.014952176250517368,136.0,2488.0
15391,289,14472,0.005910349078476429,137.0,1113.0
16925,104,5215,0.027099238708615303,138.0,5043.0
16864,134,6714,0.05266861245036125,139.0,99.0
14383,3,154,0.023154305294156075,140.0,414.0
14383,25,1293,0.12703658640384674,141.0,1871.0
14383,25,1295,0.011482217349112034,142.0,2206.0
14546,69,3468,0.04020310565829277,143.0,4821.0
15466,170,8533,0.06522318720817566,144.0,1150.0
14729,177,8863,0.018757037818431854,145.0,1019.0
14367,86,4311,0.7494820952415466,146.0,1402.0
15092,80,4017,0.1323326826095581,147.0,1692.0
16459,59,2984,0.10148295760154724,148.0,1741.0
16232,135,6778,0.10177198797464371,149.0,975.0
14760,45,2259,0.007937337271869183,150.0,1023.0
15484,335,16792,0.007244585547596216,151.0,1438.0
14965,102,5132,0.32153668999671936,152.0,463.0
14884,165,8256,0.0034591401927173138,153.0,991.0
15801,192,9626,0.031386807560920715,154.0,1644.0
16749,30,1527,0.03164903447031975,155.0,139.0
16749,67,3377,0.052981823682785034,156.0,2060.0
14231,0,48,0.025731178000569344,157.0,2895.0
14231,21,1065,0.07387804985046387,158.0,2064.0
15715,106,5342,0.012136846780776978,159.0,1392.0
17522,57,2868,0.0013807149371132255,160.0,1050.0
14915,174,8714,0.41389381885528564,161.0,2181.0
14760,13,672,0.9914078116416931,162.0,2422.0
15975,133,6678,0.010856284759938717,163.0,2525.0
14760,53,2682,0.001540358061902225,164.0,690.0
14401,38,1933,0.2771879732608795,165.0,1206.0
16821,124,6236,0.02417581155896187,166.0,845.0
14464,201,10066,0.00026566203450784087,167.0,1329.0
14139,239,11969,0.25607001781463623,168.0,1454.0
16453,94,4733,0.002636860590428114,169.0,1246.0
17388,10,507,0.13022661209106445,170.0,4168.0
17388,23,1162,0.0056724706664681435,171.0,1366.0
17518,10,516,0.002600584179162979,172.0,1065.0
14971,59,2989,0.20537467300891876,173.0,1406.0
14971,103,5156,0.003044496988877654,174.0,1157.0
14956,56,2810,0.1449871063232422,175.0,1109.0
16141,44,2245,0.005961447022855282,176.0,1239.0
16731,78,3932,0.9852902889251709,177.0,2536.0
16731,276,13845,0.1846097707748413,178.0,290.0
14569,29,1459,0.9142808318138123,179.0,2020.0
14342,130,6538,0.011153854429721832,180.0,3478.0
15949,119,5952,0.002893120748922229,181.0,642.0
14117,18,928,0.01246737688779831,182.0,2467.0
14257,185,9295,0.0007169221062213182,183.0,1444.0
17309,112,5614,0.018583202734589577,184.0,658.0
14652,12,610,0.0827360525727272,185.0,2706.0
14245,51,2588,0.00634189834818244,186.0,1969.0
15450,50,2514,0.0016628751764073968,187.0,784.0
15450,230,11535,0.03658308461308479,188.0,5260.0
14549,33,1663,0.0033284195233136415,189.0,1407.0
17111,209,10475,0.003294798545539379,190.0,1605.0
16874,66,3323,0.16397789120674133,191.0,3292.0
16736,51,2568,0.015046819113194942,192.0,1265.0
17313,228,11449,0.10323917120695114,193.0,1652.0
14806,4,208,0.05589399114251137,194.0,2211.0
14146,14,714,0.005862847436219454,195.0,1670.0
14140,36,1805,0.017738433554768562,196.0,1122.0
16266,242,12119,0.16269060969352722,197.0,563.0
16387,91,4590,0.004619414918124676,198.0,2057.0
16387,155,7774,0.03672816976904869,199.0,1737.0
17352,312,15602,0.06035840883851051,200.0,2729.0
16040,67,3385,0.03380103409290314,201.0,987.0
16978,476,23807,0.04527663439512253,202.0,4023.0
14642,73,3664,0.09882652014493942,203.0,825.0
14878,156,7832,0.13457749783992767,204.0,2285.0
15528,174,8747,0.027279872447252274,205.0,823.0
17332,32,1616,0.10425826907157898,206.0,3206.0
15828,69,3496,0.0016362648457288742,207.0,223.0
15689,18,917,0.008483858779072762,208.0,254.0
15053,137,6895,0.059193626046180725,209.0,1303.0
14695,15,778,0.28915083408355713,210.0,2736.0
14196,61,3077,0.017742272466421127,211.0,766.0
14270,223,11163,0.0010488573461771011,212.0,641.0
14609,203,10195,0.0052227783016860485,213.0,4459.0
15330,18,912,0.010992420837283134,214.0,1494.0
14768,63,3178,0.053287096321582794,215.0,3356.0
14643,268,13431,0.043787598609924316,216.0,2516.0
17488,256,12849,0.4898218810558319,217.0,791.0
16834,63,3193,0.010704311542212963,218.0,1015.0
14216,49,2496,0.005647781305015087,219.0,1697.0
16091,46,2304,0.0111890509724617,220.0,548.0
16091,56,2847,0.06694149225950241,221.0,1385.0
14259,110,5515,0.003883532015606761,222.0,2366.0
14874,226,11344,0.06008252128958702,223.0,2401.0
16878,86,4340,0.015877626836299896,224.0,1797.0
16878,193,9665,0.030591877177357674,225.0,3389.0
16298,79,3986,0.0008629192598164082,226.0,526.0
14801,256,12836,0.22865422070026398,227.0,1646.0
15462,24,1226,0.11991266161203384,228.0,1898.0
16382,0,18,0.06269662827253342,229.0,2827.0
16382,11,565,0.017110640183091164,230.0,1432.0
16382,16,836,0.003937370143830776,231.0,1415.0
14719,3,184,0.22523775696754456,232.0,1588.0
14938,216,10809,0.059471242129802704,233.0,222.0
16962,11,592,0.029664291068911552,234.0,774.0
14610,300,15008,0.12205767631530762,235.0,3004.0
15689,114,5741,0.03902008756995201,236.0,808.0
14873,305,15283,0.46066978573799133,237.0,802.0
14942,44,2208,0.006772277411073446,238.0,627.0
17467,101,5093,0.048150405287742615,239.0,3542.0
15292,41,2075,0.028623180463910103,240.0,1268.0
15457,199,9958,0.018641924485564232,241.0,2458.0
15799,272,13631,0.05751432478427887,242.0,2799.0
15783,316,15802,0.03208013251423836,243.0,1562.0
16312,68,3442,0.34127524495124817,244.0,4125.0
16125,30,1543,0.22498466074466705,245.0,233.0
14277,174,8744,0.010496655479073524,246.0,386.0
14277,197,9859,0.043419282883405685,247.0,1024.0
16666,104,5224,0.1617584228515625,248.0,3566.0
15875,35,1774,0.02995164319872856,249.0,2726.0
15859,87,4368,0.04497235268354416,250.0,1580.0
14149,9,453,0.013635226525366306,251.0,943.0
14149,9,483,0.006098385900259018,252.0,1789.0
14149,134,6733,0.003132796613499522,253.0,596.0
14877,187,9359,0.06813444197177887,254.0,1749.0
14315,4,231,0.0020909621380269527,255.0,2340.0
14329,36,1839,0.033540334552526474,256.0,1737.0
14802,80,4010,0.2405366599559784,257.0,2279.0
16831,40,2037,0.04069628566503525,258.0,1152.0
14543,296,14847,0.056826166808605194,259.0,1624.0
14784,56,2807,0.019863415509462357,260.0,3024.0
15128,2,136,0.004610782023519278,261.0,858.0
16963,113,5652,0.00311458483338356,262.0,469.0
14393,25,1288,0.10800538212060928,263.0,1612.0
14795,27,1392,0.06331580132246017,264.0,392.0
17524,90,4517,0.3153756260871887,265.0,468.0
17536,3,152,0.000961739628110081,266.0,264.0
14124,242,12113,0.017500421032309532,267.0,2431.0
14544,279,13986,0.022486397996544838,268.0,1628.0
17057,78,3950,0.043393563479185104,269.0,1532.0
16144,150,7525,0.20567633211612701,270.0,2763.0
14919,53,2690,0.024979734793305397,271.0,678.0
16739,26,1330,0.005232500843703747,272.0,556.0
14760,30,1537,0.5482564568519592,273.0,772.0
17109,142,7118,0.33761540055274963,274.0,217.0
17111,168,8442,0.16817528009414673,275.0,1148.0
15290,4,236,0.023966539651155472,276.0,1146.0
17522,65,3258,0.13995514810085297,277.0,2010.0
14798,12,608,0.022855769842863083,278.0,1081.0
14798,46,2303,0.03869890794157982,279.0,433.0
17479,11,557,0.062302183359861374,280.0,2541.0
14401,143,7184,0.31278353929519653,281.0,498.0
14682,1,68,0.34000977873802185,282.0,907.0
14682,73,3699,0.010914051905274391,283.0,8010.0
15273,62,3128,0.01743951067328453,284.0,1351.0
14902,74,3734,0.015650810673832893,285.0,3585.0
14902,189,9464,0.004816822241991758,286.0,506.0
14212,189,9479,0.6783156991004944,287.0,1824.0
14722,69,3453,0.012386001646518707,288.0,628.0
14722,69,3484,0.01754368096590042,289.0,2103.0
17505,53,2698,0.003348895348608494,290.0,2925.0
16731,350,17526,0.011915644630789757,291.0,99.0
14427,165,8265,0.03741784021258354,292.0,1289.0
14427,165,8284,0.10786966979503632,293.0,2842.0
15960,463,23170,0.04234978184103966,294.0,1762.0
15923,85,4297,0.00926678255200386,295.0,2986.0
14271,102,5127,0.011751165613532066,296.0,1752.0
16161,50,2531,0.01209069974720478,297.0,1502.0
14401,219,10980,0.013806663453578949,298.0,1779.0
14912,142,7108,0.008119960315525532,299.0,241.0
14916,77,3851,0.05059995874762535,300.0,2536.0
16996,10,516,0.0061769429594278336,301.0,575.0
16963,95,4784,0.05376700684428215,302.0,1161.0
16088,71,3570,0.006569012068212032,303.0,1918.0
16067,106,5335,0.5571098923683167,304.0,1397.0
16199,43,2199,0.5241400599479675,305.0,1461.0
16199,50,2548,0.09789765626192093,306.0,864.0
16883,101,5082,0.01178265642374754,307.0,314.0
14743,119,5985,0.10801994800567627,308.0,2370.0
16122,283,14170,0.000865945010446012,309.0,702.0
14436,159,7993,0.0017705037025734782,310.0,1626.0
14206,92,4609,0.09637004882097244,311.0,810.0
16352,475,23783,0.013154173269867897,312.0,5294.0
14798,29,1466,0.05580028519034386,313.0,1153.0
16685,59,2984,0.01867901347577572,314.0,1309.0
16125,222,11135,0.002072638599202037,315.0,1409.0
14243,89,4476,0.07639627158641815,316.0,288.0
15872,4,238,0.0464945025742054,317.0,73.0
16874,433,21688,0.15117356181144714,318.0,1653.0
17312,108,5435,0.08878356218338013,319.0,2590.0
17194,70,3534,0.04838331788778305,320.0,675.0
16470,23,1186,0.047586239874362946,321.0,1649.0
14425,124,6218,0.010997175239026546,322.0,267.0
16683,30,1526,0.0026277005672454834,323.0,585.0
16441,53,2665,0.555412769317627,324.0,3264.0
16134,259,12960,0.08458121120929718,325.0,623.0
16340,28,1433,0.0040573482401669025,326.0,1575.0
14452,48,2401,0.08657950162887573,327.0,926.0
14452,48,2437,0.010460064746439457,328.0,339.0
14989,86,4311,0.08750095963478088,329.0,2330.0
16978,105,5261,0.04376601427793503,330.0,1509.0
16978,105,5286,0.2690160870552063,331.0,5136.0
16978,359,17962,0.08307855576276779,332.0,2233.0
16446,88,4401,0.00893089547753334,333.0,1188.0
16378,35,1755,0.021752052009105682,334.0,1416.0
16826,149,7489,0.005881673656404018,335.0,820.0
16685,50,2525,0.002757570007815957,336.0,1419.0
16323,26,1310,0.019679266959428787,337.0,603.0
15111,207,10396,0.0300102811306715,338.0,177.0
15900,18,920,0.3390640914440155,339.0,1770.0
17356,11,575,0.0017190342769026756,340.0,271.0
14418,13,655,0.002623100997880101,341.0,730.0
15975,22,1120,0.024603096768260002,342.0,2176.0
14401,145,7272,0.015872174873948097,343.0,2426.0
17491,23,1175,0.558128833770752,344.0,783.0
17240,255,12786,0.030199067667126656,345.0,448.0
15006,10,528,0.9915229082107544,346.0,1902.0
16949,127,6357,0.08244406431913376,347.0,3081.0
16432,39,1986,0.0022196483332663774,348.0,511.0
16432,64,3244,0.0013014123542234302,349.0,450.0
14983,2,113,0.032713185995817184,350.0,2813.0
15946,58,2915,0.0547076016664505,351.0,546.0
17055,295,14788,0.15175789594650269,352.0,1113.0
15683,20,1026,0.024951666593551636,353.0,1033.0
14716,85,4260,0.03521226719021797,354.0,2579.0
14985,22,1140,0.01015279907733202,355.0,1962.0
17556,66,3337,0.0031687761656939983,356.0,1819.0
15529,240,12050,0.6378456354141235,357.0,5266.0
14279,297,14874,0.06405758112668991,358.0,808.0
16817,23,1198,0.01011031586676836,359.0,176.0
14936,2,129,0.2830977737903595,360.0,1688.0
14202,38,1917,0.03446920961141586,361.0,1321.0
17125,16,843,0.004961211699992418,362.0,1576.0
17125,49,2469,0.015618103556334972,363.0,2406.0
17043,109,5486,0.01500820554792881,364.0,1376.0
17228,49,2470,0.03577844053506851,365.0,892.0
17228,49,2490,0.00879440363496542,366.0,2573.0
17228,51,2599,0.056620121002197266,367.0,1685.0
15878,17,860,0.40107083320617676,368.0,2035.0
14805,149,7460,0.06402554363012314,369.0,1208.0
16063,144,7236,0.031793128699064255,370.0,1529.0
15273,83,4163,0.11799897998571396,371.0,2396.0
15273,166,8337,0.0007702869479544461,372.0,720.0
14383,33,1682,0.5346208214759827,373.0,545.0
14425,7,377,0.07615704834461212,374.0,1987.0
14425,162,8149,0.026583779603242874,375.0,1275.0
14712,118,5917,0.9684026837348938,376.0,4295.0
15246,74,3717,0.041272424161434174,377.0,465.0
14556,77,3883,0.0352148562669754,378.0,1509.0
15422,112,5649,0.07803681492805481,379.0,2093.0
16935,82,4147,0.01675439439713955,380.0,950.0
15801,108,5448,0.005394559353590012,381.0,564.0
17532,11,597,0.04280337691307068,382.0,1582.0
15093,15,776,0.016056153923273087,383.0,2656.0
15093,15,786,0.0030570870731025934,384.0,971.0
16453,130,6518,0.10554669052362442,385.0,4804.0
16453,254,12723,0.006867649964988232,386.0,2162.0
16584,27,1397,0.013325003907084465,387.0,1769.0
15489,156,7810,0.010930103249847889,388.0,413.0
17517,176,8848,0.0035292627289891243,389.0,968.0
14526,148,7415,0.06156661733984947,390.0,609.0
17056,198,9933,0.006285126321017742,391.0,1193.0
16394,21,1092,0.08137089014053345,392.0,2544.0
16225,90,4533,0.02645692229270935,393.0,2230.0
16847,42,2145,0.6667665839195251,394.0,1027.0
16776,186,9305,0.016290506348013878,395.0,4736.0
16776,186,9337,0.01885475032031536,396.0,1289.0
14392,190,9520,0.07429748773574829,397.0,1400.0
14463,20,1028,0.3266311585903168,398.0,1990.0
16584,63,3168,0.010208635590970516,399.0,1092.0
16724,110,5540,0.040518004447221756,400.0,817.0
15264,134,6741,0.004303717520087957,401.0,183.0
14463,12,620,0.26055994629859924,402.0,3337.0
14463,169,8460,0.01129337027668953,403.0,4690.0
15516,94,4715,0.024456823244690895,404.0,3271.0
14556,304,15224,0.02970253862440586,405.0,300.0
17534,132,6622,0.02966846525669098,406.0,1479.0
16992,39,1969,0.03012850135564804,407.0,151.0
16992,59,2956,0.07585880160331726,408.0,2495.0
14257,195,9792,0.0070480769500136375,409.0,932.0
15355,44,2212,0.14390085637569427,410.0,2128.0
15355,44,2226,0.05165740102529526,411.0,1543.0
16301,81,4065,0.09480985999107361,412.0,1304.0
16301,135,6789,0.023288335651159286,413.0,1900.0
15061,153,7663,0.007919554598629475,414.0,754.0
15061,153,7664,0.004873262252658606,415.0,3021.0
16290,76,3825,0.0021411485504359007,416.0,1424.0
14884,24,1207,0.22141990065574646,417.0,2313.0
17193,33,1677,0.01327331829816103,418.0,1778.0
17137,104,5229,0.0031970308627933264,419.0,1471.0
17523,32,1628,0.001803876250050962,420.0,950.0
16117,82,4140,0.016227418556809425,421.0,679.0
16888,465,23271,0.09454295784235,422.0,1008.0
15410,42,2141,0.0031849669758230448,423.0,1276.0
15967,46,2338,0.0038422902580350637,424.0,1300.0
17391,17,879,0.00726667745038867,425.0,1335.0
14924,182,9111,0.02263091877102852,426.0,803.0
16952,34,1718,0.015328585170209408,427.0,3124.0
14358,50,2550,0.008409318514168262,428.0,96.0
16994,245,12252,0.03895208239555359,429.0,2944.0
16222,81,4082,0.08036373555660248,430.0,1462.0
17004,236,11822,0.350852370262146,431.0,898.0
15496,59,2974,0.007471618242561817,432.0,824.0
17114,88,4424,0.0050465441308915615,433.0,678.0
14451,7,359,0.019673366099596024,434.0,1335.0
15486,181,9073,0.03918911889195442,435.0,2742.0
17023,235,11796,0.13428208231925964,436.0,1033.0
17504,31,1575,0.021263927221298218,437.0,954.0
17504,31,1596,0.1968226432800293,438.0,1037.0
14611,3,163,0.059240035712718964,439.0,335.0
16536,3,184,0.03148728609085083,440.0,2763.0
16536,94,4743,0.0014931941404938698,441.0,2879.0
14569,47,2391,0.03453723341226578,442.0,382.0
16858,64,3203,0.0029578995890915394,443.0,1284.0
16858,105,5276,0.020585378631949425,444.0,2505.0
17453,45,2300,0.1795671433210373,445.0,1360.0
14558,252,12634,0.010418770834803581,446.0,2430.0
16720,105,5253,0.028083238750696182,447.0,522.0
15479,222,11108,0.11749651283025742,448.0,2060.0
15927,89,4482,0.018454313278198242,449.0,228.0
15133,11,589,0.025128889828920364,450.0,2493.0
15133,20,1036,0.0027138430159538984,451.0,1055.0
17506,2,114,0.01851607859134674,452.0,977.0
15923,309,15467,0.4795638620853424,453.0,1640.0
15504,18,936,0.0028611081652343273,454.0,1435.0
17494,74,3707,0.005372443236410618,455.0,1840.0
16962,135,6782,0.0038068152498453856,456.0,152.0
14816,148,7446,0.006381755694746971,457.0,620.0
16595,5,282,0.0035336879082024097,458.0,830.0
15590,316,15808,0.06781965494155884,459.0,1754.0
15960,88,4408,0.014750294387340546,460.0,1358.0
16683,45,2295,0.48616522550582886,461.0,2885.0
14452,70,3508,0.006130719557404518,462.0,619.0
14452,119,5990,0.026646971702575684,463.0,642.0
17195,116,5818,0.045594699680805206,464.0,971.0
17458,132,6615,0.008415818214416504,465.0,1084.0
14549,84,4240,0.8053914904594421,466.0,1950.0
14965,132,6606,0.00977095402777195,467.0,3882.0
14369,116,5836,0.026679348200559616,468.0,784.0
16685,156,7837,0.0006672712625004351,469.0,851.0
14261,22,1117,0.029506981372833252,470.0,172.0
16038,95,4782,0.004346391651779413,471.0,1094.0
14556,22,1105,0.006090526469051838,472.0,2781.0
14888,23,1155,0.006610972806811333,473.0,2576.0
16453,230,11550,0.03955033794045448,474.0,5410.0
15949,25,1282,0.27841970324516296,475.0,2319.0
16008,169,8482,0.0015374771319329739,476.0,460.0
14866,10,508,0.019732728600502014,477.0,1065.0
14291,102,5105,0.13071995973587036,478.0,1581.0
14291,161,8075,0.08497916162014008,479.0,2822.0
14291,161,8094,0.056790683418512344,480.0,492.0
14945,10,534,0.03825973719358444,481.0,1860.0
14945,24,1248,0.002477126894518733,482.0,369.0
14410,105,5271,0.01064379047602415,483.0,5792.0
14878,121,6094,0.017139680683612823,484.0,828.0
16888,88,4417,0.1946970820426941,485.0,1030.0
16080,48,2425,0.0761297270655632,486.0,3879.0
16087,23,1161,0.0141216441988945,487.0,3710.0
14917,39,1962,0.10636312514543533,488.0,3744.0
14702,1,69,0.0076571921817958355,489.0,1460.0
14134,240,12013,0.04812237620353699,490.0,2415.0
14134,256,12847,0.004818083718419075,491.0,2021.0
15227,37,1858,0.001083075301721692,492.0,1772.0
16843,3,158,0.18265599012374878,493.0,2233.0
14814,144,7207,0.05282580852508545,494.0,1487.0
14998,199,9962,0.22807598114013672,495.0,752.0
14998,204,10203,0.0144798057153821,496.0,2375.0
14468,0,42,0.003929116763174534,497.0,3826.0
16524,380,19018,0.06066489592194557,498.0,1403.0
14392,166,8344,0.08978553861379623,499.0,496.0
16919,129,6451,0.10333580523729324,500.0,95.0
16919,486,24302,0.12065207958221436,501.0,2283.0
14721,87,4356,0.030350998044013977,502.0,3494.0
14418,98,4946,0.40304577350616455,503.0,248.0
14149,100,5050,0.0008269365644082427,504.0,599.0
14149,201,10068,0.008627982810139656,505.0,861.0
16889,133,6682,0.004088768269866705,506.0,399.0
16210,29,1493,0.23934274911880493,507.0,2154.0
17494,192,9613,0.006147055421024561,508.0,2100.0
15588,21,1070,0.002742250682786107,509.0,77.0
15588,21,1098,0.3134259581565857,510.0,659.0
14250,48,2438,0.19168245792388916,511.0,1124.0
14642,55,2763,0.5334717035293579,512.0,1914.0
14642,85,4285,0.034711673855781555,513.0,2598.0
14902,0,29,0.0021042670123279095,514.0,1155.0
16588,59,2982,0.010123303160071373,515.0,1399.0
17205,210,10505,0.13463075459003448,516.0,772.0
14376,81,4072,0.00016294974193442613,517.0,1447.0
14272,40,2045,0.037719886749982834,518.0,3331.0
17287,5,283,0.02598084695637226,519.0,602.0
16835,52,2611,0.44155755639076233,520.0,669.0
16191,27,1376,0.009040351957082748,521.0,1725.0
15466,29,1480,0.01738835498690605,522.0,2569.0
16021,9,453,0.008334359154105186,523.0,1230.0
15228,18,907,0.004916021134704351,524.0,1999.0
16970,80,4043,0.05441867187619209,525.0,360.0
16970,116,5814,0.0029309093952178955,526.0,861.0
16340,290,14545,0.08194299787282944,527.0,2193.0
14279,272,13602,0.4290710985660553,528.0,492.0
15517,108,5447,0.010820739902555943,529.0,3159.0
16188,72,3608,0.0018935519037768245,530.0,1361.0
15254,130,6546,0.039498887956142426,531.0,1082.0
14725,107,5357,0.0005780032952316105,532.0,1628.0
14725,144,7246,0.10087230801582336,533.0,1936.0
16301,160,8038,0.004864921327680349,534.0,1665.0
17208,105,5286,0.0383504256606102,535.0,1572.0
15361,38,1914,0.015530936419963837,536.0,578.0
15783,81,4093,0.12018903344869614,537.0,1072.0
15136,3,155,0.024444952607154846,538.0,212.0
16428,133,6682,0.003931536339223385,539.0,847.0
17303,4,233,0.005538425408303738,540.0,1277.0
16203,33,1656,0.08616024255752563,541.0,1463.0
15925,4,222,0.028812674805521965,542.0,1628.0
14749,294,14732,0.13442081212997437,543.0,2593.0
15590,318,15936,0.24358436465263367,544.0,1216.0
15877,124,6207,0.00018600428302306682,545.0,659.0
16312,20,1042,0.05216924846172333,546.0,3890.0
16312,89,4462,0.36249154806137085,547.0,701.0
14903,222,11116,0.0042310734279453754,548.0,438.0
14644,26,1313,0.038064226508140564,549.0,393.0
14644,50,2543,0.9154785871505737,550.0,1269.0
15291,24,1212,0.047641344368457794,551.0,3532.0
15291,305,15279,0.014000775292515755,552.0,586.0
16298,53,2655,0.03281319513916969,553.0,635.0
17055,447,22394,0.0024941391311585903,554.0,1914.0
14274,61,3082,0.002911760238930583,555.0,326.0
14545,117,5865,0.02525886707007885,556.0,2056.0
14541,202,10122,0.0094037726521492,557.0,4025.0
14464,117,5876,0.06785047799348831,558.0,1246.0
16420,41,2051,0.001280961325392127,559.0,4125.0
16994,129,6455,0.003633427433669567,560.0,1652.0
17361,346,17337,0.030294356867671013,561.0,4994.0
16173,208,10449,0.2353237420320511,562.0,4455.0
17451,58,2912,0.011574546806514263,563.0,1185.0
14802,32,1617,0.023157315328717232,564.0,122.0
15160,73,3676,0.0032274217810481787,565.0,1337.0
16731,317,15857,0.17583364248275757,566.0,947.0
14455,172,8601,0.02383858524262905,567.0,16.0
16405,11,590,0.1437799483537674,568.0,321.0
16458,15,797,0.037378761917352676,569.0,2129.0
14356,45,2278,0.002769334940239787,570.0,859.0
16934,106,5350,0.006511400919407606,571.0,844.0
14410,235,11775,0.007669198326766491,572.0,2387.0
15426,102,5108,0.06001975014805794,573.0,999.0
15403,107,5370,0.00876693893224001,574.0,576.0
15403,114,5724,0.013070698827505112,575.0,589.0
15727,12,634,0.0018574752612039447,576.0,2073.0
15774,343,17170,0.027989299967885017,577.0,776.0
16633,5,255,0.04740273952484131,578.0,331.0
16633,8,410,0.04290735721588135,579.0,6240.0
16121,47,2362,0.01238141767680645,580.0,1668.0
17524,307,15387,0.0037441111635416746,581.0,1402.0
14773,8,402,0.029055876657366753,582.0,1208.0
15954,327,16364,0.002475202549248934,583.0,3055.0
14261,12,617,0.03266744315624237,584.0,1825.0
17524,268,13422,0.8490081429481506,585.0,190.0
15989,373,18696,0.014135850593447685,586.0,1813.0
14159,127,6377,0.01843447797000408,587.0,2267.0
14246,58,2931,0.05575377866625786,588.0,2763.0
16428,226,11328,0.04098278284072876,589.0,2489.0
16340,251,12558,0.02044113539159298,590.0,196.0
14819,3,158,0.005346333142369986,591.0,797.0
15106,192,9603,0.004818497691303492,592.0,1491.0
17497,223,11176,0.7966101765632629,593.0,3217.0
14153,32,1623,0.044596876949071884,594.0,1061.0
14807,201,10081,0.0004272645164746791,595.0,1894.0
14644,224,11234,0.0036242660135030746,596.0,2353.0
14816,13,682,0.001898161950521171,597.0,778.0
16776,192,9601,0.0027329816948622465,598.0,361.0
16786,24,1223,0.014051665551960468,599.0,600.0
16888,368,18410,0.08262432366609573,600.0,3361.0
14548,98,4919,0.5492346286773682,601.0,1183.0
15593,42,2112,0.0693860724568367,602.0,535.0
15053,11,558,0.8127818703651428,603.0,1546.0
15877,61,3074,0.11299177259206772,604.0,2160.0
15877,189,9491,0.01041692215949297,605.0,740.0
16634,13,690,0.06215066835284233,606.0,4003.0
16199,234,11710,0.03143782913684845,607.0,2902.0
14521,22,1137,0.06405649334192276,608.0,4929.0
14512,4,203,0.27629467844963074,609.0,631.0
14921,37,1896,0.007920859381556511,610.0,1306.0
16509,6,319,0.0010564463445916772,611.0,2028.0
14556,255,12796,0.03149962052702904,612.0,1906.0
16219,211,10565,0.0012706781271845102,613.0,1044.0
16219,224,11214,0.036503322422504425,614.0,1782.0
14893,159,7999,0.1762533336877823,615.0,2137.0
14626,229,11463,0.05409768596291542,616.0,454.0
14805,240,12031,0.047057922929525375,617.0,649.0
14888,185,9251,0.3394591808319092,618.0,1861.0
16685,29,1481,0.0006304095732048154,619.0,523.0
15859,348,17411,0.004227462224662304,620.0,1164.0
14716,71,3552,0.18577368557453156,621.0,359.0
14347,64,3219,0.03248155862092972,622.0,190.0
15135,4,217,0.017906541004776955,623.0,1834.0
16668,88,4444,0.04644618183374405,624.0,2238.0
14818,116,5823,0.47992032766342163,625.0,145.0
17535,16,811,0.005544564221054316,626.0,574.0
17055,332,16612,0.0062911598943173885,627.0,1462.0
16107,18,908,0.1524561643600464,628.0,3405.0
15478,356,17811,0.5317122340202332,629.0,1180.0
16826,202,10129,0.019753472879529,630.0,832.0
15987,51,2553,0.005883341189473867,631.0,1773.0
16078,14,701,0.004650322254747152,632.0,1905.0
14914,179,8955,0.0013338710414245725,633.0,5383.0
14914,205,10296,0.02322865091264248,634.0,1042.0
14544,121,6091,0.06171727553009987,635.0,820.0
16117,7,374,0.0176413394510746,636.0,3003.0
16117,51,2592,0.021672189235687256,637.0,2973.0
17419,68,3438,0.23803550004959106,638.0,3893.0
14218,2,136,0.023031780496239662,639.0,1581.0
14772,256,12850,0.08274836093187332,640.0,2198.0
14219,18,908,0.004345887806266546,641.0,1502.0
14790,37,1865,0.25613197684288025,642.0,2400.0
14790,70,3532,0.10394563525915146,643.0,2357.0
14796,72,3647,0.00849269237369299,644.0,1033.0
14796,105,5253,0.7754199504852295,645.0,739.0
14760,131,6575,0.0009194287704303861,646.0,1181.0
17271,88,4445,0.013703242875635624,647.0,3440.0
16826,352,17648,0.050298482179641724,648.0,1676.0
16890,79,3975,0.054490674287080765,649.0,680.0
17560,57,2859,0.018319781869649887,650.0,774.0
14770,106,5307,0.12373726069927216,651.0,172.0
17305,10,515,0.04656275361776352,652.0,1467.0
16169,25,1264,0.130386620759964,653.0,301.0
14878,186,9332,0.04397260397672653,654.0,330.0
17027,21,1095,0.006800220347940922,655.0,1113.0
14875,4,238,0.004810524173080921,656.0,462.0
14805,37,1857,0.019144002348184586,657.0,2638.0
14644,81,4094,0.007609268184751272,658.0,1675.0
15589,223,11169,0.003652361687272787,659.0,2362.0
16935,187,9371,0.0023828446865081787,660.0,424.0
16744,260,13030,0.025140224024653435,661.0,932.0
16744,270,13520,0.008623737841844559,662.0,1980.0
16685,146,7338,0.7567572593688965,663.0,4664.0
15073,142,7148,0.020547056570649147,664.0,1198.0
17313,150,7509,0.003310228930786252,665.0,847.0
15390,6,337,0.0921591967344284,666.0,2188.0
16172,208,10411,0.0015626439126208425,667.0,2377.0
16172,444,22212,0.04297354817390442,668.0,751.0
14410,68,3427,0.019972197711467743,669.0,932.0
14410,214,10745,0.004225838929414749,670.0,883.0
15500,49,2478,0.009585489518940449,671.0,2156.0
17371,87,4377,0.1990896612405777,672.0,1169.0
14223,140,7027,0.052554335445165634,673.0,1459.0
14223,183,9168,0.016963055357336998,674.0,1229.0
15099,54,2737,0.017197376117110252,675.0,1986.0
15099,144,7216,0.004539851564913988,676.0,2093.0
16994,243,12179,0.0014643436297774315,677.0,1021.0
17458,3,182,0.0012890888610854745,678.0,1603.0
17458,114,5718,0.009723763912916183,679.0,390.0
14327,35,1769,0.04138568416237831,680.0,274.0
15588,216,10803,0.0009485308546572924,681.0,1222.0
14891,128,6438,0.02181571163237095,682.0,729.0
17260,31,1574,0.006838513072580099,683.0,2311.0
15500,120,6018,0.04338916018605232,684.0,2480.0
16904,3,166,0.0041346135549247265,685.0,552.0
15054,14,707,0.03683019429445267,686.0,526.0
15961,85,4287,0.04538266733288765,687.0,1338.0
15099,47,2389,0.005754644982516766,688.0,857.0
17268,5,295,0.011102374643087387,689.0,431.0
16386,8,443,0.016112683340907097,690.0,1624.0
15061,46,2308,0.037909649312496185,691.0,1531.0
15762,214,10744,0.05970906838774681,692.0,1222.0
16310,323,16194,0.14536848664283752,693.0,1470.0
16466,100,5013,0.013554629869759083,694.0,524.0
16960,226,11346,0.04856271669268608,695.0,1459.0
14271,166,8323,0.9941070079803467,696.0,1197.0
16071,11,598,0.7389591932296753,697.0,1304.0
16071,80,4048,0.031423430889844894,698.0,670.0
14445,14,731,0.00877244770526886,699.0,1684.0
14541,38,1927,0.017339536920189857,700.0,22.0
15966,98,4931,0.017680061981081963,701.0,515.0
15966,379,18963,0.018402064219117165,702.0,1566.0
15061,232,11643,0.001922099618241191,703.0,4765.0
14812,300,15046,0.00788474828004837,704.0,3221.0
14886,2,125,0.008812245912849903,705.0,1794.0
14886,32,1611,0.4531475305557251,706.0,650.0
15398,372,18606,0.056222327053546906,707.0,1093.0
15160,39,1974,0.0028202622197568417,708.0,1193.0
14789,130,6524,0.04169917851686478,709.0,294.0
14789,138,6929,0.003252752823755145,710.0,1822.0
14899,58,2947,0.011461890302598476,711.0,1203.0
14976,12,639,0.045813027769327164,712.0,719.0
17139,39,1981,0.05333069711923599,713.0,1097.0
15377,92,4632,0.014847842045128345,714.0,331.0
15009,0,35,0.004919115453958511,715.0,241.0
15009,29,1497,0.01579359360039234,716.0,1019.0
14133,0,34,0.0012457133270800114,717.0,608.0
14138,68,3421,0.0313352532684803,718.0,2013.0
17534,136,6832,0.0037092790007591248,719.0,644.0
14985,99,4953,0.011485762894153595,720.0,1785.0
15591,150,7515,0.007976497523486614,721.0,2209.0
17309,89,4454,0.0034799815621227026,722.0,1776.0
15031,17,866,0.014388489536941051,723.0,623.0
17505,144,7216,0.005144442897289991,724.0,1597.0
16877,116,5838,0.08027668297290802,725.0,979.0
14452,51,2580,0.026085441932082176,726.0,2620.0
15422,144,7210,0.026508131995797157,727.0,961.0
14807,301,15071,0.005003076978027821,728.0,1195.0
14644,132,6636,0.037662457674741745,729.0,1262.0
14644,179,8993,0.013140995055437088,730.0,1698.0
14538,35,1789,0.013427969999611378,731.0,1610.0
16856,46,2337,0.0222378671169281,732.0,413.0
14631,36,1807,0.19845157861709595,733.0,2847.0
16094,187,9356,0.06966399401426315,734.0,1684.0
15297,7,379,0.020408401265740395,735.0,1529.0
14772,18,912,0.022538943216204643,736.0,1568.0
14772,124,6232,0.07132101058959961,737.0,1610.0
16341,311,15581,0.004596814978867769,738.0,734.0
16341,410,20536,0.3423738181591034,739.0,1379.0
14368,47,2374,0.05323479697108269,740.0,1180.0
14436,55,2761,0.008688281290233135,741.0,2672.0
14293,223,11152,0.0022766210604459047,742.0,2185.0
14293,223,11190,0.08483006805181503,743.0,1436.0
16437,258,12912,0.020726600661873817,744.0,1262.0
16849,192,9610,0.01166967861354351,745.0,2378.0
14792,2,130,0.03947651386260986,746.0,533.0
14900,26,1318,0.0010504868114367127,747.0,2158.0
16466,18,919,0.0004323344328440726,748.0,979.0
15415,21,1083,0.009318809024989605,749.0,2200.0
15415,21,1086,0.01216764748096466,750.0,1393.0
17488,304,15244,0.007878413423895836,751.0,3006.0
14797,28,1423,0.006379467900842428,752.0,1243.0
15883,12,618,0.0052722482942044735,753.0,1610.0
15160,175,8775,0.02897721529006958,754.0,3538.0
15160,370,18511,0.010104394517838955,755.0,605.0
17132,92,4645,0.053527411073446274,756.0,755.0
16469,38,1943,0.06441159546375275,757.0,857.0
15528,175,8800,0.04894397035241127,758.0,1439.0
14654,86,4316,0.011780995875597,759.0,1612.0
16199,313,15686,0.012900923378765583,760.0,2039.0
17482,118,5948,0.02904210239648819,761.0,2692.0
16993,176,8820,0.002903360640630126,762.0,2696.0
14216,53,2668,0.04229868948459625,763.0,1262.0
17004,235,11752,0.046086929738521576,764.0,865.0
15466,147,7372,0.03502349182963371,765.0,859.0
14269,149,7495,0.09425315260887146,766.0,1295.0
15415,94,4710,0.003537931479513645,767.0,452.0
14553,170,8521,0.10811816155910492,768.0,3253.0
14117,30,1511,0.10566253960132599,769.0,2428.0
14117,39,1989,0.07428337633609772,770.0,212.0
14641,141,7099,0.010937992483377457,771.0,2146.0
14807,63,3173,0.2851555347442627,772.0,1589.0
14558,118,5946,0.005391249433159828,773.0,1819.0
16666,97,4876,0.021572278812527657,774.0,454.0
15528,210,10546,0.8356618881225586,775.0,2531.0
16793,27,1364,0.002703272271901369,776.0,3513.0
14537,117,5860,0.060123901814222336,777.0,344.0
14758,193,9678,0.0028500137850642204,778.0,686.0
15677,84,4236,0.5447589755058289,779.0,3208.0
17457,75,3754,0.043220702558755875,780.0,1638.0
15282,96,4843,0.0128517160192132,781.0,2327.0
16867,30,1538,0.05651354789733887,782.0,2408.0
17083,47,2393,0.02132822573184967,783.0,1346.0
14881,119,5973,0.08340894430875778,784.0,1497.0
16023,212,10643,0.05467764660716057,785.0,1564.0
15780,40,2027,0.23845769464969635,786.0,1218.0
15502,82,4113,0.007150855381041765,787.0,477.0
14597,136,6838,0.21229802072048187,788.0,3527.0
16551,194,9746,0.2109042853116989,789.0,2387.0
15236,0,29,0.25706589221954346,790.0,1563.0
15236,110,5505,0.17140455543994904,791.0,2128.0
14715,27,1372,0.08577961474657059,792.0,1212.0
15279,133,6696,0.0046155573800206184,793.0,726.0
17522,112,5607,0.005057965405285358,794.0,3288.0
14756,71,3554,0.03961673751473427,795.0,1367.0
14564,127,6397,0.003828240791335702,796.0,1125.0
17210,124,6226,0.12284371256828308,797.0,510.0
17218,36,1801,0.038578543812036514,798.0,1600.0
16158,288,14446,0.25063690543174744,799.0,1127.0
17352,30,1522,0.14713303744792938,800.0,727.0
17036,154,7750,0.01863769441843033,801.0,513.0
16727,217,10883,0.05276023596525192,802.0,1025.0
17001,33,1661,0.012537870556116104,803.0,1505.0
17001,48,2401,0.2204737514257431,804.0,1392.0
14227,116,5835,0.0009421603172086179,805.0,1287.0
17137,66,3344,0.0459829606115818,806.0,2082.0
14667,93,4664,0.007536162622272968,807.0,4778.0
14427,37,1890,0.10167138278484344,808.0,2515.0
17313,136,6831,0.1347482055425644,809.0,1724.0
17373,100,5046,0.012239101342856884,810.0,436.0
17506,77,3865,0.0563935711979866,811.0,1462.0
15528,202,10117,0.00600077398121357,812.0,704.0
15528,205,10276,0.0025077953469008207,813.0,1014.0
15133,67,3378,0.040917444974184036,814.0,602.0
14924,213,10689,0.16716086864471436,815.0,1942.0
16058,221,11083,0.06244765222072601,816.0,607.0
14878,94,4750,0.009339842945337296,817.0,2172.0
16144,57,2882,0.02815377339720726,818.0,6892.0
14207,41,2085,0.025828693062067032,819.0,465.0
16337,1,93,0.006679385434836149,820.0,1319.0
14410,7,399,0.007991951890289783,821.0,2634.0
14290,119,5967,0.412307471036911,822.0,1356.0
14157,31,1593,0.01021048054099083,823.0,1300.0
15351,51,2580,0.1671958565711975,824.0,2032.0
14805,297,14892,0.16713674366474152,825.0,2482.0
15961,334,16706,0.0007944699609652162,826.0,3036.0
15478,264,13240,0.01349420752376318,827.0,1573.0
17126,145,7258,0.008788815699517727,828.0,2610.0
16761,104,5247,0.009969376027584076,829.0,3990.0
15757,0,38,0.05667326599359512,830.0,2080.0
14771,262,13118,0.0624099038541317,831.0,4514.0
14771,262,13146,0.007592413108795881,832.0,1872.0
14338,279,13985,0.039106037467718124,833.0,3324.0
15713,108,5403,0.04075419902801514,834.0,3534.0
14195,202,10107,0.05446181073784828,835.0,897.0
14195,202,10141,0.0515228733420372,836.0,2050.0
17495,76,3808,0.8063269853591919,837.0,1486.0
15428,66,3315,0.6505525708198547,838.0,1408.0
14245,47,2352,0.22389882802963257,839.0,1237.0
14135,50,2550,0.0037511789705604315,840.0,852.0
17239,24,1228,0.0024569539818912745,841.0,2625.0
17489,251,12588,0.005281651392579079,842.0,1490.0
16370,0,44,0.019311625510454178,843.0,2318.0
16370,11,590,0.010288694873452187,844.0,4575.0
14377,181,9094,0.00412373524159193,845.0,428.0
16944,158,7923,0.002144749043509364,846.0,2644.0
17365,9,500,0.18856215476989746,847.0,3072.0
16339,0,43,0.0731721892952919,848.0,2391.0
16668,61,3080,0.10518404841423035,849.0,2578.0
14363,175,8790,0.00706445099785924,850.0,2069.0
14631,151,7557,0.052348945289850235,851.0,773.0
14631,169,8476,0.14868663251399994,852.0,2383.0
14637,86,4322,0.045122500509023666,853.0,719.0
16312,212,10622,0.24639254808425903,854.0,2143.0
14981,143,7152,0.09484297782182693,855.0,1603.0
14981,250,12519,0.576847493648529,856.0,1777.0
14741,289,14464,0.06313877552747726,857.0,2175.0
17451,10,516,0.07271796464920044,858.0,1754.0
15383,117,5851,0.049932368099689484,859.0,2785.0
16524,69,3464,0.009017675183713436,860.0,878.0
14335,183,9187,0.09911585599184036,861.0,2789.0
14297,182,9127,0.00546933151781559,862.0,2962.0
14793,124,6221,0.38565343618392944,863.0,2294.0
14390,91,4598,0.07938618212938309,864.0,94.0
16874,181,9061,0.0018086186610162258,865.0,1374.0
15116,229,11474,0.0002510946069378406,866.0,1274.0
15915,401,20074,0.4166203737258911,867.0,1164.0
15458,48,2416,0.11681408435106277,868.0,1105.0
16119,351,17591,0.02655675634741783,869.0,1152.0
17087,243,12197,0.09560968726873398,870.0,565.0
14712,29,1466,0.2148454487323761,871.0,2667.0
14617,77,3889,0.0042064678855240345,872.0,2015.0
14452,36,1827,0.0005161332665011287,873.0,1357.0
14270,220,11006,0.016626950353384018,874.0,1532.0
17239,268,13449,0.08985190838575363,875.0,1861.0
15450,202,10124,0.004468920640647411,876.0,708.0
15361,27,1352,0.03105849400162697,877.0,2370.0
15370,7,400,0.0375739261507988,878.0,5180.0
16826,189,9465,0.03535067290067673,879.0,1420.0
17036,248,12421,0.0020463343244045973,880.0,3326.0
16022,284,14245,0.018060196191072464,881.0,1066.0
16022,389,19451,0.001319860341027379,882.0,1739.0
15877,133,6679,0.04210581257939339,883.0,536.0
15151,308,15406,0.010785788297653198,884.0,1373.0
14545,3,159,0.22757543623447418,885.0,752.0
14545,103,5154,0.0012267464771866798,886.0,1545.0
16008,281,14068,0.001422806759364903,887.0,4999.0
15402,0,8,0.024629348888993263,888.0,898.0
15402,15,788,0.003967951983213425,889.0,2620.0
17160,14,718,0.05506116896867752,890.0,1557.0
17552,87,4354,0.009032251313328743,891.0,2128.0
15330,105,5281,0.021040355786681175,892.0,2569.0
16400,29,1498,0.014252648688852787,893.0,817.0
16451,14,704,0.018175499513745308,894.0,1589.0
14902,5,259,0.0014829314313828945,895.0,1213.0
17524,236,11839,0.31155937910079956,896.0,1426.0
16094,120,6007,0.5964395403862,897.0,1486.0
16422,7,352,0.0011363491648808122,898.0,2312.0
15482,107,5381,0.0011676441645249724,899.0,3564.0
14158,8,450,0.05367322266101837,900.0,336.0
16036,453,22654,0.0001291027438128367,901.0,4533.0
15466,55,2793,0.02092551998794079,902.0,1846.0
15361,97,4877,0.02627067267894745,903.0,657.0
14243,26,1302,0.05353907123208046,904.0,1154.0
14243,53,2690,0.010486616753041744,905.0,1191.0
14243,111,5586,0.05552287772297859,906.0,3374.0
16119,386,19339,0.058614231646060944,907.0,438.0
14746,144,7224,0.047823671251535416,908.0,386.0
14746,294,14721,0.000877531711012125,909.0,828.0
14207,21,1060,0.006230293773114681,910.0,1210.0
16186,173,8651,0.02508613094687462,911.0,595.0
14467,114,5720,0.00561355659738183,912.0,2480.0
15129,42,2112,0.027711186558008194,913.0,3156.0
15129,42,2133,0.25485536456108093,914.0,2698.0
15593,47,2354,0.1737556904554367,915.0,517.0
16951,131,6555,0.00681083370000124,916.0,1462.0
16951,167,8390,0.0012323486153036356,917.0,2344.0
16711,72,3616,0.0034383602906018496,918.0,1733.0
16472,86,4307,0.010376565158367157,919.0,799.0
16472,93,4682,0.023694733157753944,920.0,172.0
14202,100,5050,0.5424911975860596,921.0,1178.0
17065,23,1186,0.010081778280436993,922.0,223.0
16298,21,1092,0.09904651343822479,923.0,4203.0
14551,301,15098,0.031618669629096985,924.0,1440.0
14174,181,9055,0.5945820212364197,925.0,14404.0
14913,176,8822,0.12889364361763,926.0,4079.0
15800,156,7846,0.002870608353987336,927.0,1082.0
17043,39,1983,0.6518559455871582,928.0,1776.0
16036,220,11029,0.047709088772535324,929.0,3604.0
16052,160,8043,0.0024414281360805035,930.0,2291.0
15916,534,26719,0.01179362554103136,931.0,2259.0
15403,142,7140,0.198449045419693,932.0,1820.0
14139,31,1562,0.08588102459907532,933.0,2564.0
15254,79,3966,0.017411531880497932,934.0,2566.0
16089,449,22476,0.022045277059078217,935.0,1009.0
15588,107,5388,0.038236722350120544,936.0,1515.0
16524,217,10860,0.034512754529714584,937.0,1186.0
15496,32,1622,0.003870074637234211,938.0,2472.0
17173,0,5,0.47414353489875793,939.0,1628.0
15391,11,593,0.0018235996831208467,940.0,4585.0
15391,173,8687,0.006787369959056377,941.0,1989.0
16041,188,9403,0.13224034011363983,942.0,1285.0
14993,106,5302,0.007836085744202137,943.0,740.0
16824,17,865,0.3645158112049103,944.0,1113.0
16824,28,1440,0.06369484215974808,945.0,1920.0
14431,16,827,0.009978670626878738,946.0,1362.0
16910,75,3783,0.004107623361051083,947.0,1900.0
14542,169,8459,0.01588810794055462,948.0,1856.0
14542,226,11327,0.0037587746046483517,949.0,1672.0
15496,91,4565,0.0007820767932571471,950.0,1087.0
14329,229,11483,0.0036466936580836773,951.0,237.0
14799,65,3279,0.003398491768166423,952.0,2066.0
14774,84,4215,0.0032178177498281,953.0,2288.0
14774,84,4225,0.006453295238316059,954.0,2958.0
16075,2,144,0.0066305045038461685,955.0,2420.0
16075,452,22645,0.009782823733985424,956.0,3806.0
14618,5,273,0.7108384370803833,957.0,1747.0
15097,140,7043,0.010655592195689678,958.0,1373.0
16471,127,6394,0.7035139203071594,959.0,2717.0
16448,70,3503,0.003131886711344123,960.0,1389.0
14925,270,13523,0.05056265369057655,961.0,1000.0
17489,146,7349,0.009258337318897247,962.0,1896.0
17489,166,8308,0.006342202425003052,963.0,1534.0
16469,23,1185,0.017202293500304222,964.0,2116.0
16469,54,2742,0.2497061938047409,965.0,2409.0
15862,234,11733,0.0024245670065283775,966.0,1136.0
17077,65,3296,0.00082739646313712,967.0,1183.0
15302,15,792,0.09443891793489456,968.0,1942.0
16346,92,4624,0.025524068623781204,969.0,575.0
16910,181,9063,0.05397404357790947,970.0,3037.0
16095,355,17794,0.008628997951745987,971.0,725.0
14324,0,4,0.04238394647836685,972.0,1548.0
15348,34,1741,0.010073292069137096,973.0,1623.0
14583,27,1351,0.0010090753203257918,974.0,2114.0
15382,39,1982,0.0004168353043496609,975.0,1724.0
14590,46,2318,0.002202470786869526,976.0,3173.0
16874,117,5873,0.022411808371543884,977.0,589.0
17373,110,5542,0.06836356967687607,978.0,1411.0
17373,167,8383,0.04653835669159889,979.0,1863.0
14611,97,4899,0.17048439383506775,980.0,2576.0
15785,304,15217,0.32504141330718994,981.0,2360.0
16888,542,27113,0.0886065736413002,982.0,1695.0
14788,86,4306,0.005191361997276545,983.0,748.0
16856,12,619,0.0035915044136345387,984.0,6142.0
17503,141,7078,0.009615289978682995,985.0,476.0
16169,414,20748,0.013300337828695774,986.0,1839.0
17139,174,8729,0.021830331534147263,987.0,1368.0
16298,82,4139,0.019814955070614815,988.0,510.0
15479,378,18907,0.017838668078184128,989.0,3009.0
16405,7,398,0.003432729747146368,990.0,1466.0
16405,26,1331,0.008283082395792007,991.0,2299.0
14609,232,11605,0.01848926581442356,992.0,816.0
16205,484,24204,0.00036108505446463823,993.0,2711.0
16031,28,1408,0.10818121582269669,994.0,605.0
16805,77,3856,0.011903161182999611,995.0,770.0
14990,80,4041,0.012244290672242641,996.0,1844.0
17312,67,3393,0.032539255917072296,997.0,536.0
15529,68,3425,0.1850125789642334,998.0,946.0
16075,391,19556,0.031040921807289124,999.0,1051.0
16075,462,23127,0.014483002945780754,1000.0,495.0
16329,16,819,0.004081137012690306,1001.0,2845.0
15491,274,13739,0.032356660813093185,1002.0,2888.0
15491,332,16634,0.0033472946379333735,1003.0,1456.0
15590,37,1894,0.40753623843193054,1004.0,431.0
16978,236,11836,0.0016196388751268387,1005.0,955.0
15093,70,3506,0.28622838854789734,1006.0,2342.0
15093,70,3536,0.0008814440807327628,1007.0,1266.0
16979,47,2368,0.022516420111060143,1008.0,1897.0
14135,13,662,0.004983366467058659,1009.0,2354.0
15369,9,481,0.002175175119191408,1010.0,1041.0
15361,31,1581,0.08656436204910278,1011.0,2136.0
14770,191,9591,0.0016457298770546913,1012.0,2133.0
16935,237,11889,0.04507921263575554,1013.0,1048.0
16801,27,1354,0.018698887899518013,1014.0,1548.0
16949,484,24210,0.006178251933306456,1015.0,1505.0
14539,202,10106,0.09356477111577988,1016.0,752.0
15680,1,51,0.023207230493426323,1017.0,486.0
16858,83,4164,0.09680170565843582,1018.0,2328.0
15383,236,11804,0.9914311766624451,1019.0,615.0
17518,30,1505,0.008319919928908348,1648.0,987.0
14672,20,1019,0.4626163840293884,1021.0,271.0
16417,25,1278,0.006292468868196011,1022.0,643.0
14272,46,2345,0.06003953143954277,1023.0,2589.0
16101,155,7756,0.04709788039326668,1024.0,1146.0
15138,58,2914,0.007625852711498737,1025.0,2415.0
16529,40,2018,0.017098238691687584,1026.0,2554.0
16006,58,2933,0.12538540363311768,1027.0,841.0
16823,136,6846,0.024035388603806496,1028.0,2186.0
16823,138,6937,0.0015536819119006395,1029.0,575.0
17394,6,323,0.007393503561615944,1030.0,3297.0
14246,6,303,0.006714368239045143,1031.0,895.0
14246,6,314,0.005156894214451313,1032.0,1567.0
15156,53,2674,0.13909447193145752,1033.0,108.0
14293,161,8082,0.06595214456319809,1034.0,3199.0
16652,1,58,0.1759968400001526,1035.0,683.0
16652,1,96,0.0024216347374022007,1036.0,2323.0
16499,447,22362,0.9812901616096497,1037.0,804.0
17449,57,2900,0.0014960342086851597,1038.0,497.0
17057,60,3028,0.11999204009771347,1039.0,2155.0
15777,100,5039,0.004575503524392843,1040.0,93.0
14564,155,7757,0.00434045260772109,1041.0,2314.0
17533,61,3089,0.0165643822401762,1042.0,1180.0
14619,144,7211,0.019209178164601326,1043.0,909.0
14716,60,3046,0.01854490116238594,1044.0,1127.0
14548,15,779,0.25498393177986145,1045.0,2901.0
14548,185,9260,0.8421894907951355,1046.0,3591.0
15301,92,4617,0.10508993268013,1047.0,1005.0
16846,52,2628,0.002431324450299144,1048.0,3174.0
16421,61,3089,0.06657674163579941,1049.0,1201.0
16424,285,14297,0.006423575803637505,1050.0,1309.0
15093,98,4933,0.004875489044934511,1051.0,363.0
16853,140,7030,0.00030692177824676037,1052.0,5052.0
16506,71,3576,0.05982949212193489,1053.0,890.0
16473,47,2384,0.023548033088445663,1054.0,4913.0
16970,26,1303,0.027389613911509514,1055.0,1159.0
15106,169,8460,0.0034919260069727898,1056.0,750.0
15264,148,7432,0.3007339835166931,1057.0,1245.0
14772,81,4076,0.012000382877886295,1058.0,1778.0
14216,106,5303,0.010183630511164665,1059.0,254.0
14216,106,5349,0.008314012549817562,1060.0,1220.0
17475,78,3906,0.19752441346645355,1061.0,2125.0
14607,15,767,0.05174414813518524,1062.0,1146.0
14436,189,9459,0.02439241111278534,1063.0,1399.0
17028,93,4675,0.9521650075912476,1064.0,1418.0
14409,288,14424,0.022541843354701996,1065.0,1180.0
14450,214,10717,0.0002997035044245422,1066.0,714.0
15952,108,5447,0.07087677717208862,1067.0,675.0
14394,51,2565,0.019375910982489586,1068.0,1678.0
14607,156,7826,0.07149598747491837,1069.0,2531.0
16218,13,685,0.0019109988352283835,1070.0,5196.0
17470,107,5362,0.015264144167304039,1071.0,2558.0
17251,12,640,0.0031106567475944757,1072.0,1653.0
17503,245,12270,0.006242463365197182,1073.0,1836.0
15397,187,9357,0.07803140580654144,1074.0,839.0
14297,37,1862,0.008928337134420872,1075.0,1293.0
14934,79,3965,0.012031478807330132,1076.0,4095.0
15396,42,2146,0.002720096381381154,1077.0,472.0
14806,224,11232,0.00773193733766675,1078.0,2535.0
14553,44,2244,0.21794049441814423,1079.0,2055.0
14935,251,12552,0.0012622590875253081,1080.0,876.0
15516,33,1655,0.834381103515625,1081.0,4296.0
14401,78,3906,0.0313868522644043,1082.0,2328.0
16304,90,4525,0.052351146936416626,1083.0,2265.0
15343,73,3686,0.018258878961205482,1084.0,396.0
17493,160,8025,0.005609974730759859,1085.0,580.0
17488,76,3814,0.013551316224038601,1086.0,1038.0
14225,11,583,0.07946430146694183,1087.0,1651.0
17361,274,13729,0.013169737532734871,1088.0,1247.0
15014,71,3553,0.036431435495615005,1089.0,1717.0
15150,14,739,0.051019683480262756,1090.0,2715.0
16456,0,1,0.012604464776813984,1091.0,2660.0
14759,17,877,0.017141928896307945,1092.0,1781.0
15029,8,435,0.02595227211713791,1093.0,534.0
14643,241,12096,0.5902336239814758,1094.0,2297.0
16522,11,554,0.006748574320226908,1095.0,330.0
14990,250,12542,0.6647021770477295,1096.0,868.0
15279,23,1193,0.1256009042263031,1097.0,1233.0
15279,112,5646,0.05987514182925224,1098.0,1096.0
14877,82,4139,0.06490103900432587,1099.0,1448.0
14877,99,4957,0.005296246614307165,1100.0,712.0
14893,242,12113,0.2534434199333191,1101.0,4458.0
15382,281,14093,0.01635284721851349,1102.0,2196.0
15018,9,495,0.665924608707428,1103.0,1942.0
15018,12,621,0.0041470881551504135,1104.0,3739.0
15146,65,3288,0.005468924064189196,1105.0,2232.0
15288,21,1078,0.00450495071709156,1106.0,773.0
14539,71,3591,0.08089730888605118,1107.0,531.0
16797,113,5670,0.015024102292954922,1108.0,1880.0
14556,310,15515,0.049687620252370834,1109.0,3545.0
14218,100,5005,0.44694408774375916,1110.0,569.0
14218,129,6463,0.007514769211411476,1111.0,1078.0
16885,40,2014,0.3498165011405945,1112.0,1246.0
16885,57,2873,0.627194344997406,1113.0,1018.0
16696,96,4812,0.030699247494339943,1114.0,3193.0
16232,193,9684,0.011042996309697628,1115.0,616.0
15428,233,11668,0.016292646527290344,1116.0,2379.0
14824,128,6427,0.06757339090108871,1117.0,288.0
14751,39,1955,0.0077962810173630714,1118.0,2398.0
16894,61,3092,0.08992766588926315,1119.0,1413.0
16067,153,7683,0.029810961335897446,1120.0,1971.0
16694,63,3181,0.005113867577165365,1121.0,695.0
16067,79,3977,0.010771801695227623,1122.0,743.0
16352,75,3794,0.004557757638394833,1123.0,85.0
17489,117,5862,0.10467050224542618,1124.0,373.0
17489,254,12727,0.021789850667119026,1125.0,1660.0
17125,93,4681,0.00228166114538908,1126.0,5748.0
17005,67,3376,0.007786180358380079,1127.0,382.0
15499,101,5074,0.08802846074104309,1128.0,1104.0
17361,197,9892,0.22567658126354218,1129.0,2799.0
16864,253,12655,0.028733374550938606,1130.0,3292.0
16976,15,780,0.05732147395610809,1131.0,1147.0
14909,121,6067,0.5300500988960266,1132.0,1533.0
14909,135,6774,0.014764423482120037,1133.0,1011.0
14909,135,6792,0.01181536354124546,1134.0,1477.0
14909,135,6798,0.024250075221061707,1135.0,262.0
15402,49,2496,0.0019122835947200656,1136.0,2295.0
14764,119,5979,0.14185763895511627,1137.0,1662.0
14724,16,822,0.06013811007142067,1138.0,2401.0
17550,45,2264,0.02458297461271286,1139.0,2079.0
16078,0,29,0.018130213022232056,1140.0,831.0
17307,70,3532,0.04677271470427513,1141.0,1498.0
15970,144,7224,0.054561465978622437,1142.0,207.0
14407,35,1794,0.004317829385399818,1143.0,3385.0
16218,18,935,0.018336348235607147,1144.0,175.0
14549,147,7358,0.05444881319999695,1145.0,1084.0
14549,222,11146,0.13564522564411163,1146.0,3252.0
16889,20,1001,0.022721685469150543,1147.0,2071.0
15436,13,690,0.11335699260234833,1148.0,2060.0
14329,201,10066,0.05698642134666443,1149.0,98.0
14771,216,10823,0.17355316877365112,1150.0,2688.0
14984,2,122,0.0029831905849277973,1151.0,2431.0
14902,150,7507,0.04134814813733101,1152.0,535.0
15592,90,4504,0.003940045367926359,1153.0,1553.0
15223,0,49,0.01649518311023712,1154.0,2779.0
15223,36,1810,0.1561693549156189,1155.0,2031.0
15014,14,706,0.048547208309173584,1156.0,3670.0
14816,56,2812,0.0871475338935852,1157.0,2581.0
14816,213,10690,0.012848873622715473,1158.0,1292.0
14768,25,1277,0.0069671268574893475,1159.0,1781.0
14453,31,1591,0.29246076941490173,6222.0,2834.0
15366,55,2788,0.03160342574119568,1161.0,1200.0
16854,50,2531,0.05581432208418846,1162.0,1442.0
16854,66,3328,0.11993473768234253,1163.0,1514.0
17524,231,11588,0.17561954259872437,1164.0,1374.0
14202,107,5353,0.004370757378637791,1165.0,1159.0
14713,13,687,0.07560879737138748,1166.0,4176.0
15930,14,748,0.022569112479686737,1167.0,2306.0
15930,396,19845,0.017421657219529152,1168.0,1964.0
14285,29,1465,0.021878091618418694,1169.0,2975.0
14903,316,15840,0.0004919182974845171,1170.0,2827.0
16441,22,1112,0.0400359071791172,1171.0,1609.0
16147,153,7686,0.017976384609937668,1172.0,3635.0
16586,7,380,0.002071037655696273,1173.0,540.0
15683,82,4104,0.0074693914502859116,1174.0,2921.0
16666,111,5556,0.003180762520059943,1175.0,1524.0
15345,281,14056,0.3708920478820801,1176.0,806.0
14263,30,1508,0.008176969364285469,1177.0,4291.0
14263,209,10493,0.00038400807534344494,1178.0,1472.0
14220,26,1325,0.008150074630975723,1179.0,3702.0
14220,56,2816,0.0716789960861206,1180.0,491.0
15416,81,4078,0.876364529132843,1181.0,2012.0
16586,86,4327,0.8065155148506165,1182.0,482.0
15396,149,7495,0.003547502914443612,1183.0,1049.0
17413,237,11878,0.04004572704434395,1184.0,1226.0
14406,26,1336,0.00653177872300148,1185.0,2564.0
15099,199,9992,0.16411174833774567,1186.0,2778.0
15099,199,9999,0.009544349275529385,1187.0,516.0
14129,30,1503,0.009704621508717537,1188.0,1339.0
14129,30,1541,0.05548783764243126,1189.0,409.0
15486,70,3522,0.09555476158857346,1190.0,3642.0
17090,29,1477,0.018392110243439674,1191.0,656.0
14959,194,9746,0.0030851203482598066,1192.0,924.0
16304,94,4732,0.03986814245581627,1193.0,1447.0
17451,91,4585,0.010426413267850876,1194.0,1952.0
14212,116,5807,0.17713390290737152,1195.0,1223.0
14607,73,3652,0.007755687460303307,1196.0,764.0
14455,141,7098,0.01903587393462658,1197.0,682.0
14455,155,7757,0.22150830924510956,1198.0,2262.0
14372,278,13943,0.04799511656165123,1199.0,2293.0
14706,18,932,0.6341238617897034,1200.0,1729.0
17161,6,311,0.012974489480257034,1201.0,1016.0
14915,14,732,0.030427491292357445,1202.0,1354.0
14915,103,5155,0.035869333893060684,1203.0,1361.0
14915,109,5470,0.19171637296676636,1204.0,1158.0
14428,135,6761,0.22185567021369934,1205.0,3358.0
14242,45,2295,0.008792446926236153,1206.0,1235.0
15485,8,443,0.004887137562036514,1207.0,3127.0
14795,57,2862,0.008811092004179955,1208.0,580.0
15442,106,5311,0.10371949523687363,1209.0,3327.0
16486,179,8978,0.018943561241030693,1210.0,3745.0
14559,161,8059,0.29841533303260803,1211.0,2274.0
16089,309,15484,0.016214830800890923,1212.0,1112.0
16022,473,23676,0.059836771339178085,1213.0,2531.0
17474,72,3601,0.09327299147844315,1214.0,547.0
14901,31,1566,0.1631426364183426,1215.0,8986.0
14901,133,6664,0.1141599714756012,1216.0,411.0
16036,110,5509,0.11267145723104477,1217.0,691.0
16036,364,18204,0.13029323518276215,1218.0,2850.0
16952,19,992,0.03506682440638542,1219.0,2074.0
15882,18,903,0.09673497825860977,1220.0,1485.0
16807,31,1580,0.00943759549409151,1221.0,4309.0
14784,77,3865,0.4567018449306488,1222.0,1192.0
14784,92,4649,0.0019970207940787077,1223.0,2519.0
14159,226,11312,0.03563428670167923,1224.0,1710.0
14987,20,1050,0.9569973349571228,1225.0,65.0
16715,97,4873,0.04761573299765587,1226.0,1784.0
16219,287,14371,0.007264730520546436,1227.0,2340.0
16115,90,4503,0.018431028351187706,1228.0,1634.0
16160,115,5788,0.12995021045207977,1229.0,2401.0
15323,10,545,0.013251721858978271,1230.0,964.0
14626,245,12297,0.0573878176510334,1231.0,590.0
17361,40,2049,0.03823229297995567,1232.0,294.0
14724,22,1134,0.04585390165448189,1233.0,966.0
16888,107,5376,0.0035338366869837046,1234.0,2666.0
16060,129,6462,0.07262488454580307,1235.0,1724.0
14924,135,6784,0.025582505390048027,1236.0,674.0
15946,341,17079,0.18635272979736328,1237.0,314.0
14993,68,3420,0.9308121800422668,1238.0,1915.0
16966,120,6027,0.12038715928792953,1239.0,1071.0
16030,5,278,0.001078421133570373,1240.0,3257.0
16030,5,286,0.014773263595998287,1241.0,1423.0
16052,266,13325,0.007845552638173103,1242.0,980.0
14139,3,190,0.4519992172718048,1243.0,901.0
15315,98,4916,0.01268502976745367,1244.0,186.0
16802,194,9716,0.010060690343379974,1245.0,2125.0
16802,258,12931,0.03926289826631546,1246.0,3731.0
16802,347,17369,0.0028785299509763718,1247.0,310.0
16008,192,9618,0.009033647365868092,1248.0,213.0
16850,0,35,0.021488500759005547,1249.0,4975.0
14972,24,1228,0.0044659958221018314,1250.0,602.0
14313,101,5078,0.032881736755371094,1251.0,1148.0
15875,382,19108,0.011186039075255394,1252.0,3036.0
14428,15,753,0.008613902144134045,1253.0,1472.0
15486,63,3186,0.04857886582612991,1254.0,369.0
15916,56,2840,0.0017274832352995872,1255.0,2296.0
15397,133,6667,0.0036649969406425953,1256.0,1707.0
14981,71,3551,0.7596194744110107,1257.0,4116.0
15778,177,8858,0.030078480020165443,1258.0,1229.0
15902,64,3206,0.7500900626182556,1259.0,4407.0
16134,521,26098,0.5179128050804138,1260.0,5308.0
16341,186,9316,0.01729097031056881,1261.0,2171.0
15520,21,1079,0.0060943723656237125,1262.0,2828.0
15520,80,4026,0.03959362953901291,1263.0,1213.0
14916,31,1569,0.013944592326879501,1264.0,1666.0
15282,57,2892,0.013062557205557823,1265.0,1202.0
15383,218,10914,0.04010368138551712,1266.0,1650.0
17140,72,3644,0.02856641821563244,1267.0,1339.0
17140,96,4842,0.004061135929077864,1268.0,3098.0
17073,123,6175,0.01905708573758602,1269.0,678.0
14548,151,7556,0.18936608731746674,1270.0,2895.0
14548,188,9432,0.021129077300429344,1271.0,2933.0
15774,376,18812,0.04851270467042923,1272.0,325.0
17044,40,2037,0.004260568413883448,1273.0,1774.0
17011,237,11878,0.016424095258116722,1274.0,586.0
16744,207,10351,0.007025992497801781,1275.0,3386.0
14974,21,1091,0.2391555905342102,1276.0,3572.0
16489,127,6367,0.06346327066421509,1277.0,2603.0
17398,145,7263,0.07458177208900452,1278.0,983.0
17498,22,1128,0.09354691952466965,1279.0,2520.0
15986,250,12514,0.7121976613998413,1280.0,2820.0
15147,136,6837,0.015524622984230518,1281.0,2830.0
17239,144,7248,0.05220198258757591,1282.0,800.0
17328,67,3353,0.013189395889639854,1283.0,1095.0
17536,25,1291,0.005794963799417019,1284.0,1744.0
17536,25,1298,0.0047198026441037655,1285.0,926.0
17536,27,1353,0.017980895936489105,1286.0,898.0
17470,9,470,0.02994471788406372,1287.0,454.0
14541,188,9413,0.02485073357820511,1288.0,1752.0
14938,150,7539,0.021823139861226082,1289.0,1972.0
14713,25,1294,0.0015186519594863057,1290.0,1008.0
15913,11,560,0.004126699175685644,1291.0,1740.0
15877,99,4967,0.5746360421180725,1292.0,1525.0
14793,137,6888,0.07354121655225754,1293.0,1869.0
15328,219,10967,0.5102413892745972,1294.0,6129.0
15328,227,11385,0.12332804501056671,1295.0,373.0
14949,20,1023,0.17000322043895721,1296.0,1445.0
14949,20,1047,0.1119971051812172,1297.0,215.0
15495,19,968,0.009467455558478832,1298.0,2754.0
15495,70,3540,0.01548878476023674,1299.0,2993.0
14644,24,1246,0.004624458029866219,1300.0,1235.0
14644,251,12575,0.006223031785339117,1301.0,2303.0
14644,267,13356,0.004335264675319195,1302.0,1823.0
16923,221,11085,0.003819572739303112,1303.0,3924.0
14274,20,1048,0.026576412841677666,1304.0,644.0
16853,139,6964,0.1880331188440323,1305.0,3781.0
14981,84,4214,0.021377375349402428,1306.0,1262.0
14257,59,2978,0.05510557442903519,1307.0,2220.0
15877,97,4860,0.024442041292786598,1308.0,1768.0
14806,151,7552,0.010183259844779968,1309.0,471.0
16389,68,3449,0.28591927886009216,1310.0,4301.0
16013,79,3994,0.00399981252849102,1311.0,1031.0
16013,122,6109,0.006859238725155592,1312.0,483.0
15970,238,11935,0.017871925607323647,1313.0,1667.0
16588,16,827,0.005018194671720266,1314.0,1919.0
16588,55,2774,0.032192740589380264,1315.0,2570.0
15234,3,186,0.005297663621604443,1316.0,2359.0
15234,107,5364,0.8537026047706604,1317.0,2063.0
15234,119,5952,0.018369292840361595,1318.0,2862.0
14173,23,1156,0.023553185164928436,1319.0,1373.0
14173,53,2686,0.3014987111091614,1320.0,2490.0
16439,81,4082,0.18553900718688965,1321.0,2823.0
16119,534,26742,0.018534190952777863,1322.0,4013.0
14813,58,2931,0.02906496450304985,1323.0,1793.0
14813,75,3763,0.010711832903325558,1324.0,324.0
16759,109,5457,0.022377874702215195,1325.0,297.0
14408,53,2664,0.02313367836177349,1326.0,398.0
15500,100,5036,0.07014419138431549,1327.0,981.0
14901,230,11502,0.0028708213940262794,1328.0,867.0
14544,67,3384,0.012387984432280064,1329.0,2402.0
14544,200,10049,0.011800335720181465,1330.0,793.0
15464,63,3155,0.012750907801091671,1331.0,2306.0
14300,142,7118,0.1273452341556549,1332.0,451.0
14553,190,9539,0.026209063827991486,1333.0,1501.0
14212,129,6491,0.41233760118484497,1334.0,4237.0
14375,220,11013,0.17631985247135162,1335.0,1138.0
14927,240,12008,0.49841442704200745,1336.0,2223.0
15946,64,3226,0.9781262278556824,1337.0,3740.0
17178,79,4000,0.008839488960802555,1338.0,3198.0
15427,163,8166,0.004216318484395742,1339.0,1364.0
14534,8,428,0.0037982517387717962,1340.0,533.0
16184,28,1442,0.03200559318065643,1341.0,1801.0
16839,36,1821,0.0083242766559124,1342.0,1843.0
14760,24,1244,0.01348720770329237,1343.0,833.0
14807,7,376,0.5224236845970154,1344.0,2799.0
16094,409,20456,0.001952253165654838,1345.0,2112.0
14154,221,11054,0.1187591701745987,1346.0,7536.0
14989,257,12870,0.011636195704340935,1347.0,450.0
14873,128,6418,0.052420418709516525,1348.0,2419.0
14940,265,13277,0.10664770007133484,1349.0,434.0
14884,81,4074,0.027884814888238907,1350.0,2351.0
17371,253,12697,0.05646064877510071,1351.0,2247.0
16964,524,26213,0.023671064525842667,1352.0,5504.0
16094,44,2225,0.054938413202762604,1353.0,1124.0
16122,330,16511,0.006019968539476395,1354.0,1905.0
17492,10,510,0.3283979594707489,1355.0,857.0
14878,50,2541,0.2189101278781891,1356.0,1145.0
16312,48,2416,0.0007800262537784874,1357.0,455.0
16312,150,7524,0.022638045251369476,1358.0,229.0
16150,138,6935,0.02873096615076065,1359.0,6012.0
17449,23,1152,0.09438272565603256,1360.0,213.0
14985,71,3600,0.0034464788623154163,1361.0,2271.0
17339,208,10435,0.6192881464958191,1362.0,5078.0
15482,118,5949,0.876083493232727,1363.0,1066.0
16472,6,332,0.011807500384747982,1364.0,1520.0
15391,34,1727,0.005846378859132528,1365.0,199.0
15391,49,2472,0.004663351457566023,1366.0,1845.0
16823,54,2720,0.01845650188624859,1367.0,679.0
15102,57,2892,0.0016800729790702462,1368.0,1532.0
14297,121,6056,0.016475088894367218,1369.0,614.0
15481,2,140,0.03786773234605789,1370.0,3270.0
15481,7,374,0.049798350781202316,1371.0,3121.0
16711,57,2865,0.05914108082652092,1372.0,2592.0
14195,247,12399,0.15001435577869415,1373.0,1276.0
15368,31,1577,0.018316280096769333,1374.0,2247.0
15516,37,1859,0.004763961769640446,1375.0,1942.0
16761,64,3232,0.16328975558280945,1376.0,1377.0
14279,173,8665,0.11141405254602432,1377.0,3301.0
15343,237,11882,0.0005186338676139712,1378.0,4562.0
15343,253,12659,0.0057314177975058556,1379.0,620.0
14817,60,3028,0.2164468765258789,1380.0,1851.0
14259,224,11220,0.2803557515144348,1381.0,409.0
16761,23,1156,0.0035360977053642273,1382.0,830.0
16761,23,1165,0.0036636737640947104,1383.0,1263.0
14884,191,9554,0.023660561069846153,1384.0,1132.0
14903,160,8009,0.005759336985647678,1385.0,502.0
17379,8,415,0.013632301241159439,1386.0,950.0
14968,34,1728,0.11857900768518448,1387.0,2481.0
14924,141,7083,0.00041204836452379823,1388.0,963.0
17371,273,13679,0.006917890626937151,1389.0,358.0
15498,133,6653,0.0022014325950294733,1390.0,921.0
14935,120,6017,0.05212976783514023,1391.0,437.0
14664,60,3045,0.019248809665441513,1392.0,952.0
15361,182,9123,0.07454825937747955,1393.0,1222.0
16075,8,407,0.010887924581766129,1394.0,2091.0
14316,40,2004,0.17031721770763397,1395.0,890.0
14816,245,12253,0.002123505575582385,1396.0,2332.0
15466,146,7328,0.023153554648160934,1397.0,690.0
15279,157,7876,0.0007126184063963592,1398.0,3005.0
16387,133,6690,0.009983174502849579,1399.0,1418.0
14959,245,12259,0.0060236528515815735,1400.0,3493.0
15308,28,1434,0.0038939460646361113,1401.0,1087.0
14256,3,165,0.01665636897087097,1402.0,152.0
14279,18,947,0.10821890085935593,1403.0,2615.0
17524,1,95,0.1713368147611618,1404.0,735.0
14212,246,12334,0.04473951458930969,1405.0,722.0
17333,27,1351,0.011085095815360546,1406.0,2090.0
17333,35,1752,0.9949721097946167,1407.0,1076.0
17522,11,553,0.0434584803879261,1408.0,3244.0
17522,38,1904,0.09195109456777573,1409.0,1670.0
16109,79,3977,0.018848370760679245,1410.0,1652.0
16075,335,16793,0.003141240682452917,1411.0,2877.0
15491,50,2539,0.017338862642645836,1412.0,1306.0
15491,54,2710,0.28319188952445984,1413.0,1407.0
15520,9,453,0.0345751978456974,1414.0,3939.0
15057,66,3317,0.150149405002594,1415.0,494.0
15057,80,4042,0.032110877335071564,1416.0,472.0
15057,85,4253,0.07365472614765167,1417.0,484.0
15774,484,24247,0.03479200229048729,1418.0,1937.0
16141,245,12259,0.006005541887134314,1419.0,849.0
14134,116,5804,0.013022101484239101,1420.0,4121.0
15970,438,21925,0.127945676445961,1421.0,3964.0
14715,12,637,0.08739479631185532,1422.0,646.0
16471,44,2240,0.005158323794603348,1423.0,262.0
14343,246,12338,0.002211551647633314,1424.0,1916.0
15862,192,9647,0.004870039410889149,1425.0,1058.0
15981,448,22401,0.002256614388898015,1426.0,1097.0
14935,44,2204,0.04025501385331154,1427.0,2729.0
14935,314,15749,0.005453059449791908,1428.0,1341.0
16199,376,18847,0.013982368633151054,1429.0,1187.0
15151,128,6424,0.0020716083236038685,1430.0,3491.0
15529,6,316,0.02922147326171398,1431.0,586.0
15529,76,3824,0.011345491744577885,1432.0,479.0
14259,25,1298,0.006059322506189346,1433.0,2065.0
15450,220,11006,0.08329138159751892,1434.0,1279.0
14664,145,7264,0.012650891207158566,1435.0,435.0
14985,60,3045,0.014219972304999828,1436.0,1752.0
14915,188,9439,0.030147021636366844,1437.0,3121.0
14736,292,14606,0.008762842044234276,1438.0,256.0
14223,111,5583,0.004430400673300028,1439.0,3131.0
16807,159,7958,0.6643346548080444,1440.0,2654.0
15792,231,11579,0.07067520171403885,1441.0,2429.0
17503,84,4236,0.19175852835178375,1442.0,495.0
14870,275,13772,0.06059103086590767,1443.0,3718.0
14376,4,222,0.009101561270654202,1444.0,973.0
14376,87,4358,0.022197343409061432,1445.0,1551.0
14647,132,6621,0.005712528247386217,1446.0,4418.0
15701,18,906,0.5989581942558289,1447.0,149.0
16715,112,5640,0.07796086370944977,1448.0,870.0
17249,186,9340,0.8418789505958557,1449.0,3373.0
16845,79,4000,0.24210737645626068,1450.0,2386.0
15464,158,7921,0.012592179700732231,1451.0,1488.0
14775,101,5069,0.0142421405762434,1452.0,535.0
14125,22,1145,0.0018979739397764206,1453.0,89.0
17340,5,284,0.06529732793569565,1454.0,3197.0
15478,117,5869,0.01539771631360054,1455.0,1813.0
16266,98,4908,0.007799650076776743,1456.0,1046.0
16666,38,1913,0.02495160885155201,1457.0,1604.0
16666,138,6918,0.005814298056066036,1458.0,61.0
14376,217,10897,0.007714908104389906,1459.0,2302.0
15979,94,4721,0.17212693393230438,1460.0,2478.0
14212,4,220,0.02742132544517517,1461.0,3224.0
16051,206,10310,0.0027951195370405912,1462.0,694.0
14149,11,557,0.009024035185575485,1463.0,2027.0
14965,216,10838,0.010784037411212921,1464.0,4106.0
15166,28,1443,0.6501888632774353,1465.0,976.0
16947,206,10346,0.026346953585743904,1466.0,3583.0
14806,0,41,0.07472647726535797,1467.0,2753.0
15931,17,862,0.20420104265213013,1468.0,178.0
14171,23,1170,0.11830782890319824,1469.0,500.0
14544,157,7855,0.13601665198802948,1470.0,1018.0
14721,63,3172,0.00980432890355587,1471.0,811.0
17451,201,10057,0.01263708621263504,1472.0,667.0
16664,21,1077,0.0645393654704094,1473.0,262.0
16664,117,5866,0.03781775385141373,1474.0,2754.0
14383,51,2575,0.0008617069688625634,1475.0,242.0
17316,67,3384,0.015894819051027298,1476.0,2469.0
16694,83,4195,0.002871873788535595,1477.0,970.0
15861,45,2259,0.049002524465322495,1478.0,1536.0
14259,22,1135,0.33189237117767334,1479.0,2755.0
17453,57,2874,0.006052727345377207,1480.0,1611.0
14706,4,201,0.0947820395231247,1481.0,3228.0
14706,57,2872,0.00021770979219581932,1482.0,1686.0
16494,14,716,0.023637384176254272,1483.0,2767.0
14436,104,5248,0.03634409233927727,1484.0,133.0
14283,94,4706,0.007918618619441986,1485.0,860.0
14283,122,6127,0.02238544449210167,1486.0,1478.0
17228,91,4574,0.2319856584072113,1487.0,200.0
14986,91,4572,0.614906370639801,1488.0,733.0
16006,110,5522,0.020210236310958862,1489.0,1756.0
16006,452,22650,0.002059789141640067,1490.0,3905.0
14368,102,5103,0.012227911502122879,1491.0,1608.0
14420,24,1249,0.0049640582874417305,1492.0,1221.0
16172,24,1242,0.05023408681154251,1493.0,772.0
14523,4,221,0.008634347468614578,1494.0,2035.0
16960,147,7378,0.04551292210817337,1495.0,1867.0
16026,44,2232,0.003408083925023675,1496.0,2882.0
15061,12,604,0.04277888685464859,1497.0,1188.0
14643,250,12549,0.05299597233533859,1498.0,2038.0
14727,9,484,0.009950275532901287,1499.0,318.0
14824,197,9878,0.009576910175383091,1500.0,412.0
16529,46,2334,0.025512440130114555,1501.0,2517.0
14139,225,11298,0.004556708037853241,1502.0,1230.0
14139,233,11658,0.003074678359553218,1503.0,742.0
14749,130,6546,0.10457902401685715,1504.0,3440.0
15353,80,4047,0.021334035322070122,1505.0,2526.0
15930,501,25099,0.12700966000556946,1506.0,1976.0
15527,18,924,0.020211361348628998,1507.0,2561.0
15527,30,1543,0.005215153098106384,1508.0,151.0
16172,64,3202,0.49201500415802,1509.0,3095.0
16172,396,19831,0.07616270333528519,1510.0,518.0
14290,18,922,0.09437430649995804,1511.0,1806.0
15931,338,16911,0.08721917867660522,1512.0,478.0
14884,62,3117,0.009031700901687145,1513.0,726.0
14884,223,11195,0.08400813490152359,1514.0,2399.0
14775,19,963,0.03854617103934288,1515.0,2363.0
14775,62,3115,0.41504421830177307,1516.0,2437.0
15430,154,7711,0.026942219585180283,1517.0,2799.0
15916,509,25471,0.01007230393588543,1518.0,236.0
16041,268,13433,0.0038959456142038107,1519.0,1117.0
16850,107,5379,0.11356467008590698,1520.0,2602.0
15318,130,6539,0.006713278125971556,1521.0,1315.0
17030,43,2200,0.0013762310845777392,1522.0,1560.0
14893,235,11763,0.15084467828273773,1523.0,1620.0
16731,473,23687,0.8086677193641663,1524.0,38082.0
15442,101,5062,0.14299143850803375,1525.0,212.0
14741,125,6274,0.004496285691857338,1526.0,606.0
14741,235,11760,0.19716449081897736,1527.0,2723.0
14313,99,4960,0.012730052694678307,1528.0,1425.0
14917,84,4213,0.00865614227950573,1529.0,1444.0
14917,104,5237,0.0054305316880345345,1530.0,625.0
14917,37,1888,0.0023276039864867926,1531.0,1589.0
16185,109,5465,0.07778377830982208,1532.0,379.0
16036,226,11314,0.0507330447435379,1533.0,672.0
15530,56,2833,0.0011532338103279471,1534.0,964.0
14246,122,6106,0.0031046029180288315,1535.0,720.0
14171,14,734,0.038543764501810074,1536.0,1333.0
14754,7,359,0.003067875048145652,1537.0,4569.0
17055,333,16685,0.008221913129091263,1538.0,2240.0
15528,138,6907,0.0035522289108484983,1539.0,371.0
14802,133,6656,0.014537177048623562,1540.0,4019.0
14313,276,13805,0.06727814674377441,1541.0,675.0
14902,59,2977,0.010210307314991951,1542.0,2335.0
14902,109,5466,0.02688182145357132,1543.0,1371.0
15028,19,975,0.13629096746444702,1544.0,1434.0
15028,25,1282,0.02386648580431938,1545.0,4853.0
14396,0,29,0.01802852936089039,1546.0,2091.0
14396,3,200,0.042756062000989914,1547.0,6103.0
15785,324,16225,0.7555698156356812,1548.0,2290.0
17100,190,9512,0.07378505915403366,1549.0,1014.0
17137,103,5196,0.04297853261232376,1550.0,2652.0
14587,22,1117,0.01893695443868637,1551.0,2996.0
15471,35,1782,0.03730718046426773,1552.0,1460.0
15986,196,9830,0.07777009904384613,1553.0,1296.0
15053,159,7969,0.012541382573544979,1554.0,1007.0
15983,198,9941,0.00675291009247303,1555.0,872.0
15484,205,10277,0.04077339917421341,1556.0,2579.0
17482,96,4811,0.0054432665929198265,1557.0,349.0
17410,30,1543,0.031077014282345772,1558.0,3136.0
14907,109,5461,0.6761638522148132,1559.0,387.0
17144,139,6996,0.10028619319200516,1560.0,2528.0
14401,189,9454,0.3367600440979004,1561.0,3027.0
16172,379,18956,0.01557027455419302,1562.0,2035.0
15014,68,3403,0.027192959561944008,1563.0,1292.0
14202,45,2267,0.0009656717302277684,1564.0,1495.0
14637,180,9016,0.06368107348680496,1565.0,252.0
16525,12,636,0.3720484673976898,1566.0,971.0
16509,138,6920,0.004031239077448845,1567.0,2460.0
16333,81,4096,0.006314720958471298,1568.0,1827.0
14283,65,3265,0.15276814997196198,1569.0,973.0
17159,13,672,0.0057561323046684265,1570.0,2090.0
14539,145,7267,0.03943530097603798,1571.0,4241.0
16095,12,607,0.001433465164154768,1572.0,861.0
14903,43,2180,0.011623939499258995,1573.0,2000.0
16379,139,6979,0.10458935797214508,1574.0,3424.0
16379,254,12736,0.08090511709451675,1575.0,1383.0
16807,59,2994,0.07035571336746216,1576.0,144.0
15983,413,20697,0.009876969270408154,1577.0,1563.0
14438,284,14202,0.00590281467884779,1578.0,654.0
17471,57,2883,0.009184940718114376,1579.0,1076.0
14375,9,469,0.21125462651252747,1580.0,2060.0
16381,36,1830,0.005394428502768278,1581.0,1295.0
16159,131,6597,0.07201714813709259,1582.0,3289.0
14995,1,76,0.009352690540254116,1583.0,5036.0
14335,275,13790,0.0036539065185934305,1584.0,3074.0
14541,86,4302,0.10206135362386703,1585.0,1579.0
16052,283,14180,0.5293809175491333,1586.0,194.0
17034,221,11054,0.0049875653348863125,1587.0,2407.0
15231,102,5104,0.026894329115748405,1588.0,1357.0
16051,241,12072,0.009064823389053345,1589.0,626.0
14760,25,1266,0.39018407464027405,1590.0,118.0
14335,111,5564,0.06319502741098404,1591.0,3334.0
14824,246,12341,0.020889950916171074,1592.0,5396.0
15916,375,18767,0.006894833408296108,1593.0,523.0
15801,175,8786,0.10894708335399628,1594.0,779.0
15801,440,22009,0.3292640447616577,1595.0,1281.0
16134,201,10053,0.019880928099155426,1596.0,1580.0
14127,23,1189,0.2971397638320923,1597.0,3145.0
14295,120,6009,0.020633317530155182,1598.0,625.0
14634,15,758,0.4803310036659241,1599.0,631.0
15919,39,1989,0.023769337683916092,1600.0,676.0
16439,75,3779,0.003850446082651615,1601.0,112.0
15592,56,2814,0.07256954163312912,1602.0,262.0
14940,51,2590,0.0312504917383194,1603.0,447.0
14940,155,7762,0.04334641620516777,1604.0,753.0
14139,57,2851,0.031119616702198982,1605.0,1308.0
15486,133,6682,0.019873114302754402,1606.0,964.0
15154,226,11320,0.0013715161476284266,1607.0,618.0
14336,94,4731,0.005951376631855965,1608.0,1786.0
14632,93,4694,0.015448003076016903,1609.0,236.0
14790,54,2714,0.042680833488702774,1610.0,136.0
14790,143,7161,0.19205185770988464,1611.0,10123.0
15292,60,3002,0.002656728494912386,1612.0,2876.0
17034,155,7772,0.0046456302516162395,1613.0,3789.0
16058,278,13906,0.018964068964123726,1614.0,1287.0
16058,281,14065,0.06491921842098236,1615.0,2579.0
14925,36,1809,0.02527572587132454,1616.0,1456.0
14925,50,2534,0.03388955444097519,1617.0,232.0
16994,140,7008,0.08901016414165497,1618.0,621.0
14956,2,121,0.0888260155916214,1619.0,3395.0
14585,46,2305,0.013040120713412762,1620.0,1352.0
17373,53,2679,0.2494731992483139,1621.0,656.0
14152,4,232,0.0024705962277948856,1622.0,1995.0
16530,7,389,0.00562789523974061,1623.0,1714.0
15117,2,130,0.0024208389222621918,1624.0,4187.0
15146,74,3708,0.0292339064180851,1625.0,2757.0
14274,42,2140,0.007621383294463158,1626.0,719.0
17251,222,11127,0.025760367512702942,1627.0,1307.0
17111,91,4568,0.0054581197910010815,1628.0,1889.0
14873,161,8071,0.03443407639861107,1629.0,272.0
16394,33,1672,0.04955548048019409,1630.0,2325.0
15701,372,18629,0.013574281707406044,1631.0,427.0
16935,346,17345,0.014558888971805573,1632.0,4691.0
17028,184,9248,0.0066998982802033424,1633.0,2144.0
15489,207,10371,0.31562137603759766,1634.0,951.0
16428,375,18763,0.002876302693039179,1635.0,1705.0
14743,138,6923,0.11339938640594482,1636.0,1138.0
15383,169,8500,0.4028113782405853,1637.0,1882.0
17389,34,1729,0.3416594862937927,1638.0,926.0
15701,138,6915,0.015051887370646,1639.0,2392.0
15097,196,9839,0.5074335336685181,1640.0,997.0
15343,13,686,0.021531375125050545,1641.0,2227.0
14139,67,3371,0.04353560507297516,1642.0,1352.0
14550,161,8094,0.0517854318022728,1643.0,3930.0
14418,209,10456,0.022171176970005035,1644.0,3196.0
15875,150,7516,0.004851384088397026,1645.0,1552.0
16965,104,5238,0.004169232677668333,1646.0,2857.0
14375,140,7034,0.05191392824053764,1647.0,3061.0
17518,30,1505,-999999.9,-1.0,-1.0
17036,380,19017,0.8155457973480225,1649.0,1664.0
14820,7,388,0.031036261469125748,1650.0,662.0
15708,50,2505,0.04892142862081528,1651.0,1619.0
14828,142,7116,0.6124053597450256,1652.0,1444.0
15517,104,5217,0.002765149110928178,1653.0,1481.0
14134,261,13096,0.016493836417794228,1654.0,2586.0
14675,80,4039,0.009933890774846077,1655.0,2873.0
16387,34,1711,0.016452018171548843,1656.0,2389.0
14903,153,7684,0.047207366675138474,1657.0,1533.0
14464,255,12779,0.0015046426560729742,1658.0,610.0
15954,334,16705,0.18751122057437897,1659.0,1572.0
17275,11,576,0.01033852994441986,1660.0,3894.0
16379,23,1192,0.028267767280340195,1661.0,1641.0
17036,161,8063,0.03382578119635582,1662.0,2435.0
15428,213,10659,0.0005498621612787247,1663.0,265.0
14425,218,10939,0.018420839682221413,1664.0,952.0
16457,24,1234,0.015742259100079536,1665.0,1839.0
14550,7,388,0.025598125532269478,1666.0,1502.0
16795,169,8464,0.003660554299131036,1667.0,3586.0
17034,106,5349,0.00425606407225132,1668.0,1378.0
16761,215,10794,0.6953065395355225,1669.0,2222.0
14469,21,1064,0.08476252853870392,1670.0,1172.0
14123,14,707,0.02585831843316555,1671.0,2909.0
14749,26,1303,0.0027541418094187975,1672.0,3033.0
17029,75,3781,0.05653740093111992,1673.0,5461.0
14414,1,70,0.2454606592655182,1674.0,1465.0
15279,140,7037,0.17287370562553406,1675.0,26.0
16391,29,1468,0.03817111253738403,1676.0,2070.0
14873,73,3675,0.00989531259983778,1677.0,1717.0
17301,56,2844,0.08247461915016174,1678.0,3996.0
17301,74,3741,0.01375486422330141,1679.0,2453.0
17301,89,4485,0.4235652983188629,1680.0,2683.0
14195,257,12857,0.00781488697975874,1681.0,2947.0
14798,34,1725,0.14541026949882507,1682.0,2028.0
14798,42,2108,0.017926115542650223,1683.0,2192.0
17440,69,3460,0.09642226248979568,1684.0,4000.0
16818,118,5945,0.023605981841683388,1685.0,1832.0
16853,112,5621,0.002212278777733445,1686.0,1046.0
16853,180,9012,0.001493128715083003,1687.0,3084.0
16431,17,882,0.020551452413201332,1688.0,1996.0
14991,99,4987,0.03183187171816826,1689.0,1442.0
14631,270,13502,0.07490188628435135,1690.0,1992.0
15014,209,10465,0.21895277500152588,1691.0,2835.0
17036,162,8116,0.6880189776420593,1692.0,1704.0
16250,144,7223,0.060834940522909164,1693.0,702.0
16320,34,1707,0.05401892960071564,1694.0,324.0
16929,112,5643,0.028600918129086494,1695.0,1253.0
16340,196,9821,0.11530301719903946,1696.0,1493.0
17493,252,12621,0.012149366550147533,1697.0,176.0
15832,83,4167,0.013034671545028687,1698.0,1190.0
17474,49,2458,0.0027488362975418568,1699.0,1061.0
15457,112,5643,0.11155503243207932,1700.0,1156.0
17269,174,8713,0.004049456212669611,1701.0,2039.0
14758,93,4664,0.0207595843821764,1702.0,488.0
16466,37,1883,0.03058585152029991,1703.0,1027.0
16466,69,3474,0.022057924419641495,1704.0,1778.0
15179,124,6224,0.0756472498178482,1705.0,790.0
16891,31,1584,0.004715501330792904,1706.0,1991.0
16970,154,7732,0.0709516778588295,1707.0,3525.0
14562,7,393,0.0030428634490817785,1708.0,2994.0
14227,111,5563,0.030285900458693504,1709.0,1270.0
16919,412,20623,0.034250564873218536,1710.0,658.0
15396,66,3312,0.0032884373795241117,1711.0,1444.0
16341,274,13747,0.03383999690413475,1712.0,1875.0
16583,138,6925,0.008416350930929184,1713.0,1171.0
16266,352,17640,0.005106962751597166,1714.0,450.0
14899,22,1128,0.7558227181434631,1715.0,2920.0
14202,52,2639,0.020318496972322464,1716.0,1727.0
14202,131,6574,0.03317335993051529,1717.0,79.0
16834,115,5751,0.009400646202266216,1718.0,973.0
14935,81,4081,0.009175420738756657,1719.0,983.0
15227,31,1553,0.06859532743692398,1720.0,2516.0
14751,25,1291,0.03393571823835373,1721.0,3121.0
16966,57,2878,0.010100550949573517,1722.0,467.0
14881,107,5383,0.3486614227294922,1723.0,2096.0
14942,170,8518,0.8651669025421143,1724.0,733.0
14942,172,8617,0.24986697733402252,1725.0,151.0
14774,29,1466,0.09605900198221207,1726.0,2156.0
14280,54,2737,0.1865384727716446,1727.0,2636.0
14527,43,2172,0.005510821007192135,1728.0,1650.0
15092,104,5240,0.016183296218514442,1729.0,3393.0
14912,239,11997,0.015344311483204365,1730.0,432.0
16424,85,4268,0.37237870693206787,1731.0,274.0
14367,71,3571,0.07420755177736282,1732.0,4138.0
14529,53,2662,0.036613717675209045,1733.0,1738.0
14545,79,3985,0.004622222390025854,1734.0,487.0
14545,93,4651,0.025726530700922012,1735.0,864.0
17372,12,643,0.02141578495502472,1736.0,4602.0
16846,268,13428,0.023790325969457626,1737.0,1615.0
14549,124,6249,0.03753558546304703,1738.0,4907.0
14564,114,5743,0.05270331725478172,1739.0,358.0
16173,198,9901,0.013774982653558254,1740.0,1835.0
17459,59,2981,0.019339265301823616,1741.0,3107.0
14924,174,8706,0.0010858196765184402,1742.0,1508.0
16788,104,5204,0.5983436703681946,1743.0,2002.0
15692,3,191,0.030699606984853745,1744.0,1300.0
15463,506,25309,0.44879812002182007,1745.0,2302.0
15092,1,97,0.047881707549095154,1746.0,96.0
17139,93,4686,0.06305065006017685,1747.0,2798.0
16817,56,2816,0.21823984384536743,1748.0,1033.0
17467,20,1050,0.26297807693481445,1749.0,995.0
17467,33,1700,0.958184003829956,1750.0,2011.0
14831,162,8116,0.6968729496002197,1751.0,2261.0
16751,37,1899,0.004839039873331785,1752.0,1809.0
15989,418,20902,0.1097913607954979,1753.0,2626.0
14367,21,1094,0.45545339584350586,1754.0,133.0
14367,80,4032,0.631749153137207,1755.0,570.0
16253,48,2437,0.017482761293649673,1756.0,212.0
14270,124,6221,0.009923066943883896,1757.0,3340.0
16736,46,2311,0.009010412730276585,1758.0,1142.0
16355,32,1628,0.017142515629529953,1759.0,1635.0
15469,345,17281,0.059643425047397614,1760.0,264.0
16874,221,11057,0.060908880084753036,1761.0,938.0
14671,13,670,0.6081625819206238,1762.0,861.0
17457,156,7805,0.013368034735321999,1763.0,1300.0
16544,136,6841,0.00754956342279911,1764.0,3393.0
15149,69,3484,0.05245907977223396,1765.0,851.0
17174,18,923,0.017272206023335457,1766.0,2663.0
17164,93,4671,0.0015984047204256058,1767.0,2243.0
16052,201,10095,0.01311854925006628,1768.0,1337.0
16212,40,2001,0.009311366826295853,1769.0,1896.0
14242,50,2533,0.003987457603216171,1770.0,761.0
15458,44,2226,0.03030984103679657,1771.0,1073.0
14454,22,1146,0.03449411690235138,1772.0,1603.0
14445,49,2461,0.006892538629472256,1773.0,2028.0
16298,192,9609,0.011610164307057858,1774.0,151.0
16411,204,10248,0.1290237307548523,1775.0,2146.0
14927,19,968,0.09687213599681854,1776.0,2061.0
14805,207,10364,0.010426841676235199,1777.0,1659.0
17495,213,10685,0.9326856136322021,1778.0,641.0
17495,213,10697,0.12140259891748428,1779.0,213.0
15983,380,19027,0.0018989687087014318,1780.0,2971.0
14388,82,4125,0.010827969759702682,1781.0,6605.0
15147,74,3715,0.0046619088388979435,1782.0,4048.0
17491,37,1851,0.00980439968407154,1783.0,2708.0
17004,276,13815,0.006131590809673071,1784.0,558.0
15146,18,935,0.06970874220132828,1785.0,641.0
17212,15,776,0.0038111303001642227,1786.0,745.0
15415,91,4592,0.6259138584136963,1787.0,12233.0
17471,25,1282,0.00488045671954751,1788.0,1259.0
15266,59,2967,0.011635023169219494,1789.0,901.0
15975,50,2522,0.13716909289360046,1790.0,922.0
17356,126,6339,0.1801438182592392,1791.0,8.0
14463,175,8772,0.004245862830430269,1792.0,418.0
14463,191,9554,0.09543226659297943,1793.0,1283.0
17361,3,180,0.15433745086193085,1794.0,184.0
14338,147,7366,0.07066690176725388,1795.0,1975.0
16076,0,23,0.027619140222668648,1796.0,3970.0
16823,123,6176,0.14907340705394745,1797.0,1599.0
14157,175,8755,0.005995338317006826,1798.0,4566.0
15407,114,5720,0.01267523318529129,1799.0,2318.0
16125,87,4382,0.06394746154546738,1800.0,1113.0
16125,149,7492,0.06131835654377937,1801.0,2892.0
15166,305,15286,0.010919802822172642,1802.0,2621.0
14164,28,1430,0.00499005988240242,1803.0,2137.0
17237,231,11591,0.07914562523365021,1804.0,1151.0
16138,16,816,0.017037170007824898,1805.0,1007.0
16148,25,1288,0.02435903064906597,1806.0,28.0
17522,125,6261,0.18046675622463226,1807.0,290.0
14645,51,2567,0.15860450267791748,1808.0,619.0
17447,16,825,0.09750927239656448,1809.0,22.0
17447,52,2601,0.007740919943898916,1810.0,4797.0
16186,187,9400,0.04339054599404335,1811.0,3234.0
17489,36,1802,0.7070369720458984,1812.0,1552.0
16975,264,13205,0.06946856528520584,1813.0,4013.0
16975,264,13221,0.5501124858856201,1814.0,2104.0
17194,13,690,0.004734070040285587,1815.0,4414.0
14418,150,7514,0.0032405592501163483,1816.0,1048.0
16472,58,2929,0.04271876439452171,1817.0,180.0
15316,144,7238,0.015359988436102867,1818.0,1389.0
15014,236,11842,0.052754681557416916,1819.0,1260.0
17314,54,2710,0.006926314905285835,1820.0,1450.0
16947,264,13224,0.21892768144607544,1821.0,2072.0
14824,11,587,0.5632228851318359,1822.0,1735.0
15878,19,995,0.05404704436659813,1823.0,505.0
15878,51,2578,0.02838367037475109,1824.0,2961.0
15314,40,2047,0.011722494848072529,1825.0,828.0
14768,121,6054,0.0016462501371279359,1826.0,2715.0
17111,236,11849,0.07568046450614929,1827.0,3615.0
17556,53,2691,0.014781602658331394,1828.0,653.0
15774,212,10609,0.005910038016736507,1829.0,828.0
15343,88,4438,0.012385791167616844,1830.0,1046.0
16909,26,1343,0.014921285212039948,1831.0,983.0
16909,78,3916,0.147127166390419,1832.0,833.0
14235,103,5153,0.03386402130126953,1833.0,1785.0
15407,216,10848,0.0009707928984425962,1834.0,3734.0
14334,99,4998,0.156032994389534,1835.0,154.0
14814,85,4273,0.0012165432563051581,1836.0,1386.0
15965,102,5144,0.017738310620188713,1837.0,287.0
17073,11,582,0.007025680039077997,1838.0,724.0
15927,119,5965,0.7684075236320496,1839.0,2117.0
16994,146,7346,0.023714464157819748,1840.0,1611.0
14369,111,5589,0.010381894186139107,1841.0,680.0
14909,75,3796,0.005822225008159876,1842.0,1195.0
14816,111,5600,0.017308983951807022,1843.0,980.0
14816,123,6175,0.0020220675505697727,1844.0,1362.0
14816,262,13144,0.00523347407579422,1845.0,1642.0
14824,196,9850,0.002412820002064109,1846.0,1729.0
17087,217,10900,0.007908709347248077,1847.0,181.0
14645,42,2106,0.05094987899065018,1848.0,401.0
15061,83,4196,0.024610821157693863,1849.0,1423.0
17552,220,11006,0.12152493745088577,1850.0,1448.0
15324,19,986,0.01656787097454071,1851.0,911.0
15324,32,1643,0.024040481075644493,1852.0,2650.0
15002,51,2556,0.03860482573509216,1853.0,1390.0
14888,208,10430,0.015861082822084427,1854.0,3538.0
14888,253,12669,0.08519522100687027,1855.0,1069.0
14552,26,1326,0.014559846371412277,1856.0,1436.0
14904,33,1689,0.0016133170574903488,1857.0,1862.0
14904,45,2293,0.5872991681098938,1858.0,2772.0
16250,26,1337,0.11223973333835602,1859.0,3274.0
15504,228,11409,0.013389907777309418,1860.0,1236.0
16722,115,5777,0.01495850458741188,1861.0,1389.0
15993,46,2323,0.8500862121582031,1862.0,615.0
14139,201,10062,0.025711901485919952,1863.0,490.0
16715,281,14081,0.02078738622367382,1864.0,871.0
16946,149,7478,0.005600343458354473,1865.0,1222.0
14857,130,6521,0.0019830584060400724,1866.0,1850.0
16346,128,6443,0.17625024914741516,1867.0,1059.0
15497,360,18038,0.008721206337213516,1868.0,3932.0
14758,88,4450,0.12365606427192688,1869.0,953.0
15514,94,4701,0.010484613478183746,1870.0,397.0
14293,193,9651,0.058581046760082245,1871.0,1490.0
16518,34,1736,0.008106379769742489,1872.0,2596.0
14291,1,62,0.15293048322200775,1873.0,663.0
14531,69,3499,0.026591133326292038,1874.0,2067.0
16949,354,17707,0.0020279488526284695,1875.0,3685.0
17169,130,6506,0.035897184163331985,1876.0,1116.0
16570,95,4792,0.41199052333831787,1877.0,1375.0
17371,247,12399,0.08166160434484482,1878.0,2663.0
14154,147,7379,0.09375318884849548,1879.0,396.0
16929,96,4843,0.09558659791946411,1880.0,416.0
15163,29,1471,0.0019952356815338135,1881.0,586.0
16008,94,4745,0.05658017098903656,1882.0,166.0
16891,28,1422,0.016114195808768272,1883.0,3319.0
17100,107,5390,0.02262861840426922,1884.0,886.0
14956,82,4136,0.10255296528339386,1885.0,1939.0
15397,195,9779,0.017223024740815163,1886.0,2110.0
16292,33,1665,0.014396388083696365,1887.0,1728.0
16023,499,24955,0.1063181683421135,1888.0,671.0
15425,218,10941,0.0554356575012207,1889.0,334.0
17414,141,7060,0.02322746254503727,1890.0,1570.0
15927,53,2677,0.02343779429793358,1891.0,2597.0
16036,436,21829,0.06618346273899078,1892.0,1262.0
15086,170,8518,0.026395302265882492,1893.0,1081.0
14335,42,2135,0.05064494162797928,1894.0,460.0
14335,57,2876,0.017666369676589966,1895.0,2163.0
14335,149,7462,0.0016584252007305622,1896.0,79.0
15267,31,1599,0.09321397542953491,1897.0,565.0
15489,102,5110,0.004776323679834604,1898.0,1129.0
15489,102,5115,0.008007409051060677,1899.0,737.0
15273,136,6806,0.01562647707760334,1900.0,461.0
16134,325,16279,0.11901582777500153,1901.0,795.0
16134,499,24961,0.041094616055488586,1902.0,328.0
17028,138,6919,0.010327504947781563,1903.0,2772.0
17028,138,6930,0.006108015310019255,1904.0,1699.0
17309,68,3446,0.00041947735007852316,1905.0,1717.0
17309,174,8705,0.001525009167380631,1906.0,4010.0
16499,429,21486,0.011898012831807137,1907.0,3518.0
15762,302,15131,0.005738181993365288,1908.0,359.0
15054,52,2638,0.007297276519238949,1909.0,1257.0
14148,149,7472,0.009769112803041935,1910.0,2213.0
17249,260,13025,0.17294558882713318,1911.0,2862.0
16199,191,9584,0.027890391647815704,1912.0,1303.0
14143,67,3367,0.0006208547274582088,1913.0,739.0
16307,17,885,0.02088269777595997,1914.0,1843.0
16834,51,2578,0.010115843266248703,1915.0,71.0
16834,109,5467,0.006327992305159569,1916.0,1073.0
14970,188,9423,0.0012419754639267921,1917.0,1655.0
15416,7,393,0.018544664606451988,1918.0,2153.0
14807,101,5051,0.030029335990548134,1919.0,415.0
16889,59,2957,0.0029766778461635113,1920.0,1119.0
17031,24,1217,0.020833242684602737,1921.0,489.0
14802,141,7088,0.021096764132380486,1922.0,1597.0
17389,45,2297,0.09108129143714905,1923.0,4340.0
17470,133,6697,0.007041425909847021,1924.0,1470.0
16741,359,17977,0.016749123111367226,1925.0,2774.0
14873,145,7262,0.16826026141643524,1926.0,727.0
14907,213,10667,0.026818031445145607,1927.0,3163.0
14907,231,11595,0.06313106417655945,1928.0,398.0
16467,23,1200,0.17007660865783691,1929.0,745.0
16467,71,3580,0.0047948481515049934,1930.0,4901.0
14291,97,4856,0.13873562216758728,1931.0,1529.0
17232,65,3285,0.04485231637954712,1932.0,1727.0
17488,329,16488,0.02086234651505947,1933.0,1824.0
15677,356,17845,0.08296655118465424,1934.0,1966.0
14985,44,2208,0.08169261366128922,1935.0,1830.0
14985,130,6524,0.0016966372495517135,1936.0,2836.0
15466,10,504,0.023114806041121483,1937.0,1482.0
15466,57,2876,0.17829474806785583,1938.0,943.0
14327,38,1904,0.10364896804094315,1939.0,82.0
14453,185,9267,0.011033231392502785,6558.0,2644.0
14213,49,2483,0.002578001469373703,1941.0,476.0
14213,51,2562,0.1273716241121292,1942.0,702.0
15334,3,157,0.892056941986084,1943.0,390.0
14127,44,2217,0.013772223144769669,1944.0,1658.0
14127,48,2420,0.1917220652103424,1945.0,2694.0
17150,15,793,0.0390223003923893,1946.0,1557.0
14934,170,8547,0.9509702920913696,1947.0,1711.0
15407,43,2188,0.00989389605820179,1948.0,993.0
17237,55,2773,0.02231978438794613,1949.0,144.0
14148,164,8224,0.014167862944304943,1950.0,1484.0
14277,245,12296,0.007414213847368956,1951.0,774.0
15469,321,16077,0.020906396210193634,1952.0,904.0
14912,135,6756,0.15524162352085114,1953.0,155.0
14912,253,12688,0.013024995103478432,1954.0,739.0
14634,55,2785,0.010490041226148605,1955.0,4104.0
15970,495,24754,0.21092532575130463,1956.0,2195.0
15014,140,7041,0.047663699835538864,1957.0,1327.0
16228,272,13603,0.6415987014770508,1958.0,313.0
15930,124,6246,0.020299531519412994,1959.0,345.0
16119,409,20460,0.16133780777454376,1960.0,2716.0
14764,65,3281,0.02109990455210209,1961.0,316.0
17057,146,7313,0.008907926268875599,1962.0,2057.0
17324,84,4204,0.02084048092365265,1963.0,1071.0
16858,101,5058,0.03547390177845955,1964.0,1696.0
14259,98,4935,0.5505857467651367,1965.0,803.0
14259,258,12913,0.7626316547393799,1966.0,1225.0
14165,49,2473,0.008630658499896526,1967.0,1142.0
17517,17,860,0.006753722205758095,1968.0,1356.0
14527,51,2582,0.041725289076566696,1969.0,3142.0
15151,215,10759,0.18125878274440765,1970.0,2784.0
14912,292,14630,0.5949373841285706,1971.0,777.0
14903,94,4712,0.04242003709077835,1972.0,1111.0
15767,18,921,0.08845309168100357,1973.0,1460.0
16226,136,6830,0.005095805507153273,1974.0,2126.0
15474,6,348,0.017219295725226402,1975.0,443.0
15244,10,519,0.028452180325984955,1976.0,1030.0
14262,5,255,0.002258241642266512,1977.0,2544.0
14968,26,1308,0.03231897950172424,1978.0,3249.0
16715,377,18868,0.9499505758285522,1979.0,2233.0
17057,35,1788,0.09905657917261124,1980.0,775.0
14918,37,1890,0.20059625804424286,1981.0,354.0
16122,48,2419,0.001079638721421361,1982.0,1196.0
17478,181,9061,0.09059853851795197,1983.0,1177.0
16410,166,8334,0.0608692392706871,1984.0,1752.0
17397,36,1808,0.013617601245641708,1985.0,1922.0
14585,40,2044,0.0027370122261345387,1986.0,2001.0
14900,44,2239,0.16818945109844208,1987.0,1370.0
14884,70,3502,0.03305966407060623,1988.0,1208.0
15917,497,24879,0.33896690607070923,1989.0,265.0
16161,47,2369,0.028222255408763885,1990.0,912.0
16573,213,10657,0.003559865988790989,1991.0,2379.0
17469,32,1615,0.005531735252588987,1992.0,2563.0
16065,27,1362,0.05609005689620972,1993.0,165.0
16453,75,3772,0.03921892121434212,1994.0,1990.0
15713,158,7907,0.013946185819804668,1995.0,438.0
14802,38,1934,0.07165370881557465,1996.0,1322.0
14802,168,8439,0.006282429210841656,1997.0,1257.0
15933,91,4586,0.022095657885074615,1998.0,1124.0
14445,62,3143,0.04617501422762871,1999.0,2497.0
14671,4,237,0.11291144043207169,2000.0,481.0
16109,124,6239,0.08444227278232574,2001.0,1337.0
16075,471,23582,0.3337305188179016,2002.0,1171.0
14639,37,1889,0.9084872603416443,2003.0,644.0
15792,159,7995,0.011806230992078781,2004.0,3243.0
15859,268,13427,0.01242186687886715,2005.0,656.0
17438,29,1491,0.1127525046467781,2006.0,791.0
15946,376,18805,0.010974875651299953,2007.0,2375.0
16931,5,294,0.032057471573352814,2008.0,6070.0
14682,58,2937,0.2612839639186859,2009.0,117.0
14539,194,9718,0.03723689913749695,2010.0,1961.0
16693,70,3545,0.0030525228939950466,2011.0,3428.0
14956,155,7769,0.018512466922402382,2012.0,2507.0
14956,176,8803,0.009181370958685875,2013.0,712.0
17380,56,2809,0.019867820665240288,2014.0,1153.0
16818,70,3550,0.0018130203243345022,2015.0,5628.0
14316,17,896,0.10610898584127426,2016.0,1014.0
15420,35,1773,0.005507803056389093,2017.0,1712.0
14754,79,3998,0.17918232083320618,2018.0,1775.0
14770,105,5259,0.6043044924736023,2019.0,1927.0
15491,250,12543,0.03103901445865631,2020.0,1508.0
14685,31,1551,0.003497065044939518,2021.0,1919.0
16551,343,17197,0.052975431084632874,2022.0,2229.0
14375,218,10940,0.0066261026076972485,2023.0,1470.0
14171,1,56,0.01181741338223219,2024.0,252.0
14990,230,11525,0.06660835444927216,2025.0,5792.0
17162,68,3408,0.03519642353057861,2026.0,876.0
16769,141,7067,0.8809933662414551,2027.0,1117.0
16769,155,7755,0.003669730620458722,2028.0,624.0
14959,143,7154,0.029118821024894714,2029.0,889.0
17364,24,1236,0.057081304490566254,2030.0,3112.0
14724,45,2293,0.01601274497807026,2031.0,274.0
16252,209,10465,0.0161591786891222,2032.0,1711.0
16315,45,2259,0.005937631707638502,2033.0,2602.0
14551,96,4843,0.025785408914089203,2034.0,594.0
14218,149,7500,0.2105971872806549,2035.0,781.0
15790,49,2494,0.07928845286369324,2036.0,1702.0
14455,293,14667,0.009074393659830093,2037.0,1306.0
16147,30,1503,0.015172688290476799,2038.0,4501.0
16119,54,2736,0.002967740409076214,2039.0,841.0
14317,108,5424,0.012556574307382107,2040.0,822.0
17280,9,500,0.20076525211334229,2041.0,2137.0
16874,452,22646,0.043568987399339676,2042.0,289.0
15800,164,8208,0.005394098814576864,2043.0,1097.0
15254,29,1494,0.0045684464275836945,2044.0,3149.0
14526,37,1855,0.034629493951797485,2045.0,1398.0
17370,17,896,0.0054574934765696526,2046.0,719.0
17406,82,4150,0.11753792315721512,2047.0,3683.0
16169,381,19063,0.00919575709849596,2048.0,694.0
16199,148,7436,0.2675018906593323,2049.0,2005.0
16925,46,2338,0.9764792323112488,2050.0,355.0
15442,81,4082,0.0437016598880291,2051.0,519.0
15442,187,9352,0.019022667780518532,2052.0,242.0
15299,43,2161,0.004836037755012512,2053.0,2544.0
17552,173,8664,0.059040218591690063,2054.0,3565.0
17552,60,3040,0.021222520619630814,2055.0,310.0
16879,4,231,0.04016968980431557,2056.0,883.0
14409,189,9483,0.1130637675523758,2057.0,1549.0
14793,9,453,0.004715845920145512,2058.0,1320.0
14793,78,3942,0.6811354160308838,2059.0,2755.0
15592,22,1128,0.01958928070962429,2060.0,102.0
16295,84,4203,0.04247158765792847,2061.0,551.0
17484,76,3802,0.0034984659869223833,2062.0,499.0
17484,182,9131,0.016231248155236244,2063.0,2660.0
15411,121,6086,0.0056314291432499886,2064.0,3005.0
16379,87,4353,0.07980746775865555,2065.0,3036.0
15960,382,19128,0.48228251934051514,2066.0,794.0
17040,2,142,0.014564534649252892,2067.0,1642.0
15436,348,17413,0.1839304119348526,2068.0,1205.0
16894,216,10850,0.042881887406110764,2069.0,1628.0
16499,73,3696,0.020658740773797035,2070.0,112.0
14652,3,162,0.9943222999572754,2071.0,3277.0
16122,351,17568,0.500245988368988,2072.0,128.0
14218,114,5719,0.04706430435180664,2073.0,745.0
16526,27,1381,0.7364721298217773,2074.0,2279.0
16526,27,1384,0.012726511806249619,2075.0,581.0
16160,82,4104,0.008948715403676033,2076.0,1225.0
17162,61,3069,0.022459806874394417,2077.0,2382.0
15677,260,13039,0.0015853862278163433,2078.0,2321.0
14993,190,9541,0.03548001870512962,2079.0,333.0
14949,71,3569,0.020975230261683464,2080.0,366.0
14807,154,7727,0.026429763063788414,2081.0,4182.0
17137,181,9066,0.0016163330292329192,2082.0,2464.0
15314,21,1082,0.021985072642564774,2083.0,1151.0
15314,32,1626,0.013505719602108002,2084.0,700.0
16840,81,4055,0.00038767451769672334,2085.0,5643.0
14541,3,183,0.01212107203900814,2086.0,491.0
14541,84,4216,0.0015746864955872297,2087.0,1630.0
14222,3,176,0.016662266105413437,2088.0,175.0
16094,258,12923,0.04962969571352005,2089.0,1300.0
15113,20,1032,0.009607591666281223,2090.0,612.0
15966,132,6615,0.014350499957799911,2091.0,2163.0
14410,151,7595,0.03138233348727226,2092.0,1774.0
16266,260,13023,0.012162944301962852,2093.0,2397.0
17452,20,1004,0.09660279750823975,2094.0,3062.0
14259,177,8889,0.11427765339612961,2095.0,3390.0
16210,125,6288,0.11163157969713211,2096.0,2185.0
15161,183,9192,0.09683015942573547,2097.0,246.0
14824,121,6060,0.015293106436729431,2098.0,1919.0
15491,287,14391,0.016101235523819923,2099.0,1031.0
15238,24,1242,0.02507837861776352,2100.0,1199.0
14990,208,10422,0.019316863268613815,2101.0,283.0
14729,129,6487,0.03529617562890053,2102.0,585.0
16341,230,11542,0.2049938291311264,2103.0,3004.0
15981,481,24068,0.3144376873970032,2104.0,2293.0
17404,4,224,0.023449616506695747,2105.0,3228.0
17404,10,539,0.21052567660808563,2106.0,767.0
15398,258,12929,0.25780290365219116,2107.0,1031.0
14276,16,836,0.4611384868621826,2108.0,621.0
17522,121,6078,0.4109758138656616,2109.0,36.0
15771,13,688,0.010124201886355877,2110.0,1086.0
14580,107,5363,0.008268703706562519,2111.0,1768.0
16585,64,3246,0.109196238219738,2112.0,599.0
16888,419,20953,0.6648760437965393,2113.0,1894.0
16888,419,20991,0.030926767736673355,2114.0,3832.0
15590,194,9720,0.3600129783153534,2115.0,1449.0
14949,15,764,0.006255331914871931,2116.0,481.0
14270,260,13043,0.0042945914901793,2117.0,609.0
14270,260,13046,0.007242504972964525,2118.0,2359.0
15498,59,3000,0.12343643605709076,2119.0,2370.0
15498,164,8209,0.01866655796766281,2120.0,745.0
15428,133,6689,0.010226945392787457,2121.0,850.0
16472,27,1362,0.05754299834370613,2122.0,1689.0
15106,180,9009,0.1384337842464447,2123.0,1187.0
16373,0,23,0.006477286573499441,2124.0,2548.0
16544,28,1443,0.04585905373096466,2125.0,726.0
16544,104,5229,0.3137914538383484,2126.0,1817.0
17134,35,1757,0.11189340054988861,2127.0,988.0
17440,143,7160,0.04393859580159187,2128.0,1126.0
17478,73,3653,0.6330214738845825,2129.0,1601.0
17098,100,5042,0.1555771827697754,2130.0,1245.0
14979,53,2651,0.27920442819595337,2131.0,1950.0
17239,214,10703,0.1745724231004715,2132.0,1348.0
16040,32,1604,0.06904532760381699,2133.0,1085.0
16693,123,6196,0.06726127862930298,2134.0,790.0
17132,125,6279,0.025583840906620026,2135.0,2140.0
16167,238,11944,0.03099116124212742,2136.0,247.0
15870,41,2088,0.464866042137146,2137.0,3131.0
15870,231,11597,0.019317585974931717,2138.0,320.0
16141,91,4597,0.4214017689228058,2139.0,1439.0
14194,52,2619,0.030649784952402115,2140.0,6322.0
14194,73,3670,0.1802610456943512,2141.0,496.0
14260,110,5504,0.03159503638744354,2142.0,1474.0
15336,10,507,0.10117004066705704,2143.0,315.0
16410,170,8510,0.13404738903045654,2144.0,1582.0
15875,409,20453,0.7272913455963135,2145.0,664.0
16731,450,22522,0.0015914274845272303,2146.0,366.0
16921,106,5333,0.004940426908433437,2147.0,1804.0
16867,40,2035,0.014787762425839901,2148.0,1773.0
14979,105,5267,0.008441870100796223,2149.0,1531.0
15783,170,8516,0.12401524186134338,2150.0,1570.0
14363,95,4793,0.1411641538143158,2151.0,2206.0
14363,305,15271,0.2991783916950226,2152.0,111.0
14610,34,1724,0.00863587111234665,2153.0,1766.0
14610,35,1754,0.01550325658172369,2154.0,2436.0
15840,41,2084,0.05637737736105919,2155.0,3645.0
14909,35,1768,0.02172735333442688,2156.0,2451.0
14909,83,4186,0.00676729204133153,2157.0,1331.0
14909,155,7783,0.001291844411753118,2158.0,350.0
16949,424,21236,0.21065975725650787,2159.0,2154.0
15322,78,3926,0.026845812797546387,2160.0,1310.0
16499,233,11658,0.0023131545167416334,2161.0,375.0
14557,36,1843,0.9547131657600403,2162.0,3545.0
14878,68,3440,0.0013597316574305296,2163.0,2787.0
14796,23,1200,0.022064877673983574,2164.0,184.0
17309,56,2826,0.005911525338888168,2165.0,720.0
15308,72,3608,0.07341231405735016,2166.0,4202.0
14934,62,3115,0.0036905992310494184,2167.0,1539.0
14934,98,4948,0.006820830050855875,2168.0,1903.0
17139,144,7247,0.022837236523628235,2169.0,679.0
14789,73,3661,0.00766146183013916,2170.0,994.0
16585,43,2200,0.5900236368179321,2171.0,1060.0
14925,117,5867,0.3293868601322174,2172.0,835.0
14925,117,5885,0.0013572325697168708,2173.0,1986.0
16741,460,23041,0.013227389194071293,2174.0,613.0
17157,31,1575,0.12129569053649902,2175.0,911.0
15915,8,424,0.013034646399319172,2176.0,2617.0
15915,326,16327,0.01657024770975113,2177.0,1449.0
16023,426,21301,0.03135175257921219,2178.0,1284.0
16420,52,2646,0.0065706889145076275,2179.0,155.0
14139,40,2041,0.02674248069524765,2180.0,2009.0
14745,138,6911,0.06810899823904037,2181.0,2731.0
14439,43,2184,0.37403109669685364,2182.0,765.0
16446,350,17521,0.2735442519187927,2183.0,1716.0
14260,177,8888,0.017191430553793907,2184.0,1951.0
17111,225,11291,0.023921798914670944,2185.0,953.0
15114,74,3712,0.0035342685878276825,2186.0,1014.0
15114,122,6134,0.029191289097070694,2187.0,1137.0
17555,4,231,0.007139073219150305,2188.0,1489.0
17455,5,251,0.047714632004499435,2189.0,489.0
17482,68,3408,0.00035375647712498903,2190.0,2491.0
15960,129,6498,0.2017175406217575,2191.0,1259.0
15960,280,14042,0.04207791015505791,2192.0,436.0
14553,83,4170,0.20871064066886902,2193.0,2354.0
14220,22,1125,0.014269224368035793,2194.0,2156.0
15794,175,8755,0.0016200467944145203,2195.0,3367.0
15697,0,36,0.001847145496867597,2196.0,1082.0
16076,25,1284,0.0011820174986496568,2197.0,1539.0
16076,28,1441,0.008399387821555138,2198.0,1848.0
16817,212,10632,0.004050739109516144,2199.0,634.0
14857,60,3047,0.0066194236278533936,2200.0,3948.0
14667,10,546,0.02109275572001934,2201.0,2667.0
14543,88,4449,0.023446831852197647,2202.0,2198.0
14543,241,12079,0.02202497608959675,2203.0,4532.0
14883,32,1601,0.0075022014789283276,2204.0,1651.0
14463,14,722,0.04961610212922096,2205.0,992.0
14463,95,4772,0.03102891892194748,2206.0,823.0
16134,135,6761,0.04083217307925224,2207.0,2012.0
14235,7,376,0.19994719326496124,2208.0,5756.0
16060,100,5016,0.18147124350070953,2209.0,2599.0
15469,267,13387,0.0031811222434043884,2210.0,907.0
17371,302,15125,0.30609065294265747,2211.0,225.0
17371,360,18017,0.07524672895669937,2212.0,1386.0
14733,19,981,0.13408145308494568,2213.0,2322.0
16173,50,2538,0.007450977806001902,2214.0,995.0
17240,76,3811,0.006230798549950123,2215.0,2359.0
14873,142,7145,0.25181007385253906,2216.0,3206.0
15954,310,15542,0.037520118057727814,2217.0,2385.0
14246,127,6356,0.04182182252407074,2218.0,2714.0
14463,61,3062,0.1837531179189682,2219.0,1868.0
17397,17,851,0.4370705187320709,2220.0,358.0
15828,496,24827,0.0598386712372303,2221.0,696.0
15504,218,10938,0.024845976382493973,2222.0,4450.0
15682,45,2254,0.3944091200828552,2223.0,451.0
17134,76,3835,0.030196413397789,2224.0,1753.0
15872,56,2821,0.8648802042007446,2225.0,680.0
15592,144,7235,0.0027311446610838175,2226.0,345.0
14916,45,2281,0.01218049880117178,2227.0,590.0
14278,26,1336,0.0022320898715406656,2228.0,1213.0
17407,66,3334,0.5048686861991882,2229.0,3118.0
16544,113,5685,0.025076517835259438,2230.0,1715.0
17132,210,10523,0.011786282062530518,2231.0,2621.0
14662,215,10767,0.0035395591985434294,2232.0,715.0
15774,350,17522,0.12706398963928223,2233.0,2408.0
14436,197,9878,0.03030061349272728,2234.0,1724.0
16313,91,4583,0.012255212292075157,2235.0,1640.0
17371,549,27474,0.18593107163906097,2236.0,2098.0
16352,154,7716,0.0066339666955173016,2237.0,302.0
16352,265,13265,0.019573910161852837,2238.0,2779.0
14257,35,1799,0.018400736153125763,2239.0,2457.0
14812,94,4724,0.00042830189340747893,2240.0,5691.0
16176,62,3139,0.04881158843636513,2241.0,4583.0
16227,288,14405,0.001552291912958026,2242.0,3948.0
16160,100,5041,0.01440760400146246,2243.0,2422.0
15482,94,4736,0.3138771951198578,2244.0,1627.0
16389,99,4986,0.07442387193441391,2245.0,990.0
14654,103,5165,0.004202301613986492,2246.0,1630.0
15463,471,23566,0.010561390779912472,2247.0,1468.0
14219,44,2229,0.02327829971909523,2248.0,1840.0
16231,37,1885,0.03512848541140556,2249.0,1755.0
15511,247,12373,0.03338112309575081,2250.0,1352.0
15677,318,15946,0.9695836305618286,2251.0,838.0
16431,199,9985,0.0704156905412674,2252.0,2189.0
14549,191,9573,0.04120153933763504,2253.0,1612.0
15115,28,1413,0.08805540949106216,2254.0,5201.0
15115,96,4803,0.01566104032099247,2255.0,3202.0
15115,96,4841,0.32044491171836853,2256.0,1964.0
14763,24,1202,0.050329893827438354,2257.0,1295.0
17559,119,5955,0.013064351864159107,2258.0,1304.0
15989,67,3364,0.007994337938725948,2259.0,2414.0
15529,264,13249,0.030308600515127182,2260.0,2740.0
17232,31,1572,0.16624502837657928,2261.0,2086.0
15118,40,2041,0.006228478625416756,2262.0,1808.0
15118,193,9696,0.014306612312793732,2263.0,688.0
17494,114,5731,0.02677055634558201,2264.0,1812.0
16944,1,65,0.018435774371027946,2265.0,785.0
16944,96,4848,0.06684699654579163,2266.0,2930.0
16944,105,5260,0.011155152693390846,2267.0,1933.0
14550,196,9828,0.01396658830344677,2268.0,1693.0
15249,99,4961,0.015360704623162746,2269.0,2789.0
15528,176,8806,0.0009418004774488509,2270.0,1335.0
16648,2,107,0.130647212266922,2271.0,909.0
15930,295,14800,0.06571659445762634,2272.0,1328.0
16141,220,11012,0.5394907593727112,2273.0,309.0
14915,25,1279,0.024453215301036835,2274.0,1075.0
15877,14,748,0.031073065474629402,2275.0,2785.0
14263,183,9190,0.05578070878982544,2276.0,1534.0
16210,86,4332,0.118665412068367,2277.0,1311.0
14664,159,7986,0.043948762118816376,2278.0,1520.0
14246,73,3660,0.09528017789125443,2279.0,980.0
14246,97,4851,0.05172683671116829,2280.0,1028.0
15530,47,2382,0.0248124822974205,2281.0,833.0
16052,413,20668,0.04386042058467865,2282.0,1376.0
15395,96,4816,0.01872582547366619,2283.0,2259.0
16107,108,5426,0.020683463662862778,2284.0,2775.0
17239,5,252,0.0708768293261528,2285.0,1307.0
17239,132,6621,0.006756394635885954,2286.0,1013.0
14901,108,5426,0.05084457993507385,2287.0,1906.0
16923,31,1565,0.041819676756858826,2288.0,1288.0
17547,19,982,0.009135170839726925,2289.0,755.0
16797,76,3828,0.00256154453381896,2290.0,1190.0
15930,66,3334,0.011921199038624763,2291.0,1679.0
15930,155,7778,0.02982085943222046,2292.0,2511.0
14806,103,5168,0.3589249849319458,2293.0,358.0
14814,114,5724,0.10426920652389526,2294.0,509.0
15496,4,242,0.017171291634440422,2295.0,1340.0
17070,146,7301,0.009599428623914719,2296.0,201.0
17448,32,1650,0.03681584447622299,2297.0,1021.0
15291,266,13301,0.027321571484208107,2298.0,118.0
16008,429,21483,0.3970893621444702,2299.0,1734.0
17521,62,3133,0.01659025251865387,2300.0,845.0
14772,238,11925,0.004754234105348587,2301.0,2261.0
15961,66,3339,0.20542848110198975,2302.0,667.0
16184,39,1962,0.009455068036913872,2303.0,1481.0
14553,240,12038,0.014261607080698013,2304.0,1235.0
14218,92,4642,0.019353559240698814,2305.0,937.0
15416,33,1686,0.026659434661269188,2306.0,2235.0
15484,247,12400,0.00856801774352789,2307.0,1255.0
15323,38,1901,0.026515381410717964,2308.0,522.0
16322,10,549,0.06932257860898972,2309.0,1889.0
17373,61,3072,0.014292798936367035,2310.0,1289.0
14548,194,9729,0.006353221833705902,2311.0,1117.0
15960,424,21223,0.024945270270109177,2312.0,553.0
15497,35,1768,0.0030490290373563766,2313.0,668.0
17087,205,10298,0.025584977120161057,2314.0,1612.0
16036,34,1734,0.021176062524318695,2315.0,2366.0
16036,189,9466,0.23132410645484924,2316.0,807.0
16036,189,9488,0.09983938932418823,2317.0,1563.0
16798,148,7426,0.08881819248199463,2318.0,1085.0
14564,147,7364,0.0007408810779452324,2319.0,2723.0
16232,130,6512,0.00275785312987864,2320.0,1150.0
15462,20,1038,0.010724851861596107,2321.0,590.0
14942,19,962,0.0724337249994278,2322.0,689.0
14376,145,7290,0.03232216835021973,2323.0,7438.0
17056,77,3851,0.021595023572444916,2324.0,2706.0
15348,274,13750,0.035537704825401306,2325.0,3922.0
14425,115,5773,0.012247122824192047,2326.0,2352.0
15052,15,761,0.0015856336103752255,2327.0,487.0
15052,25,1278,0.0014930021716281772,2328.0,1323.0
15966,126,6349,0.023242494091391563,2329.0,1472.0
15115,105,5296,0.02028322033584118,2330.0,1914.0
16428,467,23367,0.10083749890327454,2331.0,1351.0
14438,185,9296,0.6170597076416016,2332.0,2008.0
16949,273,13685,0.00728265568614006,2333.0,778.0
17494,175,8784,0.007768529467284679,2334.0,1323.0
14653,58,2916,0.11857939511537552,2335.0,1372.0
16883,7,391,0.0007451631827279925,2336.0,939.0
16117,52,2628,0.16286545991897583,2337.0,155.0
15713,19,983,0.9845386743545532,2338.0,848.0
14469,3,158,0.2798269987106323,2339.0,1826.0
14417,13,676,0.011470498517155647,2340.0,584.0
14297,298,14908,0.004721762612462044,2341.0,135.0
16052,105,5287,0.0029866814147681,2342.0,4307.0
15412,116,5817,0.025141170248389244,2343.0,941.0
15516,77,3859,0.0034230940509587526,2344.0,365.0
14610,130,6537,0.1588623821735382,2345.0,1266.0
17463,3,198,0.011576347053050995,2346.0,923.0
17028,181,9068,0.058472082018852234,2347.0,774.0
15931,5,261,0.219138965010643,2348.0,2487.0
17488,93,4658,0.0018364550778642297,2349.0,1351.0
16843,13,693,0.04159919172525406,2350.0,1392.0
16854,43,2199,0.005264514125883579,2351.0,630.0
16752,61,3074,0.003195609198883176,2352.0,646.0
15486,345,17286,0.003845216939225793,2353.0,1850.0
16520,77,3852,0.001556728733703494,2354.0,379.0
14148,200,10033,0.00965514499694109,2355.0,273.0
15322,52,2607,0.012978634797036648,2356.0,1761.0
14377,217,10881,0.20640744268894196,2357.0,733.0
14377,217,10898,0.04164374619722366,2358.0,306.0
16826,183,9195,0.06678338348865509,2359.0,1278.0
16826,418,20948,0.02806726284325123,2360.0,489.0
17005,180,9028,0.04442225396633148,2361.0,1772.0
16952,114,5750,0.007782762870192528,2362.0,74.0
16952,122,6141,0.048983193933963776,2363.0,1702.0
15500,181,9061,0.31574884057044983,2364.0,1712.0
14729,167,8360,0.0097670191898942,2365.0,355.0
14965,57,2853,0.05561743676662445,2366.0,85.0
14257,80,4002,0.6959406137466431,2367.0,1605.0
15369,196,9806,0.0018937962595373392,2368.0,1209.0
14263,2,110,0.6218000650405884,2369.0,1499.0
14263,174,8729,0.0011882840190082788,2370.0,1957.0
14693,44,2249,0.019043460488319397,4359.0,135.0
16389,54,2702,0.0034765617456287146,2372.0,6677.0
16389,149,7499,0.003217803779989481,2373.0,1190.0
15259,36,1803,0.007859375327825546,2374.0,2958.0
14527,25,1262,0.028510598465800285,2375.0,1891.0
15279,25,1260,0.13911442458629608,2376.0,1093.0
15154,147,7392,0.0030502178706228733,2377.0,1651.0
15590,315,15754,0.00800968986004591,2378.0,1604.0
16313,346,17347,0.0965719148516655,2379.0,902.0
15145,90,4537,0.03758974000811577,2380.0,984.0
17186,38,1910,0.0006834821542724967,2381.0,1009.0
17092,16,808,0.0015360483666881919,2382.0,2452.0
16394,51,2587,0.038953520357608795,2383.0,1847.0
16317,35,1784,0.7628581523895264,2384.0,3262.0
14774,40,2014,0.010033449158072472,2385.0,2746.0
15249,60,3041,0.039546459913253784,2386.0,2118.0
17132,337,16883,0.0007111802115105093,2387.0,724.0
17400,49,2456,0.02469419315457344,2388.0,623.0
14891,119,5959,0.007632109336555004,2389.0,1572.0
14453,174,8706,0.1106642559170723,2390.0,838.0
14585,17,855,0.0006595866288989782,2391.0,2537.0
16846,197,9890,0.020777041092514992,2392.0,2512.0
14127,259,12954,0.029622340574860573,2393.0,1321.0
16511,78,3937,0.13007348775863647,2394.0,2488.0
14459,47,2369,0.06358926743268967,2395.0,1676.0
14459,80,4035,0.0009811784839257598,2396.0,826.0
16786,105,5281,0.172618106007576,2397.0,1274.0
14903,246,12338,0.019192364066839218,2398.0,2841.0
16489,110,5547,0.07917103171348572,2399.0,1193.0
14135,37,1894,0.006040025502443314,2400.0,1621.0
14135,52,2639,0.8683660626411438,2401.0,3087.0
14912,176,8801,0.06676505506038666,2402.0,1063.0
15279,94,4715,0.007333093788474798,2403.0,639.0
14468,15,786,0.11698604375123978,2404.0,432.0
15901,70,3532,0.002378362463787198,2405.0,439.0
16092,174,8704,0.06883449107408524,2406.0,1923.0
14774,208,10402,0.053444381803274155,2407.0,1195.0
14550,282,14122,0.08464702218770981,2408.0,512.0
15484,278,13925,0.5121849179267883,2409.0,234.0
14277,315,15764,0.03336052969098091,2410.0,1481.0
14609,300,15047,0.0037441826425492764,2411.0,584.0
16746,50,2520,0.09293746948242188,2412.0,169.0
16841,92,4606,0.005028903018683195,2413.0,1910.0
17282,68,3443,0.038462717086076736,2414.0,758.0
17552,44,2235,0.0025064072106033564,2415.0,1492.0
14139,216,10813,0.0019163585966452956,2416.0,1019.0
15917,16,850,0.0832739919424057,2417.0,3149.0
16965,192,9629,0.0017522248672321439,2418.0,1693.0
14707,43,2152,0.23784925043582916,2419.0,510.0
16058,62,3140,0.004951470997184515,2420.0,1938.0
15074,12,649,0.005639311391860247,2421.0,193.0
15790,35,1789,0.07504583895206451,2422.0,1316.0
16964,266,13321,0.029024794697761536,2423.0,5464.0
14914,31,1594,0.059493958950042725,2424.0,3361.0
14368,73,3669,0.006306742783635855,2425.0,544.0
14368,145,7275,0.4375055134296417,2426.0,3387.0
16378,120,6043,0.025919802486896515,2427.0,2434.0
17087,282,14101,0.024380680173635483,2428.0,761.0
14818,1,70,0.009424315765500069,2429.0,185.0
17220,5,271,0.19072413444519043,2430.0,6162.0
17220,48,2449,0.48665913939476013,2431.0,2363.0
14741,182,9130,0.020067080855369568,2432.0,1554.0
16963,203,10169,0.00830247811973095,2433.0,2265.0
14934,168,8413,0.09861036390066147,2434.0,3099.0
14313,225,11269,0.03168267011642456,2435.0,1668.0
17100,54,2716,0.43827828764915466,2436.0,1.0
14148,195,9764,0.01846691593527794,2437.0,1779.0
16379,99,4994,0.019122479483485222,2438.0,453.0
14200,0,14,0.016668541356921196,2439.0,302.0
15897,32,1610,0.0055031380616128445,2440.0,1110.0
14583,4,208,0.007249604910612106,2441.0,1500.0
14216,75,3794,0.32706552743911743,2442.0,1953.0
15416,102,5107,0.28619053959846497,2443.0,2346.0
14886,92,4603,0.022104280069470406,2444.0,1310.0
14886,127,6382,0.01306284498423338,2445.0,335.0
14886,130,6513,0.004348122980445623,2446.0,221.0
14907,78,3938,0.0759006068110466,2447.0,2142.0
14990,125,6297,0.02028021216392517,2448.0,2745.0
14390,104,5208,0.1344333440065384,2449.0,1969.0
14390,120,6038,0.04017613083124161,2450.0,2768.0
15423,31,1555,0.015200921334326267,2451.0,1611.0
14807,94,4733,0.002121666446328163,2452.0,2695.0
16666,157,7854,0.6380870938301086,2453.0,532.0
16852,240,12035,0.1341269314289093,2454.0,2720.0
14634,146,7337,0.0036694046575576067,2455.0,5683.0
17401,89,4452,0.009781284257769585,2456.0,892.0
16442,122,6105,0.0020300555042922497,2457.0,961.0
16442,165,8263,0.4417477548122406,2458.0,2134.0
16544,133,6688,0.001038192305713892,2459.0,1586.0
15345,272,13649,0.0010817090515047312,2460.0,3524.0
15516,115,5777,0.14623059332370758,2461.0,1487.0
15591,104,5244,0.04495839774608612,2462.0,957.0
15591,159,7985,0.21917252242565155,2463.0,1664.0
14174,64,3248,0.05936286970973015,2464.0,1389.0
15859,318,15914,0.009911850094795227,2465.0,2892.0
17169,178,8920,0.04960400611162186,2466.0,160.0
15527,10,517,0.31229913234710693,2467.0,109.0
15527,32,1635,0.025561047717928886,2468.0,1516.0
14450,98,4931,0.025445345789194107,2469.0,3014.0
15345,139,6989,0.0019457918824627995,2470.0,881.0
15345,163,8180,0.010634786449372768,2471.0,3886.0
16078,36,1817,0.014500511810183525,2472.0,2118.0
16960,76,3802,0.033972036093473434,2473.0,2165.0
16263,20,1042,0.039150163531303406,2474.0,2719.0
16301,68,3441,0.003493456169962883,2475.0,796.0
17005,143,7160,0.13683992624282837,2476.0,346.0
17005,196,9835,0.00722857378423214,2477.0,1538.0
15345,0,32,0.06643553078174591,2478.0,5699.0
14539,143,7163,0.0050763580948114395,2479.0,669.0
15801,453,22659,0.017257368192076683,2480.0,2288.0
14938,245,12275,0.02149779349565506,2481.0,602.0
16446,347,17399,0.011148212477564812,2482.0,2575.0
15473,85,4278,0.27857065200805664,2483.0,372.0
14590,11,575,0.04399740695953369,2484.0,1978.0
14334,103,5154,0.09632308036088943,2485.0,1698.0
16821,383,19190,0.004498740658164024,2486.0,2083.0
14806,1,74,0.12912392616271973,2487.0,1547.0
14902,33,1693,0.02607332542538643,2488.0,1122.0
14637,44,2238,0.09900635480880737,2489.0,1344.0
16514,77,3862,0.0023763482458889484,2490.0,1907.0
14553,43,2185,0.029587168246507645,2491.0,6547.0
15861,19,971,0.20109467208385468,2492.0,1718.0
15861,46,2325,0.0767751932144165,2493.0,616.0
16798,64,3247,0.006534282583743334,2494.0,2494.0
15287,66,3345,0.14004576206207275,2495.0,2543.0
14222,53,2695,0.5705972909927368,2496.0,4017.0
14772,229,11482,0.02011331170797348,2497.0,304.0
14218,107,5372,0.009231786243617535,2498.0,2507.0
14927,0,18,0.01491329725831747,2499.0,225.0
14997,53,2654,0.035325419157743454,2500.0,1821.0
15382,147,7358,0.02316930703818798,2501.0,608.0
14959,301,15073,0.018043633550405502,2502.0,1773.0
14790,207,10361,0.6414856910705566,2503.0,895.0
14335,189,9482,0.038846295326948166,2504.0,1397.0
16584,12,631,0.19368451833724976,2505.0,118.0
14260,33,1692,0.014215615577995777,2506.0,1801.0
14550,124,6218,0.0023136166855692863,2507.0,666.0
14692,3,184,0.0012693052412942052,2508.0,2018.0
14603,26,1315,0.08565005660057068,2509.0,4387.0
15167,130,6513,0.06930477172136307,2510.0,3451.0
15167,171,8570,0.03154199942946434,2511.0,1820.0
17494,106,5326,0.002165393205359578,2512.0,1035.0
16952,78,3916,0.009391157887876034,2513.0,1424.0
15368,86,4330,0.03923962637782097,2514.0,340.0
15762,142,7114,0.07580723613500595,2515.0,553.0
15762,253,12670,0.0072028664872050285,2516.0,1635.0
15930,1,56,0.006214077118784189,2517.0,1203.0
17406,113,5694,0.13608922064304352,2518.0,957.0
14886,49,2488,0.044003501534461975,2519.0,1483.0
16225,120,6029,0.23088131844997406,2520.0,1948.0
14243,42,2135,0.6241984367370605,2521.0,1951.0
16889,86,4348,0.021225402131676674,2522.0,2780.0
15923,426,21335,0.05761300399899483,2523.0,1992.0
15588,359,17982,0.0011434039333835244,2524.0,874.0
16013,40,2031,0.007826822809875011,2525.0,2323.0
17352,202,10126,0.041532959789037704,2526.0,1207.0
17352,285,14263,0.004935752600431442,2527.0,858.0
16317,138,6933,0.042639315128326416,2528.0,2629.0
16782,0,49,0.0027353260666131973,2529.0,2011.0
14736,7,368,0.018929962068796158,2530.0,649.0
17488,138,6920,0.04645893722772598,2531.0,1204.0
14196,4,208,0.3125940263271332,2532.0,1078.0
14196,4,234,0.03608982637524605,2533.0,757.0
15803,104,5229,0.04535131901502609,2534.0,3607.0
15161,199,10000,0.7715510129928589,2535.0,774.0
14644,102,5117,0.013598655350506306,2536.0,1117.0
14644,252,12631,0.03797834366559982,2537.0,1053.0
16410,59,2959,0.008363988250494003,2538.0,362.0
16379,132,6637,0.005196903832256794,2539.0,405.0
14138,40,2028,0.011403955519199371,2540.0,845.0
14138,74,3747,0.09476602077484131,2541.0,574.0
14165,72,3650,0.11055085808038712,2542.0,2043.0
17103,44,2225,0.9324070811271667,2543.0,1367.0
16232,57,2877,0.0019271272467449307,2544.0,777.0
14551,139,6962,0.006189384497702122,2545.0,1275.0
14603,90,4513,0.0834747850894928,2546.0,1381.0
14603,211,10578,0.3520987629890442,2547.0,319.0
15792,28,1414,0.005653675179928541,2548.0,113.0
14154,10,524,0.16055235266685486,2549.0,1297.0
14154,69,3453,0.23544855415821075,2550.0,518.0
15391,244,12206,0.001631680061109364,2551.0,144.0
16978,410,20504,0.05633251368999481,2552.0,1853.0
15774,452,22617,0.10274756699800491,2553.0,515.0
16109,52,2637,0.1566643863916397,2554.0,1966.0
16425,54,2733,0.0019508175319060683,2555.0,258.0
16874,403,20152,0.0026376608293503523,2556.0,269.0
16850,2,126,0.5304591059684753,2557.0,3763.0
16850,213,10666,0.025921490043401718,2558.0,1349.0
16850,213,10690,0.0016661199042573571,2559.0,1640.0
16939,9,494,0.0018852108623832464,2560.0,1239.0
17056,140,7019,0.005033786874264479,2561.0,879.0
14644,168,8440,0.010844958946108818,2562.0,1524.0
14644,219,10967,0.06181119382381439,2563.0,2059.0
14298,12,633,0.017435189336538315,2564.0,1732.0
16158,227,11394,0.0025624192785471678,2565.0,1426.0
14976,37,1869,0.008292402140796185,2566.0,2317.0
14976,60,3029,0.013378988951444626,2567.0,814.0
14789,123,6198,0.0006452951929531991,2568.0,887.0
17497,103,5179,0.0012649550335481763,2569.0,1448.0
17311,140,7019,0.1824428141117096,2570.0,5439.0
15266,54,2732,0.00768273463472724,2571.0,1578.0
15266,58,2918,0.009655513800680637,2572.0,3168.0
16428,121,6070,0.012377418577671051,2573.0,1002.0
16051,179,8963,0.0625358521938324,2574.0,1855.0
17256,6,344,0.014856097288429737,2575.0,299.0
17256,20,1023,0.2109287530183792,2576.0,335.0
15246,65,3279,0.056475117802619934,2577.0,2054.0
16027,7,375,0.026534531265497208,2578.0,1892.0
16741,332,16617,0.006273739039897919,2579.0,7054.0
16022,40,2048,0.004051256459206343,2580.0,4044.0
15061,108,5447,0.149649515748024,2581.0,2706.0
14148,206,10348,0.0016509551787748933,2582.0,1144.0
15862,304,15216,0.0018963703187182546,2583.0,909.0
15497,89,4491,0.020751850679516792,2584.0,1034.0
17349,84,4248,0.10773760825395584,2585.0,1647.0
14587,119,5969,0.017548654228448868,2586.0,1483.0
17478,53,2667,0.06857014447450638,2587.0,2828.0
14342,299,14975,0.002032763324677944,2588.0,3329.0
14438,95,4770,0.05734417587518692,2589.0,231.0
15895,7,373,0.01688465103507042,2590.0,2376.0
14795,17,856,0.015285209752619267,2591.0,3192.0
15931,448,22447,0.01005682535469532,2592.0,1993.0
14428,89,4493,0.21636603772640228,2593.0,263.0
17095,34,1742,0.0016189867164939642,2594.0,248.0
14940,1,55,0.008410985581576824,2595.0,732.0
16746,61,3070,0.009373318403959274,2596.0,1156.0
16530,15,772,0.02103159762918949,2597.0,183.0
16975,196,9847,0.0009002849692478776,2598.0,2984.0
14379,62,3145,0.08990460634231567,2599.0,1317.0
15877,65,3253,0.10386878252029419,2600.0,1747.0
15509,42,2107,0.003635756904259324,2601.0,1456.0
16298,27,1397,0.0028213809709995985,2602.0,1892.0
17410,21,1070,0.11660291999578476,2603.0,3937.0
15484,45,2274,0.14298968017101288,2604.0,209.0
15484,45,2296,0.005905722267925739,2605.0,1150.0
14217,4,223,0.0002651422983035445,2606.0,2168.0
14623,223,11152,0.1725810021162033,2607.0,2157.0
16834,233,11656,0.015063307248055935,2608.0,1708.0
14975,198,9910,0.02867339923977852,2609.0,1440.0
16883,32,1641,0.005764352157711983,2610.0,163.0
16104,43,2191,0.09992479532957077,2611.0,1124.0
16504,113,5681,0.016806190833449364,2612.0,2966.0
15776,1,88,0.036541227251291275,2613.0,637.0
16332,48,2408,0.023906253278255463,2614.0,1832.0
14789,100,5049,0.04195108264684677,2615.0,290.0
16666,147,7381,0.3898654282093048,2616.0,2200.0
16666,147,7389,0.013615673407912254,2617.0,2389.0
14938,151,7594,0.15593606233596802,2618.0,3935.0
16656,2,121,0.01707843318581581,2619.0,1108.0
16570,92,4611,0.027113763615489006,2620.0,1462.0
14772,265,13277,0.003548107808455825,2621.0,1259.0
15120,40,2027,0.037139520049095154,2622.0,2068.0
14991,10,511,0.0257358867675066,2623.0,2407.0
14235,36,1837,0.001934609841555357,2624.0,2319.0
15989,162,8112,0.12086807191371918,2625.0,1717.0
14824,318,15927,0.0004931697039864957,2626.0,1051.0
15383,207,10386,0.024161741137504578,2627.0,1195.0
16797,154,7730,0.0410093329846859,2628.0,605.0
14782,48,2437,0.18168433010578156,2629.0,286.0
16205,14,750,0.005750494543462992,2630.0,422.0
17101,78,3935,0.07608164846897125,2631.0,2473.0
16067,118,5933,0.009075653739273548,2632.0,647.0
16203,72,3636,0.011193383485078812,2633.0,1110.0
14799,85,4263,0.021202024072408676,2634.0,957.0
14134,76,3847,0.00642094062641263,2635.0,4443.0
14390,11,595,0.04488033056259155,2636.0,6444.0
15318,162,8141,0.07902880012989044,2637.0,5.0
16962,64,3203,0.03454328328371048,2638.0,292.0
16962,174,8717,0.03437008336186409,2639.0,122.0
15415,311,15594,0.0008151686633937061,2640.0,2027.0
16250,49,2487,0.061674706637859344,2641.0,2185.0
15102,50,2522,0.007957698777318,2642.0,686.0
15986,226,11346,0.27463334798812866,2643.0,1588.0
16006,308,15443,0.1511678844690323,2644.0,467.0
14423,23,1192,0.11164867877960205,2645.0,1044.0
16051,74,3744,0.0016665457515046,2646.0,3089.0
14816,69,3481,0.08001498132944107,2647.0,360.0
16520,36,1843,0.01911199279129505,2648.0,2521.0
16331,66,3346,0.005254779476672411,2649.0,1071.0
16331,102,5116,0.244803786277771,2650.0,1295.0
15348,227,11369,0.006195999216288328,2651.0,2085.0
14281,255,12768,0.001242897822521627,2652.0,759.0
14812,229,11488,0.021199874579906464,2653.0,2433.0
14942,131,6590,0.02061084657907486,2654.0,610.0
14942,324,16209,0.005309968255460262,2655.0,996.0
16167,256,12803,0.006142841652035713,2656.0,1310.0
16205,212,10615,0.07024141401052475,2657.0,1343.0
16467,9,477,0.0909852609038353,2658.0,2186.0
15910,194,9719,0.29934221506118774,2659.0,2314.0
15297,223,11183,0.00015599708422087133,2660.0,1247.0
15271,19,975,0.0020650308579206467,2661.0,4621.0
15466,73,3662,0.040052447468042374,2662.0,169.0
17451,39,1960,0.017413979396224022,2663.0,58.0
14785,47,2359,0.009823324158787727,2664.0,1655.0
14785,58,2905,0.09564416110515594,2665.0,1198.0
14372,305,15262,0.08877484500408173,2666.0,393.0
16864,44,2247,0.14232878386974335,2667.0,1788.0
16668,114,5708,0.0009645623504184186,2668.0,1590.0
16668,114,5750,0.05292747914791107,2669.0,2336.0
14335,179,8963,0.0058415550738573074,2670.0,1685.0
15391,66,3347,0.019593780860304832,2671.0,231.0
16935,128,6432,0.042679090052843094,2672.0,2195.0
16096,81,4053,0.029821762815117836,2673.0,2681.0
14427,180,9034,0.20810554921627045,2674.0,173.0
15392,82,4116,0.0024025102611631155,2675.0,2310.0
14425,13,678,0.0018048785859718919,2676.0,1090.0
14590,102,5144,0.012301202863454819,2677.0,1659.0
14590,102,5147,0.23347853124141693,2678.0,2393.0
16467,79,3957,0.005060943774878979,2679.0,502.0
14159,193,9690,0.022839540615677834,2680.0,3017.0
16847,134,6730,0.16126811504364014,2681.0,2549.0
16524,29,1495,0.0035529867745935917,2682.0,3352.0
15021,13,655,0.0494660921394825,2683.0,423.0
14621,71,3560,0.07805880159139633,2684.0,2330.0
15098,37,1891,0.00612984225153923,2685.0,470.0
14367,269,13485,0.2523294687271118,2686.0,720.0
14631,222,11107,0.01122134830802679,2687.0,572.0
17493,62,3109,0.1329386830329895,2688.0,2545.0
15900,221,11069,0.02902705781161785,2689.0,2452.0
15799,234,11715,0.026508834213018417,2690.0,906.0
15922,20,1028,0.4691283702850342,2691.0,36.0
14455,95,4769,0.012653625570237637,2692.0,2930.0
14940,39,1962,0.04226066172122955,2693.0,2217.0
14902,72,3608,0.06117338314652443,2694.0,1813.0
15339,72,3640,0.062229350209236145,2695.0,782.0
14965,302,15125,0.004779665730893612,2696.0,2997.0
16060,164,8215,0.03760869801044464,2697.0,1541.0
17132,78,3908,0.04751959443092346,2698.0,2417.0
17132,472,23643,0.49727702140808105,2699.0,1290.0
17132,474,23724,0.22158615291118622,2700.0,892.0
14569,132,6608,0.05627112835645676,2701.0,766.0
16134,44,2237,0.11016582697629929,2702.0,293.0
16851,259,12996,0.015796735882759094,2703.0,808.0
14756,113,5651,0.029835885390639305,2704.0,833.0
14756,113,5698,0.017582911998033524,2705.0,3065.0
16507,68,3417,0.04199825972318649,2706.0,2237.0
14174,167,8371,0.021398330107331276,2707.0,1325.0
14632,43,2171,0.23466219007968903,2708.0,2975.0
17370,1,51,0.00589009141549468,2709.0,2148.0
17467,108,5441,0.012907217256724834,2710.0,1846.0
14820,22,1106,0.0010712965158745646,2711.0,504.0
14290,135,6766,0.00980724673718214,2712.0,1221.0
16006,448,22417,0.00221681478433311,2713.0,886.0
16006,471,23578,0.012277091853320599,2714.0,2531.0
14342,192,9606,0.12299621850252151,2715.0,617.0
14342,192,9646,0.022658443078398705,2716.0,1130.0
14124,207,10361,0.043033797293901443,2717.0,287.0
15464,66,3348,0.0036600062157958746,2718.0,910.0
15295,1,82,0.4356333613395691,2719.0,308.0
15295,7,389,0.08287781476974487,2720.0,1081.0
15353,124,6244,0.03476070985198021,2721.0,3761.0
14980,32,1646,0.030178966000676155,2722.0,1860.0
17011,347,17373,0.05161953344941139,2723.0,1215.0
16751,158,7906,0.1661471575498581,2724.0,510.0
17313,229,11464,0.3468942642211914,2725.0,1408.0
16322,36,1803,0.04748426377773285,2726.0,1730.0
14877,216,10822,0.004374582786113024,2727.0,1170.0
14467,137,6869,0.043138161301612854,2728.0,1554.0
17338,53,2667,0.261433869600296,2729.0,2827.0
14642,29,1491,0.009885137900710106,2730.0,1402.0
15530,55,2796,0.009404731914401054,2731.0,1150.0
17237,58,2939,0.02304571121931076,2732.0,4980.0
14746,17,898,0.0673009380698204,2733.0,1788.0
14423,6,306,0.003009583568200469,2734.0,1294.0
16583,281,14090,0.026910068467259407,2735.0,905.0
15792,73,3685,0.040337711572647095,2736.0,3578.0
14968,31,1562,0.019978437572717667,2737.0,3210.0
16540,17,865,0.061802785843610764,2738.0,1349.0
16125,32,1607,0.180538147687912,2739.0,64.0
16125,32,1648,0.008132951334118843,2740.0,1324.0
16650,3,175,0.042695995420217514,2741.0,696.0
14924,194,9749,0.015293624252080917,2742.0,913.0
16685,150,7504,0.11044137179851532,2743.0,748.0
16731,140,7039,0.0013850010000169277,2744.0,2285.0
17156,95,4763,0.09234236180782318,2745.0,2088.0
16411,232,11608,0.06542667001485825,2746.0,3550.0
16965,250,12532,0.0242618415504694,2747.0,628.0
16965,324,16233,0.10900766402482986,2748.0,1814.0
17308,29,1497,0.034021347761154175,2749.0,2172.0
17552,235,11760,0.003934530541300774,2750.0,361.0
15484,236,11824,0.0026347145903855562,2751.0,1128.0
16348,6,311,0.023840731009840965,2752.0,860.0
16348,17,873,0.09840738773345947,2753.0,3768.0
16552,39,1987,0.02491718903183937,2754.0,2434.0
16036,47,2359,0.03765685856342316,2755.0,302.0
17101,81,4057,0.06409194320440292,2756.0,2115.0
14888,13,698,0.5590125918388367,2757.0,56.0
14143,50,2516,0.1869458705186844,2758.0,259.0
15394,54,2719,0.014025046490132809,2759.0,1199.0
14445,21,1080,0.3977465331554413,2760.0,2269.0
15319,20,1001,0.00806812196969986,2761.0,312.0
16425,9,464,0.03307443857192993,2762.0,4768.0
16425,17,856,0.02222595177590847,2763.0,1458.0
16425,92,4630,0.6175907254219055,2764.0,2057.0
14745,0,19,0.037598866969347,2765.0,1003.0
14745,130,6529,0.005640143062919378,2766.0,1405.0
16122,391,19551,0.02436411753296852,2767.0,2274.0
15495,0,37,0.13710419833660126,2768.0,420.0
17178,72,3629,0.04871896281838417,2769.0,2296.0
17178,92,4612,0.18017084896564484,2770.0,2625.0
14543,286,14324,0.0750080794095993,2771.0,1467.0
15398,134,6736,0.021916385740041733,2772.0,1478.0
15367,96,4841,0.09230237454175949,2773.0,665.0
16122,182,9119,0.2160199135541916,2774.0,1411.0
16122,313,15660,0.0022682908456772566,2775.0,1714.0
16340,279,13984,0.009656056761741638,2776.0,2105.0
16759,221,11084,0.0005525118904188275,2777.0,1725.0
15592,179,8959,0.23534727096557617,2778.0,179.0
14634,47,2375,0.08468484878540039,2779.0,1534.0
16511,163,8165,0.030829880386590958,2780.0,1602.0
17517,42,2128,0.0023954175412654877,2781.0,1277.0
15073,167,8363,0.021828077733516693,2782.0,1296.0
14734,8,409,0.004347836133092642,2783.0,2839.0
14935,319,15997,0.05705153942108154,2784.0,408.0
14935,319,15999,0.012295347638428211,2785.0,2387.0
14450,129,6495,0.09537289291620255,2786.0,1105.0
16852,93,4661,0.08470667153596878,2787.0,1103.0
16585,56,2842,0.00646664435043931,2788.0,1160.0
15986,91,4600,0.07649525254964828,2789.0,1055.0
15554,62,3115,0.0017280030297115445,2790.0,2126.0
14209,49,2484,0.01908455789089203,2791.0,283.0
16828,32,1645,0.2182338535785675,2792.0,1032.0
14904,43,2154,0.07345463335514069,2793.0,1435.0
15449,49,2495,0.04942828416824341,2794.0,1174.0
16524,335,16762,0.016773216426372528,2795.0,3370.0
15398,241,12060,0.15019002556800842,2796.0,1154.0
15915,419,20955,0.13928933441638947,2797.0,900.0
14257,183,9168,0.0012537487782537937,2798.0,515.0
15902,84,4250,0.018168581649661064,2799.0,386.0
14925,172,8602,0.09851487725973129,2800.0,1204.0
14771,33,1692,0.2523723244667053,2801.0,2242.0
16846,18,913,0.0027624862268567085,2802.0,1003.0
16846,120,6012,0.13368737697601318,2803.0,1494.0
16846,170,8534,0.02166600711643696,2804.0,1157.0
14321,56,2835,0.7441672086715698,2805.0,2782.0
15242,9,479,0.9997755885124207,2806.0,3704.0
14948,241,12086,0.014703570865094662,2807.0,3161.0
15591,193,9652,0.01675490476191044,2808.0,1453.0
16172,400,20016,0.10744490474462509,2809.0,953.0
17231,1,68,0.016152871772646904,2810.0,2354.0
15356,0,24,0.015388133935630322,2811.0,4660.0
14942,17,878,0.0222677830606699,2812.0,172.0
14942,152,7621,0.02420986443758011,2813.0,2519.0
14329,103,5152,0.04173476621508598,2814.0,376.0
16374,67,3394,0.10358583182096481,2815.0,1143.0
15834,104,5219,0.36434200406074524,2816.0,116.0
15834,152,7645,0.0004839828470721841,2817.0,967.0
16929,23,1194,0.017893170937895775,2818.0,1914.0
14384,15,772,0.06404630839824677,2819.0,2025.0
14741,78,3924,0.18081368505954742,2820.0,1901.0
16964,304,15227,0.011754394508898258,2821.0,112.0
14464,182,9135,0.009846629574894905,2822.0,1904.0
17452,98,4909,0.009456058964133263,2823.0,946.0
16586,119,5977,0.1073993444442749,2824.0,1776.0
16232,189,9476,0.01183880865573883,2825.0,1998.0
16750,111,5588,0.018406378105282784,2826.0,1688.0
14813,2,134,0.0059805456548929214,2827.0,1984.0
16588,240,12046,0.19109271466732025,2828.0,518.0
16350,2,127,0.4514715075492859,2829.0,582.0
15946,411,20560,0.20774038136005402,2830.0,4779.0
14222,0,36,0.010673044249415398,2831.0,4228.0
16529,45,2282,0.23103557527065277,2832.0,29184.0
17222,8,407,0.24199557304382324,2833.0,1276.0
14220,54,2740,0.009888059459626675,2834.0,1352.0
14209,140,7010,0.01378115825355053,2835.0,3016.0
14376,34,1742,0.028473548591136932,2836.0,2164.0
14891,31,1565,0.057720016688108444,2837.0,855.0
16978,144,7233,0.007401994429528713,2838.0,2620.0
17156,101,5099,0.1387268453836441,2839.0,1041.0
14526,111,5565,0.060196537524461746,2840.0,108.0
14546,111,5571,0.024850036948919296,2841.0,3809.0
17372,80,4009,0.005121653899550438,2842.0,171.0
17372,90,4529,0.08427557349205017,2843.0,1707.0
14551,143,7161,0.009121835231781006,2844.0,14.0
17070,71,3575,0.49911263585090637,2845.0,857.0
14790,55,2753,0.04056033864617348,2846.0,349.0
14790,55,2759,0.39862534403800964,2847.0,366.0
14888,54,2722,0.04844322055578232,2848.0,1111.0
14445,66,3342,0.2793630361557007,2849.0,774.0
14687,3,178,0.007367788348346949,2850.0,590.0
14687,11,574,0.2909452021121979,2851.0,2448.0
17250,39,1962,0.014185610227286816,2852.0,1769.0
14295,94,4730,0.06338170915842056,2853.0,636.0
14295,101,5080,0.032755203545093536,2854.0,692.0
16920,55,2775,0.12869831919670105,2855.0,1592.0
16036,232,11620,0.003172944998368621,2856.0,1867.0
17083,104,5214,0.11178980022668839,2857.0,216.0
17056,340,17033,0.006106316111981869,2858.0,1092.0
15432,155,7755,0.005980378482490778,2859.0,1476.0
17128,51,2553,0.0033627606462687254,2860.0,1388.0
14452,101,5071,0.04910939931869507,2861.0,1086.0
15677,371,18586,0.05196470767259598,2862.0,297.0
14886,8,436,0.09820152074098587,2863.0,947.0
16073,204,10237,0.023842645809054375,2864.0,107.0
17550,1,71,0.04887557402253151,2865.0,1718.0
15423,27,1395,0.12722153961658478,2866.0,1727.0
15161,43,2154,0.019399626180529594,2867.0,3117.0
14342,156,7813,0.792637288570404,2868.0,1937.0
14342,156,7837,0.0008764524827711284,2869.0,2750.0
14342,222,11149,0.027118846774101257,2870.0,530.0
14915,37,1887,0.013058057054877281,2871.0,478.0
14369,94,4716,0.05113794654607773,2872.0,5293.0
14801,278,13906,0.007652675732970238,2873.0,2472.0
14464,203,10164,0.007433897815644741,2874.0,362.0
16006,455,22765,0.04344833269715309,2875.0,943.0
14942,87,4369,0.013625558465719223,2876.0,2133.0
15924,22,1149,0.01739250123500824,2877.0,905.0
17489,116,5827,0.002057993318885565,2878.0,1789.0
16951,129,6499,0.06821725517511368,2879.0,1901.0
15588,52,2602,0.04385118559002876,2880.0,563.0
16141,36,1818,0.07361678034067154,2881.0,907.0
17011,320,16013,0.0034982033539563417,2882.0,906.0
17492,42,2143,0.006858754903078079,2883.0,1114.0
16553,69,3489,0.46794334053993225,2884.0,439.0
17034,182,9132,0.04515223950147629,2885.0,1291.0
15478,37,1896,0.0112493010237813,2886.0,1234.0
14644,243,12166,0.017387090250849724,2887.0,1000.0
14805,153,7662,0.03685646504163742,2888.0,2763.0
14805,153,7675,0.08653301745653152,2889.0,2465.0
16551,400,20022,0.004916359670460224,2890.0,290.0
16727,50,2520,0.020861733704805374,2891.0,2179.0
16727,308,15415,0.3770586848258972,2892.0,303.0
16403,5,269,0.009553816169500351,2893.0,2046.0
17493,173,8675,0.010163228027522564,2894.0,2960.0
16075,320,16026,0.11329133808612823,2895.0,4174.0
14541,152,7645,0.00222225533798337,2896.0,1171.0
14541,201,10094,0.00842383224517107,2897.0,2351.0
14956,266,13321,0.19900363683700562,2898.0,1767.0
17344,109,5500,0.0017106948653236032,2899.0,453.0
15267,43,2165,0.03270461782813072,2900.0,1402.0
15478,13,668,0.6582317352294922,2901.0,4587.0
15478,106,5329,0.0039461771957576275,2902.0,1587.0
15484,101,5074,0.021822229027748108,2903.0,553.0
15987,64,3212,0.047157905995845795,2904.0,392.0
15987,119,5986,0.9068331122398376,2905.0,1982.0
16075,98,4910,0.0471891425549984,2906.0,1270.0
16052,448,22435,0.03711485490202904,2907.0,3285.0
16052,461,23090,0.009874287992715836,2908.0,1111.0
17552,158,7907,0.12468861043453217,2909.0,294.0
16888,267,13380,0.01300126314163208,2910.0,732.0
16540,35,1764,0.019038574770092964,2911.0,642.0
14585,51,2562,0.034706369042396545,2912.0,734.0
16721,34,1724,0.004184470511972904,2913.0,2147.0
15530,23,1195,0.08825463801622391,2914.0,1653.0
15530,165,8263,0.023264050483703613,2915.0,2284.0
15074,59,2960,0.023328563198447227,2916.0,499.0
17267,160,8042,0.013072402216494083,2917.0,1885.0
14937,32,1630,0.0066380808129906654,2918.0,2173.0
16586,145,7259,0.027326883748173714,2919.0,1227.0
14432,7,380,0.023007940500974655,2920.0,1899.0
16751,57,2883,0.03183123096823692,2921.0,3656.0
15792,230,11517,0.0200580433011055,2922.0,1656.0
16036,396,19819,0.03202449157834053,2923.0,3206.0
15433,110,5530,0.021820638328790665,2924.0,417.0
16346,124,6247,0.016938168555498123,2925.0,4354.0
15179,82,4125,0.001820086850784719,2926.0,514.0
15366,6,346,0.015796899795532227,2927.0,1863.0
17452,5,263,0.17688031494617462,2928.0,3640.0
14760,38,1946,0.5423406958580017,2929.0,1364.0
14557,42,2107,0.1342945247888565,2930.0,930.0
14557,62,3122,0.027502620592713356,2931.0,1669.0
16118,75,3797,0.002193824388086796,2932.0,1639.0
14927,41,2080,0.26012012362480164,2933.0,323.0
16664,62,3126,0.9594250321388245,2934.0,3814.0
17418,50,2550,0.0032327964436262846,2935.0,1128.0
15949,187,9387,0.015575017780065536,2936.0,3766.0
14542,28,1416,0.022439023479819298,2937.0,2613.0
14409,80,4024,0.004077889956533909,2938.0,676.0
16119,372,18623,0.11049912124872208,2939.0,1529.0
16160,65,3268,0.03958146274089813,2940.0,1514.0
16742,52,2618,0.22568173706531525,2941.0,2360.0
16262,12,617,0.019203752279281616,2942.0,2830.0
16262,64,3250,0.01788577251136303,2943.0,2541.0
14392,219,10972,0.0031516444869339466,2944.0,730.0
15970,255,12797,0.014210089109838009,2945.0,5488.0
15970,520,26029,0.013080666773021221,2946.0,2028.0
14291,31,1599,0.0012442797888070345,2947.0,873.0
14291,53,2653,0.005102482624351978,2948.0,386.0
17239,143,7155,0.007630895357578993,2949.0,4689.0
17239,143,7178,0.10574156790971756,2950.0,1952.0
15256,7,355,0.04935774579644203,2951.0,1413.0
15794,20,1003,0.004972587339580059,2952.0,4761.0
14130,3,177,0.006951638963073492,2953.0,2384.0
16008,309,15471,0.005882481578737497,2954.0,1968.0
16028,454,22745,0.000759556598495692,2955.0,504.0
15957,73,3693,0.0022936773020774126,2956.0,1025.0
14746,302,15125,0.2580425441265106,2957.0,2519.0
14283,13,660,0.09557325392961502,2958.0,2506.0
14139,198,9930,0.016177110373973846,2959.0,2601.0
14139,236,11841,0.019514817744493484,2960.0,729.0
17186,73,3661,0.03239809349179268,2961.0,1702.0
17361,117,5887,0.5140576958656311,2962.0,3669.0
15093,124,6232,0.0319160595536232,2963.0,3573.0
15395,61,3068,0.007543694693595171,2964.0,2005.0
16013,3,176,0.382571816444397,2965.0,3017.0
17410,58,2928,0.050866223871707916,2966.0,1843.0
14290,191,9558,0.005284906830638647,2967.0,3048.0
15440,6,316,0.07889923453330994,2968.0,1925.0
17556,60,3009,0.020213235169649124,2969.0,1368.0
14654,82,4125,0.07712331414222717,2970.0,2122.0
15345,55,2783,0.06547960638999939,2971.0,509.0
14940,318,15914,0.2641468644142151,2972.0,1585.0
14959,225,11293,0.009722079150378704,2973.0,1471.0
14959,291,14582,0.02419137954711914,2974.0,1532.0
14959,295,14797,0.08990560472011566,2975.0,3430.0
17312,92,4614,0.024164238944649696,2976.0,1339.0
17312,222,11133,0.20711316168308258,2977.0,1634.0
14901,120,6047,0.06687015295028687,2978.0,1052.0
16901,102,5104,0.05562343820929527,2979.0,1759.0
16041,242,12115,0.008449601009488106,2980.0,1576.0
14555,86,4313,0.3072919547557831,2981.0,1117.0
14555,220,11021,0.0013465507654473186,2982.0,1121.0
17352,171,8551,0.00960140023380518,2983.0,531.0
15778,109,5489,0.0024969486985355616,2984.0,715.0
17210,176,8841,0.005116269923746586,2985.0,709.0
15154,134,6712,0.0004702343721874058,2986.0,2310.0
15900,214,10730,0.0049855588003993034,2987.0,434.0
16187,56,2828,0.03518437594175339,2988.0,289.0
16205,478,23940,0.003278490621596575,2989.0,691.0
14751,10,509,0.09441503882408142,2990.0,2291.0
14149,25,1262,0.10899173468351364,2991.0,2884.0
14149,43,2185,0.031253136694431305,2992.0,2369.0
14356,75,3759,0.0036968339700251818,2993.0,1806.0
14356,263,13198,0.007113789673894644,2994.0,786.0
14165,37,1858,0.004961084574460983,2995.0,1185.0
15591,15,779,0.006224129348993301,2996.0,827.0
14152,22,1112,0.01115377526730299,2997.0,5522.0
16378,176,8845,0.013645959086716175,2998.0,1128.0
15933,225,11267,0.12856580317020416,2999.0,109.0
16158,147,7397,0.3790702521800995,3000.0,1471.0
14893,94,4717,0.001098689273931086,3001.0,1504.0
16005,8,422,0.018315931782126427,3002.0,794.0
16934,66,3305,0.10894756764173508,3003.0,2111.0
15921,100,5039,0.258224755525589,3004.0,1322.0
17239,216,10837,0.2397017478942871,3005.0,758.0
14377,33,1656,0.009007463231682777,3006.0,2888.0
14377,245,12284,0.011060434393584728,3007.0,317.0
16583,265,13268,0.13490821421146393,3008.0,1597.0
15497,3,186,0.04657609388232231,3009.0,1354.0
16109,64,3207,0.05268913134932518,3010.0,530.0
16849,8,433,0.8044542670249939,3011.0,833.0
15166,78,3933,0.02180481143295765,3012.0,823.0
14545,15,783,0.010701898485422134,3013.0,654.0
17509,87,4355,0.10315274447202682,3014.0,1515.0
17055,49,2497,0.2748274803161621,3015.0,3009.0
16919,518,25919,0.07558713853359222,3016.0,2451.0
14212,100,5036,0.025490550324320793,3017.0,3758.0
14882,56,2849,0.0037083944771438837,3018.0,1097.0
17459,42,2110,0.06248130649328232,3019.0,1510.0
16820,7,367,0.003314597299322486,3020.0,1073.0
14975,51,2565,0.12764960527420044,3021.0,1338.0
14975,68,3424,0.3952651619911194,3022.0,1621.0
14899,148,7448,0.0053778220899403095,3023.0,1877.0
15774,353,17695,0.002064074855297804,3024.0,709.0
17408,65,3255,0.015200551599264145,3025.0,2692.0
17267,91,4587,0.05180101841688156,3026.0,1326.0
14922,1,80,0.17551548779010773,3027.0,921.0
15762,133,6686,0.0045339614152908325,3028.0,1750.0
15930,254,12703,0.6443438529968262,3029.0,980.0
16122,333,16664,0.03975590690970421,3030.0,2053.0
16336,66,3341,0.07581446319818497,3031.0,2304.0
16842,7,366,0.04203087091445923,3032.0,8267.0
16842,36,1815,0.008420010097324848,3033.0,1774.0
16842,42,2116,0.1286965161561966,3034.0,1127.0
16075,29,1462,0.006692825350910425,3035.0,1718.0
15877,107,5390,0.027158590033650398,3036.0,2936.0
16446,124,6215,0.007569869514554739,3037.0,1711.0
16242,233,11667,0.6263146996498108,3038.0,2142.0
14279,103,5170,0.013549664057791233,3039.0,2116.0
15497,244,12207,0.07599273324012756,3040.0,1976.0
16387,5,293,0.0037687993608415127,3041.0,447.0
16923,212,10606,0.02379588969051838,3042.0,4584.0
16581,29,1465,0.0071111926808953285,3043.0,529.0
17144,140,7046,0.006691788788884878,3044.0,773.0
14989,217,10886,0.09933459758758545,3045.0,3107.0
14512,15,791,0.00658650416880846,3046.0,441.0
14512,22,1132,0.020426573231816292,3047.0,1387.0
14343,42,2112,0.006260479334741831,3048.0,1202.0
16552,89,4489,0.006223911419510841,3049.0,1359.0
17070,7,377,0.003606468439102173,3050.0,1882.0
14274,18,948,0.06480692327022552,3051.0,1884.0
16909,94,4734,0.04390163719654083,3052.0,1306.0
15339,192,9631,0.0016271710628643632,3053.0,1191.0
17493,81,4092,0.3444348871707916,3054.0,85.0
15437,15,752,0.04597115516662598,3055.0,1358.0
17440,152,7636,0.0884014368057251,3056.0,287.0
14399,107,5394,0.06329172849655151,3057.0,2364.0
14399,116,5850,0.038236379623413086,3058.0,1690.0
16923,257,12880,0.10689215362071991,3059.0,784.0
14392,222,11120,0.06427736580371857,3060.0,2010.0
16341,250,12545,0.11141962558031082,3061.0,1497.0
14564,164,8242,0.1870000958442688,3062.0,2424.0
14436,206,10327,0.007247672416269779,3063.0,462.0
14658,61,3080,0.04091997072100639,3064.0,1558.0
17266,11,565,0.01599501632153988,3065.0,141.0
14548,32,1628,0.04981569945812225,3066.0,437.0
17474,1,87,0.0021443834993988276,3067.0,742.0
14695,48,2414,0.015788020566105843,3068.0,685.0
14428,159,7974,0.2175304889678955,3069.0,79.0
16160,128,6417,0.11144701391458511,3070.0,3804.0
14549,121,6079,0.022163985297083855,3071.0,1746.0
15935,105,5289,0.08312859386205673,3072.0,1277.0
17564,54,2742,0.006526161450892687,3073.0,1997.0
16491,19,1000,0.24153678119182587,3074.0,3905.0
15457,230,11527,0.14791133999824524,3075.0,1731.0
16250,17,853,0.0017472574254497886,3076.0,1356.0
17489,156,7840,0.01834055595099926,3077.0,1024.0
14729,121,6100,0.0004085754044353962,3078.0,1000.0
15430,155,7790,0.010339613072574139,3079.0,1980.0
16013,160,8037,0.002770836465060711,3080.0,597.0
16013,202,10115,0.02364567294716835,3081.0,1970.0
14673,43,2157,0.029621848836541176,3082.0,1656.0
17287,134,6722,0.13075518608093262,3083.0,4654.0
16203,254,12713,0.05673440918326378,3084.0,1280.0
14336,64,3216,0.027345428243279457,3085.0,2357.0
16410,122,6150,0.0007361527532339096,3086.0,985.0
15355,1,97,0.044179052114486694,3087.0,1147.0
14642,105,5299,0.0074364491738379,3088.0,1202.0
14537,109,5473,0.0019093187293037772,3089.0,1756.0
14998,45,2293,0.0022793500684201717,3090.0,3148.0
17056,371,18574,0.017362862825393677,3091.0,2185.0
16258,35,1796,0.025290504097938538,3092.0,181.0
17137,11,582,0.001309146056883037,3093.0,1259.0
17344,48,2420,0.011759486049413681,3094.0,2834.0
14743,5,275,0.2790536880493164,3095.0,4787.0
14743,116,5820,0.019458290189504623,3096.0,2325.0
14450,265,13269,0.07079676538705826,3097.0,1650.0
16006,367,18368,0.24968907237052917,3098.0,2165.0
16878,227,11397,0.06974533200263977,3099.0,3288.0
14831,70,3502,0.03395935520529747,3100.0,2220.0
16489,198,9901,0.052807584404945374,3101.0,2278.0
17341,104,5246,0.004301121458411217,3102.0,932.0
14403,90,4513,0.03259124979376793,3103.0,1593.0
14403,90,4537,0.010987206362187862,3104.0,1084.0
15970,43,2173,0.1425975114107132,3105.0,139.0
15862,319,15957,0.018852828070521355,3106.0,223.0
16759,137,6854,0.008018780499696732,3107.0,641.0
14266,5,286,0.03620712459087372,3108.0,116.0
14266,20,1049,0.034023676067590714,3109.0,2203.0
16802,199,9952,0.18215760588645935,3110.0,2552.0
14445,103,5178,0.011695621535182,3111.0,2037.0
17364,34,1724,0.024905934929847717,3112.0,2263.0
15427,108,5427,0.003361017443239689,3113.0,2000.0
15427,140,7006,0.32450011372566223,3114.0,1369.0
15981,364,18246,0.047370731830596924,3115.0,526.0
17503,106,5342,0.00145232817158103,3116.0,710.0
17440,85,4284,0.004342047963291407,3117.0,1392.0
14220,19,954,0.06983448565006256,3118.0,427.0
14940,182,9105,0.0034481792245060205,3119.0,1375.0
14664,136,6840,0.03137984871864319,3120.0,857.0
14746,203,10193,0.003402764443308115,3121.0,291.0
14746,204,10222,0.003977833781391382,3122.0,1632.0
14746,209,10475,0.04557036980986595,3123.0,3155.0
16926,159,7982,0.006589131895452738,3124.0,1538.0
14552,131,6555,0.10389629751443863,3125.0,2777.0
14553,242,12122,0.5592392086982727,3126.0,2307.0
17169,91,4570,0.0420379564166069,3127.0,918.0
16440,8,419,0.028692908585071564,3128.0,768.0
14747,8,405,0.04822709783911705,3129.0,272.0
15308,27,1369,0.017583001405000687,3130.0,202.0
16919,496,24845,0.20514093339443207,3131.0,2235.0
14124,193,9685,0.010470598004758358,3132.0,1903.0
16225,240,12015,0.03911379352211952,3133.0,1561.0
14917,87,4369,0.011714470572769642,3134.0,768.0
14917,95,4797,0.003575202776119113,3135.0,1816.0
15057,117,5895,0.1423494964838028,3136.0,940.0
15961,352,17616,0.044667791575193405,3137.0,5041.0
14393,17,854,0.986565887928009,3138.0,2344.0
14298,22,1110,0.06634240597486496,3139.0,573.0
14298,27,1376,0.13941210508346558,3140.0,2158.0
14298,27,1390,0.22836866974830627,3141.0,1153.0
14278,45,2258,0.02665790170431137,3142.0,678.0
14278,53,2698,0.06801941245794296,3143.0,2259.0
17308,43,2200,0.0249171182513237,3144.0,4146.0
16499,291,14567,0.027161432430148125,3145.0,1948.0
16874,387,19380,0.0005689022364094853,3146.0,163.0
17327,171,8570,0.011132312007248402,3147.0,2326.0
15270,40,2018,0.1348644495010376,3148.0,1779.0
16331,62,3127,0.06163496896624565,3149.0,1562.0
14467,108,5447,0.001596440328285098,3150.0,1993.0
14467,255,12751,0.03965390473604202,3151.0,1037.0
16993,163,8170,0.003160324413329363,3152.0,309.0
14569,194,9749,0.34557482600212097,3153.0,7840.0
16950,72,3617,0.0073517500422894955,3154.0,1826.0
14751,38,1936,0.008735064417123795,3155.0,1580.0
17309,51,2597,0.09616900980472565,3156.0,1001.0
16444,115,5789,0.01868673413991928,3157.0,290.0
14377,91,4556,0.01517634466290474,3158.0,564.0
16685,117,5852,0.0007844644715078175,3159.0,408.0
16685,117,5889,0.08747348189353943,3160.0,1636.0
17361,213,10680,0.08663104474544525,3161.0,1910.0
15064,36,1828,0.03217819333076477,3162.0,1624.0
15318,28,1434,0.02466743066906929,3163.0,3798.0
15683,1,71,0.018951820209622383,3164.0,2477.0
14940,73,3663,0.004053646698594093,3165.0,1885.0
14549,36,1811,0.053050026297569275,3166.0,819.0
14211,89,4479,0.0052450476214289665,3167.0,557.0
15501,55,2761,0.017890622839331627,3168.0,1835.0
15415,264,13247,0.004012524150311947,3169.0,1277.0
14725,131,6586,0.0953977182507515,3170.0,1535.0
16542,27,1381,0.01915252022445202,3171.0,1549.0
16864,145,7289,0.05564506724476814,3172.0,1448.0
16882,42,2114,0.0763625055551529,3173.0,2257.0
14749,8,443,0.008599206805229187,3174.0,2226.0
14209,57,2863,0.0023030578158795834,3175.0,2048.0
14209,124,6223,0.015645015984773636,3176.0,3185.0
15463,419,20957,0.016230996698141098,3177.0,1023.0
14625,5,297,0.019120952114462852,3178.0,1651.0
14625,43,2185,0.010975337587296963,3179.0,3996.0
14625,61,3055,0.010608412325382233,3180.0,1542.0
14425,131,6600,0.06759587675333023,3181.0,1336.0
14637,117,5887,0.0235710721462965,3182.0,1706.0
16384,6,317,0.01280398853123188,3183.0,1289.0
14891,69,3456,0.008260609582066536,3184.0,700.0
14891,129,6460,0.005164743401110172,3185.0,461.0
15497,91,4561,0.0016483213985338807,3186.0,2261.0
14886,27,1351,0.021674949675798416,3187.0,332.0
17265,6,347,0.2960938811302185,3188.0,1909.0
16298,45,2256,0.001860781223513186,3189.0,3008.0
16888,127,6389,0.17468616366386414,3190.0,681.0
16888,428,21437,0.005126491189002991,3191.0,457.0
16888,461,23081,0.002569345058873296,3192.0,670.0
16410,72,3609,0.12538309395313263,3193.0,1498.0
16410,139,6983,0.4323866069316864,3194.0,3302.0
14942,32,1647,0.8638861179351807,3195.0,1176.0
17075,123,6160,0.004694064147770405,3196.0,1104.0
15927,308,15441,0.04494314640760422,3197.0,1257.0
16304,64,3210,0.047318343073129654,3198.0,770.0
16836,35,1762,0.03549397736787796,3199.0,2011.0
16199,198,9932,0.0010951566509902477,3200.0,703.0
14904,16,841,0.11062876135110855,3201.0,265.0
14902,86,4330,0.0028884767089039087,3202.0,2016.0
16198,79,3982,0.012210444547235966,3203.0,1322.0
16198,152,7610,0.010869774967432022,3204.0,790.0
14151,118,5928,0.0006780964322388172,3205.0,1558.0
15465,88,4445,0.37381303310394287,3206.0,851.0
16203,253,12678,0.08135998994112015,3207.0,512.0
16769,65,3257,0.42978253960609436,3208.0,3708.0
16051,53,2653,0.4794522523880005,3209.0,3302.0
16051,270,13521,0.04380462318658829,3210.0,1164.0
16222,20,1043,0.0023222872987389565,3211.0,225.0
14157,100,5032,0.16426831483840942,3212.0,1698.0
15343,132,6646,0.016691619530320168,3213.0,1633.0
15960,161,8084,0.008621846325695515,3214.0,3902.0
15960,528,26413,0.046344220638275146,3215.0,708.0
16340,175,8784,0.01861315406858921,3216.0,200.0
14970,82,4144,0.00948379561305046,3217.0,3382.0
15511,200,10037,0.0017250486416742206,3218.0,590.0
15511,261,13096,0.02171466127038002,3219.0,840.0
17132,512,25604,0.4696339964866638,3220.0,1250.0
14143,61,3078,0.10984347015619278,3221.0,1317.0
14870,176,8804,0.010366331785917282,3222.0,2506.0
16231,47,2371,0.02464093081653118,3223.0,1870.0
14754,94,4738,0.5759418606758118,3224.0,356.0
14754,94,4749,0.026685677468776703,3225.0,1206.0
14619,152,7636,0.03173130378127098,3226.0,1070.0
17383,504,25227,0.9653022885322571,3227.0,204.0
15762,57,2897,0.004836879670619965,3228.0,3477.0
14409,226,11329,0.005368757527321577,3229.0,736.0
14409,226,11333,0.001064739073626697,3230.0,1649.0
16532,49,2488,0.08357209712266922,3231.0,1529.0
15140,95,4760,0.9474446773529053,3232.0,1188.0
14527,62,3110,0.8634819388389587,3233.0,2683.0
14609,256,12823,0.0700768381357193,3234.0,645.0
16518,62,3127,0.08958075940608978,3235.0,1120.0
14358,21,1059,0.0014608727069571614,3236.0,326.0
17361,340,17011,0.020333293825387955,3237.0,181.0
15153,132,6627,0.019175903871655464,3238.0,3614.0
16693,227,11395,0.03329477831721306,3239.0,2299.0
16094,385,19280,0.02552267722785473,3240.0,2384.0
14938,210,10543,0.0028781606815755367,3241.0,1492.0
16142,16,839,0.01593644730746746,3242.0,2808.0
16142,26,1313,0.06069484353065491,3243.0,543.0
17208,116,5815,0.011929327622056007,3244.0,2531.0
16008,147,7370,0.0322420708835125,3245.0,148.0
16008,225,11260,0.00301363249309361,3246.0,1043.0
16849,23,1161,0.004032437223941088,3247.0,1025.0
16890,22,1131,0.10192330181598663,3248.0,2207.0
14828,33,1662,0.22364988923072815,3249.0,1362.0
16225,111,5551,0.03899039700627327,3250.0,367.0
14904,7,365,0.0088192168623209,3251.0,709.0
15960,430,21529,0.004275491461157799,3252.0,3298.0
16527,39,1989,0.2654896378517151,3253.0,1241.0
15073,36,1845,0.9913557171821594,3254.0,1868.0
14805,127,6376,0.1784191131591797,3255.0,1187.0
14279,48,2403,0.9948657155036926,3256.0,1073.0
15054,3,193,0.011715955100953579,3257.0,1361.0
15054,158,7938,0.08967477083206177,3258.0,2448.0
16666,70,3529,0.028317807242274284,3259.0,1536.0
14206,42,2103,0.011737877503037453,3260.0,1104.0
14206,110,5524,0.0019820670131593943,3261.0,1105.0
14888,206,10337,0.04877971485257149,3262.0,1395.0
16060,185,9254,0.05170593038201332,3263.0,1384.0
16546,103,5178,0.015917008742690086,3264.0,1421.0
14153,97,4890,0.16801594197750092,3265.0,1367.0
16304,172,8601,0.04715976491570473,3266.0,293.0
16267,89,4474,0.01133508700877428,3267.0,3543.0
14277,34,1718,0.0045485119335353374,3268.0,1089.0
14277,34,1722,0.03165365010499954,3269.0,706.0
16458,20,1027,0.0009348388412036002,3270.0,823.0
16458,127,6387,0.0011718559544533491,3271.0,2479.0
15369,273,13678,0.0013094173045828938,3272.0,1791.0
14924,17,863,0.01967032440006733,3273.0,2763.0
15428,106,5328,0.6019881367683411,3274.0,391.0
14277,324,16246,0.3315015137195587,3275.0,16523.0
16303,113,5665,0.002957933582365513,3276.0,5323.0
14376,25,1291,0.04469950497150421,3277.0,1380.0
16089,229,11462,0.020729755982756615,3278.0,396.0
16089,274,13732,0.009021306410431862,3279.0,600.0
16834,240,12001,0.00023475209309253842,3280.0,172.0
14431,63,3184,0.032500848174095154,3281.0,3224.0
14770,159,7956,0.1698756366968155,3282.0,1589.0
14770,234,11731,0.08831443637609482,3283.0,1459.0
14770,263,13166,0.07443559169769287,3284.0,1693.0
16364,0,11,0.0172907505184412,3285.0,2361.0
15509,65,3265,0.011666006408631802,3286.0,658.0
16853,177,8877,0.5700863599777222,3287.0,816.0
16921,174,8706,0.01925494708120823,3288.0,733.0
14343,106,5314,0.1376650035381317,3289.0,1049.0
14343,191,9569,0.06563495099544525,3290.0,887.0
14134,38,1933,0.11854314804077148,3291.0,1889.0
14358,190,9508,0.17403218150138855,3292.0,4207.0
14358,247,12374,0.07000340521335602,3293.0,1188.0
15979,1,61,0.08185240626335144,3294.0,6752.0
15858,15,785,0.005642671138048172,3295.0,2489.0
16874,328,16406,0.2666255533695221,3296.0,3375.0
14432,68,3438,0.019248638302087784,3297.0,4609.0
14940,55,2799,0.006898201070725918,3298.0,1833.0
16118,85,4290,0.002272185869514942,3299.0,1439.0
15901,306,15316,0.032165929675102234,3300.0,279.0
17459,214,10740,0.009644686244428158,3301.0,3821.0
14642,83,4181,0.01258095633238554,3302.0,3166.0
14584,60,3027,0.11890652775764465,3303.0,2720.0
14986,90,4505,0.1595539152622223,3304.0,2915.0
14958,40,2033,0.007242367137223482,3305.0,4907.0
14979,87,4383,0.104002945125103,3306.0,2959.0
16993,42,2107,0.5026176571846008,3307.0,1740.0
14409,91,4582,0.03746677562594414,3308.0,2372.0
14409,286,14318,0.06776347756385803,3309.0,677.0
14927,76,3847,0.19753290712833405,3310.0,1678.0
14927,141,7074,0.0005868789739906788,3311.0,2222.0
16117,55,2787,0.004114821553230286,3312.0,1022.0
16826,96,4806,0.07738582789897919,3313.0,4079.0
17414,178,8907,0.021096043288707733,3314.0,1093.0
14431,48,2409,0.000636294309515506,3315.0,590.0
17100,109,5459,0.00729155819863081,3316.0,2677.0
16869,61,3064,0.002478522714227438,3317.0,1157.0
16869,139,6997,0.021581407636404037,3318.0,1087.0
17162,7,393,0.008259722962975502,3319.0,691.0
17255,13,656,0.103266142308712,3320.0,344.0
14174,85,4267,0.004754523281008005,3321.0,252.0
14541,8,450,0.10224419087171555,3322.0,1593.0
14541,177,8897,0.05768560990691185,3323.0,1925.0
14541,207,10358,0.010055268183350563,3324.0,1594.0
15355,0,47,0.029813440516591072,3325.0,5.0
17458,145,7278,0.03615672513842583,3326.0,3985.0
16022,457,22862,0.017277630046010017,3327.0,1733.0
14550,295,14759,0.27815091609954834,3328.0,277.0
15301,13,668,0.23689255118370056,3329.0,2120.0
14521,90,4503,0.056393444538116455,3330.0,1043.0
16119,63,3193,0.004345656838268042,3331.0,2759.0
16119,63,3197,0.030759666115045547,3332.0,834.0
15928,11,564,0.2037706822156906,3333.0,2225.0
14196,19,989,0.016992850229144096,3334.0,492.0
14805,12,637,0.014002480544149876,3335.0,669.0
17503,252,12630,0.7140158414840698,3336.0,127.0
14807,260,13044,0.26995328068733215,3337.0,777.0
14807,289,14485,0.21265463531017303,3338.0,246.0
15065,22,1131,0.03625749424099922,3339.0,1573.0
16231,11,592,0.03864127770066261,3340.0,241.0
15554,89,4498,0.02147424779832363,3341.0,3560.0
15466,0,12,0.8350524306297302,3342.0,1226.0
14214,38,1902,0.008961173705756664,3343.0,1312.0
14899,119,5996,0.0038079963997006416,3344.0,378.0
14410,65,3268,0.00550356600433588,3345.0,61.0
14410,197,9893,0.7373323440551758,3346.0,1033.0
17209,42,2124,0.2291778028011322,3347.0,3709.0
16119,327,16388,0.3276170790195465,3348.0,1232.0
16175,35,1772,0.21796740591526031,3349.0,1030.0
16310,264,13244,0.028200972825288773,3350.0,2142.0
16310,316,15808,0.0035825995728373528,3351.0,1465.0
14130,31,1585,0.0016141383675858378,3352.0,3976.0
16138,4,225,0.01995144598186016,3353.0,1888.0
15880,52,2638,0.05484692379832268,3354.0,1469.0
16134,365,18290,0.018113836646080017,3355.0,1168.0
16166,10,538,0.0029482266400009394,3356.0,485.0
16932,66,3307,0.007406985387206078,3357.0,1146.0
17114,43,2152,0.00950642116367817,3358.0,352.0
17171,3,186,0.0054982807487249374,3359.0,1184.0
15981,455,22767,0.18238335847854614,3360.0,3056.0
17336,0,2,0.0017320134211331606,3361.0,2179.0
16894,161,8053,0.03479473292827606,3362.0,930.0
16346,321,16071,0.014152858406305313,3363.0,387.0
17451,309,15487,0.004744573961943388,3364.0,1194.0
15348,275,13792,0.008708538487553596,3365.0,437.0
15458,83,4176,0.23102468252182007,3366.0,1996.0
15465,19,966,0.02519683912396431,3367.0,504.0
17125,110,5533,0.026982946321368217,3368.0,498.0
15940,75,3764,0.005101880058646202,3369.0,148.0
16579,51,2566,0.012271841987967491,3370.0,2426.0
16504,56,2804,0.8306276798248291,3371.0,2307.0
16363,0,1,0.025697382166981697,3372.0,2238.0
15916,65,3297,0.007483920082449913,3373.0,1907.0
16578,39,1978,0.08322145789861679,3374.0,316.0
16578,45,2292,0.6605979800224304,3375.0,1879.0
15271,9,460,0.9517725110054016,3376.0,626.0
16883,138,6908,0.047776076942682266,3377.0,2537.0
15251,107,5364,0.4338766634464264,3378.0,90.0
14376,180,9044,0.020670903846621513,3379.0,150.0
14713,45,2263,0.002824801253154874,3380.0,2947.0
14407,28,1409,0.1826791763305664,3381.0,3306.0
14438,257,12890,0.008756494149565697,3382.0,417.0
14438,257,12896,0.043698154389858246,3383.0,1933.0
14816,285,14278,0.11360520124435425,3384.0,508.0
15933,168,8444,0.01576395146548748,3385.0,1264.0
14899,99,4970,0.03829897940158844,3386.0,144.0
14899,233,11684,0.001188509864732623,3387.0,1503.0
16857,3,170,0.0012083604233339429,3388.0,581.0
15236,132,6637,0.006798178888857365,3389.0,1654.0
16802,93,4665,0.18517115712165833,3390.0,657.0
16008,338,16935,0.00038284482434391975,3391.0,4430.0
14637,39,1999,0.000620457751210779,3392.0,1327.0
14622,47,2387,0.009779936634004116,3393.0,1670.0
16583,234,11726,0.0063444022089242935,3394.0,648.0
16022,492,24622,0.08460432291030884,3395.0,2554.0
14722,206,10306,0.019457634538412094,3396.0,848.0
15361,155,7772,0.03206997737288475,3397.0,3718.0
14410,146,7336,0.0318584069609642,3398.0,491.0
15738,1,89,0.0936058908700943,3399.0,555.0
15439,43,2167,0.0719798132777214,3400.0,925.0
15466,241,12083,0.0028314697556197643,3401.0,3902.0
14246,128,6445,0.014717199839651585,3402.0,4320.0
14246,140,7021,0.09492849558591843,3403.0,1849.0
15463,356,17809,0.06223884969949722,3404.0,2961.0
15335,124,6231,0.00882737711071968,3405.0,949.0
14997,57,2859,0.0016743035521358252,3406.0,181.0
17036,356,17836,0.022625265643000603,3407.0,1698.0
14126,1,92,0.025611979886889458,3408.0,103.0
17488,60,3040,0.0634196549654007,3409.0,2582.0
14902,98,4919,0.02342519536614418,3410.0,2249.0
14902,318,15933,0.018966779112815857,3411.0,1067.0
14796,17,882,0.002638949314132333,3412.0,1654.0
14796,25,1286,0.005078080575913191,3413.0,1552.0
14639,36,1833,0.0310312919318676,3414.0,835.0
16846,229,11463,0.04429122060537338,3415.0,2659.0
15930,68,3413,0.02264556661248207,3416.0,1709.0
15930,151,7559,0.05590769648551941,3417.0,1433.0
16013,21,1075,0.01574564352631569,3418.0,1548.0
16159,26,1308,0.15976473689079285,3419.0,1673.0
15113,118,5937,0.010657517239451408,3420.0,404.0
14824,297,14855,0.03147665038704872,3421.0,3319.0
16125,244,12221,0.19420276582241058,3422.0,1271.0
16387,165,8277,0.0010937184561043978,3423.0,602.0
14907,86,4349,0.10816439241170883,3424.0,327.0
17208,44,2242,0.8492788076400757,3425.0,1846.0
17004,167,8354,0.28644707798957825,3426.0,1101.0
15073,102,5122,0.03193744644522667,3427.0,110.0
17471,53,2664,0.0027971963863819838,3428.0,1301.0
14369,2,129,0.017706897109746933,3429.0,221.0
15145,123,6160,0.17359836399555206,3430.0,1835.0
14206,72,3631,0.0035632282961159945,3431.0,6381.0
17530,21,1083,0.443156361579895,3432.0,1685.0
16150,31,1586,0.5715685486793518,3433.0,3088.0
14907,67,3378,0.010328634642064571,3434.0,3482.0
16685,174,8746,0.2537477910518646,3435.0,2216.0
15151,63,3192,0.006340008694678545,3436.0,1977.0
16741,461,23069,0.01810661517083645,3437.0,1400.0
14342,157,7859,0.021114684641361237,3438.0,2220.0
17204,186,9331,0.1407622992992401,3439.0,106.0
15923,241,12058,0.0172120351344347,3440.0,5071.0
15334,15,792,0.04558243602514267,3441.0,1901.0
17457,66,3328,0.012435678392648697,3442.0,1662.0
17056,239,11996,0.42011409997940063,3443.0,2250.0
14212,157,7867,0.014920695684850216,3444.0,5298.0
14134,33,1692,0.005481330212205648,3445.0,2371.0
14134,172,8630,0.15808622539043427,3446.0,111.0
17555,43,2157,0.1540391892194748,3447.0,2139.0
16975,228,11423,0.004670700989663601,3448.0,3078.0
16878,59,2951,0.016199519857764244,3449.0,1025.0
16878,66,3312,0.005746400915086269,3450.0,4481.0
15940,47,2395,0.031235471367836,3451.0,7120.0
15941,6,317,0.02021110989153385,3452.0,3184.0
17495,255,12776,0.0021823279093950987,3453.0,3885.0
15330,116,5836,0.8896653056144714,3454.0,358.0
16051,105,5295,0.015057769604027271,3455.0,1117.0
16446,281,14060,0.10996998101472855,3456.0,1473.0
14551,71,3566,0.014273209497332573,3457.0,1347.0
14464,49,2451,0.0101624121889472,3458.0,205.0
14902,124,6231,0.10029315203428268,3459.0,1285.0
15978,32,1632,0.01780789904296398,3460.0,2877.0
16964,97,4887,0.019726000726222992,3461.0,3809.0
16089,243,12174,0.05400544032454491,3462.0,1881.0
16089,283,14171,0.03156398981809616,3463.0,2774.0
16013,197,9894,0.01738259568810463,3464.0,1969.0
16134,278,13909,0.11985331028699875,3465.0,2152.0
14543,143,7190,0.2216254323720932,3466.0,319.0
16301,95,4763,0.12438520789146423,3467.0,465.0
15181,15,777,0.0038645712193101645,3468.0,541.0
15369,61,3055,0.04220784083008766,3469.0,820.0
17493,6,323,0.060039833188056946,3470.0,901.0
15463,443,22174,0.5370871424674988,3471.0,1178.0
16546,15,781,0.2497250735759735,3472.0,2124.0
15800,63,3168,0.0014098742976784706,3473.0,2631.0
17476,10,503,0.0014328606193885207,3474.0,790.0
17476,43,2168,0.022153988480567932,3475.0,372.0
17514,28,1449,0.010349131189286709,3476.0,1423.0
14824,7,395,0.017211074009537697,3477.0,344.0
14824,163,8183,0.010788902640342712,3478.0,2296.0
16776,141,7084,0.10794392973184586,3479.0,609.0
14259,164,8210,0.0048648216761648655,3480.0,463.0
15473,231,11583,0.028452325612306595,3481.0,4643.0
14918,82,4115,0.8371206521987915,3482.0,4730.0
14918,135,6769,0.0072162579745054245,3483.0,2391.0
14912,118,5904,0.0395023413002491,3484.0,1340.0
16583,102,5132,0.013134059496223927,3485.0,564.0
14336,41,2077,0.7030150294303894,3486.0,604.0
14336,102,5116,0.9626652002334595,3487.0,918.0
14873,195,9770,0.002572826575487852,3488.0,1974.0
14774,261,13088,0.07381807267665863,3489.0,1081.0
17488,115,5788,0.028590623289346695,3490.0,2620.0
16431,196,9806,0.2764207422733307,3491.0,126.0
16731,272,13624,0.7759787440299988,3492.0,165.0
14467,89,4464,0.030276410281658173,3493.0,2441.0
17533,26,1346,0.012179534882307053,3494.0,1901.0
16978,168,8419,0.012325363233685493,3495.0,2586.0
16751,36,1836,0.33001571893692017,3496.0,2033.0
16073,266,13335,0.4703414738178253,3497.0,847.0
16052,211,10560,0.6387717723846436,3498.0,4234.0
15351,33,1671,0.04339005798101425,3499.0,6765.0
17400,66,3329,0.03993565961718559,3500.0,1513.0
16028,62,3138,0.016668276861310005,3501.0,3086.0
16878,213,10697,0.5246843695640564,3502.0,2893.0
17447,48,2431,0.04759608581662178,3503.0,1556.0
16888,511,25577,0.31156787276268005,3504.0,884.0
16841,65,3251,0.09478127956390381,3505.0,1800.0
16841,80,4050,0.06909516453742981,3506.0,1848.0
14130,20,1003,0.05294071137905121,3507.0,1178.0
16685,79,3985,0.003075879765674472,3508.0,1290.0
16685,79,3999,0.19257552921772003,3509.0,401.0
16685,136,6809,0.004719983786344528,3510.0,3195.0
15407,276,13811,0.022795772179961205,3511.0,3197.0
17190,3,199,0.06042247638106346,3512.0,1775.0
17556,51,2552,0.018417533487081528,3513.0,1242.0
17505,77,3900,0.1369411051273346,3514.0,1462.0
15867,152,7610,0.0122889569029212,3515.0,2018.0
15954,181,9091,0.031070096418261528,3516.0,1911.0
16134,436,21826,0.08697972446680069,3517.0,1931.0
14271,191,9577,0.007039445452392101,3518.0,184.0
16319,27,1395,0.06692404299974442,3519.0,1018.0
15312,4,237,0.3541812598705292,3520.0,2192.0
16858,127,6371,0.3559933304786682,3521.0,313.0
14546,151,7566,0.004526456817984581,3522.0,677.0
16317,130,6537,0.05425935983657837,3523.0,1292.0
14981,229,11466,0.027967119589447975,3524.0,1144.0
17394,7,353,0.015805399045348167,3525.0,2670.0
17091,66,3305,0.16570937633514404,3526.0,1608.0
16232,148,7418,0.011357055976986885,3527.0,1654.0
14626,41,2091,0.002949552843347192,3528.0,830.0
14795,2,125,0.006757405586540699,3529.0,1609.0
16735,29,1483,0.31935179233551025,3530.0,882.0
17156,55,2786,0.024012908339500427,3531.0,3350.0
16305,19,959,0.0015218816697597504,3532.0,1027.0
16125,65,3277,0.07646746933460236,3533.0,2801.0
15350,68,3402,0.5118456482887268,3534.0,1158.0
16148,298,14948,0.15470309555530548,3535.0,2726.0
16749,47,2360,0.01301620714366436,3536.0,145.0
15294,33,1695,0.308472216129303,3537.0,2466.0
14372,66,3334,0.017633995041251183,3538.0,524.0
15241,2,145,0.0318746380507946,3539.0,2424.0
14123,67,3368,0.011872371658682823,3540.0,2933.0
15530,156,7812,0.008526075631380081,3541.0,1585.0
14980,88,4429,0.4722450077533722,3542.0,2250.0
15469,149,7481,0.7493762373924255,3543.0,1675.0
15469,149,7484,0.0984034463763237,3544.0,2797.0
17339,51,2585,0.011610898189246655,3545.0,2546.0
14734,148,7436,0.006222651805728674,3546.0,1024.0
14742,32,1645,0.09917918592691422,3547.0,1020.0
16693,251,12570,0.01993219554424286,3548.0,3296.0
16916,96,4824,0.003557749092578888,3549.0,2605.0
15940,123,6189,0.7579748630523682,3550.0,3540.0
17191,17,864,0.03503190726041794,3551.0,1212.0
17191,36,1823,0.05145470052957535,3552.0,3116.0
16746,152,7612,0.0040712920017540455,3553.0,2363.0
16821,47,2371,0.050785645842552185,3554.0,690.0
14463,88,4443,0.05407484993338585,3555.0,1449.0
17249,35,1756,0.02978299930691719,3556.0,1677.0
14172,28,1410,0.3068445026874542,3557.0,2421.0
14542,249,12497,0.004854052793234587,3558.0,519.0
14542,278,13924,0.045270875096321106,3559.0,1913.0
15061,174,8722,0.0086218835785985,3560.0,1441.0
14548,74,3714,0.004898227751255035,3561.0,1211.0
14953,0,36,0.003134171012789011,3562.0,680.0
14953,11,573,0.029529280960559845,3563.0,3607.0
15486,102,5127,0.23139770328998566,3564.0,1409.0
15486,118,5941,0.0016954237362369895,3565.0,850.0
16209,95,4769,0.08557261526584625,3566.0,3384.0
14758,42,2144,0.051668815314769745,3567.0,647.0
15554,39,1952,0.004446008708328009,3568.0,1431.0
16052,21,1056,0.026234498247504234,3569.0,2158.0
15915,432,21645,0.03195496276021004,3570.0,6762.0
15931,196,9824,0.018295979127287865,3571.0,4133.0
15409,60,3009,0.02881702408194542,3572.0,1276.0
15432,46,2307,0.19248077273368835,3573.0,2138.0
15128,135,6754,0.37815308570861816,3574.0,1026.0
15128,169,8453,0.0010479355696588755,3575.0,1307.0
16874,2,108,0.037031061947345734,3576.0,1810.0
16874,48,2425,0.03677195683121681,3577.0,1173.0
15436,162,8122,0.006670896429568529,3578.0,1162.0
16978,472,23617,0.006438117474317551,3579.0,2302.0
16962,49,2495,0.007324345409870148,3580.0,772.0
16962,144,7224,0.0002453472407069057,3581.0,2021.0
16172,272,13644,0.05157669261097908,3582.0,2752.0
14450,292,14627,0.0012753225164487958,3583.0,1027.0
15002,89,4485,0.03761063888669014,3584.0,2189.0
16942,35,1781,0.155318021774292,3585.0,2880.0
15590,183,9177,0.053673576563596725,3586.0,2576.0
16509,71,3586,0.27987000346183777,3587.0,2082.0
17011,45,2278,0.002282866043969989,3588.0,891.0
14409,4,239,0.023714885115623474,3589.0,330.0
14196,54,2741,0.2938527762889862,3590.0,1329.0
16222,97,4880,0.4149032235145569,3591.0,707.0
14470,38,1935,0.025281444191932678,3592.0,942.0
16321,11,574,0.11964451521635056,3593.0,2167.0
14134,8,430,0.07132647186517715,3594.0,1327.0
14902,3,195,0.041707221418619156,3595.0,1387.0
16874,113,5660,0.00684217968955636,3596.0,1204.0
16874,491,24553,0.05939403176307678,3597.0,722.0
14376,140,7015,0.006689862348139286,3598.0,1614.0
17134,46,2302,0.04677940532565117,3599.0,781.0
17103,62,3148,0.0030776585917919874,3600.0,416.0
14909,115,5766,0.0032197011169046164,3601.0,794.0
15471,46,2330,0.0012993798591196537,3602.0,3229.0
14980,112,5610,0.002013708697631955,3603.0,4291.0
14805,134,6740,0.0077848113141953945,3604.0,205.0
14729,116,5821,0.07271857559680939,3605.0,2137.0
16807,38,1918,0.03103644587099552,3606.0,1139.0
16292,90,4510,0.0001719485444482416,3607.0,488.0
16860,1,79,0.3665500581264496,3608.0,128.0
14877,25,1259,0.30907773971557617,3609.0,1879.0
14877,137,6891,0.8224292993545532,3610.0,471.0
16173,51,2586,0.004824984818696976,3611.0,1055.0
14626,34,1733,0.019980082288384438,3612.0,1818.0
16065,32,1640,0.015599735081195831,3613.0,4095.0
14195,211,10560,0.011644309386610985,3614.0,3155.0
17210,191,9573,0.14275860786437988,3615.0,2096.0
14537,25,1271,0.0082909120246768,3616.0,2594.0
16247,51,2570,0.0029659392312169075,3617.0,1987.0
17172,80,4005,0.020829366520047188,3618.0,864.0
14920,27,1361,0.0052405958995223045,3619.0,3055.0
14283,87,4356,0.022286217659711838,3620.0,158.0
17055,275,13778,0.02072504721581936,3621.0,2595.0
14893,271,13593,0.008177063427865505,3622.0,891.0
14552,13,678,0.015586471185088158,3623.0,4711.0
14623,227,11393,0.007524274289608002,3624.0,155.0
14245,90,4516,0.008637319318950176,3625.0,1980.0
17057,114,5745,0.03925864398479462,3626.0,1166.0
14726,107,5389,0.08827883750200272,3627.0,2035.0
17306,37,1853,0.6815040111541748,3628.0,3197.0
17424,19,975,0.017961036413908005,3629.0,726.0
15501,40,2014,0.8365706205368042,3630.0,1677.0
16146,12,605,0.021395374089479446,3631.0,1759.0
14749,7,371,0.0022318409755825996,3632.0,2784.0
14749,113,5658,0.0813932865858078,3633.0,1518.0
14152,55,2764,0.06628531962633133,3634.0,2493.0
14152,76,3828,0.01736893318593502,3635.0,1612.0
14152,178,8945,0.38540351390838623,3636.0,1421.0
16553,63,3176,0.007679826579988003,3637.0,2100.0
14685,34,1746,0.17625172436237335,3638.0,1439.0
14551,140,7028,0.0034858202561736107,3639.0,320.0
14903,274,13720,0.13353747129440308,3640.0,915.0
15923,296,14834,0.004375367891043425,3641.0,1654.0
15415,44,2217,0.016735510900616646,3642.0,1818.0
14149,7,362,0.0017880643717944622,3643.0,1328.0
14149,194,9735,0.029021987691521645,3644.0,2217.0
16986,102,5111,0.4057067930698395,3645.0,1367.0
16310,240,12045,0.0027532982639968395,3646.0,1522.0
16323,10,528,0.00932159461081028,3647.0,832.0
14209,47,2355,0.0013897039461880922,3648.0,1263.0
14298,117,5880,0.01993744634091854,3649.0,1927.0
16883,66,3309,0.03965514525771141,3650.0,794.0
14816,201,10065,0.011254876852035522,3651.0,571.0
16963,264,13203,0.01012162771075964,3652.0,1171.0
15713,65,3262,0.7322065830230713,3653.0,3487.0
15265,19,963,0.008961592800915241,3654.0,997.0
15265,25,1265,0.6442532539367676,3655.0,1528.0
14749,191,9562,0.9756779670715332,3656.0,1045.0
15458,100,5004,0.009620867669582367,3657.0,3188.0
17132,336,16848,0.8923603892326355,3658.0,2644.0
16668,63,3189,0.1452711522579193,3659.0,3655.0
14734,102,5128,0.010412430390715599,3660.0,250.0
14734,226,11334,0.2945387065410614,3661.0,658.0
16935,16,803,0.11881770938634872,3662.0,1301.0
16935,444,22220,0.13615940511226654,3663.0,1713.0
14469,18,945,0.0025178254581987858,3664.0,930.0
14469,138,6938,0.08191919326782227,3665.0,1039.0
17195,95,4793,0.01476727519184351,3666.0,2408.0
14956,14,702,0.032540351152420044,3667.0,603.0
14956,20,1036,0.0024681987706571817,3668.0,440.0
14956,128,6402,0.052339985966682434,3669.0,1980.0
17314,66,3330,0.08146341890096664,3670.0,1034.0
17313,172,8630,0.0069288997910916805,3671.0,2229.0
16798,37,1881,0.006102569401264191,3672.0,2871.0
15463,320,16031,0.07444983720779419,3673.0,438.0
15511,134,6724,0.525842010974884,3674.0,3693.0
14607,9,496,0.004969966597855091,3675.0,2780.0
14607,168,8433,0.0042823017574846745,3676.0,838.0
15948,43,2174,0.21553726494312286,3677.0,1247.0
14768,143,7179,0.044043686240911484,3678.0,1243.0
14609,119,5953,0.05725208669900894,3679.0,2499.0
16144,27,1385,0.007501498330384493,3680.0,4656.0
15946,311,15571,0.006278000771999359,3681.0,2563.0
15946,311,15575,0.03396451100707054,3682.0,3731.0
14814,123,6190,0.004902117885649204,3683.0,1319.0
16471,61,3067,0.02935347892343998,3684.0,1797.0
17134,44,2244,0.10694193840026855,3685.0,1436.0
15943,68,3443,0.009830858558416367,3686.0,871.0
15701,222,11108,0.0005953985382802784,3687.0,140.0
16524,89,4486,0.21648888289928436,3688.0,400.0
17146,47,2375,0.0030278407502919436,3689.0,1365.0
14468,23,1164,0.0058807507157325745,3690.0,174.0
14897,158,7943,0.00509954709559679,3691.0,798.0
15931,514,25736,0.22302202880382538,3692.0,1485.0
17120,33,1660,0.06456547230482101,3693.0,2331.0
14692,30,1521,0.0554557740688324,3694.0,2083.0
14692,30,1548,0.054854314774274826,3695.0,2182.0
16023,375,18771,0.041471291333436966,3696.0,954.0
16023,377,18875,0.009535834193229675,3697.0,272.0
17394,235,11795,0.008703128434717655,3698.0,2310.0
14758,171,8560,0.09421857446432114,3699.0,1361.0
15497,8,411,0.04638512432575226,3700.0,2684.0
15497,373,18692,0.8104231357574463,3701.0,1517.0
16920,64,3248,0.005675803869962692,3702.0,1379.0
16386,40,2005,0.03113616071641445,3703.0,2495.0
15117,13,689,0.04613576456904411,3704.0,3101.0
16529,49,2490,0.030982017517089844,3705.0,939.0
14902,184,9229,0.012881518341600895,3706.0,769.0
16696,175,8753,0.003284175181761384,3707.0,1037.0
17460,7,382,0.018356503918766975,3708.0,917.0
15970,22,1137,0.05036018788814545,3709.0,3720.0
14796,58,2950,0.0378483310341835,3710.0,4910.0
15182,17,896,0.0037484983913600445,3711.0,2846.0
15182,85,4254,0.007522889878600836,3712.0,1052.0
16994,20,1010,0.001841692253947258,3713.0,696.0
14989,308,15443,0.021396547555923462,3714.0,1831.0
16714,54,2743,0.020087607204914093,3715.0,224.0
16205,247,12351,0.9804425835609436,3716.0,1953.0
14279,47,2372,0.006721381098031998,3717.0,1774.0
16169,248,12424,0.04695267975330353,3718.0,1293.0
15093,73,3690,0.011120329611003399,3719.0,3136.0
14741,251,12562,0.03367337957024574,3720.0,2909.0
14967,106,5327,0.0001483413070673123,3721.0,2813.0
14721,118,5936,0.3151502013206482,3722.0,2168.0
16468,98,4939,0.0009652844164520502,3723.0,838.0
14356,66,3337,0.0015183909563347697,3724.0,1958.0
16786,78,3923,0.021327342838048935,3725.0,3136.0
15689,256,12812,0.006466647610068321,3726.0,1510.0
16869,34,1737,0.05746426060795784,3727.0,1213.0
14734,32,1641,0.014756865799427032,3728.0,756.0
14734,71,3560,0.0024614552967250347,3729.0,744.0
16250,153,7667,0.024182787165045738,3730.0,69.0
14938,239,11989,0.20659780502319336,3731.0,3407.0
16472,7,388,0.003901458578184247,3732.0,1283.0
17400,200,10008,0.0050854673609137535,3733.0,4483.0
15266,20,1024,0.1327192485332489,3734.0,1693.0
15430,112,5618,0.027295777574181557,3735.0,422.0
14942,37,1899,0.03324611112475395,3736.0,2126.0
14942,40,2020,0.03858865052461624,3737.0,424.0
14925,197,9891,0.04379982128739357,3738.0,1061.0
17093,18,931,0.20070426166057587,3739.0,2527.0
16867,213,10674,0.008746455423533916,3740.0,126.0
14557,102,5136,0.0020892710890620947,3741.0,1517.0
15422,123,6187,0.017990926280617714,3742.0,940.0
14970,107,5353,0.0026099367532879114,3743.0,1442.0
14559,4,241,0.07848004251718521,3744.0,1909.0
14431,85,4273,0.12152349203824997,3745.0,274.0
16520,57,2893,0.0053928811103105545,3746.0,256.0
17560,151,7568,0.0016027106903493404,3747.0,947.0
14774,10,518,0.030697934329509735,3748.0,2409.0
14541,194,9708,0.10181490331888199,3749.0,1569.0
16585,190,9530,0.05542388930916786,3750.0,1989.0
14610,160,8030,0.04308043792843819,3751.0,3499.0
14877,6,318,0.009920772165060043,3752.0,3343.0
15482,89,4453,0.0980616882443428,3753.0,873.0
14290,17,883,0.04822848364710808,3754.0,1301.0
14368,250,12504,0.006224881391972303,3755.0,2882.0
14772,144,7227,0.2520889937877655,3756.0,778.0
16122,474,23747,0.15121956169605255,3757.0,493.0
14223,30,1526,0.044635698199272156,3758.0,1452.0
14223,64,3229,0.09178346395492554,3759.0,820.0
14954,34,1729,0.0054125236347317696,3760.0,2345.0
14954,39,1998,0.051373980939388275,3761.0,358.0
14748,7,400,0.020791560411453247,3762.0,1732.0
17186,54,2725,0.039286017417907715,3763.0,2333.0
14261,6,326,0.9691984057426453,3764.0,3177.0
14642,109,5470,0.009336031973361969,3765.0,1217.0
14134,16,846,0.12109599262475967,3766.0,1185.0
16301,9,484,0.027614589780569077,3767.0,694.0
16301,103,5200,0.8736687302589417,3768.0,1066.0
15397,38,1950,0.0002680109755601734,3769.0,2227.0
15397,61,3093,0.041592735797166824,3770.0,1445.0
15391,30,1550,0.03512312099337578,3771.0,1113.0
15909,197,9882,0.0015919327270239592,3772.0,554.0
16926,66,3338,0.05144760012626648,3773.0,326.0
15250,82,4128,0.023983094841241837,3774.0,2392.0
15413,78,3924,0.029397515580058098,3775.0,1992.0
14279,214,10750,0.0010096643818542361,3776.0,1808.0
15447,80,4022,0.006631400436162949,3777.0,1947.0
15328,163,8173,0.08379679918289185,3778.0,1159.0
14652,187,9388,0.0036437634844332933,3779.0,1125.0
15422,161,8098,0.011010023765265942,3780.0,824.0
16187,52,2604,0.22339944541454315,3781.0,1998.0
16187,53,2678,0.01805448904633522,3782.0,170.0
16715,332,16641,0.014568359591066837,3783.0,2272.0
15140,70,3528,0.0022073667496442795,3784.0,302.0
14989,37,1856,0.4063340127468109,3785.0,80.0
14362,8,445,0.058659620583057404,3786.0,1869.0
14362,71,3569,0.10862980037927628,3787.0,4097.0
16802,355,17790,0.009531568735837936,3788.0,1265.0
16741,301,15095,0.2797922194004059,3789.0,1754.0
14194,57,2875,0.043949194252491,3790.0,663.0
16761,148,7447,0.006129946559667587,3791.0,628.0
16761,257,12880,0.0050990222953259945,3792.0,2539.0
14425,211,10562,0.019450116902589798,3793.0,499.0
16851,261,13098,0.0024765508715063334,3794.0,2928.0
14219,25,1281,0.027304325252771378,3795.0,869.0
15360,60,3040,0.01735973171889782,3796.0,2754.0
14882,91,4566,0.13352741301059723,3797.0,2944.0
14224,22,1120,0.004142323508858681,3798.0,150.0
17459,123,6199,0.0021372183691710234,3799.0,720.0
16333,9,469,0.08975245803594589,3800.0,997.0
16333,31,1575,0.011867388151586056,3801.0,444.0
16464,15,773,0.011090496554970741,3807.0,509.0
14601,8,409,0.0032777662854641676,3806.0,1601.0
16473,97,4896,0.01935163140296936,3805.0,1470.0
16473,97,4896,-999999.9,-1.0,-1.0
14601,8,409,-999999.9,-1.0,-1.0
16464,15,773,-999999.9,-1.0,-1.0
15955,14,743,0.0001937812485266477,3808.0,1827.0
14908,6,305,0.005262000486254692,3809.0,1898.0
14908,7,356,0.01554297748953104,3810.0,1096.0
17217,116,5849,0.05125432834029198,3811.0,774.0
14205,23,1189,0.07058083266019821,3812.0,275.0
14935,82,4124,0.040264081209897995,3813.0,120.0
15961,314,15714,0.590130627155304,3814.0,830.0
15961,335,16753,0.004693854134529829,3815.0,219.0
14609,30,1507,0.016735944896936417,3816.0,2205.0
14891,54,2735,0.07639149576425552,3817.0,1252.0
14891,215,10799,0.18028874695301056,3818.0,45.0
15529,294,14725,0.01711786724627018,3819.0,1469.0
16451,24,1205,0.008180555887520313,3820.0,857.0
16826,34,1717,0.021928517147898674,3821.0,829.0
14873,6,341,0.15092089772224426,3822.0,1122.0
14873,126,6317,0.005702523980289698,3823.0,2515.0
14225,22,1143,0.032534826546907425,3824.0,1817.0
17488,43,2152,0.05166037753224373,3825.0,994.0
16835,28,1424,0.014739246107637882,3826.0,2142.0
16742,37,1868,0.32677286863327026,3827.0,5208.0
14623,49,2498,0.00834144838154316,3828.0,587.0
14623,77,3893,0.05562334135174751,3829.0,740.0
16668,92,4612,0.007534037344157696,3830.0,708.0
16947,16,828,0.07924536615610123,3831.0,1042.0
16950,18,945,0.1376594752073288,3832.0,1240.0
17353,26,1331,0.7118944525718689,3833.0,971.0
17271,121,6100,0.24109701812267303,3834.0,1101.0
15486,230,11529,0.02827947400510311,3835.0,119.0
17458,149,7471,0.004689296707510948,3836.0,1754.0
16576,7,400,0.003721487708389759,3837.0,2546.0
17373,12,620,0.016531765460968018,3838.0,4911.0
15152,43,2196,0.026653816923499107,3839.0,1920.0
15152,57,2875,0.00293849129229784,3840.0,866.0
15436,320,16015,0.9445711374282837,3841.0,581.0
17447,122,6135,0.009471812285482883,3842.0,1213.0
14886,166,8301,0.017166608944535255,3843.0,1355.0
16749,23,1188,0.030886735767126083,3844.0,1933.0
15343,302,15149,0.03728126734495163,3845.0,3642.0
16949,353,17660,0.32973578572273254,3846.0,3232.0
17435,48,2410,0.03618082031607628,3847.0,259.0
15031,28,1433,0.015859726816415787,3848.0,1440.0
15291,12,622,0.20448999106884003,3849.0,573.0
14888,176,8842,0.004103020299226046,3850.0,1916.0
15910,29,1470,0.14157253503799438,3851.0,1271.0
14441,7,394,0.010035045444965363,3852.0,1634.0
16864,239,11977,0.022346777841448784,3853.0,4888.0
16715,197,9880,0.005567997228354216,3854.0,1602.0
15965,394,19718,0.711322546005249,3855.0,2642.0
17306,52,2622,0.19125527143478394,3856.0,1709.0
17344,27,1388,0.0026015269104391336,3857.0,1503.0
15828,14,727,0.03291431814432144,3858.0,1162.0
17334,22,1143,0.6290047764778137,3859.0,2031.0
17087,279,13999,0.008883165195584297,3860.0,972.0
15931,462,23137,0.49496737122535706,3861.0,117.0
15074,163,8187,0.2542555034160614,3862.0,2608.0
15469,132,6620,0.05243464559316635,3863.0,806.0
14899,72,3620,0.021372966468334198,3864.0,2497.0
15361,61,3089,0.0012560999020934105,3865.0,1298.0
15361,61,3097,0.031161518767476082,3866.0,2595.0
15150,77,3852,0.007213731296360493,3867.0,984.0
14600,9,461,0.01323735062032938,3868.0,1201.0
16481,42,2140,0.005815464071929455,3869.0,84.0
16839,29,1464,0.006986386142671108,3870.0,930.0
16444,87,4365,0.05134468153119087,3871.0,3509.0
14874,0,36,0.4438928961753845,3872.0,207.0
16439,97,4896,0.0012233252637088299,3873.0,1741.0
15497,193,9675,0.017568545415997505,3874.0,1227.0
14712,160,8028,0.001285617589019239,3875.0,883.0
14884,216,10822,0.07519654184579849,3876.0,940.0
14754,89,4490,0.2588118016719818,3877.0,3364.0
15150,16,803,0.10339347273111343,3878.0,668.0
15150,62,3136,0.0849873274564743,3879.0,1020.0
15150,71,3597,0.0020065228454768658,3880.0,773.0
14418,4,213,0.1206575334072113,3881.0,1444.0
15348,79,3962,0.005905644036829472,3882.0,1584.0
14743,91,4597,0.15117326378822327,3883.0,1311.0
16760,11,553,0.01495353877544403,3884.0,1649.0
16022,76,3846,0.0021632243879139423,3885.0,1201.0
16226,35,1782,0.03728155791759491,3886.0,3748.0
16330,27,1353,0.014343318529427052,3887.0,4027.0
14273,5,275,0.010543626733124256,3888.0,1503.0
16709,32,1622,0.047401849180459976,3889.0,731.0
15440,30,1521,0.023880045861005783,3890.0,2179.0
16835,152,7637,0.36537444591522217,3891.0,603.0
14418,276,13818,0.628424346446991,3892.0,2966.0
14332,51,2575,0.0821056216955185,3893.0,158.0
16453,98,4949,0.04275979474186897,3894.0,1608.0
14886,36,1839,0.012577373534440994,3895.0,2244.0
15339,170,8524,0.031003909185528755,3896.0,1232.0
14903,22,1136,0.0009166367235593498,3897.0,2608.0
14903,124,6203,0.003846987383440137,3898.0,1814.0
17552,250,12519,0.09188567847013474,3899.0,977.0
15484,345,17253,0.002417549956589937,3900.0,879.0
14980,178,8929,0.004130235873162746,3901.0,5466.0
14584,184,9221,0.07409798353910446,3902.0,431.0
16305,43,2152,0.011525639332830906,3903.0,682.0
15421,54,2708,0.6532196998596191,3904.0,1014.0
15421,258,12915,0.012497571296989918,3905.0,1982.0
14903,218,10933,0.014696478843688965,3906.0,1343.0
14768,60,3018,0.3551599383354187,3907.0,1601.0
16965,223,11189,0.024640198796987534,3908.0,517.0
16006,50,2548,0.05998178943991661,3909.0,767.0
16932,36,1802,0.002559057902544737,3910.0,2399.0
16225,135,6781,0.03568725660443306,3911.0,1374.0
16826,159,7956,0.09483826905488968,3912.0,1061.0
16845,486,24335,0.43506452441215515,3913.0,575.0
14793,148,7421,0.0004671445058193058,3914.0,261.0
15491,212,10625,0.02738507278263569,3915.0,2165.0
14427,59,3000,0.0021927624475210905,3916.0,1325.0
15859,224,11222,0.07123294472694397,3917.0,1756.0
14631,298,14908,0.017247021198272705,3918.0,1350.0
14888,166,8308,0.06079806759953499,3919.0,2352.0
17469,59,2967,0.02392665296792984,3920.0,2227.0
14935,45,2279,0.2642659842967987,3921.0,3600.0
14935,76,3850,0.02153954841196537,3922.0,1193.0
14935,282,14106,0.005509239621460438,3923.0,891.0
14639,35,1757,0.04287874698638916,3924.0,1425.0
14956,134,6747,0.13275779783725739,3925.0,2701.0
15425,138,6947,0.0005587608320638537,3926.0,1758.0
14425,169,8493,0.0220806822180748,3927.0,1914.0
17470,37,1864,0.0016094530001282692,3928.0,1217.0
17470,37,1880,0.03709181398153305,3929.0,182.0
17470,144,7205,0.013659205287694931,3930.0,1287.0
14756,124,6233,0.01254779752343893,3931.0,4891.0
14177,26,1336,0.9345830082893372,3932.0,3550.0
14177,30,1501,0.03122542053461075,3933.0,6146.0
16878,26,1345,0.005382596515119076,3934.0,144.0
15504,53,2674,0.13155050575733185,3935.0,675.0
14392,194,9737,0.10039351135492325,3936.0,1087.0
15489,150,7540,0.011052670888602734,3937.0,1961.0
16795,28,1430,0.030795739963650703,3938.0,1052.0
16795,84,4233,0.03489069640636444,3939.0,5167.0
14148,75,3787,0.11355262249708176,3940.0,215.0
15339,274,13709,0.3777337670326233,3941.0,2831.0
16741,451,22597,0.01216516736894846,3942.0,1376.0
16741,498,24925,0.0036904204171150923,3943.0,402.0
14281,66,3317,0.003594245994463563,3944.0,795.0
15301,14,710,0.03855502977967262,3945.0,3102.0
16585,13,668,0.042927782982587814,3946.0,5397.0
14884,31,1593,0.0029889270663261414,3947.0,2025.0
16858,146,7317,0.03413976728916168,3948.0,829.0
16858,252,12605,0.030332904309034348,3949.0,668.0
16013,170,8544,0.2796034514904022,3950.0,211.0
15961,31,1555,0.018774159252643585,3951.0,2730.0
14909,80,4025,0.0034573869779706,3952.0,1217.0
16761,323,16179,0.03968358039855957,3953.0,1233.0
16431,171,8571,0.07230613380670547,3954.0,1975.0
16036,294,14733,0.18350473046302795,3955.0,1331.0
16411,25,1280,0.8732389807701111,3956.0,1207.0
17231,14,742,0.0011675534769892693,3957.0,1646.0
14611,189,9467,0.0012916987761855125,3958.0,35.0
14989,20,1025,0.015720928087830544,3959.0,1646.0
17534,102,5143,0.0473194420337677,3960.0,565.0
15149,107,5368,0.01239335909485817,3961.0,617.0
16022,133,6668,0.11625112593173981,3962.0,2592.0
14938,62,3123,0.018222950398921967,3963.0,2148.0
16058,91,4570,0.028651082888245583,3964.0,1436.0
14644,111,5569,0.002085838234052062,3965.0,794.0
14157,16,826,0.014012221246957779,3966.0,748.0
15873,237,11858,0.08854550123214722,3967.0,419.0
17482,18,913,0.005264025181531906,3968.0,2114.0
16506,196,9844,0.003224604995921254,3969.0,3142.0
14927,98,4904,0.0031868398655205965,3970.0,341.0
16458,56,2816,0.08006267994642258,3971.0,506.0
14283,55,2784,0.7810400128364563,3972.0,1783.0
14174,109,5486,0.01008622907102108,3973.0,1064.0
17413,160,8027,0.020969945937395096,3974.0,1373.0
14985,2,107,0.9285338521003723,3975.0,1100.0
16161,115,5786,0.15172530710697174,3976.0,937.0
16059,123,6187,0.10482465475797653,3977.0,1641.0
17469,72,3603,0.5227863192558289,3978.0,1365.0
14376,189,9469,0.02918245457112789,3979.0,2422.0
14376,208,10408,0.003871540306136012,3980.0,1460.0
14376,262,13105,0.0033909028861671686,3981.0,2228.0
14376,308,15403,0.03326039761304855,3982.0,1588.0
15805,1,56,0.006281170062720776,3983.0,1324.0
15923,469,23465,0.0009698988287709653,3984.0,1123.0
14568,16,846,0.2218713015317917,3985.0,956.0
14568,20,1014,0.024355852976441383,3986.0,205.0
17004,270,13513,0.03013566881418228,3987.0,2541.0
16960,112,5611,0.0957874059677124,3988.0,1193.0
16960,180,9001,0.0427023209631443,3989.0,1690.0
16160,254,12744,0.3475845158100128,3990.0,2044.0
15875,432,21620,0.12551236152648926,3991.0,354.0
14281,152,7626,0.030834851786494255,3992.0,2114.0
17360,91,4574,0.7600534558296204,3993.0,2383.0
15099,84,4235,0.0456366129219532,3994.0,2608.0
15099,141,7070,0.000725842488463968,3995.0,506.0
14535,96,4830,0.00300943898037076,3996.0,1352.0
14300,139,6997,0.05151791125535965,3997.0,1365.0
14555,24,1223,0.00011808696581283584,3998.0,1514.0
14555,204,10211,0.10850971937179565,3999.0,1602.0
17302,32,1645,0.06769454479217529,4000.0,2144.0
14816,34,1750,0.004854718688875437,4001.0,154.0
16919,304,15231,0.015609931200742722,4002.0,2313.0
16749,41,2060,0.000804448442067951,4003.0,1086.0
16749,98,4930,0.0662359669804573,4004.0,599.0
14212,242,12127,0.004729428328573704,4005.0,3746.0
16339,100,5018,0.0709853544831276,4006.0,731.0
15354,12,647,0.02789386361837387,4007.0,2273.0
16888,457,22885,0.001942898379638791,4008.0,1838.0
16147,92,4642,0.01505210530012846,4009.0,2185.0
15966,222,11140,0.05605533346533775,4010.0,1759.0
14223,225,11263,0.12538114190101624,4011.0,687.0
14152,269,13458,0.0014738684985786676,4012.0,1508.0
16036,54,2740,0.0037839727010577917,4013.0,453.0
15382,13,654,0.16365723311901093,4014.0,5026.0
17083,65,3260,0.015560534782707691,4015.0,1137.0
14551,8,447,0.012970324605703354,4016.0,444.0
14908,0,25,0.006536046974360943,4017.0,1757.0
14908,34,1724,0.001395065221004188,4018.0,1273.0
16852,156,7817,0.10865894705057144,4019.0,1450.0
14418,86,4315,0.4872218668460846,4020.0,2443.0
15428,92,4626,0.022832481190562248,4021.0,2209.0
14211,79,3983,0.06998209655284882,4022.0,763.0
14530,9,487,0.03667863830924034,4023.0,1229.0
14142,13,684,0.012766891159117222,4024.0,1851.0
15382,240,12017,0.02187422104179859,4025.0,1663.0
16006,456,22834,0.038025278598070145,4026.0,838.0
16889,169,8451,0.0013403694611042738,4027.0,827.0
17493,269,13464,0.00856685545295477,4028.0,1966.0
16960,48,2447,0.008207468315958977,4029.0,2654.0
16960,151,7579,0.35634899139404297,4030.0,2229.0
16960,159,7953,0.007294368464499712,4031.0,2481.0
14212,193,9661,0.03157324716448784,4032.0,2135.0
15463,428,21446,0.5861527323722839,4033.0,1941.0
14750,23,1194,0.0026703430339694023,4034.0,556.0
14914,192,9604,0.04135751351714134,4035.0,2998.0
16751,260,13041,0.2940689027309418,4036.0,887.0
17029,48,2408,0.004088485147804022,4037.0,1116.0
15116,20,1024,0.0389811247587204,4038.0,2486.0
14209,24,1218,0.21133624017238617,4039.0,1331.0
16446,353,17666,0.016930826008319855,4040.0,663.0
15808,94,4702,0.014935975894331932,4041.0,1335.0
14152,152,7636,0.00838893000036478,4042.0,1099.0
14907,169,8466,0.023511478677392006,4043.0,1617.0
17224,50,2545,0.058726824820041656,4044.0,914.0
14814,133,6654,0.00122232420835644,4045.0,2797.0
16907,10,549,0.0008102845749817789,4046.0,2971.0
16481,44,2222,0.01260428037494421,4047.0,634.0
15460,49,2473,0.0025829204823821783,4048.0,758.0
15460,85,4261,0.013744544237852097,4049.0,368.0
16134,491,24574,0.03125537186861038,4050.0,715.0
17419,61,3065,0.06975812464952469,4051.0,1633.0
17419,63,3160,0.10720372200012207,4052.0,880.0
14899,155,7756,0.005379582289606333,4053.0,2296.0
14935,269,13457,0.10245063155889511,4054.0,3213.0
14857,176,8831,0.0024668092373758554,4055.0,1149.0
16793,78,3950,0.11038615554571152,4056.0,2592.0
14468,43,2184,0.5857584476470947,4057.0,2883.0
14816,178,8917,0.021799923852086067,4058.0,349.0
16809,95,4755,0.010120609775185585,4059.0,225.0
16950,63,3157,0.08033005148172379,4060.0,1807.0
17530,117,5862,0.08056279271841049,4061.0,957.0
14915,59,3000,0.030168889090418816,4062.0,1723.0
16524,390,19540,0.011599094606935978,4063.0,2010.0
14216,65,3290,0.015112399123609066,4064.0,575.0
14428,80,4005,0.3323785662651062,4065.0,905.0
16759,188,9417,0.045662328600883484,4066.0,2658.0
14619,95,4772,0.07135508954524994,4067.0,1404.0
14123,53,2686,0.042159903794527054,4068.0,2396.0
14245,158,7901,0.07365968823432922,4069.0,3003.0
15970,50,2539,0.013110261410474777,4070.0,890.0
15428,172,8620,0.186334028840065,4071.0,1536.0
17459,44,2240,0.16621115803718567,4072.0,6.0
15960,439,21965,0.048650819808244705,4073.0,511.0
17093,117,5861,0.0058118728920817375,4074.0,964.0
17394,168,8408,0.015980379655957222,4075.0,3537.0
16765,14,703,0.0396873876452446,4076.0,1309.0
14281,216,10849,0.3183245360851288,4077.0,3031.0
14325,13,684,0.008850683458149433,4078.0,85.0
15876,57,2895,0.1310252845287323,4079.0,253.0
15876,60,3002,0.09780309349298477,4080.0,413.0
14772,155,7773,0.08129466325044632,4081.0,400.0
17413,182,9146,0.09044698625802994,4082.0,1286.0
15484,3,176,0.011759171262383461,4083.0,2150.0
14780,28,1424,0.0067137135192751884,4084.0,1033.0
16836,88,4446,0.19756612181663513,4085.0,3185.0
14203,50,2535,0.840897798538208,4086.0,1063.0
17457,74,3749,0.01796702668070793,4087.0,1443.0
14942,169,8452,0.03749292343854904,4088.0,1529.0
14796,108,5421,0.009486774913966656,4089.0,682.0
17351,21,1097,0.00684927636757493,4090.0,1220.0
14343,125,6264,0.02812766283750534,4091.0,2907.0
14343,284,14205,0.596573531627655,4092.0,2511.0
14231,2,147,0.006959206890314817,4093.0,2869.0
16305,17,888,0.03138953819870949,4094.0,2479.0
14806,130,6527,0.021327564492821693,4095.0,991.0
16121,5,290,0.23376071453094482,4096.0,1777.0
15715,21,1073,0.5209790468215942,4097.0,1160.0
15486,197,9889,0.002106178319081664,4098.0,999.0
16757,11,589,0.40143993496894836,4099.0,904.0
16757,23,1163,0.09378546476364136,4100.0,2239.0
16877,121,6080,0.0045585124753415585,4101.0,491.0
14940,272,13603,0.01509221363812685,4102.0,1485.0
14375,5,262,0.0027470679488033056,4103.0,2192.0
14886,169,8459,0.008786240592598915,4104.0,1231.0
17077,175,8758,0.03337610512971878,4105.0,1131.0
14223,231,11558,0.014356967993080616,4106.0,1700.0
16200,105,5259,0.0039363945834338665,4107.0,2324.0
16200,124,6243,0.004960917867720127,4108.0,3020.0
16759,120,6013,0.008031990379095078,4109.0,605.0
16267,119,5976,0.1423828899860382,4110.0,2627.0
14824,120,6011,0.01284047495573759,4111.0,2344.0
17559,20,1001,0.007380859926342964,4112.0,448.0
14329,284,14249,0.004649240989238024,4113.0,1120.0
15792,222,11112,0.1454075127840042,4114.0,2943.0
17435,2,112,0.04508521780371666,4115.0,2773.0
16109,13,671,0.06871494650840759,4116.0,1171.0
14746,0,17,0.1764080822467804,4117.0,2618.0
14746,3,178,0.005022083409130573,4118.0,334.0
17308,93,4696,0.017450684681534767,4119.0,1693.0
15960,333,16657,0.1426461935043335,4120.0,1619.0
15010,14,720,0.04723889380693436,4121.0,2970.0
14313,233,11652,0.017535103484988213,4122.0,1643.0
15915,261,13061,0.02820100635290146,4123.0,4064.0
17164,69,3452,0.31444570422172546,4124.0,2779.0
16869,47,2352,0.018058162182569504,4125.0,1693.0
15031,8,423,0.022973811253905296,4126.0,263.0
15254,87,4363,0.2449217438697815,4127.0,1789.0
14139,175,8794,0.27816063165664673,4128.0,800.0
17387,6,319,0.048703961074352264,4129.0,3368.0
15465,17,871,0.011550280265510082,4130.0,2782.0
14922,4,215,0.0036263479851186275,4131.0,2069.0
14546,50,2538,0.009671462699770927,4132.0,1568.0
14965,304,15240,0.003661970142275095,4133.0,1142.0
14779,126,6317,0.04793652147054672,4134.0,3655.0
16089,346,17308,0.00933919008821249,4135.0,1140.0
17557,28,1433,0.1823318600654602,4136.0,944.0
15382,267,13353,0.0027943740133196115,4137.0,858.0
15777,29,1452,0.10835769772529602,4138.0,1065.0
15966,146,7318,0.19980409741401672,4139.0,1236.0
15316,212,10628,0.020516373217105865,4140.0,1814.0
14790,36,1839,0.08503399789333344,4141.0,2934.0
16022,466,23314,0.018015708774328232,4142.0,782.0
16067,69,3474,0.04104232043027878,4143.0,2440.0
15877,194,9720,0.2205674797296524,4144.0,255.0
15715,177,8880,0.006606114562600851,4145.0,56.0
16845,489,24490,0.0007078207563608885,4146.0,1933.0
14149,147,7367,0.5298947691917419,4147.0,1140.0
16906,69,3481,0.4162167012691498,4148.0,1381.0
16081,78,3911,0.07973763346672058,4149.0,346.0
15502,95,4778,0.02277805656194687,4150.0,712.0
14564,33,1665,0.21283629536628723,4151.0,389.0
14558,112,5647,0.029092855751514435,4152.0,1488.0
15383,32,1619,0.017397090792655945,4153.0,988.0
15592,182,9138,0.06871889531612396,4154.0,2627.0
17440,153,7655,0.020099390298128128,4155.0,1466.0
14886,119,5972,0.01795613393187523,4156.0,1298.0
15361,150,7526,0.007615391165018082,4157.0,1224.0
15361,202,10140,0.03135677054524422,4158.0,2637.0
16468,162,8113,0.22738432884216309,4159.0,2921.0
16874,481,24095,0.021084610372781754,4160.0,681.0
16978,254,12704,0.013144631870090961,4161.0,920.0
16022,438,21927,0.01595343090593815,4162.0,2066.0
17494,247,12370,0.05181659758090973,4163.0,540.0
14195,20,1018,0.02542704902589321,4164.0,1445.0
17489,200,10029,0.5488784909248352,4165.0,172.0
14143,65,3277,0.06698647141456604,4166.0,2011.0
14143,117,5889,0.24616488814353943,4167.0,3001.0
14123,58,2931,0.0032628867775201797,4168.0,805.0
14123,113,5657,0.019310759380459785,4169.0,554.0
16108,16,841,0.1360715627670288,4170.0,1882.0
15715,78,3947,0.009851377457380295,4171.0,983.0
16524,365,18298,0.0044802105985581875,4172.0,584.0
16038,11,587,0.014755666255950928,4173.0,2013.0
15954,124,6225,0.042456191033124924,4174.0,694.0
16400,17,869,0.032305534929037094,4175.0,520.0
15422,158,7918,0.0517541840672493,4176.0,771.0
14938,39,1978,0.09822119027376175,4177.0,1811.0
14938,197,9882,0.198259174823761,4178.0,999.0
17075,108,5444,0.04707083851099014,4179.0,996.0
16116,22,1126,0.022992786020040512,4180.0,1133.0
15500,103,5160,0.03389586880803108,4181.0,24.0
15720,16,844,0.012798271141946316,4182.0,2757.0
14553,129,6488,0.00014452367031481117,4183.0,802.0
16883,139,6990,0.0007917306502349675,4184.0,1607.0
15070,3,167,0.01669316180050373,4185.0,2118.0
15070,4,229,0.03210395202040672,4186.0,1636.0
15415,185,9259,0.025432439520955086,4187.0,1162.0
16948,293,14698,0.05548453703522682,4188.0,1872.0
16588,146,7348,0.5876181125640869,4189.0,1528.0
14450,54,2704,0.011902302503585815,4190.0,279.0
14450,70,3535,0.36988797783851624,4191.0,1123.0
16693,115,5770,0.3465462923049927,4192.0,2399.0
17489,245,12280,0.029470540583133698,4193.0,2632.0
15966,289,14480,0.8805448412895203,4194.0,962.0
17326,81,4057,0.49073198437690735,4195.0,356.0
14148,186,9323,0.15689395368099213,4196.0,2144.0
14980,102,5108,0.019406748935580254,4197.0,1885.0
14338,211,10573,0.003891133703291416,4198.0,1890.0
14399,96,4814,0.006240180227905512,4199.0,2357.0
14399,181,9055,0.015545159578323364,4200.0,1379.0
14360,22,1148,0.014620758593082428,4201.0,366.0
15128,109,5469,0.14558075368404388,4202.0,2881.0
17011,337,16884,0.01047572772949934,4203.0,1608.0
15254,8,442,0.7983744144439697,4204.0,563.0
15398,192,9630,0.07563544809818268,4205.0,1407.0
15246,174,8737,0.006164734251797199,4206.0,1325.0
14880,124,6232,0.008391397073864937,4207.0,2313.0
16047,12,605,0.002981421072036028,4208.0,2805.0
14459,106,5341,0.011845086701214314,4209.0,2494.0
14420,7,360,0.014653585851192474,4210.0,418.0
14693,42,2133,0.7159375548362732,4211.0,2286.0
14990,30,1518,0.5966617465019226,4212.0,175.0
17469,89,4476,0.013212013989686966,4213.0,2462.0
16923,176,8815,0.7233354449272156,4214.0,4505.0
16036,331,16561,0.04994124546647072,4215.0,2797.0
15383,91,4564,0.022035762667655945,4216.0,783.0
14774,18,949,0.002258583204820752,4217.0,1379.0
14774,217,10876,0.014235936105251312,4218.0,1535.0
17418,24,1229,0.25176653265953064,4219.0,1605.0
15323,87,4392,0.01586207002401352,4220.0,3240.0
14713,10,548,0.08928016573190689,4221.0,336.0
14453,26,1311,0.017278220504522324,4222.0,1011.0
14453,50,2501,0.005483454558998346,6223.0,1870.0
16878,216,10803,0.02107243798673153,4224.0,1032.0
15482,87,4398,0.017004555091261864,4225.0,5292.0
14989,32,1635,0.3722699284553528,4226.0,1628.0
16817,223,11153,0.031637102365493774,4227.0,985.0
16023,51,2556,0.05350091680884361,4228.0,2704.0
16023,68,3408,0.1844080686569214,4229.0,475.0
16023,68,3446,0.06998883187770844,4230.0,1556.0
16021,164,8239,0.0030144937336444855,4231.0,2129.0
17137,218,10930,0.016999544575810432,4232.0,1437.0
15915,282,14146,0.010701681487262249,4233.0,730.0
16115,147,7390,0.007091783452779055,4234.0,1204.0
16064,1,96,0.12011721730232239,4235.0,842.0
14831,161,8088,0.007470130454748869,4236.0,464.0
15932,38,1906,0.01926012896001339,4237.0,667.0
17023,173,8666,0.03114723414182663,4238.0,1976.0
14926,64,3237,0.25412359833717346,4239.0,6324.0
14944,12,617,0.005503012798726559,4240.0,2077.0
14944,59,2957,0.019369516521692276,4241.0,972.0
17328,31,1555,0.03508215397596359,4242.0,1967.0
15382,274,13723,0.011631809175014496,4243.0,3181.0
16839,78,3907,0.5363517999649048,4244.0,1930.0
14891,135,6799,0.026638297364115715,4245.0,810.0
14558,155,7755,0.012996595352888107,4246.0,1170.0
15351,24,1250,0.007770830765366554,4247.0,951.0
15970,31,1590,0.009823903441429138,4248.0,1769.0
14814,181,9090,0.023449836298823357,4249.0,192.0
14980,7,391,0.004080579150468111,4250.0,2464.0
14764,33,1661,0.037046242505311966,4251.0,1557.0
14764,33,1665,0.00990219134837389,4252.0,821.0
16714,76,3813,0.008219489827752113,4253.0,730.0
14806,93,4688,0.24269160628318787,4254.0,4717.0
14335,109,5470,0.04546317085623741,4255.0,4137.0
14297,193,9670,0.005473872646689415,4256.0,2089.0
15130,10,517,0.016426105052232742,4257.0,1225.0
14774,77,3858,0.009077973663806915,4258.0,1677.0
14774,120,6042,0.08472374081611633,4259.0,538.0
17055,132,6636,0.014677592553198338,4260.0,1286.0
14957,24,1232,0.026269324123859406,4261.0,1329.0
14957,72,3618,0.023132657632231712,4262.0,1870.0
15800,106,5345,0.08447997272014618,4263.0,3259.0
14122,35,1781,0.38982319831848145,4264.0,1673.0
14399,117,5875,0.41515085101127625,4265.0,2111.0
14270,269,13475,0.16703630983829498,4266.0,804.0
14388,64,3212,0.20989663898944855,4267.0,2661.0
15590,365,18267,0.05944357439875603,4268.0,2053.0
14609,273,13658,0.0035276717972010374,4269.0,3051.0
16023,475,23769,0.24827370047569275,4270.0,1643.0
14301,185,9268,0.010532598942518234,4271.0,1571.0
15591,120,6030,0.038281191140413284,4272.0,1448.0
16951,75,3757,0.020998844876885414,4273.0,1044.0
16951,75,3768,0.03433496132493019,4274.0,1461.0
16951,108,5432,9.971584950108081e-05,4275.0,1073.0
14959,45,2291,0.06853242218494415,4276.0,3006.0
16858,136,6821,0.003973117098212242,4277.0,1128.0
14793,119,5986,0.014343515038490295,4278.0,1307.0
15975,5,271,0.127980574965477,4279.0,1017.0
15975,109,5467,0.15889482200145721,4280.0,1808.0
14887,74,3708,0.8541173934936523,4281.0,2235.0
17237,97,4871,0.017554162070155144,4282.0,1674.0
17302,118,5934,0.000771590624935925,4283.0,3942.0
14915,142,7145,0.0007443040958605707,4284.0,1269.0
16978,215,10778,0.002327008405700326,4285.0,4063.0
16978,285,14288,0.09430544078350067,4286.0,1725.0
15427,226,11317,0.08672237396240234,4287.0,2155.0
14611,132,6616,0.011869646608829498,4288.0,2378.0
14989,223,11195,0.005082606803625822,4289.0,881.0
17338,107,5387,0.20167791843414307,4290.0,1087.0
14275,65,3275,0.035164132714271545,4291.0,956.0
15057,76,3844,0.005693349521607161,4292.0,1450.0
15368,110,5534,0.012857494875788689,4293.0,2773.0
14914,189,9480,0.004267257638275623,4294.0,3878.0
14779,108,5410,0.5393772721290588,4295.0,1644.0
14912,273,13657,0.5524975061416626,4296.0,1474.0
14432,28,1423,0.07051166892051697,4297.0,882.0
16172,138,6909,0.6971184611320496,4298.0,1852.0
16172,205,10259,0.08477967977523804,4299.0,2203.0
15778,131,6563,0.014858427457511425,4300.0,1720.0
16437,170,8515,0.7093331813812256,4301.0,2591.0
16602,26,1337,0.6141472458839417,4302.0,986.0
14399,106,5342,0.1148836612701416,4303.0,1389.0
14399,172,8639,0.01126508042216301,4304.0,843.0
16298,117,5874,0.13737434148788452,4305.0,3682.0
15106,156,7837,0.016150977462530136,4306.0,321.0
16137,66,3327,0.01903616078197956,4307.0,568.0
17352,174,8749,0.021108295768499374,4308.0,2772.0
14453,215,10765,0.299678772687912,4309.0,1289.0
16687,2,107,0.002335237106308341,4310.0,4801.0
14891,221,11092,0.044128380715847015,4311.0,3239.0
16858,114,5749,0.1768714189529419,4312.0,4967.0
14736,97,4860,0.035220492631196976,4313.0,891.0
17139,191,9580,0.15859736502170563,4314.0,3575.0
16493,26,1333,0.02852366492152214,4315.0,2023.0
14934,105,5280,0.00623575784265995,4316.0,961.0
16776,35,1766,0.0016432303236797452,4317.0,2315.0
15702,13,691,0.02030058763921261,4318.0,498.0
14944,25,1269,0.096573606133461,4319.0,2069.0
16797,70,3545,0.0006843408918939531,4320.0,793.0
16955,38,1925,0.058723632246255875,4321.0,2722.0
17217,100,5035,0.025578772649168968,4322.0,2057.0
15311,39,1987,0.06207875534892082,4323.0,59.0
15464,129,6471,0.004080346319824457,4324.0,311.0
17100,134,6709,0.04307752102613449,4325.0,1627.0
17448,88,4434,0.006520154885947704,4326.0,7967.0
14763,25,1288,0.10032908618450165,4327.0,243.0
14763,124,6227,0.4225977659225464,4328.0,255.0
15242,15,791,0.04089221730828285,4329.0,1547.0
14768,187,9359,0.04325485974550247,4330.0,366.0
15554,47,2362,0.038246314972639084,4331.0,2880.0
14224,47,2353,0.1132628321647644,4332.0,1170.0
15894,177,8894,0.03772883489727974,4333.0,792.0
15794,211,10575,0.0017587182810530066,4334.0,978.0
16028,225,11253,0.017113417387008667,4335.0,1862.0
16028,474,23727,0.0017005273839458823,4336.0,336.0
14369,107,5362,0.2658643424510956,4337.0,1820.0
17307,48,2416,0.020946530625224113,4338.0,1038.0
14493,3,161,0.017497239634394646,4339.0,1841.0
15591,175,8762,0.1698237657546997,4340.0,796.0
15301,104,5219,0.1760166585445404,4341.0,816.0
14920,110,5516,0.005401040893048048,4342.0,1087.0
14743,21,1094,0.017628362402319908,4343.0,192.0
17372,116,5831,0.12513352930545807,4344.0,2357.0
15074,154,7725,0.000756437482777983,4345.0,1384.0
14542,159,7987,0.03110441192984581,4346.0,308.0
14382,25,1253,0.010060899890959263,4347.0,1161.0
16118,90,4545,0.024867912754416466,4348.0,2183.0
16788,23,1190,0.014080066233873367,4349.0,1190.0
16326,29,1479,0.005789447575807571,4350.0,473.0
16326,53,2659,0.0007859583711251616,4351.0,456.0
16326,53,2663,0.02394651062786579,4352.0,2826.0
15074,33,1678,0.0030311287846416235,4353.0,2467.0
16946,94,4708,0.2429792582988739,4354.0,1035.0
14122,90,4547,0.009044949896633625,4355.0,2403.0
15981,152,7625,0.055684078484773636,4356.0,3842.0
14277,79,3998,0.11167928576469421,4357.0,736.0
16976,52,2607,0.014825998805463314,4358.0,1649.0
14693,44,2249,-999999.9,-1.0,-1.0
14973,19,957,0.03612954542040825,4360.0,2498.0
14759,1,90,0.06380585581064224,4361.0,750.0
14816,225,11265,0.0033086102921515703,4362.0,717.0
14768,36,1820,0.7211050987243652,4363.0,2627.0
16750,97,4882,0.015275955200195312,4364.0,1078.0
16761,46,2302,0.09284061938524246,4365.0,3970.0
14771,2,106,0.0010331214871257544,4366.0,1833.0
14589,1,96,0.00614527240395546,4367.0,3453.0
16946,25,1263,0.010922842659056187,4368.0,2198.0
17206,273,13693,0.07559103518724442,4369.0,1149.0
14956,198,9924,0.012704284861683846,4370.0,2234.0
14301,120,6016,0.04856810346245766,4371.0,1305.0
14274,41,2097,0.10836339741945267,4372.0,974.0
14818,38,1915,0.04904324933886528,4373.0,165.0
15345,250,12501,0.02170327492058277,4374.0,1832.0
14980,197,9890,0.02205486409366131,4375.0,3868.0
15360,91,4593,0.034227967262268066,4376.0,4544.0
17520,0,38,0.0009726337739266455,4377.0,770.0
14775,22,1110,0.00840341579169035,4378.0,293.0
14643,27,1379,0.005227571818977594,4379.0,1379.0
14643,213,10693,0.016304954886436462,4380.0,1022.0
14388,76,3809,0.037454698234796524,4381.0,4145.0
17508,21,1054,0.023458611220121384,4382.0,2001.0
17196,4,221,0.0008438186487182975,4383.0,3876.0
15086,29,1466,0.8113547563552856,4384.0,265.0
16888,134,6717,0.13834542036056519,4385.0,2276.0
14539,53,2651,0.015098870731890202,4386.0,3242.0
14379,15,769,0.006578377913683653,4387.0,1259.0
14379,36,1813,0.114791139960289,4388.0,2774.0
17324,63,3194,0.3141641616821289,4389.0,1130.0
14825,1,73,0.16744385659694672,4390.0,1280.0
14825,2,144,0.6682636737823486,4391.0,324.0
16621,4,237,0.03739960491657257,4392.0,973.0
17036,140,7034,0.23107895255088806,4393.0,360.0
15014,184,9246,0.01693255640566349,4394.0,660.0
14641,18,914,0.01295178011059761,4395.0,2034.0
14654,128,6428,0.045827437192201614,4396.0,843.0
14654,231,11567,0.005911065731197596,4397.0,3249.0
16583,243,12180,0.0036418940871953964,4398.0,80.0
16052,106,5327,0.4000982940196991,4399.0,793.0
16052,449,22471,0.008704032748937607,4400.0,71.0
14707,33,1685,0.003661475842818618,4401.0,2264.0
14707,59,2982,0.0014019467635080218,4402.0,1475.0
16340,333,16697,0.5915197730064392,4403.0,201.0
17240,166,8343,0.13877376914024353,4404.0,2806.0
14123,0,11,0.012442233972251415,4405.0,2796.0
14539,18,923,0.1146552711725235,4406.0,1324.0
16058,257,12872,0.05484025180339813,4407.0,501.0
17413,267,13382,0.029760807752609253,4408.0,854.0
17413,322,16150,0.01645764522254467,4409.0,541.0
16536,52,2603,0.006151176057755947,4410.0,3031.0
14552,132,6639,0.003359750844538212,4411.0,1116.0
16424,146,7320,0.5531495213508606,4412.0,2748.0
14172,27,1369,0.008302132599055767,4413.0,2900.0
17004,92,4605,0.02557363174855709,4414.0,1792.0
17360,108,5439,0.011087991297245026,4415.0,1477.0
14301,177,8861,0.014315329492092133,4416.0,485.0
15966,68,3447,0.00619473634287715,4417.0,237.0
15065,14,742,0.0031522540375590324,4418.0,178.0
14986,143,7193,0.07087762653827667,4419.0,1292.0
14947,9,466,0.021696923300623894,4420.0,1894.0
14947,12,620,0.000986264320090413,4421.0,381.0
17361,343,17156,0.007173977792263031,4422.0,1025.0
16389,43,2164,0.9413317441940308,4423.0,880.0
16389,122,6129,0.001372270635329187,4424.0,1715.0
14277,126,6321,0.0046181585639715195,4425.0,857.0
14631,176,8849,0.05536923184990883,4426.0,1853.0
15931,367,18355,0.0037055343855172396,4427.0,2182.0
14725,126,6336,0.002385918516665697,4428.0,1130.0
14297,27,1363,0.026453182101249695,4429.0,3625.0
14297,258,12922,0.4652602970600128,4430.0,1264.0
16960,128,6449,0.7948876023292542,4431.0,1853.0
14828,121,6064,0.11976321041584015,4432.0,1520.0
16783,110,5519,0.09253180772066116,4433.0,4999.0
15801,278,13920,0.020435664802789688,4434.0,1734.0
16437,123,6179,0.015948865562677383,4435.0,917.0
15257,113,5686,0.0038944967091083527,4436.0,2665.0
16934,50,2522,0.12793885171413422,4437.0,746.0
16934,96,4807,0.020380575209856033,4438.0,1347.0
15353,40,2043,0.9834067225456238,4439.0,2124.0
15474,64,3250,0.022076748311519623,4440.0,1068.0
14643,233,11683,0.0524335540831089,4441.0,1414.0
15286,10,515,0.17239423096179962,4442.0,956.0
14559,79,3994,0.004584233742207289,4443.0,1297.0
14559,146,7319,0.010799191892147064,4444.0,1052.0
16913,7,372,0.004855962935835123,4445.0,252.0
16913,37,1855,0.0027979877777397633,4446.0,1174.0
16742,26,1305,0.12474080920219421,4447.0,4054.0
15465,9,475,0.04693415388464928,4448.0,1039.0
15465,12,646,0.026644503697752953,4449.0,2436.0
14537,85,4262,0.0014919540844857693,4450.0,2478.0
15073,110,5522,0.008019015192985535,4451.0,2238.0
14919,100,5021,0.0006794626824557781,4452.0,929.0
14550,302,15130,0.00551051227375865,4453.0,1377.0
17070,171,8596,0.03293799236416817,4454.0,2293.0
17475,175,8779,0.028156254440546036,4455.0,1921.0
16209,125,6267,0.006040733307600021,4456.0,1808.0
17034,99,4960,0.0008131635840982199,4457.0,2334.0
15457,194,9731,0.05797123163938522,4458.0,3179.0
16352,206,10328,0.06864617019891739,4459.0,1298.0
16023,214,10746,0.12329457700252533,4460.0,3913.0
16242,254,12734,0.15345776081085205,4461.0,1532.0
15058,0,41,0.9017003774642944,4462.0,22787.0
17557,132,6616,0.11346982419490814,4463.0,9.0
16092,17,872,0.03083222173154354,4464.0,229.0
17132,434,21704,0.2194448560476303,4465.0,2296.0
14623,229,11452,0.0026393774896860123,4466.0,838.0
15927,124,6226,0.3241981863975525,4467.0,200.0
16696,41,2080,0.2352384477853775,4468.0,11.0
17561,203,10186,0.004707137122750282,4469.0,2140.0
14274,165,8283,0.014586890116333961,4470.0,1460.0
16867,193,9674,0.3003885746002197,4471.0,3592.0
15345,114,5714,0.01568007469177246,4472.0,2096.0
16935,266,13323,0.11708260327577591,4473.0,1688.0
14559,192,9613,0.016157230362296104,4474.0,1489.0
16148,13,699,0.014572802931070328,4475.0,2562.0
16986,103,5154,0.7957297563552856,4476.0,926.0
16788,19,991,0.03779413178563118,4477.0,4411.0
15378,15,799,0.019647976383566856,4478.0,3541.0
17371,319,15978,0.10630197077989578,4479.0,2863.0
14636,164,8246,0.10641714185476303,4480.0,591.0
15416,50,2548,0.033476147800683975,4481.0,522.0
14824,281,14066,0.36460256576538086,4482.0,1833.0
14673,24,1222,0.009638749063014984,4483.0,847.0
14673,42,2142,0.5314393043518066,4484.0,1837.0
15529,210,10534,0.8627621531486511,4485.0,1863.0
16428,377,18858,0.2184435874223709,4486.0,1951.0
16314,56,2828,0.010323435068130493,4487.0,629.0
16845,86,4317,0.003906751051545143,4488.0,984.0
14586,28,1405,0.014201388694345951,4489.0,1779.0
14632,20,1033,0.022659212350845337,4490.0,770.0
15163,44,2203,0.11336390674114227,4491.0,1379.0
16011,15,798,0.0035027277190238237,4492.0,1155.0
14874,242,12109,0.0010156062198802829,4493.0,951.0
15902,65,3270,0.06344661116600037,4494.0,328.0
14942,194,9720,0.0395665317773819,4495.0,904.0
16185,46,2326,0.96455317735672,4496.0,1879.0
16659,8,436,0.14297179877758026,4497.0,2524.0
14418,74,3713,0.006989884190261364,4498.0,364.0
16463,6,335,0.08199433982372284,4499.0,364.0
15778,113,5685,0.022336486726999283,4500.0,2768.0
17194,71,3562,0.003701315261423588,4501.0,1645.0
16762,28,1412,0.003337839851155877,4502.0,2697.0
14356,64,3212,0.01939801312983036,4503.0,825.0
16533,11,595,0.27136728167533875,4504.0,1287.0
15762,72,3650,0.2393636405467987,4505.0,1288.0
15762,323,16152,0.3102356791496277,4506.0,1156.0
14467,256,12825,0.13860373198986053,4507.0,528.0
15361,18,908,0.007046855986118317,4508.0,2038.0
15915,244,12230,0.0172952301800251,4509.0,298.0
15345,69,3493,0.005279748234897852,4510.0,1246.0
15421,111,5591,0.014312866143882275,4511.0,1687.0
14295,60,3006,0.05080759897828102,4512.0,1180.0
14295,122,6140,0.04285698011517525,4513.0,2747.0
15987,213,10692,0.06591162830591202,4514.0,2922.0
15223,33,1656,0.02865135483443737,4515.0,4465.0
15223,33,1681,0.05466466024518013,4516.0,633.0
14542,76,3821,0.04932401701807976,4517.0,2337.0
16266,80,4046,0.03660767525434494,4518.0,3639.0
15965,217,10871,0.003823257517069578,4519.0,1441.0
14271,180,9009,0.3116033673286438,4520.0,2324.0
16581,260,13046,0.0014081837143748999,4521.0,695.0
14553,243,12185,0.020924489945173264,4522.0,2188.0
14521,26,1316,0.029723182320594788,4523.0,1083.0
17308,88,4413,0.08614522963762283,4524.0,2465.0
17517,76,3837,0.09053497761487961,4525.0,1808.0
16298,112,5625,0.09804068505764008,4526.0,2402.0
16826,127,6378,0.023415273055434227,4527.0,1268.0
17226,52,2601,0.006748293060809374,4528.0,2085.0
14662,99,4951,0.015741705894470215,4529.0,649.0
14676,3,158,0.02018364518880844,4530.0,811.0
15343,245,12267,0.645022988319397,4531.0,783.0
17339,263,13162,0.37201765179634094,4532.0,2728.0
14227,47,2353,0.04977857694029808,4533.0,849.0
14427,233,11699,0.004786950070410967,4534.0,706.0
17111,147,7360,0.020240509882569313,4535.0,1517.0
14542,123,6198,0.056976962834596634,4536.0,1433.0
15799,41,2055,0.0015850088093429804,4537.0,2066.0
16808,8,429,0.032735176384449005,4538.0,3425.0
16571,52,2644,0.012973884120583534,4539.0,2331.0
16150,125,6252,0.13131873309612274,4540.0,1507.0
14637,80,4027,0.2044251263141632,4541.0,2040.0
14488,23,1186,0.027542974799871445,4542.0,14652.0
16573,318,15904,0.00349055090919137,4543.0,2564.0
17251,128,6418,0.02813800610601902,4544.0,1655.0
17251,128,6446,0.08584106713533401,4545.0,1652.0
16459,73,3671,0.03514479473233223,4546.0,3180.0
17371,389,19456,0.01741061732172966,4547.0,1519.0
15986,274,13706,0.06639111042022705,4548.0,2098.0
17001,39,1971,0.0033820229582488537,4549.0,271.0
14329,211,10577,0.02458152361214161,4550.0,1121.0
15828,184,9249,0.032050296664237976,4551.0,8531.0
15828,464,23211,0.22959138453006744,4552.0,1329.0
14754,39,1963,0.00532988877967,4553.0,3391.0
16738,131,6557,0.10961376130580902,4554.0,1848.0
16798,20,1043,0.012953000143170357,4555.0,1109.0
16092,20,1045,0.022376608103513718,4556.0,3473.0
15308,36,1814,0.08892050385475159,4557.0,521.0
17457,108,5417,0.008066888898611069,4558.0,1539.0
15803,99,4951,0.0023566195741295815,4559.0,3059.0
14458,80,4027,0.01983652077615261,4560.0,1129.0
14758,170,8521,0.06145360693335533,4561.0,1841.0
14517,1,94,0.028964322060346603,4562.0,1632.0
14907,8,421,0.10482912510633469,4563.0,4410.0
17309,117,5882,0.08099406957626343,4564.0,7958.0
14886,99,4991,0.005787792149931192,4565.0,1426.0
15242,0,29,0.051264140754938126,5214.0,675.0
15242,43,2155,0.027396418154239655,5215.0,2492.0
16947,1,93,0.0018295967020094395,4568.0,3002.0
17383,230,11538,0.010310889221727848,4569.0,793.0
17383,549,27452,0.0032632327638566494,4570.0,622.0
14335,283,14168,0.013115011155605316,4571.0,576.0
14394,20,1047,0.014840151183307171,4572.0,3160.0
17338,81,4069,0.007158584892749786,4573.0,1271.0
14412,5,251,0.025134027004241943,4574.0,2145.0
16067,208,10427,0.0011538496473804116,4575.0,2199.0
15297,256,12810,0.14965461194515228,4576.0,3728.0
15297,265,13295,0.003155514830723405,4577.0,675.0
14335,16,805,0.009635922499001026,4578.0,1034.0
17135,66,3309,0.2697993516921997,4579.0,1214.0
16101,111,5584,0.0013666903832927346,4580.0,1108.0
17078,56,2807,0.0029697108548134565,4581.0,1847.0
17267,1,91,0.996265709400177,4582.0,278.0
17046,76,3812,0.00761317228898406,4583.0,1022.0
17075,12,627,0.01066766306757927,4584.0,172.0
16473,98,4948,0.04102172702550888,4585.0,889.0
16473,131,6553,0.013335093855857849,4586.0,276.0
16298,42,2142,0.014201922342181206,4587.0,1706.0
17307,8,447,0.01191734615713358,4588.0,1839.0
16232,60,3038,0.11453505605459213,4589.0,1688.0
15432,127,6360,0.5635344982147217,4590.0,811.0
15432,240,12023,0.07923152297735214,4591.0,7096.0
14272,22,1109,0.0012779593234881759,4592.0,2088.0
14622,45,2269,0.04924386367201805,4593.0,508.0
15783,122,6131,0.12086130678653717,4594.0,1748.0
17124,69,3462,0.000633199349977076,4595.0,2778.0
16378,139,7000,0.26212215423583984,4596.0,202.0
16378,274,13701,0.13550002872943878,4597.0,976.0
15035,3,187,0.05466848984360695,4598.0,3212.0
15509,7,371,0.9833442568778992,4599.0,3454.0
17142,14,707,0.04044007137417793,4600.0,2424.0
15785,299,14977,0.16136696934700012,4601.0,1774.0
17186,0,7,0.8041247129440308,4602.0,2874.0
17186,52,2634,0.29353535175323486,4603.0,2720.0
15915,101,5069,0.01908135414123535,4604.0,346.0
15491,17,899,0.12785659730434418,4605.0,1925.0
14658,46,2320,0.018788490444421768,4606.0,1180.0
17550,8,404,0.052057571709156036,4607.0,2550.0
17550,59,2952,0.2982900142669678,4608.0,7777.0
16122,47,2373,0.006474718917161226,4609.0,618.0
14564,96,4833,0.3533986508846283,4610.0,2085.0
14564,103,5158,0.04485103860497475,4611.0,3395.0
15590,240,12025,0.02469021826982498,4612.0,553.0
16935,71,3576,0.00336957024410367,4613.0,4326.0
15500,40,2024,0.03852181136608124,4614.0,479.0
14925,212,10613,0.0005678185261785984,4615.0,3263.0
15316,27,1383,0.11517206579446793,4616.0,179.0
14870,56,2833,0.14319267868995667,4617.0,873.0
14870,56,2844,0.00503675639629364,4618.0,788.0
14870,311,15591,0.012944649904966354,4619.0,476.0
15981,191,9551,0.0581340529024601,4620.0,2154.0
15920,3,163,0.008291903883218765,4621.0,1561.0
15846,167,8391,0.054908107966184616,4622.0,2523.0
15474,69,3480,0.017514200881123543,4623.0,1562.0
14291,191,9566,0.02672840841114521,4624.0,3286.0
15442,160,8046,0.025469135493040085,4625.0,1146.0
15828,378,18915,0.04345576837658882,4626.0,1209.0
17397,11,584,0.012282660230994225,4627.0,783.0
17195,6,314,0.013762472197413445,4628.0,206.0
17087,222,11106,0.24888549745082855,4629.0,3376.0
14617,15,756,0.017797328531742096,4630.0,531.0
14438,80,4020,0.009182701818645,4631.0,121.0
17361,218,10946,0.001973790116608143,4632.0,119.0
16041,286,14311,0.006926455069333315,4633.0,1442.0
15529,138,6915,0.01874689571559429,4634.0,1776.0
15801,33,1693,0.11730397492647171,4635.0,1735.0
15421,62,3150,0.01397531758993864,4636.0,1652.0
14535,20,1034,0.0030004591681063175,4637.0,3616.0
14971,117,5884,0.08320854604244232,4638.0,3526.0
16437,126,6348,0.0034403789322823286,4639.0,1850.0
16378,136,6837,0.003926864825189114,4640.0,1078.0
16948,208,10422,0.023086607456207275,4641.0,493.0
17400,197,9873,0.20163829624652863,4642.0,997.0
15156,7,380,0.0053074597381055355,4643.0,526.0
17494,285,14274,0.3437022566795349,4644.0,813.0
14940,176,8846,0.039735347032547,4645.0,1188.0
14149,5,275,0.8853021860122681,4646.0,271.0
14824,126,6319,0.04090213403105736,4647.0,3533.0
14948,146,7301,0.017205914482474327,4648.0,1890.0
14747,4,246,0.00470022764056921,4649.0,1927.0
16440,96,4824,0.005624138750135899,4650.0,1175.0
14545,162,8142,0.18621979653835297,4651.0,464.0
16242,138,6939,0.03231540694832802,4652.0,1506.0
15279,138,6936,0.02947024255990982,4653.0,1724.0
14955,15,775,0.04198787361383438,4654.0,470.0
15489,1,55,0.00540523836389184,4655.0,280.0
14177,33,1697,0.015619942918419838,4656.0,1586.0
14940,49,2458,0.38541004061698914,4657.0,1203.0
16022,453,22686,0.3174589276313782,4658.0,4593.0
16022,498,24925,0.09312579780817032,4659.0,659.0
14609,42,2139,0.027605518698692322,4660.0,330.0
16219,233,11681,0.02798677794635296,4661.0,1015.0
15801,77,3891,0.011613508686423302,4662.0,794.0
14453,48,2434,0.03996288403868675,4663.0,3643.0
16299,66,3347,0.46048685908317566,4664.0,220.0
16551,118,5918,0.023304332047700882,4665.0,1821.0
16847,82,4134,0.008257941342890263,4666.0,1153.0
16847,109,5473,0.021359091624617577,4667.0,945.0
16581,110,5527,0.003785325912758708,4668.0,1404.0
14135,4,238,0.1912679225206375,4669.0,1336.0
16425,4,202,0.015477586537599564,4670.0,717.0
16231,34,1701,0.0697222575545311,4671.0,1203.0
16454,1,92,0.021263431757688522,4672.0,1197.0
14337,17,856,0.009312497451901436,4673.0,316.0
17248,388,19402,0.11647205054759979,4674.0,248.0
16040,48,2416,0.0006456326227635145,4675.0,2040.0
15289,38,1946,0.006364176515489817,4676.0,824.0
16878,67,3358,0.14772023260593414,4677.0,680.0
16125,88,4418,0.0032329147215932608,4678.0,1464.0
16036,369,18478,0.033143505454063416,4679.0,161.0
15395,65,3255,0.005840232130140066,4680.0,1523.0
16425,36,1818,0.04601314291357994,4681.0,1087.0
14467,81,4067,0.06982257217168808,4682.0,1805.0
16506,128,6430,0.009277576580643654,4683.0,2310.0
15369,87,4398,0.11224815249443054,4684.0,1347.0
15369,120,6029,0.3247828781604767,4685.0,491.0
15355,13,654,0.0012352984631434083,4686.0,233.0
15355,69,3496,0.0017222638707607985,4687.0,928.0
14985,136,6814,0.10732388496398926,4688.0,1501.0
14899,178,8933,0.08562444150447845,4689.0,6113.0
16963,34,1731,0.0035409166011959314,4690.0,1878.0
16852,36,1801,0.06621569395065308,4691.0,1368.0
16852,101,5086,0.21152393519878387,4692.0,1408.0
15002,30,1508,0.0035049617290496826,4693.0,2028.0
17451,7,389,0.03910484537482262,4694.0,1770.0
15875,3,180,0.0014176475815474987,4695.0,270.0
16744,61,3078,0.01371366810053587,4696.0,1674.0
14291,221,11053,0.009072648361325264,4697.0,799.0
14291,221,11089,0.10263007879257202,4698.0,1222.0
14467,43,2197,0.003093589562922716,4699.0,337.0
14212,24,1222,0.00688062934204936,4700.0,1344.0
14212,60,3019,0.006170738022774458,4701.0,1167.0
14899,128,6414,0.014095393009483814,4702.0,1304.0
14873,188,9434,0.0017020846717059612,4703.0,1925.0
16847,46,2308,0.0022602719254791737,4704.0,289.0
14725,12,614,0.02766796201467514,4705.0,131.0
16964,234,11713,0.017752496525645256,4706.0,2367.0
15844,8,401,0.0030011539347469807,4707.0,578.0
17475,68,3449,0.16907288134098053,4708.0,1115.0
14551,221,11073,0.0028316923417150974,4709.0,2915.0
16886,67,3365,0.024560660123825073,4710.0,850.0
14740,16,832,0.016643838956952095,4711.0,667.0
17367,29,1498,0.0034185037948191166,4712.0,1252.0
14597,84,4242,0.026382040232419968,4713.0,2030.0
15257,30,1504,0.002913156058639288,4714.0,2724.0
15257,39,1989,0.011112886480987072,4715.0,2567.0
15464,116,5843,0.010164509527385235,4716.0,3998.0
15913,33,1676,0.05401340872049332,4717.0,2273.0
16551,222,11131,0.012910024262964725,4718.0,298.0
14135,43,2184,0.05756805092096329,4719.0,1873.0
14970,128,6409,0.06263034790754318,4720.0,3386.0
14891,46,2346,0.010438542813062668,4721.0,212.0
16099,8,426,0.007245497778058052,4722.0,463.0
14746,76,3811,0.014258449897170067,4723.0,1047.0
14746,199,9987,0.08484157919883728,4724.0,1342.0
15783,304,15241,0.006615803111344576,4725.0,1883.0
15102,43,2174,0.3297416567802429,4726.0,1228.0
14939,12,615,0.027904752641916275,4727.0,1747.0
16424,19,990,0.034063953906297684,4728.0,4730.0
16023,305,15290,0.04284160956740379,4729.0,1232.0
14965,256,12803,0.04645118862390518,4730.0,2427.0
14641,142,7109,0.0007022092468105257,4731.0,1644.0
14749,132,6608,0.024502018466591835,4732.0,6329.0
14269,172,8602,0.03944643214344978,4733.0,1863.0
16203,186,9322,0.0186585895717144,4734.0,2643.0
16741,77,3896,0.11875614523887634,4735.0,1041.0
17002,23,1160,0.9502800703048706,4736.0,2008.0
17229,22,1133,0.00260447827167809,4737.0,159.0
17172,33,1695,0.0025876457802951336,4738.0,471.0
17520,13,699,0.005172464530915022,4739.0,1120.0
15166,311,15584,0.003328407881781459,4740.0,1381.0
17109,119,5964,0.08006446808576584,4741.0,1351.0
17089,15,762,0.10857225954532623,4742.0,321.0
14195,12,636,0.05873291566967964,4743.0,1067.0
14195,217,10894,0.000683293619658798,4744.0,668.0
15060,34,1736,0.006184869445860386,4745.0,863.0
15060,34,1743,0.004486267454922199,4746.0,1115.0
14356,259,12969,0.052742116153240204,4747.0,458.0
15927,112,5605,0.004742358345538378,4748.0,748.0
16749,51,2562,0.050361137837171555,4749.0,1685.0
14824,82,4101,0.879535973072052,4750.0,3956.0
17488,254,12740,0.015059403143823147,4751.0,2632.0
17488,297,14852,0.06757497042417526,4752.0,1979.0
17488,297,14862,0.027627697214484215,4753.0,1886.0
14467,224,11231,0.008965692482888699,4754.0,168.0
14291,175,8770,0.037209652364254,4755.0,213.0
15182,82,4131,0.06937724351882935,4756.0,1333.0
14891,48,2413,0.0622430257499218,4757.0,302.0
14891,113,5700,0.013121919706463814,4758.0,392.0
16073,77,3853,0.0017159691778942943,4759.0,2160.0
16352,64,3247,0.1839556246995926,4760.0,1920.0
17448,129,6485,0.01335463859140873,4761.0,3341.0
17067,18,923,0.0146144675090909,4762.0,119.0
15803,33,1676,0.27426666021347046,4763.0,2290.0
15919,37,1889,0.00970365945249796,4764.0,1638.0
14458,113,5694,0.01902068220078945,4765.0,1787.0
15111,191,9555,0.0031813555397093296,4766.0,1457.0
14367,262,13134,0.05982876196503639,4767.0,980.0
14597,137,6879,0.9171362519264221,4768.0,1957.0
17410,9,494,0.05171037092804909,4769.0,3414.0
17338,79,3965,0.07042072713375092,4770.0,1644.0
15501,19,974,0.005076808389276266,4771.0,324.0
16722,149,7484,0.0011562081053853035,4772.0,1211.0
14873,19,977,0.0941411629319191,4773.0,2022.0
14399,180,9044,0.029110534116625786,4774.0,979.0
14399,183,9153,0.05280059576034546,4775.0,936.0
14271,54,2717,0.022872619330883026,4776.0,999.0
14611,77,3890,0.0258213859051466,4777.0,626.0
15117,202,10143,0.21427614986896515,4778.0,1186.0
15151,190,9514,0.21790041029453278,4779.0,841.0
17250,16,815,0.003547260072082281,4780.0,2241.0
15960,344,17222,0.06877440214157104,4781.0,1205.0
14275,111,5568,0.10927720367908478,4782.0,1000.0
14336,75,3770,0.010275568813085556,4783.0,2113.0
16935,435,21761,0.152482807636261,4784.0,2620.0
16826,398,19927,0.007744004484266043,4785.0,1133.0
16095,24,1223,0.05202854424715042,4786.0,610.0
16386,20,1017,0.0031633873004466295,4787.0,2394.0
16761,39,1988,0.000702521821949631,4788.0,506.0
15710,7,353,0.04485920071601868,4789.0,1389.0
16446,41,2083,0.034444667398929596,4790.0,719.0
16446,278,13916,0.8762679696083069,4791.0,2152.0
16228,186,9305,0.05895169451832771,4792.0,330.0
16410,21,1100,0.4185139238834381,4793.0,187.0
16410,67,3384,0.019762590527534485,4794.0,169.0
16338,62,3135,0.0032293517142534256,4795.0,2250.0
16434,61,3072,0.0015084923943504691,4796.0,1603.0
17306,78,3927,0.0056570060551166534,4797.0,1648.0
14652,199,9963,0.2351185381412506,4798.0,1297.0
14652,238,11904,0.003021842800080776,4799.0,481.0
15297,64,3216,0.0009527439251542091,4800.0,1719.0
15297,93,4698,0.03042576089501381,4801.0,1568.0
15917,418,20921,0.625579297542572,4802.0,1441.0
14615,3,151,0.00018723440007306635,4803.0,2120.0
14615,33,1680,0.0025738447438925505,4804.0,961.0
14874,139,6994,0.02474362961947918,4805.0,1664.0
14874,161,8086,0.0010573691688477993,4806.0,1184.0
16218,24,1219,0.006432401482015848,4807.0,2113.0
14721,7,382,0.0008649056544527411,4808.0,2314.0
16583,37,1876,0.01767193339765072,4809.0,2299.0
17028,40,2040,0.18137411773204803,4810.0,2117.0
15859,94,4722,0.013230320997536182,4811.0,401.0
15511,174,8734,0.002294679172337055,4812.0,1322.0
14611,63,3155,0.01094058807939291,4813.0,2197.0
16162,49,2489,0.0011579417623579502,4814.0,589.0
15588,278,13903,0.04124714434146881,4815.0,2122.0
14464,260,13048,0.10490161925554276,4816.0,1449.0
14125,75,3790,0.0068305316381156445,4817.0,1301.0
17400,173,8653,0.01575029268860817,4818.0,901.0
17339,364,18205,0.144469752907753,4819.0,244.0
16092,183,9192,0.009559539146721363,4820.0,1236.0
17353,27,1357,0.003988057840615511,4821.0,399.0
15432,64,3235,0.009814759716391563,4822.0,603.0
14467,18,922,0.18035204708576202,4823.0,1208.0
14467,51,2579,0.4224868416786194,4824.0,813.0
16518,42,2140,0.4717048704624176,4825.0,4676.0
14824,58,2933,0.0050483280792832375,4826.0,661.0
14367,1,51,0.12664172053337097,4827.0,1315.0
14367,1,62,0.008234727196395397,4828.0,1509.0
14367,118,5929,0.32065948843955994,4829.0,2179.0
15931,264,13219,0.003004358848556876,4830.0,2555.0
16664,70,3512,0.009800289757549763,4831.0,3132.0
16666,184,9225,0.037601128220558167,4832.0,301.0
16440,19,986,0.00914693158119917,4833.0,1775.0
17279,28,1420,0.10513276606798172,4834.0,368.0
16013,82,4140,0.06302706152200699,4835.0,801.0
17011,20,1005,0.0577625147998333,4836.0,1069.0
14156,5,291,0.0016808095388114452,4837.0,4068.0
16744,93,4684,0.0013630338944494724,4838.0,620.0
14368,213,10691,0.22104515135288239,4839.0,2714.0
14368,241,12080,0.016989147290587425,4840.0,461.0
14368,293,14652,0.0523843951523304,4841.0,2740.0
15799,251,12576,0.021188292652368546,4842.0,1566.0
14368,75,3780,0.6609526872634888,4843.0,62.0
15460,43,2196,0.00357627309858799,4844.0,2857.0
15243,52,2640,0.005370547994971275,4845.0,1106.0
15293,68,3438,0.004235919564962387,4846.0,918.0
17478,166,8305,0.003860173746943474,4847.0,685.0
15917,187,9373,0.23790763318538666,4848.0,303.0
15428,222,11139,0.03307510167360306,4849.0,2359.0
16948,134,6716,0.19372449815273285,4850.0,1691.0
15267,132,6618,0.14008519053459167,4851.0,1585.0
16022,44,2243,0.4470302164554596,4852.0,1271.0
15348,175,8780,0.01061549223959446,4853.0,1091.0
16440,129,6499,0.03483990207314491,4854.0,437.0
16891,136,6848,0.005590364802628756,4855.0,254.0
15339,185,9295,0.2653275728225708,4856.0,660.0
15780,44,2211,0.0035721631720662117,4857.0,1852.0
14557,70,3520,0.04148823767900467,4858.0,747.0
17195,46,2323,0.06238171458244324,4859.0,445.0
17453,62,3103,0.03323839232325554,4860.0,288.0
16746,38,1905,0.05442175269126892,4861.0,437.0
16746,114,5745,0.22807620465755463,4862.0,968.0
16583,110,5537,0.016518034040927887,4863.0,1106.0
16583,214,10737,0.007789504714310169,4864.0,193.0
16583,272,13602,0.0030433263164013624,4865.0,1417.0
15966,50,2548,0.03266243636608124,4866.0,1659.0
14721,18,907,0.0476374551653862,4867.0,198.0
14721,78,3909,0.010765806771814823,4868.0,1197.0
17132,121,6064,0.1336153745651245,4869.0,1060.0
17132,435,21799,0.36812782287597656,4870.0,9298.0
14927,104,5203,0.25502198934555054,4871.0,1371.0
14712,253,12667,0.004117647651582956,4872.0,668.0
17494,49,2494,0.09710103273391724,4873.0,1500.0
17494,164,8234,0.39557498693466187,4874.0,2085.0
15086,174,8738,0.0263395793735981,4875.0,744.0
15393,32,1626,0.025584064424037933,4876.0,5814.0
14372,59,2990,0.024560805410146713,4877.0,1113.0
15297,3,189,0.02447805553674698,4878.0,4286.0
16340,368,18427,0.02000231109559536,4879.0,1629.0
15398,365,18283,0.0036827423609793186,4880.0,1422.0
17489,41,2053,0.019186154007911682,4881.0,667.0
17056,189,9471,0.013078611344099045,4882.0,1677.0
14988,7,376,0.02837107889354229,4883.0,1126.0
14988,11,582,0.0012129119131714106,4884.0,1020.0
16021,395,19760,0.015373097732663155,4885.0,660.0
15504,208,10439,0.02089614048600197,4886.0,2316.0
14564,94,4717,0.005027344916015863,4887.0,3560.0
14967,52,2610,0.061689794063568115,4888.0,1150.0
16022,363,18192,0.016186408698558807,4889.0,1846.0
15231,137,6859,0.046253494918346405,4890.0,1106.0
15092,51,2590,0.0026275855489075184,4891.0,630.0
14409,48,2439,0.0537736639380455,4892.0,3056.0
16023,74,3733,0.06336630135774612,4893.0,899.0
16802,299,14990,0.019695086404681206,4894.0,1072.0
15391,234,11727,0.22485867142677307,4895.0,734.0
15149,28,1430,0.21625661849975586,4896.0,616.0
16172,164,8241,0.018666889518499374,4897.0,107.0
14453,13,657,0.04055285081267357,4898.0,3452.0
16063,93,4680,0.06255603581666946,4899.0,1195.0
17101,48,2445,0.019886167719960213,4900.0,1602.0
17475,15,778,0.015243617817759514,4901.0,1485.0
14899,194,9739,0.0034103263169527054,4902.0,2118.0
16467,115,5763,0.35884740948677063,4903.0,2274.0
15160,224,11210,0.009296963922679424,4904.0,465.0
16434,39,1994,0.007603555917739868,4905.0,1142.0
16059,125,6265,0.027549482882022858,4906.0,1422.0
15086,94,4717,0.009088287129998207,4907.0,918.0
14647,79,3982,0.15843497216701508,4908.0,2045.0
14647,103,5157,0.9870320558547974,4909.0,2713.0
14647,131,6598,0.0009518865263089538,4910.0,2302.0
17077,9,474,0.02682911977171898,4911.0,2710.0
15836,24,1243,0.014209187589585781,4912.0,297.0
16063,50,2541,0.02173907868564129,4913.0,2725.0
16006,91,4596,0.11298694461584091,4914.0,2279.0
16094,499,24995,0.013968892395496368,4915.0,431.0
17479,22,1130,0.0010344538604840636,4916.0,870.0
17249,369,18460,0.00860623735934496,4917.0,2482.0
14459,82,4121,0.15429575741291046,4918.0,1547.0
15116,150,7510,0.07153356820344925,4919.0,7.0
15433,132,6635,0.39317041635513306,4920.0,2114.0
16013,74,3743,0.0005284433718770742,4921.0,1806.0
16013,177,8875,0.3747389614582062,4922.0,388.0
17339,267,13370,0.06229044124484062,4923.0,1172.0
14524,8,401,0.00821517314761877,4924.0,815.0
16517,92,4602,0.0006739332457073033,4925.0,1616.0
14959,150,7538,0.015163222327828407,4926.0,912.0
17249,102,5148,0.017769191414117813,4927.0,1470.0
17249,157,7869,0.008528312668204308,4928.0,2211.0
15368,36,1835,0.006899275816977024,4929.0,2534.0
14235,11,572,0.17764177918434143,4930.0,2270.0
14235,115,5760,0.018304746598005295,4931.0,1227.0
14884,118,5946,0.008921408094465733,4932.0,4552.0
15528,66,3338,0.07698740810155869,4933.0,3131.0
16839,49,2494,0.1284586489200592,4934.0,1226.0
17077,195,9779,0.0959983766078949,4935.0,4523.0
14644,142,7109,0.36498111486434937,4936.0,3391.0
17354,29,1499,0.04927641525864601,4937.0,2376.0
17493,3,191,0.003958059009164572,4938.0,443.0
14812,151,7580,0.021510962396860123,4939.0,3915.0
16158,473,23698,0.012929762713611126,4940.0,1890.0
14401,142,7105,0.08604325354099274,4941.0,1430.0
15801,444,22231,0.02910255454480648,4942.0,1819.0
16148,1,100,0.11514231562614441,4943.0,1559.0
14986,242,12137,0.01703113503754139,4944.0,710.0
15133,51,2568,0.1472993642091751,4945.0,3712.0
15433,136,6818,0.3729121685028076,4946.0,15841.0
14802,173,8683,0.011489368043839931,4947.0,391.0
16515,10,527,0.1060604453086853,4948.0,668.0
17492,72,3639,0.007256142795085907,4949.0,673.0
14467,149,7483,0.0998263731598854,4950.0,311.0
16058,254,12741,0.016424603760242462,4951.0,1627.0
14623,11,593,0.013500308617949486,4952.0,3199.0
14148,111,5554,0.14362598955631256,4953.0,2197.0
16470,100,5006,0.002504543401300907,4954.0,1127.0
17112,123,6152,0.020568441599607468,4955.0,1685.0
17125,0,41,0.03566207364201546,4956.0,1369.0
17125,106,5301,0.006411833222955465,4957.0,896.0
14882,17,895,0.02679675817489624,4958.0,1184.0
14882,137,6856,0.018517665565013885,4959.0,1532.0
14569,163,8155,0.008779656141996384,4960.0,1294.0
16102,21,1078,0.17571711540222168,4961.0,1496.0
15128,64,3206,0.01392015814781189,4962.0,218.0
14968,21,1065,0.10065370798110962,4963.0,2883.0
15484,370,18528,0.04369264468550682,4964.0,2591.0
14945,38,1915,0.015247841365635395,4965.0,929.0
14307,14,725,0.003440032247453928,4966.0,939.0
14664,36,1839,0.7829366326332092,4967.0,1242.0
14664,40,2003,0.012310342863202095,4968.0,11952.0
14664,40,2006,0.03164350986480713,4969.0,1234.0
15737,10,522,0.007279295474290848,4970.0,853.0
14399,100,5038,0.23377609252929688,4971.0,2005.0
16008,274,13727,0.004982376005500555,4972.0,1743.0
14246,181,9092,0.32020267844200134,4973.0,339.0
17070,206,10329,0.030008483678102493,4974.0,1429.0
14209,12,608,0.04755217209458351,4975.0,652.0
15875,301,15073,0.055936548858881,4976.0,82.0
16067,150,7549,0.0012749035377055407,4977.0,913.0
15148,0,3,0.015662766993045807,4978.0,729.0
17109,51,2572,0.05221673101186752,4979.0,290.0
15785,269,13478,0.01852518692612648,4980.0,163.0
16579,73,3664,0.007503873202949762,4981.0,1053.0
16842,2,142,0.04878592863678932,4982.0,1111.0
16842,88,4448,0.007535189390182495,4983.0,2264.0
17357,48,2423,0.07153293490409851,4984.0,796.0
14212,19,997,0.08268865942955017,4985.0,557.0
14212,209,10455,0.030733345076441765,4986.0,786.0
14712,137,6899,0.0010591298341751099,4987.0,3246.0
14918,104,5210,0.03412069380283356,4988.0,540.0
15589,145,7287,0.015842454507946968,4989.0,1628.0
15589,324,16235,0.11148685216903687,4990.0,2010.0
14647,60,3023,0.021961860358715057,4991.0,418.0
14194,80,4017,0.009050823748111725,4992.0,2486.0
14194,80,4021,0.0032641510479152203,4993.0,1691.0
14758,141,7064,0.0007968582212924957,4994.0,2423.0
15939,88,4431,0.03217792510986328,4995.0,438.0
15939,88,4438,0.04456329345703125,4996.0,1761.0
16462,28,1442,0.0171029195189476,4997.0,1173.0
16352,34,1744,0.012274951674044132,4998.0,1985.0
15275,32,1615,0.0157708041369915,4999.0,296.0
15275,58,2910,0.2931070625782013,5000.0,2122.0
16453,276,13834,0.06367552280426025,5001.0,1213.0
16147,261,13070,0.041902802884578705,5002.0,8272.0
16147,279,13999,0.006789436563849449,5003.0,2431.0
15987,100,5033,0.005991778336465359,5004.0,1926.0
17459,169,8499,0.048205383121967316,5005.0,1447.0
17111,210,10516,0.05439361557364464,5006.0,1611.0
14324,20,1023,0.06006237864494324,5007.0,1141.0
16415,42,2132,0.004858595319092274,5008.0,942.0
17080,37,1886,0.004962136968970299,5009.0,1331.0
15114,3,171,0.04464557394385338,5010.0,3004.0
16533,13,686,0.01657402329146862,5011.0,2373.0
16867,250,12513,0.2971348166465759,5012.0,2130.0
14893,160,8007,0.011960861273109913,5013.0,1686.0
14227,36,1809,0.002226857002824545,5014.0,3155.0
14154,166,8303,0.001628701575100422,5015.0,3917.0
14154,182,9122,0.23557476699352264,5016.0,3066.0
15361,73,3655,0.018673652783036232,5017.0,379.0
14157,132,6649,0.0006958150770515203,5018.0,1419.0
16421,44,2215,0.025367658585309982,5019.0,708.0
16421,56,2844,0.016988033428788185,5020.0,3567.0
16421,70,3519,0.010342765599489212,5021.0,814.0
14617,54,2735,0.012627653777599335,5022.0,2055.0
16851,109,5463,0.0118422731757164,5023.0,2259.0
14700,19,966,0.24281321465969086,5024.0,2603.0
14700,22,1102,0.27049025893211365,5025.0,1969.0
14243,78,3928,0.018016530200839043,5026.0,3579.0
14329,138,6943,0.09287162870168686,5027.0,1690.0
14329,138,6949,0.010716896504163742,5028.0,577.0
16076,16,844,0.011231361888349056,5029.0,705.0
14745,43,2167,0.095633864402771,5030.0,2683.0
14745,60,3006,0.1506650596857071,5031.0,592.0
15789,47,2368,0.02459551952779293,5032.0,1051.0
16852,312,15607,0.5171083807945251,5033.0,82.0
14552,85,4294,0.006030000746250153,5034.0,1849.0
14990,154,7724,0.0008002170361578465,5035.0,3564.0
14990,154,7732,0.011901999823749065,5036.0,559.0
17171,41,2090,0.007933755405247211,5037.0,5566.0
17171,55,2787,0.08103693276643753,5038.0,1364.0
14455,76,3803,0.01899864338338375,5039.0,1978.0
16751,117,5865,0.004804483149200678,5040.0,984.0
14722,13,678,0.0057306354865431786,5041.0,4128.0
15377,54,2707,0.06591013818979263,5042.0,928.0
15254,100,5050,0.002646645065397024,5043.0,979.0
15254,171,8577,0.035145316272974014,5044.0,36.0
16394,14,707,0.01776292733848095,5045.0,1392.0
17396,8,414,0.04291822388768196,5046.0,1797.0
15966,358,17918,0.00928298570215702,5047.0,910.0
15954,189,9466,0.23168449103832245,5048.0,2256.0
17556,141,7072,0.7813596129417419,5049.0,826.0
14641,81,4085,0.1401248276233673,5050.0,956.0
16021,480,24007,0.038899485021829605,5051.0,2349.0
14989,141,7095,0.0027605090290308,5052.0,3589.0
14989,262,13132,0.03609069436788559,5053.0,2181.0
15933,322,16130,0.0016177224460989237,5054.0,857.0
17055,124,6236,0.006405116990208626,5055.0,1356.0
15262,125,6255,0.0015949186636134982,5056.0,864.0
15262,158,7936,0.40469735860824585,5057.0,1577.0
14749,70,3537,0.09151351451873779,5058.0,2532.0
15054,51,2568,0.019081484526395798,5059.0,2433.0
15970,254,12725,0.09985803067684174,5060.0,793.0
15486,365,18272,0.004482363350689411,5061.0,1213.0
15083,0,27,0.050345804542303085,5062.0,3112.0
14541,74,3744,0.021022796630859375,5063.0,856.0
14541,97,4877,0.0015975397545844316,5064.0,890.0
15915,27,1368,0.0054895165376365185,5065.0,321.0
15113,102,5146,0.07655981183052063,5066.0,3435.0
16162,45,2255,0.26086655259132385,5067.0,2510.0
14825,52,2640,0.02981569804251194,5068.0,860.0
14290,26,1330,0.02836848422884941,5069.0,1590.0
14263,163,8179,0.9897878170013428,5070.0,1443.0
16741,212,10641,0.01102412398904562,5071.0,1880.0
16741,299,14972,0.007439557462930679,5072.0,3186.0
14814,104,5223,0.5160170793533325,5073.0,4020.0
15138,28,1444,0.14614111185073853,5074.0,1888.0
15520,35,1781,0.001561914337798953,5075.0,1658.0
17056,269,13484,0.004701256286352873,5076.0,2029.0
14768,7,353,0.0016852160915732384,5077.0,2184.0
15147,84,4215,0.0018346187425777316,5078.0,133.0
14641,3,152,0.01819419674575329,5079.0,1698.0
14293,19,975,0.007910000160336494,5080.0,1428.0
14235,70,3521,0.00778259476646781,5081.0,900.0
16473,54,2747,0.0005691649857908487,5082.0,5383.0
16228,286,14322,0.02064349129796028,5083.0,506.0
14643,54,2710,0.006567960139364004,5084.0,2211.0
14643,147,7357,0.006509772501885891,5085.0,2348.0
17488,229,11472,0.06549947708845139,5086.0,1355.0
14634,73,3664,0.34272611141204834,5087.0,652.0
14634,162,8143,0.015601295046508312,5088.0,1243.0
14891,67,3374,0.012956530787050724,5089.0,2047.0
14891,75,3796,0.018596172332763672,5090.0,857.0
14904,42,2150,0.015535170212388039,5091.0,711.0
16964,286,14337,0.8441616892814636,5092.0,3161.0
17517,82,4115,0.011225898750126362,5093.0,1782.0
15902,261,13052,0.013807677663862705,5094.0,1638.0
16506,76,3823,0.0038761382456868887,5095.0,788.0
15140,212,10628,0.008624549023807049,5096.0,1944.0
14153,36,1821,0.16669857501983643,5097.0,2661.0
14153,56,2811,0.08709022402763367,5098.0,474.0
14153,56,2849,0.013514586724340916,5099.0,1217.0
15014,103,5159,0.0008883511181920767,5100.0,3835.0
17093,131,6598,0.011153518222272396,5101.0,1215.0
16685,172,8627,0.01240222156047821,5102.0,747.0
17132,350,17538,0.2427065223455429,5103.0,675.0
17237,33,1674,0.0449359305202961,5104.0,1140.0
15916,337,16891,0.9381367564201355,5105.0,2882.0
14763,82,4143,0.005433608312159777,5106.0,370.0
14546,30,1505,0.06409930437803268,5107.0,1536.0
14133,23,1167,0.058533597737550735,5108.0,2253.0
15921,171,8577,0.03820960223674774,5109.0,500.0
17136,15,777,0.007782247383147478,5110.0,961.0
14410,226,11345,0.006724263075739145,5111.0,1556.0
14916,115,5781,0.020504958927631378,5112.0,983.0
14436,102,5138,0.006917022634297609,5113.0,1500.0
14152,5,280,0.20117880403995514,5114.0,1394.0
15054,46,2332,0.08998183161020279,5115.0,1140.0
16006,157,7893,0.01158044021576643,5116.0,1913.0
14955,151,7551,0.05917447805404663,5117.0,2851.0
14998,132,6605,0.3879229724407196,5118.0,3201.0
14734,181,9052,0.0008809179998934269,5119.0,810.0
14734,206,10310,0.027644412592053413,5120.0,1805.0
14664,240,12047,0.002113593276590109,5121.0,925.0
15497,188,9415,0.07626684755086899,5122.0,1547.0
14553,161,8088,0.7197017073631287,5123.0,1130.0
15554,223,11154,0.005552112124860287,5124.0,1153.0
16222,103,5168,0.003729511983692646,5125.0,848.0
16222,104,5207,0.020009929314255714,5126.0,1735.0
16222,118,5935,0.7313608527183533,5127.0,2159.0
14938,190,9517,0.0817175880074501,5128.0,1470.0
14938,281,14097,0.018694212660193443,5129.0,2618.0
16458,31,1584,0.16493025422096252,5130.0,2440.0
14877,29,1451,0.5359545946121216,5131.0,1852.0
16125,195,9752,0.03615943342447281,5132.0,1609.0
14134,21,1067,0.035724539309740067,5133.0,2368.0
17428,16,832,0.20035402476787567,5134.0,2824.0
17011,283,14199,0.6322811245918274,5135.0,1382.0
14647,40,2002,0.01961466297507286,5136.0,499.0
16333,87,4362,0.012028628028929234,5137.0,1637.0
14644,9,479,0.10864021629095078,5138.0,10.0
14152,232,11631,0.03893399238586426,5139.0,409.0
16544,52,2619,0.00988032203167677,5140.0,1717.0
16332,14,702,0.009214004501700401,5141.0,1214.0
15231,170,8524,0.0028343957383185625,5142.0,1231.0
16453,344,17250,0.0051603917963802814,5143.0,620.0
16942,208,10429,0.23294371366500854,5144.0,2793.0
17055,133,6695,0.05086604133248329,5145.0,88.0
16058,129,6475,0.20660240948200226,5146.0,622.0
16058,238,11920,0.018584812059998512,5147.0,2418.0
15479,176,8843,0.040899261832237244,5148.0,2724.0
16338,30,1533,0.0017942299600690603,5149.0,3882.0
16874,174,8749,0.13843117654323578,5150.0,1342.0
14329,88,4426,0.0557621493935585,5151.0,10530.0
14329,88,4444,0.049824465066194534,5152.0,1174.0
16921,55,2791,0.005673635751008987,5153.0,1693.0
14945,26,1336,0.04392518848180771,5154.0,978.0
17448,200,10010,0.8513755202293396,5155.0,1173.0
14213,11,594,0.05174380913376808,5156.0,3657.0
14213,36,1823,0.36105215549468994,5157.0,3152.0
14363,4,249,0.006995920557528734,5158.0,2110.0
14363,151,7566,0.31921660900115967,5159.0,5950.0
15484,26,1331,0.025099610909819603,5160.0,984.0
14260,142,7143,0.011598307639360428,5161.0,2099.0
14882,49,2468,0.0013908923137933016,5162.0,295.0
14828,136,6821,0.002274062018841505,5163.0,168.0
15902,169,8453,0.009618573822081089,5164.0,1457.0
16205,29,1454,0.0010908968979492784,5165.0,1243.0
16250,98,4939,0.009275349788367748,5166.0,990.0
15800,204,10225,0.04028521478176117,5167.0,1384.0
14298,59,2974,0.03601049259305,5168.0,1859.0
14785,62,3107,0.17806099355220795,5169.0,2450.0
17270,21,1079,0.006659632083028555,5170.0,1539.0
14279,98,4933,0.016504252329468727,5171.0,109.0
14977,9,456,0.1106586679816246,5172.0,3451.0
16169,49,2488,0.861556887626648,5173.0,2045.0
17137,179,8995,0.0010906652314588428,5174.0,2482.0
15369,212,10625,0.08858034759759903,5175.0,1595.0
14875,3,151,0.018086213618516922,5176.0,2218.0
14875,51,2599,0.12989909946918488,5177.0,2321.0
15117,20,1031,0.04723526909947395,5178.0,904.0
14976,159,7997,0.11622299998998642,5179.0,2406.0
15917,144,7229,0.04519554600119591,5180.0,2359.0
15501,86,4310,0.017182989045977592,5181.0,1912.0
17249,40,2049,0.04573260620236397,5182.0,2398.0
16065,1,63,0.046521738171577454,5183.0,2248.0
16826,55,2787,0.16784605383872986,5184.0,818.0
16573,93,4661,0.006447836756706238,5185.0,413.0
16573,127,6368,0.010143894702196121,5186.0,738.0
15800,172,8614,0.10611176490783691,5187.0,2484.0
15588,380,19047,0.1610659956932068,5188.0,1406.0
16923,85,4254,0.5050255656242371,5189.0,2158.0
14261,64,3228,0.514100968837738,5190.0,203.0
17474,38,1917,0.1139030009508133,5191.0,4401.0
15917,539,26989,0.06894316524267197,5192.0,1659.0
14634,115,5762,0.011339496821165085,5193.0,996.0
16935,541,27070,0.006397367920726538,5194.0,1422.0
17552,237,11870,0.051229290664196014,5195.0,594.0
15082,55,2793,0.026301883161067963,5196.0,3958.0
14298,51,2573,0.02604065090417862,5197.0,1352.0
14807,111,5555,0.05920734256505966,5220.0,144.0
14807,147,7379,0.11742077767848969,5221.0,942.0
15916,43,2182,0.11970499157905579,5200.0,2034.0
14907,201,10060,0.05431349575519562,5201.0,936.0
17249,119,5983,0.00018540436576586217,5202.0,1440.0
15504,121,6070,0.015095686540007591,5203.0,3098.0
14986,48,2404,0.019534334540367126,5204.0,4900.0
14802,25,1278,0.005887093488126993,5205.0,1687.0
16840,12,619,0.10442586988210678,5206.0,909.0
16840,62,3116,0.004676219541579485,5207.0,653.0
14367,193,9661,0.32704704999923706,5208.0,2586.0
14647,73,3673,0.003958662506192923,5209.0,995.0
16205,27,1359,0.0021827081218361855,5210.0,1476.0
16374,6,348,0.010876483283936977,5211.0,6265.0
16374,23,1177,0.04838452488183975,5212.0,916.0
16172,380,19013,0.0037709467578679323,5213.0,2551.0
15242,0,29,-999999.9,-1.0,-1.0
15242,43,2155,-999999.9,-1.0,-1.0
16199,378,18942,0.0645868331193924,5216.0,2017.0
17517,69,3481,0.01690664514899254,5217.0,958.0
15430,4,249,0.06339582800865173,5218.0,2671.0
16950,132,6640,0.5272495746612549,5219.0,504.0
14807,111,5555,-999999.9,-1.0,-1.0
14807,147,7379,-999999.9,-1.0,-1.0
14877,217,10884,0.10627809911966324,5222.0,3004.0
17356,1,61,0.009277291595935822,5223.0,1582.0
14920,112,5624,0.1001037061214447,5224.0,1777.0
17057,121,6084,0.03823958709836006,5225.0,1336.0
15141,49,2467,0.002071643713861704,5226.0,1337.0
17169,67,3364,0.1735123097896576,5227.0,392.0
15590,340,17011,0.002322601154446602,5228.0,254.0
14548,169,8460,0.00187404896132648,5229.0,1414.0
15870,167,8363,0.3997080326080322,5230.0,2460.0
15901,283,14156,0.00949576310813427,5628.0,407.0
14655,41,2061,0.007094866596162319,5232.0,1046.0
17259,10,537,0.0076775699853897095,5616.0,515.0
15323,41,2069,0.41179805994033813,5234.0,628.0
15323,62,3101,0.02847827784717083,5235.0,406.0
16826,99,4969,0.040332745760679245,5830.0,2444.0
17125,69,3467,0.04798884317278862,5237.0,2291.0
14927,196,9830,0.031631022691726685,5238.0,1011.0
17112,138,6945,0.021297289058566093,5239.0,1301.0
15946,399,19970,0.1510644555091858,5240.0,1026.0
14775,8,414,0.38148233294487,5241.0,1436.0
14775,75,3763,0.22851355373859406,5242.0,1372.0
14975,65,3261,0.6626229882240295,5243.0,968.0
15228,11,584,0.022395610809326172,5244.0,6468.0
15875,164,8206,0.01658627763390541,5245.0,1214.0
14259,55,2799,0.05472555011510849,5246.0,535.0
14171,43,2199,0.022945625707507133,5247.0,287.0
16317,28,1434,0.005835707765072584,5248.0,1706.0
15348,223,11156,0.0283653624355793,5249.0,2052.0
14127,133,6684,0.002563103102147579,5250.0,1766.0
16134,237,11893,0.01910608448088169,5251.0,847.0
17210,216,10803,0.011958478018641472,5252.0,5398.0
14652,7,381,0.023672861978411674,5253.0,250.0
14652,126,6322,0.021887382492423058,5254.0,1154.0
17055,229,11451,0.009173821657896042,5255.0,1403.0
14725,168,8426,0.030074287205934525,5256.0,683.0
16204,111,5556,0.0025251591578125954,5257.0,2247.0
16581,261,13052,0.03721562400460243,5258.0,4513.0
15554,130,6544,0.007631043903529644,5259.0,2555.0
15098,11,579,0.013847339898347855,5260.0,1081.0
15098,47,2379,0.07790562510490417,5261.0,2962.0
16586,2,124,0.030477792024612427,5262.0,1799.0
14464,172,8621,0.6925844550132751,5263.0,2001.0
14980,139,6969,0.030159328132867813,5264.0,3173.0
15154,68,3426,0.03120076283812523,5265.0,2370.0
14257,90,4509,0.1485537737607956,5266.0,1249.0
14758,19,978,0.0006303978152573109,5267.0,418.0
14919,89,4485,0.011986471712589264,5268.0,1212.0
15079,67,3369,0.0657341256737709,5269.0,2643.0
14290,293,14694,0.009306851774454117,5270.0,2238.0
15457,122,6103,0.07794655114412308,5271.0,1422.0
17164,67,3351,0.0011831405572593212,5272.0,1910.0
17164,126,6310,0.008941520005464554,5273.0,1829.0
14986,64,3219,0.25051265954971313,5274.0,5372.0
14986,130,6536,0.005115459207445383,5275.0,213.0
14816,173,8656,0.0015668433625251055,5276.0,1105.0
15589,291,14551,0.08749912679195404,5277.0,425.0
14583,84,4202,0.11495685577392578,5278.0,2989.0
16209,304,15215,0.017392542213201523,5279.0,1638.0
16209,379,18963,0.6045103669166565,5280.0,572.0
17132,463,23193,0.07015136629343033,5281.0,403.0
15273,6,326,0.03391055762767792,5282.0,1724.0
16821,204,10240,0.016411975026130676,5283.0,723.0
15783,373,18694,0.005025408696383238,5284.0,3152.0
16761,260,13009,0.0014358131447806954,5285.0,1083.0
15960,435,21772,0.01644170470535755,5286.0,1322.0
15961,354,17720,0.030473370105028152,5287.0,506.0
15466,3,191,0.030977526679635048,5288.0,1630.0
17132,475,23753,0.00933627039194107,5289.0,1931.0
17398,183,9162,0.7200179696083069,5290.0,2806.0
17452,6,341,0.02645724266767502,5291.0,358.0
16089,102,5134,0.034458570182323456,5292.0,1218.0
14938,222,11107,0.515562117099762,5293.0,1559.0
16006,214,10744,0.22234134376049042,5294.0,108.0
14310,13,695,0.006726537365466356,5295.0,1153.0
14772,241,12095,0.03455859422683716,5296.0,2320.0
17343,16,847,0.058454591780900955,5297.0,1900.0
15983,341,17096,0.0997905358672142,5298.0,159.0
14399,94,4717,0.01112358644604683,5299.0,584.0
14870,134,6748,0.0633784607052803,5300.0,1637.0
14870,280,14011,0.020571283996105194,5301.0,3239.0
15108,16,833,0.006984371691942215,5302.0,1369.0
14154,29,1491,0.3632814586162567,5303.0,1389.0
15589,219,10975,0.07240941375494003,5304.0,2974.0
14801,228,11410,0.09498059004545212,5305.0,1339.0
14801,244,12204,0.21523131430149078,5306.0,63.0
14948,136,6819,0.6018074154853821,5307.0,2023.0
14297,81,4083,0.0017452593892812729,5308.0,2322.0
14553,133,6679,0.37293940782546997,5309.0,482.0
14553,300,15004,0.010106950998306274,5310.0,1203.0
14921,61,3098,0.0020927537698298693,5311.0,1210.0
17125,1,63,0.07044100016355515,5312.0,3808.0
15828,261,13065,0.03187360614538193,5313.0,3462.0
16209,166,8329,0.04082320258021355,5314.0,980.0
15677,275,13797,0.06088174134492874,5315.0,1028.0
14914,178,8936,0.0012752454495057464,5316.0,996.0
14914,324,16216,0.14505520462989807,5317.0,2664.0
16583,25,1262,0.005262414459139109,5318.0,525.0
16583,296,14823,0.07799262553453445,5319.0,716.0
14948,197,9875,0.023051997646689415,5320.0,97.0
17313,25,1298,0.02677253820002079,5321.0,980.0
16247,5,283,0.01836496964097023,5322.0,992.0
15927,320,16023,0.001804863102734089,5323.0,2737.0
14218,18,949,0.014415305107831955,5324.0,549.0
16944,23,1182,0.005284335929900408,5325.0,1681.0
14550,1,65,0.06442105770111084,5326.0,1222.0
14550,107,5381,0.08106059581041336,5327.0,376.0
14335,260,13024,0.025210468098521233,5328.0,3617.0
14274,6,306,0.054567065089941025,5329.0,140.0
16227,56,2824,0.013362903147935867,5330.0,619.0
16227,181,9092,0.014569367282092571,5331.0,1535.0
15970,450,22521,0.0013582722749561071,5332.0,1288.0
16588,131,6598,0.015848863869905472,5333.0,1079.0
16588,174,8720,0.006583307404071093,5334.0,1613.0
16935,492,24644,0.07456675171852112,5335.0,1651.0
17056,109,5458,0.006585013121366501,5336.0,2045.0
14891,172,8640,0.6574861407279968,5337.0,239.0
15790,95,4776,0.016862723976373672,5338.0,1043.0
15915,415,20790,0.0014438459184020758,5339.0,1234.0
16467,0,42,0.030466187745332718,5340.0,1453.0
17545,25,1258,0.0021005584858357906,5341.0,1220.0
16466,61,3052,0.024889688938856125,5342.0,3472.0
16428,159,7995,0.20639543235301971,5343.0,123.0
15262,88,4440,0.010832305997610092,5344.0,6582.0
15009,21,1087,0.012987679801881313,5345.0,1363.0
14907,123,6165,0.12374210357666016,5346.0,1416.0
15877,53,2672,0.0021034618839621544,5347.0,2355.0
17414,119,5980,0.0036324486136436462,5348.0,2730.0
17186,13,666,0.005372348707169294,5349.0,2510.0
15415,247,12389,0.02762763947248459,5350.0,2014.0
16888,257,12885,0.09239968657493591,5351.0,1507.0
15875,508,25418,0.4065123200416565,5352.0,1763.0
16783,9,496,0.0042354348115623,5353.0,3162.0
15923,502,25143,0.10260177403688431,5354.0,2460.0
16023,464,23226,0.3484715521335602,5355.0,1647.0
14934,108,5420,0.027828911319375038,5356.0,514.0
14734,184,9203,0.04355302080512047,5357.0,879.0
15955,62,3111,0.08393985033035278,5358.0,884.0
16378,111,5582,0.032721638679504395,5359.0,3429.0
15767,7,361,0.04260335862636566,5360.0,894.0
16666,124,6219,0.0015484035247936845,5361.0,2555.0
16666,165,8284,0.06831524521112442,5362.0,189.0
14127,36,1837,0.296023964881897,5363.0,1524.0
14455,42,2140,0.0017944895662367344,5364.0,775.0
14455,214,10717,0.038715533912181854,5365.0,4110.0
15715,6,340,0.5242030024528503,5366.0,1138.0
15792,203,10198,0.001115709193982184,5367.0,3194.0
15902,447,22389,0.00564197264611721,5368.0,69.0
14958,33,1676,0.1841108500957489,5369.0,1858.0
15106,112,5633,0.0032647033222019672,5370.0,1743.0
14807,250,12534,0.08565495908260345,5371.0,648.0
17502,25,1275,0.022821711376309395,5372.0,2253.0
14553,152,7611,0.11044425517320633,5373.0,3022.0
16847,147,7387,0.008262844756245613,5374.0,601.0
16840,51,2598,0.06517376750707626,5375.0,586.0
14368,62,3115,0.00700461445376277,5376.0,1423.0
16851,117,5858,0.04047044739127159,5377.0,1990.0
16851,117,5862,0.22034436464309692,5378.0,2021.0
14934,0,3,0.03209507837891579,5379.0,2192.0
17373,140,7032,0.008771870285272598,5380.0,1524.0
16942,249,12493,0.015031463466584682,5381.0,2653.0
14139,188,9410,0.012637223117053509,5382.0,2192.0
15151,279,13990,0.00262827193364501,5383.0,103.0
14824,95,4762,0.05304494872689247,5384.0,1480.0
17308,153,7700,0.0039146579802036285,5385.0,1546.0
17023,226,11309,0.02336221933364868,5386.0,3613.0
14464,212,10627,0.005978473927825689,5387.0,4470.0
16858,188,9432,0.0033053129445761442,5388.0,2652.0
14873,321,16062,0.0025675285141915083,5389.0,2170.0
15398,35,1798,0.009288610890507698,5390.0,140.0
14816,33,1660,0.01728469878435135,5391.0,3007.0
17534,87,4377,0.004914990626275539,5392.0,6556.0
17534,87,4394,0.03144964575767517,5393.0,1234.0
16888,497,24899,0.034193992614746094,5394.0,1288.0
15249,24,1212,0.2182082086801529,5395.0,671.0
15249,114,5709,0.005886150058358908,5396.0,551.0
14887,95,4751,0.005112841259688139,5397.0,1419.0
14887,95,4757,0.595430314540863,5398.0,3844.0
14368,214,10709,0.061456430703401566,5399.0,415.0
16078,12,619,0.11777863651514053,5400.0,2308.0
15875,188,9411,0.03646126762032509,5401.0,2148.0
16459,71,3592,0.0450420118868351,5402.0,55.0
17055,252,12606,0.003337952308356762,5403.0,1544.0
14541,203,10187,0.32968950271606445,5404.0,332.0
16888,474,23745,0.14764879643917084,5405.0,666.0
14143,139,6977,0.1363777369260788,5406.0,1141.0
14242,40,2038,0.18942390382289886,5407.0,1537.0
15498,64,3243,0.00206294865347445,5408.0,1166.0
15498,110,5523,0.001646273653022945,5409.0,747.0
14245,84,4205,0.026446232572197914,5410.0,1554.0
14245,120,6013,0.024571873247623444,5411.0,2847.0
14632,102,5128,0.830600380897522,5412.0,588.0
16776,90,4517,0.0054037622176110744,5413.0,1385.0
17454,24,1248,0.006756115239113569,5414.0,1485.0
16426,14,712,0.012491868808865547,5415.0,4841.0
14981,149,7451,0.027302639558911324,5416.0,1993.0
16057,6,327,0.0025420321617275476,5417.0,737.0
16008,173,8693,0.06502737104892731,5418.0,325.0
15910,6,344,0.01297048944979906,5419.0,871.0
14812,218,10907,0.01860327459871769,5420.0,1833.0
14149,93,4697,0.0023716953583061695,5421.0,1102.0
16225,102,5115,0.04155777767300606,5422.0,785.0
16720,7,367,0.6958664059638977,5423.0,1488.0
14902,27,1398,0.006804311648011208,5424.0,2350.0
14807,166,8334,0.04107029363512993,5425.0,1060.0
15382,126,6337,0.006213641259819269,5426.0,2773.0
17469,63,3193,0.0030992520041763783,5427.0,1243.0
17469,95,4754,0.010007040575146675,5428.0,1221.0
15086,187,9395,0.0008063632412813604,5429.0,1675.0
15116,102,5124,0.00040554115548729897,5430.0,2773.0
14764,58,2913,0.055217765271663666,5431.0,104.0
15403,9,500,0.0007558582001365721,5432.0,2541.0
17486,4,234,0.008754623122513294,5433.0,249.0
14557,99,4960,0.051076631993055344,5434.0,879.0
16882,35,1789,0.010725666768848896,5435.0,2068.0
16694,146,7317,0.003943345975130796,5436.0,2733.0
16694,146,7336,0.006442798767238855,5437.0,1252.0
14544,5,293,0.03187612071633339,5438.0,733.0
14544,143,7159,0.2299930453300476,5439.0,7225.0
16141,143,7165,0.008984935469925404,5440.0,897.0
14796,2,126,0.001702081528492272,5441.0,388.0
16818,5,290,0.020008036866784096,5442.0,430.0
15073,169,8475,0.006187055725604296,5443.0,1741.0
15297,166,8331,0.13346348702907562,5444.0,2226.0
16668,117,5885,0.01508413627743721,5445.0,2066.0
14779,129,6464,0.04858903959393501,5446.0,873.0
14125,2,146,0.02177729643881321,5447.0,443.0
14607,40,2043,0.0083694439381361,5448.0,1521.0
14410,134,6739,0.0016371586825698614,5449.0,686.0
16218,85,4266,0.007451476063579321,5450.0,1559.0
14743,77,3853,0.12670211493968964,5451.0,323.0
15017,201,10099,0.0011418804060667753,5452.0,1110.0
14878,126,6329,0.7482982873916626,5453.0,3358.0
15767,3,184,0.006283968221396208,5454.0,1779.0
14788,74,3717,0.0022888570092618465,5455.0,2501.0
14293,2,143,0.03797680512070656,5456.0,1473.0
17114,36,1826,0.060718946158885956,5457.0,4350.0
14472,5,268,0.005215521901845932,5458.0,1124.0
17138,36,1843,0.0041095488704741,5459.0,178.0
14824,109,5467,0.03394610062241554,5460.0,2218.0
14562,19,975,0.06050319969654083,5461.0,1208.0
17328,113,5663,0.021245988085865974,5462.0,1871.0
14899,231,11574,0.04640870913863182,5463.0,469.0
16150,144,7231,0.009626917541027069,5464.0,3818.0
17240,7,351,0.02181306481361389,5465.0,2174.0
17240,37,1890,0.019789982587099075,5466.0,650.0
15915,330,16524,0.009152858518064022,5467.0,2778.0
17258,31,1556,0.2869546413421631,5468.0,3796.0
15952,221,11075,0.022403420880436897,5469.0,938.0
17427,0,22,0.0032377063762396574,5470.0,918.0
15981,322,16126,0.2103261947631836,5471.0,3036.0
15343,211,10594,0.01681915856897831,5472.0,1818.0
16964,481,24099,0.14034943282604218,5473.0,1034.0
14261,47,2394,0.009004509076476097,5474.0,1305.0
14901,5,259,0.022792942821979523,5475.0,1271.0
16239,34,1738,0.055477846413850784,5476.0,3273.0
14927,79,3963,0.011904853396117687,5477.0,2404.0
16352,431,21558,0.016877803951501846,5478.0,813.0
15301,11,554,0.01051247213035822,5479.0,614.0
17322,2,115,0.011363186873495579,5480.0,1459.0
17132,21,1074,0.15923552215099335,5481.0,2873.0
17132,321,16094,0.0658983662724495,5482.0,786.0
16161,99,4985,0.03893406689167023,5483.0,3272.0
17467,63,3173,0.6543283462524414,5484.0,1130.0
17467,63,3198,0.053531114012002945,5485.0,1697.0
15489,78,3939,0.027275439351797104,5486.0,268.0
15917,224,11206,0.004687256179749966,5487.0,2124.0
16198,102,5106,0.021923281252384186,5488.0,2317.0
16198,134,6710,0.02902679704129696,5489.0,5744.0
14454,13,692,0.05556674301624298,5490.0,295.0
14342,100,5027,0.09694214165210724,5491.0,1491.0
17204,116,5823,0.007318384479731321,5492.0,680.0
16148,229,11451,0.07143019884824753,5493.0,1753.0
15316,250,12501,0.1819007396697998,5494.0,1243.0
17208,214,10709,0.33157676458358765,5495.0,201.0
14887,43,2161,0.03575964272022247,5496.0,1588.0
14887,52,2629,0.09806159138679504,5497.0,908.0
14270,61,3058,0.0867171660065651,5498.0,463.0
14270,61,3068,0.0871160477399826,5499.0,1851.0
14438,26,1344,0.03234545886516571,5500.0,1093.0
14667,74,3707,0.03450379893183708,5501.0,3575.0
14409,188,9448,0.011657129973173141,5502.0,2586.0
14553,262,13111,0.05364217981696129,5503.0,2428.0
16586,112,5636,0.0019201355753466487,5504.0,2171.0
17448,177,8888,0.9314393401145935,5505.0,1276.0
16147,12,614,0.00691136484965682,5506.0,1733.0
16932,27,1394,0.010726886801421642,5507.0,4801.0
14770,244,12237,0.01708776131272316,5508.0,1318.0
14774,156,7825,0.0004947293782606721,5509.0,756.0
14774,156,7840,0.0019976841285824776,5510.0,635.0
14623,160,8020,0.13035131990909576,5511.0,1318.0
14334,83,4169,0.0051140617579221725,5512.0,902.0
14334,87,4399,0.001766012399457395,5513.0,794.0
15713,18,934,0.11240342259407043,5514.0,1440.0
17489,27,1396,0.1700422167778015,5515.0,4411.0
14213,37,1880,0.047598302364349365,5516.0,2649.0
14335,130,6519,0.008689160458743572,5517.0,3448.0
16858,90,4526,0.005412626545876265,5518.0,787.0
15061,201,10090,0.26171281933784485,5519.0,2563.0
16433,63,3194,0.012045333161950111,5520.0,2210.0
17177,31,1579,0.00013685731391888112,5521.0,622.0
17177,56,2801,0.24594628810882568,5522.0,1302.0
17470,46,2347,0.06420508772134781,5523.0,3420.0
17238,5,266,0.049431510269641876,5524.0,1030.0
14603,77,3862,0.31492123007774353,5525.0,1701.0
14343,13,651,0.051104165613651276,5526.0,2396.0
14367,48,2446,0.016704702749848366,5527.0,1098.0
16396,4,244,0.12651437520980835,5528.0,543.0
14801,181,9092,0.0003903165052179247,5529.0,1232.0
15391,291,14594,0.02126413583755493,5530.0,826.0
16006,35,1782,0.005479326471686363,5531.0,1265.0
16006,212,10629,0.009235289879143238,5532.0,1731.0
17217,86,4308,0.0412883497774601,5533.0,2144.0
14338,289,14466,0.05655475705862045,5534.0,1417.0
14195,181,9100,0.000713493034709245,5535.0,285.0
16028,342,17125,0.0023351481650024652,5536.0,1445.0
14924,28,1436,0.0016670400509610772,5537.0,2244.0
16026,23,1184,0.3599143326282501,5538.0,736.0
16544,24,1231,0.11181318759918213,5539.0,4107.0
15491,362,18117,0.008919046260416508,5540.0,230.0
14587,5,281,0.030018895864486694,5541.0,1582.0
15917,391,19584,0.024816639721393585,5542.0,2688.0
14790,167,8358,0.08851400762796402,5543.0,807.0
16000,4,239,0.040592510253190994,5544.0,5570.0
15689,257,12890,0.06916570663452148,5545.0,1343.0
14452,72,3621,0.06058927997946739,5546.0,1144.0
15965,41,2055,0.14212621748447418,5547.0,2209.0
17488,116,5830,0.0874238908290863,5548.0,1681.0
16096,60,3034,0.0015657658223062754,5549.0,2674.0
16935,406,20332,0.011182580143213272,5550.0,904.0
15097,191,9553,0.00645527895539999,5551.0,1231.0
17333,118,5923,0.9662553668022156,5552.0,2480.0
16295,202,10113,0.005054635461419821,5553.0,1300.0
14939,82,4103,0.0014793658629059792,5554.0,888.0
16655,11,565,0.0005584211321547627,5555.0,665.0
16225,180,9025,0.001649567042477429,5556.0,2091.0
14635,18,938,0.07859335094690323,5557.0,2607.0
15499,79,3982,0.11399704217910767,5558.0,2788.0
17226,61,3080,0.02299344353377819,5559.0,676.0
15065,29,1483,0.005002621095627546,5560.0,764.0
14521,29,1475,0.2817944288253784,5561.0,1156.0
17530,168,8420,0.0022593140602111816,5562.0,3223.0
15762,299,14996,0.057002950459718704,5563.0,2461.0
14218,0,8,0.647049069404602,5564.0,464.0
14218,138,6924,0.016047395765781403,5565.0,1946.0
14297,194,9725,0.018389170989394188,5566.0,1474.0
14297,223,11193,0.03662620857357979,5567.0,328.0
14297,263,13163,0.006562241353094578,5568.0,1784.0
14455,174,8717,0.8350239396095276,5569.0,2932.0
16254,0,1,0.015697600319981575,5570.0,243.0
14299,24,1228,0.0025856071151793003,5571.0,1252.0
16453,28,1417,0.0834716260433197,5572.0,1342.0
16453,145,7280,0.36017170548439026,5573.0,1927.0
15345,277,13883,0.0009270625305362046,5574.0,953.0
16507,3,194,0.0013018710305914283,5575.0,6869.0
15267,95,4794,0.02369878627359867,5576.0,2263.0
14623,271,13574,0.005323744844645262,5577.0,1975.0
15882,141,7090,0.007388658821582794,5578.0,1989.0
16722,118,5908,0.019072726368904114,5579.0,2328.0
16431,177,8853,0.026673167943954468,5580.0,1066.0
17119,91,4560,0.06675370782613754,5581.0,1534.0
16579,82,4132,0.03844743221998215,5582.0,946.0
17028,265,13281,0.040986254811286926,5583.0,2571.0
14154,41,2096,0.0015289541333913803,5584.0,2319.0
14463,82,4108,0.00800736341625452,5585.0,641.0
14463,137,6852,0.25762835144996643,5586.0,4953.0
16307,93,4683,0.00909157283604145,5587.0,814.0
14551,224,11237,0.0053003584034740925,5588.0,1558.0
15834,53,2652,0.14032381772994995,5589.0,2058.0
15834,53,2673,0.15484143793582916,5590.0,303.0
16028,185,9261,0.013321216218173504,5591.0,313.0
15592,183,9192,0.44445064663887024,5592.0,2236.0
14756,50,2546,0.0199988204985857,5593.0,3596.0
17364,18,945,0.005257951095700264,5594.0,1436.0
17100,145,7300,0.0735902413725853,5595.0,1686.0
16846,79,3978,0.4352359175682068,5596.0,1416.0
14903,261,13056,0.004646905232220888,5597.0,1129.0
15554,177,8869,0.06991881132125854,5598.0,129.0
17552,41,2062,0.0845615491271019,5599.0,840.0
14802,76,3842,0.004240352660417557,5600.0,2962.0
14370,7,352,0.00859797839075327,5601.0,1425.0
14471,13,663,0.01848006062209606,5602.0,5324.0
16073,168,8430,0.10535535216331482,5603.0,1405.0
15231,27,1367,0.021741576492786407,5604.0,1803.0
15231,200,10011,0.06944264471530914,5605.0,994.0
17372,37,1880,0.0026794306468218565,5606.0,563.0
15061,106,5322,0.5358796119689941,5607.0,233.0
14675,52,2633,0.20576508343219757,5608.0,1050.0
14758,152,7602,0.1464260369539261,5609.0,3865.0
16363,11,555,0.024547288194298744,5610.0,222.0
14965,32,1638,0.0020974872168153524,5611.0,1799.0
14637,4,236,0.03819604218006134,5612.0,2798.0
16242,189,9454,0.03265194967389107,5613.0,3203.0
15983,9,482,0.002392734866589308,5614.0,2057.0
14884,187,9383,0.00467065442353487,5615.0,188.0
17259,10,537,-999999.9,-1.0,-1.0
16173,144,7210,0.38900911808013916,5617.0,3893.0
16173,193,9696,0.008797639049589634,5618.0,523.0
16219,83,4171,0.004028660710901022,5619.0,1075.0
14152,273,13681,0.003541589481756091,5620.0,873.0
14609,13,664,0.0014067307347431779,5621.0,377.0
14609,66,3314,0.03915656730532646,5622.0,1733.0
14268,25,1287,0.28298336267471313,5623.0,2458.0
14268,55,2776,0.0047104801051318645,5624.0,2290.0
17056,290,14522,0.0024528400972485542,5625.0,1185.0
15403,136,6806,0.13994325697422028,5626.0,895.0
14459,92,4648,0.000987441511824727,5627.0,276.0
15901,283,14156,-999999.9,-1.0,-1.0
17132,505,25265,0.005623853765428066,5629.0,1199.0
15166,297,14895,0.1445838361978531,5630.0,3093.0
17556,36,1846,0.011716712266206741,5631.0,2573.0
15931,363,18155,0.05206859111785889,5632.0,781.0
17475,138,6935,0.006950782146304846,5633.0,327.0
16869,50,2540,0.03058289736509323,5634.0,1061.0
15061,43,2164,0.024147910997271538,5635.0,2493.0
16141,30,1505,0.19763131439685822,5636.0,2073.0
16141,35,1793,0.048833295702934265,5637.0,819.0
16096,84,4248,0.021669289097189903,5638.0,1116.0
16096,94,4726,0.02894524112343788,5639.0,2294.0
16096,94,4729,0.05179670825600624,5640.0,53.0
16096,94,4740,0.02256121300160885,5641.0,3049.0
16226,11,552,0.1648835688829422,5642.0,1324.0
14948,314,15726,0.005874749273061752,5643.0,2321.0
16391,40,2035,0.02538134902715683,5644.0,150.0
15360,5,281,0.31501504778862,5645.0,2214.0
16168,48,2418,0.010159194469451904,5646.0,4480.0
15377,87,4395,0.6973769068717957,5647.0,4538.0
16158,521,26074,0.004344955552369356,5648.0,2352.0
16169,124,6233,0.0019521585199981928,5649.0,2524.0
16313,288,14414,0.6478906273841858,5650.0,1691.0
16298,72,3618,0.009641075506806374,5651.0,248.0
16298,136,6806,0.001058646710589528,5652.0,48.0
16206,54,2740,0.11549319326877594,5653.0,416.0
16312,69,3492,0.034129295498132706,5654.0,1248.0
15792,131,6577,0.014355397783219814,5655.0,470.0
15871,61,3076,0.018512340262532234,5656.0,2268.0
15498,116,5829,0.009165829047560692,5657.0,1580.0
14605,8,431,0.01034630462527275,5658.0,1279.0
15983,147,7370,0.007514147087931633,5659.0,3853.0
14981,19,953,0.033057186752557755,5660.0,706.0
14981,63,3186,0.0010414276039227843,5661.0,1072.0
14981,135,6798,0.009904668666422367,5662.0,3579.0
15428,28,1428,0.00215349905192852,5663.0,326.0
14356,129,6458,0.05875358358025551,5664.0,4464.0
14745,17,889,0.011458519846200943,5665.0,2958.0
14745,103,5184,0.012321478687226772,5666.0,941.0
16889,189,9461,0.0033897091634571552,5667.0,245.0
16851,79,3954,0.016737041994929314,5668.0,2365.0
14912,153,7658,0.06760261952877045,5669.0,1847.0
14976,22,1148,0.0011499044485390186,5670.0,656.0
14490,14,727,0.03595389798283577,5671.0,1576.0
15122,172,8604,0.0031379591673612595,5672.0,1879.0
15099,18,933,0.001251748763024807,5673.0,2829.0
15053,151,7553,0.014089331030845642,5674.0,1107.0
14335,40,2044,0.338996946811676,5675.0,183.0
14335,175,8758,0.00826290249824524,5676.0,4544.0
15296,211,10567,0.007085205055773258,5677.0,914.0
15919,20,1003,0.013661994598805904,5678.0,1318.0
15946,283,14178,0.005633033812046051,5679.0,2267.0
14260,82,4131,0.013081374578177929,5680.0,3356.0
15442,11,586,0.0008455865900032222,5681.0,2033.0
17313,143,7193,0.013435711152851582,5682.0,1273.0
16122,412,20644,0.01096286904066801,5683.0,1188.0
16834,177,8883,0.09466162323951721,5684.0,3598.0
15429,63,3189,0.011180481873452663,5685.0,962.0
16232,44,2247,0.02145070768892765,5686.0,883.0
16255,42,2149,0.07073018699884415,5687.0,2333.0
14272,6,345,0.003026918275281787,5688.0,1130.0
14272,9,468,0.08624806255102158,5689.0,272.0
16067,91,4581,0.013507682830095291,5690.0,4369.0
16415,43,2152,0.015839286148548126,5691.0,2776.0
17458,133,6658,0.03358898684382439,5692.0,2345.0
16144,56,2832,0.03245648369193077,5693.0,1321.0
16303,65,3271,0.07034484297037125,5694.0,8557.0
14734,85,4266,0.30064934492111206,5695.0,2017.0
14806,183,9164,0.010646461509168148,5696.0,2546.0
14806,183,9176,0.568294882774353,5697.0,2269.0
14771,256,12808,0.0507521852850914,5698.0,946.0
14300,35,1797,0.03990693762898445,5699.0,38.0
16420,43,2200,0.010241538286209106,5700.0,2418.0
14597,124,6238,0.05286833643913269,5701.0,1044.0
14597,146,7301,0.07245687395334244,5702.0,301.0
16841,12,626,0.004074581898748875,5703.0,5860.0
15182,145,7261,0.06405967473983765,5704.0,3570.0
14636,93,4661,0.0009395820670761168,5705.0,1375.0
16668,22,1109,0.018573151901364326,5706.0,454.0
16668,41,2083,0.006235545501112938,5707.0,1462.0
17224,20,1041,0.005809506867080927,5708.0,868.0
14212,67,3387,0.014591358602046967,5709.0,1223.0
14388,43,2183,0.011302579194307327,5710.0,4355.0
14283,147,7389,0.043128602206707,5711.0,1216.0
14919,33,1651,0.05262407660484314,5712.0,2067.0
14584,111,5564,0.2833574712276459,5713.0,2588.0
14124,59,2962,0.009674099273979664,5714.0,1533.0
16845,122,6113,0.0977226048707962,5715.0,2589.0
16603,25,1281,0.02084493264555931,5716.0,1423.0
14874,245,12257,0.10569006949663162,5717.0,1548.0
14874,203,10164,0.020997831597924232,5718.0,1751.0
14233,19,991,0.006237480789422989,5719.0,600.0
14233,23,1156,0.009228694252669811,5720.0,3735.0
14279,230,11506,0.018275892361998558,5721.0,1992.0
14942,240,12014,0.0023326489608734846,5722.0,2305.0
14873,220,11019,0.026786647737026215,5723.0,2405.0
15957,62,3133,0.015022316947579384,5724.0,482.0
14816,187,9386,0.1430298238992691,5725.0,1860.0
15954,119,5961,0.024689340963959694,5726.0,1549.0
14452,82,4129,0.0011727777309715748,5727.0,596.0
14603,13,694,0.022210661321878433,5728.0,713.0
14603,112,5621,0.0009695528424344957,5729.0,8020.0
16888,372,18638,0.003125191666185856,5730.0,1626.0
16906,7,397,0.018096424639225006,5731.0,2198.0
16471,86,4346,0.048375412821769714,5732.0,906.0
16119,430,21510,0.07024644315242767,5733.0,1597.0
14526,67,3387,0.0768280103802681,5734.0,1050.0
14526,156,7826,0.01507214643061161,5735.0,755.0
17444,30,1505,0.023197151720523834,5736.0,690.0
14662,24,1229,0.013958144001662731,5737.0,302.0
14662,48,2430,0.046879373490810394,5738.0,2177.0
15432,257,12858,0.03410794958472252,5739.0,1481.0
15432,257,12866,0.0050230324268341064,5740.0,927.0
15803,42,2113,0.012054159305989742,5741.0,102.0
16852,56,2812,0.0031499399337917566,5742.0,523.0
16947,124,6242,0.03866191953420639,5743.0,1409.0
14771,277,13854,0.29909276962280273,5744.0,3510.0
15933,119,5956,0.0033167137298732996,5745.0,829.0
16934,46,2324,0.026022866368293762,5746.0,1116.0
14828,89,4481,0.0022768639028072357,5747.0,1633.0
15271,24,1216,0.0029642009176313877,5748.0,2436.0
15927,106,5330,0.001187029993161559,5749.0,1982.0
16158,226,11316,0.02311779372394085,5750.0,421.0
14218,81,4074,0.18230342864990234,5751.0,447.0
14218,209,10472,0.009390491060912609,5752.0,616.0
17237,284,14225,0.00044346757931634784,5753.0,1134.0
17091,4,234,0.00827378872781992,5754.0,2281.0
16919,218,10925,0.00742551451548934,5755.0,122.0
16919,393,19682,0.05829107016324997,5756.0,636.0
16205,171,8598,0.07787928730249405,5757.0,1208.0
16926,8,401,0.021846426650881767,5758.0,1614.0
17488,309,15482,0.0032967613078653812,5759.0,2852.0
17494,244,12223,0.02398623712360859,5760.0,4255.0
15733,3,177,0.12405680119991302,5761.0,293.0
17034,57,2863,0.2195107787847519,5762.0,364.0
17034,162,8102,0.04590567573904991,5763.0,844.0
17251,163,8162,0.930217444896698,5764.0,414.0
14926,29,1499,0.01960691809654236,5765.0,2900.0
14802,55,2775,0.05131445452570915,5766.0,2411.0
14802,74,3701,0.12210936844348907,5767.0,486.0
14342,259,12997,0.036045193672180176,5768.0,1088.0
14654,153,7684,0.008929227478802204,5769.0,378.0
15228,34,1702,0.0007313510868698359,5770.0,1408.0
16858,243,12168,0.006357226986438036,5771.0,1071.0
14450,3,159,0.05267665907740593,5772.0,2390.0
16440,117,5864,0.002628500573337078,5773.0,563.0
14664,263,13189,0.04200306907296181,5774.0,1904.0
14436,121,6091,0.006924021989107132,5775.0,1954.0
14436,191,9561,0.00304292980581522,5776.0,106.0
14458,53,2699,0.004552378319203854,5777.0,608.0
15930,210,10536,0.03587069734930992,5778.0,3442.0
16301,240,12039,0.0008981990395113826,5779.0,2435.0
16301,255,12765,0.001267503364942968,5780.0,2822.0
14770,201,10068,0.0689731165766716,5781.0,1724.0
14903,130,6505,0.016114171594381332,5782.0,2507.0
14202,43,2180,0.02651061862707138,5783.0,546.0
15715,182,9104,0.02058989740908146,5784.0,2288.0
14607,76,3850,0.04454253613948822,5785.0,1254.0
14590,75,3779,0.30977755784988403,5786.0,768.0
16363,1,69,0.11570397019386292,5787.0,8619.0
15125,176,8816,0.023137062788009644,5788.0,444.0
14993,17,875,0.030527275055646896,5789.0,915.0
16489,220,11043,0.019921455532312393,5790.0,1875.0
15051,10,541,0.005265525542199612,5791.0,477.0
14592,48,2408,0.0015227709664031863,5792.0,898.0
17195,176,8829,0.0019048143876716495,5793.0,1140.0
17182,17,896,0.004776391666382551,5794.0,1278.0
16826,118,5948,0.03647167608141899,5795.0,158.0
16826,258,12903,0.01744828000664711,5796.0,1319.0
14876,65,3273,0.001025983365252614,5797.0,942.0
14971,61,3100,0.007167038042098284,5798.0,387.0
16746,119,5994,0.07095605134963989,5799.0,1648.0
16468,87,4387,0.008318141102790833,5800.0,802.0
15125,11,584,0.01027502492070198,5801.0,1504.0
15529,183,9162,0.08664930611848831,5802.0,305.0
15065,52,2610,0.006244652904570103,5803.0,2156.0
15398,3,159,0.009507142938673496,5804.0,3008.0
15517,26,1340,0.014718693681061268,5805.0,760.0
14161,84,4216,0.04506493732333183,5806.0,1289.0
14161,97,4859,0.054885461926460266,5807.0,1348.0
16935,543,27151,0.023094087839126587,5808.0,2573.0
16368,2,112,0.09412837028503418,5809.0,2683.0
14887,7,375,0.02003069408237934,5810.0,1372.0
14887,57,2871,0.03884126618504524,5811.0,1053.0
14887,118,5908,0.2648063004016876,5812.0,3142.0
14799,109,5473,0.5605217218399048,5813.0,1714.0
14799,111,5567,0.015825223177671432,5814.0,1405.0
16227,144,7204,0.12576717138290405,5815.0,109.0
17033,129,6473,0.0011922420235350728,5816.0,832.0
15163,64,3202,0.7975271344184875,5817.0,7639.0
14372,47,2390,0.15329554677009583,5818.0,927.0
15082,78,3904,0.321402370929718,5819.0,690.0
17511,39,1958,0.009930120781064034,5820.0,323.0
15160,52,2609,0.005349242594093084,5821.0,1686.0
16262,40,2035,0.00041160607361234725,5822.0,1365.0
15790,58,2939,0.7698951959609985,5823.0,1896.0
15484,158,7929,0.0021120591554790735,5824.0,2629.0
17413,49,2498,0.07091856002807617,5825.0,2232.0
16058,255,12795,0.0649046003818512,5826.0,1243.0
15118,123,6163,0.04216041415929794,5827.0,72.0
14610,99,4951,0.01885049045085907,5828.0,303.0
17534,135,6767,0.02022445574402809,5829.0,204.0
16826,99,4969,-999999.9,-1.0,-1.0
17517,264,13238,0.07090409100055695,5831.0,1315.0
16428,264,13239,0.07108405977487564,5832.0,1422.0
14325,34,1726,0.052629709243774414,5833.0,3157.0
14325,73,3663,0.09825985133647919,5834.0,1120.0
14290,100,5035,0.03298354148864746,5835.0,1661.0
16588,186,9308,0.8739137649536133,5836.0,258.0
14159,67,3383,0.009492404758930206,5837.0,3894.0
16646,9,475,0.005360356066375971,5838.0,906.0
16950,142,7113,0.0007171421311795712,5839.0,2436.0
14467,47,2369,0.014725672081112862,5840.0,1071.0
14392,164,8221,0.009004134684801102,5841.0,752.0
14882,74,3704,0.01217986736446619,5842.0,1079.0
17338,5,256,0.11639047414064407,5843.0,1194.0
16504,44,2210,0.02733977884054184,5844.0,2077.0
17239,86,4344,0.006037787534296513,5845.0,1525.0
15959,32,1621,0.08952024579048157,5846.0,1067.0
14529,7,377,0.014822935685515404,5847.0,4361.0
16821,306,15333,0.3448580801486969,5848.0,576.0
17497,210,10504,0.014033951796591282,5849.0,183.0
17249,360,18043,0.030624328181147575,5850.0,1452.0
14516,94,4716,0.008356904610991478,5851.0,1554.0
16826,240,12049,0.20427443087100983,5852.0,1828.0
14697,69,3478,0.9163784384727478,5853.0,1332.0
14970,206,10307,0.02030370756983757,5854.0,1383.0
16511,161,8090,0.00012877101835329086,5855.0,2460.0
16052,79,3982,0.01106907520443201,5856.0,1462.0
16052,281,14090,0.0288724172860384,5857.0,740.0
16060,78,3945,0.006240079645067453,5858.0,1020.0
14645,21,1092,0.04645921289920807,5859.0,463.0
14645,47,2398,0.06981593370437622,5860.0,169.0
15293,7,377,0.16213911771774292,5861.0,1980.0
15498,16,812,0.07144264876842499,5862.0,2005.0
15498,19,999,0.032445646822452545,5863.0,412.0
15591,108,5437,0.017131993547081947,5864.0,1379.0
14342,11,590,0.01374670211225748,5865.0,2074.0
14342,90,4529,0.26075226068496704,5866.0,87.0
14899,222,11129,0.04429854825139046,5867.0,2911.0
14899,317,15875,0.137922465801239,5868.0,589.0
15530,65,3293,0.2321844846010208,5869.0,1545.0
17172,62,3106,0.8381314873695374,5870.0,2169.0
17172,62,3114,0.01635907031595707,5871.0,933.0
14358,246,12343,0.0009402323630638421,5872.0,1586.0
14545,35,1752,0.009407193399965763,5873.0,1677.0
14545,46,2349,0.06907817721366882,5874.0,1975.0
14450,31,1595,0.0009464798495173454,5875.0,1415.0
15250,37,1853,0.023023519665002823,5876.0,237.0
14642,95,4781,0.03843220695853233,5877.0,3810.0
14152,260,13024,0.016686392948031425,5878.0,817.0
15497,367,18372,0.964927077293396,5879.0,137.0
14986,291,14579,0.06259322911500931,5880.0,1930.0
14727,25,1266,0.16017699241638184,5881.0,575.0
14469,120,6034,0.0012364855501800776,5882.0,1720.0
16073,101,5052,0.15645690262317657,5883.0,1212.0
15933,332,16641,0.016559574753046036,5884.0,487.0
14240,24,1236,0.47944897413253784,5885.0,2631.0
15469,135,6792,0.050704505294561386,5886.0,1518.0
16410,101,5077,0.22876331210136414,5887.0,4128.0
15436,324,16217,0.037773631513118744,5888.0,2250.0
15061,61,3085,0.02314320020377636,5889.0,197.0
17560,11,558,0.003943301271647215,5890.0,1529.0
14802,75,3785,0.00200997875072062,5891.0,183.0
14802,132,6650,0.07682464271783829,5892.0,769.0
14802,181,9060,0.019576793536543846,5893.0,353.0
16856,71,3592,0.05402873829007149,5894.0,3700.0
16159,95,4790,0.048693351447582245,5895.0,1766.0
16159,146,7343,0.010035268031060696,5896.0,1171.0
14831,104,5227,0.08689828962087631,5897.0,933.0
16735,39,1983,0.022500179708003998,5898.0,1778.0
14891,121,6086,0.0006007524789310992,5899.0,771.0
15917,94,4746,0.0007606815197505057,5900.0,1386.0
14159,176,8837,0.060847677290439606,5901.0,2174.0
16243,203,10168,0.054135676473379135,5902.0,1192.0
14270,221,11077,0.0035156121011823416,5903.0,1196.0
14270,221,11079,0.06331239640712738,5904.0,2617.0
14716,112,5601,0.09736929088830948,5905.0,947.0
14376,30,1532,0.026772381737828255,5906.0,1482.0
14408,5,270,0.055844031274318695,5907.0,1039.0
14637,142,7111,0.003630782011896372,5908.0,1106.0
15083,14,744,0.9982783794403076,5909.0,1229.0
16722,32,1645,0.17977920174598694,5910.0,2002.0
14903,24,1216,0.09105180948972702,5911.0,1964.0
15389,14,745,0.42690160870552063,5912.0,140.0
14135,56,2847,0.001631549559533596,5913.0,478.0
16417,22,1113,0.6533184051513672,5914.0,1383.0
16741,441,22064,0.015619708225131035,5915.0,341.0
16588,92,4613,0.09313520789146423,5916.0,2010.0
16331,36,1805,0.008827068842947483,5917.0,2493.0
14746,108,5401,0.026654338464140892,5918.0,1627.0
17500,26,1314,0.026638612151145935,5919.0,2270.0
17500,48,2423,0.003336112480610609,5920.0,1365.0
15271,26,1336,0.022482629865407944,5921.0,202.0
16622,6,350,0.03704874962568283,5922.0,3046.0
16622,7,353,0.035422250628471375,5923.0,719.0
14527,34,1738,0.0027471750508993864,5924.0,682.0
15240,12,612,0.07351092249155045,5925.0,2883.0
16963,17,873,0.029922286048531532,5926.0,1433.0
16963,97,4898,0.05684333294630051,5927.0,1293.0
17164,143,7167,0.006706680171191692,5928.0,1502.0
14948,7,395,0.3886960446834564,5929.0,1436.0
17249,351,17572,0.207034632563591,5930.0,599.0
15275,52,2601,0.05434748902916908,5931.0,484.0
14790,161,8063,0.012356340885162354,5932.0,436.0
15897,58,2929,0.00830939132720232,5933.0,1443.0
15910,240,12012,0.0006089310627430677,5934.0,4161.0
17110,70,3528,0.030079705640673637,5935.0,5719.0
15141,59,2975,0.0031507876701653004,5936.0,1778.0
17561,92,4636,0.011644023470580578,5937.0,932.0
17561,120,6050,0.0735938623547554,5938.0,1621.0
17209,59,2999,0.0318978875875473,5939.0,732.0
17530,172,8631,0.10157839208841324,5940.0,3103.0
16976,140,7020,0.2304094284772873,5941.0,4020.0
17398,5,278,0.07611720263957977,5942.0,1113.0
14564,58,2914,0.055518023669719696,5943.0,1030.0
15426,118,5919,0.47163352370262146,5944.0,2265.0
16011,126,6340,0.2652878761291504,5945.0,1303.0
14467,189,9469,0.013648050837218761,5946.0,1949.0
16119,399,19955,0.05133630335330963,5947.0,1623.0
16299,20,1048,0.027621837332844734,5948.0,4670.0
16964,538,26943,0.5312470197677612,5949.0,12621.0
14379,226,11347,0.6481066346168518,5950.0,422.0
16921,147,7392,0.028128203004598618,5951.0,1182.0
16921,202,10121,0.07223614305257797,5952.0,177.0
17043,84,4237,0.002622292609885335,5953.0,2448.0
17335,75,3754,0.032269518822431564,5954.0,2445.0
15588,325,16262,0.00947573222219944,5955.0,778.0
15589,387,19398,0.006421707570552826,5956.0,1657.0
14935,163,8179,0.0695270448923111,5957.0,206.0
15504,159,7973,0.03124251775443554,5958.0,2262.0
15504,159,7976,0.06512388586997986,5959.0,966.0
15504,205,10276,0.05688361078500748,5960.0,1731.0
14558,80,4033,0.009438531473279,5961.0,229.0
14935,320,16014,0.0019010432297363877,5962.0,632.0
15246,7,375,0.09938784688711166,5963.0,1266.0
15246,81,4069,0.002907409565523267,5964.0,1671.0
15246,128,6448,0.019419433549046516,5965.0,1097.0
16013,129,6455,0.005395664367824793,5966.0,2639.0
14548,28,1425,0.006171489134430885,5967.0,1338.0
14548,70,3514,0.001672231126576662,5968.0,3464.0
17476,32,1631,0.047824516892433167,5969.0,1203.0
15867,29,1484,0.010658085346221924,5970.0,485.0
17283,47,2369,0.41985267400741577,5971.0,3755.0
17217,42,2126,0.33859679102897644,5972.0,2606.0
15983,337,16872,0.02560807205736637,5973.0,2974.0
16949,474,23723,0.024598559364676476,5974.0,3019.0
16089,112,5624,0.10753962397575378,5975.0,2112.0
15983,418,20925,0.015134074725210667,5976.0,1573.0
17036,88,4414,0.1470402628183365,5977.0,1735.0
17357,14,731,0.0018828409956768155,5978.0,710.0
16022,306,15323,0.03614036738872528,5979.0,2874.0
15862,291,14551,0.020297812297940254,5980.0,447.0
14279,0,30,0.004976368043571711,5981.0,541.0
14569,142,7133,0.00901381578296423,5982.0,112.0
14427,202,10143,0.006032401230186224,5983.0,586.0
14427,217,10875,0.1111520379781723,5984.0,1900.0
16894,108,5402,0.23396579921245575,5985.0,1384.0
16506,44,2219,0.01955563947558403,5986.0,2178.0
15443,45,2286,0.007405022159218788,5987.0,694.0
16188,204,10208,0.027865717187523842,5988.0,1372.0
14191,188,9448,0.13057294487953186,5989.0,1339.0
17122,103,5153,0.01422770693898201,5990.0,1398.0
17122,107,5398,0.057610686868429184,5991.0,233.0
15146,67,3365,0.00627191411331296,5992.0,147.0
15463,228,11426,0.0158888828009367,5993.0,2489.0
15382,236,11840,0.004895864520221949,5994.0,1397.0
16925,114,5704,0.09249753504991531,5995.0,1109.0
16925,142,7142,0.01864699274301529,5996.0,1960.0
14270,164,8224,0.09061942249536514,5997.0,928.0
16355,22,1136,0.1189412847161293,5998.0,897.0
16319,4,223,0.324716180562973,5999.0,3108.0
14712,194,9747,0.03134302794933319,6000.0,1363.0
16017,47,2377,0.005517920013517141,6001.0,1224.0
14607,71,3567,0.07562942802906036,6002.0,528.0
15504,126,6309,0.3543376624584198,6003.0,1127.0
15504,231,11586,0.03392909839749336,6004.0,1125.0
14822,59,2978,0.009618828073143959,6005.0,1429.0
15722,165,8284,0.01798512414097786,6006.0,2012.0
14884,33,1684,0.05585888773202896,6007.0,3173.0
14884,250,12533,0.048318151384592056,6008.0,1194.0
14816,312,15641,0.004275592975318432,6009.0,232.0
15403,70,3513,0.01955290511250496,6010.0,881.0
17448,44,2210,0.5509470701217651,6011.0,1433.0
15343,292,14648,0.004693008027970791,6012.0,1785.0
16228,10,506,0.06607583165168762,6013.0,1386.0
16094,51,2561,0.027579374611377716,6014.0,1234.0
14957,7,384,0.11797551065683365,6015.0,1449.0
14542,19,999,0.012760395184159279,6016.0,2444.0
14542,30,1504,0.0024971971288323402,6017.0,1586.0
14542,182,9144,0.03978930413722992,6018.0,1508.0
15930,232,11609,0.002810682402923703,6019.0,1332.0
14152,142,7125,0.013440419919788837,6020.0,103.0
15863,54,2729,0.0696590468287468,6021.0,812.0
15918,8,409,0.016519559547305107,6022.0,1552.0
15918,8,422,0.01607520878314972,6023.0,3788.0
14320,42,2149,0.15114830434322357,6024.0,1566.0
15346,0,14,0.010408937931060791,6025.0,2074.0
17451,239,11984,0.15438693761825562,6026.0,979.0
14873,291,14557,0.061445705592632294,6027.0,4189.0
14938,114,5707,0.038053225725889206,6028.0,1183.0
17502,35,1772,0.0007676471141166985,6029.0,2076.0
17448,119,5951,0.009234225377440453,6030.0,2806.0
17312,287,14371,0.3441179096698761,6031.0,2220.0
14973,34,1731,0.0036161779426038265,6032.0,3216.0
16551,287,14353,0.027722053229808807,6033.0,2146.0
14813,4,234,0.019096434116363525,6034.0,1853.0
15797,53,2664,0.10048144310712814,6035.0,1345.0
14546,140,7008,0.1414598673582077,6036.0,3815.0
14546,178,8922,0.009341907687485218,6037.0,2958.0
15484,263,13169,0.0011247858637943864,6038.0,170.0
17320,53,2666,0.08740691840648651,6039.0,2971.0
14332,3,177,0.02427748590707779,6040.0,3803.0
16115,7,395,0.07699237763881683,6041.0,820.0
16346,184,9227,0.0006790325278416276,6042.0,653.0
15828,278,13923,0.02902793325483799,6043.0,751.0
14358,207,10374,0.10090037435293198,6044.0,1519.0
17116,97,4870,0.0005155523540452123,6045.0,3192.0
16088,69,3464,0.0003599050687626004,6046.0,2933.0
14677,18,906,0.04694969207048416,6047.0,1245.0
14232,10,517,0.02363760583102703,6048.0,219.0
14987,22,1141,0.08054127544164658,6049.0,1176.0
17497,79,3987,0.014095227234065533,6050.0,2188.0
16313,112,5624,0.09196595847606659,6051.0,1813.0
14464,251,12556,0.03873342275619507,6052.0,587.0
14151,28,1434,0.006610543932765722,6053.0,613.0
15361,21,1093,0.013983848504722118,6054.0,661.0
16585,248,12450,0.004500235430896282,6055.0,414.0
14986,295,14779,0.003187524853274226,6056.0,1626.0
15327,11,580,0.00218230951577425,6057.0,2097.0
14428,188,9446,0.07958444207906723,6058.0,1595.0
16579,16,808,0.049088891595602036,6059.0,3078.0
16579,16,827,0.04882561415433884,6060.0,1027.0
16579,56,2811,0.004225492011755705,6061.0,342.0
14270,19,991,0.008141938596963882,6062.0,1226.0
14404,16,816,0.011006499640643597,6063.0,2317.0
16962,269,13479,0.017501281574368477,6064.0,224.0
16962,291,14571,0.011909572407603264,6065.0,3003.0
16962,329,16477,0.00011158667621202767,6066.0,2352.0
15443,26,1321,0.20990316569805145,6067.0,597.0
17413,180,9025,0.0026591161731630564,6068.0,543.0
15590,306,15323,0.013030298985540867,6069.0,4154.0
14335,216,10835,0.09412764012813568,6070.0,1198.0
17357,22,1113,0.008895575068891048,6071.0,2319.0
16002,18,938,0.7898969650268555,6072.0,974.0
14956,26,1349,0.2953403890132904,6073.0,169.0
14956,62,3135,0.019171971827745438,6074.0,1009.0
14956,62,3140,0.02991556189954281,6075.0,1322.0
14942,57,2885,0.023257296532392502,6076.0,947.0
15397,93,4679,0.0016081639332696795,6077.0,2041.0
16962,322,16138,0.002928054193034768,6078.0,1216.0
17529,13,659,0.0050355615094304085,6079.0,1781.0
14438,38,1914,0.03247220814228058,6080.0,1007.0
16067,39,1972,0.041889738291502,6081.0,974.0
16978,471,23588,0.012518827803432941,6082.0,2893.0
15516,74,3727,0.007366414647549391,6083.0,1604.0
16546,100,5046,0.033211126923561096,6084.0,1323.0
14539,163,8151,0.08289577811956406,6085.0,1593.0
14209,32,1639,0.019409485161304474,6086.0,3103.0
14209,119,5960,0.014452021569013596,6087.0,1625.0
14912,217,10877,0.09550905227661133,6088.0,6737.0
16833,11,569,0.011599269695580006,6089.0,1291.0
15054,163,8193,0.010906487703323364,6090.0,535.0
17109,0,13,0.0023053050972521305,6091.0,764.0
17452,151,7554,0.004924321081489325,6092.0,2177.0
16747,17,878,0.17005223035812378,6093.0,433.0
15166,160,8026,0.0061151813715696335,6094.0,987.0
16038,433,21661,0.055931344628334045,6095.0,2673.0
14148,134,6704,0.13068829476833344,6096.0,1773.0
16544,145,7280,0.07466521114110947,6097.0,3028.0
17177,66,3320,0.08446872979402542,6098.0,150.0
15520,93,4694,0.02498680166900158,6099.0,1498.0
15152,77,3875,0.0055133746936917305,6100.0,1246.0
17205,67,3364,0.006610268726944923,6101.0,1239.0
16444,61,3093,0.08962342888116837,6102.0,1593.0
16011,149,7471,0.0012423837324604392,6103.0,2873.0
16011,188,9415,0.17366577684879303,6104.0,898.0
17500,16,825,0.1436769664287567,6105.0,6734.0
15592,63,3163,0.035084955394268036,6106.0,2338.0
15592,181,9066,0.9541714787483215,6107.0,571.0
14637,21,1097,0.004956639837473631,6108.0,706.0
14637,73,3653,0.0007717428379692137,6109.0,1435.0
16785,34,1706,0.016495173797011375,6110.0,1837.0
15340,0,48,0.03770226240158081,6111.0,470.0
16986,2,126,0.007401882205158472,6112.0,583.0
15293,29,1452,0.010077296756207943,6113.0,2800.0
15339,24,1222,0.08164886385202408,6114.0,1144.0
16735,36,1823,0.007777989376336336,6115.0,679.0
15413,36,1828,0.13958638906478882,6116.0,2351.0
14758,32,1612,0.0060418955981731415,6117.0,2159.0
14758,32,1618,0.01590915396809578,6118.0,1640.0
14880,179,8960,0.22067226469516754,6119.0,2281.0
16203,39,1954,0.02509699948132038,6120.0,2092.0
14713,19,955,0.016964152455329895,6121.0,802.0
16310,285,14293,0.0009765517897903919,6122.0,1297.0
17267,57,2882,0.9918625354766846,6123.0,177.0
14636,174,8736,0.29272353649139404,6124.0,2451.0
15863,52,2637,0.025262074545025826,6125.0,3634.0
15017,74,3719,0.04397352784872055,6126.0,3710.0
14902,171,8564,0.20186050236225128,6127.0,4509.0
17100,226,11303,0.04431498423218727,6128.0,3243.0
15497,88,4415,0.00985768623650074,6129.0,175.0
15166,362,18128,0.1521236151456833,6130.0,87.0
14206,159,7961,0.07411672174930573,6131.0,445.0
17556,12,613,0.04067358747124672,6132.0,996.0
15421,49,2461,0.02275243028998375,6133.0,1039.0
17364,83,4189,0.035687196999788284,6134.0,1955.0
14173,19,972,0.06778935343027115,6135.0,1704.0
15528,276,13825,0.014636252075433731,6136.0,2063.0
16067,147,7385,0.04443974420428276,6137.0,1818.0
15960,458,22910,0.0448375903069973,6138.0,1191.0
14721,150,7533,0.05560530722141266,6139.0,4219.0
14549,6,325,0.18364715576171875,6140.0,3911.0
16200,66,3318,0.00969400443136692,6141.0,908.0
17371,357,17859,0.8822013139724731,6142.0,1530.0
14788,51,2576,0.033749233931303024,6143.0,542.0
14788,51,2595,0.0020481455139815807,6144.0,1386.0
16526,7,387,0.15692825615406036,6145.0,1927.0
16526,30,1548,0.07232777029275894,6146.0,1983.0
16714,8,430,0.009071019478142262,6147.0,1594.0
16438,42,2108,0.220341295003891,6148.0,1725.0
14652,98,4944,0.06283333152532578,6149.0,1274.0
14652,144,7247,0.06796818971633911,6150.0,1157.0
17536,23,1162,0.048195574432611465,6151.0,6635.0
15259,4,212,0.0014213657705113292,6152.0,2290.0
14544,58,2910,0.1804405003786087,6153.0,3456.0
16167,236,11812,0.01606866531074047,6154.0,774.0
17495,2,136,0.05432940647006035,6155.0,2783.0
14399,104,5210,0.055953316390514374,6156.0,3284.0
15973,52,2638,0.0016664814902469516,6157.0,1962.0
15973,90,4537,0.00798515323549509,6158.0,3476.0
17254,26,1319,0.005866161547601223,6159.0,1375.0
15073,35,1781,0.014358351938426495,6160.0,2392.0
15774,305,15261,0.09927397221326828,6161.0,1111.0
14379,167,8363,0.048484668135643005,6162.0,749.0
14379,167,8369,0.0023209829814732075,6163.0,1007.0
15923,181,9093,0.06390964239835739,6164.0,1894.0
15799,39,1965,0.07270316779613495,6165.0,2088.0
14130,36,1810,0.003501773811876774,6166.0,71.0
14562,116,5822,0.00947483628988266,6167.0,2679.0
17451,120,6012,0.0038971633184701204,6168.0,811.0
14722,81,4064,0.002580625470727682,6169.0,108.0
14914,298,14917,0.09260247647762299,6170.0,2555.0
16585,71,3596,0.04498458653688431,6171.0,949.0
16585,72,3602,0.07712504267692566,6172.0,262.0
15106,26,1334,0.004559951834380627,6173.0,2122.0
15382,34,1701,0.0679224357008934,6174.0,1806.0
16352,250,12540,0.14164409041404724,6175.0,1919.0
16006,132,6632,0.5079465508460999,6176.0,885.0
15328,28,1430,0.10195468366146088,6177.0,2001.0
15348,31,1594,0.003648327896371484,6178.0,2106.0
15348,166,8312,0.03191756084561348,6179.0,1430.0
17489,89,4477,0.00813930481672287,6180.0,184.0
17023,264,13207,0.0034323071595281363,6181.0,177.0
14774,17,878,0.04630386829376221,6182.0,1328.0
17414,182,9121,0.04434209316968918,6183.0,2837.0
14195,100,5016,0.05162101984024048,6184.0,3268.0
14662,22,1130,0.010309336706995964,6185.0,461.0
15291,32,1634,0.002453080378472805,6186.0,3406.0
15291,261,13059,0.02392657846212387,6187.0,2002.0
14745,36,1824,0.5930905938148499,6188.0,336.0
14770,111,5593,0.07688966393470764,6189.0,2872.0
16073,81,4098,0.0025989175774157047,6190.0,596.0
14747,19,993,0.01161895040422678,6191.0,932.0
16052,447,22400,0.0027988117653876543,6192.0,1138.0
15181,75,3774,0.008340292610228062,6193.0,1946.0
16406,40,2012,0.01138504222035408,6194.0,236.0
16963,57,2863,0.030567606911063194,6195.0,2667.0
16446,102,5121,0.00999898836016655,6196.0,1013.0
16446,280,14016,0.00985871534794569,6197.0,667.0
16145,12,610,0.0158845204859972,6198.0,756.0
16145,65,3288,0.00562188308686018,6199.0,589.0
14555,22,1150,0.012620937079191208,6200.0,103.0
15952,148,7413,0.01274925097823143,6201.0,629.0
14541,19,1000,0.5816165208816528,6202.0,840.0
16693,91,4580,0.03436906263232231,6203.0,2774.0
15360,27,1375,0.19810886681079865,6204.0,225.0
15360,174,8716,0.07374563068151474,6205.0,1721.0
14471,12,639,0.001994546502828598,6206.0,1707.0
17119,6,310,0.019534142687916756,6207.0,586.0
17162,36,1845,0.058251477777957916,6208.0,2336.0
14438,42,2126,0.001894668908789754,6209.0,1391.0
14802,68,3421,0.031180372461676598,6210.0,2341.0
16006,141,7064,0.0018143585184589028,6211.0,971.0
15436,291,14562,0.18542765080928802,6212.0,3758.0
16515,15,786,0.008641296997666359,6213.0,2293.0
17484,190,9525,0.021440282464027405,6214.0,2188.0
15930,512,25649,0.012800602242350578,6215.0,1447.0
16387,18,943,0.008429916575551033,6216.0,560.0
16387,74,3735,0.07209739834070206,6217.0,740.0
17493,265,13275,0.2827501595020294,6218.0,1065.0
15350,77,3865,0.0017058547819033265,6219.0,1819.0
15031,16,828,0.003845160361379385,6220.0,4676.0
15031,33,1675,0.00931080337613821,6221.0,2079.0
14453,31,1591,-999999.9,-1.0,-1.0
14453,50,2501,-999999.9,-1.0,-1.0
16684,29,1457,0.02704533189535141,6224.0,3395.0
14607,245,12293,0.0893976092338562,6225.0,9138.0
14978,36,1836,0.01233793143182993,6226.0,2163.0
17205,11,565,0.001933637890033424,6227.0,1284.0
15474,21,1067,0.061377014964818954,6228.0,1905.0
16339,236,11813,0.012667610310018063,6229.0,1813.0
16612,0,33,0.025309547781944275,6230.0,3111.0
14363,104,5206,0.006303086411207914,6231.0,302.0
17356,204,10246,0.27945998311042786,6232.0,1490.0
15777,81,4057,0.06858465820550919,6233.0,3189.0
14152,158,7904,0.014326752163469791,6234.0,904.0
14412,24,1212,0.016433147713541985,6235.0,2710.0
15098,7,385,0.42294764518737793,6236.0,1792.0
14281,28,1408,0.015452190302312374,6237.0,3426.0
14877,51,2590,0.01700941100716591,6238.0,2042.0
17493,26,1344,0.09755311906337738,6239.0,1539.0
17467,58,2937,0.016397694125771523,6240.0,1354.0
14893,157,7851,0.44310593605041504,6241.0,4101.0
14376,52,2645,0.01633569784462452,6242.0,2175.0
14956,239,11997,0.021974770352244377,6243.0,4550.0
14356,158,7901,0.03918806463479996,6244.0,2582.0
15032,3,153,0.026339229196310043,6245.0,3747.0
14798,65,3284,0.019033752381801605,6246.0,335.0
16471,52,2620,0.04529187083244324,6247.0,741.0
15832,127,6383,0.156875342130661,6248.0,843.0
14749,158,7904,0.001728241564705968,6249.0,906.0
17317,12,636,0.01439523883163929,6250.0,2442.0
14548,25,1260,0.014895528554916382,6251.0,995.0
16231,109,5459,0.0035694355610758066,6252.0,2323.0
14468,95,4759,0.0534248948097229,6253.0,1193.0
17194,68,3443,0.0027401442639529705,6254.0,638.0
14965,78,3946,0.028145087882876396,6255.0,764.0
16944,280,14011,0.08541864156723022,6256.0,1125.0
16504,70,3511,0.028773661702871323,6257.0,1666.0
14275,126,6308,0.003712425706908107,6258.0,1349.0
14654,119,5999,0.3903696537017822,6259.0,3408.0
14607,128,6406,0.011529605835676193,6260.0,2972.0
15961,109,5465,0.0026406492106616497,6261.0,1039.0
16970,10,537,0.02671479433774948,6262.0,2600.0
14587,83,4173,0.16674736142158508,6263.0,958.0
15369,176,8817,0.0386575348675251,6264.0,236.0
15028,12,646,0.002826455282047391,6265.0,1333.0
14456,62,3141,0.03997518867254257,6266.0,854.0
14688,27,1353,0.0014719456667080522,6267.0,2294.0
16186,127,6394,0.0038700636941939592,6268.0,473.0
14153,28,1414,0.002879563719034195,6269.0,889.0
17093,61,3082,0.08548703789710999,6270.0,912.0
17093,125,6294,0.9594504833221436,6271.0,1995.0
16664,80,4032,0.3428457975387573,6272.0,146.0
17509,46,2331,0.45880234241485596,6273.0,2055.0
17509,57,2890,0.015398387797176838,6274.0,883.0
14799,70,3510,0.03598669171333313,6275.0,812.0
15983,48,2421,0.01565520465373993,6276.0,2195.0
16186,225,11274,0.022612549364566803,6277.0,2533.0
16186,275,13758,0.2731637954711914,6278.0,4003.0
15794,164,8236,0.028419669717550278,6279.0,430.0
16428,245,12289,0.07494684308767319,6280.0,941.0
17191,40,2030,0.13013355433940887,6281.0,588.0
16405,18,948,0.010216000489890575,6282.0,89.0
14768,17,852,0.3277399241924286,6283.0,787.0
15262,9,453,0.038289185613393784,6284.0,1629.0
16848,0,33,0.0063933078199625015,6285.0,687.0
17325,48,2430,0.022965800017118454,6286.0,218.0
17325,51,2589,0.15229551494121552,6287.0,2314.0
16821,132,6644,0.0028290566988289356,6288.0,857.0
17036,186,9302,0.06488388031721115,6289.0,311.0
17036,349,17453,0.10303258150815964,6290.0,1942.0
14379,26,1305,0.11534074693918228,6291.0,1575.0
14428,46,2336,0.0818912461400032,6292.0,1937.0
17400,159,7984,0.0038116886280477047,6293.0,5154.0
17459,100,5013,0.058985088020563126,6294.0,1592.0
14372,111,5580,0.48390308022499084,6295.0,476.0
15078,5,292,0.002968357177451253,6296.0,1119.0
14824,171,8572,0.002076011383906007,6297.0,3821.0
16960,209,10480,0.03117741458117962,6298.0,2491.0
14801,263,13183,0.02679569274187088,6299.0,2579.0
17048,65,3293,0.01063342671841383,6300.0,98.0
14607,279,13960,0.4999285936355591,6301.0,3899.0
16964,336,16847,0.0021976232528686523,6302.0,2954.0
14828,140,7010,0.2747919261455536,6303.0,1241.0
17371,153,7672,0.48303890228271484,6304.0,703.0
17503,96,4802,0.06051978841423988,6305.0,1264.0
17503,96,4833,0.02714182622730732,6306.0,2177.0
14290,155,7768,0.01072226744145155,6307.0,912.0
14277,98,4923,0.019615773111581802,6308.0,2738.0
17185,88,4424,0.2876417636871338,6309.0,2410.0
16198,94,4742,0.008244296535849571,6310.0,738.0
14870,101,5069,0.0011857642093673348,6311.0,581.0
16835,195,9787,0.03232187777757645,6312.0,1138.0
15709,15,794,0.009263351559638977,6313.0,523.0
17371,391,19582,0.0010447506792843342,6314.0,1069.0
16453,151,7573,0.03314908966422081,6315.0,493.0
14151,30,1505,0.07808051258325577,6316.0,3929.0
14828,72,3607,0.00045258758473210037,6317.0,1905.0
15901,112,5623,0.06539696455001831,6318.0,996.0
16036,87,4357,0.00688287103548646,6319.0,1512.0
14375,17,870,0.01660853624343872,6320.0,388.0
16919,156,7812,0.02122308500111103,6321.0,3249.0
16919,156,7835,0.009618818759918213,6322.0,2064.0
15478,266,13329,0.2075830101966858,6323.0,2612.0
16805,16,836,0.18305130302906036,6324.0,2149.0
14801,172,8603,0.014203270897269249,6325.0,699.0
16668,135,6782,0.01571366935968399,6326.0,1711.0
16344,71,3554,0.015337014570832253,6327.0,124.0
16348,33,1679,0.011877652257680893,6328.0,2585.0
14954,77,3879,0.002456200309097767,6329.0,2797.0
17070,177,8898,0.011005180887877941,6330.0,2571.0
16107,136,6813,0.02194557897746563,6331.0,1168.0
16107,131,6598,0.009614582173526287,6332.0,1077.0
14310,10,531,0.0025876297149807215,6333.0,1953.0
14310,30,1524,0.0878908634185791,6334.0,1296.0
14375,83,4162,0.13317222893238068,6335.0,2070.0
14930,23,1159,0.08706188946962357,6336.0,1659.0
16091,49,2473,0.003828935557976365,6337.0,959.0
14662,13,671,0.04617972671985626,6338.0,1141.0
15360,33,1655,0.0006182312499731779,6339.0,596.0
14749,164,8248,0.015626734122633934,6340.0,897.0
16203,181,9097,0.004006695002317429,6341.0,1185.0
16759,13,658,0.2908283472061157,6342.0,403.0
15267,120,6028,0.0013243744615465403,6343.0,2484.0
16392,30,1523,0.06457225978374481,6344.0,1425.0
16392,54,2739,0.0014529969776049256,6345.0,1168.0
14956,290,14524,0.2732376754283905,6346.0,3347.0
17506,64,3227,0.0008821725496090949,6347.0,2716.0
17499,25,1278,0.01532507874071598,6348.0,1234.0
14989,179,8966,0.08936044573783875,6349.0,2423.0
17301,118,5913,0.00662846677005291,6350.0,1357.0
14542,296,14804,0.012573239393532276,6351.0,2233.0
14527,61,3083,0.001818621763959527,6352.0,941.0
16089,76,3801,0.1497649997472763,6353.0,862.0
15930,200,10006,0.004015886690467596,6354.0,2229.0
16923,11,596,0.019646139815449715,6355.0,1158.0
16923,223,11184,0.016240319237113,6356.0,398.0
16468,9,455,0.028803914785385132,6357.0,1576.0
14825,37,1886,0.014585046097636223,6358.0,2473.0
15919,79,3954,0.10141541063785553,6359.0,870.0
15029,6,338,0.6329191327095032,6360.0,1421.0
15092,50,2525,0.09041333943605423,6361.0,853.0
14897,144,7205,0.004500182345509529,6362.0,2098.0
14805,251,12576,0.14202938973903656,6363.0,844.0
14807,38,1950,0.0016989511204883456,6364.0,923.0
14807,222,11104,0.03209149092435837,6365.0,769.0
14229,32,1610,0.5128232836723328,6366.0,3176.0
14903,15,770,0.13065072894096375,6367.0,2445.0
15082,74,3707,0.001173065509647131,6368.0,1648.0
17028,43,2170,0.0013304264284670353,6369.0,2913.0
14750,21,1070,0.029167745262384415,6370.0,2118.0
16920,8,441,0.003496736055240035,6371.0,1188.0
15097,212,10646,0.2618091106414795,6372.0,1063.0
14537,89,4493,0.0073722954839468,6373.0,1768.0
16963,130,6513,0.028068868443369865,6374.0,1925.0
16172,188,9433,0.011564552783966064,6375.0,1585.0
16864,205,10253,0.015491679310798645,6376.0,2333.0
17484,128,6433,0.008720953948795795,6377.0,3976.0
16209,7,390,0.041832249611616135,6378.0,3884.0
15160,133,6680,0.07378463447093964,6379.0,258.0
16507,123,6159,0.019437825307250023,6380.0,819.0
15261,9,453,0.014528879895806313,6381.0,1780.0
15421,27,1374,0.0053004114888608456,6382.0,2103.0
15421,116,5835,0.2889308035373688,6383.0,786.0
15774,48,2420,0.6835037469863892,6384.0,6679.0
15975,79,3995,0.010288670659065247,6385.0,392.0
14745,5,279,0.019421320408582687,6386.0,543.0
17524,297,14876,0.0616479255259037,6387.0,694.0
14750,25,1251,0.06844829767942429,6388.0,398.0
15166,228,11410,0.02698211930692196,6389.0,1354.0
16023,430,21538,0.08450868725776672,6390.0,581.0
14726,54,2703,0.006314957048743963,6391.0,1399.0
17304,69,3459,0.014299417845904827,6392.0,4131.0
14423,1,51,0.022852905094623566,6393.0,888.0
16481,82,4105,0.004861567635089159,6394.0,481.0
15801,474,23730,0.004874716512858868,6395.0,2205.0
16218,16,801,0.033761586993932724,6396.0,915.0
15715,136,6820,0.8507402539253235,6397.0,519.0
14878,86,4325,0.000887834990862757,6398.0,2364.0
16332,42,2125,0.007210487499833107,6399.0,2005.0
15921,36,1830,0.00535353971645236,6400.0,833.0
15966,298,14915,0.026036467403173447,6401.0,2000.0
17099,75,3793,0.031399913132190704,6402.0,1832.0
14467,111,5596,0.02313314937055111,6403.0,220.0
16199,110,5512,0.0014771943679079413,6404.0,1592.0
16004,56,2832,0.4992907643318176,6405.0,1649.0
14998,128,6406,0.5603428483009338,6406.0,1075.0
16314,115,5774,0.05578599497675896,6407.0,243.0
15376,10,501,0.10103391110897064,6408.0,406.0
16290,86,4342,0.03750072047114372,6409.0,1654.0
14159,93,4666,0.04495879262685776,6410.0,1553.0
15341,16,805,0.0748581662774086,6411.0,370.0
14998,182,9139,0.4039153754711151,6412.0,2024.0
14876,31,1576,0.03896094858646393,6413.0,1036.0
17235,31,1555,0.006124366074800491,6414.0,1311.0
15492,17,859,0.054218780249357224,6415.0,1742.0
14907,101,5057,0.0022208811715245247,6416.0,694.0
14539,23,1181,0.001719482010230422,6417.0,3509.0
15478,139,6956,0.057576607912778854,6418.0,1027.0
15478,294,14746,0.019821511581540108,6419.0,238.0
15969,8,410,0.006406938191503286,6420.0,199.0
14418,51,2575,0.061137035489082336,6421.0,1810.0
15917,540,27017,0.0002487954334355891,6422.0,3165.0
14644,5,275,0.22518210113048553,6423.0,1957.0
14953,9,474,0.009056140668690205,6424.0,503.0
14656,12,626,0.020500298589468002,6425.0,578.0
14367,207,10397,0.21535080671310425,6426.0,598.0
16738,8,420,0.04057803377509117,6427.0,1054.0
16759,131,6557,0.004119603428989649,6428.0,896.0
16874,168,8427,0.034824635833501816,6429.0,1113.0
15474,14,724,0.15390589833259583,6430.0,954.0
14359,11,589,0.020583949983119965,6431.0,1251.0
16159,147,7378,0.007727332413196564,6432.0,3648.0
15935,22,1130,0.9683293104171753,6433.0,1319.0
15165,13,673,0.004680309444665909,6434.0,365.0
15353,70,3526,0.024980831891298294,6435.0,464.0
16352,102,5138,0.04873109981417656,6436.0,758.0
14632,95,4783,0.010106846690177917,6437.0,256.0
17563,13,694,0.017926426604390144,6438.0,2274.0
17037,39,1984,0.02270490862429142,6439.0,1474.0
15946,389,19479,0.053991690278053284,6440.0,1674.0
15301,64,3223,0.016555847600102425,6441.0,1320.0
14121,70,3508,0.053857117891311646,6442.0,3153.0
15777,89,4465,0.2532636821269989,6443.0,1148.0
14222,28,1447,0.024974089115858078,6444.0,529.0
14222,39,1992,0.11767298728227615,6445.0,289.0
14222,63,3151,0.005420769564807415,6446.0,301.0
14222,63,3154,0.005581687670201063,6447.0,2125.0
15343,134,6741,0.015817418694496155,6448.0,574.0
15392,78,3918,0.014745798893272877,6449.0,4705.0
14597,128,6443,0.2767556309700012,6450.0,1480.0
14281,217,10864,0.029294833540916443,6451.0,274.0
16867,243,12177,0.0025577049236744642,6452.0,165.0
16148,53,2660,0.00573233887553215,6453.0,362.0
16508,6,326,0.5930638909339905,6454.0,278.0
14641,4,206,0.07286512106657028,6455.0,1682.0
17476,12,624,0.0028351936489343643,6456.0,1696.0
15410,110,5516,0.06495989859104156,6457.0,1232.0
15983,120,6015,0.47489500045776367,6458.0,149.0
14543,227,11359,0.023056363686919212,6459.0,1225.0
16052,45,2282,0.11437854170799255,6460.0,3499.0
15243,76,3820,0.006888607516884804,6461.0,1607.0
15927,144,7228,0.1339925229549408,6462.0,711.0
14920,54,2708,0.07205285876989365,6463.0,209.0
14965,239,11984,0.10927660018205643,6464.0,1937.0
15870,293,14672,0.007063086610287428,6465.0,1569.0
17545,66,3344,0.033520400524139404,6466.0,1591.0
14553,266,13332,0.04262407869100571,6467.0,790.0
17356,82,4140,0.0077834115363657475,6468.0,710.0
15834,125,6279,0.215816468000412,6469.0,335.0
15834,132,6607,0.012615685351192951,6470.0,1021.0
17470,127,6393,0.19011546671390533,6471.0,2153.0
15017,5,298,0.042885664850473404,6472.0,1197.0
15397,208,10404,0.04923461005091667,6473.0,299.0
16119,504,25204,0.00158002192620188,6474.0,3888.0
17083,59,2991,0.015887988731265068,6475.0,1715.0
14636,27,1388,0.07441314309835434,6476.0,2435.0
14636,29,1487,0.0640728622674942,6477.0,1775.0
17150,11,578,0.08065980672836304,6478.0,796.0
16743,118,5925,0.06379743665456772,6479.0,7568.0
14653,56,2849,0.00514302309602499,6480.0,318.0
15426,58,2921,0.010278759524226189,6481.0,2362.0
15060,0,32,0.021442938596010208,6482.0,276.0
15339,16,805,0.0023063833359628916,6483.0,1148.0
15295,40,2046,0.007731498219072819,6484.0,1806.0
14640,15,771,0.23650819063186646,6485.0,1101.0
15491,190,9503,0.0013280969578772783,6486.0,2248.0
14754,25,1282,0.048659518361091614,6487.0,806.0
17312,214,10710,0.0027682736981660128,6488.0,184.0
14290,53,2651,0.6231349110603333,6489.0,1676.0
14790,34,1703,0.005431340541690588,6490.0,1697.0
14790,141,7087,0.12203194946050644,6491.0,3277.0
16947,78,3938,0.053058888763189316,6492.0,1004.0
15442,130,6517,0.029873639345169067,6493.0,1086.0
17229,13,667,0.06194623187184334,6494.0,1658.0
16092,45,2261,0.0695420503616333,6520.0,2175.0
16092,110,5547,0.014507928863167763,6521.0,3138.0
14970,20,1030,0.005138677079230547,6524.0,2337.0
14893,215,10754,0.014848134480416775,6522.0,1126.0
14774,58,2926,0.2968216836452484,6540.0,10174.0
17517,289,14482,0.019221194088459015,6530.0,414.0
16683,33,1692,0.001913084532134235,6545.0,574.0
15751,43,2179,0.052422069013118744,6523.0,1926.0
14736,26,1325,0.018340924754738808,6546.0,374.0
14736,213,10658,0.007581960875540972,6547.0,1093.0
16315,72,3632,0.10677540302276611,6531.0,1981.0
14297,234,11739,0.0342317670583725,6529.0,503.0
16668,23,1191,0.05499650537967682,6527.0,663.0
16668,42,2109,0.0007722669397480786,6528.0,2837.0
15356,24,1208,0.023619838058948517,6526.0,1677.0
16499,202,10108,0.02423980087041855,6525.0,1117.0
16802,292,14604,0.012117281556129456,6535.0,2764.0
16072,6,334,0.05558129400014877,6536.0,2615.0
14631,106,5337,0.09842664003372192,6534.0,802.0
16453,355,17781,0.0011775396997109056,6541.0,3056.0
14358,72,3641,0.2711472809314728,6538.0,2551.0
14358,208,10439,0.007229525130242109,6539.0,377.0
16751,121,6100,0.010465644299983978,6543.0,1181.0
14556,57,2897,0.001815528143197298,6544.0,1310.0
17055,164,8204,0.2847592532634735,6542.0,134.0
16092,45,2261,-999999.9,-1.0,-1.0
16092,110,5547,-999999.9,-1.0,-1.0
14893,215,10754,-999999.9,-1.0,-1.0
15751,43,2179,-999999.9,-1.0,-1.0
14970,20,1030,-999999.9,-1.0,-1.0
16499,202,10108,-999999.9,-1.0,-1.0
15356,24,1208,-999999.9,-1.0,-1.0
16668,23,1191,-999999.9,-1.0,-1.0
16668,42,2109,-999999.9,-1.0,-1.0
14297,234,11739,-999999.9,-1.0,-1.0
17517,289,14482,-999999.9,-1.0,-1.0
16315,72,3632,-999999.9,-1.0,-1.0
14736,26,1325,-999999.9,-1.0,-1.0
14736,213,10658,-999999.9,-1.0,-1.0
14631,106,5337,-999999.9,-1.0,-1.0
16802,292,14604,-999999.9,-1.0,-1.0
16072,6,334,-999999.9,-1.0,-1.0
15430,158,7902,0.13264276087284088,6548.0,2951.0
14358,72,3641,-999999.9,-1.0,-1.0
14358,208,10439,-999999.9,-1.0,-1.0
14774,58,2926,-999999.9,-1.0,-1.0
16453,355,17781,-999999.9,-1.0,-1.0
17055,164,8204,-999999.9,-1.0,-1.0
16751,121,6100,-999999.9,-1.0,-1.0
14556,57,2897,-999999.9,-1.0,-1.0
16683,33,1692,-999999.9,-1.0,-1.0
14736,26,1325,-999999.9,-1.0,-1.0
14736,213,10658,-999999.9,-1.0,-1.0
15430,158,7902,-999999.9,-1.0,-1.0
16379,95,4786,0.0030447649769484997,6549.0,2227.0
14299,67,3372,0.0026325236540287733,6550.0,3019.0
16107,123,6151,0.019781848415732384,6551.0,1734.0
14211,26,1302,0.12247292697429657,6552.0,4659.0
14329,298,14948,0.005502589978277683,6553.0,280.0
14294,3,160,0.1775038093328476,6554.0,2452.0
14948,192,9636,0.12172245234251022,6555.0,2062.0
17249,107,5391,0.6474341154098511,6556.0,2015.0
17249,281,14060,0.017832964658737183,6557.0,1880.0
14453,185,9267,-999999.9,-1.0,-1.0
15407,5,283,0.02336464822292328,6559.0,925.0
14979,79,3979,0.10704924166202545,6560.0,835.0
14455,75,3787,0.13093580305576324,6561.0,362.0
14123,3,180,0.0015619455371052027,6562.0,856.0
14356,190,9519,0.012762654572725296,6563.0,2905.0
17237,144,7235,0.11053609102964401,6564.0,164.0
14607,37,1898,0.003235648153349757,6565.0,2210.0
16011,179,8968,0.03618331998586655,6566.0,736.0
15801,515,25768,0.023973235860466957,6567.0,678.0
16727,324,16217,0.4813016355037689,6568.0,1142.0
14712,68,3408,0.37706321477890015,6569.0,2381.0
14712,141,7085,0.002185504650697112,6570.0,3368.0
14636,92,4601,0.010380116291344166,6571.0,718.0
14636,129,6493,0.03901595249772072,6572.0,239.0
14636,153,7661,0.0365968681871891,6573.0,1185.0
15998,65,3278,0.0025580977089703083,6574.0,972.0
14297,143,7179,0.008842947892844677,6575.0,2583.0
16853,208,10441,0.010488145053386688,6576.0,368.0
15436,45,2257,0.18448838591575623,6577.0,225.0
16298,152,7613,0.023562820628285408,6578.0,1207.0
16581,3,153,0.0009419552516192198,6579.0,1783.0
16581,215,10783,0.10421207547187805,6580.0,2021.0
16879,8,439,0.045167405158281326,6581.0,2258.0
14610,252,12633,0.0003015805850736797,6582.0,1701.0
16348,108,5404,0.12663958966732025,6583.0,1852.0
15383,216,10826,0.0006447173655033112,6584.0,2315.0
16028,363,18185,0.026320839300751686,6585.0,1191.0
16167,225,11254,0.3220371901988983,6586.0,350.0
17087,287,14360,0.010700924322009087,6587.0,799.0
15495,8,448,0.017481237649917603,6588.0,3349.0
14641,146,7316,0.026178430765867233,6589.0,1175.0
14654,7,389,0.0977981686592102,6590.0,1828.0
14556,16,806,0.01419105939567089,6591.0,2324.0
14556,151,7572,0.03808348625898361,6592.0,1043.0
15391,258,12950,0.002476871246472001,6593.0,802.0
16204,64,3250,0.0008463733247481287,6594.0,1081.0
16955,7,353,0.007944421842694283,6595.0,502.0
16191,44,2221,0.08548389375209808,6596.0,1586.0
16776,149,7496,0.0075125438161194324,6597.0,4927.0
15828,509,25483,0.02509106509387493,6598.0,3304.0
14259,236,11821,0.004841370973736048,6599.0,2871.0
16107,175,8766,0.015574636869132519,6600.0,2657.0
14297,252,12619,0.08401448279619217,6601.0,1629.0
16823,115,5756,0.0006179281626828015,6602.0,2939.0
14559,177,8857,0.001081180525943637,6603.0,669.0
15450,58,2906,0.0006753882626071572,6604.0,3956.0
15450,121,6092,0.0036917198449373245,6605.0,3697.0
15429,8,449,0.011004650965332985,6606.0,1013.0
17556,57,2875,0.014588274993002415,6607.0,2715.0
15471,39,1990,0.004741379525512457,6608.0,1637.0
16080,8,438,0.1701996922492981,6609.0,3338.0
16080,34,1712,0.3635934889316559,6610.0,3608.0
14446,9,480,0.2916075587272644,6611.0,237.0
15368,48,2450,0.0027671693824231625,6612.0,1375.0
14925,278,13907,0.07746089994907379,6613.0,1018.0
15528,40,2013,0.460629403591156,6614.0,3591.0
14936,8,435,0.009076511487364769,6615.0,2907.0
14936,50,2520,0.05709761381149292,6616.0,2665.0
14464,256,12840,0.041986819356679916,6617.0,1865.0
15322,135,6794,0.009602152742445469,6618.0,1746.0
15324,37,1898,0.008467605337500572,6619.0,2417.0
17514,74,3725,0.2561455965042114,6620.0,1595.0
15450,174,8727,0.0030185747891664505,6621.0,966.0
14276,7,368,0.08954232186079025,6622.0,1856.0
15088,0,14,0.780776858329773,6623.0,145.0
15088,1,88,0.01031286921352148,6624.0,2176.0
15913,24,1201,0.009724997915327549,6625.0,2396.0
16858,27,1400,0.025988493114709854,6626.0,1434.0
16858,175,8796,0.07369572669267654,6627.0,1712.0
14427,65,3271,0.011430223472416401,6628.0,266.0
16833,35,1793,0.15320058166980743,6629.0,2012.0
16544,32,1629,0.061137229204177856,6630.0,1511.0
16544,82,4135,0.08468218147754669,6631.0,395.0
16544,129,6495,0.021616412326693535,6632.0,518.0
17220,40,2050,0.012353646568953991,6633.0,651.0
17169,357,17867,0.009059634059667587,6634.0,2163.0
16916,93,4656,0.2501699924468994,6635.0,763.0
16916,163,8171,0.02340078540146351,6636.0,1155.0
16836,98,4922,0.08786696195602417,6637.0,2388.0
16071,145,7298,0.004156196489930153,6638.0,1550.0
14377,63,3192,0.004337037447839975,6639.0,1109.0
16532,26,1301,0.041865404695272446,6640.0,4277.0
15851,17,881,0.0028254338540136814,6641.0,3443.0
14768,49,2495,0.017999671399593353,6642.0,320.0
14768,83,4157,0.00256955879740417,6643.0,572.0
15499,86,4341,0.016149206086993217,6644.0,1911.0
15153,130,6529,0.39132559299468994,6645.0,162.0
16052,40,2001,0.003766055917367339,6646.0,2085.0
16052,388,19406,0.002387895481660962,6647.0,204.0
14299,1,65,0.008052398450672626,6648.0,742.0
17495,127,6399,0.10869242250919342,6649.0,2297.0
17440,90,4545,0.008816841058433056,6650.0,694.0
14223,194,9734,0.005704762879759073,6651.0,245.0
17317,30,1522,0.0009271795279346406,6652.0,689.0
14654,181,9087,0.01158908847719431,6653.0,3076.0
15961,292,14613,0.5201866030693054,6654.0,2370.0
16660,1,64,0.02815074846148491,6655.0,2250.0
16660,2,137,0.746440589427948,6656.0,475.0
15350,177,8890,0.03218301013112068,6657.0,2049.0
16769,7,356,0.009893415495753288,6658.0,1639.0
14899,163,8151,0.009791472926735878,6659.0,782.0
14899,272,13634,0.1484813392162323,6660.0,113.0
15355,10,522,0.9851976037025452,6661.0,54.0
15528,193,9693,0.10148400068283081,6662.0,2414.0
16975,89,4475,0.006333238910883665,6663.0,1446.0
16975,210,10517,0.006363250780850649,6664.0,734.0
14690,12,644,0.04012278839945793,6665.0,3926.0
14925,126,6349,0.9798229336738586,6666.0,1779.0
14925,173,8689,0.0177005622535944,6667.0,1507.0
14925,245,12269,0.0316753052175045,6668.0,93.0
14940,245,12295,0.02651599608361721,6669.0,1222.0
14664,142,7103,0.02782205492258072,6670.0,1558.0
14643,88,4429,0.06611397862434387,6671.0,3040.0
14980,247,12357,0.016667477786540985,6672.0,1409.0
14807,287,14364,0.14128540456295013,6673.0,4374.0
14149,142,7108,0.01840115524828434,6674.0,810.0
16468,114,5711,0.6033414602279663,6675.0,300.0
14901,11,564,0.3523629307746887,6676.0,673.0
17044,154,7712,0.0022103083319962025,6677.0,3893.0
15252,32,1618,0.010488120838999748,6678.0,871.0
15291,119,5971,0.005929526407271624,6679.0,908.0
14356,237,11892,0.038314856588840485,6680.0,1916.0
15407,249,12461,0.3423132002353668,6681.0,1005.0
15316,260,13027,0.006386586930602789,6682.0,1107.0
15262,3,166,0.0738101527094841,6683.0,2123.0
14117,3,158,0.01143181324005127,6684.0,1062.0
16853,244,12223,0.009702124632894993,6685.0,2116.0
16751,149,7462,0.022566502913832664,6686.0,573.0
16119,283,14190,0.011805664747953415,6687.0,336.0
17495,37,1883,0.2302560657262802,6688.0,246.0
15509,149,7481,0.01410796120762825,6689.0,2838.0
14545,120,6003,0.012627439573407173,6690.0,1159.0
16818,19,991,0.007447018753737211,6691.0,1158.0
14153,122,6112,0.014810949563980103,6692.0,1502.0
15303,11,600,0.0025460359174758196,6693.0,486.0
16903,19,951,0.0213380865752697,6694.0,450.0
16243,58,2904,0.03493634983897209,6695.0,2167.0
16243,126,6331,0.07736891508102417,6696.0,3565.0
16243,129,6473,0.006167358253151178,6697.0,416.0
14452,39,1955,0.010859567672014236,6698.0,2557.0
17240,297,14870,0.0446791797876358,6699.0,2382.0
14268,26,1310,0.8053587079048157,6700.0,2951.0
14901,37,1885,0.552275538444519,6701.0,1203.0
16852,139,6951,0.005520683713257313,6702.0,1005.0
14569,52,2615,0.020336894318461418,6703.0,493.0
14725,1,91,0.02249387837946415,6704.0,4241.0
14990,143,7160,0.54255610704422,6705.0,705.0
15011,12,614,0.03497494384646416,6706.0,2851.0
14697,75,3756,0.0055039129219949245,6707.0,1666.0
16996,29,1456,0.5032207369804382,6708.0,2948.0
14379,82,4138,0.0323963463306427,6709.0,2134.0
17206,368,18437,0.22429855167865753,6710.0,1426.0
15870,71,3566,0.010584311559796333,6711.0,3213.0
14548,80,4009,0.46502265334129333,6712.0,14575.0
17132,425,21253,0.10748182237148285,6713.0,1946.0
14824,122,6107,0.0011251624673604965,6714.0,2133.0
14824,322,16129,0.004754301626235247,6715.0,808.0
15350,225,11253,0.01117761991918087,6716.0,2809.0
15345,40,2041,0.005422798451036215,6717.0,5100.0
14954,30,1541,0.6593259572982788,6718.0,2042.0
17255,54,2713,0.0025771104265004396,6719.0,3132.0
14490,16,815,0.15349411964416504,6720.0,2757.0
15966,374,18741,0.15831372141838074,6721.0,2686.0
14559,162,8119,0.009556632488965988,6722.0,1949.0
16058,66,3348,0.03458027541637421,6723.0,1363.0
16494,29,1472,0.036028340458869934,6724.0,140.0
17169,354,17727,0.007856587879359722,6725.0,773.0
14533,7,356,0.01661471463739872,6726.0,558.0
15961,463,23200,0.8850188851356506,6727.0,2033.0
15961,533,26657,0.18024522066116333,6728.0,123.0
17311,37,1870,0.046290647238492966,6729.0,4563.0
16440,0,33,0.049221400171518326,6730.0,692.0
14774,166,8346,0.035471171140670776,6731.0,4099.0
16722,65,3261,0.07234012335538864,6732.0,1325.0
14893,137,6882,0.7576956152915955,6733.0,320.0
16304,115,5778,0.7073584794998169,6734.0,3786.0
16304,162,8141,0.05751188471913338,6735.0,3185.0
16075,468,23440,0.006602820940315723,6736.0,2644.0
17478,9,463,0.011946664191782475,6737.0,2771.0
17478,104,5245,0.004951092880219221,6738.0,4075.0
15870,291,14590,0.01106709148734808,6739.0,1033.0
17023,238,11930,0.0011370985303074121,6740.0,370.0
16894,101,5065,0.016081463545560837,6741.0,2815.0
14207,9,497,0.23125804960727692,6742.0,803.0
17118,18,931,0.04613928124308586,6743.0,1691.0
16843,6,340,0.02272639237344265,6744.0,487.0
14805,85,4263,0.14527791738510132,6745.0,3235.0
14133,36,1820,0.11084292829036713,6746.0,1395.0
14133,37,1861,0.6690119504928589,6747.0,982.0
14743,20,1014,0.001404471811838448,6748.0,1948.0
15155,40,2021,0.015349132940173149,6749.0,1242.0
15479,362,18104,0.9238166213035583,6750.0,3193.0
14936,57,2858,0.032387394458055496,6751.0,3144.0
14293,16,828,0.04231814295053482,6752.0,2026.0
14420,13,682,0.0006267273565754294,6753.0,1545.0
15989,260,13039,0.19391456246376038,6754.0,101.0
14915,144,7236,0.006241392344236374,6755.0,2717.0
16978,412,20612,0.013523152098059654,6756.0,737.0
15801,323,16156,0.00033928867196664214,6757.0,998.0
14436,213,10689,0.0025009792298078537,6758.0,2369.0
17401,110,5530,0.10098908841609955,6759.0,237.0
15486,71,3578,0.010499999858438969,6760.0,2772.0
14356,151,7596,0.036664072424173355,6761.0,1004.0
16150,100,5012,0.011247917078435421,6762.0,891.0
14455,30,1522,0.019052116200327873,6763.0,409.0
14802,248,12435,0.0024912531953305006,6764.0,195.0
15426,4,233,0.15107807517051697,6765.0,1385.0
14824,97,4873,0.006029774900525808,6766.0,717.0
14824,296,14832,0.0156567245721817,6767.0,1296.0
16118,14,741,0.5626320838928223,6768.0,1621.0
16118,29,1475,0.03555780276656151,6769.0,584.0
14143,151,7589,0.9113239049911499,6770.0,2962.0
15484,170,8504,0.10972124338150024,6771.0,998.0
17509,9,464,0.09865763783454895,6772.0,3875.0
15590,130,6509,0.02483491413295269,6773.0,106.0
14873,197,9895,0.12391263991594315,6774.0,2233.0
15882,103,5172,0.006729264743626118,6775.0,462.0
14986,170,8503,0.005394645966589451,6776.0,2139.0
16741,479,23987,0.04939351603388786,6777.0,5060.0
14343,51,2595,0.06822160631418228,6778.0,280.0
16205,86,4342,0.03746461868286133,6779.0,1511.0
14891,49,2476,0.03515736386179924,6780.0,1516.0
17102,65,3275,0.002268836135044694,6781.0,295.0
17099,26,1328,0.03386225178837776,6782.0,5039.0
14749,120,6013,0.3686484694480896,6783.0,2139.0
14749,199,9958,0.09992058575153351,6784.0,2697.0
17352,85,4295,0.005281566642224789,6785.0,697.0
15923,67,3371,0.04249165579676628,6786.0,1290.0
14446,6,316,0.056076496839523315,6787.0,1535.0
14446,6,321,0.0009254413307644427,6788.0,952.0
17188,18,937,0.056549072265625,6789.0,3124.0
17552,128,6418,0.04986119270324707,6790.0,4131.0
15348,174,8711,0.0029884425457566977,6791.0,2691.0
15498,117,5890,0.03842379152774811,6792.0,1491.0
15498,165,8279,0.003075774759054184,6793.0,1030.0
14551,207,10368,0.0320189967751503,6794.0,4316.0
16243,193,9669,0.5119919776916504,6795.0,182.0
17005,1,52,0.03188606724143028,6796.0,896.0
17460,52,2648,0.039723049849271774,6797.0,3182.0
16169,1,73,0.004853005520999432,6798.0,1505.0
15428,137,6874,0.005041714757680893,6799.0,1843.0
14938,29,1480,0.004620873369276524,6800.0,2186.0
14245,174,8722,0.003975045867264271,6801.0,1039.0
17280,38,1938,0.0030007900204509497,6802.0,2216.0
15491,86,4314,0.008120766840875149,6803.0,1757.0
16506,81,4080,0.07375680655241013,6804.0,1923.0
15511,108,5445,0.003443025052547455,6805.0,1241.0
14358,2,120,0.011372222565114498,6806.0,2540.0
14358,163,8158,0.3234230577945709,6807.0,1814.0
17503,59,2965,0.0006724617560394108,6808.0,586.0
17503,64,3223,0.06050479784607887,6809.0,2031.0
17503,186,9322,0.9255973100662231,6810.0,2999.0
17210,188,9435,0.06229878216981888,6811.0,1178.0
17369,33,1672,0.0015935919946059585,6812.0,901.0
17369,34,1747,0.012668164446949959,6813.0,227.0
16489,195,9764,0.0026367551181465387,6814.0,608.0
14259,51,2564,0.04231517016887665,6815.0,263.0
14121,35,1771,0.011998343281447887,6816.0,140.0
16849,51,2553,0.0006950185052119195,6817.0,3927.0
15920,23,1180,0.06092047318816185,6818.0,5155.0
17068,14,750,0.017815208062529564,6819.0,2575.0
14558,88,4411,0.001452618627808988,6820.0,570.0
14558,131,6598,0.4304264187812805,6821.0,3383.0
16551,256,12816,0.007273525465279818,6822.0,220.0
16741,112,5624,0.7434831261634827,6823.0,1963.0
14372,214,10747,0.010422267019748688,6824.0,695.0
14825,39,1960,0.0045074960216879845,6825.0,4436.0
14664,88,4421,0.03794330731034279,6826.0,1630.0
14664,125,6279,0.10344507545232773,6827.0,1473.0
14664,147,7372,0.07613667100667953,6828.0,861.0
15989,228,11430,0.007675442844629288,6829.0,146.0
14269,106,5307,0.01628093421459198,6830.0,2267.0
15966,437,21885,0.0017190154176205397,6831.0,1581.0
14704,5,279,0.06273148208856583,6832.0,4110.0
14372,143,7157,0.18097791075706482,6833.0,2539.0
14873,18,937,0.005525503773242235,6834.0,1843.0
16346,143,7158,0.0977906584739685,6835.0,1572.0
14611,93,4677,0.007620085030794144,6836.0,1653.0
14920,55,2779,0.853937029838562,6837.0,151.0
14920,136,6838,0.00674950797110796,6838.0,987.0
14812,250,12515,0.004351229406893253,6839.0,2347.0
14886,105,5276,0.0017764703370630741,6840.0,2393.0
14934,146,7331,0.028290236368775368,6841.0,2405.0
14206,99,4999,0.03018255904316902,6842.0,2870.0
15482,163,8168,0.0041347104124724865,6843.0,1829.0
15529,320,16030,0.006018339190632105,6844.0,583.0
17307,44,2213,0.5164086222648621,6845.0,1358.0
16386,14,728,0.3709925711154938,6846.0,1105.0
16266,21,1058,0.014266964048147202,6847.0,1187.0
14722,76,3836,0.07414194941520691,6848.0,1840.0
15322,49,2481,0.00020094438514206558,6849.0,1178.0
14410,89,4467,0.006063847336918116,6850.0,1975.0
17492,17,879,0.009224859066307545,6851.0,3593.0
15430,171,8580,0.04511699452996254,6852.0,2164.0
14954,43,2180,0.0013349074870347977,6853.0,988.0
14989,304,15237,0.02200903184711933,6854.0,1618.0
16439,108,5404,0.05176490545272827,6855.0,1815.0
14127,194,9749,0.02016628161072731,6856.0,1131.0
15873,252,12645,0.006423697341233492,6857.0,579.0
15873,252,12650,0.0009434506646357477,6858.0,1667.0
14899,287,14367,0.0040506888180971146,6859.0,242.0
14636,32,1603,0.04711322486400604,6860.0,3366.0
14636,70,3526,0.008834848180413246,6861.0,907.0
15264,35,1756,0.00949218962341547,6862.0,441.0
16158,462,23131,0.009586118161678314,6863.0,96.0
16518,37,1862,0.015739118680357933,6864.0,320.0
17557,53,2689,0.14259091019630432,6865.0,1317.0
15002,18,942,0.8817006945610046,6866.0,1090.0
15251,55,2760,0.06168406084179878,6867.0,591.0
16949,451,22552,0.004033487290143967,6868.0,889.0
16540,24,1241,0.006544886622577906,6869.0,496.0
14936,15,765,0.0036944567691534758,6870.0,1353.0
17529,22,1136,0.33254939317703247,6871.0,3115.0
17534,30,1534,0.6519688367843628,6872.0,1758.0
14122,79,3955,0.007946816273033619,6873.0,3198.0
15167,69,3497,0.007875093258917332,6874.0,2140.0
15167,96,4842,0.20268170535564423,6875.0,1054.0
14228,6,340,0.004103725776076317,6876.0,1742.0
14955,45,2281,0.4859403669834137,6877.0,3938.0
14948,287,14369,0.061621639877557755,6878.0,2361.0
16459,68,3410,0.006303271744400263,6879.0,3169.0
14154,76,3802,0.7245253324508667,6880.0,2521.0
14316,21,1054,0.00963269267231226,6881.0,1668.0
16006,55,2785,0.0037201547529548407,6882.0,504.0
16006,361,18094,0.002832261845469475,6883.0,1296.0
14772,97,4889,0.02311643213033676,6884.0,567.0
14172,69,3496,0.01856900565326214,6885.0,1599.0
15592,58,2932,0.019574707373976707,6886.0,967.0
16173,151,7561,0.014918250031769276,6887.0,377.0
14143,193,9651,0.014471206814050674,6888.0,529.0
14557,60,3015,0.002028302988037467,6889.0,1176.0
14557,60,3037,0.0015967405634000897,6890.0,1176.0
16586,69,3470,0.002473745495080948,6891.0,552.0
16506,236,11839,0.02852058969438076,6892.0,1192.0
14335,165,8292,0.019406992942094803,6893.0,2729.0
14758,37,1852,0.02319362387061119,6894.0,350.0
14342,42,2105,0.08190859854221344,6895.0,1638.0
17493,315,15758,0.006359230261296034,6896.0,1648.0
14245,46,2341,0.013096213340759277,6897.0,460.0
14245,142,7107,0.059718526899814606,6898.0,234.0
14121,130,6508,0.02688365988433361,6899.0,3698.0
14314,12,617,0.06056257709860802,6900.0,2108.0
17157,48,2425,0.004330079071223736,6901.0,2132.0
14736,45,2279,0.7862063646316528,6902.0,2032.0
16727,128,6440,0.0008319917833432555,6903.0,950.0
16727,348,17423,0.23615193367004395,6904.0,657.0
15228,118,5940,0.11483167111873627,6905.0,1630.0
15262,128,6434,0.1853446513414383,6906.0,2104.0
16109,114,5727,0.0009038617718033493,6907.0,414.0
16489,234,11725,0.0032547416631132364,6908.0,1591.0
14463,71,3554,0.013211160898208618,6909.0,1086.0
14774,186,9322,0.06493158638477325,6910.0,2354.0
14623,247,12397,0.6196702122688293,6911.0,1805.0
14553,253,12699,0.016566121950745583,6912.0,188.0
14553,269,13453,0.03215640038251877,6913.0,1586.0
14310,18,950,0.7544099688529968,6914.0,590.0
15061,145,7253,0.004959093406796455,6915.0,1469.0
16755,7,381,0.024106904864311218,6916.0,185.0
14555,92,4603,0.02457238920032978,6917.0,3925.0
16148,17,878,0.010279236361384392,6918.0,851.0
14816,119,5982,0.31971779465675354,6919.0,1333.0
15427,158,7919,0.11673236638307571,6920.0,1437.0
14291,165,8283,0.03683735057711601,6921.0,1242.0
14697,1,80,0.0013909883564338088,6922.0,2087.0
14697,1,92,0.015275510028004646,6923.0,2016.0
14971,4,240,0.005185074172914028,6924.0,3112.0
15989,26,1345,0.008419757708907127,6925.0,338.0
17122,158,7927,0.06550902873277664,6926.0,2455.0
16042,91,4576,0.1441466361284256,6927.0,5164.0
15959,52,2643,0.11717499047517776,6928.0,1268.0
14281,31,1581,0.006120471749454737,6929.0,1441.0
15345,248,12426,0.05167148634791374,6930.0,4809.0
15061,191,9583,0.725161612033844,6931.0,1932.0
16453,218,10928,0.00778992148116231,6932.0,266.0
16453,329,16459,0.06327072530984879,6933.0,1957.0
16693,136,6817,0.02747070975601673,6934.0,826.0
17503,207,10352,0.03496078774333,6935.0,434.0
14171,45,2293,0.049241699278354645,6936.0,6127.0
14225,5,291,0.016819268465042114,6937.0,488.0
14259,130,6509,0.03814046457409859,6938.0,907.0
16935,433,21690,0.2345067411661148,6939.0,2632.0
14453,21,1062,0.02053658291697502,6940.0,374.0
16042,9,452,0.05262881517410278,6941.0,1796.0
16042,68,3406,0.008931971155107021,6942.0,912.0
16052,232,11634,0.0032761963084340096,6943.0,2492.0
15353,62,3113,0.006668314803391695,6944.0,1539.0
17073,40,2043,0.27689552307128906,6945.0,1365.0
17494,246,12311,0.04773703217506409,6946.0,797.0
15862,188,9442,0.8883377313613892,6947.0,916.0
15875,170,8537,0.008756531402468681,6948.0,1596.0
16514,1,74,0.0040372395887970924,6949.0,1412.0
14915,62,3138,0.5092260241508484,6950.0,959.0
14915,213,10676,0.046700369566679,6951.0,1246.0
16260,0,49,0.009242648258805275,6952.0,1539.0
14435,3,163,0.028781818225979805,6953.0,1312.0
16727,206,10336,0.00922933965921402,6954.0,2006.0
17314,41,2080,0.7045974135398865,6955.0,168.0
15916,310,15534,0.04119379445910454,6956.0,2188.0
16004,76,3831,0.0004675515228882432,6957.0,7221.0
17314,52,2633,0.5669323801994324,6958.0,1300.0
14986,35,1787,0.5891724824905396,6959.0,1061.0
14257,3,185,0.009316920302808285,6960.0,315.0
14257,72,3620,0.017149746417999268,6961.0,1413.0
15716,0,49,0.013689432293176651,6962.0,837.0
15286,182,9101,0.003373002167791128,6963.0,1165.0
14301,207,10393,0.22613470256328583,6964.0,165.0
14281,22,1102,0.006389038637280464,6965.0,1650.0
14329,143,7162,0.013735884800553322,6966.0,3008.0
16849,47,2371,0.0010132297175005078,6967.0,744.0
17126,177,8855,0.016102587804198265,6968.0,1008.0
15140,143,7183,0.013225521892309189,6969.0,1458.0
15161,93,4655,0.07673422247171402,6970.0,1080.0
15473,67,3398,0.012597582302987576,6971.0,2056.0
16832,92,4626,0.021472753956913948,6972.0,1058.0
15053,55,2768,0.7247284054756165,6973.0,23727.0
14153,44,2211,0.003981829155236483,6974.0,273.0
17494,261,13070,0.007782049477100372,6975.0,2506.0
14377,89,4494,0.004018616862595081,6976.0,4069.0
14377,232,11608,0.001759581733494997,6977.0,659.0
14377,232,11639,0.028012700378894806,6978.0,4878.0
15479,190,9516,0.0136979715898633,6979.0,1646.0
14763,9,461,0.010186207480728626,6980.0,2095.0
14775,24,1212,0.002132958732545376,6981.0,3249.0
16874,447,22379,0.019356103613972664,6982.0,76.0
15801,495,24768,0.06433477252721786,6983.0,2379.0
14824,43,2193,0.006483506876975298,6984.0,325.0
16387,214,10733,0.005119957961142063,6985.0,917.0
14269,19,994,0.04032218083739281,6986.0,1042.0
14243,1,72,0.008199159055948257,6987.0,1174.0
14227,86,4342,0.0331757627427578,6988.0,2199.0
14227,120,6024,0.028858283534646034,6989.0,2327.0
15350,23,1175,0.7565399408340454,6990.0,3129.0
14377,130,6506,0.025179574266076088,6991.0,3235.0
16468,5,265,0.19018200039863586,6992.0,127.0
14242,10,546,0.8097343444824219,6993.0,813.0
16094,251,12557,0.02410263940691948,6994.0,154.0
14409,179,8991,0.07211039960384369,6995.0,1325.0
16668,29,1480,0.6399812698364258,6996.0,2134.0
15002,91,4597,0.08919347822666168,6997.0,2961.0
17030,27,1367,0.00477116322144866,6998.0,2093.0
17030,86,4308,0.12608057260513306,6999.0,919.0
16467,246,12317,0.001250961096957326,7000.0,1499.0
17056,253,12684,0.4683540165424347,7001.0,221.0
16923,318,15938,0.04419456422328949,7002.0,375.0
15915,459,22972,0.945334255695343,7003.0,1136.0
17265,193,9664,0.011526302434504032,7004.0,2118.0
15958,1,55,0.004740722943097353,7005.0,3053.0
14279,59,2985,0.06260528415441513,7006.0,2894.0
17451,36,1814,0.011626137420535088,7007.0,2175.0
16387,35,1788,0.01122158020734787,7008.0,1134.0
17484,100,5032,0.2637377381324768,7009.0,651.0
14291,19,991,0.2752722203731537,7010.0,2818.0
15227,90,4533,0.19901613891124725,7011.0,194.0
16432,25,1271,0.01878472976386547,7012.0,1139.0
17093,52,2603,0.013379724696278572,7013.0,1267.0
14174,125,6271,0.003082424169406295,7014.0,3583.0
14418,185,9262,0.013145621865987778,7015.0,2264.0
14375,170,8510,0.02594996802508831,7016.0,661.0
14260,7,389,0.02063862793147564,7017.0,1263.0
16331,25,1288,0.022584030404686928,7018.0,1279.0
16331,78,3950,0.006716502830386162,7019.0,3109.0
14202,121,6066,0.009383122436702251,7020.0,3588.0
17169,360,18023,0.061238352209329605,7021.0,845.0
15987,143,7183,0.011458453722298145,7022.0,2011.0
16520,69,3452,0.08973212540149689,7023.0,893.0
15161,62,3131,0.047342490404844284,7024.0,875.0
14816,291,14581,0.010787987150251865,7025.0,701.0
14619,107,5399,0.0027801182586699724,7026.0,1549.0
14336,29,1455,0.3077683746814728,7027.0,1549.0
14336,108,5448,0.0021993573755025864,7028.0,953.0
14549,190,9539,0.012135393917560577,7029.0,827.0
14122,108,5418,0.0023471263702958822,7030.0,738.0
14216,33,1693,0.010042133741080761,7031.0,444.0
14379,5,291,0.03756019100546837,7032.0,695.0
14343,132,6625,0.008548043668270111,7033.0,3321.0
14343,224,11218,0.20213279128074646,7034.0,1990.0
14712,214,10735,0.005334097426384687,7035.0,1087.0
16853,99,4989,0.03168623894453049,7036.0,1203.0
15328,27,1355,0.10924100130796432,7037.0,1889.0
14539,85,4260,0.005103804636746645,7038.0,5175.0
16975,200,10041,0.11852813512086868,7039.0,1008.0
14993,0,14,0.032453905791044235,7040.0,1263.0
14993,48,2416,0.0018784094136208296,7041.0,617.0
14993,83,4153,0.8893512487411499,7042.0,1250.0
15353,54,2729,0.012440282851457596,7043.0,219.0
16882,46,2329,0.04044950753450394,7044.0,1461.0
16882,50,2523,0.013622310012578964,7045.0,1071.0
14436,211,10553,0.10501674562692642,7046.0,1468.0
14401,159,7967,0.042879145592451096,7047.0,2459.0
16252,214,10737,0.09004853665828705,7048.0,789.0
14549,99,4997,0.13775861263275146,7049.0,2077.0
14474,3,193,0.9920253753662109,7050.0,473.0
14368,239,11990,0.5123679637908936,7051.0,3017.0
15128,45,2257,0.0392465777695179,7052.0,1209.0
15128,66,3305,0.07215669006109238,7053.0,735.0
15254,161,8100,0.09557678550481796,7054.0,1734.0
14543,207,10376,0.013079134747385979,7055.0,1414.0
14543,214,10748,0.272768497467041,7056.0,1567.0
15128,7,353,0.13274630904197693,7057.0,145.0
17517,49,2461,0.015260124579071999,7058.0,2683.0
14807,108,5402,0.0023211175575852394,7059.0,1007.0
14807,108,5413,0.0067449226044118404,7060.0,374.0
14807,281,14075,0.005229969974607229,7061.0,2858.0
14195,114,5725,0.00723807979375124,7062.0,1209.0
17041,8,441,0.014442488551139832,7063.0,776.0
17041,82,4103,0.01735525019466877,7064.0,1718.0
16446,285,14276,0.0020768928807228804,7065.0,340.0
16446,325,16275,0.04072468355298042,7066.0,7131.0
17559,88,4406,0.0019442487973719835,7067.0,1081.0
16448,21,1081,0.006822740193456411,7068.0,2162.0
16089,306,15340,0.11565972119569778,7069.0,1583.0
16089,490,24524,0.011772305704653263,7070.0,3289.0
15901,173,8697,0.018261538818478584,7071.0,4356.0
17448,209,10456,0.012420836836099625,7072.0,3065.0
15392,42,2121,0.003692053025588393,7073.0,180.0
15550,8,448,0.06517906486988068,7074.0,374.0
16919,377,18859,0.3724890351295471,7075.0,1292.0
14427,249,12456,0.0052991569973528385,7076.0,290.0
14157,41,2079,0.10302715748548508,7077.0,1290.0
15970,295,14776,0.004505072720348835,7078.0,768.0
16851,96,4801,0.0075414180755615234,7079.0,1142.0
16851,265,13267,0.2519049048423767,7080.0,1308.0
16975,70,3538,0.001242126920260489,7081.0,745.0
14727,10,508,0.004536652937531471,7082.0,1097.0
14915,18,904,0.03336827829480171,7083.0,1137.0
14915,185,9271,0.06755459308624268,7084.0,1941.0
14403,65,3262,0.0345587432384491,7085.0,665.0
14403,81,4073,0.1323269158601761,7086.0,371.0
14382,15,763,0.0196504108607769,7087.0,280.0
14382,27,1353,0.0008674658602103591,7088.0,825.0
16122,527,26374,0.1011209487915039,7089.0,1755.0
16006,75,3786,0.3724723756313324,7090.0,2794.0
17269,3,177,0.016801511868834496,7091.0,953.0
14377,180,9035,0.005582720506936312,7092.0,1462.0
15902,369,18498,0.08986862003803253,7093.0,949.0
15017,104,5208,0.0020078124944120646,7094.0,3736.0
15422,83,4189,0.009871505200862885,7095.0,1256.0
15422,104,5213,0.04603312909603119,7096.0,671.0
14603,75,3785,0.016020944342017174,7097.0,1894.0
14542,108,5405,0.008346778340637684,7098.0,489.0
14379,204,10245,0.01277255266904831,7099.0,2748.0
16724,0,32,0.013702320866286755,7100.0,1860.0
16724,58,2905,0.007620824035257101,7101.0,524.0
16063,56,2811,0.0014319964684545994,7102.0,1198.0
16845,416,20849,0.24031849205493927,7103.0,604.0
17029,250,12534,0.061017971485853195,7104.0,1540.0
16821,322,16150,0.04993636906147003,7105.0,1935.0
14211,18,932,0.030825361609458923,7106.0,2521.0
14211,64,3250,0.029041586443781853,7107.0,710.0
16489,162,8142,0.0699833557009697,7108.0,1669.0
14206,32,1602,0.02034655399620533,7109.0,350.0
14161,22,1136,0.037180423736572266,7110.0,1844.0
14161,58,2941,0.013658075593411922,7111.0,1520.0
16022,435,21771,0.04099046811461449,7112.0,1645.0
14631,180,9037,0.03414140269160271,7113.0,897.0
16225,157,7873,0.001475098542869091,7114.0,879.0
14455,88,4419,0.0035407834220677614,7115.0,513.0
16923,32,1629,0.3867166340351105,7116.0,296.0
16964,305,15276,0.001828778418712318,7117.0,1339.0
15917,439,21963,0.0042510367929935455,7118.0,563.0
17215,14,711,0.10985065251588821,7119.0,1588.0
17494,267,13381,0.00998346135020256,7120.0,377.0
15086,1,53,0.023425959050655365,7121.0,762.0
15086,76,3816,0.03522451967000961,7122.0,161.0
15086,108,5415,0.017088761553168297,7123.0,2801.0
16167,167,8364,0.006084888707846403,7124.0,1525.0
14912,172,8610,0.023113904520869255,7125.0,480.0
14464,111,5583,0.004904828500002623,7126.0,4617.0
15254,114,5722,0.005418258719146252,7127.0,1408.0
14828,108,5419,0.0012334272032603621,7128.0,1463.0
14797,10,509,0.20685887336730957,7129.0,3452.0
14644,87,4396,0.021589085459709167,7130.0,2620.0
14644,104,5211,0.002357094781473279,7131.0,1554.0
17459,163,8183,0.00624698493629694,7132.0,380.0
15234,125,6279,0.005868461448699236,7133.0,3748.0
15234,176,8847,0.11507602781057358,7134.0,2764.0
17435,64,3208,0.0467999242246151,7135.0,2042.0
14642,40,2027,0.017686160281300545,7136.0,3864.0
16253,4,229,0.04057380557060242,7137.0,1946.0
14367,9,467,0.0284945759922266,7138.0,5125.0
17324,33,1663,0.01902196556329727,7139.0,1215.0
14788,61,3069,0.8690552711486816,7140.0,2079.0
14788,72,3605,0.7964909672737122,7141.0,1104.0
16874,130,6549,0.00499678822234273,7142.0,1484.0
17413,216,10821,0.0047318642027676105,7143.0,2905.0
16092,223,11166,0.004605018999427557,7144.0,1123.0
15762,309,15464,0.044485434889793396,7145.0,1172.0
14553,113,5690,0.05319639667868614,7146.0,2427.0
14810,12,626,0.04123753681778908,7147.0,334.0
14810,14,712,0.014505704864859581,7148.0,793.0
15909,142,7107,0.0017609046772122383,7149.0,2459.0
15116,143,7165,0.009957047179341316,7150.0,3291.0
15116,230,11509,0.9898427128791809,7151.0,2850.0
17498,12,621,0.09521298855543137,7152.0,261.0
15834,147,7355,0.10635162889957428,7153.0,1014.0
14609,36,1808,0.023200111463665962,7154.0,3539.0
16437,139,6962,0.12158922851085663,7155.0,1139.0
15514,140,7040,0.26962700486183167,7156.0,3214.0
14831,51,2573,0.037236616015434265,7157.0,644.0
14597,94,4747,0.028242425993084908,7158.0,272.0
14597,151,7565,0.0089151281863451,7159.0,742.0
14149,58,2923,0.2585011422634125,7160.0,1002.0
15499,91,4559,0.0018241839716210961,7161.0,488.0
16896,95,4765,0.10100138932466507,7162.0,4184.0
15316,113,5665,0.07463997602462769,7163.0,1891.0
15590,329,16474,0.190244659781456,7164.0,257.0
15590,396,19826,0.10969720780849457,7165.0,133.0
16715,10,516,0.053248655050992966,7166.0,1112.0
16901,59,2984,0.22403213381767273,7167.0,1684.0
15478,353,17659,0.02849767729640007,7168.0,260.0
15420,5,288,0.00706028426066041,7169.0,4808.0
17371,501,25073,0.009785936214029789,7170.0,171.0
16472,9,461,0.028101518750190735,7171.0,2562.0
16364,22,1109,0.06188337877392769,7172.0,1466.0
15496,28,1412,0.04096030071377754,7173.0,753.0
16295,254,12712,0.40813517570495605,7174.0,2369.0
16846,320,16037,0.20415635406970978,7175.0,674.0
14203,4,234,0.9056611061096191,7176.0,126.0
14203,27,1395,0.09397172927856445,7177.0,1400.0
14521,25,1269,0.589331865310669,7178.0,2588.0
14816,282,14137,0.01807081513106823,7179.0,1895.0
15299,15,751,0.002754608169198036,7180.0,1757.0
15299,20,1034,0.026170402765274048,7181.0,726.0
14551,285,14299,0.061289165169000626,7182.0,3138.0
16620,10,543,0.05939462035894394,7183.0,1252.0
17348,34,1716,0.04354362562298775,7184.0,2750.0
14970,96,4832,0.002429705811664462,7185.0,2021.0
16161,4,238,0.2208009511232376,7186.0,1122.0
14754,19,988,0.0012883382150903344,7187.0,1628.0
16470,17,888,0.1600317806005478,7188.0,169.0
16188,173,8694,0.07699352502822876,7189.0,836.0
14358,7,371,0.8592647910118103,7190.0,1059.0
14358,111,5598,0.005795332137495279,7191.0,873.0
15682,67,3390,0.06443586200475693,7192.0,1173.0
16978,398,19906,0.003908350598067045,7193.0,2449.0
16684,41,2100,0.0032877076882869005,7194.0,1508.0
16428,449,22489,0.07912097126245499,7195.0,2070.0
16375,0,15,0.16173067688941956,7196.0,1889.0
14621,110,5518,0.001224610023200512,7197.0,1445.0
17475,127,6384,0.006863362155854702,7198.0,377.0
17475,180,9023,0.01647886075079441,7199.0,1196.0
14174,50,2523,0.26535138487815857,7200.0,2459.0
14195,194,9731,0.12630698084831238,7201.0,2111.0
14955,65,3271,0.03300886228680611,7202.0,944.0
15382,46,2327,0.0069333934225142,7203.0,1183.0
16415,25,1278,0.0732850506901741,7204.0,214.0
16415,46,2348,0.005902254953980446,7205.0,811.0
17083,31,1586,0.062446288764476776,7206.0,4715.0
16668,94,4746,0.011041012592613697,7207.0,191.0
16350,20,1016,0.004956971853971481,7208.0,3096.0
17131,10,532,0.05147949233651161,7209.0,2027.0
15367,90,4533,0.020787743851542473,7210.0,4241.0
16203,49,2491,0.011250494979321957,7211.0,480.0
14276,20,1038,0.004450480919331312,7212.0,1511.0
14702,28,1401,0.14796651899814606,7213.0,2899.0
14127,257,12875,0.014811025001108646,7214.0,2289.0
16594,14,724,0.0015993667766451836,7215.0,2122.0
17270,13,665,0.007911388762295246,7216.0,2490.0
14948,106,5336,0.0018569142557680607,7217.0,120.0
16726,13,679,0.1745704710483551,7218.0,3011.0
16839,64,3247,0.037561289966106415,7219.0,2797.0
15161,23,1174,0.009032665751874447,7220.0,704.0
15161,193,9660,0.028211379423737526,7221.0,663.0
15152,87,4386,0.005452490411698818,7222.0,3208.0
15286,12,620,0.2857747972011566,7223.0,2874.0
16075,533,26678,0.1534888595342636,7224.0,1995.0
14882,7,399,0.0014358090702444315,7225.0,8249.0
17132,83,4198,0.006364303175359964,7226.0,748.0
14555,30,1509,0.6820282936096191,7227.0,1240.0
14418,184,9216,0.011129047721624374,7228.0,1210.0
14418,256,12816,0.022345349192619324,7229.0,1582.0
15428,174,8718,0.701955258846283,7230.0,1025.0
17560,52,2612,0.04570529982447624,7231.0,249.0
15348,46,2322,0.6701741814613342,7232.0,254.0
16769,28,1408,0.11707252264022827,7233.0,419.0
15715,67,3387,0.051736682653427124,7234.0,1827.0
15715,145,7282,0.18079262971878052,7235.0,1745.0
15430,5,294,0.019427703693509102,7236.0,1385.0
14134,50,2511,0.023067532107234,7237.0,58.0
17557,150,7544,0.7290898561477661,7238.0,3790.0
15800,53,2698,0.16584543883800507,7239.0,2552.0
15800,67,3360,0.020358333364129066,7240.0,3704.0
16471,55,2763,0.003788911970332265,7241.0,2449.0
16471,102,5148,0.0003280314849689603,7242.0,1650.0
16188,179,8967,0.05074227228760719,7243.0,1333.0
17251,28,1439,0.00023688131477683783,7244.0,909.0
17251,39,1974,0.7847884893417358,7245.0,2752.0
15910,22,1105,0.008851440623402596,7246.0,1209.0
14131,5,251,0.013119339011609554,7247.0,1176.0
16935,365,18254,0.05818666145205498,7248.0,198.0
16104,107,5387,0.0029600707348436117,7249.0,568.0
15316,172,8633,0.020642880350351334,7250.0,1365.0
14772,12,610,0.053796522319316864,7251.0,2449.0
14542,242,12150,0.0027705400716513395,7252.0,1120.0
17106,54,2719,0.009955222718417645,7253.0,390.0
15125,58,2904,0.23685739934444427,7254.0,660.0
14418,20,1027,0.13430333137512207,7255.0,3491.0
14418,100,5039,0.0007556969067081809,7256.0,2683.0
14418,154,7730,0.1561596691608429,7257.0,4202.0
17469,33,1691,0.001862111035734415,7258.0,1942.0
14632,105,5254,0.2206030637025833,7259.0,3347.0
15780,124,6225,0.021687133237719536,7260.0,2392.0
15351,52,2619,0.5533502697944641,7261.0,1543.0
15358,11,568,0.02971712499856949,7262.0,2527.0
15975,163,8174,0.042181361466646194,7263.0,778.0
15478,333,16657,0.029407475143671036,7264.0,894.0
14916,18,934,0.002648379886522889,7265.0,1591.0
14787,1,96,0.004000302869826555,7266.0,1119.0
16947,198,9914,0.0022390021476894617,7267.0,1201.0
16947,251,12569,0.00246127019636333,7268.0,2013.0
17024,22,1118,0.016559908166527748,7269.0,312.0
14139,263,13174,0.5955463647842407,7270.0,1035.0
14214,25,1254,0.10312099009752274,7271.0,173.0
17039,20,1042,0.0018144577043130994,7272.0,442.0
17155,84,4227,0.003063065931200981,7273.0,2082.0
17155,99,4966,0.02522648125886917,7274.0,2278.0
14921,39,1987,0.9944998025894165,7275.0,997.0
17451,84,4201,0.020428473129868507,7276.0,8.0
16588,104,5235,0.011269813403487206,7277.0,1509.0
15426,38,1943,0.05687353014945984,7278.0,2216.0
14938,146,7316,0.03331978619098663,7279.0,1226.0
14938,146,7350,0.07384522259235382,7280.0,1325.0
14938,183,9163,0.018921352922916412,7281.0,1998.0
17451,278,13945,0.009312906302511692,7282.0,2604.0
14165,67,3395,0.0004971097223460674,7283.0,1296.0
17139,131,6586,0.026078421622514725,7284.0,1935.0
14798,13,672,0.025296006351709366,7285.0,401.0
15931,167,8373,0.04997335746884346,7286.0,861.0
14772,295,14800,0.021764231845736504,7287.0,1466.0
14453,138,6912,0.018933547660708427,7288.0,481.0
16051,226,11327,0.6021109819412231,7289.0,2675.0
16469,26,1340,0.032500751316547394,7290.0,1247.0
14903,109,5458,0.00683494471013546,7291.0,1048.0
14903,291,14594,0.05599304288625717,7292.0,510.0
16219,310,15513,0.0017961962148547173,7293.0,2434.0
14989,25,1278,0.13899314403533936,7294.0,1419.0
14989,62,3124,0.0017361447680741549,7295.0,874.0
14989,190,9511,0.005546218249946833,7296.0,723.0
14356,124,6228,0.004708262626081705,7297.0,406.0
14375,18,911,0.05115745589137077,7298.0,1885.0
16769,51,2551,0.008280904963612556,7299.0,2384.0
15484,50,2519,0.006457246374338865,7300.0,1252.0
15396,162,8122,0.006073232274502516,7301.0,2738.0
14609,249,12477,0.03631598874926567,7302.0,1579.0
15122,212,10627,0.24398231506347656,7303.0,3072.0
15590,84,4229,0.1427319347858429,7304.0,982.0
14149,127,6356,0.047579076141119,7305.0,778.0
16797,24,1219,0.9910458922386169,7306.0,158.0
16797,151,7562,0.07308414578437805,7307.0,211.0
14878,9,462,0.10572489351034164,7308.0,343.0
14878,201,10091,0.005205529276281595,7309.0,2436.0
15800,45,2300,0.27058863639831543,7310.0,1071.0
14216,15,761,0.023166527971625328,7311.0,1949.0
14216,61,3065,0.05327949300408363,7312.0,2412.0
14216,107,5351,0.023899143561720848,7313.0,2603.0
14550,194,9749,0.0038753263652324677,7314.0,529.0
15520,109,5499,0.16345886886119843,7315.0,2754.0
16426,10,523,0.11043903231620789,7316.0,1829.0
16426,41,2078,0.018334705382585526,7317.0,727.0
17164,104,5212,0.07972682267427444,7318.0,1064.0
16585,201,10090,0.001353820669464767,7319.0,1360.0
14175,50,2501,0.010974684730172157,7320.0,1413.0
16036,483,24175,0.10867339372634888,7321.0,768.0
15989,243,12199,0.008313741534948349,7322.0,1353.0
15989,245,12277,0.16492730379104614,7323.0,1763.0
14652,15,779,-999999.9,-1.0,-1.0
