run_number,subrun_number,event_number,signal_score,entry_number,n_pixels
5343,23,1179,0.0025747984182089567,0.0,1451.0
5169,160,8049,0.049344502389431,1.0,7.0
5169,163,8193,0.02332017756998539,2.0,525.0
5171,70,3510,0.003928066696971655,3.0,2221.0
5262,180,9047,0.0019912063144147396,4.0,1551.0
5365,4,236,0.0049813007935881615,5.0,1993.0
4986,46,2343,0.0036277114413678646,6.0,3288.0
5261,10,542,0.004893902689218521,7.0,1221.0
5217,4,206,0.003433696925640106,8.0,1283.0
5102,43,2200,0.0023209410719573498,9.0,1743.0
5171,26,1309,0.005284779705107212,10.0,1324.0
5151,186,9336,0.004762621596455574,11.0,1515.0
4971,48,2409,0.01927587389945984,12.0,125.0
4971,48,2446,0.004241685848683119,13.0,1647.0
4971,51,2597,0.005585105624049902,14.0,1540.0
5151,116,5823,0.0025541477371007204,15.0,1133.0
5155,146,7350,0.0064111375249922276,16.0,2253.0
5153,19,952,0.004589742515236139,17.0,2295.0
5263,12,649,0.005265461280941963,18.0,1559.0
5233,73,3666,0.0021528066135942936,19.0,3094.0
5339,63,3158,0.005122338887304068,20.0,2015.0
5361,210,10514,0.0046348716132342815,21.0,1490.0
4983,19,995,0.03426765277981758,22.0,188.0
5153,82,4143,0.004278566222637892,23.0,372.0
4962,97,4862,0.005364865995943546,24.0,1877.0
4962,97,4895,0.004248111508786678,25.0,4000.0
5270,32,1631,0.018490061163902283,26.0,937.0
4969,78,3913,0.004474889952689409,27.0,1118.0
5331,155,7795,0.003954415209591389,28.0,933.0
5339,16,832,0.010268224403262138,29.0,1933.0
5339,17,873,0.7351341247558594,30.0,508.0
5333,80,4037,0.003604575525969267,31.0,910.0
5025,105,5293,0.006452139467000961,32.0,3349.0
5059,24,1204,0.005253974348306656,33.0,1301.0
5151,140,7037,0.0015829555923119187,34.0,620.0
5124,24,1239,0.007458415348082781,35.0,1143.0
5050,2,101,0.005250740796327591,36.0,921.0
5049,28,1413,0.0722646564245224,37.0,3093.0
5051,1,68,0.24136701226234436,38.0,1847.0
5334,19,957,0.006934968288987875,39.0,1220.0
5334,21,1059,0.018099242821335793,40.0,1989.0
5025,36,1815,0.0033778625074774027,41.0,1035.0
5049,74,3728,0.003156131599098444,42.0,4472.0
5201,33,1651,0.00408183503895998,43.0,2243.0
4977,5,286,0.005185022484511137,44.0,3160.0
4977,6,320,0.024437805637717247,45.0,236.0
5235,74,3735,0.003717942861840129,46.0,1706.0
5195,24,1206,0.02536887861788273,47.0,579.0
5195,26,1345,0.0063383206725120544,48.0,2219.0
5029,139,6959,0.01039871759712696,49.0,1398.0
5051,4,224,0.009061300195753574,50.0,811.0
5227,18,920,0.006856412626802921,51.0,144.0
5013,106,5312,0.0019394931150600314,52.0,1073.0
5034,9,482,0.003736870363354683,53.0,2365.0
5075,4,208,0.2996135950088501,54.0,2812.0
4957,55,2773,0.004914354532957077,55.0,825.0
4957,56,2846,0.005885441787540913,56.0,637.0
4992,47,2373,0.011465845629572868,57.0,1231.0
5051,71,3552,0.004505222197622061,58.0,964.0
5262,174,8719,0.0029716056305915117,59.0,2920.0
5331,21,1100,0.03127578645944595,60.0,1811.0
5233,99,4986,0.019629551097750664,61.0,39.0
5233,99,4989,0.0032861814834177494,62.0,575.0
5134,35,1751,0.0030835748184472322,63.0,3474.0
5134,35,1796,0.005703889764845371,64.0,3083.0
5177,20,1038,0.004029242321848869,65.0,4045.0
5169,6,314,0.015395338647067547,66.0,1867.0
5263,14,721,0.0032052090391516685,67.0,113.0
4967,1,70,0.004261409863829613,68.0,1609.0
5214,61,3089,0.003547991393133998,69.0,4318.0
5019,76,3838,0.006123802624642849,70.0,1768.0
5041,28,1425,0.004492550157010555,71.0,1655.0
5108,33,1684,0.010471630841493607,72.0,285.0
5071,46,2309,0.029416369274258614,73.0,1957.0
5280,20,1013,0.003418888198211789,74.0,1405.0
5280,12,610,0.01911131851375103,75.0,2143.0
5092,83,4173,0.0028947475366294384,76.0,960.0
5331,172,8641,0.0060701933689415455,77.0,2701.0
5108,41,2093,0.005973997991532087,78.0,1227.0
5157,16,820,0.0054046595469117165,79.0,2516.0
5207,1,58,0.004403419326990843,80.0,2265.0
4998,143,7181,0.003942173905670643,81.0,2915.0
4969,39,1976,0.0027618755120784044,82.0,1224.0
4979,22,1119,0.011313176713883877,83.0,1909.0
5001,56,2840,0.005403585731983185,84.0,1665.0
4978,14,732,0.0020758011378347874,85.0,826.0
5229,80,4032,0.002485068514943123,86.0,2898.0
5055,18,922,0.004544402938336134,87.0,293.0
5013,19,980,0.002151886932551861,88.0,1082.0
5262,185,9271,0.011015030555427074,89.0,937.0
5147,58,2905,0.006265302188694477,90.0,193.0
5190,31,1571,0.0019703488796949387,91.0,138.0
4982,2,104,0.00265812617726624,92.0,1151.0
4982,3,166,0.005406484939157963,93.0,1376.0
5031,7,396,0.00574083486571908,94.0,680.0
4955,5,288,0.0025553239975124598,95.0,355.0
5281,34,1732,0.0026819983031600714,96.0,1592.0
5281,34,1748,0.004269923083484173,97.0,977.0
5281,37,1859,0.04901040345430374,98.0,2025.0
4992,133,6670,0.0032447464764118195,99.0,486.0
5042,7,387,0.005827201530337334,100.0,2181.0
5201,52,2645,0.00404041213914752,101.0,2465.0
5201,109,5476,0.0346594862639904,102.0,2564.0
5013,136,6815,0.004745650105178356,103.0,1518.0
4954,14,708,0.004668285604566336,104.0,1419.0
4954,17,865,0.0040580229833722115,105.0,1609.0
5005,31,1594,0.0036912814248353243,106.0,822.0
5262,31,1591,0.004447923507541418,107.0,1764.0
5268,11,556,0.005685518961399794,108.0,3008.0
5087,13,686,0.013735761865973473,109.0,3115.0
5001,44,2205,0.013561141677200794,110.0,3683.0
5151,193,9684,0.005393873900175095,111.0,3708.0
5332,32,1645,0.006590473931282759,112.0,1654.0
4992,10,533,0.0040857018902897835,113.0,1085.0
5010,10,534,0.002486906014382839,114.0,490.0
5263,21,1086,0.00683169299736619,115.0,2451.0
5333,88,4440,0.002869254443794489,116.0,726.0
5005,66,3322,0.006249652709811926,117.0,5609.0
5146,47,2397,0.0018649972043931484,118.0,1164.0
5092,143,7163,0.0009641420911066234,119.0,484.0
5151,86,4335,0.8445050716400146,120.0,2116.0
5084,79,3970,0.004035326652228832,121.0,203.0
5005,68,3418,0.003922521602362394,122.0,2251.0
5227,28,1430,0.005329679697751999,123.0,3691.0
5203,10,549,0.0023388047702610493,124.0,1576.0
5203,11,570,0.02358897402882576,125.0,474.0
5213,1,62,0.0040669203735888,126.0,1069.0
5213,3,186,0.0031632878817617893,127.0,3885.0
4962,93,4694,0.004400977864861488,128.0,2865.0
4962,94,4734,0.0034460905008018017,129.0,2416.0
4962,96,4811,0.991058886051178,130.0,3158.0
4953,3,170,0.005119435954838991,131.0,2964.0
5060,23,1163,0.003940264694392681,132.0,2347.0
5331,45,2260,0.1046210303902626,133.0,136.0
5280,98,4912,0.053450632840394974,134.0,1709.0
5127,135,6789,0.21865962445735931,135.0,43.0
5144,8,430,0.004138473886996508,136.0,4775.0
5169,141,7090,0.005785033106803894,137.0,1383.0
5075,56,2839,0.005330538842827082,138.0,266.0
5025,41,2081,0.003099695546552539,139.0,3158.0
5025,42,2139,0.00437763100489974,140.0,2259.0
4971,182,9103,0.004877594765275717,141.0,1813.0
5092,58,2923,0.01986738108098507,142.0,2409.0
5347,1,63,0.009011784568428993,143.0,390.0
4992,97,4872,0.010835690423846245,144.0,1896.0
5187,205,10268,0.0033869752660393715,145.0,2365.0
5154,44,2221,0.0026875468902289867,146.0,913.0
5179,135,6760,0.03321005776524544,147.0,7013.0
5029,189,9477,0.005154253449290991,148.0,121.0
5059,85,4284,0.07167846709489822,149.0,67.0
5092,21,1099,0.0028302976861596107,150.0,137.0
5333,43,2188,0.004804850090295076,151.0,2114.0
5235,32,1650,0.006037123501300812,152.0,797.0
5354,3,191,0.0017658232245594263,153.0,1573.0
5095,38,1938,0.006046521943062544,154.0,1610.0
5024,12,639,0.004414369352161884,155.0,1116.0
5024,13,698,0.0027203941717743874,156.0,698.0
5024,15,776,0.0041701337322592735,157.0,410.0
5262,179,8968,0.0075018880888819695,158.0,2588.0
5046,58,2914,0.004432940389961004,159.0,254.0
5205,24,1240,0.007898529060184956,160.0,569.0
4971,125,6262,0.003862530691549182,161.0,774.0
5216,3,164,0.0015786746516823769,162.0,148.0
5203,78,3947,0.002143408404663205,163.0,1838.0
5169,97,4859,0.004002108238637447,164.0,1411.0
4977,33,1682,0.0031106979586184025,165.0,1422.0
5191,77,3899,0.004359920509159565,166.0,226.0
5337,75,3777,0.011236722581088543,167.0,455.0
4971,45,2275,0.0034817312844097614,168.0,1626.0
5337,29,1459,0.007071039639413357,169.0,1090.0
5005,90,4503,0.023041579872369766,170.0,2535.0
4953,65,3258,0.053041722625494,171.0,1731.0
5215,42,2132,0.7945528626441956,172.0,2922.0
5155,121,6100,0.015346581116318703,173.0,1378.0
5203,58,2902,0.0018229818670079112,174.0,380.0
5051,115,5756,0.0014172641094774008,175.0,598.0
5031,110,5533,0.0951969176530838,176.0,1629.0
5075,22,1143,0.0021444172598421574,177.0,333.0
5141,2,128,0.013359300792217255,178.0,1125.0
5005,157,7858,0.0035774901043623686,179.0,1686.0
5005,158,7941,0.241396963596344,180.0,3971.0
5169,220,11031,0.002990602981299162,181.0,3119.0
5211,43,2187,0.008870785124599934,182.0,722.0
5341,106,5316,0.0036321866791695356,183.0,1749.0
5051,8,405,0.007035326212644577,184.0,869.0
5154,60,3027,0.01649833843111992,185.0,1552.0
5340,72,3636,0.0033037266694009304,186.0,1502.0
5332,57,2864,0.0048834821209311485,187.0,2249.0
5187,161,8083,0.003712376579642296,188.0,1142.0
5262,43,2194,0.006271747872233391,189.0,4264.0
5262,194,9743,0.010127495042979717,190.0,2851.0
5262,195,9765,0.04278632253408432,191.0,2851.0
5171,29,1500,0.005178955849260092,192.0,2706.0
4978,48,2413,0.0027872195933014154,193.0,963.0
5092,180,9010,0.004950494039803743,194.0,423.0
5042,18,934,0.003466404974460602,195.0,113.0
5043,1,91,0.033703453838825226,196.0,617.0
5227,6,337,0.005875562783330679,197.0,1753.0
5227,10,546,0.0021424293518066406,198.0,613.0
5364,197,9869,0.004095965065062046,199.0,2769.0
4962,32,1629,0.003316781483590603,200.0,1738.0
5029,102,5127,0.005858460906893015,201.0,103.0
5342,1,77,0.012863867916166782,202.0,3275.0
5275,21,1052,0.03509048745036125,203.0,220.0
5190,3,196,0.006191933527588844,204.0,977.0
4955,47,2382,0.023018544539809227,205.0,123.0
5204,95,4772,0.004727020859718323,206.0,2518.0
5204,95,4789,0.0018698980566114187,207.0,440.0
4958,9,489,0.006727168336510658,208.0,2036.0
4958,11,566,0.010354461148381233,209.0,165.0
5280,138,6905,0.017689639702439308,210.0,4040.0
5164,47,2380,0.005395900458097458,211.0,243.0
5157,109,5478,0.003687833435833454,212.0,2126.0
5034,54,2749,0.2082529366016388,213.0,1753.0
4986,42,2148,0.20791307091712952,214.0,1164.0
5029,72,3628,0.005967692472040653,215.0,809.0
4992,108,5435,0.01071699894964695,216.0,3780.0
5125,19,996,0.017569368705153465,217.0,3609.0
5092,88,4410,0.003988726530224085,218.0,2554.0
5092,89,4480,0.0012602133210748434,219.0,679.0
4966,1,52,0.03664588928222656,220.0,96.0
5216,18,901,0.005099203437566757,221.0,1189.0
5002,48,2413,0.005029530730098486,222.0,3792.0
4962,145,7253,0.006098117213696241,223.0,581.0
5333,22,1143,0.022575385868549347,224.0,1871.0
5333,24,1226,0.03610403463244438,225.0,487.0
5084,87,4352,0.006149345077574253,226.0,2041.0
4955,97,4870,0.8296701312065125,227.0,1747.0
5273,96,4824,0.004115984309464693,228.0,2929.0
5337,59,2995,0.011084728874266148,229.0,737.0
4992,139,6963,0.006077015306800604,230.0,1829.0
5093,50,2543,0.01599636673927307,231.0,667.0
4982,35,1753,0.008238407783210278,232.0,1768.0
5151,60,3009,0.0033224497456103563,233.0,540.0
5211,45,2290,0.002434303518384695,234.0,1352.0
4957,66,3307,0.1247008740901947,235.0,3376.0
4987,25,1261,0.010372967459261417,236.0,1477.0
5263,34,1724,0.0026451717130839825,237.0,599.0
5005,124,6240,0.005447094328701496,238.0,642.0
5332,62,3104,0.0020783618092536926,239.0,1795.0
5235,64,3237,0.003072085091844201,240.0,1702.0
4974,11,584,0.005538927391171455,241.0,365.0
5214,44,2239,0.004231981001794338,242.0,429.0
5203,42,2112,0.00339719676412642,243.0,1881.0
4962,4,222,0.003130548633635044,244.0,2273.0
4962,7,391,0.004045388661324978,245.0,2747.0
5273,155,7794,0.005218895617872477,246.0,2116.0
5087,0,9,0.0022437155712395906,247.0,2171.0
5041,44,2234,0.0036837744992226362,248.0,566.0
5233,52,2602,0.14690902829170227,249.0,412.0
4957,132,6616,0.003784382250159979,250.0,1076.0
5013,116,5808,0.001917514600791037,251.0,1894.0
5013,119,5957,0.0023839694913476706,252.0,465.0
4952,56,2813,0.0036673725116997957,253.0,3802.0
5029,136,6842,0.9256754517555237,254.0,3050.0
5229,43,2160,0.0044021084904670715,255.0,192.0
5331,192,9644,0.02278529666364193,256.0,443.0
5331,195,9763,0.005012707319110632,257.0,1418.0
5147,1,55,0.013539877720177174,258.0,441.0
5147,5,255,0.006402368191629648,259.0,2327.0
4981,28,1440,0.00197993079200387,260.0,414.0
4952,64,3232,0.0066865901462733746,261.0,1180.0
4955,114,5745,0.004591302014887333,262.0,2763.0
5207,9,481,0.0032274690456688404,263.0,4259.0
5049,5,259,0.003446997841820121,264.0,568.0
5331,92,4621,0.018038371577858925,265.0,188.0
4957,6,338,0.005059045273810625,266.0,1416.0
5190,21,1057,0.00749062467366457,267.0,2204.0
5216,11,553,0.11887208372354507,268.0,234.0
4974,10,537,0.00474925059825182,269.0,2563.0
5203,64,3236,0.002209508093073964,270.0,910.0
4992,72,3616,0.0029861305374652147,271.0,569.0
4982,152,7634,0.0038169757463037968,272.0,142.0
5344,60,3040,0.00695957662537694,273.0,2694.0
5093,122,6110,0.005622331518679857,274.0,2363.0
5187,35,1790,0.0024685573298484087,275.0,527.0
5187,143,7156,0.004130096640437841,276.0,2108.0
4953,29,1468,0.00414229603484273,277.0,3367.0
5361,215,10757,0.0039344243705272675,278.0,798.0
5203,97,4876,0.004585617687553167,279.0,3855.0
5331,224,11245,0.0047685145400464535,280.0,1785.0
5157,103,5163,0.006182434037327766,281.0,873.0
5240,4,211,0.006872946862131357,282.0,2896.0
4967,22,1147,0.0045051584020257,283.0,1586.0
4967,25,1279,0.0040114568546414375,284.0,3391.0
5091,29,1491,0.2539200782775879,285.0,2635.0
5091,30,1515,0.09427228569984436,286.0,572.0
5091,31,1559,0.0021864615846425295,287.0,2314.0
5341,35,1775,0.0029329208191484213,288.0,160.0
5013,88,4410,0.016683382913470268,289.0,731.0
5093,127,6374,0.004814733285456896,290.0,3317.0
5341,60,3048,0.004595422651618719,291.0,2039.0
5164,53,2654,0.0031551835127174854,292.0,1823.0
5164,55,2789,0.030448829755187035,293.0,3260.0
5164,55,2794,0.007764297071844339,294.0,595.0
4955,117,5900,0.0058310008607804775,295.0,1684.0
4955,118,5937,0.01004835031926632,296.0,3208.0
5091,19,989,0.009021081030368805,297.0,668.0
5187,134,6729,0.005681897047907114,298.0,1904.0
5031,78,3916,0.018640628084540367,299.0,1248.0
5090,104,5248,0.0035589917097240686,300.0,2296.0
5090,106,5334,0.0017010228475555778,301.0,531.0
5093,78,3908,0.0030939439311623573,302.0,2249.0
4975,21,1079,0.0025360218714922667,303.0,786.0
5153,109,5484,0.005092519335448742,304.0,178.0
5179,159,7989,0.004096482414752245,305.0,1515.0
5179,161,8056,0.005724761169403791,306.0,1422.0
5151,110,5541,0.005440056789666414,307.0,965.0
5280,70,3503,0.0036225062794983387,308.0,3049.0
5361,188,9439,0.005783154629170895,309.0,789.0
4983,47,2377,0.0077184392139315605,310.0,716.0
5275,52,2641,0.010228287428617477,311.0,3003.0
5127,74,3727,0.020648647099733353,312.0,2692.0
5025,15,781,0.011080020107328892,313.0,152.0
5278,84,4234,0.002752276137471199,314.0,280.0
5079,12,648,0.005360536742955446,315.0,1082.0
5179,122,6147,0.8954967856407166,316.0,1616.0
5363,4,235,0.004839706234633923,317.0,2381.0
5274,3,199,0.004833885468542576,318.0,988.0
5142,22,1149,0.007962360978126526,319.0,5807.0
5049,24,1210,0.0032388363033533096,320.0,2236.0
5127,30,1520,0.004080120008438826,321.0,2508.0
5127,33,1663,0.01976497657597065,322.0,1312.0
5229,55,2753,0.0034015600103884935,323.0,1298.0
5204,149,7452,0.009700658731162548,324.0,1348.0
5050,3,184,0.0029138955287635326,325.0,1505.0
5269,31,1561,0.01407657191157341,326.0,57.0
5059,45,2293,0.0026639364659786224,327.0,1493.0
5270,24,1210,0.005907128099352121,328.0,2716.0
5270,28,1429,0.003740594955161214,329.0,516.0
5208,132,6616,0.005183955654501915,330.0,6141.0
5090,189,9492,0.004914519842714071,331.0,1840.0
4979,120,6017,0.0073446654714643955,332.0,1678.0
4982,102,5107,0.0037300032563507557,333.0,243.0
5204,133,6689,0.00831820908933878,334.0,2489.0
5361,95,4761,0.002549010794609785,335.0,1871.0
5005,34,1710,0.005407694727182388,336.0,1751.0
5019,24,1235,0.004320928361266851,337.0,3490.0
5207,108,5435,0.005421957932412624,338.0,619.0
5366,12,648,0.1774994134902954,339.0,1692.0
5014,1,75,0.005587250925600529,340.0,3044.0
5154,5,261,0.0027728306595236063,341.0,1746.0
5338,1,95,0.03694585710763931,342.0,3480.0
5266,14,738,0.0034835897386074066,343.0,151.0
4974,8,403,0.002894594334065914,344.0,4094.0
4974,8,409,0.004890176001936197,345.0,1576.0
5016,32,1631,0.0023656703997403383,346.0,1182.0
4962,152,7641,0.009440404362976551,347.0,11067.0
5099,39,1963,0.001148735173046589,348.0,926.0
5059,16,802,0.007777996826916933,349.0,3465.0
4966,0,36,0.004165061749517918,350.0,2365.0
5151,45,2263,0.005571628455072641,351.0,1797.0
5154,73,3679,0.0032915743067860603,352.0,1086.0
5348,17,875,0.06395124644041061,353.0,4039.0
5171,65,3295,0.008755852468311787,354.0,966.0
5261,19,951,0.005289799999445677,355.0,3543.0
5237,6,345,0.05747085437178612,356.0,1212.0
5237,7,377,0.004374045412987471,357.0,1525.0
5194,0,48,0.0013373964466154575,358.0,896.0
5124,51,2560,0.009386639110744,359.0,3339.0
5195,8,417,0.0033937208354473114,360.0,531.0
4955,28,1431,0.0038592717610299587,361.0,2287.0
5099,65,3259,0.004519923124462366,362.0,1035.0
4962,157,7856,0.9538880586624146,363.0,4938.0
5005,123,6163,0.00750407250598073,364.0,2378.0
5002,8,418,0.0030053560622036457,365.0,545.0
5341,155,7790,0.003169564064592123,366.0,2354.0
5047,5,300,0.005554648116230965,367.0,868.0
5151,39,1973,0.004031616263091564,368.0,1679.0
4955,24,1217,0.012782765552401543,369.0,3318.0
5278,97,4888,0.005286576692014933,370.0,5606.0
5060,94,4711,0.0019217426888644695,371.0,590.0
5168,6,331,0.005314876791089773,372.0,1816.0
5332,74,3722,0.2294483482837677,373.0,56.0
5041,55,2791,0.0048470268957316875,374.0,2910.0
5147,2,109,0.004434788133949041,375.0,277.0
5078,8,449,0.008537615649402142,376.0,1290.0
5092,29,1455,0.004694868344813585,377.0,2937.0
5100,2,138,0.011509517207741737,378.0,106.0
5100,3,189,0.003643495263531804,379.0,2031.0
5262,136,6836,0.0034260107204318047,380.0,3366.0
5262,138,6938,0.005585759878158569,381.0,982.0
5361,10,534,0.562193751335144,382.0,2960.0
5263,17,881,0.01675366424024105,383.0,153.0
5099,41,2096,0.002658179495483637,384.0,1403.0
5191,99,4990,0.005683605559170246,385.0,457.0
4962,50,2508,0.005546459928154945,386.0,1967.0
5019,96,4807,0.01143916230648756,387.0,810.0
5019,96,4839,0.004832209087908268,388.0,1043.0
5019,96,4844,0.005498424172401428,389.0,2301.0
5090,126,6346,0.005693795159459114,390.0,1215.0
4986,66,3338,0.004689111839979887,391.0,2303.0
5155,105,5259,0.003042049240320921,392.0,1274.0
5041,30,1509,0.004165251273661852,393.0,601.0
5154,45,2271,0.0041049630381166935,394.0,1371.0
5151,65,3297,0.004343769513070583,395.0,2698.0
5051,99,4976,0.0030477349646389484,396.0,3240.0
5217,44,2203,0.02572961337864399,397.0,2405.0
5235,17,857,0.0033424985595047474,398.0,2309.0
5002,30,1527,0.013399473391473293,399.0,2775.0
5133,20,1005,0.0046012550592422485,400.0,2010.0
5133,20,1046,0.003565555438399315,401.0,2174.0
5133,22,1143,0.01678679697215557,402.0,1802.0
5102,32,1606,0.9623149037361145,403.0,4562.0
4971,72,3602,0.22293899953365326,404.0,1985.0
5034,88,4410,0.004857194144278765,405.0,1433.0
5199,5,281,0.004712333902716637,406.0,858.0
4962,127,6363,0.016483962535858154,407.0,2058.0
5169,168,8417,0.003248475957661867,408.0,1756.0
4992,92,4611,0.010652657598257065,409.0,202.0
5263,3,165,0.013389554806053638,410.0,140.0
5021,44,2202,0.004662650171667337,411.0,1866.0
5233,120,6027,0.005874136928468943,412.0,3129.0
5263,54,2709,0.00789438933134079,413.0,727.0
5361,68,3413,0.005659669637680054,414.0,3092.0
5208,109,5470,0.007693939376622438,415.0,1434.0
5157,45,2265,0.004613165743649006,416.0,1905.0
5185,31,1568,0.0032557379454374313,417.0,3659.0
5277,6,302,0.0019471482373774052,418.0,427.0
4983,0,40,0.010420698672533035,419.0,2241.0
4983,4,203,0.004950014874339104,420.0,2667.0
4975,34,1718,0.004999982658773661,421.0,1605.0
5146,45,2293,0.004438119474798441,422.0,2649.0
5169,91,4551,0.003332361811771989,423.0,3007.0
5029,52,2648,0.00371408904902637,424.0,1449.0
5078,14,722,0.0027228309772908688,425.0,1726.0
4962,75,3772,0.0026764925569295883,426.0,1727.0
5280,43,2162,0.0015280829975381494,427.0,360.0
5185,21,1065,0.006105875596404076,428.0,2278.0
4969,117,5885,0.028810910880565643,429.0,509.0
5124,43,2167,0.003844680031761527,430.0,658.0
4955,89,4453,0.002637011231854558,431.0,875.0
5087,5,299,0.004690298344939947,432.0,269.0
5151,226,11335,0.006247446406632662,433.0,260.0
5074,29,1453,0.0032963978592306376,434.0,2056.0
5029,114,5718,0.005172658246010542,435.0,320.0
4987,42,2131,0.004202748648822308,436.0,275.0
4992,100,5039,0.004316524136811495,437.0,4470.0
5005,154,7737,0.003919505048543215,438.0,812.0
5344,33,1657,0.003820242127403617,439.0,1739.0
5179,25,1262,0.0024759327061474323,440.0,827.0
5013,179,8975,0.04391411319375038,441.0,4000.0
5154,82,4124,0.023208238184452057,442.0,2502.0
5092,84,4205,0.004293398931622505,443.0,2101.0
5082,4,222,0.0023978061508387327,444.0,1106.0
5187,120,6023,0.00624604057520628,445.0,805.0
5187,121,6080,0.002278417581692338,446.0,4151.0
5341,126,6314,0.00548485666513443,447.0,984.0
5217,52,2620,0.0051417965441942215,448.0,1651.0
4983,33,1693,0.0036868578754365444,449.0,432.0
5154,137,6894,0.008931292220950127,450.0,2559.0
5153,54,2731,0.0035874375607818365,451.0,140.0
5337,187,9395,0.05466189607977867,452.0,2508.0
5179,13,693,0.0026506369467824697,453.0,555.0
5169,150,7542,0.005715882405638695,454.0,2413.0
5090,94,4740,0.0021843588910996914,455.0,358.0
4998,30,1503,0.007932266220450401,456.0,1494.0
4978,51,2589,0.0013986708363518119,457.0,398.0
5216,23,1189,0.011066355742514133,458.0,2801.0
5046,24,1210,0.05806346610188484,459.0,137.0
5271,0,22,0.04911532253026962,460.0,1200.0
5084,91,4586,0.004234029445797205,461.0,646.0
5262,17,888,0.003909659571945667,462.0,1584.0
5071,24,1214,0.0029211477376520634,463.0,1902.0
5051,173,8685,0.004901666659861803,464.0,4076.0
5106,182,9146,0.004951616283506155,465.0,1042.0
4987,9,484,0.003068316727876663,466.0,2504.0
5090,152,7639,0.00388620188459754,467.0,1251.0
5144,28,1417,0.00446920283138752,468.0,2310.0
5364,130,6502,0.006685665342956781,469.0,182.0
5046,56,2812,0.00982749368995428,470.0,2193.0
5212,40,2011,0.004918553400784731,471.0,3197.0
5227,16,850,0.027703100815415382,472.0,939.0
5340,83,4180,0.004819133318960667,473.0,1007.0
5095,31,1557,0.002823368413373828,474.0,1061.0
5046,79,3998,0.0039424286223948,475.0,1828.0
4998,119,5992,0.27437135577201843,476.0,2504.0
5091,45,2276,0.0032573507633060217,477.0,866.0
5203,49,2478,0.002698075957596302,478.0,5976.0
5127,106,5307,0.0033860239200294018,479.0,1768.0
5239,18,926,0.004410408902913332,480.0,1271.0
5215,2,118,0.003471805714070797,481.0,884.0
5029,123,6190,0.003848352702334523,482.0,1815.0
4998,32,1630,0.05880208685994148,483.0,2327.0
5153,56,2837,0.008008353412151337,484.0,576.0
5331,220,11009,0.22044667601585388,485.0,2.0
5331,220,11031,0.002442825585603714,486.0,1280.0
5136,52,2603,0.002817924600094557,487.0,1698.0
5155,73,3674,0.0048344130627810955,488.0,2026.0
5082,18,907,0.0014469869202002883,489.0,1332.0
5034,2,128,0.008919574320316315,490.0,3442.0
4952,99,4972,0.004087972454726696,491.0,948.0
5278,26,1309,0.0058356462977826595,492.0,2794.0
5340,33,1654,0.004371842369437218,493.0,1341.0
5340,35,1768,0.003517012344673276,494.0,657.0
5133,40,2005,0.0035387766547501087,495.0,1221.0
5031,105,5287,0.08063237369060516,496.0,457.0
5016,43,2164,0.00694026704877615,497.0,571.0
5133,5,286,0.004230868071317673,498.0,1108.0
4955,55,2751,0.006779728922992945,499.0,100.0
5031,37,1883,0.004115251358598471,500.0,1435.0
5278,48,2422,0.0070364163257181644,501.0,2344.0
5084,138,6908,0.0035352492704987526,502.0,2712.0
5084,137,6851,0.0049167824909091,503.0,1742.0
4954,2,115,0.12123673409223557,504.0,4311.0
5009,9,495,0.004341219551861286,505.0,1429.0
5031,79,3960,0.004470508079975843,506.0,1598.0
5031,91,4556,0.004165878053754568,507.0,1761.0
5144,26,1339,0.004236054141074419,508.0,2997.0
5144,26,1341,0.001452299882657826,509.0,1322.0
5146,14,702,0.004565882030874491,510.0,1310.0
5146,15,782,0.003743965644389391,511.0,1209.0
5263,32,1619,0.0053429570980370045,512.0,1469.0
5157,35,1776,0.022785350680351257,513.0,348.0
5179,96,4821,0.0028644250705838203,514.0,941.0
5099,2,132,0.005435077473521233,515.0,1789.0
5195,35,1781,0.01047983206808567,516.0,33.0
5366,2,118,0.003669354133307934,517.0,2050.0
4981,39,1965,0.005679115187376738,518.0,2457.0
5041,73,3676,0.00708661088719964,519.0,5117.0
5093,20,1036,0.004521142225712538,520.0,306.0
5090,28,1435,0.004609935451298952,521.0,185.0
4971,68,3428,0.0072659519501030445,522.0,689.0
4962,161,8069,0.004372523631900549,523.0,1683.0
4979,111,5555,0.010033088736236095,524.0,221.0
5278,39,1989,0.0031676648650318384,525.0,4704.0
5278,39,1994,0.010376890189945698,526.0,1172.0
5154,47,2385,0.007327552884817123,527.0,1085.0
5337,80,4009,0.005823759827762842,528.0,1997.0
5084,30,1523,0.0040895529091358185,529.0,1858.0
5010,3,158,0.0023762646596878767,530.0,798.0
5159,12,605,0.021745918318629265,531.0,1310.0
5038,66,3312,0.004956376273185015,532.0,1425.0
5092,49,2459,0.0027994036208838224,533.0,1470.0
5092,49,2485,0.005776246543973684,534.0,2460.0
5071,60,3031,0.0036035587545484304,535.0,736.0
5362,27,1383,0.0034064031206071377,536.0,1610.0
5207,86,4331,0.0013648193562403321,537.0,448.0
4981,47,2357,0.004491906147450209,538.0,1605.0
4962,23,1151,0.0023904740810394287,539.0,3018.0
5275,17,866,0.0012923674657940865,540.0,2990.0
5187,220,11041,0.005293298978358507,541.0,1531.0
5331,121,6063,0.0027910845819860697,542.0,1319.0
5005,104,5206,0.0026856816839426756,543.0,963.0
5208,63,3166,0.004303899127990007,544.0,486.0
5142,5,291,0.0030626452062278986,545.0,799.0
5084,128,6401,0.015802601352334023,546.0,1405.0
4957,101,5098,0.002851644530892372,547.0,1678.0
4955,131,6580,0.003229109337553382,548.0,789.0
5266,2,113,0.0030391353648155928,549.0,2968.0
5051,75,3770,0.006273750681430101,550.0,847.0
4962,36,1824,0.018056286498904228,551.0,2423.0
4957,47,2373,0.008707312867045403,552.0,831.0
5269,23,1152,0.0011630345834419131,553.0,752.0
5091,55,2779,0.004008126445114613,554.0,583.0
5229,77,3889,0.004687661305069923,555.0,2274.0
5184,6,311,0.005705290473997593,556.0,2354.0
5070,21,1058,0.04266232252120972,557.0,546.0
5154,181,9073,0.008671754971146584,558.0,3695.0
5217,49,2454,0.0037352496292442083,559.0,2310.0
4962,10,513,0.7330419421195984,560.0,1765.0
5059,9,462,0.0038708725478500128,561.0,439.0
5059,9,480,0.01989654079079628,562.0,332.0
5013,126,6348,0.0018789359601214528,563.0,968.0
4982,153,7698,0.004075921140611172,564.0,660.0
5184,15,761,0.02901925891637802,565.0,789.0
5024,8,419,0.0032649606000632048,566.0,1360.0
5280,100,5032,0.005492695607244968,567.0,618.0
5011,31,1551,0.004937451332807541,568.0,896.0
5364,137,6878,0.005686675198376179,569.0,2093.0
5198,17,870,0.003792734816670418,570.0,2751.0
5364,66,3310,0.006144064478576183,571.0,1255.0
4955,10,510,0.0009190723649226129,572.0,596.0
4955,11,563,0.001345149241387844,573.0,866.0
4955,11,576,0.003580600256100297,574.0,1103.0
5269,8,410,0.004167362116277218,575.0,214.0
5093,167,8383,0.004256569314748049,576.0,704.0
5001,19,982,0.004134653136134148,577.0,1361.0
5214,24,1243,0.016582809388637543,578.0,1821.0
5005,208,10424,0.00383453955873847,579.0,4073.0
5005,212,10636,0.0033282183576375246,580.0,2743.0
5364,97,4865,0.006062260828912258,581.0,1783.0
5099,13,692,0.00872541218996048,582.0,237.0
5217,12,601,0.006752078887075186,583.0,2711.0
4971,78,3923,0.007078188005834818,584.0,1423.0
5127,137,6894,0.0034861781168729067,585.0,871.0
4969,24,1242,0.44268906116485596,586.0,98.0
5124,47,2384,0.05422329157590866,587.0,1788.0
5024,16,822,0.003577179042622447,588.0,243.0
5135,0,21,0.008240655064582825,589.0,1485.0
5177,22,1122,0.0021118863951414824,590.0,1362.0
4969,114,5711,0.005512890871614218,591.0,1456.0
5281,26,1322,0.007024905178695917,592.0,1702.0
5281,26,1343,0.0035160512197762728,593.0,375.0
5029,163,8185,0.011720930226147175,594.0,2413.0
5099,71,3593,0.022002030164003372,595.0,156.0
5051,103,5156,0.0021852031350135803,596.0,2179.0
5018,0,4,0.002235839609056711,597.0,989.0
5344,54,2707,0.004169781226664782,598.0,521.0
5364,55,2774,0.004911198280751705,599.0,3491.0
4977,25,1284,0.011317861266434193,600.0,131.0
5019,86,4337,0.002529231598600745,601.0,286.0
4998,169,8489,0.010440656915307045,602.0,902.0
5157,116,5802,0.0037845841143280268,603.0,2901.0
5334,39,2000,0.005404818803071976,604.0,1743.0
5341,49,2452,0.002963066566735506,605.0,596.0
5942,23,1181,0.0038018820341676474,606.0,1046.0
6596,77,3851,0.006487956270575523,607.0,669.0
6479,22,1118,0.007824072614312172,608.0,747.0
6479,23,1159,0.003821492660790682,609.0,3999.0
5749,15,761,0.017597191035747528,610.0,722.0
5367,17,879,0.005607943050563335,611.0,3805.0
5835,425,21290,0.004150573629885912,612.0,1307.0
5455,95,4761,0.01634608395397663,613.0,2368.0
5187,166,8328,0.0045469230972230434,614.0,3424.0
5157,90,4514,0.002890439471229911,615.0,1191.0
5831,3,171,0.004328375216573477,616.0,724.0
5051,199,9987,0.0030236432794481516,617.0,1059.0
6338,42,2140,0.002927105873823166,618.0,1750.0
5656,29,1489,0.0062150838784873486,619.0,2097.0
5102,5,251,0.006647205445915461,620.0,1706.0
4999,63,3183,0.0033568304497748613,621.0,1496.0
6626,15,782,0.006989519577473402,622.0,2738.0
5102,54,2739,0.0066075073555111885,623.0,1992.0
4997,15,763,0.005869738291949034,624.0,2161.0
6696,43,2153,0.014287049882113934,625.0,1019.0
6185,1,83,0.005821711849421263,626.0,4347.0
6011,49,2477,0.0041510662995278835,627.0,1012.0
5746,34,1726,0.002598855644464493,628.0,883.0
5191,36,1848,0.10795752704143524,629.0,4392.0
5106,32,1626,0.003995045553892851,630.0,197.0
6526,19,974,0.00457695871591568,631.0,1947.0
6347,84,4244,0.8932644724845886,632.0,1564.0
5985,125,6291,0.023867275565862656,633.0,4084.0
5044,5,290,0.006154179107397795,634.0,4473.0
6683,165,8289,0.0024411631748080254,635.0,225.0
6096,46,2324,0.012832552194595337,636.0,2200.0
5625,170,8512,0.004449635744094849,637.0,1493.0
6282,0,28,0.0025279554538428783,638.0,487.0
6548,31,1592,0.004066065419465303,639.0,1336.0
5957,22,1131,0.005412413738667965,640.0,958.0
6352,2,124,0.0071400804445147514,641.0,480.0
6352,3,192,0.00470344303175807,642.0,460.0
6282,43,2168,0.0048232306726276875,643.0,1211.0
6461,90,4539,0.004905140493065119,644.0,1476.0
6666,72,3641,0.9864200949668884,645.0,680.0
6217,60,3026,0.003991821315139532,646.0,443.0
4957,39,1989,0.0020609372295439243,647.0,866.0
6417,192,9613,0.002636381657794118,648.0,1394.0
5191,84,4205,0.009676775895059109,649.0,2197.0
5211,65,3290,0.004983134567737579,650.0,1080.0
5900,9,499,0.0052538225427269936,651.0,6603.0
6192,79,3993,0.003944911994040012,652.0,414.0
5399,67,3388,0.003850630484521389,653.0,1768.0
5368,48,2418,0.008374372497200966,654.0,2378.0
5368,48,2424,0.019954098388552666,655.0,15.0
5632,35,1792,0.0036007706075906754,656.0,2365.0
6667,62,3128,0.0025924043729901314,657.0,1761.0
6609,17,855,0.002932743402197957,658.0,1512.0
6592,155,7794,0.0035713983234018087,659.0,427.0
6341,79,3979,0.004143319092690945,660.0,311.0
6298,35,1777,0.005285726860165596,661.0,1618.0
4977,24,1222,0.0018633512081578374,662.0,791.0
6423,165,8257,0.004709240049123764,663.0,2422.0
5192,21,1072,0.02499409392476082,664.0,420.0
4971,152,7647,0.0047526732087135315,665.0,2895.0
4962,19,960,0.004217497538775206,666.0,957.0
6571,85,4280,0.007303099613636732,667.0,2603.0
6300,100,5005,0.06882821768522263,668.0,1453.0
6658,6,316,0.00925548654049635,669.0,1511.0
6199,2,142,0.0018734148470684886,670.0,741.0
5767,21,1051,0.004273845814168453,671.0,2641.0
4975,35,1780,0.0033317902125418186,672.0,1747.0
4975,36,1812,0.0037806250620633364,673.0,1396.0
6033,49,2464,0.0049422793090343475,674.0,1132.0
6033,50,2519,0.005937592126429081,675.0,1616.0
6286,106,5326,0.009421365335583687,676.0,648.0
6282,57,2877,0.0031557565089315176,677.0,1707.0
6320,72,3632,0.048641372472047806,678.0,1.0
4991,39,1974,0.0010387315414845943,679.0,525.0
5344,47,2379,0.004989880137145519,680.0,2139.0
5606,58,2915,0.0018315974157303572,681.0,817.0
5606,58,2945,0.004827634897083044,682.0,2029.0
6590,65,3268,0.22965748608112335,683.0,3851.0
5935,11,552,0.018046852201223373,684.0,689.0
6030,23,1174,0.0027739268261939287,685.0,1050.0
6387,39,1983,0.002031959593296051,686.0,549.0
4989,0,16,0.0038394799921661615,687.0,527.0
4989,2,107,0.0033251794520765543,688.0,1356.0
5201,47,2351,0.005226401146501303,689.0,2588.0
5332,71,3559,0.006125520449131727,690.0,1345.0
5332,73,3697,0.006831793580204248,691.0,157.0
5960,30,1537,0.009173952043056488,692.0,1079.0
5042,26,1315,0.011515360325574875,693.0,1781.0
6436,11,588,0.0019190602470189333,694.0,424.0
5842,36,1842,0.1536511927843094,695.0,1492.0
5832,140,7031,0.005874969530850649,696.0,744.0
5616,4,229,0.0061187054961919785,697.0,856.0
6076,136,6850,0.0037276134826242924,698.0,211.0
5102,39,1967,0.007283321116119623,699.0,1062.0
5875,362,18120,0.049019090831279755,700.0,3608.0
5433,37,1877,0.0085595129057765,701.0,581.0
5783,107,5358,0.003601077012717724,702.0,2935.0
5783,129,6476,0.020725736394524574,703.0,1876.0
5169,214,10735,0.006930563133209944,704.0,3315.0
5386,69,3475,0.01661108247935772,705.0,325.0
6168,80,4044,0.048957426100969315,706.0,2461.0
5624,73,3667,0.006311226636171341,707.0,2456.0
5977,125,6300,0.005078952293843031,708.0,2275.0
6007,80,4050,0.00712786428630352,709.0,2619.0
5716,0,5,0.007668647449463606,710.0,975.0
5836,122,6134,0.004725392442196608,711.0,1381.0
6581,0,37,0.012024858966469765,712.0,399.0
6581,3,198,0.004293268546462059,713.0,1036.0
6281,11,572,0.005338415503501892,714.0,2641.0
5653,102,5146,0.003862455254420638,715.0,589.0
6482,44,2228,0.07135683298110962,716.0,1547.0
5875,48,2437,0.1398387998342514,717.0,1560.0
6021,13,696,0.011125249788165092,718.0,874.0
6021,14,722,0.17553317546844482,719.0,546.0
6698,27,1363,0.003541327314451337,720.0,812.0
4981,21,1054,0.002540719462558627,721.0,2426.0
5625,26,1320,0.0054592955857515335,722.0,1957.0
6360,107,5389,0.027892937883734703,723.0,1056.0
5845,43,2195,0.0028857202269136906,724.0,1100.0
5262,168,8428,0.0061833602376282215,725.0,273.0
6637,21,1076,0.004788938444107771,726.0,1090.0
6637,22,1138,0.0019433763809502125,727.0,265.0
5909,40,2014,0.003723309375345707,728.0,1229.0
5192,15,772,0.0063287061639130116,729.0,2784.0
5819,105,5260,0.18226636946201324,730.0,681.0
5455,14,703,0.2041105479001999,731.0,361.0
5933,63,3151,0.004562088288366795,732.0,1822.0
6653,95,4775,0.004574307706207037,733.0,1212.0
5090,58,2942,0.0255691297352314,734.0,201.0
6309,29,1459,0.004619452636688948,735.0,1509.0
6376,57,2897,0.005471179261803627,736.0,1786.0
6383,34,1722,0.26737871766090393,737.0,2276.0
6190,127,6376,0.04763701930642128,738.0,2487.0
5364,156,7820,0.00873879250138998,739.0,146.0
5071,37,1895,0.027695607393980026,740.0,2445.0
5412,6,318,0.0032132265623658895,741.0,366.0
6583,180,9029,0.0027312268503010273,742.0,1036.0
5025,146,7347,0.003931478597223759,743.0,1062.0
6341,43,2165,0.011819127947092056,744.0,3477.0
6446,23,1185,0.045533787459135056,745.0,465.0
5184,12,614,0.0153591837733984,746.0,107.0
5971,117,5881,0.15299171209335327,747.0,2509.0
5091,11,577,0.003466634312644601,748.0,2384.0
4982,100,5034,0.0052174474112689495,749.0,1665.0
6483,46,2326,0.003498150734230876,750.0,228.0
6483,48,2419,0.0036778186913579702,751.0,2058.0
5427,23,1178,0.007222444750368595,752.0,893.0
6004,136,6805,0.008716002106666565,753.0,308.0
5339,84,4230,0.024840544909238815,754.0,1351.0
6529,83,4188,0.008076773025095463,755.0,2329.0
5214,18,913,0.001353433937765658,756.0,454.0
6106,34,1737,0.004124346189200878,757.0,1790.0
6549,67,3370,0.003735525067895651,758.0,3390.0
6664,106,5313,0.004227990284562111,759.0,209.0
6664,106,5342,0.003705148585140705,760.0,1635.0
5705,88,4419,0.003751893760636449,761.0,1497.0
6615,139,6968,0.003449656069278717,762.0,3116.0
6666,50,2525,0.006020770408213139,763.0,1904.0
5781,11,600,0.008609087206423283,764.0,1324.0
4988,8,429,0.003934549167752266,765.0,190.0
6642,31,1592,0.013443582691252232,766.0,799.0
6642,31,1594,0.00409158319234848,767.0,1101.0
6562,64,3216,0.002050786279141903,768.0,1237.0
6649,74,3703,0.003981800749897957,769.0,432.0
5625,160,8001,0.003213499905541539,770.0,1064.0
6617,9,459,0.008663474582135677,771.0,1530.0
5071,66,3342,0.004079108592122793,772.0,653.0
6425,179,8983,0.005542405880987644,773.0,151.0
5144,17,861,0.017706723883748055,774.0,852.0
6428,19,1000,0.004545990843325853,775.0,726.0
6428,21,1092,0.004481867887079716,776.0,2869.0
6647,26,1319,0.0029793072026222944,777.0,2119.0
5046,6,304,0.006120219826698303,778.0,1197.0
5201,19,951,0.003489287104457617,779.0,401.0
5051,144,7243,0.002787807025015354,780.0,1333.0
6463,15,773,0.001416528131812811,781.0,560.0
6059,50,2527,0.02034255489706993,782.0,140.0
5985,88,4442,0.006261295638978481,783.0,941.0
6534,51,2597,0.0034966478124260902,784.0,472.0
5341,116,5823,0.0029108950402587652,785.0,1204.0
5932,41,2054,0.011089653708040714,786.0,515.0
6352,18,902,0.001601790077984333,787.0,400.0
5154,114,5710,0.003740852465853095,788.0,2696.0
6462,60,3035,0.007113250438123941,789.0,609.0
5001,25,1259,0.00577292637899518,790.0,308.0
5101,1,78,0.00180296809412539,791.0,120.0
5835,307,15372,0.009624199010431767,792.0,1620.0
6359,72,3605,0.004720082972198725,793.0,1932.0
5041,18,930,0.007023833692073822,794.0,2709.0
5985,157,7876,0.009481794200837612,795.0,1231.0
6616,55,2775,0.003433999139815569,796.0,262.0
6123,2,109,0.011019415222108364,797.0,3514.0
5823,255,12777,0.0018429899355396628,798.0,2074.0
5208,136,6823,0.009108729660511017,799.0,2442.0
6234,2,104,0.004540273919701576,800.0,2030.0
6219,76,3826,0.008962334133684635,801.0,5454.0
6283,30,1524,0.08862132579088211,802.0,1710.0
6647,167,8390,0.004655766300857067,803.0,993.0
5588,43,2151,0.0028206671122461557,804.0,2335.0
6685,4,244,0.0032600995618849993,805.0,1582.0
5364,155,7782,0.0037962314672768116,806.0,2389.0
5625,58,2931,0.004816193599253893,807.0,866.0
6201,21,1051,0.004619441460818052,808.0,2630.0
6058,32,1617,0.0048710354603827,809.0,798.0
5382,66,3318,0.020643699914216995,810.0,1510.0
5034,47,2363,0.02071768417954445,811.0,307.0
6046,113,5674,0.003065078752115369,812.0,837.0
6625,30,1538,0.0020840968936681747,813.0,644.0
5055,27,1398,0.00500872079282999,814.0,2213.0
5092,74,3707,0.004053467884659767,815.0,417.0
6300,10,550,0.0030685763340443373,816.0,4668.0
5915,105,5273,0.01035623624920845,817.0,206.0
5971,127,6372,0.0024011218920350075,818.0,551.0
6412,72,3603,0.004247056785970926,819.0,106.0
6412,75,3795,0.0154739860445261,820.0,1754.0
5929,53,2661,0.021966436877846718,821.0,1236.0
6382,103,5198,0.0035666110925376415,822.0,991.0
6478,54,2706,0.004700732417404652,823.0,2966.0
5169,65,3266,0.005656817927956581,824.0,1468.0
5169,67,3359,0.002620643237605691,825.0,224.0
5753,21,1089,0.0056291548535227776,826.0,549.0
5753,21,1098,0.005307696759700775,827.0,675.0
6683,206,10336,0.155056431889534,828.0,929.0
6091,207,10354,0.0027334613259881735,829.0,261.0
6467,160,8038,0.00897606648504734,830.0,1902.0
5752,114,5727,0.004068891052156687,831.0,326.0
6508,22,1147,0.008862252347171307,832.0,2302.0
6362,61,3077,0.03501128405332565,833.0,1761.0
6600,88,4437,0.007640867959707975,834.0,1503.0
6100,2,150,0.0049664853140711784,835.0,1920.0
6404,86,4310,0.003183439839631319,836.0,1975.0
5614,33,1683,0.006001800298690796,837.0,1315.0
6375,23,1165,0.07149896770715714,838.0,7613.0
5179,137,6854,0.005479160696268082,839.0,1756.0
5869,199,9957,0.004226882476359606,840.0,550.0
6334,102,5109,0.006050905212759972,841.0,1210.0
6235,84,4244,0.02754812315106392,842.0,193.0
5444,12,631,0.005448628682643175,843.0,2351.0
6439,78,3929,0.0026647369377315044,844.0,1782.0
5340,7,355,0.006913607474416494,845.0,456.0
5341,141,7093,0.0033197239972651005,846.0,1046.0
5341,143,7186,0.00457091024145484,847.0,1909.0
5272,41,2090,0.004503638483583927,848.0,1068.0
6564,43,2165,0.012246955186128616,849.0,1362.0
6327,45,2263,0.045012254267930984,850.0,340.0
6453,100,5046,0.002681215526536107,851.0,1720.0
6482,59,2961,0.0014568965416401625,852.0,1335.0
6668,85,4270,0.007976633496582508,853.0,1481.0
6226,149,7465,0.016244325786828995,854.0,1301.0
6448,90,4526,0.005520694423466921,855.0,948.0
5826,19,979,0.003927435725927353,856.0,1303.0
6468,62,3101,0.005450776312500238,857.0,1268.0
6446,39,1982,0.003793320618569851,858.0,1059.0
6653,90,4530,0.0022173335310071707,859.0,387.0
6583,22,1140,0.00553047563880682,860.0,204.0
5086,42,2130,0.0026263429317623377,861.0,2653.0
6551,153,7654,0.18585099279880524,862.0,1378.0
5977,22,1118,0.0071722958236932755,863.0,201.0
6402,39,1984,0.013016942888498306,864.0,1423.0
6358,67,3399,0.0036030923947691917,865.0,3535.0
5341,52,2611,0.002187687437981367,866.0,612.0
5959,8,437,0.003343208460137248,867.0,2307.0
5025,59,2954,0.004524123854935169,868.0,1101.0
6369,145,7254,0.007629595696926117,869.0,836.0
5782,30,1550,0.027646925300359726,870.0,991.0
6123,29,1491,0.025548094883561134,871.0,1482.0
6004,52,2649,0.10780179500579834,872.0,764.0
6118,103,5189,0.003705013310536742,873.0,3406.0
6070,50,2524,0.004483318887650967,874.0,1273.0
6490,49,2499,0.003874494694173336,875.0,146.0
6379,180,9006,0.005671943537890911,876.0,1535.0
5979,123,6173,0.011155495420098305,877.0,1264.0
4962,70,3537,0.6488620638847351,878.0,1900.0
5693,5,254,0.0038397617172449827,879.0,270.0
6606,98,4949,0.00683553097769618,880.0,99.0
5968,22,1118,0.10721896588802338,881.0,2013.0
5204,49,2472,0.2717532515525818,882.0,1937.0
5051,153,7678,0.005030358675867319,883.0,1073.0
5171,44,2215,0.005354377906769514,884.0,2192.0
6081,4,218,0.20828188955783844,885.0,2112.0
5045,3,174,0.005218462087213993,886.0,5077.0
6298,36,1812,0.005349679384380579,887.0,3320.0
6176,171,8564,0.0033723944798111916,888.0,2091.0
6529,106,5315,0.0055244374088943005,889.0,1233.0
6549,150,7502,0.019791046157479286,890.0,2728.0
5960,1,91,0.006420983001589775,891.0,856.0
5908,20,1004,0.06388963013887405,892.0,341.0
6542,157,7885,0.004170244559645653,893.0,543.0
5099,52,2608,0.004050308372825384,894.0,2115.0
6324,90,4520,0.004584799520671368,895.0,1524.0
5397,54,2730,0.04909569397568703,896.0,2023.0
6327,56,2816,0.004251858685165644,897.0,1531.0
6667,44,2245,0.003510882845148444,898.0,922.0
6558,123,6156,0.004461650270968676,899.0,1604.0
6201,45,2269,0.008895357139408588,900.0,1284.0
5019,84,4208,0.007595006842166185,901.0,1478.0
5019,84,4247,0.005398424342274666,902.0,1624.0
5211,24,1233,0.003269422333687544,903.0,1230.0
5211,25,1267,0.00550268916413188,904.0,978.0
6525,54,2722,0.004368925467133522,905.0,2149.0
6423,55,2758,0.00474947365000844,906.0,560.0
6314,64,3216,0.0045470078475773335,907.0,2301.0
6534,9,472,0.004548434633761644,908.0,431.0
6671,27,1374,0.0012761075049638748,909.0,2227.0
6671,27,1389,0.006240457762032747,910.0,3133.0
6300,11,554,0.025498077273368835,911.0,1673.0
5095,105,5266,0.002860706765204668,912.0,134.0
6205,64,3208,0.0031192065216600895,913.0,1928.0
6226,118,5911,0.0029654158279299736,914.0,2508.0
6594,15,793,0.004057219251990318,915.0,3512.0
5207,150,7537,0.011577707715332508,916.0,1636.0
6633,29,1462,0.009392115287482738,917.0,1362.0
6381,92,4610,0.002196516143158078,918.0,1974.0
6489,130,6524,0.0027291805017739534,919.0,267.0
6329,17,876,0.009377792477607727,920.0,1904.0
6027,48,2438,0.007015869952738285,921.0,655.0
5918,9,457,0.005093101877719164,922.0,3515.0
6656,46,2312,0.0024961079470813274,923.0,460.0
6092,96,4830,0.004577280953526497,924.0,107.0
5382,112,5629,0.0037641492672264576,925.0,2948.0
5184,20,1013,0.005349656101316214,926.0,2657.0
5729,82,4105,0.005448626354336739,927.0,703.0
6341,75,3795,0.5352643132209778,928.0,1070.0
6219,5,288,0.004942572675645351,929.0,1559.0
5895,42,2145,0.0026976626832038164,930.0,2633.0
6596,56,2802,0.0013893949799239635,931.0,2014.0
6596,58,2918,0.005563758779317141,932.0,2229.0
5455,73,3677,0.07234141230583191,933.0,2385.0
6168,97,4868,0.0065285032615065575,934.0,202.0
6168,100,5018,0.012756507843732834,935.0,432.0
5278,69,3453,0.003864861559122801,936.0,1483.0
6233,2,131,0.0068039316684007645,937.0,696.0
6233,18,903,0.0025667494628578424,938.0,2387.0
5179,33,1691,0.0043882885947823524,939.0,2884.0
5363,14,742,0.02497224323451519,940.0,2234.0
5092,134,6746,0.12712988257408142,941.0,3157.0
5092,135,6765,0.0036975822877138853,942.0,2064.0
5013,81,4069,0.04078175500035286,943.0,1419.0
6163,31,1583,0.010695336386561394,944.0,1251.0
5654,28,1435,0.007123424671590328,945.0,135.0
5654,29,1482,0.003908447455614805,946.0,2192.0
5269,82,4137,0.0038561916444450617,947.0,950.0
5706,34,1715,0.004393162205815315,948.0,1895.0
5371,2,113,0.00468452787026763,949.0,3138.0
5804,22,1136,0.003254384035244584,950.0,698.0
6027,119,5955,0.0018853078363463283,951.0,419.0
4955,92,4634,0.0036272802390158176,952.0,2837.0
6463,145,7283,0.0031358045525848866,953.0,668.0
6052,87,4373,0.006521071773022413,954.0,65.0
6004,110,5514,0.003288418985903263,955.0,233.0
4982,87,4375,0.0040088556706905365,956.0,864.0
6379,71,3580,0.0044342936016619205,957.0,1206.0
5910,86,4312,0.003530812682583928,958.0,315.0
6377,43,2181,0.005127137992531061,959.0,1898.0
5971,61,3087,0.00461177621036768,960.0,879.0
5971,62,3121,0.011369755491614342,961.0,1772.0
5933,115,5758,0.003792358096688986,962.0,1026.0
6482,101,5097,0.005795186385512352,963.0,2564.0
6300,143,7173,0.003964224364608526,964.0,1320.0
6201,47,2399,0.0013829685049131513,965.0,1439.0
6280,58,2922,0.004653139505535364,966.0,476.0
6280,59,2972,0.008710009045898914,967.0,6082.0
5160,5,288,0.20462654531002045,968.0,3953.0
6630,113,5692,0.011483472771942616,969.0,1773.0
6183,14,713,0.003496965393424034,970.0,2891.0
6558,15,770,0.008091555908322334,971.0,6151.0
6609,49,2477,0.005906036123633385,972.0,1056.0
6649,7,378,0.002983042737469077,973.0,603.0
6658,12,636,0.0023613867815583944,974.0,1848.0
5041,58,2936,0.0024916017428040504,975.0,3518.0
6640,8,401,0.003261313308030367,976.0,1258.0
5444,2,146,0.004870346747338772,977.0,723.0
5340,97,4870,0.004046101588755846,978.0,2646.0
6165,20,1039,0.001742691732943058,979.0,2020.0
6467,59,2977,0.008481016382575035,980.0,2740.0
6467,63,3151,0.004432628396898508,981.0,1735.0
4962,142,7105,0.03562115505337715,982.0,1339.0
4957,156,7831,0.005532288458198309,983.0,1247.0
6160,35,1773,0.00441156467422843,984.0,2383.0
5966,201,10059,0.005895720329135656,985.0,1624.0
5354,4,211,0.008293750695884228,986.0,2100.0
5854,143,7163,0.0343799963593483,987.0,3659.0
5136,19,993,0.002510197926312685,988.0,1798.0
6605,61,3068,0.001448923721909523,989.0,445.0
6004,46,2339,0.009487555362284184,990.0,2559.0
6534,2,140,0.014506653882563114,991.0,353.0
6690,135,6764,0.0034999095369130373,992.0,1241.0
6589,30,1547,0.0051391576416790485,993.0,657.0
5154,35,1768,0.004780566319823265,994.0,1376.0
6489,102,5115,0.005143035668879747,995.0,1948.0
6380,103,5175,0.006997013930231333,996.0,2937.0
5331,185,9287,0.003576004644855857,997.0,274.0
4982,13,670,0.0033332505263388157,998.0,2163.0
5340,48,2441,0.009741195477545261,999.0,3481.0
5920,26,1318,0.021845577284693718,1000.0,1444.0
5920,26,1339,0.0067394268698990345,1001.0,117.0
6163,15,796,0.011953982524573803,1002.0,1135.0
5187,169,8458,0.008433766663074493,1003.0,2420.0
5227,26,1312,0.0035260494332760572,1004.0,210.0
6369,140,7019,0.001135947066359222,1005.0,2331.0
5776,52,2636,0.0028751487843692303,1006.0,5059.0
5625,66,3343,0.0036077159456908703,1007.0,556.0
5090,162,8119,0.00586325628682971,1008.0,1155.0
5904,50,2504,0.006981631275266409,1009.0,1874.0
6644,19,966,0.0016416368307545781,1010.0,655.0
6105,50,2523,0.0054725599475204945,1011.0,4315.0
6105,51,2563,0.003652190091088414,1012.0,1356.0
5029,157,7883,0.011057968251407146,1013.0,5119.0
5029,158,7937,0.0024131222162395716,1014.0,695.0
6698,86,4321,0.005290997214615345,1015.0,2983.0
6478,52,2625,0.0021685566753149033,1016.0,1010.0
6478,53,2688,0.004716875962913036,1017.0,636.0
5340,105,5278,0.0058327531442046165,1018.0,1820.0
5725,42,2121,0.004806921351701021,1019.0,718.0
5835,119,5951,0.003715710947290063,1020.0,2340.0
5370,29,1499,0.002491067396476865,1021.0,2067.0
6326,105,5267,0.09216835349798203,1022.0,2212.0
5977,99,4991,0.008679850026965141,1023.0,2470.0
6218,79,3991,0.004665087442845106,1024.0,1477.0
5437,138,6927,0.001779288169927895,1025.0,9032.0
5366,7,374,0.004205553326755762,1026.0,942.0
6463,50,2544,0.004252456594258547,1027.0,1938.0
4979,105,5275,0.009734656661748886,1028.0,105.0
6600,127,6399,0.8507364988327026,1029.0,1521.0
5851,17,877,0.006756618153303862,1030.0,1640.0
5636,37,1878,0.0034276749938726425,1031.0,4024.0
6529,48,2412,0.004523338284343481,1032.0,1578.0
5215,44,2228,0.009578628465533257,1033.0,156.0
5351,110,5514,0.07241480052471161,1034.0,810.0
5597,38,1939,0.005083583295345306,1035.0,323.0
6115,44,2242,0.003907461650669575,1036.0,627.0
6027,96,4814,0.00267940410412848,1037.0,1937.0
5586,132,6616,0.00649111345410347,1038.0,1362.0
6080,126,6345,0.00894441083073616,1039.0,1352.0
5853,101,5075,0.004671029280871153,1040.0,627.0
5095,16,840,0.0020884573459625244,1041.0,1696.0
6381,119,5995,0.0021803146228194237,1042.0,2317.0
6381,120,6026,0.004722065757960081,1043.0,3829.0
6551,159,7974,0.005092830862849951,1236.0,4259.0
6622,50,2511,0.002700316021218896,1045.0,3008.0
5986,34,1713,0.816555917263031,1456.0,3721.0
5409,20,1019,0.018494797870516777,1047.0,2095.0
5420,0,33,0.011439100839197636,1048.0,1727.0
6375,96,4845,0.9815706610679626,1049.0,823.0
6354,11,554,0.010106803849339485,1463.0,2478.0
6521,54,2705,0.007953728549182415,1051.0,5761.0
5761,6,321,0.0029928304720669985,1052.0,1681.0
5371,10,538,0.0014422814128920436,1053.0,548.0
5371,11,557,0.00434658769518137,1054.0,5564.0
5454,112,5601,0.004607992712408304,1055.0,860.0
6423,190,9538,0.016816042363643646,1056.0,540.0
5440,21,1087,0.0065166279673576355,1057.0,1381.0
5848,91,4578,0.011715833097696304,1058.0,2466.0
6327,31,1570,0.006151965819299221,1059.0,1254.0
6407,155,7795,0.006662162020802498,1060.0,1920.0
6439,60,3037,0.00303368060849607,1061.0,1655.0
6634,165,8289,0.0026524337008595467,1062.0,1129.0
5418,86,4343,0.09568842500448227,1063.0,1855.0
6553,3,199,0.006883819587528706,1064.0,4848.0
5849,18,947,0.005177047569304705,1065.0,969.0
5853,345,17254,0.003010327694937587,1066.0,1614.0
5853,347,17352,0.004595941863954067,1067.0,695.0
5932,24,1216,0.08439445495605469,1068.0,1159.0
6479,26,1322,0.978652834892273,1069.0,1257.0
6571,127,6356,0.0089011425152421,1070.0,2038.0
5822,33,1669,0.0042501226998865604,1071.0,1567.0
5774,35,1755,0.0022638007067143917,1072.0,380.0
6633,49,2482,0.006664623972028494,1073.0,572.0
6663,169,8451,0.003161095082759857,1074.0,1117.0
6544,281,14061,0.07208161056041718,1075.0,116.0
6687,206,10349,0.0030314603354781866,1076.0,3175.0
6349,40,2015,0.0023442485835403204,1077.0,1377.0
6489,3,182,0.004065532237291336,1078.0,2727.0
6504,9,458,0.0018755488563328981,1079.0,196.0
6652,8,427,0.00451530609279871,1080.0,2612.0
5143,20,1003,0.0029946649447083473,1081.0,683.0
6446,92,4617,0.0016958685591816902,1082.0,1371.0
6676,63,3182,0.0025323359295725822,1083.0,405.0
5650,54,2735,0.001433957484550774,1084.0,415.0
6448,104,5247,0.002013677963986993,1085.0,1395.0
6056,34,1738,0.005012115463614464,1086.0,986.0
5825,10,507,0.003901456715539098,1087.0,614.0
5985,79,3972,0.8835147023200989,1088.0,3388.0
6343,18,948,0.0030231017153710127,1089.0,1535.0
6621,16,805,0.005743157118558884,1090.0,1037.0
6621,16,827,0.012775667943060398,1091.0,3152.0
5921,48,2417,0.0026107036974281073,1092.0,279.0
6206,35,1792,0.00641642464324832,1093.0,204.0
6074,31,1563,0.004055098630487919,1094.0,839.0
6506,155,7792,0.0026243962347507477,1095.0,839.0
6304,89,4484,0.006807961035519838,1096.0,4247.0
6379,112,5623,0.004971584305167198,1097.0,2542.0
6444,23,1174,0.004764915909618139,1098.0,1630.0
5384,34,1727,0.004961063154041767,1099.0,1822.0
6490,115,5772,0.18794938921928406,1100.0,1924.0
6145,53,2672,0.002235421445220709,1101.0,1452.0
6145,54,2721,0.005700763780623674,1102.0,141.0
6015,86,4306,0.021816391497850418,1103.0,2027.0
6631,94,4724,0.0033115835394710302,1104.0,1540.0
5376,35,1778,0.007095023989677429,1105.0,2590.0
6313,45,2300,0.002014945028349757,1106.0,2438.0
6574,9,491,0.011485162191092968,1107.0,1542.0
6479,30,1533,0.0068498700857162476,1108.0,136.0
6187,11,578,0.0026875135954469442,1109.0,135.0
6298,17,885,0.002216730499640107,1110.0,979.0
5418,130,6537,0.008801115676760674,1111.0,2796.0
6325,50,2549,0.006077991798520088,1112.0,950.0
6356,25,1257,0.009022675454616547,1113.0,2099.0
6614,82,4140,0.007317539304494858,1114.0,2633.0
6407,140,7017,0.004089714493602514,1115.0,134.0
6666,66,3338,0.003297776449471712,1116.0,2606.0
6528,114,5716,0.005566236563026905,1117.0,1915.0
5946,23,1159,0.005804342217743397,1118.0,830.0
6664,231,11583,0.1352861523628235,1119.0,2407.0
6599,108,5410,0.009826653636991978,1120.0,4396.0
5382,116,5835,0.005180272739380598,1121.0,2718.0
5445,6,338,0.0032461732625961304,1122.0,4520.0
6687,40,2015,0.004975645802915096,1123.0,2689.0
6300,179,8954,0.0032568536698818207,1124.0,602.0
6611,56,2835,0.0081439558416605,1125.0,2023.0
5411,141,7078,0.020123664289712906,1126.0,2248.0
6406,133,6686,0.004432767163962126,1127.0,937.0
5044,106,5319,0.003991005942225456,1128.0,985.0
6199,122,6110,0.004021085798740387,1129.0,1597.0
6366,34,1713,0.005768348928540945,1130.0,886.0
5887,9,464,0.0046498458832502365,1131.0,676.0
5887,11,557,0.008387894369661808,1132.0,2297.0
5056,56,2812,0.23683573305606842,1133.0,4831.0
5935,34,1740,0.002688824199140072,1134.0,1454.0
6007,103,5178,0.00478464737534523,1135.0,1604.0
6490,119,5990,0.009758809581398964,1136.0,1099.0
6425,138,6930,0.005551506765186787,1137.0,2004.0
6162,156,7820,0.004216993227601051,1138.0,2791.0
5758,74,3702,0.004413998685777187,1139.0,1944.0
6571,199,9972,0.001384248025715351,1140.0,1066.0
6341,107,5386,0.00330874091014266,1141.0,1506.0
6341,111,5582,0.002853762125596404,1142.0,121.0
6653,132,6634,0.12432494759559631,1143.0,78.0
6653,133,6692,0.00604687724262476,1144.0,1980.0
5854,118,5906,0.0036134817637503147,1145.0,1256.0
6092,148,7449,0.02428639493882656,1146.0,585.0
5437,9,495,0.004423629026859999,1147.0,1935.0
5437,10,530,0.005768086761236191,1148.0,8082.0
6190,99,4974,0.031005052849650383,1149.0,1470.0
6190,99,4988,0.00204918859526515,1150.0,1072.0
6102,82,4114,0.006038345396518707,1151.0,2415.0
6462,64,3229,0.005298433359712362,1152.0,2176.0
5449,36,1822,0.004445506259799004,1153.0,1774.0
5639,106,5341,0.006991049740463495,1154.0,5763.0
5733,41,2095,0.006102962885051966,1155.0,2441.0
5606,13,668,0.005649660713970661,1156.0,2416.0
6387,29,1461,0.00419657863676548,1157.0,1642.0
6359,63,3161,0.005430254619568586,1158.0,1659.0
6015,13,690,0.0013887811219319701,1159.0,383.0
5588,49,2500,0.0009963831398636103,1160.0,342.0
5139,105,5281,0.004860096611082554,1161.0,2612.0
6404,72,3627,0.006504516117274761,1162.0,1009.0
6375,81,4100,0.005556347314268351,1163.0,1485.0
5933,199,9987,0.004200272727757692,1164.0,4725.0
6634,160,8024,0.002663753926753998,1165.0,830.0
6356,40,2002,0.0050332327373325825,1166.0,2075.0
5947,88,4446,0.0036868511233478785,1167.0,1449.0
6146,50,2541,0.0054200273007154465,1168.0,497.0
6546,70,3511,0.006271991413086653,1169.0,2113.0
6630,75,3770,0.004204689059406519,1170.0,3125.0
6630,75,3796,0.009187011048197746,1171.0,8422.0
5437,96,4801,0.008398673497140408,1172.0,1657.0
5437,96,4841,0.004980912897735834,1173.0,3087.0
6571,114,5719,0.5382562279701233,1174.0,3464.0
5456,0,2,0.005238001700490713,1175.0,900.0
5976,15,759,0.0016423903871327639,1176.0,531.0
5746,0,3,0.022340422496199608,1177.0,1249.0
6552,48,2402,0.0038186637684702873,1178.0,2858.0
5399,37,1858,0.006340792868286371,1179.0,1661.0
5708,4,246,0.005521027371287346,1180.0,2042.0
5708,6,346,0.002403165213763714,1181.0,419.0
6444,50,2530,0.0017980830743908882,1182.0,1821.0
6621,31,1597,0.004461220465600491,1183.0,1786.0
6679,119,5966,0.0008103923173621297,1184.0,1427.0
5011,15,770,0.0134050901979208,1185.0,500.0
5767,73,3654,0.003705912735313177,1186.0,2719.0
5767,75,3757,0.024731481447815895,1187.0,1030.0
6506,108,5414,0.00477707851678133,1188.0,2909.0
5418,103,5196,0.005356041248887777,1189.0,2523.0
6184,46,2334,0.004172993823885918,1190.0,733.0
6031,56,2814,0.0028198801446706057,1191.0,879.0
6031,56,2818,0.0047213174402713776,1192.0,2367.0
6021,171,8591,0.004198932554572821,1193.0,2489.0
6176,213,10694,0.1628403216600418,1194.0,162.0
6080,158,7938,0.0095675652846694,1195.0,1867.0
6206,57,2879,0.002775072818621993,1196.0,3409.0
6475,16,830,0.007976267486810684,1197.0,5.0
6334,31,1551,0.0024951619561761618,1198.0,2831.0
5377,40,2022,0.010679496452212334,1199.0,3085.0
6596,156,7838,0.07586105167865753,1200.0,2124.0
5848,150,7510,0.0030247648246586323,1201.0,1145.0
6579,0,30,0.0027520942967385054,1202.0,211.0
6573,24,1224,0.004458874464035034,1203.0,2003.0
6366,21,1051,0.007153310813009739,1204.0,2816.0
5835,113,5670,0.007171831093728542,1205.0,2245.0
6640,47,2398,0.004896603990346193,1206.0,5122.0
6640,48,2448,0.00789877399802208,1207.0,1845.0
6667,55,2773,0.004475380759686232,1208.0,2650.0
6564,194,9728,0.005922253243625164,1209.0,1793.0
5653,42,2138,0.007711641024798155,1210.0,1385.0
6094,21,1077,0.28244903683662415,1211.0,3187.0
6022,22,1131,0.0023071186151355505,1212.0,635.0
5044,23,1158,0.0060254777781665325,1213.0,537.0
6299,15,774,0.004611121490597725,1214.0,5330.0
6421,25,1266,0.0024350550957024097,1215.0,1303.0
5619,2,128,0.0027984026819467545,1216.0,1970.0
5617,43,2162,0.0024038467090576887,1217.0,1842.0
6098,29,1486,0.0027976208366453648,1218.0,339.0
6565,198,9912,0.3476359248161316,1219.0,3132.0
6356,133,6685,0.008252269588410854,1220.0,1937.0
6592,96,4806,0.007655022200196981,1221.0,2711.0
6592,103,5167,0.003990320023149252,1222.0,577.0
6192,53,2690,0.004767326638102531,1223.0,1904.0
5624,17,895,0.005541238933801651,1224.0,2539.0
6647,226,11337,0.009360761381685734,1225.0,2592.0
5853,324,16223,0.002779835369437933,1226.0,644.0
5929,50,2512,0.004635285120457411,1227.0,3805.0
6379,150,7521,0.007138343993574381,1228.0,957.0
6140,54,2742,0.004394704010337591,1229.0,2951.0
6406,24,1241,0.0785849317908287,1230.0,1992.0
6353,109,5471,0.010141999460756779,1231.0,1260.0
5611,87,4369,0.003739595878869295,1232.0,620.0
6640,102,5135,0.005370158702135086,1233.0,1310.0
5735,10,511,0.037173863500356674,1234.0,4322.0
5949,22,1114,0.005437689367681742,1235.0,1502.0
6551,159,7974,-999999.9,-1.0,-1.0
6527,43,2180,0.0038245581090450287,1237.0,5873.0
6439,7,351,0.042781684547662735,1238.0,586.0
6021,91,4592,0.01025553047657013,1239.0,1425.0
6344,14,721,0.0255608968436718,1240.0,2517.0
6198,41,2084,0.005153140984475613,1241.0,1354.0
6448,26,1316,0.006005619186908007,1242.0,2014.0
5762,99,4978,0.002332470379769802,1243.0,1145.0
5639,123,6167,0.0020373091101646423,1244.0,4632.0
6314,15,795,0.005620260257273912,1245.0,3899.0
6210,18,931,0.003663088893517852,1246.0,1696.0
6341,17,874,0.022084008902311325,1247.0,1868.0
5600,145,7271,0.004738071002066135,1248.0,2184.0
5419,35,1790,0.8871274590492249,1249.0,1404.0
6058,153,7669,0.004745021462440491,1250.0,1909.0
5618,23,1165,0.008130613714456558,1251.0,187.0
6282,77,3864,0.0030299071222543716,1252.0,4307.0
5971,92,4601,0.0011594848474487662,1253.0,196.0
5971,121,6093,0.00907883606851101,1254.0,1314.0
6324,138,6928,0.002447029808536172,1255.0,1587.0
6540,19,984,0.005064400844275951,1256.0,2242.0
5767,121,6095,0.006802326533943415,1257.0,1780.0
6407,5,299,0.003762871026992798,1258.0,293.0
5929,97,4888,0.005671642255038023,1259.0,1327.0
6407,53,2692,0.0027837336529046297,1260.0,959.0
6596,85,4294,0.005563476588577032,1261.0,2012.0
6321,57,2871,0.003099123714491725,1262.0,704.0
6321,9,482,0.3018375337123871,1263.0,881.0
6339,74,3723,0.0018010580679401755,1264.0,1704.0
6303,72,3603,0.004699686076492071,1265.0,1031.0
6303,95,4781,0.13396307826042175,1266.0,206.0
6318,35,1764,0.005706113297492266,1267.0,260.0
6649,51,2593,0.012088729068636894,1268.0,2230.0
5605,49,2470,0.0033390866592526436,1269.0,419.0
5869,67,3372,0.0007125019910745323,1270.0,390.0
6619,12,622,0.05200466886162758,1271.0,565.0
5091,52,2631,0.00430042902007699,1272.0,1080.0
5643,31,1572,0.004502028692513704,1273.0,2697.0
5957,3,178,0.003978738561272621,1274.0,2298.0
6616,77,3868,0.0013886428205296397,1275.0,362.0
6192,94,4735,0.0017326576635241508,1276.0,1026.0
6572,134,6733,0.004619219806045294,1277.0,948.0
5966,152,7636,0.9947683811187744,1278.0,1616.0
6599,14,701,0.002505654003471136,1279.0,504.0
6022,129,6470,0.0039612650871276855,1280.0,1083.0
5385,103,5196,0.00198001810349524,1281.0,1806.0
5418,134,6720,0.003384841838851571,1282.0,1086.0
6347,114,5724,0.008255583234131336,1283.0,4159.0
6551,62,3143,0.018443716689944267,1284.0,771.0
5710,68,3406,0.006722664460539818,1285.0,1030.0
5597,48,2404,0.003426776034757495,1286.0,1725.0
6507,97,4879,0.007833609357476234,1287.0,2203.0
5587,14,741,0.004825657699257135,1288.0,521.0
5906,138,6913,0.004803976975381374,1289.0,905.0
6147,19,971,0.07039249688386917,1290.0,1629.0
6608,25,1262,0.0015623151557520032,1291.0,162.0
5433,134,6750,0.004274310544133186,1292.0,724.0
6664,75,3758,0.0047496045008301735,1293.0,1573.0
5824,113,5674,0.0079850098118186,1294.0,877.0
6366,13,667,0.0052171009592711926,1295.0,2698.0
6666,44,2247,0.004344482906162739,1296.0,4987.0
5890,0,21,0.00281246448867023,1297.0,1081.0
6631,96,4808,0.09092250466346741,1298.0,879.0
6663,100,5005,0.005558276083320379,1299.0,1176.0
5727,66,3333,0.043249547481536865,1300.0,940.0
6381,183,9178,0.002619181526824832,1301.0,294.0
6286,9,483,0.003193607786670327,1302.0,1420.0
5979,40,2046,0.006133065093308687,1303.0,4099.0
6138,78,3926,0.002111724577844143,1304.0,1325.0
5639,32,1647,0.005329305771738291,1305.0,708.0
5639,33,1697,0.005972341168671846,1306.0,2072.0
6340,167,8375,0.004012587014585733,1307.0,878.0
6577,85,4270,0.004495472647249699,1308.0,707.0
6577,87,4377,0.002496537985280156,1309.0,3491.0
6153,3,172,0.0036349522415548563,1310.0,1147.0
6195,38,1941,0.006403514649719,1311.0,5138.0
5600,177,8890,0.005548869725316763,1312.0,393.0
6149,23,1181,0.0022346782498061657,1313.0,409.0
6695,56,2804,0.0035760740283876657,1314.0,1839.0
6412,0,41,0.02033671736717224,1315.0,2179.0
6301,19,957,0.0032300858292728662,1316.0,1732.0
6583,148,7410,0.0023506975267082453,1317.0,1036.0
6082,10,506,0.0037774438969790936,1318.0,2338.0
5953,8,414,0.006945172790437937,1319.0,115.0
5691,21,1092,0.004156908951699734,1320.0,1049.0
6324,10,523,0.007413811050355434,1321.0,2339.0
6324,10,535,0.026856273412704468,1322.0,2762.0
5961,99,4989,0.005663127172738314,1323.0,1403.0
6619,17,891,0.0059129237197339535,1324.0,369.0
6486,25,1270,0.0013212381163612008,1325.0,891.0
6486,25,1277,0.008945100009441376,1326.0,707.0
6631,61,3070,0.0060068718157708645,1327.0,1247.0
5824,307,15380,0.0027492716908454895,1328.0,2618.0
5721,3,151,0.005259135738015175,1329.0,1239.0
6397,2,104,0.02141701988875866,1330.0,1447.0
5455,66,3339,0.002964814193546772,1331.0,3526.0
6487,45,2264,0.0028246319852769375,1332.0,2280.0
5451,31,1574,0.6052242517471313,1333.0,1506.0
5370,17,894,0.0077009075321257114,1334.0,1546.0
6507,168,8432,0.004103694576770067,1335.0,1923.0
5925,54,2723,0.005532215349376202,1336.0,2002.0
6341,71,3593,0.004507973790168762,1337.0,1372.0
6359,48,2412,0.028149422258138657,1338.0,2006.0
5412,95,4778,0.051984239369630814,1339.0,3131.0
5412,95,4786,0.003471784060820937,1340.0,778.0
5959,5,283,0.0031299595721066,1341.0,2176.0
6036,10,549,0.007953893393278122,1342.0,474.0
6535,50,2520,0.004885117989033461,1343.0,3780.0
6162,115,5794,0.07823559641838074,1344.0,1012.0
6303,33,1667,0.004572179634124041,1345.0,1952.0
6336,31,1561,0.00882470328360796,1346.0,1849.0
5848,56,2835,0.0034557348117232323,1347.0,3676.0
6525,29,1478,0.4141843914985657,1348.0,371.0
6304,110,5501,0.010931232012808323,1349.0,2883.0
6304,113,5675,0.05395873636007309,1350.0,1974.0
5925,33,1684,0.0134506244212389,1351.0,2324.0
5925,35,1769,0.006069148890674114,1352.0,3597.0
6217,116,5842,0.0037776560056954622,1353.0,2786.0
6542,33,1678,0.0037894495762884617,1354.0,3698.0
5722,17,879,0.0045234994031488895,1355.0,2001.0
6640,80,4020,0.003914118744432926,1356.0,1548.0
5705,187,9375,0.0019806909840554,1357.0,754.0
6184,19,996,0.0031652823090553284,1358.0,409.0
6544,169,8481,0.0034466783981770277,1359.0,1752.0
6362,68,3442,0.0028843253385275602,1360.0,1282.0
6606,81,4071,0.002993854694068432,1361.0,3316.0
6657,6,307,0.003142358036711812,1362.0,1688.0
6657,7,384,0.005282646510750055,1363.0,3187.0
6657,7,398,0.008436312898993492,1364.0,872.0
6653,74,3735,0.004927721805870533,1365.0,1154.0
5963,4,233,0.00637730723246932,1366.0,1238.0
5758,9,476,0.00559028796851635,1367.0,1891.0
6301,151,7552,0.020561184734106064,1368.0,1086.0
5830,182,9111,0.005822316277772188,1369.0,631.0
6426,72,3650,0.004114618059247732,1370.0,5457.0
6608,26,1344,0.003332172054797411,1371.0,2862.0
6387,15,792,0.0032930525485426188,1372.0,4929.0
6609,51,2551,0.0020039179362356663,1373.0,569.0
6114,60,3037,0.0027986278291791677,1374.0,1549.0
4999,113,5662,0.014414072036743164,1375.0,1526.0
4999,116,5846,0.009874255396425724,1376.0,3367.0
6151,5,283,0.012243016622960567,1377.0,626.0
6549,21,1074,0.003909093327820301,1378.0,408.0
6297,16,829,0.0028055922593921423,1379.0,2406.0
6118,138,6904,0.00728757306933403,1380.0,3568.0
6110,14,714,0.01052438747137785,1381.0,1742.0
6021,89,4468,0.016308320686221123,1382.0,4194.0
6417,79,3962,0.0036495793610811234,1383.0,2207.0
6343,47,2363,0.007575800642371178,1384.0,1112.0
6425,9,474,0.004363245330750942,1385.0,1536.0
5975,27,1398,0.0068398118019104,1386.0,1259.0
6524,22,1109,0.002569778822362423,1387.0,1133.0
5774,93,4684,0.0017166204052045941,1388.0,362.0
5774,94,4747,0.006415017880499363,1389.0,224.0
5125,15,766,0.004404657054692507,1390.0,2311.0
6146,1,52,0.006169463507831097,1391.0,2092.0
6326,26,1325,0.09833472222089767,1392.0,4143.0
5822,40,2013,0.011849799193441868,1393.0,2087.0
6626,20,1001,0.06760109215974808,1394.0,69.0
5824,193,9651,0.0035319102462381124,1395.0,356.0
5824,193,9694,0.004617937374860048,1396.0,4211.0
6527,65,3299,0.0038935074117034674,1397.0,2043.0
6583,125,6294,0.004488774575293064,1398.0,1345.0
5719,69,3488,0.002885013585910201,1399.0,762.0
6234,20,1006,0.007438219152390957,1400.0,73.0
5418,62,3150,0.0037373388186097145,1401.0,1554.0
5602,81,4077,0.004808415658771992,1402.0,1686.0
6507,7,361,0.004279153421521187,1403.0,2088.0
6479,52,2630,0.004154746420681477,1404.0,411.0
5384,66,3343,0.0027300724759697914,1405.0,1083.0
5894,110,5517,0.0025698253884911537,1406.0,630.0
5611,50,2516,0.005193613935261965,1407.0,2387.0
5654,59,2994,0.0031374937389045954,1408.0,2571.0
6140,71,3583,0.0050500743091106415,1409.0,2139.0
6110,111,5571,0.006588423158973455,1410.0,1056.0
5984,7,364,0.005339911673218012,1411.0,831.0
5984,7,365,0.004468903876841068,1412.0,247.0
6606,28,1449,0.0022224572021514177,1413.0,3108.0
6517,19,980,0.0025244243443012238,1414.0,4747.0
6517,20,1010,0.0064705307595431805,1415.0,803.0
6299,42,2133,0.0033526280894875526,1416.0,1015.0
6565,8,424,0.010308101773262024,1417.0,1171.0
5697,21,1096,0.005468206480145454,1418.0,496.0
5697,23,1172,0.004750420339405537,1419.0,987.0
6173,100,5012,0.002076935488730669,1420.0,5230.0
5377,30,1526,0.012635056860744953,1421.0,1181.0
6664,219,10954,0.004441547207534313,1422.0,3112.0
6341,4,232,0.006517202593386173,1423.0,1092.0
6153,19,997,0.0031364024616777897,1424.0,871.0
5925,10,526,0.003659493289887905,1425.0,2039.0
6490,89,4497,0.005366272758692503,1426.0,1443.0
6589,12,617,0.0065125757828354836,1427.0,1475.0
6633,31,1555,0.0039167748764157295,1428.0,726.0
6046,32,1643,0.008917564526200294,1429.0,1190.0
6046,36,1819,0.00408919807523489,1430.0,655.0
6155,4,250,0.20555800199508667,1431.0,5955.0
6534,34,1741,0.003613555571064353,1432.0,1471.0
6004,172,8640,0.003824274754151702,1433.0,1891.0
5914,73,3655,0.0013237333623692393,1434.0,1002.0
6332,100,5016,0.011309642344713211,1435.0,277.0
6332,100,5035,0.004258760716766119,1436.0,882.0
6521,14,724,0.010595178231596947,1437.0,1646.0
5371,22,1124,0.0060492646880447865,1438.0,1250.0
5371,24,1235,0.0011182342423126101,1439.0,1485.0
5385,156,7818,0.006006239913403988,1440.0,1723.0
5709,117,5881,0.8235846757888794,1441.0,2446.0
5765,62,3122,0.01970232091844082,1442.0,2041.0
6367,28,1419,0.004537994507700205,1443.0,2417.0
6529,63,3196,0.007600601762533188,1444.0,1422.0
6015,91,4555,0.008039543405175209,1445.0,48.0
6562,187,9390,0.004573814570903778,1446.0,3041.0
6092,176,8824,0.003827231703326106,1447.0,2078.0
6510,20,1022,0.0048698317259550095,1448.0,506.0
6114,149,7468,0.01401742547750473,1449.0,1578.0
5876,60,3027,0.00435311533510685,1450.0,1959.0
6281,81,4085,0.0048927320167422295,1451.0,2893.0
5767,57,2867,0.022363338619470596,1452.0,1029.0
6201,70,3522,0.007285079453140497,1453.0,2062.0
6448,52,2627,0.015990987420082092,1454.0,267.0
6683,235,11781,0.0034324899315834045,1455.0,438.0
5986,34,1713,-999999.9,-1.0,-1.0
6640,135,6794,0.001698337378911674,1457.0,1427.0
6583,85,4293,0.0018099413719028234,1458.0,754.0
5411,138,6905,0.05510912090539932,1459.0,176.0
5727,49,2484,0.0023238523863255978,1460.0,1259.0
6457,75,3788,0.5743927359580994,1461.0,3487.0
5647,34,1738,0.0046935053542256355,1462.0,3264.0
6354,11,554,-999999.9,-1.0,-1.0
6138,79,3966,0.017072461545467377,1464.0,904.0
5703,50,2522,0.03477621451020241,1465.0,789.0
6548,42,2117,0.003064058953896165,1466.0,2174.0
6548,44,2236,0.002710085129365325,1467.0,753.0
6467,55,2760,0.004906967747956514,1468.0,1984.0
6686,25,1255,0.001620331546291709,1469.0,1231.0
6565,189,9478,0.007033438887447119,1470.0,2824.0
6380,32,1626,0.00393990334123373,1471.0,757.0
5625,29,1461,0.004130310844630003,1472.0,628.0
6319,44,2250,0.02239609695971012,1473.0,1142.0
6410,92,4639,0.06849343329668045,1474.0,1177.0
6623,16,817,0.7654131054878235,1475.0,726.0
6517,0,14,0.007394868414849043,1476.0,347.0
6517,0,30,0.0019876984879374504,1477.0,326.0
6517,1,54,0.058216750621795654,1478.0,546.0
5892,49,2485,0.001132942852564156,1479.0,560.0
6444,54,2742,0.008519616909325123,1480.0,2615.0
6111,61,3096,0.0021361764520406723,1481.0,422.0
6478,143,7192,0.0033726058900356293,1482.0,2145.0
6441,59,2984,0.002973610069602728,1483.0,2028.0
6021,215,10770,0.008604737929999828,1484.0,1017.0
6583,185,9254,0.0884687602519989,1485.0,1213.0
5840,54,2749,0.08904066681861877,1486.0,1815.0
6440,182,9141,0.002998552517965436,1487.0,569.0
6598,114,5711,0.009743945673108101,1488.0,1624.0
6634,88,4425,0.016534650698304176,1489.0,2287.0
5914,61,3082,0.0032036968041211367,1490.0,1301.0
6640,1,84,0.0036150082014501095,1491.0,550.0
6640,1,98,0.0038303888868540525,1492.0,217.0
6030,15,786,0.0029759109020233154,1493.0,3667.0
6340,40,2023,0.0030058331321924925,1494.0,1470.0
5725,35,1781,0.00540938088670373,1495.0,1417.0
6319,21,1054,0.019040517508983612,1496.0,1163.0
6490,62,3142,0.0025262897834181786,1497.0,2504.0
6553,89,4500,0.0065833693370223045,1498.0,2017.0
6478,76,3819,0.013342159800231457,1499.0,30.0
6679,70,3547,0.0021713804453611374,1500.0,2369.0
6698,111,5568,0.002164542442187667,1501.0,901.0
6578,67,3384,0.0036650821566581726,1502.0,1791.0
5385,140,7015,0.00440961541607976,1503.0,2066.0
6096,48,2424,0.021636029705405235,1504.0,961.0
6098,131,6588,0.004182522185146809,1505.0,2189.0
6547,43,2196,0.0021590865217149258,1506.0,1109.0
6148,19,996,0.004889803472906351,1507.0,1650.0
6299,59,2967,0.00473376689478755,1508.0,559.0
5697,8,422,0.0012067421339452267,1509.0,866.0
6412,128,6417,0.007247488480061293,1510.0,2384.0
5858,91,4576,0.28717559576034546,1511.0,522.0
6382,173,8695,0.003615470603108406,1512.0,2449.0
6486,30,1516,0.003915770445019007,1513.0,1281.0
6486,30,1543,0.0032850136049091816,1514.0,2150.0
6145,71,3599,0.003717172658070922,1515.0,1135.0
6091,83,4178,0.0036524469032883644,1516.0,505.0
6091,85,4286,0.005378720350563526,1517.0,1327.0
6370,55,2800,0.001137379091233015,1518.0,853.0
6350,135,6787,0.0013649662723764777,1519.0,221.0
6028,4,208,0.0035847113467752934,1520.0,658.0
6028,7,378,0.0015474183019250631,1521.0,1320.0
5834,19,965,0.007369166240096092,1522.0,1530.0
6637,18,920,0.00323619251139462,1523.0,2174.0
5384,108,5419,0.0012542015174403787,1524.0,1143.0
5589,84,4242,0.0023306745570153,1525.0,1507.0
5749,32,1650,0.0019374940311536193,1526.0,994.0
5749,35,1753,0.004631549119949341,1527.0,1731.0
5762,6,320,0.0157630555331707,1528.0,5874.0
6211,34,1711,0.004645145498216152,1529.0,1331.0
5850,116,5848,0.0038355414289981127,1530.0,41.0
6690,45,2293,0.004919426050037146,1531.0,3415.0
6184,38,1943,0.060529422014951706,1532.0,1416.0
5833,306,15321,0.002800420857965946,1533.0,711.0
5418,106,5335,0.009077501483261585,1534.0,6957.0
6367,47,2380,0.026877131313085556,1535.0,328.0
6030,10,503,0.004762829281389713,1536.0,2079.0
6030,10,543,0.00489243445917964,1537.0,1516.0
6180,0,6,0.008856559172272682,1538.0,4759.0
6487,42,2137,0.0020263129845261574,1539.0,1401.0
6551,63,3184,0.08088528364896774,1540.0,75.0
5869,38,1905,0.00137884181458503,1541.0,1972.0
5911,4,241,0.0027996713761240244,1542.0,1886.0
6579,106,5324,0.01646162010729313,1543.0,2576.0
5849,58,2929,0.005491927731782198,1544.0,2864.0
6022,48,2401,0.0010835640132427216,1545.0,2386.0
6535,48,2446,0.0062783993780612946,1546.0,1086.0
6318,118,5930,0.0041308049112558365,1547.0,1064.0
6318,120,6042,0.00623547425493598,1548.0,1879.0
5588,129,6491,0.011261830106377602,1549.0,2218.0
5805,6,314,0.005494173150509596,1550.0,271.0
5455,22,1143,0.003689475590363145,1551.0,3134.0
6334,8,418,0.00565366679802537,1552.0,1096.0
6092,59,2954,0.007254648022353649,1553.0,267.0
5912,53,2666,0.0056772492825984955,1554.0,1350.0
6649,24,1219,0.0028751541394740343,1555.0,1327.0
6572,102,5132,0.007908185943961143,1556.0,1845.0
6609,64,3240,0.003962177783250809,1557.0,1459.0
6388,41,2062,0.006813072599470615,1558.0,1948.0
6343,32,1640,0.009749597869813442,1559.0,1404.0
6343,33,1667,0.005184117238968611,1560.0,819.0
5743,13,678,0.005074737593531609,1561.0,3290.0
5637,122,6114,0.0054307179525494576,1562.0,2040.0
6354,123,6190,0.003974411636590958,1563.0,1807.0
6183,101,5064,0.011479510925710201,1564.0,999.0
6563,85,4279,0.0049887956120073795,1565.0,891.0
5914,63,3168,0.014338742010295391,1566.0,3429.0
6383,11,556,0.005321253556758165,1567.0,2405.0
6573,67,3354,0.004466653801500797,1568.0,597.0
6573,67,3391,0.004885213449597359,1569.0,2432.0
6417,42,2116,0.002795364009216428,1570.0,2597.0
5875,33,1693,0.004711631685495377,1571.0,1366.0
6369,43,2170,0.00402898620814085,1572.0,1096.0
6369,44,2232,0.008459302596747875,1573.0,1154.0
6600,79,3959,0.0024929377250373363,1574.0,779.0
6348,153,7691,0.005697375629097223,1575.0,828.0
6490,101,5051,0.0028975410386919975,1576.0,1006.0
5804,37,1898,0.06264176219701767,1577.0,408.0
6090,121,6077,0.0016074751038104296,1578.0,486.0
6598,165,8252,0.0045731267891824245,1579.0,413.0
6336,107,5389,0.003655156586319208,1580.0,675.0
6336,109,5470,0.0048821596428751945,1581.0,3796.0
5879,50,2510,0.012894288636744022,1582.0,781.0
6285,14,706,0.07620485126972198,1583.0,750.0
5858,17,886,0.0042030103504657745,1584.0,1197.0
5986,21,1098,0.002864648588001728,1585.0,2727.0
6598,110,5542,0.002016478916630149,1586.0,968.0
6146,53,2690,0.017835702747106552,1587.0,1290.0
5410,28,1439,0.031184550374746323,1588.0,2191.0
6341,62,3109,0.004718185868114233,1589.0,3429.0
6341,62,3138,0.0041306596249341965,1590.0,346.0
5000,29,1474,0.006730096880346537,1591.0,2067.0
5093,56,2850,0.002557875122874975,1592.0,641.0
6605,166,8316,0.0031991242431104183,1593.0,708.0
5386,53,2655,0.0018604898359626532,1594.0,1602.0
5779,26,1305,0.1321180760860443,1595.0,1085.0
5977,192,9630,0.0024140889290720224,1596.0,966.0
6563,33,1698,0.007365971803665161,1597.0,2228.0
6549,136,6803,0.007830838672816753,1598.0,1297.0
5705,35,1762,0.05089445412158966,1599.0,1075.0
5767,185,9268,0.014659611508250237,1600.0,421.0
6336,19,992,0.0014253793051466346,1601.0,1282.0
5762,217,10887,0.004827368538826704,1602.0,4319.0
6524,52,2622,0.016120757907629013,1603.0,3067.0
6329,5,264,0.00637523178011179,1604.0,2120.0
5915,25,1287,0.004772637505084276,1605.0,2639.0
5915,26,1321,0.0029593990184366703,1606.0,2754.0
5412,18,903,0.4538134038448334,1607.0,2465.0
5412,18,907,0.003870980814099312,1608.0,1991.0
6058,51,2565,0.002806213917210698,1609.0,846.0
4999,85,4252,0.31445732712745667,1610.0,2800.0
4999,87,4378,0.004739744123071432,1611.0,928.0
4992,185,9296,0.015819713473320007,1612.0,594.0
6107,2,141,0.006483175326138735,1613.0,679.0
6641,42,2135,0.0018224978120997548,1614.0,411.0
6641,43,2158,0.004117992240935564,1615.0,931.0
6425,137,6886,0.00427720881998539,1616.0,2051.0
5837,74,3721,0.005106430035084486,1617.0,1759.0
6299,23,1188,0.0030434653162956238,1618.0,1742.0
6427,133,6682,0.005290347151458263,1619.0,3222.0
5900,6,330,0.004287085961550474,1620.0,396.0
6153,44,2203,0.005886345636099577,1621.0,1370.0
5782,85,4294,0.007208592724055052,1622.0,888.0
6644,27,1393,0.0028042462654411793,1623.0,385.0
5923,34,1727,0.0061489581130445,1624.0,646.0
6328,21,1074,0.010198267176747322,1625.0,3422.0
6123,73,3657,0.0020505485590547323,1626.0,1140.0
6490,132,6647,0.004097054246813059,1627.0,1826.0
6490,133,6688,0.029553068801760674,1628.0,1504.0
6329,15,758,0.00536596542224288,1629.0,890.0
5021,23,1184,0.8617050051689148,1630.0,3680.0
5938,43,2155,0.00915615912526846,1631.0,1242.0
6451,6,321,0.003695691004395485,1632.0,976.0
5875,81,4095,0.0030460546258836985,1633.0,6740.0
6387,59,2951,0.014611640945076942,1634.0,142.0
6092,129,6459,0.08266071230173111,1635.0,1857.0
5892,15,775,0.0015589382965117693,1636.0,1090.0
5896,42,2140,0.0029637953266501427,1637.0,2070.0
6611,76,3806,0.002521122107282281,1638.0,1170.0
5056,8,401,0.0029708812944591045,1639.0,1131.0
6580,1,53,0.002551901387050748,1640.0,903.0
6110,31,1557,0.0022990808356553316,1641.0,2530.0
6653,49,2481,0.0036938583943992853,1642.0,2781.0
6535,195,9785,0.003414564998820424,1643.0,1519.0
6118,171,8555,0.003226165659725666,1644.0,1217.0
5657,1,98,0.006213379092514515,1645.0,1220.0
5657,2,110,0.04950328916311264,1646.0,1146.0
5657,2,116,0.004210340790450573,1647.0,273.0
5824,78,3943,0.003474129131063819,1648.0,1084.0
5393,22,1118,0.004402578342705965,1649.0,3825.0
6324,129,6464,0.0036880492698401213,1650.0,2780.0
6616,60,3030,0.002723138080909848,1651.0,643.0
6563,64,3219,0.002742601791396737,1652.0,2188.0
5827,24,1209,0.002964505460113287,1653.0,1052.0
6219,147,7374,0.0021330968011170626,1654.0,4305.0
5618,0,47,0.0026267000939697027,1655.0,1632.0
5618,7,398,0.013078623451292515,1656.0,2533.0
6611,36,1810,0.0019161071395501494,1657.0,137.0
6611,36,1815,0.004114143550395966,1658.0,1033.0
6611,38,1949,0.0052299280650913715,1659.0,1695.0
5845,30,1545,0.005095663946121931,1660.0,2083.0
6288,13,692,0.007070366758853197,1661.0,723.0
6288,15,761,0.0037395055405795574,1662.0,4097.0
6417,163,8173,0.5530913472175598,1663.0,3128.0
6475,41,2093,0.005254535470157862,1664.0,3543.0
6122,171,8556,0.04137040302157402,1665.0,2238.0
6687,198,9905,0.006607093848288059,1666.0,1201.0
6182,114,5718,0.0035728118382394314,1667.0,2904.0
6162,102,5122,0.003930417820811272,1668.0,444.0
6407,171,8576,0.005306302569806576,1669.0,5506.0
5197,33,1693,0.0017527028685435653,1670.0,1879.0
6021,233,11673,0.005936711560934782,1671.0,2820.0
6616,152,7636,0.004973392002284527,1672.0,1676.0
5036,52,2617,0.018319347873330116,1673.0,1908.0
6199,141,7066,0.0023674345575273037,1674.0,851.0
6360,33,1664,0.008971656672656536,1675.0,1059.0
6030,93,4682,0.006038191262632608,1676.0,169.0
5637,90,4506,0.004727985244244337,1677.0,1593.0
5712,14,706,0.009439530782401562,1678.0,532.0
6427,61,3061,0.0021804370917379856,1679.0,207.0
5704,39,1980,0.006584352347999811,1680.0,921.0
6503,79,3995,0.005571578163653612,1681.0,2328.0
6659,45,2262,0.0072093987837433815,1682.0,1669.0
5604,78,3929,0.002133885631337762,1683.0,2164.0
6444,114,5708,0.013531302101910114,1684.0,1474.0
6348,105,5291,0.004389943089336157,1685.0,3421.0
5588,64,3225,0.0016759232385084033,1686.0,637.0
5614,3,199,0.008601272478699684,1687.0,1912.0
5691,110,5507,0.004098733887076378,1688.0,2003.0
6591,103,5153,0.00622189324349165,1689.0,1585.0
5830,22,1128,0.008348772302269936,1690.0,613.0
6605,139,6993,0.11958131194114685,1691.0,3366.0
5600,10,511,0.003633475862443447,1692.0,6.0
5368,2,111,0.004489955026656389,1693.0,2767.0
6598,82,4112,0.006877860054373741,1694.0,1171.0
5623,6,322,0.005422986578196287,1695.0,2606.0
6043,128,6421,0.0036175064742565155,1696.0,1739.0
6544,248,12436,0.00232411315664649,1697.0,3681.0
6509,6,307,0.10512872785329819,1698.0,1755.0
6634,162,8117,0.0037093053106218576,1699.0,1662.0
6634,162,8125,0.0042028045281767845,1700.0,141.0
6118,22,1131,0.009738155640661716,1701.0,902.0
6317,8,405,0.005530780181288719,1702.0,5051.0
6647,241,12091,0.0011262439657002687,1703.0,2864.0
5938,52,2626,0.004157621879130602,1704.0,2152.0
5938,53,2687,0.0045843604020774364,1705.0,3541.0
6647,113,5679,0.005934573709964752,1706.0,3169.0
6333,41,2099,0.0020489974413067102,1707.0,1487.0
6650,28,1446,0.003325411817058921,1708.0,3109.0
6594,70,3516,0.01772380992770195,1709.0,2868.0
6628,29,1465,0.0011048922315239906,1710.0,782.0
6162,79,3984,0.005783143453299999,1711.0,1813.0
6527,79,3963,0.003301877761259675,1712.0,857.0
6527,80,4012,0.0026289571542292833,1713.0,370.0
5758,107,5400,0.006980556529015303,1714.0,114.0
5758,108,5449,0.00410353671759367,1715.0,932.0
6457,34,1712,0.03374308720231056,1716.0,2313.0
6453,24,1206,0.004914228338748217,1717.0,1856.0
6312,104,5208,0.20173174142837524,1718.0,120.0
5449,42,2111,0.003880955744534731,1719.0,104.0
6343,185,9300,0.005287013482302427,1720.0,1570.0
5892,32,1627,0.004238039720803499,1721.0,3117.0
5428,14,717,0.0045954203233122826,1722.0,1578.0
5910,49,2489,0.005205008201301098,1723.0,1655.0
6583,16,803,0.002883268054574728,1724.0,2477.0
6551,101,5053,0.0038146500010043383,1725.0,148.0
6623,27,1391,0.002030713716521859,1726.0,465.0
5968,9,481,0.0037980391643941402,1727.0,2674.0
5409,15,789,0.013063459657132626,1728.0,2792.0
6027,30,1538,0.7250423431396484,1729.0,2084.0
6339,43,2160,0.0036313545424491167,1730.0,3114.0
6647,144,7202,0.003908016253262758,1731.0,2596.0
6647,147,7352,0.0017575466772541404,1732.0,1044.0
5394,49,2458,0.004724928643554449,1733.0,1640.0
6444,46,2349,0.0067535629495978355,1734.0,2044.0
5933,130,6513,0.0039003374986350536,1735.0,2522.0
5385,86,4314,0.004084235057234764,1736.0,248.0
5758,68,3407,0.0071422383189201355,1737.0,2048.0
5758,79,3993,0.006635962054133415,1738.0,1355.0
5810,113,5690,0.004403563216328621,1739.0,1934.0
6529,3,173,0.00503715081140399,1740.0,1179.0
5891,76,3844,0.003438004292547703,1741.0,594.0
6451,23,1162,0.0017693503759801388,1742.0,259.0
6451,23,1163,0.0043197819031775,1743.0,2493.0
6379,58,2903,0.00558311166241765,1744.0,4430.0
5996,2,116,0.003865832695737481,1745.0,2744.0
5940,31,1591,0.001596907852217555,1746.0,1357.0
6002,20,1025,0.003597509814426303,1747.0,2435.0
6173,205,10285,0.01648520864546299,1748.0,7974.0
5869,314,15734,0.002189786871895194,1749.0,959.0
5433,72,3639,0.0025529940612614155,1750.0,2884.0
6356,26,1301,0.005683893337845802,1751.0,179.0
6356,27,1395,0.0061199902556836605,1752.0,1532.0
6533,131,6556,0.9553295969963074,1753.0,4158.0
5637,100,5008,0.035047855228185654,1754.0,1338.0
6080,39,1965,0.013450399972498417,1755.0,1497.0
5910,6,335,0.003548744833096862,1756.0,1155.0
6510,19,975,0.005643187556415796,1757.0,3149.0
6176,141,7098,0.005520996171981096,1758.0,3831.0
6565,152,7646,0.004588559735566378,1759.0,2927.0
6608,0,14,0.0022825782652944326,1760.0,288.0
5755,14,725,0.003684268333017826,1761.0,3435.0
6184,70,3519,0.0035855902824550867,1762.0,2056.0
5853,130,6517,0.006943081971257925,1763.0,2121.0
6690,57,2894,0.0024011540226638317,1764.0,753.0
6022,111,5573,0.0014897080836817622,1765.0,760.0
5845,75,3785,0.005045694299042225,1766.0,1497.0
5712,19,954,0.004219847731292248,1767.0,503.0
6480,92,4605,0.004632280673831701,1768.0,1530.0
6480,94,4730,0.006841473281383514,1769.0,3256.0
5756,15,762,0.02923554927110672,1770.0,168.0
6535,189,9471,0.04343372583389282,1771.0,103.0
5971,3,199,0.0012386086164042354,1772.0,1225.0
6043,144,7214,0.0023003991227597,1773.0,644.0
6360,49,2464,0.8885754346847534,1774.0,1608.0
6332,78,3910,0.006398972123861313,1775.0,2150.0
6591,93,4672,0.0035822780337184668,1776.0,1090.0
5915,133,6670,0.1039729043841362,1777.0,1541.0
6098,88,4403,0.0026644282042980194,1778.0,1828.0
5377,25,1263,0.038347892463207245,1779.0,3763.0
6592,21,1060,0.004267849028110504,1780.0,854.0
6021,199,9970,0.04600224271416664,1781.0,1830.0
6021,199,9997,0.005299775395542383,1782.0,3589.0
6198,151,7599,0.0032688642386347055,1783.0,1166.0
5933,124,6244,0.017403829842805862,1784.0,2340.0
6162,140,7037,0.003582871751859784,1785.0,1903.0
6632,4,243,0.016393380239605904,1786.0,269.0
5440,4,241,0.006787401624023914,1787.0,2074.0
6564,83,4165,0.0039339312352240086,1788.0,597.0
6380,100,5004,0.0012453118106350303,1789.0,2093.0
6686,29,1492,0.002633723895996809,1790.0,545.0
6453,43,2191,0.005521755665540695,1791.0,918.0
6307,8,424,0.006596842780709267,1792.0,3389.0
5722,16,832,0.015689969062805176,1793.0,1309.0
6376,90,4514,0.0039132023230195045,1794.0,1295.0
5741,12,626,0.006876795087009668,1795.0,1508.0
5769,41,2063,0.005251582711935043,1796.0,674.0
6486,37,1874,0.0030369905289262533,1797.0,571.0
6376,54,2716,0.004653033800423145,1798.0,1338.0
6535,229,11488,0.005158979911357164,1799.0,881.0
6030,48,2402,0.004477465525269508,1800.0,2865.0
6224,68,3417,0.0032247579656541348,1801.0,428.0
6369,149,7492,0.007083178963512182,1802.0,1418.0
6680,2,131,0.008648207411170006,1803.0,1997.0
5044,26,1326,0.006260621827095747,1804.0,1878.0
6320,13,653,0.002415719907730818,1805.0,1193.0
6356,170,8549,0.10970595479011536,1806.0,2941.0
5727,71,3579,0.002428462728857994,1807.0,245.0
6347,2,149,0.0042619225569069386,1808.0,1325.0
5804,174,8704,0.018145952373743057,1809.0,280.0
6647,124,6212,0.003547630738466978,1810.0,775.0
5279,80,4002,0.005650984589010477,1811.0,2222.0
5782,77,3881,0.003768308786675334,1812.0,569.0
5830,176,8801,0.004492059350013733,1813.0,2805.0
5597,62,3145,0.004234805703163147,1814.0,1696.0
5985,83,4181,0.003594092559069395,1815.0,2031.0
6650,34,1708,0.07575064897537231,1816.0,87.0
5390,17,890,0.0063554379157722,1817.0,1429.0
6641,34,1724,0.005122411996126175,1818.0,3041.0
5910,37,1887,0.005159545224159956,1819.0,194.0
6338,14,747,0.0029575524386018515,1820.0,727.0
5925,144,7213,0.005817720200866461,1821.0,3310.0
6281,102,5104,0.0031445620115846395,1822.0,382.0
5824,335,16796,0.0047540245577692986,1823.0,3571.0
5961,44,2226,0.006380792241543531,1824.0,1029.0
6094,8,410,0.0030517959967255592,1825.0,637.0
5891,147,7365,0.0033273897133767605,1826.0,1535.0
5588,61,3055,0.0045463815331459045,1827.0,1698.0
5704,5,293,0.005059338174760342,1828.0,2237.0
5704,7,385,0.005582836456596851,1829.0,2299.0
6502,121,6098,0.10708984732627869,1830.0,415.0
5899,40,2011,0.004733423236757517,1831.0,2033.0
5899,40,2032,0.00565541535615921,1832.0,1778.0
5983,46,2349,0.0023383507505059242,1833.0,850.0
6506,138,6916,0.004147568717598915,1834.0,342.0
5783,85,4298,0.006618495099246502,1835.0,1433.0
6423,24,1236,0.0026592023205012083,1836.0,1981.0
6199,6,349,0.0015331943286582828,1837.0,2476.0
6444,148,7427,0.003068230813369155,1838.0,741.0
6311,77,3890,0.005538016092032194,1839.0,1569.0
5436,154,7710,0.004606129601597786,1840.0,1332.0
5437,164,8225,0.08673354238271713,1841.0,2043.0
5845,35,1797,0.0018282838864251971,1842.0,950.0
5703,27,1396,0.7063199877738953,1843.0,1708.0
6425,185,9296,0.00338999112136662,1844.0,1914.0
6598,104,5244,0.0030188404489308596,1845.0,1889.0
5607,59,2980,0.007798720151185989,1846.0,347.0
5607,61,3051,0.16344532370567322,1847.0,2841.0
6028,17,875,0.006400860846042633,1848.0,511.0
6285,24,1213,0.0031850608065724373,1849.0,1050.0
6548,59,2983,0.004897542297840118,1850.0,1049.0
5915,58,2908,0.0027569339144974947,1851.0,404.0
6149,54,2721,0.005020440090447664,1852.0,1923.0
6558,64,3207,0.0678481012582779,1853.0,2877.0
5829,18,905,0.0016415867721661925,1854.0,485.0
6404,143,7159,0.00597282825037837,1855.0,1796.0
6113,112,5640,0.0015162670752033591,1856.0,2335.0
6101,46,2305,0.006183675955981016,1857.0,1507.0
6517,58,2916,0.0027673011645674706,1858.0,376.0
6118,150,7544,0.004105154424905777,1859.0,1526.0
5374,20,1003,0.009982608258724213,1860.0,2424.0
5971,5,269,0.004198156762868166,1861.0,727.0
5971,6,335,0.005635847803205252,1862.0,648.0
5833,15,783,0.005758471786975861,1863.0,1234.0
5233,37,1854,0.0021317859645932913,1864.0,634.0
6309,4,208,0.0035269574727863073,1865.0,2247.0
6309,7,362,0.0038700143340975046,1866.0,1025.0
6605,44,2232,0.01792881079018116,1867.0,1655.0
6446,199,9952,0.00613116379827261,1868.0,716.0
5965,17,888,0.00262083881534636,1869.0,924.0
5804,0,9,0.004269631113857031,1870.0,446.0
6334,3,156,0.004168761428445578,1871.0,2168.0
6489,9,466,0.0037220993544906378,1872.0,999.0
6575,9,458,0.009930411353707314,1873.0,461.0
6183,43,2188,0.013462208211421967,1874.0,1932.0
6382,12,619,0.0031762500293552876,1875.0,240.0
6114,12,620,0.6320294141769409,1876.0,2635.0
6615,111,5565,0.007573502138257027,1877.0,999.0
6680,87,4389,0.0049374885857105255,1878.0,1074.0
6063,32,1637,0.0053663672879338264,1879.0,1392.0
6425,198,9901,0.005398232489824295,1880.0,2700.0
5729,33,1663,0.004441766534000635,1881.0,1784.0
5729,33,1677,0.04250787943601608,1882.0,1147.0
6326,9,493,0.009489168412983418,1883.0,2067.0
5386,136,6837,0.00442291796207428,1884.0,114.0
6236,2,146,0.0060052466578781605,1885.0,1216.0
6592,45,2272,0.001523527316749096,1886.0,1610.0
6076,111,5597,0.0053229848854243755,1887.0,316.0
5106,59,2999,0.0077896080911159515,1888.0,395.0
5352,8,413,0.003912152722477913,1889.0,650.0
6323,52,2639,0.00925762951374054,1890.0,307.0
6461,53,2700,0.004672379698604345,1891.0,1149.0
6031,181,9083,0.0022147137206047773,1892.0,4167.0
6313,73,3696,0.005696089472621679,1893.0,1542.0
6021,6,311,0.956392228603363,1894.0,2098.0
5609,19,991,0.03421786427497864,1895.0,3408.0
5616,161,8063,0.0018113316036760807,1896.0,612.0
5752,130,6534,0.003043420845642686,1897.0,745.0
5752,100,5033,0.002375979907810688,1898.0,188.0
6427,98,4931,0.004631935618817806,1899.0,2650.0
6611,85,4283,0.0031916319858282804,1900.0,1125.0
5617,67,3351,0.00224400800652802,1901.0,2023.0
6161,12,641,0.0025595412589609623,1902.0,1723.0
6596,14,704,0.002239614725112915,1903.0,2423.0
6359,11,596,0.0032834121957421303,1904.0,2905.0
5351,43,2190,0.005330413114279509,1905.0,1565.0
4961,5,251,0.05591743811964989,1906.0,1477.0
5925,210,10525,0.006013560574501753,1907.0,100.0
6517,46,2325,0.0039414288476109505,1908.0,1105.0
5404,70,3537,0.05261478200554848,1909.0,2204.0
6423,182,9141,0.005929820705205202,1910.0,996.0
5840,33,1688,0.004838941618800163,1911.0,2423.0
6070,101,5093,0.005886900704354048,1912.0,2720.0
6055,65,3264,0.006794892717152834,1913.0,628.0
4999,96,4803,0.002996752504259348,1914.0,1749.0
6218,72,3613,0.02178412303328514,1915.0,1631.0
5891,169,8488,0.005116303917020559,1916.0,1079.0
6189,0,21,0.0031882901675999165,1917.0,1220.0
6423,83,4186,0.015765216201543808,1918.0,1557.0
6191,30,1523,0.003648885991424322,1919.0,1507.0
6330,4,225,0.0028223898261785507,2061.0,1262.0
5729,42,2101,0.0029827081598341465,1921.0,561.0
5905,32,1618,0.07282324135303497,2098.0,1135.0
5746,20,1030,0.008728930726647377,1996.0,2224.0
5653,79,3961,0.003860623110085726,2187.0,2202.0
6408,4,225,0.002042677253484726,1925.0,1519.0
5265,26,1316,0.009558876045048237,1926.0,1342.0
5397,128,6425,0.005150123033672571,1927.0,698.0
6507,213,10673,0.004471535328775644,1928.0,501.0
6507,214,10703,0.013389975763857365,1929.0,2546.0
5695,19,999,0.006190144456923008,1930.0,559.0
6599,48,2449,0.004871944431215525,1931.0,2072.0
5586,114,5717,0.0014603573363274336,1932.0,1077.0
5586,116,5818,0.017510220408439636,1933.0,159.0
6022,44,2231,0.27613702416419983,1934.0,1638.0
5375,6,344,0.0035115431528538465,1935.0,1772.0
5827,125,6261,0.00470707705244422,1936.0,262.0
6123,98,4927,0.00905059278011322,1937.0,709.0
5643,23,1186,0.16214458644390106,1938.0,616.0
6563,129,6500,0.0007613417692482471,1939.0,620.0
6427,70,3534,0.004131893627345562,1940.0,461.0
5207,114,5718,0.9152579307556152,1941.0,3355.0
5216,54,2733,0.006374298129230738,1942.0,305.0
6374,29,1494,0.007694117724895477,1943.0,1939.0
6374,31,1568,0.016838843002915382,1944.0,677.0
6642,44,2246,0.004119534976780415,1945.0,632.0
5834,35,1784,0.00440557673573494,1946.0,6267.0
5639,15,757,0.004547270946204662,1947.0,1157.0
5948,22,1119,0.004739170428365469,1948.0,2194.0
6095,0,35,0.005759102292358875,1949.0,3183.0
5643,43,2193,0.026702843606472015,1950.0,82.0
6526,0,38,0.8724707365036011,1951.0,1595.0
6526,3,184,0.006367545574903488,1952.0,193.0
5944,0,2,0.009154021739959717,1953.0,1429.0
5944,0,21,0.0030409807804971933,1954.0,604.0
6482,53,2684,0.0025082046631723642,1955.0,1249.0
5639,47,2376,0.017846424132585526,1956.0,3240.0
5616,93,4662,0.00481359101831913,1957.0,1202.0
5848,58,2920,0.003055464243516326,1958.0,2350.0
5960,39,1985,0.013905713334679604,1959.0,68.0
5368,89,4492,0.008878041058778763,1960.0,1245.0
6079,15,773,0.01864675059914589,1961.0,602.0
6614,40,2030,0.0034443456679582596,1962.0,264.0
5875,191,9579,0.003305634716525674,1963.0,2772.0
6611,16,820,0.005433920305222273,1964.0,301.0
6611,16,839,0.002007582224905491,1965.0,1085.0
6123,136,6840,0.0037009194493293762,1966.0,1108.0
5441,22,1133,0.004156047943979502,1967.0,1958.0
5703,20,1022,0.003970425110310316,1968.0,632.0
5386,32,1643,0.010840484872460365,1969.0,1713.0
5386,106,5331,0.0066695502027869225,1970.0,694.0
5386,106,5337,0.0019123536767438054,1971.0,1809.0
6011,82,4119,0.005504216067492962,1972.0,1327.0
6122,78,3946,0.03129176050424576,1973.0,1579.0
5408,26,1319,0.013670273125171661,1974.0,110.0
5831,17,864,0.004205225966870785,1975.0,1496.0
6632,65,3278,0.8978222012519836,1976.0,2894.0
6616,85,4288,0.008052464574575424,1977.0,2049.0
5628,4,204,0.13522987067699432,1978.0,216.0
5749,21,1088,0.003086637007072568,1979.0,387.0
6015,93,4656,0.0031866279896348715,1980.0,568.0
6304,186,9334,0.0023982261773198843,1981.0,274.0
6448,186,9323,0.0022835005074739456,1982.0,1283.0
5694,49,2482,0.12019625306129456,1983.0,18.0
6344,52,2606,0.002925116801634431,1984.0,1539.0
6198,210,10546,0.004691620822995901,1985.0,517.0
5854,136,6850,0.00561242550611496,1986.0,1910.0
5396,44,2201,0.0010274989763274789,1987.0,465.0
5729,67,3385,0.004536256659775972,1988.0,3005.0
5084,42,2125,0.006810181774199009,1989.0,1399.0
5906,180,9019,0.0024496198166161776,1990.0,4585.0
6346,52,2627,0.006429302506148815,1991.0,1981.0
5051,26,1317,0.03090127743780613,1992.0,10432.0
4955,136,6820,0.0224213395267725,1993.0,489.0
4955,138,6918,0.001595326466485858,1994.0,2308.0
5845,59,2993,0.0032179260160773993,1995.0,1415.0
5746,20,1030,-999999.9,-1.0,-1.0
5738,6,343,0.026021035388112068,1997.0,1342.0
6382,166,8308,0.002530124271288514,1998.0,569.0
6325,1,72,0.005520883481949568,1999.0,4956.0
5782,42,2124,0.03375503420829773,2000.0,5973.0
5767,194,9708,0.0033963345922529697,2001.0,2031.0
6404,34,1704,0.01198672130703926,2002.0,875.0
5031,15,758,0.0023874116595834494,2003.0,1002.0
6446,55,2756,0.004287560470402241,2004.0,1879.0
5767,204,10235,0.005268436390906572,2005.0,888.0
6543,16,825,0.0027811299078166485,2006.0,2313.0
5758,58,2942,0.005153317470103502,2007.0,1195.0
5965,49,2499,0.005696292966604233,2008.0,1405.0
5966,29,1494,0.004290957003831863,2009.0,2914.0
6298,132,6635,0.2028525024652481,2010.0,1375.0
5044,62,3148,0.00306060747243464,2011.0,2490.0
5767,20,1029,0.0019517341861501336,2012.0,169.0
6056,21,1084,0.007997969165444374,2013.0,1173.0
5912,12,637,0.003536420175805688,2014.0,2462.0
6590,33,1683,0.003136330982670188,2015.0,1230.0
5445,9,490,0.00454332260414958,2016.0,1734.0
5445,10,521,0.004084943328052759,2017.0,777.0
5708,16,835,0.1664959043264389,2018.0,1847.0
6692,35,1795,0.007126086391508579,2019.0,341.0
6616,116,5827,0.0044919890351593494,2020.0,1768.0
6528,144,7208,0.3424248695373535,2021.0,1095.0
6528,144,7245,0.003739377949386835,2022.0,321.0
6288,45,2293,0.0038998371455818415,2023.0,785.0
5368,7,386,0.007981222122907639,2024.0,3028.0
6344,6,347,0.03650638461112976,2025.0,1548.0
6070,25,1264,0.0063191684894263744,2026.0,1601.0
6070,25,1292,0.0011571093928068876,2027.0,1027.0
6312,32,1618,0.0025960514321923256,2028.0,752.0
5418,41,2087,0.0032968504820019007,2029.0,1292.0
5418,43,2171,0.03680986538529396,2030.0,530.0
6160,48,2450,0.29362890124320984,2031.0,517.0
5455,24,1228,0.004082394763827324,2032.0,1383.0
6697,33,1659,0.005016442388296127,2033.0,2084.0
6560,46,2334,0.004598970524966717,2034.0,3200.0
6367,37,1858,0.012794692069292068,2035.0,4420.0
6528,62,3107,0.003911721054464579,2036.0,1382.0
5996,60,3010,0.5073985457420349,2037.0,2146.0
6300,145,7263,0.00973485503345728,2038.0,2628.0
6301,134,6724,0.014567909762263298,2039.0,1211.0
5384,121,6066,0.006778573617339134,2040.0,330.0
6652,6,307,0.004743020515888929,2041.0,1802.0
5603,14,708,0.004569498356431723,2042.0,1082.0
5909,77,3881,0.03034696727991104,2043.0,1049.0
5586,201,10067,0.003678589127957821,2044.0,831.0
5607,68,3408,0.0035912198945879936,2045.0,2406.0
5375,17,870,0.0032524557318538427,2046.0,224.0
5819,119,5958,0.008450707420706749,2047.0,2197.0
6666,127,6363,0.01035363133996725,2048.0,2964.0
5279,33,1676,0.013824321329593658,2049.0,1336.0
5404,11,582,0.004174248315393925,2050.0,1390.0
5025,116,5833,0.012685590423643589,2051.0,1111.0
6030,33,1689,0.006371049676090479,2052.0,686.0
5433,74,3720,0.010709438472986221,2053.0,3608.0
6647,39,1980,0.008362861350178719,2054.0,2548.0
5029,48,2431,0.005493993405252695,2055.0,510.0
5005,22,1146,0.003016425995156169,2056.0,985.0
6594,53,2659,0.0482158362865448,2057.0,710.0
6594,55,2771,0.00264999782666564,2058.0,2305.0
5037,6,341,0.005010331515222788,2059.0,1471.0
6307,13,686,0.005061798729002476,2060.0,76.0
6330,4,225,-999999.9,-1.0,-1.0
6589,108,5406,0.00439849030226469,2062.0,591.0
4971,59,2993,0.004240811802446842,2063.0,2539.0
5880,1,64,0.004737338051199913,2064.0,1399.0
5622,14,732,0.005086066201329231,2065.0,1610.0
6591,134,6730,0.06445040553808212,2066.0,1374.0
5452,47,2379,0.036227915436029434,2067.0,3610.0
5143,2,114,0.003910253755748272,2068.0,1166.0
5143,3,168,0.006174701731652021,2069.0,1685.0
6334,40,2018,0.003603181568905711,2070.0,180.0
5211,67,3375,0.00728470366448164,2071.0,1980.0
6343,107,5352,0.0037913406267762184,2072.0,1026.0
6506,97,4886,0.006295711267739534,2073.0,227.0
6535,60,3003,0.003687505843117833,2074.0,1933.0
6213,18,928,0.004180401563644409,2075.0,95.0
6304,160,8037,0.005185071844607592,2076.0,1579.0
5368,75,3787,0.0022238672245293856,2077.0,1212.0
6573,41,2080,0.007053501438349485,2078.0,761.0
6553,147,7387,0.0019974091555923223,2079.0,552.0
5384,199,9994,0.0052680461667478085,2080.0,3545.0
6184,6,336,0.0094327786937356,2081.0,1450.0
6668,133,6676,0.0027580184396356344,2082.0,2327.0
5267,4,243,0.04423897713422775,2083.0,2148.0
5904,9,459,0.009867385029792786,2084.0,11417.0
6282,13,657,0.03427339345216751,2085.0,1497.0
6282,13,681,0.004857194144278765,2086.0,224.0
6321,62,3111,0.015309574082493782,2087.0,2670.0
4971,16,846,0.004663624335080385,2088.0,811.0
4971,19,953,0.002595342928543687,2089.0,1424.0
5925,104,5227,0.0038298266008496284,2090.0,771.0
6319,29,1471,0.004086140543222427,2091.0,955.0
5977,30,1545,0.020906932651996613,2092.0,2196.0
5979,87,4362,0.0038773773703724146,2093.0,284.0
5635,10,502,0.004865717608481646,2094.0,1836.0
6303,52,2601,0.0054565235041081905,2095.0,546.0
6647,1,62,0.012257758527994156,2096.0,589.0
5602,19,975,0.003314781468361616,2097.0,1144.0
5905,32,1618,-999999.9,-1.0,-1.0
5384,134,6741,0.00432173628360033,2099.0,3128.0
6502,10,529,0.003766163717955351,2100.0,1861.0
5061,149,7499,0.012503374367952347,2101.0,1523.0
5423,0,33,0.001988850999623537,2102.0,2478.0
5436,33,1679,0.004509979393333197,2103.0,2071.0
5436,33,1681,0.003726692171767354,2104.0,2600.0
5600,141,7052,0.005729698110371828,2105.0,3426.0
5709,94,4738,0.004788815975189209,2106.0,704.0
5127,130,6524,0.00361455837264657,2107.0,1388.0
6670,50,2535,0.004238488618284464,2108.0,975.0
6670,52,2607,0.004480584524571896,2109.0,1475.0
6091,172,8641,0.0070280819199979305,2110.0,539.0
5782,28,1433,0.0044191209599375725,2111.0,2070.0
5051,82,4137,0.0020893786568194628,2112.0,186.0
5403,6,303,0.0018208607798442245,2113.0,4659.0
6353,100,5006,0.010180729441344738,2114.0,4041.0
6608,55,2793,0.5464157462120056,2115.0,429.0
5887,13,664,0.015163499861955643,2116.0,426.0
5887,13,682,0.0025214413180947304,2117.0,186.0
6288,2,120,0.008261184208095074,2118.0,1262.0
6301,200,10030,0.0020379284396767616,2119.0,418.0
6591,0,32,0.003443455323576927,2120.0,830.0
6407,128,6408,0.0052690040320158005,2121.0,1596.0
6410,24,1221,0.7393984198570251,2122.0,2914.0
5396,70,3515,0.006040317937731743,2123.0,2225.0
5278,102,5137,0.00924424733966589,2124.0,13004.0
5586,153,7691,0.005572410766035318,2125.0,966.0
5385,154,7739,0.0014207852073013783,2126.0,611.0
5975,58,2926,0.004649858921766281,2127.0,722.0
5975,61,3080,0.01145436055958271,2128.0,3132.0
6203,34,1747,0.0076501076109707355,2129.0,2560.0
5606,21,1070,0.5869268774986267,2130.0,1207.0
6529,87,4379,0.0011412558378651738,2131.0,1529.0
4997,4,221,0.004417474381625652,2132.0,3974.0
5831,132,6629,0.002432839013636112,2133.0,870.0
6668,113,5693,0.8874056339263916,2134.0,2308.0
5187,67,3371,0.0050399950705468655,2135.0,1811.0
6201,17,862,0.0037768930196762085,2136.0,1878.0
5272,74,3745,0.0043730176985263824,2137.0,1664.0
6622,2,109,0.00352432276122272,2138.0,253.0
5233,83,4160,0.0025880259927362204,2139.0,1453.0
5169,73,3688,0.012429210357367992,2140.0,1057.0
5985,2,144,0.007439543958753347,2141.0,763.0
5359,1,78,0.012106218375265598,2142.0,1775.0
6281,24,1244,0.004365402739495039,2143.0,3087.0
6324,72,3644,0.09412793815135956,2144.0,908.0
6324,73,3684,0.051749132573604584,2145.0,2705.0
5853,366,18330,0.013114777393639088,2146.0,2357.0
6074,46,2339,0.00587831437587738,2147.0,1466.0
5273,75,3791,0.00486396811902523,2148.0,2276.0
5619,10,522,0.0016519379569217563,2149.0,1975.0
4962,134,6708,0.0033704403322190046,2150.0,2751.0
5779,37,1897,0.02137785404920578,2151.0,812.0
6552,2,123,0.00534767284989357,2152.0,2435.0
6552,2,143,0.008686651475727558,2153.0,1077.0
6647,98,4919,0.004677673801779747,2154.0,1750.0
6671,92,4643,0.0073348479345440865,2155.0,3581.0
6312,154,7708,0.0020731722470372915,2156.0,577.0
6600,128,6443,0.00480193505063653,2157.0,2133.0
6338,35,1783,0.019670886918902397,2158.0,2740.0
6377,32,1631,0.003672205377370119,2159.0,1041.0
5752,43,2158,0.005982246249914169,2160.0,2279.0
6073,94,4745,0.005097085610032082,2161.0,3646.0
6211,121,6065,0.0015557750593870878,2162.0,313.0
6534,45,2259,0.0025552110746502876,2163.0,2469.0
5275,65,3290,0.011064158752560616,2164.0,1191.0
6404,172,8613,0.002286890521645546,2165.0,1012.0
5364,90,4512,0.004462830256670713,2166.0,1217.0
5725,96,4812,0.006960422731935978,2167.0,4388.0
6151,48,2408,0.003861637320369482,2168.0,1616.0
5709,82,4111,0.9879422783851624,2169.0,2244.0
5709,83,4178,0.03481109067797661,2170.0,2993.0
6336,160,8037,0.003941331058740616,2171.0,2253.0
6319,24,1210,0.009709067642688751,2172.0,335.0
6608,59,2981,0.007737305480986834,2173.0,74.0
6634,103,5197,0.0036715723108500242,2174.0,1807.0
6348,163,8177,0.05711372569203377,2175.0,1109.0
6226,71,3577,0.0025672244373708963,2176.0,1315.0
6150,2,107,0.0054560573771595955,2177.0,2283.0
6092,174,8745,0.011366793885827065,2178.0,276.0
5182,23,1169,0.004136328585445881,2179.0,622.0
6090,71,3573,0.45278576016426086,2180.0,2996.0
5331,11,592,0.003888456616550684,2181.0,1810.0
6507,121,6054,0.005616562440991402,2182.0,2733.0
6507,123,6172,0.006294111255556345,2183.0,1618.0
6457,164,8207,0.00900929793715477,2184.0,2505.0
6173,21,1092,0.0023190039210021496,2185.0,1562.0
5940,28,1434,0.002391465939581394,2186.0,717.0
5653,79,3961,-999999.9,-1.0,-1.0
5364,192,9622,0.03968487307429314,2188.0,5132.0
5454,0,21,0.008824958465993404,2189.0,1611.0
5587,6,341,0.13177336752414703,2190.0,1362.0
5783,11,583,0.0028785942122340202,2191.0,982.0
5819,26,1327,0.0034268491435796022,2192.0,1933.0
6348,90,4538,0.0041052852757275105,2193.0,1238.0
6461,8,445,0.002183628501370549,2194.0,2636.0
4997,14,721,0.0033841226249933243,2195.0,1080.0
6508,43,2166,0.16049830615520477,2196.0,1195.0
5412,87,4400,0.12292297184467316,2197.0,2966.0
5368,85,4255,0.021102970466017723,2198.0,196.0
6528,49,2492,0.002105103339999914,2199.0,1997.0
5214,52,2601,0.00263262540102005,2200.0,3638.0
5636,41,2053,0.012411260046064854,2201.0,1410.0
6058,20,1043,0.003406182862818241,2202.0,2242.0
6076,132,6646,0.0024074087850749493,2203.0,160.0
5752,57,2863,0.0029592234641313553,2204.0,1726.0
5836,84,4209,0.0021174929570406675,2205.0,731.0
5858,10,502,0.007633178029209375,2206.0,1185.0
5000,88,4424,0.004162093624472618,2207.0,1234.0
5000,92,4622,0.017102446407079697,2208.0,790.0
6594,44,2218,0.0027412823401391506,2209.0,1467.0
6594,44,2241,0.04928239807486534,2210.0,176.0
6594,45,2267,0.005485824309289455,2211.0,2414.0
6444,183,9166,0.014953210018575191,2212.0,3312.0
6580,6,345,0.0040049259550869465,2213.0,816.0
5043,10,537,0.0018063251627609134,2214.0,3408.0
5752,10,513,0.009495686739683151,2215.0,837.0
5845,8,429,0.003401926951482892,2216.0,560.0
5897,36,1808,0.0045381104573607445,2217.0,360.0
5941,2,112,0.00760208023712039,2218.0,1593.0
6457,94,4710,0.0048765442334115505,2219.0,880.0
5733,67,3382,0.014964072033762932,2220.0,162.0
6535,144,7227,0.006020587868988514,2221.0,1154.0
6603,56,2824,0.04211956635117531,2222.0,2404.0
5831,35,1770,0.04265373572707176,2223.0,2470.0
6350,2,102,0.005930945742875338,2224.0,1687.0
6680,45,2270,0.026378126814961433,2225.0,1003.0
6320,49,2486,0.003327068407088518,2226.0,248.0
6506,72,3622,0.019698210060596466,2227.0,2255.0
5906,197,9859,0.004829969257116318,2228.0,795.0
6314,72,3614,0.0038037823978811502,2229.0,451.0
5262,86,4317,0.0025371762458235025,2230.0,103.0
5262,88,4401,0.002974022878333926,2231.0,3534.0
5983,27,1380,0.004519726149737835,2232.0,1900.0
6621,39,1960,0.003953168634325266,2233.0,1431.0
6461,47,2366,0.014992253854870796,2234.0,1292.0
6461,47,2391,0.016942942515015602,2235.0,104.0
6139,102,5108,0.21670112013816833,2236.0,2053.0
6377,39,1990,0.008605366572737694,2237.0,1441.0
6381,25,1259,0.004050696734338999,2238.0,3695.0
6479,39,1982,0.002804727992042899,2239.0,1071.0
6448,8,403,0.019036689773201942,2240.0,2251.0
6680,63,3191,0.0027030755300074816,2241.0,1953.0
6467,26,1328,0.0029598791152238846,2242.0,793.0
6318,8,407,0.010698117315769196,2243.0,1259.0
6151,71,3597,0.0072883982211351395,2244.0,1793.0
6483,62,3106,0.010097300633788109,2245.0,1872.0
6004,82,4129,0.007719389162957668,2246.0,225.0
6381,192,9609,0.0009618212352506816,2247.0,538.0
6319,97,4873,0.0036741027142852545,2248.0,2581.0
6080,129,6497,0.0014651826350018382,2249.0,606.0
6634,96,4825,0.001791505259461701,2250.0,2774.0
5650,23,1186,0.003824959509074688,2251.0,2125.0
6461,46,2344,0.005404213443398476,2252.0,2438.0
6690,164,8229,0.004259682726114988,2253.0,480.0
6690,165,8257,0.005131771322339773,2254.0,1452.0
6440,15,783,0.0053109703585505486,2255.0,2322.0
6440,16,839,0.0038540507666766644,2256.0,1241.0
5938,8,448,0.002534341998398304,2257.0,677.0
5691,51,2562,0.006436802912503481,2258.0,2806.0
6440,0,19,0.005785951856523752,2259.0,945.0
6440,0,48,0.008462483063340187,2260.0,2542.0
6553,125,6266,0.008747628889977932,2261.0,2135.0
6615,28,1431,0.00390312890522182,2262.0,315.0
6336,171,8563,0.0034701447002589703,2263.0,662.0
6199,194,9724,0.00154931063298136,2264.0,991.0
6565,212,10647,0.005069830920547247,2265.0,695.0
6231,83,4165,0.0032290632370859385,2266.0,3396.0
6339,21,1081,0.0035837951581925154,2267.0,4726.0
6168,58,2917,0.0035941884852945805,2268.0,2102.0
5819,96,4830,0.005381274968385696,2269.0,2042.0
6218,26,1315,0.002242765622213483,2270.0,3403.0
5832,227,11365,0.022976435720920563,2271.0,267.0
5746,24,1229,0.09283798933029175,2272.0,2961.0
5455,51,2584,0.0029854634776711464,2273.0,843.0
6121,70,3523,0.0013893102295696735,2274.0,678.0
6121,70,3528,0.004951215349137783,2275.0,1563.0
5154,168,8431,0.0010038050822913647,2276.0,472.0
6180,61,3096,0.005618136841803789,2277.0,1623.0
6168,60,3018,0.0094267213717103,2278.0,2760.0
6118,3,175,0.009214244782924652,2279.0,1723.0
6235,110,5547,0.0013470376143231988,2280.0,313.0
5625,34,1704,0.006111529655754566,2281.0,2051.0
5949,3,168,0.0030599019955843687,2282.0,1347.0
6371,47,2367,0.004324429202824831,2283.0,1214.0
6371,47,2394,0.007031404413282871,2284.0,4606.0
6318,104,5204,0.006341051310300827,2285.0,1275.0
6318,104,5228,0.0025361194275319576,2286.0,1389.0
6575,87,4366,0.002510418649762869,2287.0,1185.0
5823,184,9211,0.0032277770806103945,2288.0,177.0
6382,2,130,0.004916931502521038,2289.0,2487.0
5372,0,21,0.001265775179490447,2290.0,262.0
6653,69,3465,0.005611257627606392,2291.0,3613.0
5368,99,4973,0.004638962913304567,2292.0,2017.0
6216,99,4962,0.0113576864823699,2293.0,685.0
6483,18,934,0.053729791194200516,2294.0,203.0
6503,66,3311,0.0018771322211250663,2295.0,1609.0
6173,50,2504,0.0032332621049135923,2296.0,2857.0
5424,1,62,0.0071585034020245075,2297.0,2295.0
6463,78,3950,0.005347938742488623,2298.0,1381.0
6546,61,3065,0.006428048014640808,2299.0,1303.0
5653,23,1185,0.030727405101060867,2300.0,3767.0
5089,9,455,0.21012996137142181,2301.0,244.0
6115,102,5122,0.0035056101623922586,2302.0,2387.0
6560,11,566,0.003800014965236187,2303.0,1663.0
6524,47,2385,0.005445797462016344,2304.0,843.0
6343,58,2908,0.0023490216117352247,2305.0,1225.0
5397,39,1967,0.004426152445375919,2306.0,1915.0
5859,3,196,0.004620950203388929,2307.0,1068.0
6211,27,1399,0.677495539188385,2308.0,3475.0
5869,19,972,0.02679414488375187,2309.0,567.0
5935,56,2807,0.004140685312449932,2310.0,2834.0
6417,115,5780,0.0020182961598038673,2311.0,449.0
6182,75,3751,0.003904960583895445,2312.0,2413.0
6303,14,705,0.03840290755033493,2313.0,269.0
6592,23,1165,0.0018392999190837145,2314.0,2258.0
6592,26,1303,0.0036684039514511824,2315.0,3290.0
6333,1,68,0.31881919503211975,2316.0,1686.0
6058,15,777,0.004552231635898352,2317.0,851.0
5719,71,3591,0.0032639726996421814,2318.0,734.0
6305,32,1629,0.0034414054825901985,2319.0,1629.0
6312,133,6694,0.0045506153255701065,2320.0,1491.0
5454,98,4932,0.007686297409236431,2321.0,2871.0
6527,211,10599,0.003480123355984688,2322.0,731.0
6527,212,10639,0.004371884278953075,2323.0,3456.0
6106,44,2233,0.005242595449090004,2324.0,2141.0
6140,69,3500,0.02047707326710224,2325.0,2156.0
6691,5,297,0.0016817149007692933,2326.0,292.0
6691,7,387,0.003850444220006466,2327.0,1503.0
5762,183,9160,0.003893692512065172,2328.0,469.0
6465,30,1513,0.007197668310254812,2329.0,962.0
6506,179,8975,0.018736500293016434,2330.0,906.0
6333,35,1778,0.0040633645839989185,2331.0,2941.0
5842,27,1375,0.005964615847915411,2332.0,548.0
5628,8,434,0.0033562497701495886,2333.0,2151.0
6606,77,3897,0.004259312525391579,2334.0,947.0
6606,78,3932,0.004079135600477457,2335.0,123.0
6028,11,558,0.004410299472510815,2336.0,1014.0
6358,25,1291,0.034652501344680786,2337.0,821.0
6521,91,4570,0.003372777719050646,2338.0,1937.0
6698,150,7510,0.798782229423523,2339.0,3452.0
5455,90,4504,0.004923973232507706,2340.0,1915.0
6630,86,4340,0.0043305400758981705,2341.0,2932.0
6630,87,4386,0.0028868219815194607,2342.0,1840.0
6608,34,1717,0.0037135013844817877,2343.0,2019.0
6608,34,1735,0.004500727169215679,2344.0,1933.0
5804,24,1219,0.001973917940631509,2345.0,994.0
6079,22,1148,0.003753886790946126,2346.0,1178.0
6314,7,386,0.0032886515837162733,2347.0,399.0
6638,22,1140,0.012670263648033142,2348.0,1709.0
5989,3,175,0.0023045430425554514,2349.0,444.0
5989,6,346,0.001513320137746632,2350.0,951.0
6031,27,1389,0.005616927519440651,2351.0,1595.0
5427,5,259,0.0014597928384318948,2352.0,657.0
6507,46,2347,0.0027098662685602903,2353.0,233.0
6031,19,988,0.008556659333407879,2354.0,1362.0
6031,50,2504,0.0032375201117247343,2355.0,2426.0
5914,123,6174,0.003424552036449313,2356.0,1682.0
5437,14,728,0.006357269827276468,2357.0,966.0
6634,47,2384,0.003265375504270196,2358.0,2085.0
5948,24,1223,0.006324665620923042,2359.0,2013.0
6593,4,247,0.026140335947275162,2360.0,468.0
6639,45,2271,0.9980304837226868,2361.0,2944.0
6226,6,309,0.003963743802160025,2362.0,1055.0
6336,96,4817,0.05547146499156952,2363.0,935.0
5892,18,942,0.0242864228785038,2364.0,1662.0
6304,64,3241,0.004905871581286192,2365.0,1273.0
5921,143,7172,0.0175003819167614,2366.0,378.0
6285,141,7098,0.06989389657974243,2367.0,1255.0
5963,6,307,0.0030856397934257984,2368.0,840.0
5099,33,1655,0.008204887621104717,2369.0,609.0
6614,151,7559,0.005786917172372341,2370.0,556.0
6614,162,8121,0.003944314084947109,2371.0,1167.0
5835,321,16072,0.005913024768233299,2372.0,1536.0
6465,33,1677,0.005141084082424641,2373.0,793.0
6616,89,4489,0.00407013762742281,2374.0,406.0
6136,6,333,0.004680091980844736,2375.0,1400.0
6027,84,4204,0.0036951766815036535,2376.0,367.0
5940,3,185,0.004110842943191528,2377.0,1069.0
6616,167,8395,0.002452132059261203,2378.0,1769.0
5419,118,5915,0.002430783351883292,2379.0,770.0
6542,58,2902,0.4380689561367035,2380.0,2184.0
6074,105,5288,0.005950747523456812,2381.0,1984.0
6113,97,4874,0.005159755703061819,2382.0,1787.0
6589,74,3704,0.008386332541704178,2383.0,1422.0
5758,34,1702,0.00685191759839654,2384.0,3743.0
6117,3,180,0.0051369150169193745,2385.0,2139.0
6070,60,3017,0.005332344211637974,2386.0,463.0
5056,14,740,0.0031069726683199406,2387.0,160.0
5262,64,3246,0.005592233967036009,2388.0,1671.0
6600,176,8805,0.0020298073068261147,2389.0,519.0
5600,55,2760,0.007674094755202532,2390.0,2978.0
6139,6,347,0.3771509528160095,2391.0,2358.0
6327,27,1381,0.8771576881408691,2392.0,3735.0
5819,125,6261,0.005362792871892452,2393.0,3010.0
5768,15,772,0.008374293334782124,2394.0,1088.0
6440,26,1333,0.0060808067210018635,2395.0,1264.0
6219,122,6104,0.0036990719381719828,2396.0,685.0
6021,218,10941,0.004685348365455866,2397.0,2093.0
5625,210,10541,0.003609358798712492,2398.0,2912.0
5194,6,308,0.007663398049771786,2399.0,2440.0
6589,56,2840,0.009159624576568604,2400.0,1626.0
6377,20,1033,0.009226196445524693,2401.0,2041.0
6461,15,777,0.0025474000722169876,2402.0,895.0
6406,3,197,0.1506446748971939,2403.0,633.0
6333,51,2577,0.006784036755561829,2404.0,600.0
6333,55,2771,0.0038967912551015615,2405.0,406.0
6151,36,1850,0.014214417897164822,2406.0,1552.0
4971,160,8016,0.01911609247326851,2407.0,2341.0
6401,82,4106,0.005995321087539196,2408.0,2977.0
5445,13,661,0.05377747491002083,2409.0,169.0
5588,109,5465,0.0035755035933107138,2410.0,4771.0
6203,55,2799,0.17715230584144592,2411.0,3126.0
6548,109,5500,0.005046560894697905,2412.0,1604.0
5192,3,196,0.005038646515458822,2413.0,4090.0
6021,83,4184,0.003155436832457781,2414.0,1786.0
5905,65,3296,0.0056830476969480515,2415.0,1293.0
5823,166,8314,0.7486698031425476,2416.0,3673.0
6679,21,1085,0.0055364822037518024,2417.0,392.0
5703,44,2236,0.0032322832848876715,2418.0,1584.0
5727,109,5496,0.005914861336350441,2419.0,4353.0
5370,47,2360,0.0031654557678848505,2420.0,474.0
5046,51,2562,0.004549252800643444,2421.0,1197.0
6482,141,7069,0.21912646293640137,2422.0,2178.0
5836,89,4495,0.0023769352119416,2423.0,149.0
6417,102,5130,0.009776548482477665,2424.0,3767.0
5782,74,3736,0.006451870314776897,2425.0,697.0
6440,10,544,0.009985239244997501,2426.0,6827.0
6567,7,375,0.0017394637688994408,2427.0,1141.0
5996,14,723,0.005155165679752827,2563.0,747.0
5966,187,9366,0.0016597305657342076,2429.0,610.0
6162,43,2173,0.006442163605242968,2430.0,2407.0
6031,43,2199,0.0024632015265524387,2431.0,2172.0
5437,129,6479,0.005922713782638311,2432.0,3941.0
5971,123,6196,0.01280049979686737,2433.0,2115.0
6055,21,1064,0.007672603242099285,2434.0,1578.0
6055,23,1198,0.004713340196758509,2435.0,2356.0
5656,53,2690,0.006500896532088518,2436.0,1729.0
5656,55,2770,0.3373284637928009,2437.0,1808.0
6427,88,4436,0.005179472267627716,2438.0,2432.0
6314,13,696,0.009247710928320885,2439.0,284.0
5985,5,261,0.004079823382198811,2440.0,1160.0
5607,38,1946,0.00490338122472167,2441.0,2723.0
6620,135,6765,0.004855371080338955,2442.0,900.0
5428,4,228,0.004221218638122082,2443.0,4065.0
6698,76,3828,0.003252547001466155,2444.0,3681.0
5758,0,39,0.07749234139919281,2445.0,1275.0
6625,46,2317,0.003944786265492439,2446.0,1090.0
6348,17,868,0.003271662164479494,2447.0,1835.0
5774,110,5547,0.006262502633035183,2448.0,1132.0
5957,8,409,0.005680278409272432,2449.0,2198.0
5957,9,500,0.006866557989269495,2450.0,1549.0
5836,25,1271,0.05323748290538788,2451.0,917.0
5388,27,1387,0.008057869970798492,2452.0,712.0
6168,166,8306,0.006630619987845421,2453.0,3886.0
5894,13,686,0.00412847101688385,2454.0,1500.0
6100,84,4229,0.0894387736916542,2455.0,1532.0
6628,25,1295,0.004172084387391806,2456.0,5242.0
5351,27,1391,0.0015937096904963255,2457.0,2287.0
5723,6,344,0.0029767840169370174,2458.0,3316.0
5830,14,702,0.010150734335184097,2459.0,1421.0
6475,50,2542,0.00291904853656888,2460.0,1730.0
6138,94,4743,0.002184342360123992,2461.0,3073.0
6462,46,2310,0.15207746624946594,2462.0,1472.0
5625,130,6538,0.0038562575355172157,2463.0,1489.0
6406,170,8527,0.00726972846314311,2464.0,2645.0
6217,142,7128,0.007112064864486456,2465.0,423.0
5056,62,3107,0.004406076390296221,2466.0,2842.0
6220,2,126,0.002965217223390937,2467.0,191.0
6220,4,214,0.003946081269532442,2468.0,1548.0
6380,112,5646,0.002422359539195895,2469.0,842.0
6382,110,5540,0.0023916796781122684,2470.0,1275.0
5709,13,659,0.0014147977344691753,2471.0,545.0
6217,44,2229,0.003246936947107315,2472.0,2077.0
6588,62,3125,0.005525799002498388,2473.0,2228.0
6589,138,6919,0.004164703655987978,2474.0,625.0
5985,49,2467,0.011041221208870411,2475.0,9136.0
5755,8,421,0.04232427477836609,2476.0,7796.0
5966,160,8026,0.9816561341285706,2477.0,6820.0
5767,78,3925,0.0026289683301001787,2478.0,84.0
4999,27,1371,0.005325394682586193,2479.0,753.0
6666,109,5460,0.0019213375635445118,2480.0,87.0
5966,21,1088,0.006612504366785288,2481.0,1362.0
6605,98,4947,0.0038983148988336325,2482.0,1254.0
6605,98,4949,0.00351287005469203,2483.0,2373.0
5393,43,2187,0.0022148960269987583,2484.0,1217.0
6288,162,8127,0.009832479059696198,2485.0,707.0
6031,59,2998,0.028237933292984962,2486.0,660.0
5456,20,1020,0.0117922592908144,2487.0,995.0
6676,71,3600,0.0010716011747717857,2488.0,595.0
6387,8,448,0.002311945427209139,2489.0,2073.0
5835,390,19513,0.006021922454237938,2490.0,1717.0
6527,88,4408,0.003915828187018633,2491.0,2143.0
5730,13,653,0.007465860340744257,2492.0,2778.0
5604,70,3520,0.00234599900431931,2493.0,923.0
6031,48,2449,0.004307896364480257,2494.0,5363.0
6666,154,7704,0.004133780021220446,2495.0,2650.0
6603,41,2083,0.003959666006267071,2496.0,2293.0
5624,47,2378,0.002228964352980256,2497.0,668.0
5891,135,6774,0.014571701176464558,2498.0,1262.0
5979,103,5154,0.01712685637176037,2499.0,3019.0
6599,101,5069,0.006655399687588215,2500.0,5046.0
6647,201,10069,0.005424077622592449,2501.0,1350.0
6298,138,6937,0.0026298186276108027,2502.0,1227.0
5824,203,10161,0.005388239398598671,2503.0,2081.0
6571,25,1254,0.014096790924668312,2504.0,1465.0
5937,14,725,0.002035218756645918,2505.0,2003.0
6692,62,3121,0.01634550839662552,2506.0,594.0
6692,63,3161,0.0052070459350943565,2507.0,3021.0
6614,101,5051,0.0031513655558228493,2508.0,1351.0
6525,30,1515,0.0027876824606209993,2509.0,395.0
6387,171,8597,0.004887399263679981,2510.0,1876.0
5411,4,211,0.00842259731143713,2511.0,2389.0
5874,3,188,0.0013190328609198332,2512.0,201.0
6412,136,6806,0.005347373895347118,2513.0,1153.0
6614,128,6440,0.008245198056101799,2514.0,2041.0
5896,39,1978,0.0058764261193573475,2515.0,505.0
6162,208,10434,0.027973219752311707,2516.0,2150.0
5139,8,448,0.0036612586118280888,2517.0,469.0
6429,61,3073,0.002337284153327346,2518.0,1128.0
6548,27,1385,0.003990958444774151,2519.0,928.0
6442,32,1644,0.004722253885120153,2520.0,649.0
5892,6,346,0.003094012849032879,2521.0,703.0
6436,23,1182,0.004568993113934994,2522.0,1514.0
6436,25,1261,0.005702964495867491,2523.0,248.0
5454,53,2673,0.0047197043895721436,2524.0,3594.0
5454,123,6195,0.0046827830374240875,2525.0,1626.0
5779,41,2056,0.004064530599862337,2526.0,1032.0
6510,15,795,0.007937219925224781,2527.0,544.0
6004,174,8705,0.002688655164092779,2528.0,1609.0
6623,46,2349,0.002943112049251795,2529.0,3330.0
6623,48,2450,0.0020213585812598467,2530.0,1247.0
5891,90,4527,0.002788703190162778,2531.0,3342.0
6614,172,8645,0.0029548860620707273,2532.0,1789.0
6448,155,7784,0.00457066111266613,2533.0,2127.0
5727,100,5033,0.007975754328072071,2534.0,3023.0
5804,179,8969,0.0016480748308822513,2535.0,1270.0
6298,54,2741,0.0032376477029174566,2536.0,147.0
5616,194,9722,0.0059302737936377525,2537.0,1621.0
5437,112,5612,0.0009019647259265184,2538.0,444.0
5832,65,3266,0.0028092071879655123,2539.0,2217.0
6467,113,5698,0.004981659818440676,2540.0,667.0
6500,29,1458,0.005975836422294378,2541.0,823.0
6698,68,3424,0.002412371337413788,2542.0,2712.0
6015,88,4432,0.006180605851113796,2543.0,1953.0
6376,66,3302,0.11923188716173172,2544.0,2178.0
5832,0,48,0.0016134106554090977,2545.0,204.0
6181,11,589,0.012440910562872887,2546.0,197.0
5442,12,627,0.02453196980059147,2547.0,1543.0
5368,34,1712,0.004900199361145496,2548.0,2705.0
5910,101,5080,0.005222805310040712,2549.0,77.0
6216,76,3801,0.005269383080303669,2550.0,3775.0
6216,78,3934,0.003391702426597476,2551.0,485.0
6280,105,5290,0.0024252741131931543,2552.0,3060.0
5280,149,7480,0.0017987560713663697,2553.0,354.0
5652,7,354,0.008324000053107738,2554.0,1354.0
5036,70,3548,0.005386265926063061,2555.0,5229.0
5726,56,2807,0.004041836131364107,2556.0,1271.0
5441,41,2097,0.00485836761072278,2557.0,780.0
6311,25,1260,0.0018915379187092185,2558.0,617.0
6480,61,3076,0.0017888150177896023,2559.0,273.0
6467,94,4741,0.0021051603835076094,2560.0,200.0
6153,50,2519,0.0043290103785693645,2561.0,589.0
5915,98,4942,0.0017441522795706987,2562.0,1410.0
5996,14,723,-999999.9,-1.0,-1.0
6288,130,6528,0.003930919803678989,2564.0,2809.0
6230,139,6991,0.008937523700296879,2565.0,858.0
6487,54,2737,0.012524851597845554,2566.0,2646.0
5849,20,1019,0.009281017817556858,2567.0,980.0
5849,20,1024,0.004657160956412554,2568.0,4170.0
5445,21,1085,0.004566763993352652,2569.0,1546.0
6323,67,3392,0.004789269994944334,2570.0,926.0
6506,176,8806,0.0036163432523608208,2571.0,846.0
6300,195,9767,0.004372658208012581,2572.0,1522.0
5694,39,1992,0.003287365660071373,2573.0,3197.0
5918,6,341,0.007518636528402567,2574.0,1597.0
6598,41,2085,0.007393416948616505,2575.0,1298.0
6314,118,5931,0.00111851014662534,2576.0,339.0
5709,105,5265,0.0024715859908610582,2577.0,2345.0
6371,51,2578,0.003966751508414745,2578.0,2810.0
6507,171,8555,0.0073586502112448215,2579.0,320.0
5385,14,719,0.01019144058227539,2580.0,1727.0
6082,6,340,0.004108760505914688,2581.0,179.0
6582,25,1283,0.0070011490024626255,2582.0,1190.0
5352,17,859,0.0014236666029319167,2583.0,576.0
5719,50,2548,0.03080166131258011,2584.0,1065.0
6179,98,4933,0.004609399475157261,2585.0,1954.0
6114,17,859,0.0011942265555262566,2586.0,858.0
6114,18,908,0.017221884801983833,2587.0,1902.0
6114,19,965,0.0028885535430163145,2588.0,629.0
5625,126,6305,0.0044775912538170815,2589.0,2430.0
6098,65,3279,0.01635204255580902,2590.0,834.0
6483,75,3791,0.006057605613023043,2591.0,871.0
5635,13,683,0.0035227572079747915,2592.0,724.0
6689,134,6730,0.0023340554907917976,2593.0,1989.0
5437,153,7673,0.005572059657424688,2594.0,430.0
6308,53,2685,0.014925477094948292,2595.0,5269.0
6548,76,3841,0.0029047566931694746,2596.0,661.0
6058,181,9062,0.005530656781047583,2597.0,443.0
6074,114,5741,0.0027210903353989124,2598.0,459.0
6426,26,1307,0.0023900021333247423,2599.0,1116.0
6301,107,5393,0.004676956683397293,2600.0,771.0
5455,83,4182,0.016477515920996666,2601.0,866.0
6341,101,5099,0.018792500719428062,2602.0,1353.0
6050,15,798,0.010238923132419586,2603.0,987.0
6134,25,1274,0.028782203793525696,2604.0,1031.0
6134,26,1307,0.004139635246247053,2605.0,3659.0
5996,51,2573,0.0024801914114505053,2606.0,1245.0
5996,51,2583,0.0038582179695367813,2607.0,956.0
5911,57,2896,0.004700964316725731,2608.0,287.0
6463,88,4410,0.002304207533597946,2609.0,1424.0
5600,152,7621,0.007010215427726507,2610.0,3781.0
6410,110,5522,0.004334875848144293,2611.0,3884.0
5005,58,2936,0.013597254641354084,2612.0,2433.0
6628,40,2037,0.005144206807017326,2613.0,1941.0
6030,100,5001,0.00629456527531147,2614.0,1280.0
6468,122,6128,0.0035193776711821556,2615.0,2678.0
6362,101,5100,0.0010030617704614997,2616.0,870.0
5705,108,5408,0.003764237044379115,2617.0,910.0
5853,82,4113,0.0051539260894060135,2618.0,377.0
5089,27,1394,0.005187928676605225,2619.0,1969.0
5918,51,2591,0.008129275403916836,2620.0,1854.0
6371,19,951,0.005227559246122837,2621.0,2159.0
6592,67,3386,0.004223467782139778,2622.0,471.0
6592,69,3469,0.08569233864545822,2623.0,606.0
6480,43,2180,0.0029628484044224024,2624.0,866.0
6573,71,3569,0.0029590772464871407,2625.0,2906.0
6687,194,9708,0.004609663970768452,2626.0,3262.0
6588,30,1516,0.002242425223812461,2627.0,976.0
5691,179,8970,0.004320632666349411,2628.0,1116.0
6381,45,2287,0.005657230503857136,2629.0,946.0
5761,18,945,0.006252878345549107,2630.0,710.0
5914,128,6433,0.005658245179802179,2631.0,819.0
5619,37,1882,0.0033381630200892687,2632.0,1219.0
5887,1,68,0.006145371124148369,2633.0,947.0
5887,2,106,0.013472304679453373,2634.0,3866.0
6462,55,2787,0.005306717939674854,2635.0,3855.0
5684,12,610,0.005815161392092705,2636.0,3143.0
6406,5,283,0.0031914759892970324,2637.0,430.0
5600,186,9326,0.004606595262885094,2638.0,1767.0
5600,186,9329,0.02531832829117775,2639.0,2469.0
6569,28,1428,0.004400526639074087,2640.0,526.0
6535,98,4913,0.005188551265746355,2641.0,1661.0
6070,63,3168,0.0035926976706832647,2642.0,823.0
5983,61,3068,0.005552393849939108,2643.0,3954.0
6404,121,6055,0.006675245705991983,2644.0,1723.0
5454,152,7640,0.0037584977690130472,2645.0,481.0
5875,232,11606,0.004577285144478083,2646.0,1958.0
6182,88,4443,0.0070448871701955795,2647.0,1074.0
6182,88,4448,0.028896968811750412,2648.0,232.0
6157,22,1138,0.004256445914506912,2649.0,4199.0
6690,83,4152,0.0033865338191390038,2650.0,2055.0
6629,25,1300,0.0024920364376157522,2651.0,2689.0
5588,168,8439,0.003064855933189392,2652.0,721.0
6425,3,194,0.004707722458988428,2653.0,532.0
6448,20,1003,0.01116202026605606,2654.0,2412.0
5639,69,3461,0.0027390241157263517,2655.0,18172.0
5605,86,4334,0.001986396498978138,2656.0,1768.0
6203,53,2698,0.014092860743403435,2657.0,1038.0
5604,39,1985,0.00777801126241684,2658.0,2131.0
5709,9,499,0.004716808442026377,2659.0,903.0
6043,113,5687,0.004814049694687128,2660.0,1127.0
5957,23,1188,0.0024566466454416513,2661.0,1907.0
5957,24,1238,0.0020196540281176567,2662.0,803.0
6201,74,3711,0.006948321126401424,2663.0,8929.0
5822,54,2707,0.016420913860201836,2664.0,459.0
6533,132,6634,0.008070828393101692,2665.0,4050.0
5979,117,5855,0.0007456903113052249,2666.0,339.0
6577,75,3797,0.008089505136013031,2667.0,1402.0
6050,1,84,0.0038188742473721504,2668.0,2085.0
6410,178,8901,0.015281536616384983,2669.0,1569.0
6149,68,3404,0.0058824154548347,2670.0,1869.0
6687,140,7036,0.002830900251865387,2671.0,1231.0
6408,37,1872,0.005294863600283861,2672.0,924.0
5924,5,268,0.005528323817998171,2673.0,1164.0
5823,133,6676,0.008745069615542889,2674.0,1542.0
5598,39,1953,0.002305258996784687,2675.0,2615.0
5598,39,1993,0.002825916511937976,2676.0,792.0
6015,37,1893,0.00655972957611084,2677.0,2216.0
5933,59,2990,0.006193010602146387,2678.0,1612.0
5975,30,1532,0.002759042661637068,2679.0,217.0
5036,27,1400,0.005639961455017328,2680.0,1369.0
6370,51,2578,0.0042326063849031925,2681.0,441.0
6320,20,1014,0.0018327308353036642,2682.0,372.0
6320,22,1113,0.002674413612112403,2683.0,351.0
5719,59,2978,0.0036903524305671453,2684.0,922.0
6616,70,3502,0.06580723077058792,2685.0,754.0
5979,78,3911,0.0034181755036115646,2686.0,1224.0
6478,127,6374,0.004137582145631313,2687.0,2333.0
5733,97,4867,0.007279677782207727,2688.0,1897.0
5915,41,2075,0.006213838700205088,2689.0,1861.0
5935,61,3053,0.0061713107861578465,2690.0,3011.0
6428,10,503,0.005024801008403301,2691.0,708.0
6428,10,517,0.06200375407934189,2692.0,5985.0
5433,48,2432,0.008614730089902878,2693.0,2055.0
5965,41,2053,0.02669016271829605,2694.0,3008.0
5860,23,1183,0.003114104038104415,2695.0,1443.0
6064,39,1987,0.0040438673458993435,2696.0,3013.0
5971,98,4933,0.0026767230592668056,2697.0,1221.0
6058,158,7920,0.004176042508333921,2698.0,65.0
6058,162,8124,0.00456751836463809,2699.0,660.0
6634,93,4694,0.003285245969891548,2700.0,2392.0
6592,60,3048,0.0016888075042515993,2701.0,1548.0
5106,147,7382,0.004362371750175953,2702.0,2390.0
6091,58,2923,0.004065799061208963,2703.0,826.0
5854,175,8800,0.00245830905623734,2704.0,200.0
5934,1,66,0.0029419930651783943,2705.0,1278.0
5449,31,1586,0.003714064136147499,2706.0,737.0
6670,41,2065,0.00430705351755023,2707.0,1399.0
6417,134,6704,0.005653032101690769,2708.0,1862.0
6429,8,434,0.01661980152130127,2709.0,1735.0
5604,97,4898,0.005987207870930433,2710.0,2513.0
5604,98,4914,0.011165420524775982,2711.0,2475.0
5848,175,8785,0.004613925702869892,2712.0,2506.0
6007,53,2664,0.004737623501569033,2713.0,4148.0
6160,3,176,0.022141719236969948,2714.0,1093.0
6576,69,3478,0.004560060333460569,2715.0,1225.0
6634,159,7959,0.005862222518771887,2716.0,1180.0
5586,181,9092,0.004101797007024288,2717.0,1194.0
5265,19,996,0.02870500460267067,2718.0,625.0
6326,23,1153,0.0035481047816574574,2719.0,1398.0
5756,12,605,0.0012696721823886037,2720.0,1486.0
5961,55,2772,0.9695311188697815,2721.0,2263.0
5377,1,51,0.007223699241876602,2722.0,1148.0
5377,2,131,0.0036926353350281715,2723.0,674.0
6166,57,2853,0.004652815405279398,2724.0,512.0
6341,46,2336,0.5145592093467712,2725.0,1362.0
6359,110,5547,0.028673280030488968,2726.0,1789.0
6552,59,2960,0.030021701008081436,2727.0,1269.0
6349,18,901,0.12357192486524582,2728.0,1873.0
6199,110,5541,0.0032837369944900274,2729.0,1500.0
6301,59,2991,0.04838094487786293,2730.0,3463.0
6173,168,8432,0.04058433696627617,2731.0,89.0
5267,35,1752,0.00711588840931654,2732.0,2017.0
6528,13,654,0.00574879115447402,2733.0,304.0
6521,19,985,0.005987812764942646,2734.0,3689.0
5848,5,276,0.0033692356664687395,2735.0,262.0
6640,31,1593,0.04488135874271393,2736.0,1341.0
6647,91,4572,0.018047580495476723,2737.0,2885.0
5600,62,3111,0.0027245657984167337,2738.0,1712.0
5600,187,9382,0.004631285555660725,2739.0,14545.0
5386,193,9700,0.00867101177573204,2740.0,2702.0
5848,141,7056,0.1861376017332077,2741.0,2487.0
5965,6,347,0.008993806317448616,2742.0,1052.0
5437,57,2884,0.09384163469076157,2743.0,1859.0
5616,90,4529,0.0030992815736681223,2744.0,3726.0
5616,91,4588,0.036465030163526535,2745.0,1775.0
6015,66,3333,0.003410736098885536,2746.0,799.0
6285,39,1998,0.003931790124624968,2747.0,3437.0
5624,67,3370,0.00529234716668725,2748.0,1113.0
5624,67,3372,0.004605384077876806,2749.0,1535.0
5404,25,1287,0.02052176557481289,2750.0,864.0
6015,50,2543,0.0037833002861589193,2751.0,996.0
6015,53,2666,0.0035605409648269415,2752.0,3647.0
6596,38,1937,0.02005387283861637,2753.0,2357.0
5985,196,9835,0.0019217756344005466,2754.0,470.0
6110,71,3571,0.0010807681828737259,2755.0,840.0
6110,73,3657,0.0028641773387789726,2756.0,733.0
6347,22,1127,0.003868536790832877,2757.0,1081.0
6347,24,1249,0.0038085319101810455,2758.0,6997.0
6490,80,4045,0.00383461220189929,2759.0,3104.0
6381,13,671,0.012587941251695156,2760.0,1397.0
5971,80,4019,0.005589697510004044,2761.0,1125.0
6592,83,4170,0.008697259239852428,2762.0,1315.0
6574,27,1372,0.0032171690836548805,2763.0,1733.0
6353,62,3121,0.0024141932372003794,2764.0,3282.0
6094,2,138,0.0030022100545465946,2765.0,663.0
6360,23,1195,0.022048046812415123,2766.0,2263.0
5616,41,2096,0.0038530000019818544,2767.0,1961.0
6599,20,1035,0.01023162342607975,2768.0,453.0
6599,24,1208,0.006048898212611675,2769.0,371.0
5397,92,4639,0.005764390807598829,2770.0,1524.0
5975,78,3950,0.0045671239495277405,2771.0,3622.0
6412,61,3068,0.0033815260976552963,2772.0,934.0
5279,71,3592,0.018284592777490616,2773.0,157.0
5279,73,3661,0.005225464701652527,2774.0,1301.0
5915,71,3556,0.0036115406546741724,2775.0,215.0
6119,1,55,0.004563778173178434,2776.0,2423.0
6528,153,7677,0.004653263371437788,2777.0,2929.0
6583,53,2656,0.019196923822164536,2778.0,1405.0
6320,83,4174,0.008203133940696716,2779.0,1352.0
6632,24,1206,0.0035614545922726393,2780.0,834.0
6631,16,840,0.0035973265767097473,2781.0,2060.0
6139,22,1123,0.4027644991874695,2782.0,2653.0
5705,142,7106,0.001661426154896617,2783.0,1445.0
5437,22,1137,0.005459235981106758,2784.0,1538.0
6396,2,140,0.0114196902140975,2785.0,892.0
6484,25,1283,0.011783194728195667,2786.0,117.0
5617,33,1684,0.004077828023582697,2787.0,1152.0
5983,36,1817,0.004321516957134008,2788.0,4282.0
5393,37,1896,0.004897953476756811,2789.0,4054.0
5442,6,349,0.003215495264157653,2790.0,884.0
6683,141,7052,0.2777712643146515,2791.0,2261.0
5979,71,3580,0.007132417988032103,2792.0,2556.0
6465,18,948,0.07638527452945709,2793.0,1398.0
5782,20,1015,0.0015769317978993058,2794.0,668.0
6583,128,6417,0.04530636966228485,2795.0,1721.0
6698,117,5884,0.003778201760724187,2796.0,3077.0
5827,71,3563,0.008752170018851757,2797.0,2169.0
6517,64,3203,0.003574947826564312,2798.0,265.0
5267,62,3141,0.002832357306033373,2799.0,1883.0
6444,65,3282,0.005630675703287125,2800.0,1950.0
5915,14,731,0.00484703341498971,2801.0,5613.0
6332,46,2325,0.005032621324062347,2802.0,1032.0
5921,138,6909,0.014432759024202824,2803.0,1192.0
6337,38,1913,0.0028940767515450716,2804.0,1648.0
6030,18,913,0.0037861245218664408,2805.0,1249.0
6030,55,2776,0.005496768746525049,2806.0,434.0
5835,349,17478,0.004047113936394453,2807.0,820.0
6549,110,5503,0.00496696587651968,2808.0,238.0
6285,33,1654,0.012241389602422714,2809.0,960.0
6375,90,4502,0.004378429148346186,2810.0,2296.0
5853,114,5725,0.0030759284272789955,2811.0,4544.0
6377,3,200,0.002799286739900708,2812.0,900.0
6592,112,5627,0.005170710384845734,2813.0,4163.0
6588,21,1054,0.003273213980719447,2814.0,1343.0
5894,22,1148,0.004998249467462301,2815.0,3207.0
6404,13,681,0.004620785359293222,2816.0,411.0
5639,144,7230,0.0046440716832876205,2817.0,66.0
5686,19,951,0.004763452801853418,2818.0,434.0
6649,63,3189,0.002558422740548849,2819.0,327.0
6553,43,2180,0.0060056764632463455,2820.0,2369.0
6451,18,940,0.0024008285254240036,2821.0,223.0
6681,33,1698,0.0056297206319868565,2822.0,1493.0
5387,17,872,0.009553108364343643,2823.0,615.0
6406,34,1741,0.0020290378015488386,2824.0,721.0
6475,46,2318,0.08487311005592346,2825.0,326.0
5412,108,5410,0.0061479066498577595,2826.0,99.0
5727,17,882,0.6529650688171387,2827.0,3269.0
6235,107,5400,0.0015958050498738885,2828.0,1372.0
6616,61,3068,0.0050941645167768,2829.0,1839.0
5637,66,3343,0.003569832071661949,2830.0,2946.0
6615,167,8359,0.005783741362392902,2831.0,2360.0
6615,170,8528,0.02287072129547596,2832.0,1183.0
6614,62,3124,0.02081894502043724,2833.0,4726.0
6281,7,394,0.005625083111226559,2834.0,1165.0
6347,68,3431,0.005196489859372377,2835.0,1145.0
6347,69,3453,0.19868578016757965,2836.0,2270.0
5848,159,7958,0.00316689838655293,2837.0,862.0
6525,0,34,0.005075744353234768,2838.0,1534.0
6533,79,3972,0.004730443004518747,2839.0,1992.0
5966,38,1931,0.004418191500008106,2840.0,1543.0
5625,15,798,0.0017869011498987675,2841.0,712.0
6547,13,696,0.0024971102830022573,2842.0,1210.0
5394,32,1614,0.0027790293097496033,2843.0,2037.0
6551,67,3363,0.0023632217198610306,2844.0,1759.0
5370,41,2086,0.009118021465837955,2845.0,663.0
5650,16,823,0.011333275586366653,2846.0,260.0
6572,81,4066,0.004068336915224791,2847.0,533.0
5412,130,6525,0.006190725136548281,2848.0,1428.0
5930,6,320,0.0014489436289295554,2849.0,3255.0
5930,7,371,0.0032263542525470257,2850.0,1175.0
6468,5,300,0.0058882771991193295,2851.0,1460.0
6468,7,376,0.003979947883635759,2852.0,1128.0
5385,28,1418,0.0045038326643407345,2853.0,1401.0
5808,124,6229,0.049954235553741455,2854.0,122.0
5433,118,5944,0.002960425103083253,2855.0,924.0
6179,73,3697,0.0030882717110216618,2856.0,1966.0
5804,86,4349,0.005010439082980156,2857.0,2058.0
6446,77,3860,0.009190775454044342,2858.0,3910.0
6425,87,4369,0.016444673761725426,2859.0,183.0
6425,89,4451,0.0042337155900895596,2860.0,1571.0
6301,64,3207,0.006684018764644861,2861.0,5690.0
6592,61,3081,0.0050549693405628204,2862.0,2680.0
6131,20,1005,0.005940441507846117,2863.0,1987.0
6553,49,2491,0.0049517229199409485,2864.0,1256.0
6235,86,4310,0.0035282131284475327,2865.0,2074.0
5819,63,3199,0.0016008446691557765,2866.0,2501.0
6549,103,5152,0.003545451909303665,2867.0,1405.0
5845,22,1132,0.0029385259840637445,2868.0,3977.0
5636,57,2879,0.001925814081914723,2869.0,636.0
6356,146,7307,0.0028438600711524487,2870.0,2045.0
6356,147,7394,0.005534038413316011,2871.0,370.0
5586,144,7243,0.005011187866330147,2872.0,599.0
5681,5,283,0.0017726699588820338,2873.0,272.0
6417,171,8575,0.004889650270342827,2874.0,5073.0
5430,13,674,0.009385693818330765,2875.0,1254.0
6401,22,1102,0.003716524690389633,2876.0,4921.0
6333,22,1129,0.02971242181956768,2877.0,2740.0
6333,23,1200,0.005918439943343401,2878.0,1825.0
6288,166,8304,0.0015560656320303679,2879.0,342.0
6176,86,4349,0.0038024690002202988,2880.0,1860.0
5433,27,1369,0.08634110540151596,2881.0,251.0
5829,16,801,0.0019328650087118149,2882.0,985.0
6140,58,2949,0.014613211154937744,2883.0,1354.0
5805,35,1767,0.020163506269454956,2884.0,106.0
5915,120,6029,0.00466121593490243,2885.0,1342.0
6044,5,280,0.00521269254386425,2886.0,970.0
6528,109,5487,0.005465533584356308,2887.0,2808.0
5894,62,3132,0.005295395385473967,2888.0,1580.0
5654,20,1038,0.014540852047502995,2889.0,350.0
6021,152,7633,0.003444902366027236,2890.0,2562.0
6021,157,7888,0.05040759593248367,2891.0,1366.0
6030,81,4058,0.0039073205552995205,2892.0,2781.0
5370,99,4989,0.00517630809918046,2893.0,1821.0
6311,6,350,0.003877087961882353,2894.0,6849.0
6283,61,3079,0.0019719444680958986,2895.0,816.0
6483,123,6188,0.00512352492660284,2896.0,833.0
6628,57,2870,0.00613368721678853,2897.0,667.0
6478,24,1226,0.0066708107478916645,2898.0,550.0
5712,72,3613,0.1436409205198288,2899.0,323.0
6467,24,1204,0.003766254521906376,2900.0,1128.0
6343,115,5776,0.008334039710462093,2901.0,3340.0
5385,92,4611,0.005115832667797804,2902.0,2420.0
5912,82,4105,0.09741072356700897,2903.0,140.0
6301,79,3957,0.0028445471543818712,2904.0,1004.0
6375,47,2398,0.0035316261928528547,2905.0,1701.0
6448,127,6389,0.019419735297560692,2906.0,2482.0
6668,59,2982,0.2813558280467987,2907.0,1593.0
6668,60,3004,0.0069884611293673515,2908.0,1703.0
6588,73,3656,0.005640260875225067,2909.0,1242.0
6666,143,7199,0.025618858635425568,2910.0,1168.0
6446,183,9170,0.0028724242001771927,2911.0,3311.0
5625,186,9318,0.0009303147671744227,2912.0,246.0
6568,12,620,0.004821713548153639,2913.0,2234.0
5155,95,4758,0.00562172569334507,2914.0,1996.0
5155,99,4998,0.004283175803720951,2915.0,6122.0
6327,20,1028,0.0031350741628557444,2916.0,1201.0
5588,112,5635,0.05945020169019699,2917.0,983.0
6219,138,6945,0.02347210980951786,2918.0,123.0
6611,134,6746,0.006722412537783384,2919.0,249.0
6334,22,1147,0.0027174062561243773,2920.0,1167.0
6334,87,4365,0.014743415638804436,2921.0,928.0
5704,2,149,0.004139240365475416,2922.0,1867.0
6617,3,152,0.010424514301121235,2923.0,1354.0
5588,142,7113,0.002159428782761097,2924.0,1768.0
6461,17,852,0.005795606877654791,2925.0,1600.0
6656,54,2712,0.011167116463184357,2926.0,745.0
6121,37,1895,0.004389399196952581,2927.0,301.0
5940,35,1768,0.0047594644129276276,2928.0,1654.0
5965,43,2162,0.004498966969549656,2929.0,4754.0
6122,63,3183,0.003239324316382408,2930.0,253.0
6647,182,9122,0.002129524014890194,2931.0,2165.0
6647,185,9291,0.004359181504696608,2932.0,2493.0
6663,188,9448,0.013074193149805069,2933.0,1561.0
5916,20,1032,0.001992792123928666,2934.0,1073.0
5588,37,1863,0.001970771700143814,2935.0,911.0
5588,39,1957,0.001373368315398693,2936.0,762.0
5454,4,232,0.005094549153000116,2937.0,1919.0
5869,117,5886,0.005613682325929403,2938.0,1678.0
6318,135,6800,0.008612070232629776,2939.0,1575.0
5869,347,17374,0.0027070404030382633,2940.0,289.0
6080,140,7037,0.003877486102283001,2941.0,599.0
6080,142,7141,0.0036880704574286938,2942.0,2574.0
5454,12,601,0.016683343797922134,2943.0,227.0
5436,100,5048,0.0034895669668912888,2944.0,2546.0
5614,27,1398,0.004803821910172701,2945.0,1316.0
6353,65,3264,0.013206002302467823,2946.0,1994.0
5914,57,2872,0.004423646256327629,2947.0,1058.0
5905,73,3678,0.002931436290964484,2948.0,790.0
6507,95,4755,0.00407189317047596,2949.0,1164.0
6572,225,11277,0.002715739421546459,3277.0,1448.0
5864,9,491,0.07746090739965439,2951.0,4594.0
6046,126,6346,0.002851906232535839,2952.0,756.0
6046,127,6358,0.009453022852540016,2953.0,3248.0
6121,31,1558,0.004365209955722094,2954.0,1265.0
5810,28,1431,0.018138868734240532,2955.0,14117.0
5089,15,771,0.0647655501961708,2956.0,1054.0
6412,85,4281,0.0040176864713430405,2957.0,3964.0
6412,87,4393,0.004259017761796713,2958.0,467.0
6602,25,1259,0.0036995254922658205,2959.0,193.0
6676,38,1920,0.012648474425077438,2960.0,796.0
6676,38,1922,0.009399035014212132,2961.0,382.0
6281,14,704,0.3953673243522644,2962.0,841.0
6572,119,5982,0.009101210162043571,2963.0,530.0
6329,30,1546,0.0025262320414185524,2964.0,2451.0
6206,135,6762,0.004275911953300238,2965.0,1383.0
6325,45,2285,0.0026532867923378944,2966.0,1203.0
5618,8,414,0.005825099069625139,2967.0,1376.0
6100,80,4023,0.005342483054846525,2968.0,673.0
5854,124,6249,0.00711306557059288,2969.0,1094.0
5908,1,89,0.005784114357084036,2970.0,1378.0
5733,73,3683,0.00989350862801075,2971.0,425.0
6092,80,4031,0.004193057306110859,2972.0,1228.0
5056,12,619,0.004338973667472601,2973.0,951.0
6319,50,2503,0.004971608519554138,2974.0,1542.0
6335,24,1211,0.006414324510842562,2975.0,683.0
6080,135,6790,0.0056120846420526505,2976.0,1414.0
6441,74,3737,0.0075419568456709385,2977.0,2021.0
5823,202,10132,0.0018613579450175166,2978.0,710.0
6529,97,4884,0.002885679015889764,2979.0,2135.0
5979,135,6762,0.014152401126921177,2980.0,2625.0
5979,155,7791,0.018431497737765312,2981.0,1059.0
6558,34,1738,0.009840982966125011,2982.0,2002.0
5977,162,8136,0.016301177442073822,2983.0,12639.0
5977,167,8398,0.007170659489929676,2984.0,474.0
5386,91,4582,0.0022272313944995403,2985.0,884.0
6383,6,310,0.038214437663555145,2986.0,1114.0
5836,100,5026,0.004169895779341459,2987.0,2238.0
6314,46,2301,0.00963116530328989,2988.0,2466.0
6314,59,2996,0.5026196837425232,2989.0,714.0
6453,59,2961,0.005645296070724726,2990.0,2186.0
6282,35,1793,0.0066443500109016895,2991.0,2772.0
6625,39,1967,0.0046767499297857285,2992.0,1621.0
6417,114,5710,0.042747654020786285,2993.0,1230.0
6349,42,2145,0.003729175543412566,2994.0,2690.0
6349,46,2348,0.005409387871623039,2995.0,1596.0
5617,24,1232,0.004873816855251789,2996.0,1838.0
6551,15,767,0.0015038320561870933,2997.0,1179.0
5823,57,2859,0.014213670045137405,2998.0,1710.0
6176,40,2043,0.0037456017453223467,2999.0,1751.0
6535,131,6595,0.004969629924744368,3000.0,2191.0
6697,41,2053,0.0031837166752666235,3001.0,128.0
5061,28,1418,0.8144166469573975,3002.0,608.0
6608,63,3154,0.006057232152670622,3003.0,4790.0
6219,95,4799,0.001883061253465712,3004.0,636.0
6622,39,1958,0.008909315802156925,3005.0,165.0
6283,12,649,0.0051633501425385475,3006.0,1362.0
6600,17,876,0.0023264705669134855,3007.0,1151.0
5375,2,118,0.35961198806762695,3008.0,2138.0
5842,63,3176,0.011380868032574654,3009.0,1574.0
6423,61,3082,0.00439308350905776,3010.0,1809.0
5390,27,1396,0.0030837920494377613,3011.0,480.0
6606,54,2729,0.013041910715401173,3012.0,1761.0
5891,52,2621,0.005273817107081413,3013.0,2402.0
6210,10,512,0.0021585915237665176,3014.0,158.0
6544,348,17412,0.00711003178730607,3015.0,3712.0
6211,223,11170,0.007540714927017689,3016.0,6758.0
6614,69,3475,0.0019567077979445457,3017.0,958.0
5604,64,3238,0.0017206945922225714,3018.0,1719.0
6151,17,868,0.004697991069406271,3019.0,237.0
5639,101,5057,0.011396109126508236,3020.0,1883.0
6031,145,7260,0.023577990010380745,3021.0,2862.0
6031,145,7269,0.010770541615784168,3022.0,937.0
5656,44,2240,0.011218237690627575,3023.0,463.0
6211,115,5779,0.004512548912316561,3024.0,1992.0
6226,61,3099,0.022778693586587906,3025.0,2648.0
5371,37,1860,0.010301160626113415,3026.0,177.0
5979,21,1058,0.002833551960065961,3027.0,580.0
6300,157,7872,0.011022835038602352,3028.0,3152.0
6616,139,6960,0.00936026219278574,3029.0,79.0
5961,88,4430,0.010765345767140388,3030.0,1346.0
6572,190,9544,0.005283992737531662,3031.0,24.0
5769,27,1377,0.012620463036000729,3032.0,1737.0
6564,89,4466,0.06672746688127518,3033.0,2014.0
5924,16,804,0.0046911174431443214,3034.0,235.0
5924,16,835,0.00970399472862482,3035.0,1851.0
6667,74,3737,0.00951756164431572,3036.0,93.0
5412,75,3762,0.3516633212566376,3037.0,1851.0
6118,219,10966,0.12237758934497833,3038.0,1537.0
5836,14,748,0.004841082263737917,3039.0,1814.0
6544,88,4439,0.1350034922361374,3040.0,1198.0
6343,70,3504,0.00815977156162262,3041.0,1483.0
5841,8,420,0.013856575824320316,3042.0,2104.0
5930,49,2463,0.0037082266062498093,3043.0,1144.0
5930,51,2588,0.003352615050971508,3044.0,1263.0
5618,39,2000,0.002521745627745986,3278.0,750.0
6301,2,134,0.008346648886799812,3046.0,194.0
6583,109,5495,0.00371999922208488,3047.0,1031.0
5143,43,2176,0.0050429897382855415,3048.0,2251.0
6559,41,2077,0.003432995406910777,3049.0,1949.0
6033,59,2973,0.004640061873942614,3050.0,1980.0
5847,8,413,0.006576627492904663,3051.0,2818.0
6417,179,8977,0.019059699028730392,3052.0,689.0
6579,35,1767,0.8986251354217529,3053.0,2274.0
5870,11,574,0.004990706220269203,3054.0,932.0
6608,79,3953,0.008090786635875702,3055.0,1753.0
6333,34,1721,0.0036800194066017866,3056.0,1718.0
6617,10,527,0.030437203124165535,3057.0,1913.0
6247,3,184,0.003532188246026635,3058.0,1530.0
6484,10,532,0.003559943987056613,3059.0,450.0
6517,34,1722,0.0026069628074765205,3060.0,3530.0
5456,6,305,0.015976885333657265,3061.0,1882.0
6527,9,483,0.03102201223373413,3062.0,994.0
5602,84,4246,0.003717559389770031,3063.0,692.0
5602,85,4258,0.0036185686476528645,3064.0,2207.0
5440,17,862,0.010435272939503193,3065.0,1412.0
6052,71,3597,0.003990299068391323,3066.0,1380.0
6162,161,8065,0.003289592918008566,3067.0,913.0
6199,209,10484,0.07739447057247162,3068.0,3481.0
6619,0,49,0.004500396084040403,3069.0,930.0
5822,60,3020,0.005424956791102886,3070.0,1897.0
5440,46,2337,0.004463055171072483,3071.0,1657.0
6653,2,132,0.003916759975254536,3072.0,1944.0
6689,128,6418,0.006570178549736738,3073.0,186.0
6689,129,6482,0.008138773031532764,3074.0,3226.0
5920,13,667,0.001673167571425438,3075.0,2031.0
6412,113,5692,0.0009844552259892225,3076.0,243.0
5774,106,5348,0.004883331712335348,3077.0,957.0
5385,44,2238,0.0032122095581144094,3078.0,2129.0
6483,91,4560,0.0026904090773314238,3079.0,1569.0
6401,102,5113,0.004729206208139658,3080.0,2307.0
5437,170,8506,0.012407290749251842,3081.0,6.0
5437,170,8530,0.01765640266239643,3082.0,2298.0
6123,59,2974,0.3721451759338379,3083.0,514.0
6030,75,3753,0.002588515868410468,3084.0,475.0
6419,1,66,0.002762948628515005,3085.0,1137.0
6162,56,2846,0.004559454042464495,3086.0,418.0
6317,43,2157,0.9981662631034851,3087.0,1899.0
4999,105,5292,0.021834345534443855,3088.0,2719.0
6298,109,5479,0.0013446304947137833,3089.0,593.0
6380,16,840,0.011307141743600368,3090.0,739.0
5605,58,2948,0.0033022493589669466,3091.0,847.0
6380,46,2302,0.003633266780525446,3092.0,4885.0
5265,30,1537,0.009755726903676987,3093.0,1230.0
6632,55,2756,0.004943239036947489,3094.0,90.0
5833,292,14608,0.003390587167814374,3095.0,2599.0
5612,2,150,0.002507405588403344,3096.0,1662.0
5835,170,8507,0.0037451039534062147,3097.0,2746.0
5454,86,4341,0.010262164287269115,3098.0,2243.0
6596,82,4145,0.002375996671617031,3099.0,1811.0
6623,4,246,0.0037279073148965836,3100.0,3837.0
6680,31,1563,0.044170696288347244,3101.0,50.0
6628,54,2732,0.0012328058946877718,3102.0,559.0
5895,8,436,0.006036574486643076,3103.0,2366.0
5895,11,552,0.013631884008646011,3104.0,1143.0
5990,41,2072,0.002527390606701374,3105.0,1839.0
5990,41,2099,0.006097128614783287,3106.0,2598.0
5767,27,1353,0.002891216427087784,3107.0,1458.0
5455,32,1633,0.020681172609329224,3108.0,231.0
6631,103,5186,0.004144304897636175,3109.0,1118.0
5874,110,5545,0.02223939448595047,3110.0,60.0
5455,8,434,0.03711700439453125,3111.0,1873.0
5455,9,454,0.004613133613020182,3112.0,2198.0
5896,29,1493,0.002846230287104845,3113.0,1921.0
6121,34,1704,0.03235328570008278,3114.0,498.0
6348,38,1909,0.002799111884087324,3115.0,1180.0
5616,202,10120,0.0031834880355745554,3116.0,267.0
5823,179,8984,0.0036971045192331076,3117.0,3311.0
6577,102,5120,0.0072480435483157635,3118.0,1221.0
6680,86,4345,0.002490252023562789,3119.0,2631.0
5748,7,385,0.5424031019210815,3120.0,2118.0
5739,1,84,0.00492139020934701,3121.0,2156.0
6596,140,7001,0.0015356694348156452,3276.0,787.0
5914,116,5847,0.1761421412229538,3123.0,3210.0
6425,76,3847,0.004673370625823736,3124.0,1534.0
6173,13,679,0.0012345373397693038,3125.0,1519.0
6173,13,699,0.005362772382795811,3126.0,990.0
5894,107,5387,0.008707098662853241,3127.0,6147.0
6288,79,3991,0.00621265172958374,3128.0,1862.0
5923,41,2074,0.005266961641609669,3129.0,979.0
5835,132,6624,0.004539670422673225,3130.0,1791.0
5835,132,6645,0.012538430280983448,3131.0,1894.0
6265,9,480,0.00836375541985035,3132.0,1253.0
6315,41,2051,0.0038938461802899837,3133.0,848.0
6315,44,2220,0.013197479769587517,3134.0,377.0
6592,119,5954,0.007006113883107901,3135.0,342.0
6337,51,2556,0.003160573309287429,3136.0,697.0
5616,29,1457,0.0027793673798441887,3137.0,734.0
6687,89,4480,0.004983813501894474,3138.0,3628.0
6157,93,4672,0.37098532915115356,3139.0,2967.0
6222,0,38,0.00962809007614851,3140.0,1042.0
6328,0,1,0.004781671799719334,3141.0,6270.0
6328,0,38,0.16913288831710815,3142.0,2262.0
6140,44,2222,0.003924242220818996,3143.0,1404.0
6589,65,3281,0.00332728517241776,3144.0,1265.0
5996,69,3462,0.07931064814329147,3145.0,1470.0
6426,61,3054,0.004824542440474033,3146.0,5209.0
6453,101,5059,0.012811319902539253,3147.0,5187.0
6369,100,5043,0.0189353059977293,3148.0,847.0
5703,53,2695,0.0036947589833289385,3149.0,1737.0
5986,16,834,0.3821990191936493,3150.0,421.0
5846,1,77,0.0018703083042055368,3151.0,267.0
6664,110,5527,0.00605785520747304,3152.0,1282.0
6131,73,3687,0.0038154651410877705,3153.0,2098.0
5382,77,3872,0.010848582722246647,3154.0,1171.0
6090,114,5714,0.0031894557178020477,3155.0,2493.0
6114,4,207,0.004510342609137297,3156.0,1784.0
6341,39,1998,0.004552769474685192,3157.0,188.0
6672,1,100,0.004805128555744886,3158.0,785.0
6283,56,2846,0.006053363438695669,3159.0,1290.0
6356,184,9223,0.01142884511500597,3160.0,2899.0
6521,87,4395,0.004409431014209986,3161.0,2004.0
5637,76,3830,0.02018667757511139,3162.0,63.0
5650,70,3522,0.0013782563619315624,3163.0,1347.0
5895,12,614,0.004210576415061951,3164.0,1561.0
5853,261,13073,0.11523932963609695,3165.0,1112.0
6176,21,1062,0.0043063112534582615,3166.0,636.0
6383,60,3028,0.0041481005027890205,3167.0,119.0
6383,61,3057,0.004592542070895433,3168.0,3188.0
5929,47,2391,0.00612399447709322,3169.0,2594.0
5452,13,700,0.009676282294094563,3170.0,2082.0
6446,134,6713,0.0073937345296144485,3171.0,2365.0
6230,49,2459,0.03851951286196709,3172.0,1558.0
6698,2,145,0.005832064431160688,3173.0,3103.0
6698,3,156,0.16760990023612976,3174.0,91.0
6698,3,169,0.05134866386651993,3175.0,3064.0
6446,201,10093,0.0020264910999685526,3176.0,469.0
5933,70,3539,0.002716271672397852,3177.0,268.0
5836,68,3430,0.006185059901326895,3178.0,1306.0
5905,11,555,0.001036659930832684,3179.0,1020.0
5833,320,16039,0.0035392798017710447,3180.0,1719.0
6218,76,3802,0.12081120163202286,3181.0,1350.0
6339,92,4604,0.003054975997656584,3182.0,997.0
6339,98,4927,0.001193071948364377,3183.0,866.0
6483,104,5233,0.004053839482367039,3184.0,2732.0
5832,6,319,0.021502837538719177,3185.0,450.0
6280,149,7498,0.00985004659742117,3186.0,4054.0
6376,103,5174,0.0028885838109999895,3187.0,203.0
6091,222,11101,0.007240931037813425,3188.0,2132.0
6669,48,2436,0.013838857412338257,3189.0,1504.0
6410,140,7009,0.035055749118328094,3190.0,2019.0
6611,91,4594,0.006984809413552284,3191.0,2406.0
6611,93,4661,0.005075546447187662,3192.0,1701.0
6571,46,2312,0.0049528456293046474,3193.0,2479.0
6592,157,7900,0.018055187538266182,3194.0,1905.0
6592,166,8309,0.0030585569329559803,3195.0,204.0
5767,133,6687,0.0038679686840623617,3196.0,630.0
5921,126,6306,0.002164002973586321,3197.0,2500.0
5822,11,600,0.00430792523548007,3198.0,2282.0
6506,62,3107,0.06426189094781876,3199.0,2968.0
6080,152,7612,0.006164412945508957,3200.0,636.0
5390,12,615,0.00817953422665596,3201.0,2437.0
6679,84,4206,0.0018804460996761918,3202.0,288.0
5965,40,2014,0.006085142958909273,3203.0,2227.0
6102,113,5656,0.004803920164704323,3204.0,1757.0
6179,103,5165,0.010170157067477703,3205.0,1631.0
5617,6,325,0.026619236916303635,3206.0,693.0
5988,19,967,0.0014361344510689378,3207.0,820.0
6131,11,599,0.005335033871233463,3208.0,440.0
6249,0,40,0.009637911804020405,3209.0,1897.0
6407,108,5443,0.00327044609002769,3210.0,2500.0
6407,110,5546,0.006551003083586693,3211.0,1646.0
6600,31,1594,0.0026428201235830784,3212.0,838.0
6412,78,3921,0.03209608420729637,3213.0,287.0
5767,109,5492,0.004434359259903431,3214.0,1473.0
5988,1,69,0.0038338364101946354,3215.0,2843.0
5988,1,78,0.006648528389632702,3216.0,131.0
5988,3,172,0.0029319445602595806,3217.0,1747.0
6110,107,5385,0.009994586929678917,3218.0,1262.0
6600,59,2999,0.003755549667403102,3219.0,509.0
6600,61,3086,0.0056224726140499115,3220.0,897.0
5912,30,1517,0.00246181502006948,3221.0,473.0
5912,31,1577,0.007168331649154425,3222.0,1150.0
5639,31,1597,0.010168290697038174,3223.0,223.0
6091,154,7742,0.0033058784902095795,3224.0,1103.0
6468,103,5159,0.002111946465447545,3225.0,916.0
6642,76,3816,0.005110804457217455,3226.0,1199.0
6463,1,53,0.00911326240748167,3227.0,1739.0
5925,193,9684,0.039794646203517914,3228.0,1855.0
6006,13,672,0.05946047604084015,3229.0,558.0
6683,64,3218,0.0040461053140461445,3230.0,451.0
6439,72,3614,0.8450780510902405,3231.0,2679.0
6387,114,5749,0.005671028979122639,3232.0,2052.0
6315,21,1056,0.024747679010033607,3233.0,2101.0
5089,6,319,0.005376781802624464,3234.0,1125.0
6304,196,9802,0.005338339600712061,3235.0,238.0
6348,148,7443,0.6983665227890015,3236.0,3192.0
6376,94,4710,0.0017281642649322748,3237.0,921.0
6319,11,557,0.002044479362666607,3238.0,267.0
6630,5,271,0.003055320354178548,3239.0,272.0
6630,7,356,0.0021305629052221775,3240.0,1081.0
6501,11,592,0.004077560734003782,3241.0,1998.0
5602,95,4764,0.03307557478547096,3242.0,427.0
6463,106,5331,0.014142722822725773,3243.0,624.0
6173,131,6599,0.0019852188415825367,3244.0,1384.0
6558,63,3191,0.011447474360466003,3245.0,4922.0
6417,189,9472,0.11208721250295639,3246.0,1548.0
5910,104,5242,0.012720433063805103,3247.0,61.0
6288,147,7361,0.012860714457929134,3248.0,3482.0
6527,76,3850,0.004473607521504164,3249.0,165.0
6469,1,69,0.003689058590680361,3250.0,595.0
6121,68,3436,0.007837969809770584,3251.0,2259.0
6679,48,2431,0.003790976945310831,3252.0,803.0
5824,68,3416,0.002528818789869547,3253.0,1359.0
6406,118,5937,0.005599146243184805,3254.0,2107.0
6566,18,935,0.0031157280318439007,3255.0,1981.0
5850,108,5402,0.002597447019070387,3256.0,2472.0
6697,29,1481,0.006987402215600014,3257.0,593.0
5940,6,323,0.004074576310813427,3258.0,2824.0
6229,5,285,0.005506359506398439,3259.0,1114.0
5869,169,8499,0.014618843793869019,3260.0,1337.0
6105,37,1896,0.005029718857258558,3261.0,1210.0
6138,116,5815,0.0045350999571383,3262.0,1960.0
4962,77,3868,0.005499274004250765,3263.0,1502.0
6058,96,4823,0.009891570545732975,3264.0,2079.0
6640,42,2141,0.005162808578461409,3265.0,749.0
5437,175,8756,0.0029853072483092546,3266.0,741.0
5834,183,9152,0.006288930773735046,3267.0,3302.0
6689,59,2982,0.0039596231654286385,3268.0,1549.0
5386,96,4845,0.005019954405725002,3269.0,2850.0
6340,130,6521,0.00634845532476902,3270.0,4163.0
6340,132,6636,0.008070659823715687,3271.0,802.0
5598,91,4588,0.0052851224318146706,3272.0,3032.0
6369,48,2434,0.007053822744637728,3273.0,500.0
5418,35,1772,0.0012784760911017656,3274.0,624.0
5933,93,4677,0.017032619565725327,3275.0,4666.0
6596,140,7001,-999999.9,-1.0,-1.0
6572,225,11277,-999999.9,-1.0,-1.0
5618,39,2000,-999999.9,-1.0,-1.0
6354,99,4962,0.32786959409713745,3279.0,102.0
6354,102,5120,0.005146325100213289,3280.0,1189.0
5810,86,4327,0.0036965899635106325,3281.0,463.0
6341,20,1032,0.003413447178900242,3282.0,557.0
6489,88,4443,0.00405326159670949,3283.0,1889.0
5848,161,8051,0.003797809826210141,3284.0,1156.0
5911,31,1573,0.005787889007478952,3285.0,1022.0
5089,40,2047,0.004161629360169172,3286.0,348.0
6465,25,1286,0.008877989836037159,3287.0,6424.0
6602,17,873,0.0034716406371444464,3288.0,206.0
5593,11,594,0.03182337060570717,3289.0,675.0
6647,50,2525,0.004740813281387091,3290.0,793.0
5386,165,8270,0.13712383806705475,3291.0,906.0
6463,33,1669,0.004125294275581837,3292.0,1767.0
6173,59,2982,0.0483001247048378,3293.0,3236.0
5720,11,591,0.013081325218081474,3294.0,369.0
5911,21,1054,0.003975716419517994,3295.0,4474.0
5959,2,132,0.019341671839356422,3296.0,1739.0
5959,2,146,0.0426984503865242,3297.0,1513.0
6199,92,4643,0.014567320235073566,3298.0,1487.0
6021,19,952,0.0069803944788873196,3299.0,578.0
5869,152,7610,0.0016334551619365811,3300.0,647.0
5385,113,5654,0.00476908078417182,3301.0,1828.0
6405,2,119,0.007098746951669455,3302.0,1689.0
6480,118,5908,0.0027368729934096336,3303.0,66.0
6224,38,1909,0.005125588737428188,3304.0,1976.0
6328,10,550,0.004274608567357063,3305.0,1364.0
6468,6,313,0.00453394278883934,3306.0,3834.0
5399,44,2236,0.004161332733929157,3307.0,1782.0
6440,170,8528,0.0030512127559632063,3308.0,1686.0
6542,171,8571,0.005565223284065723,3309.0,2591.0
5586,157,7864,0.004056121222674847,3310.0,5446.0
6558,134,6733,0.0058175125159323215,3311.0,2560.0
6427,74,3733,0.9810444712638855,3312.0,2515.0
6427,75,3791,0.003302764380350709,3313.0,2757.0
6347,80,4011,0.006453826557844877,3314.0,9174.0
5727,53,2668,0.005094179417937994,3315.0,2346.0
5727,53,2694,0.004510872066020966,3316.0,1877.0
6558,119,5968,0.010629349388182163,3317.0,776.0
6598,149,7476,0.012619172222912312,3318.0,124.0
6460,20,1032,0.0050778998993337154,3319.0,3091.0
6374,33,1663,0.007336805574595928,3320.0,1395.0
6679,45,2289,0.006291067693382502,3321.0,948.0
6404,63,3193,0.0052037425339221954,3322.0,1013.0
6168,72,3601,0.003938509151339531,3323.0,659.0
6533,56,2811,0.003283809870481491,3324.0,1378.0
6533,59,2958,0.0037977679166942835,3325.0,2134.0
6690,156,7818,0.0053138104267418385,3326.0,3673.0
6659,60,3016,0.010346295312047005,3327.0,1669.0
5419,45,2293,0.007783279754221439,3328.0,1263.0
6679,32,1628,0.00764832366257906,3329.0,908.0
6329,54,2712,0.0037190872244536877,3330.0,437.0
6427,115,5795,0.004187014419585466,3331.0,3338.0
6426,50,2545,0.00432376004755497,3332.0,1286.0
5454,91,4571,0.0035826682578772306,3333.0,3268.0
5655,11,569,0.0032190412748605013,3334.0,1121.0
6480,155,7798,0.0036890655755996704,3335.0,1650.0
5602,12,614,0.0025005582720041275,3336.0,2915.0
5625,124,6215,0.0033718114718794823,3337.0,1874.0
6147,25,1274,0.003920638468116522,3338.0,1804.0
6446,6,317,0.0009949232917279005,3339.0,453.0
6359,75,3770,0.00911752600222826,3340.0,2987.0
5036,43,2183,0.005030237603932619,3341.0,566.0
6318,40,2048,0.0033698121551424265,3342.0,844.0
6090,113,5693,0.0013078537303954363,3343.0,177.0
5710,64,3234,0.005966730881482363,3344.0,1953.0
6282,39,1990,0.00524422712624073,3345.0,1581.0
5774,36,1819,0.007514114957302809,3346.0,2044.0
6376,35,1795,0.0012656365288421512,3347.0,355.0
5937,18,908,0.008820876479148865,3348.0,1444.0
5937,18,948,0.0024751941673457623,3349.0,1326.0
6562,104,5240,0.013810364529490471,3350.0,760.0
6562,105,5267,0.0035791019909083843,3351.0,550.0
6056,24,1207,0.004478560760617256,3352.0,1401.0
6441,32,1625,0.47367092967033386,3353.0,1955.0
6441,35,1765,0.006594343110918999,3354.0,1649.0
5709,57,2896,0.0034252696204930544,3355.0,3496.0
6353,49,2485,0.010322135873138905,3356.0,204.0
6506,22,1129,0.005467296112328768,3357.0,1196.0
6321,69,3451,0.008912550285458565,3358.0,1290.0
5086,22,1137,0.9733737707138062,3359.0,2832.0
6326,58,2919,0.0023799852933734655,3360.0,4933.0
5848,30,1505,0.003866339335218072,3361.0,1170.0
6375,53,2697,0.31421059370040894,3362.0,2244.0
6327,74,3702,0.0028927272651344538,3363.0,1712.0
6693,41,2079,0.07098865509033203,3364.0,1208.0
6686,58,2922,0.004101208411157131,3365.0,2811.0
6688,41,2067,0.005358811002224684,3366.0,1687.0
6052,115,5761,0.004001112189143896,3367.0,1745.0
6674,23,1156,0.004155507776886225,3368.0,1828.0
5990,49,2452,0.00500506442040205,3369.0,1664.0
5436,129,6461,0.004475846420973539,3370.0,2154.0
6440,101,5062,0.0028338078409433365,3371.0,1899.0
5437,143,7157,0.1803453266620636,3372.0,3223.0
5720,5,292,0.0049783713184297085,3373.0,1658.0
5823,231,11560,0.00346385152079165,3374.0,255.0
6526,28,1447,0.0028492319397628307,3375.0,900.0
6642,94,4712,0.00801183469593525,3376.0,1454.0
6165,0,2,0.002194778760895133,3377.0,1268.0
6666,36,1807,0.0023731468245387077,3378.0,1201.0
6683,153,7659,0.0031500912737101316,3379.0,2128.0
5921,87,4397,0.006806693505495787,3380.0,1079.0
6482,132,6636,0.005844633094966412,3381.0,1393.0
5454,164,8221,0.016304656863212585,3382.0,386.0
5370,106,5344,0.0032760626636445522,3383.0,961.0
6338,4,249,0.004260520450770855,3384.0,805.0
6640,181,9089,0.014857708476483822,3385.0,3662.0
6123,141,7073,0.005457206629216671,3386.0,523.0
5588,14,728,0.002266236115247011,3387.0,1097.0
6103,152,7603,0.0023364396765828133,3388.0,1141.0
5869,1,60,0.005873061716556549,3389.0,1552.0
6579,13,671,0.005986419040709734,3390.0,2865.0
6594,118,5950,0.0019715812522917986,3391.0,1599.0
6594,120,6004,0.0037846355699002743,3392.0,1279.0
6190,62,3138,0.005058373790234327,3393.0,2470.0
6359,27,1387,0.008460618555545807,3394.0,2774.0
6238,6,339,0.01570802927017212,3395.0,8743.0
6493,18,928,0.0045949239283800125,3396.0,3695.0
6634,127,6395,0.008300774730741978,3397.0,1814.0
6348,142,7143,0.012480481527745724,3398.0,917.0
6338,94,4702,0.2179039865732193,3399.0,918.0
6462,26,1331,0.0036229004617780447,3400.0,3479.0
5625,6,343,0.02283122017979622,3401.0,1839.0
5829,39,1988,0.0023072734475135803,3402.0,209.0
6162,157,7893,0.006549730896949768,3403.0,6921.0
6546,15,800,0.009696087799966335,3404.0,2748.0
5279,38,1947,0.004397861659526825,3405.0,1357.0
6219,30,1545,0.0019421846373006701,3406.0,3347.0
6219,32,1619,0.0032882001250982285,3407.0,378.0
6339,36,1802,0.7234598398208618,3408.0,2645.0
6339,37,1873,0.005896471906453371,3409.0,1331.0
6324,146,7309,0.0045695374719798565,3410.0,1262.0
6583,161,8087,0.007471385877579451,3411.0,4191.0
6122,71,3562,0.07970017939805984,3412.0,1255.0
6076,118,5931,0.004117446485906839,3413.0,4338.0
6463,147,7369,0.003898087190464139,3414.0,334.0
6046,35,1765,0.014173798263072968,3415.0,320.0
6216,114,5735,0.02358686923980713,3416.0,2466.0
6216,115,5789,0.0026181305292993784,3417.0,727.0
6664,139,6997,0.004375438671559095,3418.0,1828.0
5976,24,1234,0.005075323395431042,3419.0,381.0
5741,20,1023,0.00499322172254324,3420.0,2219.0
6440,132,6650,0.005531716626137495,3421.0,1252.0
6640,26,1324,0.010517735965549946,3422.0,1144.0
6599,32,1614,0.011312579736113548,3423.0,1413.0
6620,136,6815,0.011284653097391129,3424.0,90.0
6326,75,3757,0.12745819985866547,3425.0,4960.0
6299,21,1082,0.005358205642551184,3426.0,3788.0
5836,137,6878,0.005168838892132044,3427.0,2485.0
5871,122,6125,0.00315167591907084,3428.0,941.0
6457,156,7848,0.004583080764859915,3429.0,860.0
6288,35,1793,0.004587664268910885,3430.0,3594.0
6145,46,2323,0.004878122825175524,3431.0,1202.0
6462,21,1058,0.005029432475566864,3432.0,535.0
6462,22,1114,0.005274452269077301,3433.0,1950.0
6462,23,1194,0.0037218588404357433,3434.0,1618.0
6634,133,6678,0.0014657484134659171,3435.0,410.0
5983,68,3439,0.004780808929353952,3436.0,2209.0
6679,54,2742,0.0018595010042190552,3437.0,127.0
5869,104,5205,0.0174925047904253,3438.0,1377.0
5632,122,6112,0.0011646056082099676,3439.0,861.0
5748,16,814,0.0067862761206924915,3440.0,3237.0
5937,9,464,0.015674695372581482,3441.0,4635.0
5937,10,537,0.0049922531470656395,3442.0,340.0
6526,81,4088,0.005782743450254202,3443.0,2447.0
6690,31,1598,0.003380187787115574,3444.0,2546.0
6004,188,9432,0.004663066007196903,3445.0,353.0
6691,38,1936,0.005266804713755846,3446.0,1000.0
5433,16,804,0.006237122695893049,3447.0,20.0
6070,107,5364,0.0049715470522642136,3448.0,3920.0
5932,3,172,0.00382653484120965,3449.0,1589.0
6382,72,3635,0.040981654077768326,3450.0,17.0
6337,27,1360,0.003948762081563473,3451.0,795.0
6044,10,548,0.004398005548864603,3452.0,3261.0
5437,92,4604,0.09521900117397308,3453.0,2144.0
5456,36,1817,0.023317191749811172,3454.0,1691.0
5456,38,1914,0.001684023765847087,3455.0,163.0
5704,16,829,0.003620991948992014,3456.0,802.0
6241,0,45,0.0063414303585886955,3457.0,2869.0
5894,125,6298,0.08868566155433655,3458.0,62.0
5412,56,2838,0.1764611005783081,3459.0,240.0
5394,6,311,0.011808245442807674,3460.0,31.0
6525,25,1267,0.0028493800200521946,3461.0,3715.0
6663,66,3348,0.004815683700144291,3462.0,1910.0
5853,239,11956,0.013910173438489437,3463.0,1907.0
6330,0,19,0.005382946226745844,3464.0,1682.0
6339,151,7557,0.008665231056511402,3465.0,2109.0
6064,47,2356,0.003784875152632594,3466.0,1863.0
5891,101,5087,0.3689020276069641,3467.0,1366.0
5731,25,1289,0.0047301193699240685,3468.0,2099.0
6032,9,489,0.005031738430261612,3469.0,1437.0
6578,36,1808,0.0015862338477745652,3470.0,643.0
5653,19,977,0.005930590908974409,3471.0,4097.0
5653,21,1064,0.005382497329264879,3472.0,1925.0
5767,83,4157,0.0035450407303869724,3473.0,1137.0
6565,29,1487,0.023637978360056877,3474.0,597.0
5725,28,1404,0.004337243270128965,3475.0,490.0
5725,28,1445,0.10875372588634491,3476.0,1389.0
6317,36,1843,0.005868648178875446,3477.0,1710.0
5408,14,702,0.003300396492704749,3478.0,6411.0
6463,110,5533,0.004123527556657791,3479.0,1178.0
5713,19,998,0.004450324922800064,3480.0,1199.0
6467,31,1589,0.0024721138179302216,3481.0,4633.0
6686,36,1825,0.00576007179915905,3482.0,2069.0
5869,390,19543,0.2799554169178009,3483.0,954.0
5637,115,5755,0.006027791649103165,3484.0,2834.0
5874,101,5074,0.004178412724286318,3485.0,2935.0
5929,76,3805,0.005434572231024504,3486.0,3408.0
5709,65,3254,0.39764946699142456,3487.0,4009.0
5709,87,4379,0.2147163301706314,3488.0,987.0
5639,4,208,0.020304162055253983,3489.0,446.0
5691,96,4819,0.008143722079694271,3490.0,1057.0
5691,97,4892,0.005063129588961601,3491.0,2573.0
6318,74,3732,0.003907190635800362,3492.0,546.0
6404,80,4038,0.009259357117116451,3493.0,332.0
6419,12,601,0.031179102137684822,3494.0,2698.0
6448,154,7738,0.004216725006699562,3495.0,1693.0
6467,3,156,0.004472403787076473,3496.0,2965.0
5824,174,8713,0.0062819793820381165,3497.0,2371.0
6609,33,1658,0.004310204181820154,3498.0,486.0
6623,40,2027,0.02672508731484413,3499.0,493.0
5849,80,4005,0.0035469061695039272,3500.0,1788.0
5733,47,2368,0.003299776930361986,3501.0,2203.0
5733,48,2430,0.010194392874836922,3502.0,301.0
6340,2,138,0.004190059378743172,3503.0,3716.0
6313,50,2540,0.003059778595343232,3504.0,2849.0
6576,73,3683,0.006104727275669575,3505.0,976.0
6480,111,5551,0.0027534347027540207,3506.0,1984.0
5979,83,4191,0.008698883466422558,3507.0,1351.0
5830,212,10611,0.6902253031730652,3508.0,2690.0
5636,52,2627,0.003479858860373497,3509.0,571.0
6691,19,958,0.003922884818166494,3510.0,2267.0
6572,179,8999,0.12549778819084167,3511.0,282.0
6281,136,6830,0.006563353817909956,3512.0,1169.0
5754,22,1106,0.005606557708233595,3513.0,1967.0
6576,36,1815,0.006521300878375769,3514.0,132.0
6179,68,3415,0.0028964392840862274,3515.0,3645.0
6100,25,1284,0.004271741956472397,3516.0,3352.0
6100,27,1396,0.004499230068176985,3517.0,2297.0
6015,55,2781,0.0035004829987883568,3518.0,1172.0
6015,55,2790,0.015115032903850079,3519.0,1324.0
6698,66,3329,0.006809811573475599,3520.0,2029.0
6318,98,4938,0.0061553106643259525,3521.0,2219.0
5730,21,1100,0.005260296165943146,3522.0,1695.0
5412,97,4868,0.008790701627731323,3523.0,250.0
5874,31,1600,0.015537970699369907,3524.0,2100.0
6504,0,9,0.004904267378151417,3525.0,1595.0
6504,1,60,0.0012607600074261427,3526.0,550.0
5686,12,640,0.0057433368638157845,3527.0,179.0
6467,72,3645,0.0018317350186407566,3528.0,2450.0
5964,1,98,0.7191216945648193,3529.0,2170.0
5819,58,2926,0.028990693390369415,3530.0,213.0
5933,47,2366,0.008357580751180649,3531.0,3218.0
6336,74,3710,0.0035859921481460333,3532.0,722.0
5930,90,4517,0.0025652581825852394,3533.0,1210.0
6320,9,480,0.00788517389446497,3534.0,1713.0
5810,46,2305,0.008462142199277878,3535.0,1308.0
6217,125,6298,0.003357385750859976,3536.0,1189.0
6628,47,2387,0.017574379220604897,3537.0,1857.0
6300,92,4603,0.030140776187181473,3538.0,5201.0
6300,94,4743,0.02025512605905533,3539.0,2649.0
6591,6,310,0.004902953281998634,3540.0,1078.0
5891,131,6588,0.011271439492702484,3541.0,1379.0
6692,57,2878,0.0018258769996464252,3542.0,570.0
5850,151,7596,0.0011800240026786923,3543.0,146.0
5598,41,2063,0.8802762031555176,3544.0,633.0
6457,6,332,0.00499883433803916,3545.0,2581.0
6588,56,2803,0.002926591318100691,3546.0,360.0
6301,192,9640,0.004310367628931999,3547.0,1479.0
6301,193,9672,0.008164928294718266,3548.0,522.0
5634,6,305,0.002906106412410736,3549.0,3041.0
6388,21,1077,0.003116119187325239,3550.0,2754.0
5455,146,7338,0.1591717153787613,3551.0,1939.0
5455,146,7340,0.008192778564989567,3552.0,143.0
6339,165,8295,0.0024318499490618706,3553.0,3541.0
6498,64,3228,0.0031801187433302402,3554.0,2047.0
6501,47,2389,0.003908462356775999,3555.0,755.0
5719,3,194,0.0032914241310209036,3556.0,1807.0
6631,85,4265,0.006036602891981602,3557.0,1837.0
5456,18,922,0.00255588092841208,3558.0,1636.0
6110,17,872,0.0029003224335610867,3559.0,1350.0
6614,95,4757,0.0016918361652642488,3560.0,670.0
5625,13,685,0.011708234436810017,3561.0,727.0
5699,2,126,0.05493098869919777,3562.0,2198.0
5269,104,5241,0.004662008490413427,3563.0,1839.0
5279,63,3176,0.23486727476119995,3564.0,1365.0
6198,92,4601,0.009642823599278927,3565.0,2926.0
5947,149,7487,0.005197599530220032,3566.0,4499.0
6312,158,7915,0.004323667846620083,3567.0,1968.0
6642,58,2946,0.005218657199293375,3568.0,2363.0
6283,22,1133,0.0038047488778829575,3569.0,776.0
6575,7,382,0.002553453203290701,3570.0,2629.0
5849,70,3529,0.004979112651199102,3571.0,1925.0
6493,4,206,0.0078095123171806335,3572.0,3196.0
6647,214,10720,0.004945922642946243,3573.0,6138.0
5914,42,2103,0.003233349649235606,3574.0,2881.0
6503,108,5439,0.0027479138225317,3575.0,1796.0
6004,50,2535,0.013608278706669807,3576.0,256.0
6159,11,586,0.5838481187820435,3577.0,1548.0
6300,174,8713,0.08832061290740967,3578.0,161.0
6206,128,6417,0.0010906190145760775,3579.0,720.0
6339,171,8575,0.005433587823063135,3580.0,1530.0
6339,172,8631,0.005352600011974573,3581.0,2433.0
6625,15,796,0.00314957182854414,3582.0,7988.0
6625,16,812,0.9952017068862915,3583.0,3876.0
6571,31,1567,0.05244053155183792,3584.0,12119.0
6030,27,1360,0.001564198755659163,3585.0,430.0
6030,29,1491,0.005902898032218218,3586.0,2832.0
6100,30,1532,0.010893533937633038,3587.0,2557.0
5436,40,2033,0.005173703655600548,3588.0,786.0
5961,46,2320,0.00260174716822803,3589.0,1472.0
6420,81,4091,0.0031407824717462063,3590.0,1064.0
6549,90,4528,0.009634986519813538,3591.0,3117.0
6591,86,4307,0.09487126022577286,3592.0,1582.0
6353,55,2764,0.10420418530702591,3593.0,2369.0
6282,30,1510,0.0230157021433115,3594.0,243.0
6468,20,1005,0.006693830247968435,3595.0,986.0
6468,22,1108,0.011059453710913658,3596.0,2260.0
6525,50,2505,0.006643081549555063,3597.0,1283.0
6600,35,1763,0.003322351723909378,3598.0,1257.0
6431,90,4508,0.004189984407275915,3599.0,1133.0
6382,118,5904,0.008601772598922253,3600.0,852.0
5604,35,1752,0.5054548382759094,3601.0,1130.0
5588,145,7257,0.0060948519967496395,3602.0,2430.0
6592,143,7158,0.00767373526468873,3603.0,3457.0
6176,112,5610,0.008915435522794724,3604.0,115.0
6319,34,1747,0.00925380364060402,3605.0,3023.0
6520,7,399,0.0018708559218794107,3606.0,1997.0
6083,47,2357,0.008816037327051163,3607.0,1955.0
5911,50,2521,0.0015549984527751803,3608.0,839.0
5782,0,39,0.002093622228130698,3609.0,301.0
6649,30,1520,0.004711924586445093,3610.0,2174.0
6478,85,4261,0.005453786812722683,3611.0,2100.0
6478,85,4282,0.004814522806555033,3612.0,3230.0
6052,96,4808,0.0065311044454574585,3613.0,434.0
5411,13,654,0.0025054404977709055,3614.0,367.0
6311,131,6564,0.02134917490184307,3615.0,2319.0
5086,60,3039,0.07202589511871338,3616.0,887.0
6668,82,4118,0.3462734818458557,3617.0,1972.0
5906,63,3181,0.0049907136708498,3618.0,978.0
6592,29,1492,0.006022011861205101,3619.0,1139.0
5985,163,8158,0.003651076229289174,3620.0,569.0
5449,71,3566,0.02193966880440712,3621.0,2797.0
6676,121,6081,0.004462527576833963,3622.0,2931.0
6030,21,1097,0.00304284761659801,3623.0,3850.0
5971,31,1553,0.0036969869397580624,3624.0,1854.0
5971,31,1557,0.013486058451235294,3625.0,4369.0
6653,41,2069,0.003027762984856963,3626.0,1646.0
5451,3,199,0.012379392981529236,3627.0,1593.0
6176,134,6723,0.01609610766172409,3628.0,1606.0
6176,175,8800,0.0022819158621132374,3629.0,335.0
6022,157,7883,0.007272710092365742,3630.0,4412.0
6030,44,2224,0.04474767670035362,3631.0,1261.0
6479,20,1045,0.8082578778266907,3632.0,2089.0
6247,7,352,0.003161497414112091,3633.0,1143.0
6157,74,3707,0.007824891246855259,3634.0,642.0
6490,130,6520,0.0029362498316913843,3635.0,2213.0
5915,21,1059,0.003967194817960262,3636.0,680.0
6123,103,5155,0.003567993873730302,3637.0,3604.0
6300,61,3063,0.002144666388630867,3638.0,406.0
6404,82,4144,0.004385208711028099,3639.0,1878.0
6562,147,7397,0.0050770132802426815,3640.0,1981.0
6478,73,3674,0.0013089559506624937,3641.0,1329.0
5783,23,1195,0.02763696014881134,3642.0,1125.0
6687,147,7389,0.004952648654580116,3643.0,1776.0
6423,113,5661,0.0008104058797471225,3644.0,884.0
6375,48,2447,0.003908343613147736,3645.0,831.0
6594,94,4712,0.034055136144161224,3646.0,792.0
6205,73,3685,0.002586346585303545,3647.0,1105.0
5597,27,1356,0.042258936911821365,3648.0,2144.0
6281,110,5534,0.7373896837234497,3649.0,3126.0
5451,35,1766,0.0028066555969417095,3650.0,965.0
6198,138,6929,0.0027722427621483803,3651.0,1132.0
6480,105,5266,0.006515480112284422,3652.0,2502.0
6198,180,9009,0.008551439270377159,3653.0,143.0
5607,21,1063,0.05525923892855644,3654.0,50.0
6423,192,9618,0.0017984126461669803,3655.0,847.0
5897,18,917,0.893285870552063,3656.0,1708.0
6064,19,994,0.006051268894225359,3657.0,1585.0
6544,9,484,0.0019792006351053715,3658.0,2129.0
5606,83,4191,0.004697021096944809,3659.0,3332.0
6168,127,6398,0.05621546134352684,3660.0,724.0
6592,138,6950,0.0030984063632786274,3661.0,1786.0
6426,11,558,0.003035858739167452,3662.0,1360.0
6446,14,725,0.0023998087272047997,3663.0,138.0
6341,124,6212,0.004671415314078331,3664.0,890.0
6341,124,6232,0.0012771885376423597,3665.0,672.0
6298,81,4093,0.004996908828616142,3666.0,1398.0
6535,179,8993,0.004235075321048498,3667.0,959.0
6180,85,4256,0.002006982220336795,3668.0,1734.0
6199,154,7714,0.0026047707069665194,3669.0,116.0
6199,156,7840,0.005199838429689407,3670.0,943.0
6130,7,377,0.008697781711816788,3671.0,33.0
5396,36,1844,0.0026039567310363054,3672.0,1095.0
5912,106,5331,0.003741929307579994,3673.0,1954.0
6371,9,486,0.00448242062702775,3712.0,2195.0
6007,27,1384,0.5660181641578674,3675.0,2432.0
6176,216,10825,0.004457469098269939,3676.0,1675.0
6102,26,1306,0.11584237962961197,3677.0,11768.0
6582,22,1150,0.008584150113165379,3678.0,2954.0
6582,23,1168,0.01652383618056774,3679.0,162.0
5904,15,778,0.19482044875621796,3680.0,694.0
6401,47,2367,0.0065076230093836784,3681.0,1112.0
6162,178,8927,0.006316385231912136,3682.0,362.0
6446,88,4415,0.0037172329612076283,3683.0,565.0
6318,65,3299,0.013679959811270237,3684.0,2233.0
5896,47,2356,0.005807769019156694,3685.0,3512.0
6348,177,8872,0.007375768851488829,3686.0,1656.0
6639,13,692,0.003653402905911207,3687.0,3445.0
5602,9,493,0.007047238759696484,3688.0,1048.0
6383,5,279,0.14629092812538147,3689.0,228.0
6480,23,1174,0.001872786320745945,3690.0,268.0
6656,1,78,0.004804742988198996,3691.0,1923.0
6055,40,2017,0.006064364220947027,3692.0,97.0
6363,2,116,0.00372390728443861,3693.0,822.0
6217,48,2447,0.013723080977797508,3694.0,2396.0
5931,5,261,0.0022239412646740675,3695.0,1408.0
6598,118,5929,0.03271428868174553,3696.0,978.0
6663,87,4352,0.7350351810455322,3697.0,248.0
6664,48,2429,0.0021698353812098503,3698.0,3589.0
6674,4,216,0.03502683341503143,3699.0,169.0
5393,64,3218,0.002855674596503377,3700.0,2825.0
5393,64,3243,0.005926064215600491,3701.0,5985.0
6332,114,5743,0.004022690467536449,3702.0,1284.0
6634,151,7599,0.00720174377784133,3703.0,2511.0
6634,152,7629,0.0043321955017745495,3704.0,1172.0
6506,170,8502,0.0018852197099477053,3705.0,1261.0
6301,17,873,0.003865269012749195,3706.0,1616.0
6173,173,8672,0.0028771632350981236,3707.0,2439.0
5600,163,8198,0.005787982139736414,3708.0,2046.0
6341,57,2856,0.0029098254162818193,3709.0,671.0
6318,11,560,0.005623909179121256,3710.0,1712.0
6611,20,1034,0.005925336387008429,3711.0,6290.0
6371,9,486,-999999.9,-1.0,-1.0
6387,20,1010,0.0033629313111305237,3713.0,365.0
6412,139,6998,0.005352298729121685,3714.0,1817.0
6123,118,5925,0.0060259089805185795,3715.0,1172.0
5049,66,3312,0.0016653030179440975,3716.0,162.0
5049,69,3452,0.0023747922386974096,3717.0,798.0
5049,69,3499,0.0074338107369840145,3718.0,1017.0
5049,70,3530,0.004155468195676804,3719.0,552.0
6566,66,3328,0.0040765078738331795,3720.0,834.0
6388,11,578,0.0034787922631949186,3721.0,1463.0
6180,6,326,0.0023020347580313683,3722.0,448.0
6498,69,3479,0.008346929214894772,3723.0,2690.0
6690,105,5279,0.006024510134011507,3724.0,1754.0
5822,4,205,0.016339115798473358,3725.0,855.0
6383,28,1424,0.003864709287881851,3726.0,3813.0
6565,56,2811,0.08347202837467194,3727.0,361.0
6055,19,992,0.0026974226348102093,3728.0,798.0
6313,24,1222,0.006678610108792782,3729.0,683.0
5956,18,947,0.0022903112694621086,3730.0,1156.0
6573,58,2901,0.0034121188800781965,3731.0,2451.0
5455,117,5872,0.012258781120181084,3732.0,334.0
6649,101,5099,0.003331937128677964,3733.0,229.0
6231,24,1216,0.0034962173085659742,3734.0,358.0
5822,93,4698,0.002303424058482051,3735.0,1495.0
6614,14,747,0.002005754504352808,3736.0,622.0
6381,170,8525,0.0029094794299453497,3737.0,5093.0
6698,24,1241,0.0026389381382614374,3738.0,917.0
6162,29,1495,0.004342276602983475,3739.0,2040.0
6063,6,337,0.025830209255218506,3740.0,149.0
6622,67,3351,0.04568178206682205,3741.0,2805.0
5371,31,1582,0.002476469613611698,3742.0,3157.0
6630,1,65,0.0017141478601843119,3743.0,578.0
6486,23,1152,0.00455901026725769,3744.0,1275.0
6369,63,3193,0.002680236240848899,3745.0,2957.0
6288,86,4305,0.04182160645723343,3746.0,227.0
6448,72,3612,0.002860724227502942,3747.0,950.0
5762,112,5608,0.0025313294027000666,3748.0,1173.0
6548,54,2726,0.00422790227457881,3749.0,4924.0
6659,3,164,0.004190797917544842,3750.0,603.0
6600,65,3287,0.002239496447145939,3751.0,565.0
5832,178,8919,0.0047138347290456295,3752.0,1812.0
6050,49,2480,0.005932744592428207,3753.0,2022.0
6465,17,877,0.012707587331533432,3754.0,1654.0
6382,180,9017,0.007449317257851362,3755.0,4023.0
5906,164,8232,0.01912275142967701,3756.0,2793.0
6628,60,3001,0.03523794934153557,3757.0,2583.0
6106,63,3171,0.030755665153265,3758.0,1067.0
6605,17,899,0.008323055692017078,3759.0,1698.0
6499,38,1914,0.005635091103613377,3760.0,248.0
6140,83,4175,0.005469915457069874,3761.0,1816.0
6301,121,6078,0.001996161649003625,3762.0,892.0
6546,52,2639,0.006784281227737665,3763.0,1981.0
6493,32,1607,0.15965579450130463,3764.0,2901.0
5371,56,2828,0.008943011984229088,3765.0,1439.0
6572,155,7765,0.008318306878209114,3766.0,1958.0
5622,10,520,0.011355235241353512,3767.0,144.0
5204,126,6345,0.006190778221935034,3768.0,3837.0
5204,130,6507,0.020835082978010178,3769.0,77.0
5933,192,9621,0.01095986645668745,3770.0,1939.0
6166,20,1008,0.004450103268027306,3771.0,912.0
6560,40,2039,0.004273255355656147,3772.0,1685.0
5729,53,2699,0.0036386579740792513,3773.0,579.0
5691,148,7414,0.002660097787156701,3774.0,728.0
5935,47,2374,0.0017881817184388638,3775.0,196.0
6090,30,1535,0.002595804398879409,3776.0,3181.0
5706,28,1438,0.00180060975253582,3777.0,1976.0
6300,183,9186,0.0018672440201044083,3778.0,2192.0
5413,4,222,0.022457292303442955,3779.0,797.0
6356,163,8164,0.014383930712938309,3780.0,1342.0
6371,7,399,0.004097480792552233,3781.0,1928.0
5941,14,725,0.007537818048149347,3782.0,3132.0
5656,58,2907,0.005694294348359108,3783.0,576.0
6629,14,722,0.005125236697494984,3784.0,2105.0
6565,179,8963,0.0035869479179382324,3785.0,107.0
6565,180,9021,0.005002367310225964,3786.0,3124.0
6565,182,9139,0.015280645340681076,3787.0,765.0
6387,3,163,0.01459552627056837,3788.0,2899.0
5619,50,2539,0.00224524037912488,3789.0,135.0
6349,2,103,0.006365711335092783,3790.0,1366.0
6366,99,4995,0.004430087748914957,3791.0,3502.0
6425,117,5900,0.006326232571154833,3792.0,679.0
6425,118,5931,0.19886241853237152,3793.0,743.0
6507,165,8257,0.004495455417782068,3794.0,2140.0
6507,165,8298,0.004380788654088974,3795.0,2290.0
6448,13,654,0.004997058771550655,3796.0,1852.0
6354,4,220,0.009578606113791466,3797.0,4806.0
5875,67,3397,0.004105835221707821,3798.0,2871.0
6432,8,421,0.003938851412385702,3799.0,3324.0
5942,14,730,0.003850184381008148,3800.0,2007.0
6160,34,1708,0.0024364846758544445,3801.0,1168.0
5433,22,1105,0.005596950650215149,3802.0,2973.0
6564,180,9024,0.004713555332273245,3803.0,2381.0
5740,8,421,0.007432181388139725,3804.0,2644.0
6022,1,78,0.0023313777055591345,3805.0,515.0
6380,59,2982,0.0027344846166670322,3806.0,943.0
6629,19,964,0.02025206945836544,3807.0,1837.0
6339,178,8926,0.004735254216939211,3808.0,493.0
6339,181,9061,0.003392750397324562,3809.0,853.0
6668,33,1683,0.003369459882378578,3810.0,2405.0
5772,5,271,0.005650869105011225,3811.0,872.0
6001,30,1507,0.003984787967056036,3812.0,1629.0
5384,194,9714,0.005755960941314697,3813.0,1502.0
5387,12,605,0.004389462061226368,3814.0,612.0
6572,1,73,0.014952554367482662,3815.0,1103.0
5419,113,5689,0.004288334399461746,3816.0,1167.0
5832,216,10828,0.003522062674164772,3817.0,1893.0
6007,12,636,0.0034467133227735758,3818.0,1349.0
6647,190,9548,0.004853283986449242,3819.0,1711.0
5374,34,1746,0.002784476149827242,3820.0,1223.0
5454,178,8945,0.002673060866072774,3821.0,564.0
5625,39,1956,0.004373769275844097,3822.0,4233.0
6465,3,200,0.005821907427161932,3823.0,100.0
6608,48,2401,0.023835666477680206,3824.0,1760.0
6615,43,2199,0.006915498990565538,3825.0,775.0
6539,7,365,0.005031184293329716,3826.0,1414.0
6254,21,1056,0.0019364615436643362,3827.0,790.0
6333,10,518,0.004546418320387602,3828.0,928.0
6526,42,2118,0.04311133176088333,3829.0,2666.0
6334,29,1477,0.020463669672608376,3830.0,4352.0
5961,82,4109,0.00338640995323658,3831.0,1467.0
6438,14,741,0.04436389356851578,3832.0,41.0
6441,71,3567,0.0033620253670960665,3833.0,556.0
5961,90,4545,0.009240125305950642,3834.0,193.0
5824,258,12906,0.003334827022626996,3835.0,4358.0
5425,7,381,0.018429145216941833,3836.0,2127.0
6353,63,3199,0.004019151441752911,3837.0,697.0
6340,86,4326,0.0067261396907269955,3838.0,2285.0
6036,26,1344,0.008919738233089447,3839.0,958.0
6337,19,953,0.006769042462110519,3840.0,3816.0
6337,49,2471,0.003745296038687229,3841.0,578.0
5374,47,2381,0.4647534191608429,3842.0,198.0
6315,52,2613,0.002413191134110093,3843.0,2360.0
6589,40,2009,0.0009717187494970858,3844.0,430.0
6686,8,429,0.00437658978626132,3845.0,595.0
6598,8,433,0.005230049602687359,3846.0,1718.0
5746,11,551,0.010261591523885727,3847.0,2665.0
6080,14,701,0.013642288744449615,3848.0,2320.0
5835,16,838,0.04423600062727928,3849.0,3334.0
5607,95,4764,0.004331937991082668,3850.0,3520.0
6312,157,7898,0.010371292941272259,3851.0,1975.0
6375,109,5477,0.008155439049005508,3852.0,581.0
6114,29,1481,0.002285228343680501,3853.0,726.0
6114,31,1596,0.004171082284301519,3854.0,1762.0
6360,51,2572,0.009360266849398613,3855.0,132.0
6529,74,3733,0.0106250224635005,3856.0,676.0
5719,80,4020,0.003780129598453641,3857.0,1322.0
6145,1,71,0.003776396391913295,3858.0,1210.0
5143,29,1455,0.005610315594822168,3859.0,3146.0
5143,64,3213,0.016289208084344864,3860.0,643.0
5721,24,1230,0.003435760270804167,3861.0,1483.0
6558,40,2024,0.009913052432239056,3862.0,83.0
6417,78,3939,0.09206856787204742,3863.0,1286.0
5449,77,3871,0.007722979411482811,3864.0,2514.0
6528,55,2761,0.001175414421595633,3865.0,234.0
6649,65,3258,0.0035576813388615847,3866.0,4520.0
6649,67,3378,0.0030463372822850943,3867.0,2973.0
6022,64,3221,0.013463543727993965,3868.0,404.0
5441,68,3444,0.005069585982710123,3869.0,2093.0
5758,78,3914,0.01166263036429882,3870.0,1958.0
6690,77,3887,0.006124743260443211,3871.0,949.0
6690,79,3979,0.004582119174301624,3872.0,2206.0
6015,11,573,0.003716778941452503,3873.0,1393.0
6549,45,2286,0.17269791662693024,3874.0,3966.0
5959,7,356,0.021614057943224907,3875.0,655.0
6590,36,1825,0.0041887094266712666,3876.0,4636.0
5730,25,1284,0.009204420261085033,3877.0,2693.0
6349,37,1861,0.005776410922408104,3878.0,3134.0
6030,46,2313,0.004773233085870743,3879.0,725.0
5906,151,7567,0.005110756028443575,3880.0,599.0
6482,155,7751,0.002733830828219652,3881.0,472.0
6230,24,1207,0.03159026429057121,3882.0,1186.0
5611,10,543,0.007408236153423786,3883.0,152.0
6327,72,3612,0.004545371513813734,3884.0,1988.0
6327,72,3636,0.006465076468884945,3885.0,1814.0
6327,72,3642,0.0028971361462026834,3886.0,2442.0
6600,5,289,0.04635201022028923,3887.0,1977.0
5388,60,3011,0.005089635495096445,3888.0,881.0
6454,15,792,0.004078858532011509,3889.0,322.0
6288,146,7309,0.013822026550769806,3890.0,1687.0
5427,10,539,0.0029696908313781023,3891.0,1438.0
5848,101,5093,0.0036251801066100597,3892.0,2049.0
6423,75,3799,0.007794422097504139,3893.0,848.0
5925,92,4639,0.006245276425033808,3894.0,2033.0
6425,85,4266,0.006555942352861166,3895.0,1702.0
6313,30,1520,0.008649361319839954,3896.0,538.0
6313,81,4098,0.007343250792473555,3897.0,1421.0
5382,181,9098,0.0057595232501626015,3898.0,1257.0
5891,71,3596,0.34206390380859375,3899.0,1682.0
6486,35,1779,0.0017619383288547397,3900.0,4142.0
6303,182,9105,0.005910401698201895,3901.0,822.0
5694,28,1430,0.0015794700011610985,3902.0,238.0
6031,80,4010,0.00405526626855135,3903.0,1496.0
5437,53,2680,0.0030050971545279026,3904.0,2364.0
6369,134,6741,0.004525135736912489,3905.0,96.0
5930,68,3437,0.006482907570898533,3906.0,1055.0
6156,22,1108,0.002765342127531767,3907.0,1359.0
6156,22,1113,0.007860989309847355,3908.0,138.0
4992,182,9109,0.005563766695559025,3909.0,2994.0
5718,10,539,0.002512197010219097,3910.0,1576.0
6588,37,1867,0.004516170360147953,3911.0,1668.0
6508,2,103,0.003763357410207391,3912.0,1652.0
6380,53,2670,0.003625965677201748,3913.0,243.0
6438,4,218,0.005052255000919104,3914.0,881.0
6382,34,1732,0.32280346751213074,3915.0,1176.0
6698,54,2712,0.006668811198323965,3916.0,1497.0
6003,5,253,0.005087291821837425,3917.0,2559.0
6697,45,2290,0.006868372671306133,3918.0,1344.0
6671,62,3135,0.009778656996786594,3919.0,436.0
5959,27,1387,0.0031948310788720846,3920.0,3730.0
5722,4,233,0.004596995655447245,3921.0,621.0
5086,46,2323,0.007439015433192253,3922.0,1344.0
6535,86,4326,0.03502359241247177,3923.0,816.0
6304,145,7256,0.004651209805160761,3924.0,743.0
5376,38,1910,0.015857888385653496,3925.0,1306.0
5733,17,883,0.050284579396247864,3926.0,1882.0
6194,15,780,0.005340443458408117,3927.0,916.0
6695,60,3049,0.01399464812129736,3928.0,3776.0
6611,94,4747,0.0075505818240344524,3929.0,771.0
6343,126,6328,0.3752474784851074,3930.0,1149.0
6572,65,3276,0.005572809837758541,3931.0,944.0
5933,0,32,0.004978253040462732,3932.0,2865.0
6079,5,282,0.0035342888440936804,3933.0,811.0
5762,1,79,0.0042223273776471615,3934.0,1469.0
5727,37,1886,0.004232318606227636,3935.0,534.0
5948,9,483,0.005148415453732014,3936.0,3819.0
6318,105,5289,0.0019380537560209632,3937.0,473.0
6562,169,8487,0.0026792471762746572,3938.0,434.0
6562,170,8536,0.0029079068917781115,3939.0,770.0
6501,26,1340,0.00871823076158762,3940.0,2025.0
6354,111,5554,0.0015809903852641582,3941.0,1499.0
6286,120,6042,0.0024121017195284367,3942.0,1050.0
6286,120,6044,0.0026986622251570225,3943.0,773.0
6446,72,3612,0.09632468968629837,3944.0,730.0
6489,13,651,0.0018367558950558305,3945.0,546.0
6312,143,7186,0.004527069628238678,3946.0,238.0
6312,145,7267,0.0022245284635573626,3947.0,1098.0
6194,30,1541,0.005159630905836821,3948.0,67.0
5624,37,1897,0.008248102851212025,3949.0,1014.0
6157,87,4368,0.0029585890006273985,3950.0,265.0
5925,215,10758,0.004272023681551218,3951.0,1053.0
5691,12,626,0.011933477595448494,3952.0,3133.0
5433,160,8002,0.012010197155177593,3953.0,1957.0
6280,83,4190,0.00314110959880054,3954.0,637.0
6377,6,324,0.010817592032253742,3955.0,2177.0
6547,1,65,0.008194596506655216,3956.0,3378.0
5890,9,451,0.7145419120788574,3957.0,1840.0
6338,6,344,0.0035472447052598,3958.0,1626.0
6338,69,3462,0.0020753161516040564,3959.0,202.0
5755,3,195,0.001977017614990473,3960.0,1403.0
5755,7,367,0.010985393077135086,3961.0,2033.0
5384,8,446,0.004155460279434919,3962.0,2325.0
6423,10,511,0.005198200698941946,3963.0,849.0
5433,162,8148,0.004673807881772518,3964.0,961.0
6340,66,3315,0.18141858279705048,3965.0,926.0
6657,1,69,0.007018019445240498,3966.0,1076.0
6338,43,2162,0.003086650278419256,3967.0,1891.0
6338,43,2174,0.007319185417145491,3968.0,705.0
6338,110,5522,0.003869337495416403,3969.0,1960.0
5752,72,3626,0.004915319848805666,3970.0,2413.0
6065,78,3948,0.003851181361824274,3971.0,351.0
6055,30,1540,0.00307598989456892,3972.0,1378.0
6423,122,6105,0.004462059121578932,3973.0,1464.0
5808,32,1609,0.011553540825843811,3974.0,1597.0
5762,70,3510,0.0027659840416163206,3975.0,1657.0
6527,64,3205,0.009046193212270737,3976.0,591.0
6050,36,1804,0.004075841978192329,3977.0,5123.0
6591,145,7284,0.010202806442975998,3978.0,1907.0
6102,93,4680,0.003424638183787465,3979.0,438.0
6235,117,5894,0.006456236820667982,3980.0,2442.0
6600,10,525,0.006363983266055584,3981.0,816.0
5911,54,2720,0.0025914194993674755,3982.0,358.0
5388,52,2629,0.004332380369305611,3983.0,1524.0
5388,52,2636,0.003506364533677697,3984.0,2740.0
6106,53,2678,0.00217995373532176,3985.0,200.0
5725,81,4057,0.004417870659381151,3986.0,1083.0
6687,234,11728,0.4754169285297394,3987.0,742.0
5990,58,2938,0.002793164923787117,3988.0,278.0
5433,130,6525,0.0015293448232114315,3989.0,694.0
5654,11,561,0.13649076223373413,3990.0,2383.0
5436,75,3792,0.010178917087614536,3991.0,993.0
6004,87,4400,0.0036595857236534357,3992.0,1891.0
5413,8,423,0.002234430518001318,3993.0,1565.0
6598,42,2106,0.010929514653980732,3994.0,1620.0
6428,8,431,0.00787578709423542,3995.0,4967.0
5982,51,2585,0.006967749912291765,3996.0,783.0
6503,101,5079,0.012409798800945282,3997.0,388.0
6322,37,1859,0.00472321268171072,3998.0,1447.0
6176,4,202,0.7212184071540833,3999.0,148.0
6176,6,342,0.004644937813282013,4000.0,1588.0
5977,16,843,0.0013989765429869294,4001.0,228.0
6634,120,6041,0.003075239947065711,4002.0,1886.0
6681,37,1883,0.017365800216794014,4003.0,549.0
6141,14,746,0.004191563930362463,4004.0,1168.0
6666,65,3282,0.0042928243055939674,4005.0,2157.0
6437,18,914,0.011026843450963497,4006.0,1172.0
6437,18,941,0.24183538556098938,4007.0,807.0
6437,19,1000,0.016461294144392014,4008.0,1194.0
5767,199,9974,0.005608831066638231,4009.0,1874.0
6033,88,4406,0.011244714260101318,4010.0,2864.0
6370,57,2866,0.8645142316818237,4011.0,1919.0
6370,57,2878,0.2099849432706833,4012.0,1965.0
6092,181,9072,0.005178465042263269,4013.0,3188.0
6303,91,4552,0.0066270069219172,4014.0,1032.0
5891,15,765,0.0021313305478543043,4015.0,3892.0
5985,84,4208,0.005120021756738424,4016.0,2126.0
6031,165,8300,0.007207742892205715,4017.0,675.0
6637,57,2867,0.030229119583964348,4018.0,780.0
5906,17,867,0.20681287348270416,4019.0,3481.0
6664,103,5188,0.2224399745464325,4020.0,1133.0
6199,169,8457,0.005207420792430639,4021.0,17851.0
5394,25,1263,0.0028056190349161625,4022.0,2580.0
5975,36,1844,0.003944925032556057,4023.0,1121.0
6317,22,1119,0.001969400094822049,4024.0,475.0
6317,23,1188,0.004054952412843704,4025.0,1616.0
5810,76,3845,0.004437940660864115,4026.0,404.0
6342,27,1365,0.0013277408434078097,4027.0,2464.0
6360,42,2144,0.002962207654491067,4028.0,229.0
6457,181,9068,0.004214074928313494,4029.0,1227.0
6033,29,1495,0.005349587649106979,4030.0,2148.0
6484,22,1106,0.0069649298675358295,4031.0,874.0
6201,95,4783,0.0033588968217372894,4032.0,3692.0
6679,111,5555,0.023219291120767593,4033.0,1332.0
5723,9,454,0.26881957054138184,4034.0,619.0
6611,150,7540,0.007084708660840988,4035.0,440.0
6598,101,5071,0.008072301745414734,4036.0,3967.0
6551,52,2605,0.005727088078856468,4037.0,2893.0
6168,1,55,0.0033420140389353037,4038.0,782.0
6349,59,2984,0.004858803004026413,4039.0,2376.0
6326,88,4436,0.004116453230381012,4040.0,1700.0
6404,5,267,0.00304914521984756,4041.0,615.0
6404,5,288,0.003241330850869417,4042.0,1645.0
6526,23,1175,0.005611292086541653,4043.0,2532.0
6663,181,9060,0.0046979268081486225,4044.0,104.0
6004,41,2059,0.00311975902877748,4045.0,4483.0
5969,45,2274,0.0023117694072425365,4046.0,2867.0
5704,28,1441,0.002065976383164525,4047.0,422.0
5704,31,1588,0.0045702336356043816,4048.0,2116.0
6031,153,7663,0.006165069993585348,4049.0,6793.0
5894,123,6170,0.004467365797609091,4050.0,3526.0
5985,62,3103,0.0014013306936249137,4051.0,791.0
5985,63,3178,0.14080066978931427,4052.0,1538.0
6125,11,564,0.004420281387865543,4053.0,1914.0
5419,136,6838,0.005646345671266317,4054.0,366.0
6301,185,9297,0.0791754350066185,4055.0,1934.0
6100,61,3074,0.024203645065426826,4056.0,3929.0
6465,20,1007,0.006365119945257902,4057.0,1907.0
5778,22,1108,0.0014644843759015203,4058.0,250.0
5139,56,2832,0.004459697753190994,4059.0,1801.0
6503,60,3005,0.056935910135507584,4060.0,2363.0
6091,201,10063,0.01610998436808586,4061.0,1209.0
6487,146,7349,0.07886555790901184,4062.0,1107.0
6226,111,5569,0.008053107187151909,4063.0,1355.0
5947,141,7100,0.0043717953376472,4064.0,2696.0
6381,88,4404,0.0029761784244328737,4065.0,3077.0
6697,54,2746,0.0202589500695467,4066.0,1994.0
6356,50,2517,0.06996133923530579,4067.0,1558.0
6480,142,7147,0.004001254681497812,4068.0,2577.0
6480,142,7148,0.003334938082844019,4069.0,1313.0
6510,81,4066,0.00474803801625967,4070.0,854.0
6535,96,4837,0.01256971899420023,4071.0,115.0
6347,160,8034,0.003325204597786069,4072.0,2069.0
6553,7,371,0.016605399549007416,4073.0,170.0
5444,18,930,0.0023986881133168936,4074.0,755.0
6637,8,431,0.0033930966164916754,4075.0,1544.0
6666,41,2059,0.009533263742923737,4076.0,1902.0
6151,18,947,0.001640064176172018,4077.0,204.0
6362,51,2591,0.1739402562379837,4078.0,848.0
6336,51,2568,0.006753118708729744,4079.0,1468.0
6162,111,5568,0.0018216529861092567,4080.0,864.0
6558,56,2844,0.0018460160354152322,4081.0,1653.0
6558,57,2897,0.015670539811253548,4082.0,1965.0
5849,26,1343,0.08358512073755264,4083.0,1358.0
5819,132,6641,0.004610884934663773,4084.0,2626.0
6619,6,343,0.0027375645004212856,4085.0,785.0
6527,193,9662,0.005111837759613991,4086.0,3110.0
6431,72,3606,0.004027883987873793,4087.0,848.0
6362,10,537,0.005136703606694937,4088.0,1334.0
6448,200,10011,0.004508876241743565,4089.0,1205.0
6197,13,691,0.003444797359406948,4090.0,1214.0
5419,86,4343,0.38636013865470886,4091.0,4997.0
6298,99,4992,0.004411976784467697,4092.0,2679.0
6605,29,1491,0.003277800278738141,4093.0,423.0
6027,66,3320,0.007070504128932953,4094.0,199.0
6007,94,4705,0.0032451339066028595,4095.0,2377.0
6076,90,4538,0.0058147418312728405,4096.0,1709.0
6096,42,2140,0.005796194542199373,4097.0,3198.0
6022,83,4155,0.0042555364780128,4098.0,3048.0
6022,137,6876,0.004793301224708557,4099.0,4878.0
6656,16,804,0.003888959065079689,4100.0,875.0
5961,67,3360,0.014106733724474907,4101.0,149.0
6226,18,919,0.03654191642999649,4102.0,1318.0
5830,197,9878,0.00397824589163065,4103.0,2069.0
6542,91,4558,0.018684949725866318,4104.0,283.0
6203,6,305,0.06296105682849884,4105.0,2130.0
6533,75,3763,0.0045141964219510555,4106.0,5535.0
5906,38,1923,0.005166948772966862,4107.0,4429.0
5906,39,1955,0.0072081671096384525,4108.0,2468.0
6540,51,2561,0.0038686981424689293,4109.0,1324.0
5971,110,5537,0.005599706433713436,4110.0,3076.0
6101,37,1898,0.006010090000927448,4111.0,1005.0
6564,202,10140,0.0023329032119363546,4112.0,732.0
5589,48,2403,0.00747606810182333,4113.0,1019.0
5044,44,2207,0.0017992578214034438,4114.0,1365.0
5762,194,9733,0.0024219562765210867,4115.0,341.0
5721,22,1147,0.008264330215752125,4116.0,2970.0
6528,101,5082,0.0030729772988706827,4117.0,409.0
5762,161,8069,0.004137183073908091,4118.0,1640.0
6647,106,5307,0.00754591217264533,4119.0,1856.0
5646,15,773,0.001370974350720644,4120.0,1029.0
5840,41,2081,0.005476381164044142,4121.0,1909.0
6139,84,4250,0.0051935818046331406,4122.0,5722.0
6284,16,837,0.0027870461344718933,4123.0,148.0
5966,24,1228,0.0025263892021030188,4124.0,1381.0
6410,14,733,0.029220659285783768,4125.0,4826.0
6218,63,3183,0.003915463574230671,4126.0,2170.0
5428,27,1395,0.00436192424967885,4127.0,529.0
5702,2,132,0.00962851382791996,4128.0,2378.0
6467,138,6901,0.0028608916327357292,4129.0,456.0
6463,80,4039,0.00272417557425797,4130.0,439.0
6096,0,4,0.006399304606020451,4131.0,295.0
5960,46,2304,0.0009552781120873988,4132.0,406.0
5925,94,4722,0.004591821227222681,4133.0,1337.0
5853,306,15301,0.036458663642406464,4134.0,323.0
5853,308,15436,0.003270084271207452,4135.0,1524.0
5351,52,2601,0.012807020917534828,4136.0,3409.0
6490,57,2881,0.004607577808201313,4137.0,2765.0
6664,223,11165,0.006916128098964691,4138.0,1050.0
6340,179,8966,0.6722376942634583,4139.0,1530.0
6340,45,2273,0.00450911233201623,4140.0,1733.0
6565,38,1911,0.0025910816621035337,4141.0,181.0
5389,10,501,0.06934256851673126,4142.0,1643.0
5389,14,715,0.0028744449373334646,4143.0,1117.0
6683,193,9695,0.004345168359577656,4144.0,1418.0
6446,18,937,0.009927462786436081,4145.0,735.0
6625,35,1760,0.0026651693042367697,4146.0,663.0
6625,37,1887,0.004253714345395565,4147.0,1812.0
6211,22,1101,0.0013881662162020802,4148.0,573.0
5265,73,3678,0.002562752226367593,4149.0,621.0
6426,14,704,0.004881918430328369,4150.0,1958.0
6580,26,1312,0.005045184399932623,4151.0,1600.0
6092,138,6921,0.01973826251924038,4152.0,2227.0
6065,59,2958,0.017255937680602074,4153.0,873.0
6460,18,942,0.01664084941148758,4154.0,1107.0
6406,184,9206,0.00658599566668272,4155.0,1138.0
6406,184,9208,0.0021128393709659576,4156.0,1920.0
6463,124,6231,0.007106770295649767,4157.0,2771.0
6159,8,412,0.004708303604274988,4158.0,699.0
6224,21,1094,0.004916296806186438,4159.0,2095.0
6354,34,1733,0.0035215052776038647,4160.0,2212.0
6439,1,61,0.004724506288766861,4161.0,1335.0
6439,1,92,0.6106908917427063,4162.0,1011.0
5948,43,2194,0.024578338488936424,4163.0,3584.0
6475,35,1787,0.004575125873088837,4164.0,1069.0
6475,37,1856,0.003271150402724743,4165.0,1155.0
6114,166,8339,0.002701487159356475,4166.0,2706.0
6065,65,3286,0.0034599164500832558,4167.0,876.0
5139,44,2208,0.005180314648896456,4168.0,2154.0
6444,109,5458,0.010289161466062069,4169.0,73.0
6562,49,2491,0.010119253769516945,4170.0,1777.0
6692,9,460,0.005623688455671072,4171.0,217.0
6640,170,8520,0.0036641054321080446,4172.0,1510.0
6199,55,2785,0.0032064507249742746,4173.0,346.0
6383,65,3296,0.004190762061625719,4174.0,1573.0
6114,123,6181,0.003806786611676216,4175.0,2669.0
6507,56,2843,0.02060471661388874,4176.0,2407.0
6480,102,5130,0.0032337631564587355,4177.0,2275.0
6634,134,6714,0.007493858225643635,4178.0,2546.0
6493,13,679,0.004532786551862955,4179.0,1674.0
6182,69,3483,0.09274700284004211,4180.0,50.0
5768,29,1459,0.01151662040501833,4181.0,1477.0
5914,8,427,0.0040759071707725525,4182.0,3048.0
6589,81,4092,0.5729219317436218,4183.0,5830.0
5609,35,1760,0.004797875881195068,4184.0,647.0
6401,68,3435,0.005227814894169569,4185.0,3272.0
6229,35,1789,0.003763772314414382,4186.0,426.0
6247,13,651,0.06054104492068291,4187.0,2.0
6582,44,2204,0.003204784356057644,4188.0,2495.0
6598,0,37,0.007318322081118822,4189.0,551.0
5411,95,4794,0.006241702940315008,4190.0,2212.0
6379,111,5586,0.10398608446121216,4191.0,1625.0
6001,26,1326,0.004436516668647528,4192.0,1465.0
6007,98,4941,0.0024602075573056936,4193.0,273.0
6486,22,1136,0.005734806880354881,4194.0,927.0
6425,148,7427,0.010951920412480831,4195.0,1113.0
5946,24,1213,0.004153809044510126,4196.0,3157.0
5946,24,1243,0.021916048601269722,4197.0,2431.0
6313,26,1317,0.006868710275739431,4198.0,4443.0
6669,88,4431,0.004324230365455151,4199.0,3068.0
6329,42,2132,0.001949733472429216,4200.0,1563.0
6298,72,3609,0.008798308670520782,4201.0,2402.0
6230,129,6493,0.0013648226158693433,4202.0,738.0
5921,127,6353,0.008314508944749832,4203.0,1874.0
5985,28,1446,0.9934529066085815,4204.0,3629.0
6426,107,5389,0.003935683984309435,4205.0,6926.0
6480,77,3889,0.01078677549958229,4206.0,1617.0
5901,124,6205,0.0030332133173942566,4207.0,3427.0
5423,5,264,0.0027700276114046574,4208.0,369.0
6542,24,1219,0.0014623987954109907,4209.0,422.0
6324,19,954,0.0035312315449118614,4210.0,957.0
6339,2,122,0.004520826507359743,4211.0,2586.0
5729,125,6259,0.018356673419475555,4212.0,3371.0
6448,69,3493,0.0011814271565526724,4213.0,827.0
6063,25,1252,0.0031265304423868656,4214.0,1780.0
6582,3,151,0.005880212876945734,4215.0,786.0
6347,71,3582,0.008210248313844204,4216.0,5412.0
6634,39,1960,0.005680014379322529,4217.0,2943.0
6517,28,1444,0.003629579907283187,4218.0,953.0
6446,192,9624,0.005138355772942305,4219.0,794.0
6300,47,2392,0.11538361012935638,4220.0,183.0
5825,6,340,0.040244005620479584,4221.0,1076.0
6026,3,172,0.000810799072496593,4222.0,422.0
6026,3,185,0.00344837736338377,4223.0,1936.0
6281,121,6084,0.8280288577079773,4224.0,2050.0
6281,123,6151,0.008635494858026505,4225.0,602.0
6468,14,717,0.006034609861671925,4226.0,1099.0
6468,15,782,0.01756521873176098,4227.0,2123.0
6026,79,3963,0.005953184794634581,4228.0,2051.0
6157,40,2021,0.0030390487518161535,4229.0,3119.0
6176,170,8502,0.0034435486886650324,4230.0,1508.0
6506,132,6640,0.005194664001464844,4231.0,1542.0
5966,143,7160,0.005192773882299662,4232.0,220.0
6113,78,3916,0.010448216460645199,4233.0,1940.0
5774,59,3000,0.004183614626526833,4234.0,1107.0
6092,5,283,0.004352383781224489,4235.0,1721.0
6683,99,4963,0.1485416144132614,4236.0,1036.0
6574,44,2228,0.004982080776244402,4237.0,863.0
6324,15,784,0.005063307471573353,4238.0,3292.0
6642,20,1035,0.0034976485185325146,4239.0,2609.0
6642,23,1189,0.0022294395603239536,4240.0,1271.0
6113,35,1754,0.0016984328394755721,4241.0,707.0
5267,57,2882,0.01118429470807314,4242.0,1018.0
5418,56,2826,0.0024861926212906837,4243.0,732.0
6649,81,4075,0.002125656930729747,4244.0,1261.0
6649,82,4110,0.003845405066385865,4245.0,2416.0
6615,108,5425,0.004333058837801218,4246.0,2731.0
6668,11,563,0.05102415755391121,4247.0,199.0
6608,75,3780,0.003670639358460903,4248.0,832.0
5783,120,6010,0.0015579009195789695,4249.0,3920.0
6641,30,1545,0.020410822704434395,4250.0,812.0
6217,15,770,0.007867042906582355,4251.0,4863.0
6217,17,884,0.008876019157469273,4252.0,825.0
6596,125,6289,0.009402938187122345,4253.0,1401.0
5613,1,83,0.002524775918573141,4254.0,437.0
6461,83,4180,0.0026934531051665545,4255.0,1017.0
6360,93,4692,0.006030757445842028,4256.0,2258.0
5752,59,2971,0.0031812875531613827,4257.0,1179.0
6313,62,3125,0.04821721836924553,4258.0,1761.0
6313,62,3138,0.0045270174741744995,4259.0,1855.0
6022,167,8390,0.00447102403268218,4260.0,2237.0
6551,19,990,0.03296283632516861,4261.0,2290.0
6551,20,1043,0.0052467030473053455,4262.0,1655.0
6502,43,2199,0.00392018212005496,4263.0,1059.0
5588,210,10520,0.007751838769763708,4264.0,2070.0
6599,19,998,0.002862399211153388,4265.0,1472.0
6599,63,3178,0.0029327659867703915,4266.0,2599.0
4999,81,4087,0.005531422793865204,4267.0,1331.0
6339,30,1518,0.0018467509653419256,4268.0,4499.0
6591,33,1664,0.003458085237070918,4269.0,424.0
6406,159,7975,0.008931760676205158,4270.0,312.0
6216,17,868,0.003348901402205229,4271.0,550.0
6460,26,1333,0.0126034552231431,4272.0,393.0
6548,146,7312,0.004796801134943962,4273.0,1832.0
6387,103,5183,0.0022202706895768642,4274.0,236.0
6192,42,2121,0.0035933670587837696,4275.0,2952.0
6589,33,1695,0.0044576022773981094,4276.0,4049.0
5906,31,1575,0.033075232058763504,4277.0,1768.0
5589,53,2671,0.005615755915641785,4278.0,2269.0
6153,15,789,0.10566593706607819,4279.0,1440.0
6185,11,581,0.0029000164940953255,4280.0,1133.0
6206,146,7304,0.005396130494773388,4281.0,661.0
5904,37,1878,0.03657716140151024,4282.0,184.0
6367,17,866,0.004010697361081839,4283.0,3037.0
6367,18,936,0.004504471551626921,4284.0,1525.0
6602,36,1805,0.20314252376556396,4285.0,1613.0
6622,57,2858,0.007582499645650387,4286.0,2561.0
6622,60,3007,0.0031015570275485516,4287.0,1437.0
6339,8,446,0.0061232540756464005,4288.0,729.0
6683,148,7412,0.002503551309928298,4289.0,6388.0
6441,98,4915,0.004281933419406414,4290.0,1944.0
5713,24,1235,0.004282653331756592,4291.0,433.0
6375,8,436,0.002396409399807453,4292.0,504.0
5374,29,1455,0.01431463472545147,4293.0,1765.0
5729,115,5770,0.002658659825101495,4294.0,2024.0
6300,17,879,0.004729873035103083,4295.0,1506.0
6343,78,3904,0.004043268505483866,4296.0,2978.0
6343,80,4046,0.009428652934730053,4297.0,2413.0
6138,18,921,0.0035825863014906645,4298.0,1153.0
6217,11,577,0.05999823659658432,4299.0,1056.0
6671,113,5668,0.005523446947336197,4300.0,646.0
6031,187,9396,0.002793964697048068,4301.0,1214.0
6336,0,19,0.10551581531763077,4302.0,10081.0
6572,194,9746,0.04739236459136009,4303.0,1845.0
6379,198,9905,0.004405591636896133,4304.0,1393.0
5894,89,4464,0.0017485730350017548,4305.0,196.0
5691,130,6509,0.017407452687621117,4306.0,172.0
6469,12,633,0.0024803306441754103,4307.0,1526.0
6599,103,5190,0.006176998373121023,4308.0,1135.0
6340,139,6964,0.0026294495910406113,4309.0,1192.0
6420,56,2838,0.14109253883361816,4310.0,168.0
5947,162,8110,0.03461872786283493,4311.0,4229.0
6507,178,8917,0.003285881830379367,4312.0,1762.0
6565,43,2158,0.024665331467986107,4313.0,1532.0
6244,4,216,0.0035216324031352997,4314.0,654.0
6244,4,233,0.005944615695625544,4315.0,1408.0
5401,1,85,0.0037345774471759796,4316.0,2745.0
6599,54,2735,0.0027279930654913187,4317.0,648.0
6319,68,3422,0.013807442039251328,4318.0,528.0
6318,46,2304,0.005058610811829567,4319.0,82.0
6058,85,4267,0.002022441243752837,4320.0,854.0
6468,29,1492,0.0034105852246284485,4321.0,2019.0
6343,183,9181,0.004655967466533184,4322.0,482.0
6578,46,2329,0.013949595391750336,4323.0,667.0
6642,51,2571,0.0036445115692913532,4324.0,1198.0
5774,62,3128,0.020565927028656006,4325.0,334.0
5454,148,7441,0.005967981182038784,4326.0,1808.0
6338,98,4919,0.0015356672229245305,4327.0,1762.0
6578,79,3992,0.004721018951386213,4328.0,372.0
5454,193,9667,0.003837391035631299,4329.0,2207.0
6328,9,451,0.0017104529542848468,4330.0,830.0
6314,130,6539,0.005297335330396891,4331.0,386.0
6520,30,1529,0.0012430778006091714,4332.0,319.0
6527,16,842,0.0073720794171094894,4333.0,1743.0
6508,40,2035,0.009555544704198837,4334.0,1377.0
6327,51,2564,0.005323909688740969,4335.0,2216.0
6483,80,4008,0.0034271078184247017,4336.0,1600.0
5370,51,2577,0.0051652234978973866,4337.0,3182.0
5656,3,187,0.0019393794937059283,4338.0,397.0
5607,88,4421,0.0047428179532289505,4339.0,1027.0
5607,96,4835,0.002810252131894231,4340.0,1420.0
6551,65,3252,0.007079698611050844,4341.0,1812.0
5940,27,1398,0.008368383161723614,4342.0,632.0
6301,44,2250,0.005341195967048407,4343.0,798.0
6305,27,1377,0.011224506422877312,4344.0,2007.0
6446,96,4812,0.0058239228092134,4345.0,2598.0
6323,69,3457,0.002656681928783655,4346.0,248.0
6634,15,793,0.004225253127515316,4347.0,2259.0
6490,11,591,0.002951140748336911,4348.0,309.0
6113,26,1329,0.005312921013683081,4349.0,861.0
6224,7,371,0.0026452785823494196,4350.0,2920.0
5754,5,291,0.002487343503162265,4351.0,1512.0
6417,164,8225,0.0060160038992762566,4370.0,3210.0
6377,27,1365,0.003108098404482007,4353.0,769.0
6663,217,10854,0.005280346609652042,4354.0,3036.0
6633,1,58,0.006592059973627329,4355.0,1198.0
6122,95,4760,0.0019237457308918238,4356.0,809.0
6596,122,6145,0.00938435085117817,4357.0,888.0
6125,33,1691,0.024889981374144554,4358.0,222.0
5588,101,5056,0.004354424308985472,4359.0,535.0
6535,213,10654,0.004067427013069391,4360.0,1751.0
5653,82,4137,0.0062197246588766575,4361.0,1196.0
5418,16,814,0.003611571853980422,4362.0,2941.0
6620,129,6500,0.0038661828730255365,4363.0,500.0
6304,152,7625,0.26442092657089233,4364.0,1561.0
5412,155,7780,0.0021612285636365414,4365.0,1046.0
6020,9,477,0.004472624510526657,4366.0,1448.0
6083,51,2600,0.004667162895202637,4367.0,700.0
5061,145,7264,0.00631817476823926,4368.0,2012.0
5370,129,6486,0.0013142457464709878,4369.0,1002.0
6417,164,8225,-999999.9,-1.0,-1.0
6138,18,921,-999999.9,-1.0,-1.0
