run_number,subrun_number,event_number,signal_score,weight
6361,14,734,0.0085447505116462,1.00292
6695,54,2749,0.0125478925183415,0.877913
6334,106,5339,0.0045650801621377,0.97699
6692,111,5571,0.0592595823109149,0.776568
6446,28,1448,0.0052440650761127,1.00833
6406,22,1110,0.0032582005951553,0.945935
6387,194,9733,0.0025706873275339,1.3776724879
6387,194,9735,0.0016648640157654,1.22716
6387,195,9761,0.0034509722609072,1.06163
6356,47,2364,0.0232324879616498,1.02742
6356,47,2377,0.0036725627724081,0.544552
6356,53,2658,0.0960209518671035,1.02466
6580,2,110,0.0973760858178138,0.579585
6580,9,485,0.0044613033533096,1.04587
6388,61,3078,0.0036303198430687,1.25026
6388,63,3191,0.0059981839731335,0.950159
6564,212,10622,0.0035225495230406,1.093599483
6564,216,10806,0.0041948594152927,1.2693729172000001
6349,57,2854,0.0348938703536987,1.2810431382
6349,57,2869,0.0036852729972451,0.960616
6349,60,3019,0.006702444050461,1.02986
6431,29,1457,0.032766580581665,0.969513
6431,91,4586,0.3731977641582489,0.88257953232
6423,134,6726,0.0028762246947735,1.248204015
6423,149,7474,0.7903067469596863,0.6071002901599999
6487,98,4950,0.0379829965531826,1.10961
6487,127,6383,0.0013183985138311,1.16192
6440,189,9499,0.0023758262395858,1.0055
6690,154,7744,0.0129975797608494,0.900526
6690,157,7863,0.0029794557485729,0.985592
6690,159,7951,0.0056301346048712,1.3263235208
6479,14,713,0.3430584669113159,1.0
6535,202,10104,0.0046628559939563,1.30797
6376,13,692,0.0011108720209449,1.04095
6428,25,1266,0.0048054866492748,0.601957
6354,31,1578,0.0065118758939206,0.945273
6568,34,1729,0.0046889870427548,0.911798
6749,57,2868,0.0080716330558061,0.746786
6749,60,3047,0.0054001370444893,0.81364785048
6479,22,1134,0.0026699085719883,1.02875
6479,23,1168,0.0201027151197195,1.0952
6479,25,1290,0.0038945283740758,1.25821620598
6674,13,682,0.0020241821184754,0.538206
6658,64,3240,0.0562460869550704,1.06578
6343,119,5958,0.0053172744810581,1.19026
6343,124,6250,0.0308596398681402,1.35769
6407,131,6554,0.0032279307488352,2.36717
6686,21,1079,0.0064160320907831,1.02004
6686,22,1147,0.0023009465076029,0.386319043253
6387,111,5588,0.3049213886260986,1.06358
6591,62,3141,0.0151241766288876,0.543634
6633,31,1553,0.003381208050996,1.02645
6620,107,5365,0.0021397245582193,0.621303
6633,39,1972,0.0032446575351059,0.776869
6479,2,137,0.0044087483547627,1.3771397532
6480,145,7268,0.0020032171159982,1.02849
6480,148,7402,0.0023254945408552,0.448065
6343,40,2019,0.0035821199417114,1.04332
6599,48,2448,0.0926820039749145,0.9031658198400001
6634,72,3608,0.0054608052596449,1.02408
6605,115,5764,0.0045723249204456,0.568703
6572,132,6612,0.0050152787007391,1.09811
6572,135,6771,0.0018175521399825,1.40354239689
6376,41,2074,0.0027028082404285,1.01895
6468,147,7376,0.0033201533369719,1.01103438912
6488,23,1186,0.8111625909805298,1.13324
6487,93,4698,0.0027505608741194,1.3782242448
5091,52,2617,0.6865385174751282,1.02749
6341,26,1335,0.0060907718725502,0.877913
6658,29,1456,0.0043181348592042,1.05856
6379,188,9411,0.0025498666800558,0.985916
6379,191,9573,0.0044442131184041,0.375835
6697,78,3947,0.00749630946666,1.26782
6697,80,4050,0.0037051029503345,1.31465
6527,222,11120,0.0086278161033988,0.604207
6749,207,10359,0.0037383420858532,0.784992
6749,210,10504,0.0045360173098742,1.10532
6752,93,4658,0.0041356170549988,0.982972
6457,160,8025,0.0039168102666735,0.264178
6647,69,3456,0.0281444024294614,0.978311
6647,70,3522,0.0029527994338423,0.70105457222
6647,77,3863,0.0047972998581826,0.752292
6549,29,1490,0.0049647912383079,1.06958
6549,30,1519,0.0014577159890905,1.2177719132399998
6633,21,1074,0.0037026607897132,1.2134882565
6446,147,7381,0.0043711620382964,0.828674
6535,149,7492,0.0023887772113084,1.05387
6535,152,7650,0.0024284881073981,1.0543
6680,33,1685,0.0053893225267529,1.45928
6666,0,40,0.0042424998246133,0.875685
6647,48,2401,0.003732067765668,0.939867
6579,81,4063,0.0106842275708913,0.62090113024
6579,83,4184,0.0056905187666416,1.012263076
6579,88,4421,0.0035556501243263,1.16969
6406,132,6648,0.1866419464349746,1.15003
6655,20,1032,0.0142487427219748,0.904262
6369,95,4778,0.0033928065095096,0.836007
6369,97,4866,0.0046915048733353,1.1655334962
6369,100,5019,0.0040383711457252,0.993581
6412,21,1079,0.0105216326192021,0.545301
6412,37,1891,0.003598904935643,1.17827
6528,97,4888,0.0033627364318817,0.860127
6528,98,4904,0.067386470735073,0.665318
6382,205,10293,0.0034362697042524,0.985981
6596,36,1824,0.0052930349484086,1.54671
6596,40,2042,0.0044165831059217,1.35769
6687,199,10000,0.9982951283454896,0.816774
6647,182,9111,0.0188354700803756,1.21054
6647,182,9127,0.0030764283146709,0.982419
6647,192,9602,0.0015030266949906,1.27142
6640,44,2247,0.0019591518212109,1.01754
6589,48,2432,0.0044097155332565,0.908782
6481,20,1039,0.0018936727428808,0.656859
6481,25,1287,0.0041308812797069,0.583489
6560,8,446,0.0018261924851685,0.848719
6698,46,2331,0.0670915618538856,0.9315041054000001
6356,24,1244,0.0341688990592956,0.953897
6356,27,1400,0.0023764094803482,0.885002
6356,31,1557,0.0036056854296475,0.957006
6650,33,1660,0.0060710511170327,1.08999
6650,33,1666,0.0052079302258789,0.925992
6693,43,2191,0.0161945056170225,1.13942866736
6468,34,1722,0.003556870156899,0.890869
6664,70,3541,0.0964822396636009,0.534412
6551,205,10284,0.0035463753156363,1.02509
6551,205,10291,0.0047514508478343,1.42266
6577,75,3790,0.0058614830486476,0.613199
6339,11,559,0.0035616811364889,0.539895
6339,18,920,0.0060760020278394,0.990277
6339,19,974,0.0015836314996704,0.979631
6535,195,9789,0.004435836803168,1.2389640155000001
6535,212,10606,0.0044925967231392,1.11632427126e-09
6668,129,6476,0.0058482997119426,0.619927
6544,104,5201,0.0036420584656298,0.679237
6544,108,5404,0.0172245986759662,0.9889833626399999
6647,120,6046,0.0046967943198978,1.02785
6647,123,6156,0.6252195239067078,1.07597
6647,124,6237,0.0017116013914346,0.864333
6647,232,11647,0.0044528231956064,0.976069
6639,39,1982,0.0066656875424087,1.0
6571,137,6885,0.0041095134802162,1.01687
6571,137,6886,0.0050320839509367,0.507702
6369,122,6108,0.0042026247829198,1.0
6369,122,6140,0.0063189710490405,0.444336
6674,19,986,0.0034812663216143,1.00687
6387,93,4694,0.0153597230091691,0.99109405258
6387,100,5020,0.0039849882014095,0.510981
6387,101,5083,0.0084699289873242,0.98293
6572,228,11428,0.0043526133522391,1.081944919
6336,153,7660,0.0038015022873878,1.11826
6336,157,7870,0.002887638984248,0.531398
6336,157,7878,0.002161466050893,2.938221171
6620,16,839,0.0057629370130598,0.544588
6478,26,1335,0.3588879406452179,0.941532
6615,28,1432,0.0068249916657805,1.04646
6615,30,1544,0.0035140069667249,1.00429
6478,16,804,0.0190955996513366,0.907667
6507,128,6446,0.0059626619331538,1.01303
6507,128,6447,0.005342957098037,1.317159612
6354,75,3775,0.0037646393757313,0.03225564944
6382,183,9200,0.0074252965860068,0.95989
6382,190,9534,0.0114913629367947,0.462414
6695,29,1492,0.0102638741955161,1.0667821386599998
6341,105,5292,0.00441007129848,0.9474960342500001
6647,156,7819,0.0019400443416088,0.901656
6751,10,518,0.0062231938354671,1.25733
6751,13,665,0.0115141933783888,0.663466032
6376,46,2309,0.0024011540226638,0.489435
6690,165,8262,0.0028487418312579,0.944185
6525,10,513,0.0054069338366389,1.30386
6361,35,1792,0.0047249123454093,1.202664365
6479,63,3184,0.0023956513032317,1.4360296841999998
6669,111,5569,0.0260112546384334,1.1913213599999999
6553,60,3010,0.1046440750360488,0.00028670673188
6553,61,3074,0.0040569915436208,1.01922
6562,16,817,0.0264491699635982,0.944353
6482,104,5203,0.0022095763124525,0.888889
6482,105,5279,0.0035099617671221,1.1009
6552,82,4135,0.0083737475797533,1.03913
6552,82,4139,0.0023821454960852,1.03271
6423,80,4022,0.0024960010778158,1.04544
6649,44,2212,0.0101219238713383,0.597134
6649,44,2243,0.0143717816099524,0.699343
6698,27,1399,0.0024524296168237,0.455659
6564,121,6080,0.0021216673776507,0.978185
6630,23,1163,0.0028210105374455,0.864402
6630,29,1498,0.5506083965301514,1.53813
6749,181,9100,0.0066628879867494,1.07478
6475,65,3261,0.0794855654239654,1.04509
6712,20,1013,0.9492173790931702,1.4368472163000001
6712,21,1056,0.0045160027220845,1.26705
6565,15,756,0.0098688015714287,1.00578
6529,102,5112,0.0061079431325197,0.610944
6529,105,5251,0.0097238048911094,0.808085
6647,41,2100,0.0061871209181845,1.0326
6752,2,123,0.0050597586669027,1.00718
6583,10,520,0.0019385673804208,0.92179
6446,62,3124,0.0075005153194069,0.980717
6535,168,8438,0.002254024380818,0.606153
6535,171,8563,0.0048865671269595,0.572668
6535,174,8745,0.0021617324091494,1.15961
6467,8,419,0.0099420826882123,0.766492
6423,19,988,0.0358673185110092,0.873559
6387,160,8019,0.0047424351796507,1.00999131288
6520,23,1173,0.0068914978764951,0.608542
6520,25,1273,0.0288372207432985,0.84391539141
6520,27,1392,0.1138057336211204,0.9973419143199999
6436,21,1094,0.0048808921128511,0.72131
6436,24,1226,0.0229638814926147,0.65098577613
6534,29,1471,0.0036200687754899,0.631295
6688,78,3929,0.0038307779468595,1.0238
6647,87,4382,0.0023562517017126,8.309479716399999e-10
6508,1,98,0.0170956905931234,0.935135
6353,29,1460,0.0031492440029978,1.099129115
6563,61,3063,0.004045118112117,1.2040314528000002
6563,118,5924,0.2569158375263214,0.684736
6672,63,3156,0.0128674777224659,1.01686906964
6672,63,3164,0.0116249434649944,1.0045634940000001
6342,4,224,0.1069537550210952,1.13445904428
6551,115,5775,0.0031870855018496,1.04991
6551,118,5950,0.0039877528324723,0.632406
6551,122,6129,0.0040101069025695,0.51079
6379,156,7840,0.005266040097922,0.871731
6379,159,7991,0.0044183698482811,0.553703
6379,160,8039,0.0109292268753051,0.89299
6379,162,8138,0.0042493580840528,0.4829642416
6663,35,1774,0.0181607846170663,0.9791
6510,31,1567,0.0041276281699538,0.879121
6687,117,5855,0.004484521690756,1.0412
6666,39,1966,0.0057131885550916,0.957407
6666,44,2222,0.0013859471073374,1.3530192274000001
6666,45,2272,0.0013542791130021,1.03320177321
6521,89,4497,0.0091199437156319,1.04273
6521,93,4667,0.0041599539108574,0.6703570161200001
6647,246,12328,0.0031167087145149,0.900794
6752,138,6916,0.0020932496991008,1.04415611464
6380,52,2643,0.0064966599456965,1.0112589373999998
6653,32,1621,0.0039723487570881,1.2684683999
6616,151,7599,0.0070015867240726,1.00923
6429,52,2613,0.4586161077022552,0.569385
6419,2,122,0.0046032597310841,0.460705
6380,88,4438,0.0069587887264788,1.43378
6380,92,4635,0.0015711226733401,1.01773
6380,96,4832,0.0046031097881495,0.42245680900000004
6565,166,8324,0.003936911933124,1.14266
6572,85,4257,0.0275824833661317,1.03969
6614,28,1447,0.0063627902418375,1.03854
6614,31,1600,0.1276711821556091,1.1633051617199999
6614,93,4656,0.0018916907720267,0.454104
6525,0,24,0.0040457905270159,0.747891
6525,4,225,0.0034222907852381,1.2854035235999999
6525,7,365,0.5999723076820374,0.7375344241299999
6535,15,789,0.0028880948666483,0.875777
6535,17,897,0.0043014665134251,0.568358
6404,194,9748,0.0467332080006599,0.93848
6658,54,2738,0.0026011730078607,0.955594
6619,73,3697,0.0033204199280589,0.95939
6367,58,2933,0.0155092580243945,0.79655959798
6367,61,3051,0.0081768967211246,0.866576
6582,38,1914,0.0043157082982361,1.07419
6360,81,4059,0.0030319027137011,0.324068
6565,147,7361,0.0043293535709381,1.2676
6565,151,7573,0.1153664216399192,0.983188
6640,51,2578,0.2195471078157425,1.02388
6483,3,181,0.1260152757167816,0.882599
6483,9,485,0.003065725788474,0.947686
6388,17,892,0.0037095958832651,0.941385
6527,2,137,0.0069793406873941,0.40635590996
6527,3,170,0.0136048858985304,0.653787
6429,15,761,0.0045389276929199,0.969783
6429,15,775,0.1146287769079208,0.992481
6412,16,819,0.5086256265640259,0.990659
6544,294,14750,0.0039751706644892,0.81703
6633,34,1731,0.0210094917565584,1.17797
6633,37,1899,0.0072426074184477,1.11582
6579,0,25,0.9849851131439208,0.990514
6375,49,2472,0.0037135069724172,1.12889
6482,22,1142,0.0029005305841565,0.95259088568
6482,25,1292,0.0026277019642293,1.186335666
6482,34,1742,0.0087412185966968,1.04057
6642,57,2894,0.0072587667964398,0.984502
6605,100,5002,0.0042206030339002,1.03653
6588,24,1246,0.002490609884262,1.26156
6506,63,3186,0.0054784435778856,1.12733
6483,79,3994,0.3729217946529388,1.01805
6461,26,1332,0.0009751269826665,1.07136
6667,33,1676,0.0052391174249351,1.097708871
6667,33,1694,0.2249220162630081,1.09712
6667,42,2131,0.0047967894934117,0.934785
6548,124,6248,0.0020203180611133,1.00947
6548,126,6303,0.0022012796252965,1.0805
6405,17,889,0.0034883767366409,1.0536428416
6480,12,645,0.0029116203077137,0.429059
6628,32,1610,0.0156286619603633,1.0219
6366,51,2590,0.0035083275288343,0.8698019617930001
6376,140,7011,0.0036159500014036,1.2799174795
6406,27,1359,0.004792152903974,0.551384
6483,11,597,0.0234956126660108,0.826608
6483,16,831,0.0053390832617878,0.874509
6483,20,1043,0.0271484665572643,0.477983
6510,114,5703,0.0035481634549796,1.2202213862
6548,6,308,0.0469930097460746,0.95908
6548,8,402,0.0108069693669676,0.924791
6676,120,6043,0.0170240383595228,1.04395
6549,71,3574,0.3019112050533294,0.90826291974
6749,97,4886,0.0223064590245485,0.495662
6647,94,4725,0.0026494543999433,0.92179
6592,120,6003,0.0018157346639782,1.07959
6592,120,6037,0.0046865716576576,0.557509
6683,199,9989,0.0096490960568189,1.02622
6344,59,2953,0.0065221935510635,1.1429688224
6681,1,79,0.0048058577813208,1.02434
6688,67,3368,0.0020509494934231,0.521241
6417,151,7567,0.004675795789808,0.991316
6417,153,7662,0.8486425876617432,0.849843
6350,37,1881,0.0037380724679678,0.8394159921000001
6350,40,2028,0.0041955425404012,0.8795647633499999
6521,2,142,0.0047377743758261,0.987657
6521,10,543,0.0022271792404353,0.996854
6626,33,1668,0.0098066451027989,1.2372045299999999
6528,102,5125,0.0018532490357756,1.0343
6528,102,5138,0.0023029812145978,1.2977621651
6528,102,5139,0.0044705825857818,0.7014474324000001
6629,23,1198,0.0017739088507369,0.730028
6696,25,1270,0.0052445330657064,0.945767
6696,32,1605,0.0045417351648211,1.06156
6696,35,1772,0.3603766858577728,0.4813386239
6747,5,282,0.0037526891101151,1.08697
6507,168,8443,0.0112246666103601,0.932499
6507,169,8453,0.0116009805351495,0.895945
6507,171,8560,0.0079801846295595,1.00989
6553,42,2139,0.0035920371301472,0.6043741884799999
6553,45,2278,0.0063219000585377,0.997891
6748,128,6445,0.0072898436337709,0.878319
6748,133,6684,0.0214923322200775,1.0
6748,133,6692,0.0084240920841693,1.03712
6630,142,7107,0.0014727201778441,1.0978860192
6598,52,2609,0.0046403375454247,0.551664
6429,126,6309,0.0034447284415364,0.595528
6429,126,6339,0.0048622698523104,0.357715
6448,202,10129,0.0109809804707765,0.698265
6480,129,6495,0.0037251682952046,0.35002
6480,140,7006,0.0054198731668293,0.611658
6562,136,6805,0.0063438075594604,1.02566
6748,87,4356,0.0046695414930582,0.572665
6748,89,4474,0.9310340285301208,0.78926424456
6564,30,1546,0.0453148931264877,0.497741
6591,65,3260,0.0074915257282555,1.1803439322
6343,111,5586,0.0030480059795081,0.389831
6343,114,5722,0.0043709399178624,0.966414
6343,114,5740,0.0021605130750685,1.03897
6751,5,261,0.0042519411072134,3.5172682393600003
6751,9,492,0.0018825192237272,0.663016
6559,1,91,0.0036799735389649,1.10066
6559,2,144,0.0029282877221703,1.09269
6559,5,283,0.0044847046956419,0.975941
6559,6,348,0.0072976183146238,1.07435
6559,35,1778,0.0025228804443031,0.476991
6457,77,3856,0.153381735086441,0.952451
6603,7,359,0.0077696405351161,0.973237
6350,13,655,0.0325856134295463,1.03653
6350,13,683,0.0728227868676185,0.374683
6642,6,316,0.0052935876883566,0.543173
6551,223,11157,0.0041767167858779,0.7188412591799999
6551,223,11163,0.005461208987981,0.87317
6475,16,847,0.0649268478155136,1.0928
6572,53,2671,0.0039196666330099,0.991727
6571,67,3359,0.0074876439757645,1.1805272888
6448,48,2421,0.0048327455297112,0.715644
6638,13,666,0.29068723320961,1.03809
6481,1,58,0.0051196981221437,1.06248
6481,3,188,0.0157606806606054,0.536651
6637,6,336,0.0038199552800506,0.770211
6637,9,463,0.9840662479400636,0.901076
6341,75,3753,0.0035152160562574,0.878944
6343,105,5300,0.0778773501515388,1.5004
6343,164,8223,0.0042742313817143,0.7015073731200001
6565,42,2119,0.978130340576172,0.915675
6565,43,2166,0.0075626503676176,0.953872
6487,158,7909,0.002893338445574,1.00508
6663,132,6635,0.0037708785384893,1.11223
6437,2,113,0.0030351905152201,0.326334
6671,66,3337,0.0037095376756042,1.02681
6690,52,2603,0.2723127603530884,1.08853281264
6503,11,600,0.0036470661871135,0.956047257
6503,12,618,0.0037893133703619,0.866822
6461,18,906,0.0056556328199803,1.04511
6461,19,967,0.0029190178029239,1.0413
6423,75,3793,0.003757151775062,1.08195753946
6489,29,1474,0.1538225561380386,0.450213
6489,30,1525,0.0121670179069042,0.930835
6417,38,1950,0.0015805411385372,0.578683
6676,52,2609,0.0022905140649527,1.01507
6582,48,2428,0.0137222809717059,1.1878190688
6562,217,10881,0.0036833705380558,0.965458
6482,109,5496,0.0089448429644107,0.65863
6482,111,5558,0.0031149298883974,0.62297625074
6482,114,5726,0.0017034190241247,0.951153
6482,114,5739,0.0018073698738589,1.00885
6668,10,538,0.0075611723586916,0.84302393812
6366,85,4289,0.0057699629105627,0.980691
6596,169,8467,0.0101518994197249,1.04659
6623,59,2989,0.0058941217139363,1.06717
6623,60,3007,0.011414797976613,1.16628726
6382,194,9728,0.0175365824252367,1.06166
6382,200,10010,0.3822433352470398,0.969738
6535,229,11493,0.0054908264428377,0.975989
6439,81,4063,0.0333563238382339,0.98822
6687,235,11795,0.271340936422348,0.8929
6546,44,2224,0.0050283018499612,0.980904
6599,85,4294,0.0048780557699501,1.00657
6675,6,322,0.0081273140385746,0.96835
6467,97,4854,0.0392728298902511,0.7012100376
6467,98,4940,0.0041459547355771,1.2336337024000001
6404,189,9499,0.0020701824687421,0.631398
6683,54,2714,0.0024903432931751,1.3531
6683,62,3139,0.0186793971806764,1.08775
6448,25,1260,0.0057408101856708,1.01185
6448,25,1270,0.0090035097673535,0.5727801929599999
6467,130,6550,0.0029840401839464,1.2759435834000001
6692,119,5991,0.004409251268953,1.0
6676,17,867,0.0050108046270906,1.13443
6676,17,890,0.0058185080997645,0.157733916886
6420,52,2642,0.0059045106172561,1.0187
6571,58,2934,0.0228691268712282,1.05772
6173,140,7010,0.0040134391747415,1.08094
6520,37,1891,0.002901031402871,0.808347
6457,133,6693,0.0041748252697288,1.447803423
6457,139,6990,0.0046322457492351,0.983458
6444,25,1284,0.1678626835346222,0.64821
6444,28,1426,0.0025935019366443,0.981852
6639,51,2569,0.3417144417762756,0.0026045795106
6600,50,2522,0.0020861807279288,0.236734
6577,106,5314,0.0039719734340906,1.2177104472
6367,36,1842,0.0043045473285019,0.526238
6690,65,3294,0.0033466245513409,1.0447
6690,72,3618,0.0077871289104223,0.977548
6605,46,2303,0.0091943498700857,0.041192221872
6605,46,2329,0.2152079492807388,0.943554
6599,46,2335,0.0045647961087524,0.877913
6425,104,5201,0.0038106637075543,0.970044
6672,67,3398,0.0063733048737049,1.03851
6356,112,5624,0.0079045724123716,1.03111
6356,120,6011,0.004357180558145,1.03831
6653,139,6962,0.0057777697220444,1.4344951968
6594,110,5518,0.0221831873059272,1.14977
6336,61,3098,0.0018837514799088,1.02331
6431,66,3329,0.0055369180627167,1.11607
6431,73,3655,0.0018201528582721,0.849683
6431,74,3711,0.0053976378403604,0.930629
6653,61,3051,0.0016982993111014,1.01327
6653,64,3210,0.0029089471790939,0.848643
6653,66,3302,0.0120994849130511,0.946957
6533,103,5180,0.0015525809722021,1.02233
6533,132,6629,0.0046621304936707,0.950135
6339,39,1954,0.0090910494327545,1.0082
6427,52,2617,0.0033842816483229,1.04545
6671,120,6023,0.0020036352798342,1.16294393549
6686,13,652,0.9880300164222716,0.609399
6666,185,9264,0.0072251320816576,1.5997815388
6425,42,2120,0.0110870562493801,0.69450556257
6425,44,2218,0.0081530287861824,1.01987
6406,53,2698,0.0048966268077492,1.02934
6507,95,4783,0.0068438095040619,1.0938
6507,100,5046,0.003468609880656,0.715134
6313,14,728,0.0028405301272869,0.697283
6480,64,3207,0.0033884672448039,1.21869
6533,30,1501,0.0027777648065239,1.09431
6440,117,5851,0.0069581461139023,0.894826
6440,120,6021,0.0108686788007617,1.2173654192999999
6388,5,266,0.0053242547437548,1.0961
6680,34,1732,0.00390963582322,1.25209
6371,31,1590,0.0026911664754152,1.01558
6483,61,3072,0.1848913878202438,1.0
6748,215,10774,0.0069211013615131,0.001643682852
6479,26,1345,0.0159635543823242,0.913157
6479,34,1712,0.1385203301906585,0.738262
6379,73,3659,0.0027310396544635,0.574715
6565,41,2070,0.004277316853404,0.589312
6689,70,3536,0.0058888411149382,0.250107
6689,71,3580,0.0077865170314908,1.04224
6689,72,3643,0.04457863047719,1.02271
6426,179,8995,0.0063552274368703,0.828891
6426,180,9046,0.0100687714293599,0.655559
6441,124,6218,0.0027869164478033,1.0
6697,126,6324,0.0034072350244969,0.54912005638
6697,134,6705,0.0020025889389216,0.944337
6589,105,5300,0.002082830062136,1.02442
6589,106,5314,0.0034560994245111,1.0727
6690,31,1554,0.003256469964981,0.806748
6690,31,1584,0.0039111082442104,0.775255
6690,33,1687,0.0041307443752884,0.948868
6690,34,1718,0.0713093280792236,0.900489
6631,108,5413,0.0058983950875699,1.03872
6380,124,6225,0.0045390566810965,1.23228
6380,124,6245,0.0147928278893232,0.989819
6380,125,6258,0.0083475727587938,0.608455
6688,1,85,0.0037193966563791,1.4720716542
6341,134,6720,0.0907082855701446,0.978709
6521,59,2951,0.0404871590435504,0.45124
6377,23,1180,0.0030532095115631,1.02963
6377,24,1212,0.0063806162215769,0.9147481537800001
6377,28,1413,0.0033728915732353,0.873267
6572,159,7999,0.4216361045837402,1.0
6423,148,7421,0.0033242884092032,0.992481
6440,195,9754,0.0042860400862991,0.909271
6572,212,10606,0.024013452231884,0.957265
6572,212,10611,0.0159887429326772,1.15974
6547,45,2251,0.0084436470642685,0.527933
6535,200,10012,0.0025996444746851,0.55398
6693,11,565,0.003625510726124,2.64294157113
6387,17,892,0.3954638242721557,0.619295
6387,18,916,0.0037604498211294,0.840857
6375,5,255,0.1419142037630081,0.606021
6502,47,2398,0.0028626006096601,0.992334
6502,50,2532,0.0058673652820289,1.04434657624
6173,128,6449,0.0015736289788037,0.526087
6583,162,8118,0.0211202725768089,0.11953034307
6664,145,7279,0.0321428440511226,1.69391
6507,47,2385,0.0588807128369808,0.971382
6448,110,5541,0.0031373118981719,1.08064
6549,144,7246,0.0049934252165257,1.21277
6547,4,207,0.0162332206964492,0.87988
6614,84,4231,0.9867419600486756,1.02085
6614,86,4343,0.0057003586553037,0.992264
6664,135,6778,0.0072502358816564,1.08134406749
6664,137,6885,0.0073504555039107,1.0742
6489,141,7090,0.0094221672043204,1.03796
6427,42,2118,0.1251864731311798,0.759057
6427,61,3067,0.0020056655630469,0.976755
6588,15,776,0.0050642658025026,0.940025
6666,175,8769,0.0009846114553511,0.72373273653
6666,177,8877,0.4659404456615448,0.650585
6353,101,5058,0.0257645733654499,1.04439
6608,42,2116,0.006726668216288,0.956534
6608,43,2160,0.0032410072162747,1.21818
6608,43,2180,0.0017590357456356,0.989352
6690,41,2091,0.0053351577371358,1.0
6340,169,8486,0.0026488262228667,0.843623
6549,137,6895,0.0056571075692772,1.05552
6467,62,3145,0.0016148861031979,1.13957
6697,22,1123,0.0078200092539191,0.5998225995
6697,35,1782,0.0200622659176588,1.18316
6687,244,12220,0.0041355034336447,1.2742761472000002
6668,70,3537,0.119351640343666,0.98495
6616,165,8270,0.0092670023441314,1.01817
6616,171,8584,0.0056173275224864,1.03934
6412,146,7330,0.0051854657940566,0.807601
6448,123,6170,0.0038389263208955,1.02104
6448,148,7423,0.0173336882144212,1.4349343419
6649,14,735,0.0055042393505573,1.0302
6668,50,2507,0.0091107608750462,1.00339
6668,64,3231,0.0025029690004885,0.516425
6668,66,3307,0.0031600915826857,1.1861744104999998
6497,56,2806,0.0285376813262701,0.950365
6497,56,2815,0.0021889647468924,0.543448
6663,191,9591,0.0022014083806425,1.047
6600,111,5595,0.0024928296916186,1.05777270082
6600,113,5652,0.0054671093821525,0.850675
6600,114,5720,0.003485593246296,0.612019
6407,160,8023,0.0033276376780122,0.883
6353,41,2051,0.0047088172286748,0.930042
6353,70,3544,0.0054176193661987,0.613143
6565,132,6633,0.0034016747958958,1.05272
6565,132,6645,0.156745359301567,0.936216
6565,134,6733,0.0023226144257932,0.740112
6565,139,6956,0.0071351979859173,1.01592
6565,141,7051,0.0753435790538787,0.960012
6632,36,1803,0.0039873248897492,0.520516542
6748,38,1933,0.0031642864923924,0.940708
6461,94,4742,0.0084030786529183,0.990592
6600,56,2818,0.0060171047225594,1.03738
6506,187,9387,0.0076328380964696,0.636549
6689,44,2211,0.0046448912471532,1.0
6544,344,17214,0.0107469288632273,1.1292
6544,344,17223,0.1493738293647766,4.8215739712e-05
6544,345,17257,0.0040735490620136,1.12276
6647,191,9559,0.0047459229826927,0.518746
6615,146,7346,0.0410413593053817,1.01572
6690,93,4674,0.1401539444923401,0.547987
6533,80,4047,0.0086880596354603,1.00999
6533,84,4220,0.0039510964415967,1.17047
6533,87,4369,0.1633959859609604,0.024753947346
6611,133,6665,0.0081934025511145,0.6261753294
6551,17,857,0.003287642262876,1.04985
6551,22,1115,0.0043303137645125,0.712383
6444,113,5687,0.132205069065094,1.3845248112
6340,130,6502,0.0021493982058018,1.06981
6340,134,6711,0.0069631850346922,0.6557435206
6669,29,1479,0.0076918536797165,1.4320662026
6689,83,4171,0.0036647168453782,0.473977
6689,19,965,0.004686749074608,1.00256
6332,103,5166,0.0045366548001766,1.1477162976
6332,111,5568,0.0076346062123775,1.01914
6333,31,1584,0.0040208911523222,0.953679
6551,178,8906,0.0038445482496172,1.02311
6551,180,9013,0.0018276993650943,1.15879
6551,182,9147,0.0061210286803543,1.14493
6553,144,7222,0.0036450049374252,0.92179
6592,32,1603,0.002612801734358,0.457448
6410,62,3109,0.005004865117371,1.03637
6440,96,4802,0.014726891182363,0.784846
6417,107,5369,0.0144447097554802,0.877913
6417,108,5427,0.2810454964637756,0.990816
6347,179,8984,0.020049562677741,0.98133
6423,170,8536,0.2091357111930847,1.00465
6423,179,8984,0.0030835310462862,0.589536
6571,105,5278,0.0040386724285781,1.00001
6572,15,772,0.0029719844460487,0.6402248510399999
6572,17,857,0.0058666039258241,1.14044
6637,27,1372,0.2399494349956512,0.886336
6637,33,1670,0.0031884673517197,1.02282
6479,60,3048,0.0054702865891158,0.42086348135999996
6575,37,1880,0.0279224533587694,0.824676
6575,42,2105,0.0025351787917315,0.996639
6575,42,2106,0.0023652869276702,1.27006
6603,45,2285,0.0035233544185757,0.455078
6525,54,2744,0.0033612651750445,1.37878
6630,1,56,0.5103824138641357,0.5764347194000001
6630,7,361,0.0059335608966648,1.4753876324
6408,11,594,0.0026154101360589,1.49377
6347,74,3711,0.0013244716683402,0.763299
6571,140,7007,0.0412117950618267,1.1080497152
6359,30,1516,0.0052562081255018,1.03401
6359,30,1525,0.0302096474915742,0.901723
6404,185,9280,0.0021892460063099,1.04858
6507,122,6121,0.001392216887325,0.951319
6466,2,112,0.0065449918620288,1.49542
6466,5,275,0.005025356542319,1.06799390223
6461,40,2016,0.0030484611634165,13.463234811500001
6461,40,2036,0.0444327369332313,0.532767
6565,222,11110,0.0028478519525378,0.00159523772105
6688,33,1684,0.0091182198375463,1.00834
6583,136,6848,0.006673184223473,1.00759
6668,3,196,0.012676821090281,1.05568
6698,55,2760,0.7560091018676758,1.43439
6407,27,1355,0.0011244741035625,0.983905
6502,0,5,0.0051179933361709,0.96309366951
6502,2,142,0.0027756311465054,0.882415
6502,3,173,0.0037147228140383,0.992355
6381,5,292,0.0036322695668786,0.819376
6619,59,2985,0.0040422449819743,1.1462565829
6619,60,3036,0.0034530407283455,0.455205
6619,61,3063,0.0064046126790344,1.01121
6671,125,6255,0.0033089076168835,1.07955
6614,8,435,0.0023782097268849,1.1552
6668,121,6058,0.0046101980842649,0.705838
6668,123,6173,0.0228351354598999,0.977357
6668,124,6223,0.0066089718602597,0.82747
6680,74,3732,0.0038721857126802,1.04737
6407,49,2464,0.0045005287975072,1.04103
6353,76,3826,0.0044731190428137,1.07147
6572,24,1238,0.0940372496843338,0.821747
6572,24,1244,0.020398611202836,0.624593
6559,29,1476,0.0041860388591885,1.0
6559,37,1887,0.0026343050412833,1.03975
6362,81,4085,0.0044875177554786,0.578437
6440,154,7736,0.002569887554273,1.02158
6440,156,7847,0.3200978636741638,0.935266
6440,162,8149,0.0046026352792978,1.01081
6590,60,3040,0.2371521890163421,1.13708920616
6441,24,1206,0.0016682191053405,0.864176
6692,55,2764,0.0045233573764562,1.03023
6666,55,2768,0.2773680984973907,0.9085536166799999
6353,36,1847,0.0180314630270004,0.965684
6697,1,54,0.0024212352000176,0.609002
6402,17,868,0.0037728531751781,0.536264
6402,17,873,0.0039360132068395,0.95482
6343,126,6336,0.0042335428297519,0.808947
6649,54,2710,0.0015845538582652,0.86042
6468,50,2538,0.0044062626548111,1.0039
6598,133,6667,0.0059196944348514,0.8083133991499999
6683,30,1512,0.8241892457008362,0.974473
6683,30,1525,0.0037861717864871,0.847907
6683,30,1537,0.003193600103259,0.927319
6683,32,1645,0.0094579355791211,1.00605
6621,21,1061,0.0049425098113715,0.860616
6425,118,5917,0.0057449489831924,0.50976
6425,122,6142,0.0054069771431386,1.19099427463
6401,87,4372,0.006870259065181,0.531962
6401,98,4921,0.0035109091550111,1.26142
6387,66,3345,0.004644435364753,0.98315
6387,72,3631,0.0201759226620197,0.897146
6387,72,3643,0.0091071845963597,1.01984
6410,108,5419,0.0112022953107953,1.03708
6446,45,2262,0.0350993983447551,0.884076
6659,28,1422,0.0062930257990956,0.586257
6659,29,1495,0.014901889488101,7.1571953176000006e-06
6659,33,1690,0.0060448516160249,1.0601936779999999
6533,22,1148,0.001527459709905,0.935649
6533,24,1210,0.0013555799378082,1.1012717309
6533,24,1225,0.0038726066704839,1.19115
6533,24,1227,0.0122752822935581,0.896533
6533,26,1301,0.327452540397644,1.0654879418999998
6533,29,1471,0.0164674185216426,0.923949
6663,186,9347,0.0012929214863106,0.25605
6563,74,3710,0.9249818921089172,0.559404
6563,76,3809,0.0462990589439868,0.487731
6563,79,3994,0.0053191944025456,1.12645
6527,66,3343,0.0047914045862853,0.72291
6489,18,905,0.0136107048019766,0.82289867841
6666,97,4884,0.4981699585914612,2.66873
6666,99,4992,0.0051523149013519,1.02053
6332,61,3092,0.0045260982587933,1.02746
6374,14,734,0.0026462676469236,1.07557
6588,49,2494,0.0836902782320976,1.08015
6588,53,2693,0.0046522077172994,1.01375
6588,53,2696,0.0021340327803045,0.977374
6591,172,8632,0.2812643945217132,1.2163166941999999
6622,15,769,0.0083967829123139,0.935762
6622,15,796,0.0049060294404625,0.976565
6602,38,1906,0.7539176344871521,1.15231
6563,12,633,0.0048859762027859,1.12666
6563,15,770,0.0541920289397239,1.08971
6483,111,5587,0.0072205262258648,1.4646784659999998
6483,114,5721,0.4221591651439667,1.18777
6483,115,5796,0.0065117212943732,0.822879
6653,10,542,0.0040510720573365,1.01538
6540,46,2311,0.0022671343758702,1.00619
6540,47,2360,0.0023658403661102,0.448114
6461,46,2321,0.0063362126238644,1.085311962
6330,19,992,0.0024307372514158,0.934409
6687,106,5315,0.0037279692478477,1.01575
6605,55,2775,0.0046944799832999,0.95178268487
6404,2,147,0.0067934277467429,0.978304
6404,10,548,0.0280501563102006,0.932352
6467,53,2685,0.1346231251955032,0.89398
6382,86,4317,0.003132730955258,0.796444
6382,88,4439,0.0042334888130426,1.05832
6480,19,969,0.0022451591212302,1.12222
6609,3,153,0.0088011575862765,1.13181040565
6609,17,874,0.0042983777821063,0.830858
6579,110,5502,0.0023250840604305,1.60181
6579,114,5727,0.0426532067358493,1.2945445124
6371,57,2852,0.005425754468888,0.70693395396
6575,69,3454,0.0108464788645505,1.02209
6575,69,3493,0.0033455544617027,1.00264
6575,72,3621,0.0040517472662031,1.0022
6575,72,3644,0.7784658074378967,1.0996663214
6611,153,7691,0.004279569722712,0.387266
6362,53,2656,0.005667854566127,0.633844
6467,31,1597,0.0044963923282921,0.991831
6600,39,1994,0.0374428294599056,1.1683504689
6600,43,2176,0.0068632801994681,1.27344
6630,110,5509,0.0043715834617614,1.17863698835e-05
6553,83,4167,0.0041030785068869,0.954865
6553,87,4372,0.1348144710063934,1.36551
6529,52,2624,0.0016575473127886,0.979626
6529,58,2909,0.0203316621482372,0.517908
6529,58,2915,0.0044361529871821,1.00405
6371,0,16,0.003861132543534,1.00361
6579,61,3058,0.066262163221836,0.950175
6668,26,1309,0.1399665176868438,0.515429
6494,5,264,0.0103736585006117,0.877913
6362,78,3944,0.0047922148369252,0.955475
6483,51,2575,0.0019017318263649,0.993185
6547,30,1511,0.0067131728865206,1.2161877208
6340,125,6256,0.0031660001259297,1.21032
6341,50,2541,0.0017442171229049,1.22726580704
6427,103,5183,0.002482560230419,0.988598
6446,73,3672,0.0455921478569507,0.866442
6382,67,3383,0.0065653189085423,0.110803702874
6382,71,3582,0.0103338025510311,0.952934
6605,178,8904,0.0038445396348834,3.82146118649e-06
6375,60,3022,0.0013134392211213,0.615627
6375,61,3100,0.0056052184663712,1.68045
6387,132,6614,0.7136381268501282,1.29972
6387,136,6826,0.1487618088722229,1.14968
6426,188,9413,0.0034490805119276,1.42524
6426,189,9464,0.0068330611102283,1.20892537276
6379,7,363,0.0035414951853454,1.1436654021
6379,7,399,0.004025281406939,0.598853
6690,163,8157,0.0075729363597929,1.1177103135000002
6387,149,7494,0.0065142111852765,0.48301
6552,19,984,0.0011587959015741,0.912569
6552,21,1070,0.0058666677214205,1.02447
6530,5,275,0.0051242909394204,1.06502
6530,5,283,0.020137870684266,0.949802
6664,108,5414,0.0042299861088395,0.347384
6664,116,5841,0.0025492969434708,0.891727
6664,116,5847,0.0363979302346706,0.945412
6640,89,4473,0.0123640419915318,1.22065
6640,95,4787,0.0343336462974548,1.04152
6668,46,2309,0.0029573894571512,0.934817
6668,48,2431,0.0157988350838422,1.04984
6668,49,2496,0.5321378111839294,1.01637804042
6347,156,7828,0.0163768269121646,0.440579
6347,157,7897,0.0064568053930997,1.27666
6527,176,8828,0.0032997301314026,0.98927358646
6527,181,9079,0.0099295629188418,1.00514
6339,164,8211,0.0057578682899475,1.10538
6401,65,3284,0.0046892850659787,1.02441
6401,68,3433,0.0680456236004829,0.573841
6173,155,7785,0.0017996148671954,0.893759
6343,179,8990,0.1424227803945541,1.34525
6404,52,2602,0.0008768665138632,0.44246
6404,55,2794,0.0832964330911636,0.622408
6362,11,551,0.1143951117992401,1.15223286838
6366,95,4772,0.0040562907233834,0.879158
6611,66,3338,0.0109493844211101,0.60602
6369,61,3090,0.0053234221413731,0.008222769133200001
6457,26,1325,0.0094092823565006,0.40139274599999997
6170,40,2014,0.0030612086411565,1.2191699729999999
6590,33,1668,0.0028056588489562,0.95334
6487,83,4200,0.0031198807992041,0.942422273
6487,87,4373,0.0089101791381835,1.31404754088
6517,33,1671,0.007780198007822,0.628612
6695,17,857,0.01187564432621,0.84378
6695,20,1034,0.0068688434548676,1.05737
6337,30,1550,0.0084866117686033,0.605023
6615,13,698,0.003773043397814,0.896361
6572,58,2928,0.0043634488247334,0.88621712112
6656,52,2632,0.0061324713751673,1.3142382454
6698,145,7300,0.0053125075064599,0.49009
6698,146,7345,0.0068031353875994,1.04664
6698,147,7387,0.0731671154499054,0.97441769226
6698,148,7443,0.0037896262947469,0.308539
6666,106,5321,0.006543287076056,1.08152
6691,31,1574,0.0036621927283704,1.09295
6549,81,4074,0.0019090353744104,0.5980410370200001
6544,146,7304,0.0027529147919267,1.04437
6360,107,5363,0.0048440210521221,0.996032
6360,110,5525,0.0038861280772835,1.3386879675
6423,158,7946,0.0040056011639535,0.55477
6632,0,5,0.5326147079467773,0.817549
6632,8,415,0.4156934022903442,1.13695
6659,45,2275,0.0045167747884988,0.979729
6659,47,2381,0.0033574493136256,1.244051904
6340,25,1272,0.0152574246749281,1.28013
6341,145,7260,0.97889643907547,1.1747683860999998
6341,147,7398,0.0872087031602859,0.00010451732559000002
6630,127,6359,0.0035469548311084,0.958726
6533,113,5672,0.0034226598218083,0.940261
6502,56,2816,0.0043794414959847,0.540229
6655,3,163,0.0050118938088417,1.52713
6346,54,2719,0.0044211503118276,1.01581
6489,109,5496,0.0050137513317167,0.997308
6689,28,1448,0.0119289020076394,0.954597
6665,2,127,0.371295303106308,0.952236
6402,3,165,0.0030866060405969,1.01431
6381,189,9475,0.0189388860017061,0.309288
6680,121,6089,0.0044394601136446,0.867432
6680,129,6457,0.0024669338017702,0.154422209564
6480,92,4609,0.0015041227452456,1.11687
6480,99,4974,0.0018235762836411,1.09524
6590,23,1179,0.0050324806943535,0.867542
6649,25,1289,0.0016761802835389,1.04118
6546,25,1292,0.0685135349631309,0.6272222202
6546,26,1349,0.004129659384489,0.683782
6594,115,5790,0.0043860832229256,1.9309918286999999
6683,137,6879,0.0046144602820277,0.515138
6664,49,2479,0.0045032808557152,0.9990384067499999
6405,41,2068,0.0035533867776393,1.1914680741
6669,104,5203,0.0063779144547879,0.677194
6669,106,5310,0.0134671349078416,0.650491
6375,53,2655,0.0377622358500957,0.63113077392
6572,170,8507,0.027697728946805,1.11519
6572,171,8573,0.0051953685469925,1.1143046152
6548,41,2055,0.0080404104664921,0.937856
6615,87,4375,0.0283035561442375,0.952643
6615,128,6410,0.0067711677402257,1.3151406415
6615,128,6449,0.0039748442359268,0.578566
6692,1,75,0.0026754061691462,0.90082995904
6692,4,203,0.0080213146284222,0.67479
6563,51,2574,0.0043817167170345,0.710814
6446,118,5915,0.0044864760711789,1.04124
6446,119,5966,0.0116192353889346,0.877913
6446,122,6132,0.0030186781659722,0.432089
6348,2,109,0.3182350993156433,0.5579325756200001
6647,118,5913,0.0045629912056028,1.03188
6647,118,5941,0.003167756833136,1.12492
6359,20,1049,0.00351676158607,1.02447
6590,3,169,0.0086438339203596,0.89264425996
6590,5,265,0.1947439908981323,1.18098
6590,7,360,0.0030510576907545,1.20385263906
6594,95,4765,0.0669483318924903,0.98225
6347,115,5777,0.0084302434697747,1.03429
6669,12,650,0.0065116728655993,1.02674
6381,147,7398,0.0026412331499159,1.03873
6605,59,2960,0.0084088901057839,0.479908
6475,0,12,0.0113507714122533,0.700972
6475,4,242,0.009115545079112,0.607937
6475,9,500,0.1481503099203109,0.92836
6697,83,4166,0.9547975659370422,0.956041
6697,84,4226,0.0038643581792712,0.989607
6672,58,2924,0.0035840945784002,0.981456
6338,34,1706,0.0062426379881799,1.04971
6605,143,7164,0.0044746459461748,1.04354
6605,145,7294,0.0148950265720486,0.494881
6670,22,1123,0.0034719458781182,1.0139
6670,23,1184,0.4682216346263885,0.702453
6670,25,1267,0.0020944920834153,1.0762
6632,11,573,0.0051554734818637,0.518661
6569,5,300,0.0086771715432405,0.992232
6569,7,364,0.0583731606602668,1.0615
6404,31,1563,0.0272165238857269,1.04789785024
6681,20,1019,0.003674971871078,0.644552
6609,77,3879,0.0027126432396471,1.03835
6404,69,3456,0.004832356236875,1.22551
6404,71,3581,0.0073401993140578,1.04767
6380,95,4797,0.0032598099205642,1.02092
6478,35,1787,0.7755740284919739,1.06976
6619,13,662,0.0051806885749101,0.468435
6619,13,663,0.0079342136159539,0.67985231526
6619,13,694,0.0072423466481268,1.05335
6563,133,6689,0.0226665362715721,0.656665
6614,153,7694,0.0026649194769561,1.02734
6684,16,806,0.0276908110827207,1.03532
6684,17,892,0.1655834317207336,0.988608
6440,172,8628,0.0044124820269644,1.1005009088000002
6549,44,2229,0.0030736394692212,1.02071
6689,132,6613,0.0182409398257732,1.1240947873999998
6401,29,1477,0.0014987161848694,0.934373
6370,60,3020,0.011235000565648,1.01832
6370,60,3040,0.0037393134552985,0.99498
6590,51,2555,0.0537907481193542,1.02551
6562,203,10188,0.0032223956659436,1.00474
6579,56,2843,0.0026499789673835,0.830581
6748,32,1648,0.0022360372822731,0.990716
6698,106,5348,0.1001064553856849,0.94462
6507,91,4597,0.0060264118947088,1.1589246536
6507,92,4614,0.0039982171729207,0.947536
6507,92,4647,0.0018809008179232,0.332903
6443,4,243,0.0067616696469485,1.05153
6649,7,366,0.0017582519212737,0.409689
6649,8,435,0.725256621837616,1.01756
6649,10,516,0.0237490534782409,1.0566
6658,25,1278,0.0045557464472949,0.852655
6658,26,1308,0.0092200580984354,0.90685
6567,0,15,0.0050073331221938,0.866204
6567,0,32,0.0036192187108099,0.81632124728
6567,3,189,0.0036517023108899,0.634358
6567,5,252,0.002585170790553,0.00020239862536399996
6567,6,337,0.0069498345255851,0.320348126268
6571,88,4417,0.0065341368317604,1.12462
6467,76,3813,0.0028209784068167,0.54560934512
6467,80,4019,0.0055275866761803,1.41672
6467,80,4040,0.0482304282486438,1.1102
6608,23,1151,0.0032702193129807,1.02702
6565,52,2613,0.0059353895485401,1.46418
6565,53,2683,0.0486474893987178,1.03032
6632,73,3700,0.0025272762868553,0.871139
6664,182,9103,0.0016397754661738,0.992288
6664,193,9676,0.004341522231698,0.92179
6412,119,5999,0.0230595804750919,0.977443
6461,100,5020,0.0072165252640843,0.961775
6752,148,7418,0.004312461707741,0.747121
6752,153,7676,0.0024263591039925,0.787972
6752,153,7683,0.0055380603298544,0.92179
6631,49,2497,0.0050032981671392,0.0666790860816
6631,57,2900,0.0029347005765885,0.7223414777639999
6650,1,89,0.0055005080066621,1.11615
6650,4,230,0.0021897323895245,0.979281
6689,66,3335,0.1827032566070556,1.10702
6353,85,4255,0.0115082673728466,1.00951
6577,128,6414,0.0056776260025799,1.291508034
6423,120,6024,0.7176212072372437,1.23253
6692,117,5895,0.0102499481290578,0.898123
6596,137,6889,0.0048959436826407,1.02936
6596,137,6895,0.0042899451218545,1.00278
6527,167,8384,0.0057726493105292,1.0
6527,170,8518,0.0168702024966478,1.0344
6510,70,3544,0.0145152742043137,0.758462
6510,74,3748,0.0023110171314328,0.990974
6527,81,4100,0.004679512232542,1.10244
6527,86,4309,0.0031479327008128,0.961115
6668,76,3801,0.0017022556858137,0.972226
6687,187,9366,0.0112396106123924,0.814643
6562,194,9736,0.0279523450881242,0.526178
6535,77,3857,0.0328026972711086,1.0290282507
6752,81,4054,0.0031476828735321,1.14334
6446,94,4742,0.0128260850906372,2.00733
6446,96,4824,0.0033383215777575,1.25294
6446,100,5015,0.0054740984924137,1.09808
6667,17,862,0.0396621264517307,1.1419
6667,19,992,0.0097912568598985,1.18972
6551,67,3358,0.0052885957993566,0.987668
6752,52,2636,0.9084603190422058,0.9557839093200001
6749,85,4268,0.0046236966736614,0.516279
6457,119,5957,0.0025397941935807,1.15139
6457,123,6169,0.0026778432074934,0.981704
6380,17,898,0.0040575200691819,0.932616
6609,64,3212,0.0792576372623443,1.2298481638799998
6609,66,3323,0.0590453967452049,0.705125
6609,70,3508,0.0022901392076164,0.84968
6640,1,72,0.0102546894922852,1.2511680672
6444,44,2225,0.0042791836895048,0.849114
6620,163,8199,0.0014673720579594,0.964759
6457,66,3320,0.0160771403461694,1.10221
6490,84,4249,0.0048371483571827,0.520664
6510,86,4318,0.7441025972366333,0.6536314609999999
6510,87,4362,0.875510573387146,0.6356284497
6510,88,4413,0.0029850434511899,0.999971
6510,89,4484,0.0026723272167146,1.04833
6510,90,4534,0.0036531738005578,1.03612
6510,94,4744,0.0070131230168044,0.847043
6517,42,2146,0.2177361249923706,0.487768
6517,45,2272,0.000968059815932,0.946985
6517,45,2274,0.002787307370454,1.2613532835
6517,48,2432,0.0016607019351795,1.30341
6634,159,7974,0.4166091978549957,1.4469943545
6664,225,11254,0.0040114764124155,1.07012
6691,19,997,0.0059944801032543,1.07223
6691,21,1054,0.0069341049529612,0.17131096918400002
6569,20,1024,0.0358832590281963,0.448276
6503,104,5221,0.0056341052986681,0.652405
6503,108,5401,0.0042834053747355,1.1828161289999999
6461,111,5560,0.0307524036616086,0.692406
6360,57,2878,0.0055648405104875,0.99133
6642,1,55,0.896625816822052,0.949303
6640,129,6465,0.0167730674147605,0.922031
6577,9,454,0.0063922419212758,1.00838
6535,123,6158,0.001828555483371,1.01861
6417,21,1083,0.0030948957428336,1.31176
6417,24,1215,0.0008913679048418,0.794658
6722,3,153,0.0030958976130932,0.655513
6722,3,175,0.00371063221246,0.488002
6722,6,310,0.0033759144134819,0.78544726376
6428,31,1581,0.0042149131186306,0.844813
6482,19,967,0.0033636665903031,0.464705
6676,146,7342,0.002239046851173,0.978448
6606,63,3193,0.0041768974624574,3.6362215883499998
6173,65,3272,0.002012267941609,1.18316490912
6444,89,4479,0.0047965124249458,0.666116
6503,7,400,0.0040938551537692,0.6905898965899999
6503,8,430,0.0997737422585487,1.2121478787
6503,8,441,0.3324118554592132,0.597193
6686,52,2619,0.0036870660260319,0.761656
6686,64,3242,0.0024540317244827,0.828172
6686,76,3838,0.0363784171640872,0.914088
6551,201,10093,0.008622950874269,0.6106986999199999
6748,138,6924,0.0726378858089447,0.604279
6630,98,4913,0.003133971709758,1.00435
6630,99,4999,0.0061783217824995,1.28139
6749,73,3670,0.0037581226788461,1.1459422130999999
6749,74,3735,0.0053306957706809,1.1580942762
6749,74,3739,0.0038450066931545,0.605179
6521,18,905,0.0024072313681244,0.994798
6521,23,1164,0.0100212367251515,0.97299460775
6343,147,7364,0.0048564677126705,1.11585
6752,42,2116,0.2176418900489807,1.24907
6598,94,4738,0.0418949164450168,0.876038
6356,141,7072,0.0066751250997185,1.15091
6583,78,3935,0.0033155172131955,1.05586
6583,78,3942,0.0053763459436595,0.528331
6694,3,156,0.0170102082192897,0.5275105846200001
6694,7,358,0.0092361103743314,0.351898
6589,71,3588,0.0056854458525776,1.00887
6589,73,3697,0.0033828106243163,0.379974
6589,74,3731,0.0054177045822143,0.800718
6647,100,5015,0.0337167419493198,0.943698
6448,150,7522,0.0045754993334412,1.03564
6635,0,2,0.0044078845530748,0.56285834207
6540,9,463,0.0033822383265942,8.98206072106
6446,176,8805,0.0020640741568058,0.991493
6565,199,9975,0.0069133616052567,1.0936300918
6642,31,1578,0.0048969150520861,0.778258
6642,31,1584,0.0677626356482505,0.991998
6642,34,1745,0.0141899716109037,1.04728
6534,43,2181,0.0256510060280561,1.21349
6534,44,2216,0.0222335737198591,0.917729
6510,77,3859,0.0021219390910118,0.653832
6510,79,3994,0.0028391408268362,0.98194
6510,81,4092,0.0041106534190475,0.98167
6369,146,7317,0.0029023848474025,0.923292
6687,148,7403,0.1149171963334083,1.49461
6630,92,4615,0.0047254529781639,0.749611
6426,45,2294,0.0034928983077406,1.5579000206
6382,146,7313,0.0047148284502327,1.16332
6688,91,4552,0.0158088710159063,0.927992
6697,107,5359,0.003420679597184,1.02686
6598,173,8689,0.011279541067779,0.979392
6598,175,8784,0.0030243881046772,1.42971
6507,139,6995,0.0051084966398775,0.612924
6417,156,7808,0.0049200821667909,0.581488
6349,65,3258,0.0095499958842992,1.2234322162
6340,14,746,0.0039875237271189,1.2376704906
6407,33,1683,0.0042129987850785,0.828817
6551,103,5183,0.003080571303144,1.04132
6551,107,5395,0.0034750488121062,0.675197
6426,164,8236,0.0041056261397898,1.3314026544
6426,169,8487,0.0647627040743827,0.577836
6598,125,6289,0.002279718639329,0.86615
6598,127,6366,0.0040614139288663,0.4577
6720,0,13,0.0039363889954984,0.318495
6720,1,84,0.0068162805400788,0.429256
6720,4,204,0.002704226411879,0.7002781473999999
6720,5,283,0.0037521505728363,1.24964
6361,27,1366,0.009385073557496,1.00047
6615,68,3421,0.301936388015747,0.99527
6410,20,1039,0.0037493868730962,1.00615
6410,189,9479,0.2108199447393417,1.0545989348
6667,54,2735,0.0872560441493988,1.13721
6667,57,2899,0.0149085903540253,1.09287
6667,58,2939,0.1134781390428543,0.521033
6359,97,4858,0.0045987046323716,0.828603
6672,4,246,0.0212966874241828,0.0103807337016
6608,37,1897,0.0036978761199861,0.67492196511
6749,211,10584,0.0133930696174502,0.973182
6355,55,2765,0.5133882164955139,0.837524
6355,55,2787,0.0041108820587396,0.9539376012
6467,2,126,0.0022094955202192,1.52613
6510,104,5210,0.0040907631628215,0.521246
6510,110,5511,0.0056064357049763,0.980161
6573,30,1547,0.0050878948532044,0.6709695808199999
6369,107,5375,0.0226082894951105,1.72223
6369,110,5545,0.005904029123485,1.01764
6369,110,5549,0.0040127150714397,1.3541608938
6503,98,4921,0.0065469574183225,0.681857
6503,99,4964,0.005099032074213,0.646964
6564,1,75,0.0066407001577317,0.179631
6564,2,143,0.0712042227387428,0.90499
6564,2,145,0.0032603801228106,1.02019
6528,122,6127,0.0033501752186566,1.6875254305
6528,127,6362,0.0539608895778656,1.04939
6606,88,4439,0.0030608545057475,1.03472
6606,89,4460,0.0089831789955496,1.04756
6410,59,2959,0.0048486115410923,0.989832
6588,60,3015,0.39009889960289,6.35525394128e-10
6340,59,2960,0.0031288692262023,1.06864
6340,69,3457,0.0035555521026253,1.04307
6340,70,3526,0.043488573282957,0.933092
6592,84,4223,0.0025659147650003,0.922189
6672,29,1499,0.0066979220137,0.6067461655499999
6442,0,4,0.0090969447046518,1.10051
6442,2,149,0.0030029548797756,1.05889
6442,7,366,0.003244180465117,0.877913
6525,26,1325,0.1190629377961158,1.14317
6525,30,1535,0.0018415265949442,0.509468
6375,114,5709,0.0061670741997659,1.01103
6353,1,90,0.0036319277714937,0.457642
6353,7,373,0.0036356153432279,1.02673
6353,8,407,0.0038852770812809,0.47797
6667,63,3173,0.0034921765327453,1.03553
6653,18,926,0.0018572146072983,1.27731
6508,14,719,0.2445332407951355,1.01413
6609,27,1358,0.0943503901362419,1.21689
6412,124,6223,0.0131155056878924,1.04962
6362,24,1222,0.002942107617855,0.5843913036500001
6631,83,4179,0.0017829284770414,1.09643
6631,88,4445,0.011414835229516,0.410029
6382,139,6967,0.1046503484249115,0.464872
6379,88,4413,0.0022871505934745,0.763727
6598,115,5775,0.0029592460487037,0.66604
6579,43,2198,0.0038960382807999,0.541965
6579,49,2465,0.0034407107159495,1.07137
6346,39,1957,0.0121637061238288,1.02102
6380,113,5661,0.0050315591506659,0.961003
6553,46,2337,0.0034990147687494,1.04017
6553,48,2406,0.0113327205181121,1.07271
6553,48,2419,0.0043531032279133,0.928525435
6553,54,2739,0.0042865425348281,1.1145686109000001
6381,49,2463,0.0509217642247676,0.8988257923499999
6482,38,1935,0.0060391896404325,0.97714
6482,42,2119,0.2338833957910537,0.42017876537000004
6482,42,2120,0.001807342399843,0.876537
6693,18,904,0.0057073710486292,0.973112
6356,123,6164,0.0028328960761427,0.97926
6577,20,1025,0.002059171674773,1.07149
6577,21,1097,0.0033371825702488,2.30350716708e-13
6577,23,1174,0.0105845918878912,0.0013630279088999997
6577,28,1431,0.0118607683107256,1.23813
6577,28,1449,0.0234854333102703,0.891033
6577,29,1476,0.0030141351744532,0.96158094188
6669,83,4185,0.0046501196920871,0.91984
6640,99,5000,0.0021674248855561,0.737007
6506,23,1179,0.0048155947588384,1.04899
6626,25,1274,0.0066947438754141,0.654222269
6344,49,2486,0.0039805057458579,0.837857
6600,2,120,0.0305451601743698,0.549125
6689,5,296,0.0039404965937137,0.955158
6689,7,374,0.6328057050704956,0.897564
6752,33,1656,0.0347456112504005,0.887919
6752,35,1785,0.0893937051296234,0.6755178837000001
6441,62,3122,0.00438315840438,1.10279
6640,153,7651,0.0044848793186247,0.577796
6640,153,7657,0.0042205452919006,0.977359
6640,155,7758,0.0023826395627111,1.08444
6640,157,7866,0.0012954251142218,0.0028529164624000007
6640,158,7911,0.0068815448321402,0.474926
6548,2,106,0.0100563755258917,0.946142
6527,39,1971,0.007746999617666,0.994769
6527,59,2959,0.0090793473646044,1.350069649
6527,64,3233,0.5318073034286499,1.2515075058
6583,93,4675,0.0019887126982212,1.0261
6340,99,4966,0.0430194698274135,0.89371
6340,101,5071,0.0301579181104898,1.1656309624
6340,101,5077,0.00474847946316,0.884833
6530,26,1303,0.0039701741188764,1.00816
6506,200,10006,0.0034421104937791,0.982897
6490,75,3770,0.0058103497140109,0.839471
6600,47,2369,0.0079120136797428,0.991979
6697,61,3074,0.0423014499247074,0.923799
6605,76,3843,0.0058097103610634,1.00737
6664,205,10293,0.010760766454041,1.02501
6664,206,10314,0.0034655472263693,0.842813
6553,112,5608,0.0059488806873559,0.820455
6690,85,4270,0.0076134600676596,0.899866
6690,86,4301,0.0972125828266143,0.453541
6349,3,170,0.0121077066287398,0.985837
6349,8,428,0.0036721129436045,1.12401
6593,13,654,0.0044828657992184,0.605042
6367,14,737,0.0049997121095657,3.63749793876e-07
6387,104,5233,0.0046479944139719,1.03171
6376,109,5460,0.0988770499825477,1.10053
6376,112,5650,0.0060483994893729,0.947931
6404,80,4011,0.0203744228929281,3.17413514842e-05
6535,29,1481,0.0020381459034979,1.00811
6697,68,3439,0.0129151819273829,0.440221
6453,31,1557,0.0335343107581138,0.993009
6553,26,1331,0.0130818868055939,0.6027460929
6553,33,1684,0.0016536373877897,1.34116
6642,75,3788,0.0024044814053922,0.547864
6642,77,3877,0.0129268839955329,1.07747
6681,9,454,0.0575447641313076,0.604167
6681,9,491,0.0047292849048972,0.511841
6547,35,1751,0.0030430646147578,0.784649
6547,40,2006,0.9735008478164672,0.964366
6427,76,3834,0.0067962985485792,1.1896633364
6425,11,594,0.012826707214117,0.913465
6427,127,6378,0.0058647631667554,0.908794
6594,18,948,0.0017705938080325,0.986807
6387,172,8611,0.0025410337839275,0.860175
6387,174,8741,0.0190464667975902,1.00284
6594,6,309,0.0051306197419762,0.657945
6620,145,7278,0.0072239181026816,1.03735
6599,22,1128,0.0196008644998073,1.04501
6611,107,5367,0.0118629541248083,1.07818
6611,108,5415,0.0540535263717174,1.04945
6611,108,5446,0.0202087834477424,1.02902
6358,85,4270,0.0037787617184221,0.0030079102388400002
6425,5,275,0.0028682695701718,1.03793
6571,42,2125,0.0037425199989229,0.819056
6444,146,7333,0.0071301730349659,1.11189
6444,148,7419,0.0049813361838459,0.968847
6444,151,7564,0.0047669699415564,1.11515
6444,155,7780,0.0026198143605142,0.846691
6619,9,489,0.0032462058588862,0.626991
6407,50,2535,0.0031830663792788,0.642698
6407,53,2651,0.0047336388379335,1.02671
6506,3,175,0.0042096115648746,0.993495
6506,4,245,0.8464605808258057,1.2336954564
6348,28,1447,0.0064857555553317,0.498686
6348,30,1536,0.005437952466309,0.800047
6482,73,3693,0.0040241978131234,0.637408
6349,20,1002,0.9469669461250304,0.720455
6349,22,1106,0.0060645947232842,0.490643
6594,76,3804,0.0041793417185544,1.5077
6687,75,3771,0.0041923807002604,0.441193
6334,40,2046,0.243980273604393,1.16931
6334,47,2372,0.0123603111132979,0.849218
6622,17,860,0.010500262491405,1.05955423028
6622,38,1936,0.1680375039577484,1.13778
6749,118,5928,0.0158434808254241,0.963944
6338,19,969,0.0024398956447839,1.05509
6338,20,1031,0.0050571784377098,1.25629
6467,16,827,0.1294651329517364,0.905436
6467,24,1250,0.002415825612843,0.845164
6564,162,8118,0.0733376741409301,1.1735559456
6564,181,9051,0.603621244430542,1.3776
6348,153,7664,0.033644612878561,0.609667
6348,155,7800,0.0097697041928768,1.0214403886599999
6698,85,4267,0.4976994097232818,0.871545
6698,86,4306,0.0082996357232332,1.02889
6698,90,4521,0.0022991474252194,1.1158
6583,143,7158,0.0025794929824769,0.521826
6592,10,548,0.0028798002749681,1.04491
6592,17,892,0.8617566227912903,1.02334
6566,16,831,0.0082397675141692,1.04478
6566,18,927,0.0081178406253457,0.944618
6566,19,972,0.0035108313895761,0.894917
6663,53,2682,0.0451505035161972,1.48698
6663,9,470,0.0067650489509105,0.520331
6663,13,663,0.0047164149582386,0.977191
6683,45,2255,0.0015407358296215,0.430151
6551,0,34,0.0049397032707929,7.88568e-14
6551,0,42,0.006816990673542,1.56857
6551,7,387,0.0076208426617085,0.49463923108999996
6617,12,614,0.0045496127568185,1.4352250482000002
6617,12,638,0.9856626391410828,1.0
6487,17,866,0.070942036807537,5.3672186939e-05
6487,17,892,0.0403224900364875,0.882486
6626,1,85,0.0024773476179689,0.866897
6752,84,4237,0.0024637556634843,0.718152
6439,10,526,0.0061445534229278,1.0
6439,14,709,0.0033987516071647,1.3097693651
6439,18,914,0.0387592799961566,1.07064
6692,31,1597,0.0022811857052147,0.510348
6622,48,2437,0.0046121152117848,1.02908
6622,49,2473,0.0087304497137665,1.0344
6622,52,2650,0.0171362832188606,0.447443
6622,53,2682,0.1462056040763855,0.57136334475
6603,75,3800,0.2857261896133423,0.592109
6603,81,4085,0.0227347668260335,0.264176
6339,137,6855,0.1416721194982528,0.981248
6448,41,2059,0.0087751680985093,1.2334768956
6453,67,3362,0.0025227246806025,10.229639200000001
6453,68,3438,0.0013855287106707,0.911076
6350,51,2569,0.0034366697072982,0.807957
6622,72,3617,0.0085092186927795,1.05765
6548,150,7505,0.0010997242061421,0.00703081713576
6527,111,5575,0.0053339255973696,1.2190336238
6564,150,7513,0.0423014275729656,1.02366
6564,156,7830,0.0027766725979745,1.03428
6622,18,927,0.0022621599491685,0.877913
6383,28,1402,0.0018358636880293,0.852724
6487,1,87,0.003935984801501,1.0070158999999999
6487,3,184,0.0056239068508148,0.71307152141
6487,5,261,0.0053391670808196,1.15058
6487,6,343,0.0044214623048901,1.05269
6487,6,344,0.003805600805208,0.996241
6487,7,381,0.0040687387809157,0.922733
6487,9,452,0.0080749066546559,0.541659
6609,46,2319,0.0021399406250566,1.13784
6606,5,296,0.0072377095930278,0.995566
6606,9,474,0.0025004821363836,0.529624
6453,28,1431,0.0027780253440141,0.882648
6521,38,1930,0.0045786816626787,0.306158
6521,38,1948,0.004084737971425,0.645541
6506,220,11022,0.0021468889899551,1.09949294854
6478,55,2799,0.0037726885639131,1.06571
6478,58,2924,0.0050674001686275,1.04837684504
6649,39,1990,0.0049957339651882,0.877258
6467,69,3461,0.0033804080449044,1.0492
6467,75,3759,0.0063391742296516,0.964117
6360,70,3542,0.0075103784911334,0.729023
6603,28,1411,0.0020248196087777,1.00922
6603,36,1840,0.003717825980857,0.20639743242
6630,86,4322,0.0014095219084993,0.421727
6630,90,4544,0.0038283804897218,0.825168
6551,160,8010,0.0042109685018658,0.80965
6551,162,8105,0.0090457228943705,0.405373
6553,166,8302,0.0086365602910518,1.2138454228999997
6594,41,2080,0.0011191901285201,1.04884
6594,46,2321,0.016894944012165,0.96566
6594,48,2402,0.0056466003879904,1.02397
6667,0,4,0.0038881576620042,0.67282921464
6615,25,1269,0.002026543021202,0.569251
6615,26,1321,0.003795746481046,1.08412
6664,118,5940,0.0331699065864086,1.2108409679999999
6664,122,6137,0.005263231229037,1.23921
6664,124,6242,0.0018215446034446,1.3952681976999999
6653,113,5662,0.0070546902716159,1.05166
6600,125,6281,0.0919058695435524,1.07667
6439,28,1407,0.1798298060894012,1.03545
6589,28,1421,0.0050930944271385,0.853773
6493,27,1398,0.0046818363480269,1.1592
6493,29,1486,0.0052894810214638,0.013836428135999999
6378,3,173,0.0027212984859943,0.96318
6359,75,3769,0.0061219600029289,0.682936
6359,77,3874,0.9797791242599488,1.03974
6467,86,4305,0.0088327033445239,0.949875
6467,90,4541,0.0448626391589641,6.18625012732
6642,27,1361,0.0084772752597928,0.57140772756
6642,27,1367,0.0187682788819074,0.781267
6598,40,2015,0.0029370649717748,0.504271
6406,178,8918,0.0054743653163313,0.75514
6406,182,9103,0.2311081439256668,0.959567
6669,57,2872,0.0192692503333091,1.03673
6669,58,2936,0.2742861211299896,0.859881
6669,58,2948,0.0047097401693463,0.502164
6592,150,7534,0.0025704351719468,0.527076
6592,152,7627,0.0043671880848705,1.18976
6461,75,3786,0.0070844339206814,1.00598
6461,82,4113,0.0043173534795641,1.46062
6525,36,1840,0.0055847219191491,1.09917
6525,41,2058,0.2084812372922897,0.560954
6525,42,2135,0.0119634987786412,0.97877
6752,56,2806,0.0031245839782059,1.02427
6752,57,2862,0.00405910378322,0.991572
6752,59,2989,0.0041809729300439,0.9643229663199999
6752,64,3211,0.0036538422573357,0.60652494952
6752,65,3286,0.020375495776534,1.03507
6548,36,1809,0.0076326872222125,0.65932
6439,68,3416,0.0061053489334881,1.02216
6579,23,1156,0.036244660615921,1.06072
6502,61,3080,0.0022658468224108,0.968844
6507,181,9097,0.0045290058478713,1.17965
6606,12,631,0.0046455971896648,0.766289
6606,13,669,0.0042609954252839,0.443726
6747,2,115,0.9306235313415528,0.767496
6747,22,1116,0.0037008475046604,0.895929
6540,24,1207,0.1138547286391258,1.0206
5938,17,889,0.1846520900726318,0.39412
6444,119,5996,0.0044374288991093,1.03067
6444,120,6026,0.0041166408918797,0.575649
6749,12,630,0.0056302193552255,0.892186
6551,189,9480,0.0483898408710956,0.907346
6645,27,1391,0.0029350842814892,1.04188
6527,195,9779,0.0021106556523591,1.31411
6527,202,10122,0.5764256119728088,1.01186
6527,202,10129,0.0025019608438014,0.512977
6527,202,10140,0.0145609537139534,0.559968
6616,42,2126,0.0033582104369997,0.573653
6380,32,1644,0.0058421925641596,0.576952
6380,35,1781,0.0037249841261655,0.543231
6380,38,1910,0.128075823187828,1.03914
6352,34,1742,0.002976803574711,0.619145192554
6698,50,2506,0.0077942791394889,0.4898
6620,37,1900,0.0021930031944066,1.03821
6359,87,4399,0.0034279108513146,1.12766
6359,88,4428,0.0032884031534194,0.525109
6429,8,437,0.0066081355325877,1.19798
6591,16,845,0.0059056021273136,1.16559
6591,25,1292,0.0027018843684345,0.863392
6448,73,3691,0.0100295273587107,1.11625
6448,134,6716,0.0038178041577339,1.10944
6387,78,3912,0.0019928652327507,0.783459
6535,116,5820,0.0020422390662133,1.2430900169999999
6640,109,5458,0.0105873038992285,0.921132
6341,64,3212,0.0037990638520568,1.04494
6572,11,555,0.0073164929635822,0.99111211536
6443,26,1341,0.4662815928459167,0.969614
6533,89,4475,0.0092478031292557,0.803952
6487,149,7471,0.0046197897754609,0.979598
6641,6,328,0.0036033294163644,1.2227769250000002
6641,8,406,0.006077732425183,0.730508
6641,8,432,0.0843009948730468,0.972556
6616,20,1042,0.0070812776684761,0.538962
6616,24,1203,0.0039188624359667,0.938343
6487,76,3822,0.0021221984643489,0.606548
6417,120,6002,0.0094850361347198,1.08581
6446,113,5661,0.0029252697713673,0.563553
6381,102,5150,0.0933688208460807,0.938665
6381,105,5275,0.0045852758921682,1.09818
6462,85,4257,0.0039911312051117,0.973239
6462,95,4785,0.0036646472290158,1.03303
6489,117,5882,0.9576911330223083,1.00767
6377,44,2247,0.0061481073498725,1.09435
6527,6,319,0.1390301436185836,0.7470272160000001
6381,58,2923,0.0039843488484621,0.452733
6381,61,3079,0.0017714318819344,0.954662
6381,155,7795,0.003052458865568,1.03399
6549,104,5245,0.3360441625118255,0.889801
6580,33,1680,0.0025547298137098,1.1734320906
6622,70,3542,0.001856286660768,1.06151
6752,11,597,0.0025441730394959,1.9001628495
6752,12,645,0.003404492046684,1.0278
6440,24,1232,0.003483475651592,1.25679
6347,41,2089,0.0032770263496786,1.07183
6580,44,2234,0.0025572243612259,1.70024021527
6580,45,2258,0.0139338774606585,0.917817
6696,41,2094,0.0190082918852567,0.938739
6683,221,11075,0.7792949080467224,1.11204
6431,39,1988,0.0040255570784211,0.620455
6478,1,86,0.0039461771957576,1.03002
6338,103,5170,0.0039222706109285,0.94106528868
6565,25,1262,0.0061383252032101,0.97005
6565,28,1414,0.0037619739305227,0.839083
6565,28,1425,0.0616825595498085,1.1237350988800001
6596,32,1627,0.0022630339954048,1.04017
6407,0,7,0.0117204552516341,0.875963
6608,58,2902,0.0034027595538645,1.06756152815
6528,56,2806,0.0047729224897921,0.72098687736
6528,58,2923,0.0052721961401402,0.80212
6528,58,2929,0.0013103380333632,1.06848
6382,59,2964,0.0087001090869307,0.7438
6629,29,1482,0.0053888191469013,1.0
6664,168,8420,0.0027471845969557,0.65046225308
6664,174,8719,0.0032020828220993,0.978057
6334,72,3650,0.1036200076341629,1.08627
6461,68,3449,0.0306081473827362,0.00154908492228
6339,74,3721,0.5339658260345459,0.838935
6339,75,3788,0.0037711993791162,0.66235181436
6339,79,3993,0.004713213071227,0.45296
6343,166,8318,0.0042228959500789,0.93791
6634,116,5809,0.0033868432510644,1.08282
6634,116,5816,0.0550923682749271,1.17705362412
6634,123,6192,0.002486634068191,0.468409
6748,179,8997,0.0030352771282196,0.395286
6347,83,4154,0.0070814657956361,1.11119
6347,83,4167,0.4296729564666748,1.1812824637999997
6370,30,1526,0.0032438107300549,1.01904
6564,106,5305,0.0292253736406564,0.98054
6564,108,5425,0.0075597949326038,1.02513
6564,109,5472,0.0017796067986637,0.814244
6564,111,5575,0.0090197129175066,1.04238
6683,159,7997,0.0064873937517404,1.04462
6611,11,598,0.0041617681272327,1.18411
6615,38,1941,0.0025428233202546,3.3832045489700002
6615,41,2087,0.0077522974461317,1.1126482005
6615,47,2362,0.0022679036483168,1.5
6439,77,3865,0.0030595296993851,0.990836
6439,78,3939,0.0070654274895787,1.04642
6548,10,523,0.003933994565159,1.05006
6548,18,950,0.0044304556213319,1.00804
6687,177,8882,0.2067998051643371,1.0144296342399999
6687,178,8919,0.0043487446382641,0.591494
6333,21,1068,0.0060150995850563,0.955283
6333,24,1239,0.3708822727203369,0.6312189621
6634,21,1065,0.0132533181458711,0.991275
6710,0,15,0.041948202997446,0.5258225034
6379,102,5105,0.2349723875522613,0.753357
6379,103,5171,0.0028607596177607,1.03286
6748,43,2196,0.0150365903973579,0.87325671434
6408,1,78,0.0015349632594734,0.60658097151
6408,2,148,0.0051259486936032,1.08744
6600,148,7412,0.0082512823864817,1.05114
6600,152,7617,0.8139113187789917,0.906349
6600,153,7680,0.0043209483847022,1.04702
6600,153,7687,0.0095784924924373,0.8682738084
6507,158,7947,0.0034230486489832,1.02831
6421,0,2,0.0047274222597479,1.13283
6421,7,352,0.0052634957246482,1.04037
6344,11,554,0.0014102262211963,0.935286
6344,12,631,0.0018363239942118,1.5864998742
6344,14,736,0.0077587952837347,1.31348
6478,37,1882,0.004706238862127,1.10847650067
6608,81,4065,0.126275897026062,0.977268
6608,81,4072,0.0009026969200931,0.323081
6608,85,4292,0.0017953824717551,0.910371
6666,126,6343,0.0096890265122056,0.906694
6669,66,3348,0.0014386955881491,0.593424
6440,64,3216,0.9943808913230896,0.770095
6592,35,1774,0.0820835158228874,0.7202805215600001
6592,35,1778,0.0042172013781964,0.826455
6552,41,2097,0.1876785159111023,0.96175
6552,42,2108,0.0192259326577186,1.04414
6552,45,2270,0.0019278803374618,0.635673
6426,64,3222,0.0019863795023411,1.02484
6583,36,1822,0.0034684748388826,1.2517306719999999
6583,41,2099,0.0090936096385121,1.04185
6625,35,1758,0.0042251045815646,0.426964
6429,40,2025,0.0114428494125604,1.2032728994
6429,41,2069,0.0121883731335401,0.569128
6429,41,2074,0.0383957922458648,0.606741
6429,48,2402,0.005007432308048,1.0320655532399998
6332,87,4394,0.0033954097889363,0.907683
6616,177,8893,0.0034685968421399,0.844726
6460,7,383,0.00449327705428,0.6201477015299999
6510,15,800,0.0062969154678285,1.03907
6407,69,3469,0.5829057097434998,3.2614818022e-07
6533,52,2626,0.0027416720986366,0.519868
6533,56,2806,0.0133560271933674,1.01117
6533,56,2812,0.0091017503291368,1.08991
6533,57,2883,0.0019995768088847,1.18405
6404,161,8099,0.0122595895081758,1.169102648
6404,162,8123,0.1637903600931167,0.9350463521599999
6559,96,4836,0.0032421997748315,1.03473
6489,100,5012,0.0127987759187817,1.06394
6417,183,9178,0.0055277445353567,1.352651006
6589,142,7108,0.0083435755223035,0.56974
6639,59,2972,0.0025746431201696,1.02311
6671,99,4969,0.0014931095065549,1.03858
6376,73,3683,0.0048948312178254,1.07135
6659,52,2639,0.0035736472345888,1.01888
6359,36,1849,0.0032312816474586,0.78377451043
6668,102,5136,0.2433690726757049,1.31627
6668,102,5139,0.06155526638031,1.03445
6680,102,5145,0.0019655001815408,0.582278
6680,107,5390,0.0047884294763207,1.1716997274
6680,111,5552,0.0031595146283507,0.699716
6616,124,6213,0.0020929530728608,1.2870061056000002
6616,125,6280,0.0048746820539236,0.843287
6748,171,8554,0.0027668720576912,0.867307
6748,176,8816,0.0036973857786506,1.17118
6687,64,3215,0.4890050590038299,1.1701564715
6467,157,7862,0.0021357657387852,0.877913
6467,160,8034,0.0034409889485687,0.950649
6676,61,3086,0.0029017310589551,0.963268
6676,65,3273,0.0042564156465232,1.0295
6676,66,3306,0.0035439685452729,1.0454
6676,66,3339,0.0444905459880828,1.0671655009
6676,67,3381,0.0100821889936923,1.13611
6676,67,3388,0.0045297713950276,1.34389801075
6480,101,5054,0.00648306729272,3.7749780051
6480,106,5337,0.0040374714881181,1.11425
6480,107,5353,0.1277852654457092,1.08491
6583,98,4932,0.8810574412345886,0.93499023436
6583,100,5009,0.0175028312951326,1.0758
6404,111,5591,0.001650946564041,1.00134
6404,172,8617,0.0036699993070214,1.290888951
6358,56,2827,0.0039902767166495,0.615074
6503,28,1403,0.0065444181673228,0.7379399125000001
6503,31,1598,0.0193078014999628,0.957356
6342,23,1182,0.7591352462768555,1.03701166161
6616,3,189,0.0038050254806876,0.696717
6672,72,3611,0.003942659124732,1.09739
6572,116,5847,0.0027038867119699,0.662931
6572,118,5921,0.0051671601831912,1.04175
6344,61,3074,0.0090376520529389,1.10635
6354,17,892,0.0051451297476887,1.03554
6354,26,1328,0.0968423262238502,1.1772879552
6354,26,1350,0.0016657408559694,1.15326
6533,42,2114,0.617012083530426,0.99803
6533,42,2140,0.0046439664438366,1.04875
6507,201,10068,0.0033213808201253,0.601083
6507,203,10197,0.0057183001190423,1.19065
6478,73,3688,0.0031479720491915,0.121476518624
6640,164,8224,0.0049392767250537,1.11366958248
6640,165,8287,0.0050140749663114,0.783841
6462,36,1837,0.003496655030176,1.02237
6462,41,2059,0.0281704757362604,1.01563
6462,41,2098,0.1252228319644928,1.3007441055
6462,42,2105,0.0014144137967377,1.01156
6462,42,2127,0.0627789497375488,1.0396
6611,25,1267,0.002447800245136,0.440342
6666,130,6541,0.0067092380486428,0.987156
6387,31,1571,0.0055604851804673,1.02999
6647,216,10809,0.1462963372468948,0.789421
6350,24,1247,0.1632743775844574,0.45306269581999997
6549,16,830,0.0031122823711484,0.916984
6583,5,297,0.007044993340969,1.04006804364
6752,75,3793,0.0033892483916133,0.635969
6437,19,975,0.0088229440152645,0.500913
6686,3,161,0.0059417337179183,1.03556991818
6489,22,1118,0.0020338012836873,1.20218
6462,64,3239,0.002015789039433,0.948857
6598,15,765,0.002738143550232,0.918157
6621,33,1653,0.0053277686238288,1.16147
6649,100,5005,0.0031377680134028,0.954088
6649,102,5139,0.6601880192756653,0.963465
6649,103,5163,0.0081272115930914,1.204423395
6388,31,1567,0.0646957904100418,1.09394
6664,55,2776,0.2171511948108673,1.09678
6666,24,1206,0.0032391734421253,1.16175213011
6564,61,3064,0.9893949627876282,1.2539726102
6506,46,2336,0.0052625397220253,1.1981528116
6528,140,7024,0.0020507199224084,1.06712
6528,141,7081,0.0018040522700175,0.661891
6350,81,4089,0.0024057659320533,1.02943
6350,84,4246,0.0052565489895641,0.962331
6483,118,5931,0.0038554221391677,1.2854144456999999
6680,71,3571,0.1885090172290802,1.23828
6441,100,5002,0.0041208323091268,0.5990825652
6419,4,229,0.0038321649190038,1.04661
6419,13,665,0.0022356300614774,1.0173
6615,58,2906,0.101541668176651,1.0646078512400001
6615,62,3101,0.0033771051093935,1.01624
6615,66,3319,0.0041923047974705,0.857274
6608,5,293,0.0043591731227934,1.3017179688
6608,7,375,0.4173921942710876,1.01732
6687,77,3880,0.0361161231994628,1.11013
6592,72,3642,0.0035469632130116,0.86228656688
6340,162,8149,0.0520517565310001,0.606116
6340,144,7208,0.0052258763462305,1.249602489
6752,122,6135,0.0030052715446799,1.02242
6752,130,6503,0.0237342845648527,1.3175096781
6752,134,6736,0.0033500350546091,0.771347
6429,76,3828,0.0030978275462985,0.907533
6565,202,10111,0.0066175428219139,0.783468
6426,76,3833,0.0080385860055685,0.942979
6339,143,7162,0.0122689409181475,1.15809971276
6339,145,7251,0.0399845317006111,0.997908
6343,31,1593,0.0127049852162599,0.80247
6343,35,1785,0.0055665029212832,1.1378679000000003
6343,36,1841,0.0034190902952104,1.05608
6752,170,8505,0.0076316287741065,1.4560234034000001
6752,173,8687,0.0047971177846193,0.439305
6568,14,702,0.0022129421122372,1.05989
6568,18,936,0.997793436050415,1.2031541184
6591,170,8534,0.0043296683579683,1.04155
6664,84,4249,0.0060943290591239,0.944926
6664,85,4265,0.0041491189040243,1.4067936666
6381,170,8505,0.0086934082210063,0.918339
6676,20,1008,0.131276398897171,1.18444
6676,25,1272,0.004832633305341,1.04426
6507,50,2542,0.001188218477182,1.13215
6507,51,2575,0.0033469111658632,0.551232
6493,19,971,0.0050845458172261,1.5761424104000003e-05
6493,21,1052,0.0044661681167781,1.22312
6493,25,1256,0.004608747549355,1.01374
6493,25,1265,0.0051257880404591,0.538062876
6342,68,3418,0.005226950161159,0.948787
6589,90,4520,0.0021279330831021,1.15803
6589,91,4594,0.0070448801852762,1.09836
6690,2,132,0.0021405485458672,1.49633
6690,2,145,0.3539966344833374,0.76899
6690,4,214,0.0013089523417875,1.1950290840000002
6462,74,3716,0.0046009882353246,0.463589
6462,76,3844,0.0021622830536216,1.08031
6482,116,5822,0.0298055000603199,0.863787
6482,128,6427,0.0081392582505941,0.325967
6482,134,6746,0.0772819146513938,1.1741286167999998
6614,143,7179,0.005127225536853,1.2183907045
6501,17,897,0.0066827181726694,0.989136
6461,106,5328,0.0044340025633573,0.92179
6467,43,2193,0.0021939876023679,0.57359
6619,48,2433,0.0353144034743309,0.877913
6383,67,3361,0.0097003150731325,1.1503066184
6402,21,1070,0.0189090128988027,0.956268
6440,65,3298,0.0069193644449114,0.987484
6475,13,685,0.0072334553115069,0.924802
6614,76,3848,0.1091798320412635,0.384369
6634,36,1811,0.0052415737882256,1.01857
6426,138,6910,0.0244190860539674,1.0122
6426,141,7058,0.0019168494036421,2.3145265021999997
6620,120,6017,0.0028898064047098,1.02321
6688,60,3046,0.0036637925077229,1.02288
6559,41,2063,0.0020043039694428,0.9022583129199999
6559,44,2231,0.0013068171683698,1.053
6440,40,2024,0.0028042865451425,0.993634
6440,44,2238,0.004026991315186,0.576845
6425,110,5525,0.0029865934047847,1.1921154746
6528,78,3937,0.004105273168534,1.2462032211999998
6528,79,3987,0.003201343351975,1.01523
6528,79,3990,0.0027123633772134,0.919262
6528,82,4125,0.0079743731766939,0.901988
6528,82,4132,0.0019191505853086,0.941818
6420,97,4869,0.1169328317046165,0.979624
6444,141,7083,0.0032814261503517,0.72138827838
6444,144,7217,0.0054956530220806,0.709571
6663,121,6082,0.0206681173294782,0.444702
6749,217,10856,0.0065959803760051,0.941421
6749,219,10998,0.0106071671470999,0.974694
6559,27,1392,0.0019325073808431,1.01869
6615,117,5894,0.0246204156428575,1.01684
6421,18,909,0.2880991995334625,1.03095919566
6421,19,996,0.0016564147081226,0.319411
6448,119,5953,0.1846905201673507,1.01923
6354,124,6239,0.0030459694098681,1.10902
6579,14,739,0.0032458000350743,0.431532
6622,12,618,0.0026325827930122,0.82474721866
6671,131,6596,0.0046031372621655,0.974833
6671,135,6758,0.0013381954049691,1.03999
6342,42,2125,0.1477867811918258,1.26117
6579,31,1584,0.0940800756216049,0.00020009136332099997
6579,90,4528,0.0038593141362071,0.946965
6623,41,2090,0.0052489549852907,0.7641614781
6623,43,2166,0.0159023534506559,0.69042217596
6623,45,2264,0.0044884462840855,1.207077116
6482,57,2859,0.9751065969467164,1.0
6640,114,5748,0.0040255207568407,0.508903
6352,1,93,0.0107367681339383,0.913015
6668,55,2759,0.0037903394550085,0.613161
6564,116,5831,0.0036862061824649,1.09012
6683,52,2618,0.013046178035438,1.32769
6683,53,2697,0.0027622417546808,1.08176
6619,27,1366,0.0132987797260284,1.01447
6605,153,7700,0.0032377108000218,0.991231
6381,55,2783,0.2389774620532989,0.0049569642576
6356,127,6380,0.0029900330118834,0.015776956188000003
6599,108,5432,0.0059460783377289,1.1061
6480,11,592,0.0057527711614966,0.678615
6462,84,4205,0.0050327316857874,0.620807
6690,131,6560,0.0006661392981186,0.508503
6685,3,162,0.0193930380046367,1.09614
6503,57,2885,0.010992550291121,0.7291178008
6663,95,4751,0.0041273557581007,1.19165
6353,92,4632,0.0041166935116052,0.589684
6353,100,5038,0.0299907829612493,1.05766
6614,13,656,0.0044381604529917,1.0349
6571,7,386,0.90903639793396,0.982249
6663,17,874,0.0197037663310766,0.53939826465
6663,17,900,0.0024499297142028,0.642887477
6663,18,911,0.0020417103078216,1.05331
6663,19,959,0.0249021723866462,1.01605
6663,24,1245,0.0069495416246354,0.676063
6666,157,7890,0.0033743330277502,1.06244
6666,159,7966,0.1395861804485321,0.967985
6542,180,9045,0.0026474837213754,1.15072
6542,181,9070,0.0024752425961196,0.517339
6542,181,9085,0.0335935354232788,1.11337
6468,17,873,0.0089953355491161,1.38899
6534,50,2539,0.0067479643039405,0.997303
6534,53,2683,0.0021884099114686,0.645715
6534,57,2891,0.0030536723788827,1.3050918425999998
6346,22,1109,0.0053642350248992,1.1643708274
6699,4,201,0.0036628907546401,0.980599
6457,173,8692,0.0062182443216443,0.959732
6542,152,7649,0.0036914639640599,0.63706738956
6429,25,1295,0.0040976735763251,1.2566359735000001
6354,121,6100,0.0040243472903966,0.96646504647
6501,65,3277,0.0019856828730553,1.13536
6350,31,1560,0.0026035865303128,1.03986
6350,36,1837,0.0084817018359899,1.03943
6339,168,8433,0.0488414615392684,1.01819
6507,208,10434,0.0039218268357217,1.14237
6669,79,3965,0.8860467076301575,1.28338
6078,7,396,0.4904907941818237,0.649158
6664,237,11862,0.0032649748027324,1.05863
6429,67,3396,0.0035334259737282,1.306819122
6429,68,3442,0.074182890355587,1.03849
6483,102,5124,0.0235031098127365,1.00606
6483,104,5204,0.0056544956751167,1.28095
6483,106,5328,0.1040069609880447,1.0459
6483,107,5375,0.0029867638368159,0.6251396056499999
6483,109,5458,0.0031268501188606,1.0
6649,113,5664,0.0034680494572967,0.474926
6517,66,3321,0.0018516161944717,1.02462
6444,74,3708,0.0032477551139891,0.851202
6356,75,3785,0.0040144245140254,1.20386
6697,136,6810,0.0111321657896041,0.553577
6697,143,7186,0.1293132305145263,0.969634
6565,10,511,0.7852267026901245,0.361438
6493,44,2228,0.0035164691507816,0.524463
6493,47,2391,0.0398274697363376,0.878966
6407,75,3769,0.0434425994753837,1.356298403
6405,10,530,0.004361261613667,0.81229
6683,12,618,0.0031638382934033,1.09896
6356,56,2821,0.0067257951013743,0.92179
6356,60,3049,0.0028743750881403,0.7993
6356,63,3199,0.0125627359375357,0.856516
6663,136,6848,0.0028435585554689,1.04146
6663,142,7134,0.0062267077155411,0.627609
6429,87,4363,0.0061783916316926,1.3791511026
6407,102,5119,0.0012114634737372,1.01033
6358,6,335,0.0076934266835451,0.878967
6358,9,470,0.0076726460829377,1.6797710026000001
6581,7,395,0.0052314735949039,1.3159
6546,11,583,0.0048097525723278,0.588822
6546,12,624,0.0028111378196626,0.967408
6431,45,2293,0.0091503337025642,0.779741
6431,50,2503,0.3296019434928894,1.08451645356
6569,27,1381,0.0064682043157517,0.698214
6572,91,4559,0.0045115570537745,0.599284
6506,37,1900,0.0126300752162933,1.14778652523
6506,38,1906,0.0013591989409178,0.655832
6620,102,5115,0.0015623173676431,1.02293
6370,13,700,0.0071654818020761,0.5668
6370,18,947,0.004277388099581,0.949229
6596,140,7015,0.0078779514878988,1.03234
6596,148,7415,0.0995510816574096,0.721885
6686,68,3414,0.0039178407751023,1.436795703
6686,68,3432,0.0026043218094855,0.632024
6448,90,4532,0.012462206184864,1.50354
6600,60,3008,0.002327844267711,1.01313
6695,7,397,0.0018413838697597,0.867428
6695,9,500,0.4002594947814941,0.932043
6466,3,195,0.0121001405641436,1.008
6466,11,590,0.0069826389662921,1.0
6668,94,4734,0.0027380927931517,0.965151
6668,95,4787,0.0123507604002952,1.01449
6596,8,435,0.0046797120012342,0.796595
6748,104,5207,0.002411185298115,1.08956
6748,107,5358,0.0905227065086364,1.17516
6450,9,477,0.0018072692910209,0.780612
6381,136,6801,0.0023345304653048,0.595198
6406,93,4651,0.0398920997977256,0.98435
6406,97,4885,0.044183362275362,0.667052
6680,113,5665,0.0156395155936479,1.002696788
6649,73,3674,0.0021013673394918,0.492635
6748,228,11432,0.0045004300773143,1.29438
6475,59,3000,0.0525315217673778,7.20530016
6589,43,2155,0.0102615784853696,1.2263823
6589,43,2177,0.3720269203186035,1.75561
6666,69,3493,0.0037780902348458,0.542723
6336,143,7198,0.0044306828640401,1.2220831209
6337,42,2104,0.0054117646068334,1.1900891972999998
6337,42,2115,0.0034767319448292,0.990203
6544,102,5149,0.4389167129993438,1.8458324351000002
6348,10,546,0.0086059616878628,1.2236122296
6348,15,754,0.0490924939513206,0.942778
6671,46,2341,0.0045347432605922,0.907945
6676,123,6165,0.0179481897503137,0.643107
6633,14,715,0.0225108992308378,1.03189
6544,347,17394,0.0022726238239556,0.999274
6544,348,17419,0.0065285987220704,1.2278188707
6544,353,17677,0.0967383533716201,1.3184127048
6544,354,17732,0.0072465236298739,1.04313
6332,6,344,0.0045218588784337,1.24992
6371,36,1838,0.0041621192358434,0.877913
6448,193,9694,0.0031204530969262,0.761796
6448,200,10010,0.1385353356599807,0.61989
6650,31,1554,0.0063233282417058,0.844353
6614,45,2261,0.0172892287373542,0.758666
6614,53,2684,0.0096148317679762,1.0421817986400002
6404,98,4911,0.0020481834653764,4.06301488045
6535,101,5070,0.0039718244224786,1.03225
6508,70,3545,0.0026327483355998,0.834679
6483,31,1594,0.0044703558087348,0.53958
6483,34,1709,0.0069511872716248,1.10015
6483,35,1787,0.0012512895045801,1.01709
6381,12,631,0.0024939433205872,0.6154291094600001
6381,29,1451,0.0037607196718454,0.998266
6680,6,346,0.0104389376938343,1.1466
6544,181,9097,0.0058867218904197,0.98073
6544,186,9308,0.0041500865481793,0.932197
6379,165,8283,0.0043627759441733,0.981564
6360,15,751,0.0038149596657603,1.212730519
6360,16,850,0.003731291508302,0.929708
6525,22,1102,0.0294823665171861,0.997576
6525,22,1106,0.0128419194370508,0.974757
6525,22,1124,0.0081355068832635,1.04433786072
6404,28,1437,0.0036251305136829,1.02007
6340,3,184,0.0027201895136386,0.596044
6614,119,5995,0.0154820326715707,0.884508
6663,107,5371,0.0068585821427404,0.60161004965
6358,8,450,0.0020778765901923,0.993998
6358,19,974,0.1125203222036361,1.25313959832
6406,100,5049,0.0043357075192034,1.0
6628,23,1155,0.0052916696295142,0.679708
6628,25,1292,0.012180614285171,1.2356480459199999
6457,39,1968,0.0045224796049296,0.578216
6457,40,2005,0.0025969750713557,1.0159577258999999
6427,24,1206,0.0021961128804832,0.883809
6502,115,5768,0.0040736529044806,1.395594246
6502,115,5773,0.0030255932360887,1.00966
6502,130,6524,0.0051769567653536,3.42548
6699,12,639,0.0060763815417885,0.89498
6533,69,3487,0.0087935281917452,0.539502
6533,70,3522,0.0043423371389508,1.02597
6533,78,3907,0.0080242827534675,1.24265
6533,97,4860,0.0088622821494936,1.4051650962
6671,62,3134,0.0093645611777901,2.32477934844e-12
6620,81,4070,0.0026378754992038,1.06005
6620,88,4449,0.0039461958222091,0.8561033426400001
6420,44,2213,0.0031641873065382,1.07745
6420,46,2347,0.0031390646472573,1.5475549848999999
6589,12,619,0.0033427276648581,1.0231
6589,16,843,0.0055761854164302,1.03656
6563,0,14,0.0028728463221341,0.932685
6563,4,237,0.1633651256561279,0.520776
6749,65,3291,0.0037707765586674,0.893477
6749,70,3542,0.0034247734583914,1.07121
6600,16,823,0.012734861113131,0.57953531976
6600,19,989,0.0037847585044801,0.937989
6649,62,3141,0.0032968849409371,0.567702
6467,55,2795,0.0023658110294491,1.2226503593
6672,24,1201,0.0043569654226303,1.00853
6672,25,1275,0.014878774061799,0.900548
6672,26,1345,0.0039588334038853,0.839632
6362,120,6043,0.0041620144620537,1.05902
6571,76,3846,0.0245857071131467,1.00909
6571,84,4202,0.0023857755586504,1.01313
6480,61,3096,0.2773773968219757,1.0226
6594,51,2572,0.0038593045901507,0.989933
6594,57,2865,0.0033177258446812,1.10136
6594,58,2918,0.0067267352715134,0.964089
6639,5,252,0.0023511874023824,1.28890464069
6639,5,256,0.0043653822503983,0.027210325904
6633,6,319,0.0053880880586802,0.877913
6633,8,424,0.0083361249417066,0.873139
6551,148,7442,0.0054049924947321,0.86028784263
6478,149,7494,0.0674970299005508,1.2026536937999999
6334,13,688,0.0318733416497707,0.41867320932
6507,53,2653,0.0522283874452114,0.963304
6507,67,3359,0.0141993397846817,0.911444
6407,153,7673,0.0052551636472344,0.67583
6446,187,9355,0.0041033728048205,1.05841
6647,231,11585,0.0083868950605392,0.6514082437500001
5021,63,3196,0.0015849362825974,1.25162844318
6497,91,4567,0.0049259075894951,0.983616
6686,60,3011,0.0065944804809987,0.628177
6686,61,3081,0.9773869514465332,0.995549
6686,63,3158,0.0248294826596975,1.0075
6444,135,6799,0.039129115641117,0.983565
6579,35,1785,0.0048473323695361,1.02589
6544,46,2335,0.0033125546760857,0.932607
6683,211,10557,0.0027080290019512,1.03743
6683,212,10607,0.0712716653943061,1.77372
6683,214,10717,0.0039676297456026,0.736515
6614,38,1916,0.0040085604414343,1.02732
6668,16,806,0.0766967609524726,0.555749
6668,19,983,0.002131373155862,0.582962
6668,20,1021,0.0018066853517666,0.56539
6565,191,9597,0.0017615309916436,1.1911686732
6565,195,9780,0.0015426588943228,1.08213
6565,196,9848,0.0050900974310934,0.979873
6528,11,596,0.0038597777020186,1.01588
6528,12,632,0.0039176694117486,0.96564
6493,6,301,0.0022626670543104,0.96472
6493,7,375,0.1103888526558876,0.501965
6671,108,5421,0.003876051865518,0.915057
6339,148,7416,0.0074663236737251,0.831644
6483,24,1244,0.0040051918476819,1.0
6562,82,4105,0.0046526696532964,1.2160833372
6562,95,4794,0.0032007195986807,0.947768
6490,26,1348,0.0033859852701425,2.6629903825000003
6571,83,4165,0.0010774994734674,1.25838
6571,83,4190,0.0033747288398444,0.424805
6549,89,4472,0.0035887192934751,1.1070010395
6355,38,1925,0.00495121255517,1.14504
6482,92,4612,0.00477648479864,1.22779
6482,95,4787,0.0029985639266669,1.014
6482,96,4801,0.0051020449027419,0.951675
6589,176,8810,0.0131549723446369,0.525007
6535,159,7967,0.0026521361432969,0.530568
6535,161,8076,0.0043351002968847,0.926222
6535,163,8189,0.7355706691741943,1.05562
6535,165,8270,0.0027609183453023,1.00449
6535,165,8276,0.0034135659225285,0.698095
6535,166,8315,0.009992585517466,1.01658
6379,106,5319,0.3284970223903656,1.08176
6379,110,5535,0.0282322484999895,0.65871261094
6692,63,3160,0.0055032423697412,1.02554
6692,64,3248,0.0023828467819839,0.775688
6692,68,3411,0.0093554211780428,1.16008
6406,71,3585,0.004555600695312,1.0
6490,129,6463,0.0072917002253234,1.03828605436
6490,132,6604,0.002903640968725,1.0956
6637,34,1748,0.004594522062689,1.12812
6608,89,4499,0.0042406483553349,0.96786
6611,126,6343,0.0042535224929451,0.498443
6546,63,3178,0.0040934821590781,0.9282898307199999
6546,70,3510,0.0057931183837354,1.21104
6546,70,3521,0.0094738295301795,0.716568912576
6671,21,1059,0.0377044044435024,1.06074
6605,3,183,0.0022296537645161,0.72787448915
6553,11,592,0.0116981901228427,0.519178
6553,13,658,0.0106826908886432,1.00024
6553,16,827,0.0123417200520634,0.930142
6590,54,2704,0.0221150275319814,1.07379
6590,54,2738,0.0150607768446207,0.00011698647444000002
6590,56,2807,0.0045792083255946,0.9381
6664,3,153,0.9752640724182128,1.2472152235000002
6664,5,293,0.0098410062491893,0.6850223437599999
6664,8,442,0.0418834574520587,1.222330137
6664,9,484,0.7400317788124084,1.19221
6446,199,9953,0.0033976144623011,0.98585375
6446,200,10011,0.0032897931523621,1.04676
6348,183,9166,0.0033541291486471,1.2817245948
6506,171,8569,0.0026539540849626,1.00299
6680,138,6909,0.0032245281618088,0.992602
6680,141,7091,0.005159459542483,0.84554
6562,182,9142,0.0023692336399108,1.10191
6562,187,9380,0.0038592959754168,0.632863
6562,188,9431,0.0140066016465425,1.183334544
6562,190,9507,0.0027445822488516,0.704901
6692,49,2483,0.0046270773746073,1.2876530115999998
6599,57,2868,0.0042601660825312,0.967809
6599,57,2880,0.0164223611354827,1.04409300996
6630,56,2813,0.020589891821146,1.10132987392
6630,59,2955,0.0053921523503959,0.984624
6630,60,3038,0.004900773987174,0.801158
6667,62,3142,0.0042558051645755,0.989274
6667,62,3145,0.0049301143735647,0.967374
6598,83,4179,0.0022934209555387,0.445514
6614,168,8443,0.0037129549309611,0.682754
6406,66,3301,0.2200469970703125,0.831981
6668,79,3976,0.0064036063849925,0.46462
6589,163,8162,0.0037602763622999,1.714864262
6589,164,8210,0.6005424857139587,1.0
6589,166,8313,0.0036656742449849,1.01714
6589,167,8354,0.0026294093113392,1.27527
6616,73,3688,0.0229604784399271,1.3678361756000001
6696,1,90,0.0028408679645508,1.01733
6666,170,8508,0.061867605894804,0.769413
6640,117,5876,0.003454603254795,1.0414
6640,123,6179,0.0056013423018157,0.827936
6564,225,11277,0.020609937608242,0.518094
6564,225,11280,0.0040739243850111,1.0819582326
6564,227,11367,0.0525678247213363,1.00957
6487,53,2661,0.0027693202719092,0.670732
6487,54,2725,0.0050439205951988,0.8155
6339,101,5069,0.0038005169481039,0.996395
6494,84,4235,0.0027692900039255,1.04849
6360,97,4871,0.0038535057101398,0.972791
6360,104,5222,0.2014951258897781,0.812423
6356,96,4809,0.0035002157092094,0.020762683769
6446,37,1867,0.0074988040141761,0.993978
6493,3,188,0.0042521473951637,0.99979200748
6591,38,1934,0.0013568798312917,1.07449
6572,7,367,0.0015027984045445,0.948826
6404,143,7180,0.003157936502248,1.12853
6552,49,2470,0.0060605029575526,0.98435
6551,80,4023,0.0036942318547517,0.879819
6551,84,4222,0.0069102915003895,1.18701
6598,156,7845,0.0183753781020641,8.1363872926e-05
6598,157,7867,0.0026149346958845,1.02233
6637,14,736,0.0044024824164807,1.07751190254
6637,18,949,0.0527246221899986,0.958403
6647,168,8444,0.004048132803291,1.04409
6642,41,2071,0.005612744949758,1.06306
6388,78,3948,0.0034911064431071,1.09545
6356,13,679,0.0019508777186274,1.3142242971
6356,13,685,0.8225163221359253,0.695017
6352,19,991,0.0033074282109737,0.527309
6649,98,4907,0.0055555701255798,1.05162
6649,99,4983,0.9628063440322876,1.02957
6592,74,3705,0.4142375886440277,1.01585
6592,83,4167,0.0154262678697705,0.78342
6621,15,799,0.012945843860507,0.918585
6482,131,6552,0.0050741117447614,1.3124095326
6482,131,6561,0.0050974530167877,0.745491
6691,11,571,0.0060312952846288,1.1308519101799999
6573,35,1758,0.0089362068101763,0.631243
6573,35,1800,0.0043554455041885,1.24038
6573,38,1916,0.0045068049803376,0.440654
6663,235,11779,0.0079113990068435,1.02964
6664,90,4530,0.0036824431736022,1.02912
6427,14,742,0.0023117032833397,0.974872
6647,142,7127,0.009508229792118,1.1931059886000002
6647,142,7146,0.067329354584217,0.985898
6487,139,6962,0.0072596431709825,0.9719716020000001
6487,147,7353,0.0072264703921973,0.8783782595
6683,23,1172,0.0082815429195761,1.01973
6683,26,1334,0.0059847054071724,0.987177
6683,27,1395,0.1279007643461227,0.750228605
6575,64,3232,0.0020318715833127,1.10246
6641,34,1718,0.0056471591815352,1.06435
6641,37,1894,0.0085115768015384,1.01745
6535,22,1120,0.0393901541829109,1.02168
6683,85,4255,0.0040654530748724,0.40158018375999993
6683,89,4482,0.0017843157984316,0.935312
6371,55,2753,0.0041943653486669,0.83924
6564,131,6574,0.1138864234089851,1.4737
6564,131,6600,0.0174616668373346,1.2551839596
6564,132,6615,0.0049220859073102,0.893894
6479,39,1978,0.0020275532733649,1.04714
6479,41,2096,0.0021348118316382,0.522721
6479,45,2267,0.0103688817471265,0.998524
6341,30,1534,0.0044008586555719,1.05308
6341,43,2172,0.004329222254455,1.2382663659999997
6656,18,913,0.0030776381026953,1.2236541968799999
6656,20,1031,0.0417580120265483,2.53228
6656,26,1339,0.0610786899924278,0.977396
6609,21,1084,0.0040674423798918,0.960254
6358,71,3593,0.0025805640034377,0.606021
6378,24,1226,0.0045411102473735,1.04914
6497,107,5361,0.0051420517265796,1.0869
6497,107,5367,0.0052853464148938,0.3618460653
6546,30,1530,0.0040419148281216,1.3813734762799998
6546,35,1781,0.0017373353475704,1.20438
6623,76,3839,0.002883409615606,1.006243023
6623,80,4006,0.0154996151104569,0.988097
6623,83,4152,0.0139949768781661,0.0019783564766
6506,47,2358,0.0023286452051252,1.05612
6666,34,1730,0.0112155126407742,0.63099551
6687,141,7069,0.0046836338005959,0.837989
6440,129,6480,0.0038906477857381,0.855852
6410,70,3530,0.0027971125673502,1.21665
6410,73,3674,0.0033277359325438,1.04349
6410,76,3834,0.0019220355898141,1.02237
6478,85,4298,0.492494523525238,0.725376
6683,140,7026,0.0066822590306401,1.04529
6571,156,7844,0.0043435487896203,0.6498630863999999
6749,51,2600,0.0077915512956678,0.530878
6562,148,7426,0.1535648554563522,1.01633
6562,150,7505,0.007563670631498,1.311013452
6340,62,3118,0.0041818870231509,1.02762
6639,12,646,0.0082788923755288,0.888679
6639,21,1078,0.0027254826854914,0.934515
6684,0,28,0.0050510070286691,0.983137
6684,2,134,0.0879657864570617,1.05486
6684,3,152,0.959080934524536,0.575436
6369,57,2870,0.0050457515753805,1.01887
6659,22,1130,0.0193158760666847,0.639332
6659,25,1294,0.0037951820995658,0.920594
6376,123,6162,0.0102265030145645,0.889049
6376,123,6199,0.0012958371080458,1.01895
6376,124,6246,0.0016344127943739,0.9696440584799999
6376,126,6311,0.0038110418245196,0.978737
6367,46,2334,0.0011727371020242,0.945472
6620,56,2847,0.0032820703927427,1.04519
6620,57,2871,0.0039685359224677,1.0290808394700002
6457,175,8762,0.0068897348828613,1.00792
6342,28,1435,0.0030032964423298,1.03868444346
6549,19,970,0.0130313960835337,1.07471
6549,24,1204,0.0024015356320887,1.2469535144000001
6549,24,1242,0.0020613088272511,0.994518
6482,136,6826,0.0075822337530553,0.959942
6668,89,4496,0.0023935178760439,1.20582
6668,90,4528,0.687355637550354,1.00367
6689,145,7270,0.045700192451477,1.18945
6468,106,5330,0.0056755617260932,1.33517
6579,118,5945,0.0104674808681011,1.12577
6592,3,200,0.0086855553090572,0.11934131382
6592,5,298,0.0032775374129414,0.894041
6501,72,3643,0.0041124303825199,0.981393
6501,75,3759,0.0035161217674613,1.09228
6501,77,3870,0.963090181350708,1.1995554275999998
6510,54,2739,0.0041557503864169,0.943718
6564,101,5078,0.1526529639959335,0.375354
6594,32,1610,0.0082305883988738,1.1014081123500001
6594,34,1736,0.0762537568807601,1.03316
6658,7,372,0.1076487377285957,0.73271
6658,7,392,0.0024801359977573,1.1112768384299998
6563,64,3217,0.036507349461317,1.04567
6563,69,3457,0.0027132523246109,1.03967
6406,140,7040,0.0044905627146363,0.974712
6711,11,569,0.0067744688130915,1.25482
6404,134,6714,0.0369277223944664,3.6426474436000004e-06
6478,123,6168,0.0289800055325031,1.02811
6362,104,5210,0.0079200277104973,1.0
6563,43,2187,0.0047452244907617,0.7885285380000001
6563,49,2466,0.0100261615589261,1.0037
6642,68,3419,0.002263463800773,1.1438
6642,69,3461,0.0075599667616188,0.401132
6339,105,5272,0.0055930376984179,0.548876
6339,111,5569,0.0147787053138017,0.784876
6339,112,5631,0.0047548906877636,0.933167
6572,95,4797,0.1403762549161911,1.08313
6697,118,5943,0.0058697024360299,1.0451
6697,119,5955,0.0015278566861525,0.994942
6697,123,6157,0.0032704481855034,1.0
6429,33,1673,0.0046595837920904,1.01622886344
6687,154,7741,0.0437715537846088,1.04812
6571,176,8812,0.0074541703797876,1.27918
6571,202,10120,0.4255657494068146,1.02718
6676,2,130,0.0047373198904097,6.3445211685e-06
6591,76,3827,0.0040068002417683,1.21693
6751,34,1731,0.0012516374699771,1.27442
6487,114,5710,0.0045000282116234,1.0156989117
6487,117,5892,0.0149645982310175,0.408712
6487,119,5974,0.001721856300719,0.814802
6379,93,4692,0.0040799337439239,0.762752
6752,83,4187,0.0087059549987316,0.933557
6533,115,5800,0.0043008760549128,0.725686
6533,116,5836,0.0049431147053837,1.04986836612
6582,52,2641,0.0026688768994063,1.03937
6582,57,2860,0.0011804400710389,0.526479
6582,58,2935,0.0029261796735227,1.05884
6633,5,291,0.0020637086126953,1.03993
6478,128,6416,0.0095504550263285,0.911598
6478,134,6729,0.0066308877430856,0.519556
6572,106,5318,0.0668627992272377,0.159896566467
6572,109,5452,0.0031320147681981,1.2022082280000002
6341,15,791,0.0049620405770838,0.788897
6502,123,6193,0.0303841568529605,4.2690409425
6692,18,913,0.0136300241574645,0.978724
6379,125,6282,0.0064019188284873,0.90337
6637,47,2394,0.0050559882074594,0.907382
6412,147,7387,0.0103382524102926,0.486309
6534,28,1409,0.0062975035980343,0.983054
6535,72,3608,0.0097049744799733,1.02652
6427,36,1850,0.0141759039834141,0.270913
6427,38,1911,0.0047455918975174,0.795906
6427,40,2011,0.0073397373780608,1.02148
6493,69,3499,0.0048137647099792,0.942155
6493,70,3524,0.0050260885618627,1.01648
6606,34,1726,0.0054385736584663,1.03906
6401,13,670,0.0041802288033068,1.12752089019
6350,69,3454,0.0046128118410706,1.02752
6453,76,3843,0.0048832753673195,0.31646216935000004
6535,180,9041,0.0073397448286414,1.03204
6535,184,9207,0.0017468151636421,0.44610630224000003
6614,89,4460,0.0051808631978929,0.404019
6632,45,2266,0.0038651733193546,1.05988
6632,45,2293,0.0020142155699431,0.909312
6609,39,1973,0.0036825304850935,0.998715
6609,41,2079,0.002116463612765,0.92
6609,42,2121,0.0100587485358119,0.991139
6692,81,4070,0.0392124392092227,0.8880770247600001
6602,6,311,0.0070014549419283,1.1673423925800002
6686,77,3897,0.1025614216923713,0.408006
6663,216,10829,0.0452073588967323,0.432489
6690,6,323,0.0305085517466068,0.970698
6410,110,5527,0.002514928812161,1.12451
6348,18,903,0.0024855849333107,0.988948
6348,18,909,0.0035511096939444,0.581112
6348,22,1120,0.0058585945516824,1.0459
6589,157,7852,0.0101290298625826,0.845779
6572,61,3091,0.0668922737240791,0.500179
6517,0,28,0.0063253245316445,0.8181263586
6517,7,394,0.0030172136612236,1.0243
6517,8,421,0.0072110574692487,1.2816206419999998
6406,158,7948,0.1381513625383377,0.970245
6406,159,7988,0.004389583133161,1.08922
6341,46,2327,0.0088588278740644,0.806558
6341,46,2333,0.0473252683877944,1.02007
6341,46,2341,0.0121805444359779,1.0752
6467,117,5868,0.0048693832941353,0.932244
6490,53,2690,0.0117994174361228,0.6506
6490,57,2866,0.0060029383748769,0.65026717742
6591,124,6209,0.0042249197140336,1.12624
6533,127,6381,0.0044037033803761,0.901665
6683,73,3661,0.2515202760696411,0.99846
6683,78,3915,0.0053123161196708,1.0768972856599999
6406,3,155,0.0025231936015188,0.97129
6676,9,461,0.0183792077004909,0.774244
6417,22,1111,0.0042224135249853,1.6873640256000002
6417,30,1529,0.0042470064945518,1.0544
6577,47,2390,0.0050520463846623,1.00563
6577,52,2639,0.0169406551867723,0.918372
6611,121,6066,0.0059358282014727,1.02198
6548,74,3713,0.0039297458715736,1.13702
6548,76,3836,0.0049624973908066,0.879791
6548,78,3947,0.003191847121343,0.556066
6548,81,4080,0.0031757564283907,0.856662
6548,81,4087,0.004218571819365,1.02758
6549,59,2962,0.0048699239268898,1.04944
6457,182,9110,0.0039104451425373,1.085
6420,6,316,0.0138468593358993,1.280465276
6540,33,1652,0.0073730661533772,1.02889
6540,35,1753,0.0068753529340028,0.971134
6347,136,6805,0.0062880781479179,0.8336
6347,136,6844,0.0021693522576242,1.02958
6559,97,4875,0.0141417598351836,0.8327195663399999
6559,101,5072,0.0035856068134307,0.92179
6552,13,683,0.0038455964531749,1.12472
6552,7,387,0.0173223130404949,0.858033
6375,37,1864,0.0086883436888456,1.1917003328
6347,182,9113,0.0038583993446081,0.883
6600,92,4603,0.0015995304565876,1.06976
6362,36,1838,0.0024499904830008,0.382085
6436,18,927,0.004391340073198,0.973033
6436,19,972,0.0053470563143491,1.00361
6697,127,6392,0.1541391164064407,1.00678
6489,1,72,0.1096766293048858,0.6425
6603,62,3102,0.0043475972488522,1.10696
6350,97,4874,0.0042480020783841,1.0477
6350,102,5109,0.050497468560934,1.1223306307999998
6387,38,1906,0.6453357934951782,0.35873
6457,149,7452,0.0659442767500877,0.98583
6681,31,1584,0.0034809557255357,0.784358
6483,47,2351,0.2537425756454468,0.6391644519399999
6483,49,2495,0.0028794347308576,2.63573
6749,21,1075,0.0088935066014528,0.536792
6642,115,5771,0.0149759193882346,0.86929274712
6381,99,4961,0.0063301213085651,0.808738
6606,44,2242,0.0069394623860716,0.830403
6606,44,2250,0.0067476094700396,0.596584
6606,64,3214,0.0061094393022358,1.1189
6606,66,3322,0.0021159690804779,0.32026878303
6606,68,3426,0.0100717954337596,0.854097
6606,69,3464,0.0038917770143598,1.00835
6404,38,1948,0.0102403629571199,0.846814
6404,39,1997,0.0072332052513957,1.03086
6507,112,5613,0.009911217726767,0.890317
6605,136,6832,0.0059348149225115,0.921019
6605,137,6869,0.0019234170904383,0.940322
6689,120,6048,0.0043143830262124,1.24139
6689,123,6185,0.0015946528874337,1.117879006
6614,105,5281,0.0059420322068035,0.871136
6688,53,2697,0.0086885690689086,0.901457
6688,55,2753,0.0186463575810194,1.04892
6423,99,4963,0.0020296943839639,1.02912
6663,80,4011,0.0045260335318744,1.686168288
6441,19,998,0.004149186424911,1.24222
6507,217,10856,0.0085446778684854,1.00037
6752,110,5535,0.0047004329971969,0.477774
6752,115,5764,0.0156512502580881,0.998125
6752,117,5872,0.8837245106697083,1.23423
6752,117,5900,0.003755162237212,0.87064
6591,55,2794,0.0022604914847761,0.574118
6591,58,2947,0.0025234362110495,0.753016
6432,2,140,0.0045015797950327,1.19575
6432,3,179,0.0032761916518211,0.83860705422
6432,7,381,0.0063079469837248,1.5868861039999997
6656,3,161,0.0023123777937144,1.02541116313
6656,12,629,0.0034670836757868,1.02688
6521,129,6453,0.0052346908487379,0.524146
6622,57,2881,0.0051211360841989,0.65971708716
6575,4,242,0.0963772311806678,1.0928
6439,31,1588,0.0058542555198073,0.393721
6592,137,6851,0.0907943546772003,1.0496
6620,159,7962,0.0171623229980468,0.903913
6551,54,2718,0.0023189776111394,0.792509
6551,59,2959,0.0040388065390288,1.2624012105000002
6484,0,3,0.0254264697432518,0.995876
6484,6,311,0.0047226105816662,1.02726
6530,44,2202,0.224542811512947,0.7213021983700001
6173,25,1256,0.0049319444224238,1.2094042324
6173,26,1307,0.0030759240034967,1.03465
6446,48,2413,0.00516775297001,1.232435059
6591,32,1602,0.0388052463531494,1.21599
6632,35,1782,0.0125481933355331,1.05141
6353,39,1972,0.0068848556838929,0.614198
6487,67,3391,0.0059211142361164,1.01324
6343,59,2996,0.0047238990664482,0.772901
6683,232,11629,0.0027461764402687,1.32132
6683,237,11856,0.0062510026618838,1.24614
6490,8,426,0.0022531333379447,0.956305
6440,4,238,0.5926486253738403,1.06116
6663,241,12089,0.005374243017286,0.976311
6468,3,155,0.0075021190568804,0.85936311325
6552,80,4038,0.0043658898212015,0.829765
6387,44,2211,0.0029590572230517,0.291267
6387,48,2405,0.005957456305623,1.15883
6417,81,4099,0.0795905366539955,0.670473
6417,88,4439,0.232373833656311,1.1853684832
6583,151,7563,0.0040295529179275,0.8480076324999999
6583,154,7713,0.0036369177978485,0.97456
6535,55,2767,0.0025996826589107,0.520852
6535,59,2971,0.306911438703537,1.03254
6749,157,7879,0.0046270140446722,0.740108
6553,92,4608,0.0029850204009562,1.19767
6497,126,6305,0.0050843670032918,1.02905
6577,104,5230,0.0572189800441265,1.06149
6752,61,3094,0.0135922599583864,1.1862517652
6560,12,606,0.0036441253032535,1.283339155
6698,37,1860,0.0041524111293256,1.02396
6343,28,1440,0.0046305912546813,0.977864
6566,63,3191,0.8564404249191284,0.420884
6446,8,450,0.0090554952621459,0.536118
6501,50,2542,0.0027966881170868,0.69685
6501,55,2794,0.3206652402877807,1.1309951188799998
6359,12,642,0.0067070233635604,1.00656
6482,44,2211,0.0067703025415539,1.03128
6615,93,4655,0.0023075391072779,0.862703
6521,45,2285,0.0075301555916666,1.09497
6417,59,2954,0.0035982804838567,1.18317
6339,149,7494,0.0045394422486424,1.00774
6676,50,2543,0.0039138738065958,0.9617070653999998
6676,51,2561,0.0015942916506901,0.475548
6426,99,4956,0.0032226222101598,4.04575152736e-05
6382,83,4182,0.0027618519961833,1.00869
6454,9,489,0.0028461313340812,1.4580997596
6378,7,366,0.631090521812439,0.528945585
6378,10,502,0.0036765486001968,1.1664888690000002
6575,86,4329,0.8945082426071167,1.4180959309999999
6591,116,5830,0.0060221147723495,2.6859626211199994
6426,21,1066,0.0058289063163101,0.992049
6426,25,1276,0.0014560124836862,0.770893
6517,19,989,0.0027624168433248,1.1811389964
6692,98,4941,0.0059696026146411,0.9079603806
6598,18,909,0.0027009116020053,1.06813
6376,136,6849,0.0049556503072381,1.166967092
6615,14,742,0.0189039856195449,0.5154832608
6404,15,767,0.0042045549489557,1.1985053963999999
6369,69,3482,0.0064268112182617,1.35903631008e-06
6369,70,3525,0.0054079876281321,0.961447
6529,3,177,0.5963262915611267,0.523132
6529,4,211,0.0074043241329491,1.637259321
6529,5,262,0.005181411281228,0.77537690482
6590,73,3690,0.0048370431177318,0.00030931014630000003
6366,3,167,0.0033814476337283,0.81005652071
6344,24,1233,0.0013430825201794,1.03678
6441,86,4319,0.0020121308043599,0.350472
6670,44,2243,0.0037991430144757,1.02201
6670,49,2492,0.0042788628488779,0.8657158855799999
6752,164,8215,0.0044561554677784,0.0005714634877700001
6752,166,8335,0.006007962860167,1.00616
6752,167,8358,0.0322639867663383,1.02307
6752,168,8430,0.0689707025885582,0.638677
6383,61,3084,0.0174429025501012,0.403795
6369,19,975,0.0029790946282446,1.21497
6369,26,1311,0.0053934617899358,1.34604
6671,10,520,0.0057632918469607,0.47361757439999996
6671,12,630,0.0030860239639878,1.1552616559600002
6695,35,1778,0.003438904415816,1.06332
6533,12,602,0.0066598681733012,0.554398
6749,144,7213,0.0054648467339575,1.11443
6547,25,1272,0.0084321210160851,0.13516676832000002
6638,0,23,0.0087342392653226,0.5202536114080001
6638,6,334,0.0028866974171251,0.982871
6506,129,6494,0.0029263575561344,1.14611
6506,130,6515,0.0021086691413074,0.904698
6506,132,6648,0.0040933284908533,1.08525
6663,74,3723,0.0009517740109004,0.927862
6663,76,3803,0.0034917183220386,1.2188039486
6343,79,3963,0.0042978329584002,1.00397
6401,85,4259,0.984147310256958,0.9714635038799999
6401,85,4271,0.0271883830428123,1.02605
6527,114,5726,0.0044288006611168,1.09153857904
6527,114,5748,0.0059162266552448,0.971374
6527,119,5981,0.0074899019673466,1.04458
6527,121,6088,0.0097377877682447,1.2072712425199998
6647,160,8048,0.0208235625177621,0.985194
6615,103,5156,0.0087473187595605,1.03135
6615,106,5329,0.0065033952705562,1.2173427136
6689,30,1549,0.0007710702484473,0.0007483239031500001
6689,30,1550,0.9553167819976808,1.23203
6591,139,6984,0.0051252068951725,0.69191472504
6583,56,2808,0.0022986552212387,1.04756
6583,58,2947,0.0182818099856376,2.0668429254
6616,14,718,0.0047785663045942,0.94923363969
6356,139,6968,0.0016262981807813,1.3403824392
6441,72,3615,0.0045648221857845,1.00171
6573,42,2118,0.0154889812692999,0.96174
6573,44,2227,0.0119533240795135,0.878353
6572,125,6254,0.1612757295370102,0.877913
6501,62,3127,0.0106092896312475,0.976376
6451,20,1031,0.0016617125365883,1.03875
6490,125,6299,0.0034991309512406,1.1237598387799999
6386,4,229,0.0073096021078526,0.37185433955999997
6442,29,1451,0.0034478188026696,0.933343
6369,30,1527,0.0017322690691798,1.11675484875
6616,129,6458,0.0029397655744105,0.901757
6559,77,3890,0.0084042474627494,1.02904
6559,82,4134,0.0048009729944169,0.675708
6687,17,874,0.0063437013886868,0.6896492092
6687,30,1547,0.0270156376063823,1.05324
6686,26,1311,0.0066574206575751,1.10602
6656,37,1890,0.0144347129389643,0.70559860851
6656,43,2180,0.0042577758431434,0.735658
6656,46,2341,0.0035931007005274,1.4026281095999997
6671,129,6481,0.0088237943127751,1.32626
6487,133,6700,0.0029097313527017,1.07385
6752,187,9387,0.0047411634586751,0.6527675679999999
6388,68,3422,0.0067236484028398,0.881914
6423,203,10151,0.0058413315564394,0.999572
6397,4,244,0.0077802119776606,0.883718
6431,80,4043,0.0753416642546653,1.0
6367,77,3899,0.0129059767350554,1.41172106231
6668,101,5063,0.0042835967615246,0.872399
6528,29,1489,0.9956161975860596,1.2248936398
6487,26,1311,0.0034301858395338,1.3890009685
6346,10,544,0.0071519962511956,1.2381
6346,16,811,0.9079794883728028,1.02173
6666,79,3966,0.0054427124559879,1.5886703207200001
6666,84,4247,0.0013854166027158,1.01577163435
6598,104,5242,0.0023680077865719,1.01939
6695,23,1163,0.0042019109241664,1.01464
6695,25,1268,0.0058649014681577,1.00288
6572,70,3515,0.0255977977067232,0.322389
6381,174,8746,0.9895572066307068,1.05691
6381,175,8789,0.0023983297869563,1.10528
6565,75,3776,0.0047748079523444,0.75535926
6564,17,891,0.0081764282658696,1.03448
6600,170,8524,0.00348871643655,0.503225
6690,142,7123,0.0044353147968649,1.08506006298
6441,31,1573,0.0015032148221507,0.543871
6410,15,793,0.0038116774521768,0.962624
6410,72,3615,0.0081377569586038,1.02998
6484,16,845,0.0024901384022086,0.598161
6521,63,3190,0.0060570826753973,0.67534795074
6551,168,8417,0.0047620926052331,0.65969635029
6376,77,3900,0.0041577359661459,1.198183911
6376,83,4158,0.0404082648456096,0.913888
6412,144,7218,0.0112679544836282,1.0203802154
6647,175,8787,0.0055936160497367,0.678051
6647,177,8899,0.0018936548149213,1.86617
6606,91,4577,0.0061842715367674,1.312444959
6606,91,4596,0.0032320127356797,0.98183
6606,92,4630,0.0325001738965511,0.877913
6606,96,4813,0.0116323251277208,0.87202
6404,147,7362,0.0029967329464852,1.27232
6404,190,9517,0.0028411999810487,1.01163323992
6490,104,5242,0.0033582155592739,0.999996
6490,105,5275,0.0901606604456901,0.42878
6490,113,5674,0.0024143597111105,0.410379
6453,0,8,0.0052054575644433,1.2935746095999998
6453,18,917,0.0047196568921208,0.779939
6559,60,3030,0.0020628976635634,0.911159
6614,136,6850,0.0026485200505703,0.561083
6614,142,7112,0.013178564608097,0.6756312545500001
6614,142,7136,0.0029569379985332,0.981746
6606,71,3557,0.0034238444641232,1.2821927748000002
6714,0,1,0.0025270236656069,0.871995
6714,8,421,0.0044850702397525,1.1635635202799999
6468,120,6028,0.003285001264885,0.650705
6468,124,6225,0.0147375483065843,1.2763359257
6455,3,182,0.0126016112044453,0.95898
6671,89,4467,0.0034874570555984,1.25294
6494,72,3613,0.0032634467352181,0.877913
6494,73,3699,0.0047137341462075,1.01751
6506,107,5354,0.0112848225980997,0.894447
6572,187,9386,0.0034391938243061,1.06523053728
6572,188,9407,0.003228309797123,1.0444
6551,126,6349,0.0049405139870941,1.06581
6379,143,7182,0.0039791730232536,0.869685
6571,189,9488,0.0041452394798398,1.03885
6571,189,9500,0.035573236644268,0.967093
6362,87,4395,0.0050376383587718,1.335203736
6362,92,4602,0.0044839633628726,0.7422
6676,30,1541,0.0024209253024309,0.736882
6350,0,46,0.0009900403674691,1.2849692107
6664,17,893,0.0020829490385949,0.995836
6663,4,229,0.0113719273358583,1.18689
6379,174,8702,0.0031712190248072,0.637441
6379,174,8712,0.0137578640133142,0.877913
6379,176,8807,0.9016013145446776,1.0035
6407,91,4558,0.0491796061396598,1.03203
6640,72,3623,0.006810123566538,0.6826296632
6343,138,6911,0.921561062335968,0.875008
6571,56,2815,0.935203492641449,0.962033
6664,158,7933,0.1449179202318191,0.942798
6634,132,6615,0.0062919198535382,0.87516948026
6634,136,6843,0.0059227980673313,1.03958
6475,24,1218,0.0444212071597576,5.1955724092999995
6475,29,1483,0.90741765499115,0.820399
6475,32,1636,0.0049118343740701,1.04055
6336,37,1878,0.0028900192119181,1.11017
6336,38,1940,0.0015505672199651,1.1271
6385,8,412,0.0051680817268788,0.597646
6385,19,981,0.0022558104246854,0.950546
6605,37,1862,0.0494600720703601,0.102136109135
6571,12,641,0.0029138333629816,1.00812422211
6621,8,413,0.0022878216113895,1.00577
6380,74,3735,0.0024524549953639,0.98731
6380,77,3878,0.0478271357715129,0.884743
6380,80,4024,0.0021615598816424,1.2944071168
6375,28,1438,0.0059223240241408,0.641705
6529,47,2364,0.3748905658721924,0.555597
6564,21,1088,0.0061597493477165,0.482639
6564,22,1136,0.0039095017127692,0.981604
6564,22,1139,0.0127119328826665,0.877913
6564,29,1473,0.0128789599984884,0.600922
6640,6,335,0.0022034917492419,1.10976
6640,9,462,0.003520836122334,1.16372126273
6640,10,506,0.0408312492072582,1.0367536658
6640,12,614,0.0041301692835986,0.586959
6425,88,4403,0.0564053505659103,0.912888
6690,48,2420,0.00440389290452,1.0
6506,118,5936,0.0043417923152446,0.34653614099999996
6506,125,6287,0.0070294337347149,1.09216
6425,14,725,0.0086247697472572,1.05319
6507,31,1588,0.0049358727410435,1.0
6507,84,4235,0.0048117390833795,1.37462
6529,65,3257,0.0057611260563135,1.07613
6529,69,3477,0.0075586284510791,1.03808
6529,83,4191,0.0035595868248492,1.08075
6173,177,8897,0.004684345331043,1.04931
6630,149,7460,0.0013823793269693,1.06707758625
6725,0,22,0.0301244854927063,0.932039
6615,4,219,0.1300973147153854,1.04003
6362,63,3165,0.0258633028715848,1.298952221
6493,106,5321,0.0064590140245854,1.76564844
6480,116,5827,0.0505367144942283,1.02384
6566,30,1537,0.0023238027933984,0.981269
6629,13,689,0.0120974844321608,1.04477
6686,42,2117,0.0116499839350581,1.16700623226
6686,42,2131,0.0110340900719165,0.429906
6348,90,4550,0.0043432847596704,1.01965
6582,4,232,0.5327734351158142,1.04243
6582,7,360,0.0014947674935683,0.845911
6589,61,3086,0.0063269431702792,1.08292
6751,15,753,0.0033738580532372,0.571351
6348,83,4164,0.0024785462301224,0.8235367704
6579,107,5359,0.0027615998405963,0.800766
6551,12,608,0.19803486764431,0.846117
6551,14,732,0.0623636692762374,0.988262
6568,4,207,0.001823317608796,1.33712
6568,5,276,0.0050846375524997,1.1442978874999998
6568,6,307,0.0054853218607604,0.990896
6647,114,5724,0.1162954941391944,1.03844
6592,140,7003,0.011395776644349,1.0583
6592,142,7111,0.0019899066537618,1.15208
6592,147,7379,0.0027044604066759,1.2441808207
6653,98,4914,0.0026055448688566,0.758917
6752,0,15,0.0066736871376633,0.865825015903
6482,53,2674,0.039245031774044,0.543289
6697,96,4802,0.0057386830449104,1.16326
6698,78,3917,0.0021453583613038,1.10084
6619,35,1757,0.0054901940748095,0.751999
6619,39,1964,0.0010488348780199,1.01011
6560,33,1658,0.0039362502284348,1.3078580918
6560,33,1674,0.9958166480064392,0.99006
6560,35,1788,0.0015722046373412,1.20703
6560,37,1867,0.0063705844804644,1.02958
6611,21,1099,0.1020216941833496,0.959711
6490,95,4788,0.0021400966215878,1.16126
6490,97,4895,0.8623278737068176,1.03689
6173,92,4625,0.0045348247513175,1.04301
6173,96,4828,0.0407932177186012,1.1121
6379,44,2241,0.0053095808252692,0.928309299698
6468,79,3970,0.005073226056993,1.1925741583999998
6425,54,2729,0.0054694069549441,1.6763885434
6623,11,561,0.0048295841552317,1.17687
6752,16,848,0.7017197608947754,1.2021768759999998
6752,21,1063,0.1072907596826553,1.04831
6615,49,2485,0.0224387943744659,0.602099
6748,185,9285,0.0055843135342001,0.933384
6748,197,9856,0.0119740599766373,0.488493
6748,198,9928,0.0022359234280884,0.958362
6374,7,361,0.0073365070857107,1.3915142162999998
6423,45,2259,0.0054829083383083,1.04879
6483,67,3374,0.0105809671804308,0.502267
6483,67,3397,0.0026980862021446,1.2846851153999999
6483,70,3548,0.0113047594204545,0.535218
6483,73,3657,0.0057072141207754,0.9420725398500001
6629,17,875,0.0043892827816307,7.2900446958
6534,71,3577,0.0018787820590659,0.541929
6692,148,7427,0.0059545231051743,1.11669785064
6692,149,7497,0.6787224411964417,0.62175847182
6406,38,1934,0.006273450795561,1.16715
6656,13,661,0.1776047050952911,1.38718
6571,158,7923,0.0082660922780632,1.1594871520799999
6663,206,10318,0.0025625890120863,0.44986389072
6664,226,11348,0.0074111544527113,13.033485964999999
6664,227,11352,0.0082433810457587,1.08315
6592,49,2457,0.7994893789291382,1.32315
6548,106,5332,0.0038259678985923,1.11496
6548,111,5589,0.0501102060079574,0.678234
6548,138,6905,0.0019553040619939,1.2553661832000003
6553,106,5323,0.0045785629190504,0.959601
6553,110,5532,0.0047985473647713,0.517826
6590,12,628,0.0513663180172443,0.966019
6551,46,2326,0.0143935959786176,0.819333
6632,25,1295,0.0024886336177587,1.4432342433
6632,29,1473,0.0063818073831498,0.9022809039999999
6632,30,1545,0.9964966177940368,0.546351
6529,22,1145,0.0068002231419086,0.981247
6529,27,1395,0.0022764436434954,0.607364
6529,28,1442,0.0064801322296261,1.0
6366,69,3469,0.0015347448643296,1.44545
6461,32,1629,0.0020876654889434,0.831628
6527,76,3817,0.0042006582953035,1.4094595
6527,78,3910,0.0169773176312446,1.23295
6410,81,4059,0.0056580756790935,1.2761415231000002
6410,84,4243,0.0041805622167885,2.9226721631999996e-05
6410,85,4256,0.0075272913090884,0.69077968416
6410,87,4366,0.0040268474258482,0.749323
6562,2,112,0.0036925845779478,0.830452
6658,60,3012,0.0044313161633908,1.2045607957
6658,63,3190,0.002706749131903,0.9306
6480,72,3631,0.0031242750119417,0.660382
6565,182,9147,0.0030961141455918,0.892685
6565,183,9154,0.0036565079353749,1.14221
6565,183,9164,0.1537387669086456,0.839152
6410,43,2189,0.0075078457593917,0.560485
6608,76,3807,0.0065921661444008,1.23761
6440,91,4556,0.0049258940853178,5.33907269281
6528,48,2431,0.006725896615535,0.56208517864
6547,10,542,0.0058616916649043,0.658712
6547,17,881,0.0681201890110969,2.0161881514999998e-11
6548,143,7158,0.0048494031652808,1.06032
6571,135,6766,0.0035407261457294,0.852487
6571,135,6794,0.0239394232630729,1.02815
6457,204,10206,0.0024716672487556,0.75821220706
6453,84,4234,0.0016100883949548,1.0
6423,114,5740,0.0017881246749311,1.04363
6657,3,155,0.0039522107690572,0.887969
6551,224,11208,0.0035867046099156,1.11459002304e-06
6551,229,11478,0.003939242567867,0.885288
6596,150,7520,0.0039952881634235,1.04052
6596,161,8067,0.7196504473686218,1.04026
6529,14,701,0.01313001755625,1.00404
6615,159,7986,0.0076559353619813,0.575603
6615,159,7996,0.0057772086001932,1.0393
6615,165,8260,0.0017355176387354,0.990587
6748,151,7587,0.0036162126343697,2.598014244
6748,155,7762,0.0401271879673004,1.00458
6748,158,7924,0.0036923692096024,1.10208
6748,158,7938,0.0043564196676015,1.04205
6360,48,2418,0.0081177949905395,0.941392
6440,73,3660,0.0034401121083647,0.879784
6440,74,3706,0.010782559402287,1.0
6527,35,1757,0.0027804332785308,1.05412
6384,3,169,0.00114455842413,1.04573
6384,5,297,0.0030274679884314,1.04042
6384,7,382,0.0070529002696275,0.877913
6598,9,484,0.7370660901069641,0.0022076848991999997
6748,71,3574,0.0052593904547393,0.653572
6527,210,10518,0.0202628187835216,0.85488
6527,212,10605,0.0177887864410877,1.0548
6480,124,6219,0.006614236626774,0.962139
6423,199,9997,0.0035119771491736,0.540359
6423,200,10036,0.007266292348504,1.06734
6566,81,4092,0.0021141516044735,0.985762
6566,83,4192,0.0598497278988361,0.921307
6528,132,6638,0.0014229686930775,0.895945
6388,41,2052,0.0020165278110653,0.621864
6697,30,1532,0.0021806207951158,1.00397
6683,90,4505,0.0032104111742228,1.2682639999999998
6548,117,5896,0.0037808949127793,1.2030246558
6548,120,6008,0.0017466654535382,0.884685
6548,121,6087,0.0049562542699277,1.3268551200000003
6664,57,2882,0.0062181241810321,1.02321
6664,64,3217,0.0041062128730118,1.02914
6611,104,5227,0.0588374324142932,0.964692
6611,37,1882,0.0045934468507766,0.732047
6611,37,1890,0.1478345990180969,1.15953
6611,41,2097,0.0029543808195739,1.1924440433
6640,145,7300,0.0098055098205804,1.27093
6487,113,5698,0.0297690946608781,0.966518
6692,76,3823,0.3706383109092712,0.819456
6692,78,3949,0.0033376715146005,1.28206
6487,37,1898,0.0114792520180344,1.01578
6340,180,9010,0.0414501056075096,0.537781
6583,65,3279,0.002709295367822,1.10627
6339,56,2804,0.0066192978993058,1.03762
6563,24,1210,0.0521538034081459,0.982259
6563,25,1252,0.004956129938364,0.922148
6563,29,1493,0.0032611212227493,0.811877
6521,119,5975,0.0036859808024019,0.717364
6347,148,7411,0.003047019476071,0.94052
6369,90,4547,0.0250360053032636,1.05018
6369,92,4624,0.0062648393213748,0.46790087488
6494,63,3172,0.458853930234909,0.965777
6564,91,4585,0.0029616975225508,1.37238286223e-11
6503,77,3871,0.0161056462675333,0.954297
6503,82,4117,0.0035593013744801,0.906311
6629,18,942,0.0063093011267483,0.573841
6483,38,1936,0.0066974619403481,0.987027
6483,41,2055,0.0556550398468971,0.95475
6483,41,2058,0.0023796900641173,1.02331
6483,42,2114,0.0042150975205004,1.05134
6751,3,157,0.0055088326334953,0.660274
6751,4,224,0.0027937577106058,1.0766412722999998
6751,4,233,0.0041558514349162,1.01689
6354,103,5153,0.0028998898342251,1.01632
6354,104,5222,0.0015491356607526,0.67352
6614,171,8556,0.0013800681335851,0.907467
6603,52,2611,0.0046439371071755,0.948271
6647,7,387,0.0022547075059264,0.92231
6647,13,692,0.0260006915777921,1.0326
6631,96,4804,0.0056504937820136,1.29159
6410,155,7799,0.9614834785461426,1.02892
6680,131,6582,0.0056792222894728,1.0
6680,134,6749,0.0057307248935103,0.901457
6748,162,8120,0.0046385801397264,1.04846686806
6748,163,8183,0.0010921384673565,1.02647
6528,38,1950,0.0024302909150719,1.52367
6528,42,2146,0.0067403181456029,1.05607
6528,44,2220,0.0112892175093293,1.04253
6528,46,2309,0.9719171524047852,0.973137
6443,15,786,0.004206845536828,1.00672
6425,23,1185,0.0546838119626045,0.779407
6489,119,5984,0.0018070035148411,1.37832
6417,0,19,0.0029081876855343,1.04155
6362,102,5146,0.0023891795426607,0.658268
6748,29,1479,0.0056854058057069,0.62422643214
6401,37,1875,0.0044330265372991,0.6475250620999999
6634,43,2169,0.0023948368616402,0.462065
6634,163,8176,0.1021638438105583,0.906659
6634,164,8204,0.0759641677141189,0.734342
6338,79,3979,0.001194410258904,0.430324
6410,146,7310,0.0019025002839043,1.01503
6410,148,7450,0.4395467936992645,1.1848555487999999
6619,15,786,0.002424482954666,0.466756
6619,16,828,0.0815426260232925,0.466756
6619,22,1139,0.0035430893767625,0.466756
6375,92,4648,0.0030891308560967,1.4344982132
6407,11,600,0.0038124474231153,0.988093
6407,19,961,0.0044954791665077,1.04476
6689,149,7461,0.0030322368256747,1.13238
6431,23,1184,0.0107205286622047,1.0
6589,112,5621,0.001555678085424,0.210141
6589,168,8419,0.0080877561122179,0.99771
6426,134,6735,0.0012419132981449,0.8433607410799999
6667,27,1380,0.0059883007779717,1.6252474062000002
6667,27,1386,0.0051447851583361,1.1802
6667,29,1468,0.0495838187634944,1.22881160592
6667,31,1582,0.0045941360294818,0.965516
6683,68,3424,0.0052159945480525,0.81675
6620,61,3053,0.704265832901001,0.325832
6507,24,1227,0.0076908534392714,1.15815530583
6367,42,2117,0.0020421545486897,0.960961
6566,32,1604,0.0017798768822103,1.271579823
6375,12,617,0.0055227107368409,0.896696
6361,8,440,0.005039170384407,0.908161
6410,23,1173,0.0012287958525121,1.8297023702000001
6980,160,8001,0.0030869699548929,0.48285554059999997
6859,119,5951,0.0035257143899798,1.02018
6859,119,5967,0.0042295912280678,1.03556
6921,168,8412,0.0044666263274848,0.880243
6975,68,3431,0.0029072088655084,0.5261039131599999
6963,23,1182,0.027094293385744,0.000167746259765
6963,24,1218,0.169240266084671,1.06573
6870,12,638,0.9721423983573914,0.835605
6855,110,5513,0.0146386390551924,0.7136137191599999
6973,85,4288,0.0047952244058251,0.8023413753599999
6973,210,10548,0.0045173671096563,1.2981173147999998
6973,218,10911,0.0044709453359246,1.0752
6767,0,35,0.0039784987457096,2.9540643836999996
6786,135,6771,0.002800841582939,1.04184
6835,11,576,0.0031306990422308,0.66173169375
6835,13,671,0.0029683937318623,1.08236
6835,15,785,0.0048847333528101,0.9599406678
6960,60,3017,0.0011138689005747,0.891553
6773,168,8416,0.0244706310331821,0.529892
6881,70,3505,0.0919701382517814,1.0168
6835,124,6207,0.0020705657079815,1.06263
6835,126,6340,0.1271208375692367,1.165605765
6865,49,2458,0.0028213299810886,0.601703
6865,51,2580,0.0046551432460546,1.2522843474000003
6783,242,12128,0.006426528096199,1.0
6919,91,4590,0.0018647112883627,1.3176374568
6879,66,3316,0.3254865407943725,0.551895
6919,158,7928,0.0082640517503023,0.771785
6777,129,6489,0.0035271656233817,0.768796
6777,133,6686,0.004288456402719,0.566372
6777,137,6864,0.0052982047200202,0.526457
6979,105,5258,0.0204937942326068,0.553443
6954,44,2222,0.004922451917082,1.03194
6758,1,73,0.0499346479773521,1.1977
6789,95,4762,0.0013717494439333,0.811421
6789,95,4797,0.0111704021692276,0.6763313608999999
6786,28,1425,0.0041654747910797,1.15077732515
6827,20,1032,0.0023426685947924,0.467647
6827,22,1116,0.0033876514062285,0.642337
6992,17,854,0.0055795046500861,1.2722565456
6936,6,314,0.0043623321689665,0.613236
6936,8,449,0.0020119852852076,0.571406
6946,41,2065,0.0032612944487482,0.581707
6885,17,858,0.0039652017876505,0.837922
6885,18,906,0.4275200963020324,1.02608
6866,120,6048,0.0041365390643477,1.308644253
6866,123,6200,0.0259340908378362,1.03373
6758,18,938,0.0053041763603687,1.03301
6758,26,1312,0.0049528875388205,0.74031
6758,27,1385,0.051353070884943,1.2695399265000002
6805,92,4603,0.1315925121307373,1.05984
6805,93,4661,0.0113291637971997,1.097
6901,59,2985,0.0059488583356142,0.904208
6901,59,2988,0.009954703040421,1.11122
6989,22,1146,0.0172386914491653,1.11079
6989,23,1195,0.9522108435630798,0.60957650208
6989,24,1222,0.0065388744696974,0.669174
6989,27,1386,0.0028217807412147,0.361619
6989,28,1447,0.0075559504330158,1.00184
6989,29,1483,0.0025967850815504,0.597814
6937,90,4542,0.0033185379579663,0.660366
6776,13,672,0.0149899031966924,0.992076
6972,79,3952,0.0027031770441681,1.01128
6874,3,187,0.5440396070480347,0.710678
6874,9,492,0.0089667988941073,0.942646
6997,30,1521,0.0037377933040261,0.629153
6787,72,3625,0.0025392530951648,0.754516
6879,108,5434,0.0044839768670499,0.763775
6870,13,696,0.0031296741217374,1.09687
6981,21,1097,0.0049660890363156,0.637318
6981,22,1148,0.0046140509657561,0.924388
6801,173,8676,0.7164738774299622,1.1547745335
6801,177,8875,0.0052410387434065,0.824952
6801,177,8883,0.0044633322395384,1.187859348
6801,178,8950,0.0063842264935374,0.96128
6854,99,4955,0.9709030389785768,1.0
6790,78,3942,0.5449784994125366,0.1298270321
6923,107,5375,0.0042913099750876,0.899833
6812,55,2800,0.0186385829001665,1.1389226953199998
6873,36,1825,0.005064477212727,1.13136
6830,210,10509,0.0139675391837954,0.701473
6830,214,10709,0.004746145568788,1.202869164
6830,214,10729,0.0163646023720502,1.1820918111999998
6827,48,2427,0.0039447736926376,0.8046554694100001
6881,18,911,0.0027209273539483,1.07415
6798,185,9255,0.0135704390704631,0.866174
6798,187,9386,0.0061660483479499,0.890806
6798,192,9632,0.0185814686119556,0.978911
6857,14,733,0.0042947730980813,1.01535
6857,14,735,0.0112854028120636,1.07058
6789,15,779,0.0043864473700523,1.09083
6981,39,1982,0.0038234465755522,1.10007
6981,40,2025,0.0024211716372519,0.877194
6830,92,4648,0.0141578754410147,0.960267
6830,94,4704,0.0052873394452035,0.817551
6930,22,1132,0.0041695451363921,1.04643
6930,23,1176,0.0016346625052392,0.55310467572
6930,24,1228,0.0026593492366373,1.23032
6912,32,1641,0.0048907613381743,0.981267
6795,41,2079,0.0157284997403621,1.03191
6795,42,2138,0.0030427046585828,1.1464603437
6803,43,2200,0.0012101141037419,2.38699
6803,46,2344,0.0046767657622694,1.87013
6803,57,2854,0.0028643393889069,1.01473
6829,122,6139,0.0008904978167265,1.2605504384000001
6829,123,6152,0.0019019526662304,0.840065
6829,129,6485,0.0050643696449697,0.967919
6955,108,5410,0.0088577596470713,0.8967357774
6955,120,6013,0.0065786177292466,1.4448
5374,57,2873,0.0083998329937458,1.5204283709
6986,30,1516,0.0021470892243087,0.6169345527400001
6986,31,1585,0.0055806185118854,0.6986937026300001
6986,33,1652,0.0079268747940659,0.413908
6917,164,8238,0.4742359519004822,0.516528
6917,165,8264,0.0014404351823031,0.99058
6917,170,8530,0.0117374407127499,1.14422932116
6933,4,219,0.0022884728386998,0.935971
6919,163,8189,0.1736145466566085,0.97926
6919,167,8379,0.234624296426773,1.06431025554
6919,169,8487,0.2562307715415954,0.92615
6779,60,3011,0.0054207569919526,0.901229
6779,62,3130,0.0157695300877094,0.534077
6779,65,3265,0.0029789244290441,0.499865
6928,59,2981,0.0035555604845285,0.63836967876
6828,43,2192,0.0042929342016577,0.634544
6828,45,2282,0.0044751241803169,1.01453
6828,49,2495,0.0028232841286808,1.2607840651
6974,36,1802,0.0051670693792402,0.941532
6974,36,1840,0.0036634823773056,1.2153816754
6964,68,3446,0.0058319428935647,0.503769
6984,2,124,0.0028574196621775,0.566598
6984,3,196,0.0136637361720204,0.942031
6945,103,5200,0.0054649552330374,0.877913
6945,112,5647,0.0058809262700378,1.43374
6959,214,10737,0.0119515564292669,1.01723
6959,225,11282,0.0135196447372436,0.915008
6915,36,1826,0.6020870804786682,1.11743
6879,175,8790,0.0048323674127459,1.05819
6785,29,1460,0.0070320307277143,0.7091093228900001
6785,30,1539,0.0025062498170882,0.91975749106
6919,192,9606,0.0074375439435243,0.859663
6919,197,9884,0.0036282299552112,1.0615762681
6919,200,10040,0.0081773372367024,1.2280763358000002
6822,16,837,0.0035854012239724,1.03013
6861,124,6205,0.012967724353075,0.53177
6780,208,10409,0.1233522742986679,1.01339
6780,209,10475,0.0025358360726386,1.0222
6798,3,185,0.007748763076961,0.944539
6979,2,106,0.0034137212205678,0.663508
6979,4,244,0.0276945251971483,0.995282
6790,57,2866,0.0020702681504189,0.878142
6790,59,2965,0.0914494320750236,0.569203
6986,42,2108,0.0069646826013922,1.05298
6960,32,1631,0.0061961961910128,0.930264
6859,89,4456,0.0025616760831326,0.61268
6859,89,4499,0.0028343845624476,1.03521
6859,93,4690,0.0071881064213812,0.995468
6894,42,2112,0.0042255297303199,0.89701
6894,45,2259,0.398158848285675,0.688113
6918,42,2131,0.0045250323601067,0.531442
6918,48,2424,0.0053634154610335,0.602512
6918,50,2506,0.3424331247806549,0.550191
6974,112,5621,0.0492797866463661,1.00674
6975,10,531,0.1349829137325287,2.28463
6859,35,1773,0.0033665359951555,0.934979
6859,35,1794,0.0895748659968376,0.59571
6916,1,76,0.002353326883167,1.1028440304
6958,63,3179,0.0064627584069967,0.9485722479
6958,68,3406,0.0118633173406124,0.892127
6958,69,3464,0.007452564779669,1.06804
6958,70,3513,0.001993753015995,0.494055
6932,137,6884,0.4126337766647339,0.877913
6932,140,7014,0.0035638734698295,0.991291
6794,45,2266,0.0076693687587976,0.80835
6794,50,2540,0.0025177595671266,1.00006
6888,80,4005,0.2470276355743408,1.06115
6888,85,4273,0.0101374527439475,4.6141522245600004e-09
6888,85,4284,0.663424015045166,0.999408
6888,85,4287,0.0045083994045853,1.21354
6935,12,627,0.0058569614775478,0.636156
6832,28,1410,0.7730341553688049,0.954127
6832,28,1415,0.0021808831952512,0.0049415147936
6832,29,1485,0.0066400649957358,1.01435
6773,210,10511,0.0098201883956789,1.09948
6756,81,4065,0.0021464691963046,1.04623
6756,85,4290,0.0042598969303071,0.978832
6803,115,5772,0.0193517543375492,0.96786
6803,117,5860,0.0080106565728783,8.2146528926
6945,197,9891,0.1581922173500061,0.952559
6969,42,2142,0.0032995308283716,1.4321049160000001
6788,63,3154,0.0052062137983739,1.04652
6956,166,8346,0.0047567253932356,1.675526496
6956,168,8417,0.0019083578372374,0.764919
6956,169,8493,0.0032041412778198,1.00326
6813,122,6104,0.0031490686815232,1.8967416102
6812,0,34,0.0040491945110261,0.583443
6812,5,276,0.0040405481122434,1.182693666
6812,6,303,0.0791372582316398,0.6687273292
6812,7,357,0.0069373827427625,1.13202
6974,48,2439,0.0079335607588291,1.52299236
6980,132,6630,0.2711702287197113,1.04697
6879,169,8484,0.0396952405571937,0.9419818636799999
6973,219,10999,0.0098578352481126,0.879895
6973,224,11240,0.0053143678233027,0.989533
6973,226,11319,0.0052450103685259,1.30387
6973,227,11392,0.003467401722446,0.730128
6853,34,1738,0.0111781051382422,1.01182
6934,2,103,0.0039254119619727,0.891751
6934,3,159,0.0029042013920843,1.076
6934,4,222,0.0037046927027404,0.684111
6973,61,3096,0.0036549291107803,0.447344
6963,12,616,0.0216817259788513,0.931067
6963,19,952,0.0046149310655891,0.993209
6963,20,1037,0.0094398073852062,0.99168336085
6765,148,7442,0.0144200203940272,1.01269
6765,150,7501,0.0097409700974822,13.0633663407
6874,62,3130,0.0052244686521589,1.02972
6850,43,2172,0.2448148131370544,0.99817
6850,46,2307,0.0060789631679654,0.28643459355
6934,47,2365,0.0041134105995297,1.5291239633199998
6972,138,6946,0.0138206174597144,1.1529747079200001
6883,26,1336,0.0038742457982152,0.990199
6947,17,883,0.0025097834877669,0.9137450116800001
6978,7,381,0.0065981647931039,0.698282
6932,161,8071,0.0119614079594612,1.02982
6902,42,2134,0.0034215818159282,0.404789
6789,48,2436,0.0026066084392368,1.03547
6805,0,22,0.0043838117271661,0.584559
6763,164,8244,0.0017426460981369,1.2466810315
6968,40,2003,0.0029220171272754,0.547295
6968,43,2200,0.0030084964819252,1.01695
6064,52,2606,0.9167207479476928,1.14866
6792,16,810,0.0129955857992172,0.950394
6917,154,7729,0.0035361531190574,1.0
6917,157,7870,0.0146962907165288,1.2597
6917,158,7933,0.005768078379333,1.06868
6882,139,6985,0.0037030796520411,0.513207
6959,160,8032,0.0055626924149692,1.0
6890,37,1870,0.6117743849754333,0.965848
6890,37,1897,0.0037329734768718,1.022501228
6823,3,189,0.0515717305243015,0.41627671823
6823,6,326,0.0029438692145049,0.810672
6823,8,444,0.0035206587053835,0.721979813676
6945,23,1155,0.0070950742810964,0.019510926595999997
6945,28,1423,0.027860302478075,0.941156
6908,58,2932,0.0039253472350537,1.00647
6908,121,6097,0.0044375974684953,0.591847
6908,122,6127,0.0088324239477515,1.01769
6908,126,6307,0.0035452225711196,1.1718456343800001
6915,149,7492,0.1705613583326339,0.75529
6957,4,225,0.0035962280817329,0.493749
6861,109,5482,0.002692952286452,1.14884
6861,139,6959,0.0018102384638041,1.2576337756
6785,25,1299,0.0043125520460307,0.799651
6942,30,1548,0.0044132694602012,0.918321
6922,193,9671,0.0043999981135129,1.1435099532900002
6888,55,2785,0.0043199146166443,0.94992
6888,55,2793,0.0022600900847464,1.04107
6958,137,6869,0.080728143453598,1.4334829782
6882,99,4988,0.0064062941819429,1.87213
6797,64,3238,0.0018184286309406,0.534626
6797,64,3242,0.0021507833153009,0.453232
6978,100,5048,0.0366904772818088,0.9896174640000001
6806,45,2293,0.1698412895202636,1.0
6779,108,5441,0.001353935454972,0.983496
6779,111,5577,0.0053848996758461,0.940512
6811,208,10437,0.0038933204486966,1.07565
6946,4,223,0.0033485195599496,1.1621575928
6946,7,376,0.0062467772513628,0.503086
6946,7,398,0.0081280302256345,1.4251464832e-06
6946,11,562,0.0031408944632858,0.968794
6953,100,5012,0.0043811216019093,1.11554
6953,101,5068,0.0015604011714458,1.04339
6934,226,11339,0.3456421792507171,1.01261
6934,231,11576,0.0013700219569727,0.53064
6866,70,3522,0.0086148837581276,0.9906288264399999
6960,152,7629,0.0022709397599101,1.3043110032
6803,126,6324,0.0049307672306895,0.955048
6905,124,6226,0.023004051297903,0.969735
6907,178,8933,0.0034230586607009,1.02559
6945,87,4396,0.010109637863934,0.668834
6952,112,5642,0.0191785860806703,0.534122
6952,117,5868,0.0126814302057027,0.89925242483
6952,119,5952,0.0087903980165719,1.03587
6871,126,6308,0.0038964659906923,0.909698
6801,129,6471,0.0033229154068976,1.03052
6801,129,6475,0.0010699536651372,1.2470398013999997
6855,115,5785,0.0031960327178239,1.00064
6952,54,2730,0.0061726942658424,0.5332225799999999
6855,41,2098,0.004698624368757,1.3768763164000002
6773,219,10986,0.0042835911735892,1.02912
6991,210,10520,0.0059457849711179,1.03979
6991,213,10693,0.0673712939023971,0.629442
6896,21,1087,0.003184019587934,0.8825092274999999
6805,176,8834,0.0038168139290064,1.03171
6879,76,3841,0.0032370355911552,0.368643
6991,22,1120,0.0047316197305917,0.943753
6991,24,1249,0.1005341187119484,0.0062323224444
6919,54,2708,0.030694480985403,1.04934
6879,200,10006,0.0012444271706044,1.0161
6829,194,9719,0.0112079642713069,2.79537795584
6893,181,9085,0.5404437780380249,0.377322
6893,184,9201,0.0034854460973292,1.07475
6811,160,8004,0.0159347057342529,0.691528
6811,160,8036,0.0009404526790603,0.839123
6811,161,8068,0.0034943509381264,1.27722055125
6811,163,8186,0.004828461445868,1.1340410554000002
6811,166,8320,0.0052199275232851,0.965796
6811,169,8500,0.0033315606415271,0.807199
6778,3,199,0.0052590938284993,1.04388
6768,2,117,0.0036872324999421,1.41253
6768,6,309,0.0036867735907435,1.15174
6934,107,5395,0.0051326183602213,1.08934
6780,115,5772,0.0083370273932814,0.932935
6777,114,5732,0.0042346850968897,1.05057
6777,115,5755,0.0056770499795675,0.682038
6777,118,5917,0.0037402212619781,1.5642398658
6777,121,6082,0.0074540576897561,1.04253
6989,105,5264,0.0016054545994848,0.929154
6769,126,6328,0.0928770080208778,0.92865
6769,127,6377,0.1060631796717643,1.02046
6756,98,4950,0.0169381462037563,0.813161
6756,103,5173,0.0011519228573888,1.41218
6756,104,5237,0.00303506385535,0.899103
6893,164,8249,0.8615643382072449,0.925002
6800,76,3818,0.2517924010753631,0.5329665000000001
6861,11,568,0.0050321444869041,0.6494121275000001
6822,52,2617,0.0033796061761677,0.844928
6969,46,2349,0.0349426232278347,1.3654644456000002
6969,50,2530,0.1183033436536789,1.21817
6806,23,1180,0.0015310168964788,0.964803
6777,166,8310,0.0027450143825262,0.810725
6777,169,8455,0.0040444708429276,0.947454
6991,16,850,0.8171142935752869,1.29062794355e-05
6949,89,4456,0.0051938034594058,0.586628
6949,89,4460,0.0010636349907144,1.04887
6882,146,7322,0.7395488619804382,0.960726816
6882,148,7427,0.0037877133581787,0.992466
6967,14,702,0.0035330392420291,1.03943
6967,14,735,0.0044436072930693,1.19826
6805,220,11049,0.0042577432468533,1.05922
6805,222,11118,0.0027698536869138,0.672294
6890,6,314,0.0104826297610998,1.6620408596999998
6879,24,1239,0.0336742661893367,1.04249
6879,28,1434,0.0734281241893768,0.970148
6783,21,1097,0.0072989277541637,1.04575
6783,26,1344,0.0050707645714282,1.50526
6783,27,1360,0.0064034694805741,1.04092
6773,144,7235,0.0019457463640719,1.00561
6794,29,1500,0.0080735385417938,0.572149
6776,40,2039,0.8186764717102051,0.980128
6893,155,7787,0.0043239695951342,1.02452
6893,160,8019,0.4464457631111145,0.667935
6908,80,4018,0.0028829376678913,1.0990880218999999
6769,72,3645,0.0045287781395018,1.1725192701
6769,75,3768,0.0038829250261187,0.74802243021
6769,77,3873,0.0021300266962498,1.89433290716e-11
6859,234,11732,0.0073482887819409,0.476802
6879,144,7226,0.0633603930473327,1.02676
6968,32,1619,0.0037041860632598,0.66068990334
6968,32,1640,0.0015466742916032,1.01933
6855,122,6150,0.0028734991792589,1.04092
6855,124,6224,0.4156746566295624,1.08548501924
6986,21,1092,0.028610834851861,0.729157
6986,21,1094,0.0083242962136864,0.8151999884000001
6785,233,11676,0.0094429962337017,1.04339
6978,203,10155,0.0140810720622539,1.05527
6937,79,3991,0.0099243465811014,0.072706384114
6923,14,729,0.0049078152514994,1.2439260234
6828,215,10796,0.4031554162502289,1.33091
6958,162,8106,0.0073907570913434,0.67201582152
6828,179,8959,0.007245457265526,1.02819
6954,79,3959,0.3597275614738464,0.952397
6967,37,1880,0.0083767576143145,1.0059
6967,42,2106,0.008075906895101,0.909246
6922,174,8735,0.009476120583713,1.3543458458
6827,196,9806,0.0038609164766967,1.231217991
6827,196,9835,0.0042599700391292,1.02273352848
6827,196,9846,0.2385447174310684,1.01566
6830,61,3081,0.0033682752400636,0.990324
6830,69,3456,0.0056678466498851,0.62846974008
6859,49,2470,0.0064412639476358,1.3113115488
6985,29,1490,0.1655545979738235,0.51752
6810,26,1339,0.0837706848978996,1.62228
6874,44,2233,0.0790595784783363,0.6400272625
6863,60,3018,0.0050501078367233,0.54970710532
6919,141,7096,0.0039113448001444,0.991717
6893,116,5825,0.0029669306240975,1.2129198036
6893,116,5829,0.0023406110703945,1.56172
6893,120,6026,0.0054369284771382,0.49263957376000006
6902,67,3399,0.0078799603506922,1.21333
6822,103,5174,0.0054305018857121,0.751569
6850,23,1164,0.0352539233863353,1.30827
6792,28,1417,0.0022120368666946,0.516425
6792,28,1423,0.0012690611183643,0.999515
6937,7,382,0.0043491823598742,1.06201
6933,81,4070,0.0027734423056244,1.0351
6853,113,5659,0.0220101960003376,0.652339
6853,118,5941,0.0036693750880658,1.30397
6840,76,3809,0.9915237426757812,5.3624661552e-11
6960,7,393,0.029413565993309,0.473137
6980,13,694,0.0037467482034116,0.787804
6917,1,90,0.0031651046592742,1.18378
6917,2,106,0.1312815546989441,2.3331677297
6873,20,1006,0.005155767314136,0.28136892867999996
6916,87,4355,0.0015886712353676,1.01236
6916,87,4367,0.0402846783399581,0.822819
6835,145,7270,0.0036832131445407,1.13406
6969,94,4739,0.0040959338657557,1.04095
6769,37,1864,0.0052264491096138,1.2090174142
6769,42,2117,0.0486549623310565,1.11803
6911,24,1221,0.0039274231530725,0.624017
6911,28,1410,0.0020619318820536,1.02547
6918,79,3992,0.0048383492976427,0.511117
6908,24,1223,0.0022635338827967,0.976471
6908,28,1420,0.0050629060715436,1.1313946365499998
6907,179,8981,0.9410884380340576,1.45132
6907,180,9033,0.0360545888543129,1.0694
6907,214,10709,0.004754536319524,0.9933
6907,217,10872,0.003529978916049,0.73485
6937,44,2242,0.00428296206519,0.999738
6937,44,2250,0.0068607977591454,1.03043
6937,45,2259,0.0101884957402944,0.572083
6887,13,679,0.0036329766735434,0.5601103749999999
6887,18,913,0.5243924856185913,1.00237
6887,19,964,0.0037897792644798,7.970803601999999
6797,20,1044,0.021877946332097,0.527398
6797,23,1152,0.0023442942183464,0.984459
6855,93,4660,0.0204901322722435,0.596792
6949,77,3866,0.0219652112573385,1.0845
6855,140,7037,0.0324228666722774,0.600973
6855,141,7065,0.0076271016150712,0.00353414197692
6855,155,7759,0.0725140050053596,1.1869700990699998
6888,34,1716,0.0024967659264802,0.961675
6922,169,8486,0.0017958208918571,0.949641
6801,218,10916,0.0097314985468983,0.711069
6801,218,10920,0.0040871747769415,0.719828
6805,98,4908,0.0032682958990335,1.04012
6857,3,194,0.0056368359364569,0.991271
6991,137,6879,0.0490755066275596,0.669774
6977,80,4009,0.0090022198855876,0.94997122724
6930,16,832,0.0012040587607771,0.54538
6980,26,1303,0.0058786799199879,0.854638
6811,177,8879,0.0027584419585764,0.979903
6934,203,10187,0.0702057033777237,0.908788
6934,207,10355,0.0057234177365899,0.874726
6766,130,6545,0.0058084991760551,0.936648
6766,135,6784,0.0036401883698999,0.885795
6908,10,531,0.0052316426299512,1.22139
6783,52,2631,0.0039113238453865,0.616237
6812,33,1698,0.0038230014033615,0.939659
6812,37,1898,0.0038309930823743,1.13168351352
6788,53,2664,0.0164676886051893,1.16004
6912,151,7586,0.003548871492967,1.17987
6912,155,7785,0.0082492921501398,0.921587
6912,156,7846,0.0041937241330742,1.04024
6879,1,72,0.0076182787306606,1.1052
6879,100,5036,0.0069569521583616,1.10782
6885,4,237,0.0539990328252315,1.04232
6949,105,5280,0.0027827264275401,0.557135
6949,107,5365,0.0082873916253447,6.5898047155
6949,110,5517,0.0278339702636003,0.458497
6928,62,3104,0.0045380457304418,1.14041
6953,149,7470,0.0045757098123431,0.60038579484
6780,202,10147,0.0143774896860122,0.95488
6859,40,2017,0.0039424654096364,1.04966
6859,42,2124,0.0106571307405829,1.01094
6859,44,2217,0.0127545399591326,0.506596
6787,35,1755,0.0034025169443339,1.0
6787,35,1767,0.0042038229294121,1.0921683864
6787,38,1919,0.0061006140895187,1.00144
6964,71,3570,0.1435658782720565,0.630224
6964,74,3707,0.0035876552574336,0.867652
6964,75,3769,0.8357886672019958,1.09295
6964,82,4115,0.0074760434217751,0.666177
6949,72,3630,0.0083378124982118,0.92179
6949,79,3963,0.0020469324663281,1.03645
6901,0,27,0.0080546736717224,0.526072
6874,137,6875,0.9256410598754884,1.03181971002
6766,118,5909,0.0054420176893472,1.04617
6766,163,8153,0.0055677411146461,0.446593
6766,92,4629,0.0060856849886476,0.800447
6766,94,4729,0.004681569058448,0.709436
6950,54,2733,0.0036291782744228,1.0478
6790,20,1024,0.0082925157621502,0.81000819406
6785,77,3854,0.0055128382518887,0.8338388581799999
6785,78,3937,0.004222463350743,0.668188
6785,79,3985,0.045615117996931,0.787343
6854,60,3008,0.0075274580158293,2.8346476139999996e-06
6854,62,3118,0.0071900463663041,1.14202
6854,67,3354,0.0025306092575192,0.9654048768000001
6854,69,3474,0.0143145276233553,1.03627
6916,99,4967,0.0028944306541234,1.03755
6916,62,3140,0.5136346817016602,1.04407
6776,177,8857,0.0510595105588436,1.02602
6794,13,681,0.0026124401483684,1.12875
6854,86,4310,0.006003254558891,1.03886
6854,94,4723,0.0024846661835908,1.03754
6854,95,4777,0.0029927263967692,1.02945
6786,90,4503,0.0081417690962553,1.0925922268
6797,59,2968,0.0061006690375506,0.8886396400700001
6797,67,3372,0.0124100092798471,0.809972
6881,121,6065,0.0045739007182419,0.76348257076
6787,0,6,0.0063999686390161,1.3866794016000001
6918,70,3545,0.00352215138264,0.98702002764
6765,222,11135,0.0033495540264993,0.477789
6942,13,684,0.0154547207057476,1.09988859783
6942,14,749,0.0102107711136341,1.69657
6905,110,5539,0.0043275617063045,1.02923
6906,29,1474,0.0045848130248487,0.608576
6972,12,613,0.0030994890257716,0.904326
6972,17,872,0.0015888082562014,1.04151
6766,7,378,0.006409197114408,1.07203784696
6766,7,395,0.0056331544183194,0.6759739440000001
6766,15,790,0.004641396459192,0.7417205159099999
6901,226,11345,0.0066304723732173,0.832049
6785,241,12086,0.0069899824447929,0.528562
6953,90,4541,0.005687101278454,0.2022946098
6953,90,4542,0.0562340505421161,1.06553
6953,92,4631,0.004270754288882,0.289398
6953,151,7569,0.0124932397156953,0.395227
6953,154,7740,0.0016497373580932,1.0261
6783,188,9415,0.0113369952887296,0.8729537054400001
6783,194,9743,0.0143346050754189,0.788692
6955,179,8960,0.4298919141292572,0.695097
6976,10,548,0.0055844434536993,1.01697
6976,12,627,0.0017810608260333,1.21606
6982,16,843,0.0795706734061241,1.1065877059499998
6951,21,1078,0.0041613266803324,1.04308
6951,24,1235,0.0059088980779051,0.811925726508
6800,7,352,0.0171860251575708,0.6426936544
6800,9,475,0.0279026348143816,0.661509
6837,61,3090,0.1398891508579254,0.679799
6957,101,5098,0.0026057048235088,1.06633
6957,110,5539,0.0034096601884812,0.681401
6907,124,6238,0.0030615592841058,1.3291171692000001
6907,125,6267,0.0032410426065325,0.969552
6907,125,6268,0.0071079349145293,1.2195014226
6894,19,978,0.2255517840385437,1.1526657683600001
6932,102,5123,0.0055494513362646,0.660441
6932,104,5211,0.0148910023272037,0.939948
6932,105,5287,0.0042844940908253,1.03394
6932,107,5351,0.0043416870757937,0.955828
6765,174,8749,0.00398391764611,1.01519
6836,39,1980,0.0059026353992521,1.04101
6916,197,9859,0.0027835736982524,0.9791
6916,204,10215,0.0112091116607189,0.905463
6901,140,7031,0.0025303433649241,1.0886
6901,153,7697,0.0156699791550636,0.733979
6922,9,500,0.0066447756253182,0.926977
6922,18,901,0.0804890245199203,0.95107
6783,74,3748,0.0526832975447177,1.04392
6783,79,3989,0.0043465234339237,1.15071
6936,155,7752,0.0039809765294194,1.42702036662
6936,157,7860,0.0034624906256794,0.677626
6957,91,4579,0.8922773599624634,0.532447
6957,196,9845,0.0060175522230565,0.706235
6912,28,1410,0.0037532004062086,0.997563
6893,14,704,0.115008994936943,1.04532
6893,14,716,0.3934753537178039,0.992823
6952,160,8006,0.0044330349192023,1.04503
6837,8,410,0.0030024570878595,1.21974
6893,109,5472,0.0056556239724159,0.92179
6915,39,1980,0.0214679408818483,0.945665
6919,76,3801,0.0025419706944376,0.598289
6905,41,2061,0.0087517108768224,0.590298
6905,49,2470,0.0127406399697065,0.962431
6766,224,11208,0.0037298239767551,0.483871
6773,191,9598,0.0057746348902583,1.10664
6952,24,1241,0.1165846660733223,1.00082
6824,129,6472,0.0051010837778449,0.899978
6916,240,12013,0.0271327514201402,1.08987
6960,36,1825,0.0015939266886562,0.7689903337799999
6905,76,3809,0.2933013439178467,0.741937
6830,29,1481,0.008116278797388,0.6015524886000001
6830,29,1491,0.0034821897279471,1.04076
6830,29,1498,0.0023464262485504,0.534222
6917,80,4007,0.2457755953073501,0.00017050603824000002
6917,128,6419,0.178385853767395,0.515888
6917,129,6488,0.0012564420467242,0.8121349298999999
6918,114,5733,0.0023232873063534,1.015
6918,116,5812,0.0050778537988662,0.829312
6831,33,1654,0.0029757553711533,1.19395
6937,56,2804,0.0028273474890738,0.59463
6870,0,42,0.0033052833750844,0.862676
6870,9,461,0.0033482732251286,1.02264
6047,14,709,0.0076700537465512,1.09876
6916,111,5573,0.0048772664740681,0.877913
6902,51,2575,0.0010275968816131,0.867282
6956,70,3502,0.0029366393573582,0.7712702774399999
6956,70,3531,0.0010248335311189,0.876241
6956,72,3646,0.0027732935268431,0.92882
6797,69,3464,0.0527866445481777,1.14979
6861,194,9741,0.6267665028572083,1.19716
6893,42,2123,0.0078753689303994,1.04627
6893,45,2277,0.0168282426893711,0.943444
6855,34,1736,0.6657407879829407,1.00472
6980,83,4162,0.0011586364125832,0.9763546807999999
6980,96,4810,0.0316662304103374,1.5584909032
6973,195,9780,0.001938346074894,0.884936
6973,197,9869,0.008002895861864,1.02819
6979,90,4520,0.0038095016498118,0.8939206734
6979,94,4723,0.00444041704759,1.0982
6777,18,936,0.0019009046955034,1.02392
6777,21,1072,0.0053107342682778,0.526209
6828,125,6286,0.0036192566622048,0.776134
6861,27,1357,0.3775464594364166,1.40149
6939,20,1025,0.0038413903675973,0.95767
6939,64,3248,0.0051139523275196,1.6330738427999998
6951,32,1647,0.0141568770632147,0.994513
6951,32,1648,0.0047517665661871,0.436686
6958,30,1540,0.005091746803373,0.574221
6801,29,1491,0.0041105225682258,1.0116
6945,137,6900,0.0040917852893471,1.325086968
6945,145,7251,0.0016799593577161,0.6833179752399999
6945,150,7548,0.0047580488026142,0.960791
6780,162,8107,0.0040475004352629,1.1721792933
6997,32,1624,0.1886235624551773,0.582715
6997,33,1690,0.0290855374187231,0.893849
6997,38,1947,0.1009850725531578,0.625563
6893,51,2561,0.0061628702096641,1.00966
6956,134,6720,0.0095449276268482,1.02006
6956,141,7072,0.0034701447002589,1.2154853948
6825,11,569,0.0035595074295997,0.0017884479914
6825,13,696,0.0042102811858057,0.978496
6907,89,4483,0.0612731799483299,0.996503
6907,92,4635,0.0079520242288708,0.928203
6907,93,4663,0.0042143566533923,0.29722518432000006
6888,37,1880,0.0040139877237379,1.04816
6888,39,1991,0.006829357240349,1.12528
6888,0,37,0.0033828373998403,1.04055
6888,50,2540,0.0030163887422531,1.258543212
6973,204,10203,0.0050906906835734,1.04927
6769,97,4894,0.0049388571642339,0.914434
6769,129,6486,0.0042810980230569,0.952092
6769,132,6613,0.0023693747352808,0.888811
6837,190,9515,0.0365785919129848,0.971916
6837,193,9682,0.0070222043432295,0.504081
6837,196,9816,0.0026940847747027,1.081172806
6811,0,35,0.0055093942210078,1.03645
6811,6,313,0.0131611069664359,0.721072
6811,6,328,0.0092508038505911,0.00212958951865
6991,15,795,0.0031745641026645,0.42708396960000006
6959,191,9568,0.0028443306218832,0.513016
6959,202,10127,0.0056043546646833,1.21524
6946,5,288,0.0076174102723598,0.973417
6939,105,5292,0.0023707998916506,0.490684
6783,174,8703,0.0071562235243618,0.956679
6783,174,8712,0.6464611887931824,0.550329
6907,201,10090,0.0096002127975225,1.04885
6907,208,10427,0.0059905974194407,1.00062
6827,62,3149,0.0034679474774748,0.90447
6827,66,3313,0.0032363680656999,0.986003
6908,76,3823,0.0145565913990139,1.00351
6788,46,2312,0.0015709880972281,0.962103
6998,10,533,0.0114881172776222,1.00999
6936,11,599,0.0037251717876642,0.6706586784
6936,14,741,0.0041958354413509,0.689933
6978,25,1298,0.1650983393192291,1.03287
6975,62,3106,0.0017937552183866,1.08065
6934,137,6856,0.01160204783082,0.6657601655100001
6934,141,7090,0.0024118621367961,1.1606841868
6888,144,7237,0.0083621898666024,1.0218
6859,18,921,0.0115189645439386,1.12831
6798,81,4087,0.0048732366412878,1.04895
6278,51,2567,0.003989141434431,0.65056
6888,240,12049,0.3052889108657837,0.952479
6959,129,6491,0.004900936037302,1.1075
6980,139,6955,0.3375992178916931,0.6176845562000001
6980,140,7043,0.0023347861133515,1.00214
6980,152,7618,0.0033373842015862,0.969443
6811,11,571,0.0112468609586358,1.21813065
6813,140,7027,0.0033320924267172,1.2809
6825,0,10,0.0043099336326122,0.969592
6825,1,77,0.0056801252067089,0.963731
6825,2,115,0.7522072792053223,1.2119645999999997
6885,73,3661,0.006411850452423,0.975776
5573,105,5262,0.0098798824474215,0.65217010245
6980,85,4285,0.0040092361159622,1.056
6980,88,4407,0.5407293438911438,4.07624223996
6973,16,839,0.0115920715034008,1.08081
6792,9,485,0.0086476486176252,0.92179
6792,11,567,0.0313215442001819,1.00824134605
6865,112,5602,0.0043004741892218,0.980352
6865,112,5627,0.0111585156992077,0.778696
6865,113,5659,0.1848389655351638,0.941675
6865,120,6024,0.0111642200499773,0.658104
6952,9,461,0.0026234539691358,1.2459648596
6953,110,5546,0.0082665532827377,0.929846
6880,7,388,0.0031606261618435,0.556164
6776,98,4917,0.0038824898656457,1.03309
6577,130,6504,0.0042221564799547,0.734321
6908,1,91,0.0044121169485151,1.3711725387999998
6875,3,169,0.0022900269832462,0.76243734644
6787,97,4858,0.0453328937292099,0.985504
6913,19,991,0.0032254830002784,1.03816
6957,7,391,0.0084902001544833,0.864384
6958,80,4040,0.002995288465172,1.02324
6789,101,5079,0.0052654310129582,1.16332
6935,32,1638,0.0051721604540944,0.524171
6855,54,2743,0.0049944799393415,0.78311
5339,115,5790,0.002030795905739,1.02473
6806,17,868,0.0028855171985924,1.08325
6901,200,10009,0.0136650400236248,1.04748
6916,121,6071,0.0019462215714156,1.32833015
6917,240,12031,0.0021777672227472,1.10289
6859,181,9084,0.0068353558890521,1.03486
6859,182,9144,0.0141907380893826,0.5746522663
6859,185,9270,0.0036539586726576,0.9867681100000001
6933,11,561,0.0042860927060246,1.15789447046
6933,11,580,0.0041994014754891,0.737684
6933,14,716,0.6652543544769287,0.848809
6933,15,767,0.0037360591813921,0.751914
6933,18,925,0.3370996713638305,1.1242290289999999
6360,111,5552,0.003675899002701,0.855046771488
6830,136,6818,0.2169696241617202,1.00362
6945,183,9152,0.0039756032638251,1.0593
6945,225,11265,0.0056823603808879,0.884704
6945,225,11277,0.005542429164052,1.30725
6871,50,2522,0.0034596126060932,0.68526
6871,51,2574,0.0085268458351492,0.549075
6871,60,3017,0.0023144567385315,0.63233540125
6972,145,7259,0.0061924294568598,0.592845
6972,145,7271,0.0050273234955966,0.561388
6980,148,7408,0.0028274406213313,1.22171
6912,66,3329,0.0025401792954653,1.41342
6919,29,1496,0.0053006303496658,1.08233
6763,15,775,0.9155644774436952,1.1456770626
6865,101,5073,0.9255502223968506,1.03494
6865,101,5085,0.0108832065016031,0.834824
6918,61,3092,0.0052199796773493,0.8318570074299999
6918,63,3175,0.0060697444714605,0.557375
6932,123,6195,0.8654728531837463,1.295401177
6828,52,2640,0.0029589447658509,0.596541
6828,55,2785,0.0020151773933321,0.902269
6787,159,7978,0.0023700320161879,0.955261
6947,74,3722,0.007153445854783,1.1881157599999999
6885,27,1367,0.0029285692144185,0.919445
6885,27,1396,0.0080622993409633,0.400135
6885,28,1404,0.001944906078279,1.04035
6885,31,1559,0.5216502547264099,1.2372630777
6960,110,5520,0.0035376439336687,0.972219
6960,111,5578,0.0030436837114393,0.969625
6822,61,3071,0.0059834686107933,0.872851
6822,68,3401,0.0033772415481507,1.1405854968
6822,69,3455,0.0340152531862258,0.770785
6917,107,5388,0.0035721075255423,1.07609
6917,110,5521,0.0111996559426188,0.939867
6917,110,5524,0.0036540003493428,0.66679016789
6917,111,5592,0.4343856871128082,1.7735511419999999
6874,79,3990,0.0026529422029852,1.25972527365
6957,49,2474,0.0037317643873393,0.644108
6957,49,2493,0.0040927724912762,1.02977
6805,190,9531,0.0153224477544426,1.67816
6805,194,9702,0.0041636615060269,1.058
6768,77,3872,0.982887089252472,0.954192
6979,121,6056,0.0042961700819432,1.05556
6979,121,6093,0.0036370921880006,0.989161
6802,15,766,0.0074188122525811,0.5812722486
6802,17,885,0.0051912418566644,1.1050258842
6785,115,5767,0.0036133842077106,1.04468
6991,57,2851,0.0024155201390385,0.93546
6991,57,2880,0.2814714610576629,1.05497
6991,59,2981,0.0017879393417388,0.939949
6810,6,331,0.0064594675786793,0.5943044755
6917,49,2497,0.0104151871055364,0.323862644413
6902,11,597,0.0034540717024356,0.522367
6827,158,7916,0.0024633528664708,0.877371
6827,159,7985,0.0072915419004857,1.12638
6769,106,5306,0.0043364441953599,0.577603
6937,14,737,0.0042866203002631,1.02783
6937,14,746,0.0027046273462474,1.04973
6831,83,4151,0.0044808462262153,1.41218
6831,83,4191,0.0261455439031124,0.93039
6912,50,2535,0.0052768816240131,0.877913
6853,11,594,0.0055593699216842,0.927356
6795,21,1061,0.0011425116099417,0.787944
6916,0,33,0.0109807886183261,0.791111
6789,2,127,0.0022973588202148,1.2224910251999999
6789,5,293,0.1087915003299713,0.85928751922
6863,17,896,0.0031017162837088,0.00340736815939
6863,19,968,0.0084904646500945,1.04102
6980,223,11172,0.0361116118729114,0.964615
6980,5,266,0.003336930880323,1.23689295516
6980,6,306,0.0028011214453727,1.04721
6799,68,3408,0.0032476070336997,1.00105
6917,221,11077,0.0024373887572437,1.08015
6963,102,5140,0.0051553710363805,5.50490723752
6827,201,10091,0.1860873252153396,0.964998
6978,187,9396,0.7128158807754517,0.530936
6795,31,1556,0.0029680379666388,0.531774
6969,60,3010,0.0025490627158433,1.14267
6969,60,3050,0.0087104048579931,0.99966
6884,31,1578,0.0038651884533464,1.12737046884
6803,5,257,0.0040398887358605,0.969933
6938,11,556,0.5014368891716003,1.0
6938,17,900,0.0085336938500404,0.997521
6938,19,980,0.0120781175792217,0.887956
6861,176,8817,0.0104310000315308,1.06813
6979,139,6997,0.0023179473355412,0.981348
6979,143,7164,0.0025448217056691,3.7756077012500002
6917,188,9421,0.0036454969085752,0.9920659714499999
6885,34,1732,0.0053387214429676,0.365264
6958,83,4197,0.0464937761425972,0.86829319955
6958,115,5794,0.0036240227054804,0.51756692
6800,158,7946,0.0029645138420164,0.90877435308
6800,166,8320,0.0056790662929415,0.769439
6947,28,1443,0.0863968655467033,0.614954
6947,31,1573,0.0031903700437396,1.18639
6947,34,1712,0.0062874504365026,1.09707
6908,219,10971,0.0049155252054333,1.0339005818400002
6908,221,11079,0.0343584306538105,1.01645
6945,131,6582,0.0030612172558903,0.18746410268
6853,149,7484,0.0022143744863569,1.00132
6826,37,1855,0.0101462947204709,0.944511
6802,22,1121,0.0129072349518537,0.537859
6805,161,8093,0.0248400308191776,1.1857279008
6805,164,8227,0.0015184914227575,1.02194
6922,109,5484,0.0093762418255209,1.04068
6785,197,9858,0.0062497877515852,0.843698
6783,91,4574,0.0035560505930334,1.2216980741
6783,96,4815,0.1942182928323745,0.877913
6888,22,1148,0.0042605991475284,1.03624
6934,149,7496,0.0588068552315235,0.922411
6786,25,1252,0.0098642744123935,0.897513
6915,144,7238,0.0526657439768314,0.787928
6919,122,6139,0.006680245976895,1.16786
6800,132,6631,0.0035392681602388,1.62176
6800,133,6668,0.1833582520484924,3.4821052182e-09
6800,134,6742,0.0035776449367403,0.50021
6800,136,6803,0.0039610564708709,0.00290996624738
6800,157,7855,0.001329427701421,0.607707
6831,0,29,0.0154739078134298,0.928205
6831,6,319,0.0063650761730968,1.0329995996999999
6831,6,337,0.0035035235341638,0.877913
6786,79,3985,0.0014711321564391,0.5437669233
6982,22,1116,0.0025514876469969,1.09331
6982,22,1130,0.0030706264078617,0.97086
6828,209,10494,0.0034431738313287,1.01955
6905,31,1599,0.0039168731309473,0.75655456218
6859,112,5624,0.062140192836523,1.04665
6859,118,5914,0.0035836908500641,1.13855
6859,118,5922,0.0030199026223272,1.2502243846
6981,106,5316,0.0016095289029181,1.01559
6981,107,5352,0.0035471960436552,1.03681
6981,112,5632,0.0048986976034939,1.0
6879,212,10650,0.1256574392318725,0.6254042442999999
6879,226,11307,0.0054841074161231,0.534531
6936,40,2004,0.006429299712181,1.04379
6876,6,313,0.0049244496040046,0.644209
6853,136,6812,0.0102998539805412,1.03673
6853,139,6974,0.0232000146061182,0.968869
6950,14,708,0.9925780892372132,0.956157
6950,17,871,0.003916994202882,1.03047
6874,98,4918,0.004086373373866,1.02666
6785,68,3428,0.0071184108965098,0.987762
6785,73,3685,0.0040937718003988,1.11654
6949,94,4725,0.4041350185871124,1.05371
6949,94,4748,0.0050127860158681,0.81808697763
6949,97,4872,0.0144098121672868,0.787372
6945,61,3090,0.0029898977372795,0.724691
6945,93,4666,0.006984815467149,0.582505
6972,43,2191,0.0090753575786948,0.806765
6787,54,2748,0.0026651262305676,0.57934468722
6763,34,1706,0.0056087621487677,0.0042903064052
6763,37,1872,0.0049335989169776,1.00051
6801,16,837,0.0061163427308201,1.2247099137
6866,18,905,0.0159728769212961,1.0435
6991,121,6100,0.0045860689133405,1.03418
6991,130,6529,0.0058269714936614,1.11787
6979,65,3291,0.0079277111217379,1.14404283078
6979,150,7534,0.0037408345378935,0.670137
6805,232,11620,0.0750788003206253,1.01245
6805,232,11631,0.113953873515129,1.02503
6805,238,11942,0.0019923001527786,1.09807
6967,18,910,0.0086918277665972,1.17495
6915,74,3708,0.0040270485915243,0.705209
6915,74,3749,0.002130011562258,0.774724
6915,77,3859,0.0033524252939969,1.13435
6896,31,1558,0.0045537827536463,1.3746137183999998
6811,42,2116,0.0039724810048937,0.972501
6811,44,2247,0.0045779044739902,1.1482368315
6812,60,3018,0.002229412086308,0.377849
6812,63,3154,0.8085298538208008,0.681942
6812,67,3374,0.0029872208833694,0.889857
6991,206,10303,0.0023486276622861,0.948374
6825,37,1867,0.0039106383919715,0.586697
6963,1,65,0.092575803399086,0.585067
6963,3,186,0.0036125718615949,0.547853
6963,3,198,0.6224232316017151,1.09435
6963,9,483,0.0068307379260659,1.19926
6837,70,3517,0.1380139887332916,0.493273
6837,77,3877,0.0040453327819705,1.6702508988000002
6835,73,3672,0.0035057847853749,1.1050779823999999
6835,76,3817,0.0050912923179566,0.687893
6835,76,3828,0.0059383297339081,0.901076
6835,79,3980,0.0077517032623291,1.06237
6854,13,667,0.0067323823459446,0.41376181154399994
6893,123,6184,0.002524236915633,1.01453
6893,124,6213,0.003365243319422,1.03044
6893,125,6270,0.0189391821622848,1.00715
6989,63,3183,0.0034943609498441,0.681182
6936,27,1373,0.9211987257003784,0.977724
6936,84,4218,0.0034290724433958,1.25287
6922,85,4278,0.0010833564447239,0.640173
6922,85,4294,0.005118316039443,1.04525
6922,97,4884,0.0092173274606466,1.04944
6939,98,4932,0.0044079744257032,1.02442
6797,31,1572,0.0099253775551915,1.04062
6797,36,1810,0.0306880194693803,1.08452
6776,221,11071,0.0035142027772963,0.595709
6769,82,4125,0.0148068722337484,1.2066
6917,48,2445,0.005535330157727,1.07164
6801,0,50,0.0039026574231684,1.05678
6801,4,210,0.0054959217086434,1.1841079734
6801,8,416,0.0111431153491139,1.02938
6801,9,460,0.0053033865988254,1.49657950854e-15
6915,195,9760,0.0044522499665617,1.04113
6915,195,9797,0.0098505318164825,1.03101
6850,55,2793,0.0052537778392434,0.9437798303999999
6837,173,8690,0.0082761486992239,1.17747
6787,177,8893,0.0038934557233005,0.455336
6928,65,3273,0.0026466061826795,0.842086
6836,46,2334,0.0062527866102755,1.1448440291400002
6977,37,1883,0.0046493136323988,1.00683
6916,153,7658,0.0193228460848331,0.560364
6859,233,11651,0.0032041980884969,0.698717
6859,233,11686,0.0197776798158884,1.43204996
6959,185,9277,0.0036539325956255,0.721591
6958,10,541,0.0024697701446712,1.0795
6922,187,9383,0.0084837153553962,0.51966
6922,187,9397,0.0055203279480338,1.24223
6998,151,7588,0.1444062441587448,0.516931
6763,126,6344,0.047359000891447,1.3249375583999998
6780,222,11123,0.0045312824659049,1.32604
6974,1,98,0.0011184648610651,1.70394
6853,170,8534,0.0183649845421314,0.524189
6782,40,2024,0.0031962366774678,1.08451
6934,85,4291,0.0079205147922039,1.02747
6934,118,5939,0.0115671027451753,0.64161506112
6916,235,11752,0.0068091955035924,0.876399
6908,65,3285,0.0227020550519227,1.01929
6908,77,3891,0.0058996616862714,0.640356
6936,30,1542,0.006257985252887,0.992302
6932,61,3066,0.0048736711032688,0.989013
6881,4,204,0.0033134459517896,0.825897
6881,80,4039,0.0017942265840247,0.727488
6785,63,3166,0.0041175265796482,1.11544
6785,65,3265,0.0044020181521773,0.950581
6874,114,5710,0.0023916570935398,1.205782523
6829,130,6540,0.02418047003448,1.1893
6985,50,2546,0.0036771562881767,0.9741094147000001
6985,53,2668,0.004824748262763,1.13879
6985,54,2708,0.0043070334941148,1.16369123976
6985,85,4282,0.0050326692871749,0.61149969372
6919,114,5730,0.0074315550737082,0.952992
6873,0,22,0.0071400804445147,0.719498
6873,2,148,0.0175373312085866,1.10475
6950,34,1713,0.001631835475564,1.08613
6798,229,11467,0.022682724520564,0.921603
6798,229,11478,0.0057401033118367,1.06654
6798,231,11592,0.0063906731083989,1.16583
6783,42,2132,0.0039808424189686,0.590713
6788,25,1284,0.0041537163779139,1.1165628422
6788,27,1381,0.0050225555896759,1.2421977897
6934,124,6227,0.0944458022713661,0.63011
6934,125,6293,0.0020311677362769,1.03491
6928,5,299,0.0045261434279382,1.0
6830,124,6213,0.0044285110197961,1.0136
6830,129,6467,0.0036087895277887,1.05125
6952,8,438,0.0035077026113867,0.708042
6952,44,2217,0.0068990630097687,0.848369
6955,126,6329,0.005769757553935,1.04037
6945,46,2303,0.0036357189528644,0.9990104158700001
6945,46,2305,0.006386550143361,0.518493
6945,47,2399,0.0027190931141376,1.01208
6867,25,1251,0.0031780393328517,0.485675
6867,26,1311,0.0048775007016956,0.5968225582800001
6867,27,1365,0.0021203383803367,0.265308
6993,26,1325,0.0086285378783941,1.0649
6777,139,6961,0.9006966948509216,1.11722
6804,27,1382,0.0086226742714643,0.877913
6964,20,1034,0.0022452659904956,0.989706
6964,21,1074,0.0018834808142855,1.3618131518
6964,24,1216,0.0040982086211442,1.18026159608
6936,75,3792,0.0132456449791789,1.01503
6955,99,4959,0.0035235087852925,0.927002
6955,100,5037,0.9856335520744324,1.1008
6955,101,5080,0.0061531816609203,1.01891
6958,0,44,0.2477516680955886,0.706026
6975,206,10326,0.0033992459066212,0.477855
6777,30,1539,0.1947254687547683,0.400288
6777,32,1602,0.0031189096625894,0.757792
6777,35,1778,0.0562121830880641,1.01637
6937,19,967,0.0066621145233511,2.27767
6937,27,1385,0.997033953666687,0.500528
6813,37,1853,0.0129999462515115,1.08563
6813,39,1983,0.0517187677323818,0.484687
6805,189,9486,0.0027774623595178,0.654735
6768,119,5985,0.7936561107635498,0.6515283225399999
6998,49,2470,0.8969732522964478,0.0159115615497
6998,52,2601,0.0020608266349881,0.764249
6908,113,5663,0.0091189043596386,1.0483
6800,2,105,0.0029888916760683,0.9465133761
6801,81,4066,0.0044568283483386,1.2985388396
6922,8,418,0.0022277981042861,0.885288
6979,25,1264,0.0051078516989946,1.8022850047999999
6979,26,1306,0.0369984433054924,1.12708
6921,123,6194,0.006899491418153,1.1588055607
6780,107,5374,0.2731993794441223,0.48633394282
6921,37,1885,0.0032812606077641,1.12521
6837,162,8120,0.0113686742261052,1.0
6837,162,8136,0.0053144004195928,0.666003
6959,56,2817,0.0317590348422527,1.2021244956000001
6790,33,1668,0.0277876276522874,1.03929
6790,39,1991,0.0021306662820279,1.08568066761
6879,38,1924,0.0025007117073982,0.94738
6879,42,2145,0.0028757706750184,0.60392230552
6779,98,4926,0.0028199725784361,0.545025
6908,166,8308,0.0861951857805252,0.86251
6787,228,11445,0.0042165569029748,0.942855
6787,231,11565,0.0037059425376355,0.8714084555899999
6828,152,7624,0.7476373910903931,0.64360173851
6975,130,6534,0.0049465633928775,1.56648
6955,75,3787,0.0042614666745066,0.926896
6955,76,3832,0.001789022819139,0.47128714512000003
6766,139,6989,0.0094425939023494,0.951532
6801,100,5021,0.0032371894922107,0.832368
6801,101,5090,0.0012658395571634,0.683019
6801,102,5116,0.0058288285508751,1.04145
6801,104,5224,0.0022945504169911,1.02034
6547,51,2554,0.2628854215145111,1.16764
6547,51,2581,0.0041332826949656,1.00481
6991,235,11774,0.0081635657697916,0.61271
6873,18,941,0.0043704584240913,0.652799
6786,160,8024,0.0029807945247739,1.02625
6937,29,1463,0.0140584567561745,0.919563
6937,32,1644,0.0362088866531848,0.927432
6937,33,1688,0.0134434681385755,0.969614
6937,35,1785,0.0350497923791408,1.04903
6953,31,1552,0.006470950320363,1.2280942799999999
6775,18,901,0.0384283177554607,1.09309
6997,10,521,0.9193652868270874,0.568605
6634,65,3272,0.0418266989290714,1.01246
6978,35,1781,0.0080670723691582,0.593948
6978,38,1927,0.004572108387947,0.847903
6978,38,1940,0.0025790587533265,0.491788
6978,42,2140,0.010575033724308,0.647146
6802,28,1419,0.0548298843204975,0.69692
6854,6,331,0.0045750867575407,0.940916
6854,9,468,0.0048877988010644,0.986855
6773,121,6061,0.0037751335185021,1.10612
6773,126,6303,0.0047837668098509,1.2486359930999997
6773,179,8985,0.0105319479480385,0.921851
6939,61,3100,0.0091381249949336,0.804178
6939,118,5939,0.0074503789655864,1.03615
6934,200,10024,0.0029921615496277,0.694078
6972,45,2259,0.0234642084687948,7.6372437559e-05
6824,135,6781,0.0095083871856331,0.592779
6837,24,1235,0.0068437326699495,0.348083
6967,15,786,0.0039465161971747,1.00202438413
6967,15,797,0.0031352846417576,0.861017
6980,95,4770,0.0065433797426521,0.960988
6883,18,937,0.0019324419554322,0.507854
6916,32,1633,0.0059627504087984,1.0249
6916,37,1898,0.0179978497326374,0.946136
6824,55,2760,0.006783933378756,0.7877650599
6908,30,1533,0.0082261683419346,1.4058111455999998
6908,32,1630,0.1383048444986343,0.691828
6984,36,1829,0.0019596179481595,0.665596
6984,40,2004,0.0039744116365909,0.99268
6984,43,2165,0.9336281418800354,0.6573381441199999
6761,21,1061,0.0109026255086064,0.665886
6907,187,9384,0.0030856628436595,0.659724
6940,6,347,0.0385583154857158,0.00049425336597
6811,185,9260,0.0237681660801172,1.03814
6871,90,4514,0.0053918785415589,1.0544183604
6780,10,517,0.2639704644680023,0.951845
6780,12,641,0.0170081667602062,1.00329
6780,17,900,0.0844326093792915,0.996148
6830,168,8419,0.1324893087148666,0.809733
5499,213,10652,0.0351892821490764,1.01097
6875,0,35,0.0041817058809101,0.972784
6875,4,209,0.0066500487737357,1.11922017948
6875,17,859,0.010472148656845,1.2703198527000001
6835,93,4654,0.0020265027415007,0.877913
6918,119,5961,0.0049651865847408,1.1896433845
6919,108,5402,0.0056793540716171,0.954495
6953,35,1771,0.6462130546569824,1.04028
6773,160,8010,0.0029513735789805,0.938579
6916,73,3689,0.0542910881340503,1.1926036483999998
6811,108,5439,0.1208100914955139,0.656732
6974,32,1644,0.0033157819416373,0.98991
5435,22,1102,0.0042573050595819,1.0826431551000002
6768,31,1572,0.006092160474509,0.949086
6859,26,1316,0.0203970223665237,1.32162941757
6761,33,1671,0.0031023134943097,1.04805
6761,36,1824,0.0093730706721544,1.01673
6761,38,1919,0.0124762393534183,0.492359
6879,98,4950,0.0140115022659301,1.04985
6769,192,9620,0.0033480247948318,1.18931
6769,195,9799,0.0065506501123309,0.581736
6932,188,9448,0.0084845293313264,0.548767
6973,190,9547,0.003334310138598,1.01242
6973,223,11191,0.0053596142679452,1.12506
6879,181,9066,0.0050848666578531,0.977922
6801,97,4857,0.0106497732922434,1.03515
6879,59,2980,0.0030953725799918,0.569984
6998,160,8032,0.0017439340008422,1.2755583888
6998,161,8056,0.0026082340627908,0.79294411992
6973,41,2090,0.1234239712357521,1.0032
6973,43,2181,0.0026906980201601,0.818633
6973,45,2268,0.109564796090126,1.1499719250000002
6768,166,8328,0.0013234415091574,1.10285
6978,106,5311,0.0035776023287326,0.966216
6978,106,5334,0.0027588827069848,0.8837255072
6520,42,2115,0.0258522368967533,0.748331
6779,120,6003,0.00160882784985,0.906349
6974,61,3064,0.0113057447597384,0.50963710199
6906,14,724,0.004817503504455,1.2604838100000002e-07
6906,16,841,0.0035511590540409,1.03681
6814,61,3097,0.0014563425211235,0.85978
6785,15,757,0.0036139178555458,1.02246
6829,34,1740,0.0035031421575695,1.0
6829,38,1914,0.00291130063124,1.07015
6829,38,1919,0.0113721480593085,0.872953
6829,39,1951,0.0144838076084852,0.99010625328
6968,8,447,0.0034965882077813,0.39479950377
6959,36,1833,0.0024260103236883,0.586127
6827,161,8054,0.0038846796378493,0.985991
6826,46,2342,0.0056377691216766,0.602715
6826,47,2395,0.0077683860436081,0.0060313524285000005
6916,182,9147,0.0036551114171743,1.02176
6916,194,9747,0.0055631012655794,0.6774423054700001
6789,7,395,0.0055593405850231,1.39434
6906,1,88,0.0051033347845077,0.576835
6906,3,200,0.0216175373643636,0.9167351875
6906,5,292,0.0033878220710903,1.00358
6916,144,7230,0.0256760735064744,1.09945
6752,230,11503,0.0042469073086977,0.704003
6893,205,10278,0.0443319715559482,0.572924
6957,111,5569,0.9720127582550048,0.452612
6957,113,5672,0.0055909533984959,0.850715
6957,114,5742,0.0049463030882179,1.0970128305000002
6957,120,6048,0.0021758344955742,0.582491
6934,19,977,0.0112570375204086,1.3346220552
6798,55,2756,0.0040077245794236,0.512812
6918,34,1706,0.0104038901627063,0.7398887675599999
6918,37,1861,0.0012038694694638,0.552144
6918,64,3205,0.0040268437005579,0.987796
6956,51,2586,0.0071295825764536,0.822517
6942,19,988,0.0202780999243259,0.98955582279
6969,85,4298,0.7111742496490479,0.843801
6969,193,9654,0.0039908620528876,1.14312
6769,13,673,0.0048093232326209,1.0
6786,92,4613,0.0020646653138101,0.55482030712
6786,94,4701,0.0036122067831456,0.00111038996705
6866,111,5564,0.0026150878984481,1.00258
6866,112,5631,0.0015328601002693,0.843453
6914,15,795,0.0552055388689041,0.589058
6914,16,831,0.0040748259052634,1.127218005
6914,16,848,0.0031543287914246,1.00306
6914,21,1090,0.0032887298148125,0.514404
6914,21,1095,0.0052820406854152,1.03184
6914,24,1203,0.9607966542243958,0.495427
6975,189,9453,0.0140178017318248,0.909694
6975,189,9460,0.0049905003979802,0.859771
6975,155,7757,0.0051744398660957,1.06563
6975,181,9064,0.0068544126115739,1.03496
6975,182,9132,0.0054412493482232,1.4584293057999997
6563,145,7276,0.0026834933087229,1.19899452833
6768,127,6379,0.0074646840803325,1.37203
6917,134,6714,0.0031118134502321,1.8717649924800002
6917,139,6989,0.0033863391727209,0.562739
6827,50,2510,0.0527346916496753,1.06761
6827,52,2615,0.0086894109845161,0.551561
6827,56,2839,0.0049457442946732,0.977063
6998,158,7924,0.0044863461516797,1.48857755343
6932,160,8015,0.0049082925543189,0.987695
6840,88,4434,0.0046793771907687,1.02868149812
6867,15,761,0.7737654447555542,0.396598
6867,17,874,0.0233557447791099,1.444064337
6867,18,924,0.0024574962444603,1.13769
6813,177,8862,0.0043166140094399,0.885203
6945,12,629,0.002242668531835,1.00652
6822,40,2036,0.0252786502242088,0.677618
6822,44,2236,0.0041314442642033,0.937909
6822,47,2366,0.0036735842004418,1.03154
6822,48,2432,0.00265872804448,1.1962906253999999
6917,151,7584,0.0041451822035014,0.515429
6918,7,389,0.0062085138633847,0.489271
6871,180,9006,0.0031428225338459,0.473355
6871,182,9113,0.0028221698012202,0.291605
6769,146,7302,0.0103290742263197,0.969837
6769,148,7436,0.9984560012817384,1.1038
6769,150,7532,0.0055708885192871,0.92179
6950,29,1483,0.0094701796770095,0.872454
6768,156,7818,0.0042270389385521,1.10383951716
6768,164,8222,0.0057495487853884,1.05216
6958,29,1500,0.0047354456037282,1.4013563088
6836,70,3515,0.0036233237478882,1.01676
6893,20,1004,0.0074436576105654,0.469692
6893,26,1316,0.0057651065289974,0.911359
6893,26,1320,0.0035953118931502,1.02497
6830,179,8968,0.0201269295066595,0.943184
6837,103,5169,0.0014497468946501,1.05722
6837,108,5408,0.0779112055897712,0.75535
6957,70,3516,0.1018098220229148,0.607974
6957,78,3943,0.0038932617753744,0.767517
6787,214,10733,0.0072935302741825,0.949773
6787,220,11046,0.0064599909819662,1.07705
6859,58,2914,0.0038183408323675,1.07197
5781,14,712,0.5150529742240906,1.02344
6777,63,3192,0.0053540528751909,0.551898
6777,67,3361,0.074530690908432,1.10048
6936,161,8062,0.0032465991098433,1.04162
6964,62,3138,0.0030276549514383,1.06356
6957,19,978,0.0045873592607676,0.897034
6828,192,9647,0.0069305072538554,0.404479
6954,18,925,0.0038609383627772,5.7836726233
6952,167,8389,0.1812406033277511,0.00054739794663
6952,170,8503,0.0146898785606026,0.387191
6831,170,8501,0.0055610942654311,0.874496
6777,187,9365,0.0038334324490278,1.0783157243
6916,123,6183,0.0025316204410046,1.01575
6780,186,9315,0.0025932674761861,1.57485
6981,25,1296,0.0024330206215381,0.510645
6989,31,1560,0.0105648161843419,0.931644
6989,34,1742,0.0080129001289606,0.532788
6786,44,2220,0.0047595547512173,0.685473
6786,45,2273,0.0107698058709502,0.976831
6913,5,293,0.0286867097020149,1.01436
6890,12,624,0.098845474421978,0.537076
6824,33,1673,0.00290929665789,0.464095
6824,37,1899,0.0116446996107697,1.5118797497999998
6865,80,4010,0.0050355256535112,1.13006
6788,65,3276,0.0029388221446424,0.622652
6788,66,3320,0.0097754951566457,1.06518
6930,75,3792,0.8822348117828369,0.56497739883
6830,114,5741,0.0072625242173671,0.7192276545
6830,119,5995,0.0061287269927561,0.82271014336
6766,193,9664,0.0037697181105613,1.08065
6953,43,2195,0.010162940248847,1.06534
6953,50,2530,0.0024083459284156,0.747435
6824,92,4626,0.0038671973161399,0.882365
6824,93,4670,0.0028040171600878,0.559781
6824,95,4755,0.0032132004853338,0.135843593319
6970,20,1029,0.0040932777337729,1.2067212167999999
6826,25,1254,0.0084009049460291,1.0
6908,171,8577,0.0040755728259682,0.995298
6908,173,8661,0.0040853237733244,0.843224
6925,11,560,0.0039601461030542,0.851742
6983,33,1696,0.0482616275548934,0.968095
6915,59,2981,0.9487687349319458,1.10649
6761,12,616,0.0036172538530081,1.01616
6773,89,4485,0.0862497836351394,0.52144
6859,231,11563,0.0083472644910216,0.815487
6978,12,618,0.0061581465415656,0.9108
6978,16,836,0.004026151727885,0.979936
6978,17,879,0.0048005883581936,0.648744
6916,97,4898,0.0079696262255311,0.895987
6958,15,785,0.0459756515920162,0.805463
6958,145,7288,0.0149341532960534,0.798964
6933,0,7,0.0030624703504145,0.372211
6933,0,44,0.012207425199449,1.1973600065999999
6837,145,7297,0.0051463888958096,1.09145
6837,149,7488,0.0150200463831424,0.639250488
6923,96,4804,0.0025827104691416,0.92209
6922,30,1548,0.0073133455589413,1.51267
6850,36,1808,0.0063330796547234,0.55874
6850,38,1942,0.0048275035806,0.5806635456
6801,123,6180,0.00547601794824,0.7477645216700001
6780,120,6003,0.0016552158631384,1.0598280000000002
6780,122,6116,0.0057446579448878,1.0069702027
6874,166,8343,0.0035166291054338,0.997211
6915,99,4994,0.9126133918762208,1.02353
6947,50,2527,0.0122989956289529,0.987742
6947,52,2622,0.0047503667883574,0.959529
6947,54,2702,0.0042796810157597,1.25932
6949,113,5687,0.0042932233773171,0.616605
6824,77,3864,0.0044971415773034,0.508645
6985,43,2194,0.0040117558091878,0.937993
6886,13,666,0.0208301320672035,0.8121798178299999
6886,14,740,0.1465319097042083,0.94678
6874,92,4602,0.002439715899527,0.933488
6779,28,1433,0.0032626420725136,0.8851291593299999
6853,97,4852,0.0074436049908399,0.893908
6942,72,3602,0.0045394445769488,1.158887331
6942,72,3613,0.0032375757582485,0.85525013672
6942,75,3793,0.0078040361404418,1.184532592
6952,204,10204,0.0041219205595552,0.9087
6865,79,3987,0.0017551999771967,1.04714
6785,150,7538,0.0162220075726509,0.85925850388
6787,193,9679,0.0020945770666003,1.44052
6894,13,682,0.0074695888906717,1.03628
6894,15,779,0.0049084769561886,0.445477
6932,114,5714,0.0024941996671259,0.282707
6932,119,5974,0.0031822267919778,0.92179
6973,130,6550,0.0045013083145022,0.544292
6893,199,9987,0.0020383417140692,0.504105
6893,210,10535,0.2649644911289215,0.830815
6813,14,705,0.0022289843764156,0.818098
6969,148,7405,0.0030615299474447,1.1515347135999998
6969,169,8462,0.0120310466736555,1.07822
6840,41,2081,0.0024852619972079,1.237096224
6840,42,2142,0.0391771793365478,0.565126
6928,41,2058,0.011246564798057,1.34703
6928,41,2080,0.0022076787427067,0.845557
6963,116,5823,0.0380359478294849,1.01135
6869,0,26,0.004954298492521,1.10079
6921,201,10089,0.0354628600180149,1.19603
6826,73,3666,0.2921030223369598,1.02936
6923,3,161,0.0016969548305496,0.62421494938
6984,9,451,0.812775731086731,0.350626
6859,150,7517,0.0051480643451213,0.104481629435
6979,39,1965,0.0029784641228616,1.04877
6979,45,2261,0.0041787982918322,0.529204
6914,27,1378,0.0048602577298879,3.7855896942
6914,28,1436,0.0038005199749022,0.95447
6794,70,3516,0.009228516370058,1.03747
6787,146,7346,0.0024053154047578,0.906754
6787,154,7735,0.0086131170392036,0.92179
6969,98,4923,0.0173884350806474,0.980155
6969,99,4951,0.2393511533737182,1.13413
6969,100,5005,0.3044009506702423,1.195
6766,41,2053,0.0035211907234042,0.745851
6912,162,8105,0.0019173786276951,0.477024
6912,222,11114,0.0038062655366957,0.622477
6765,192,9639,0.0034787696786224,8.301923293500001e-05
6765,197,9886,0.0071089914999902,1.4528556438000002
6765,199,9964,0.0041111432947218,1.10296
6784,9,498,0.0030010440386831,1.07009
6798,218,10949,0.0033892726060003,1.11196
6773,236,11832,0.558677613735199,1.1756884537999999
6919,92,4649,0.092558242380619,0.497842
6919,93,4692,0.0043721995316445,0.64801
6894,102,5115,0.0286613795906305,0.964924
6658,65,3255,0.0015455045504495,1.04254
6385,22,1137,0.0297235362231731,1.0400215331999998
6882,191,9593,0.0045921546407043,1.08547
6881,157,7873,0.0078263049945235,0.96042
6881,173,8653,0.0023551199119538,1.0087
6787,12,607,0.0055219959467649,0.712727
6787,12,625,0.0041626747697591,6.7167506242e-05
6866,76,3833,0.0035074045881628,1.16724216675
6957,130,6511,0.0029551251791417,1.36113
6957,137,6867,0.0106219658628106,0.491071
6957,140,7024,0.09291722625494,0.922875
6788,11,559,0.0176841225475072,0.527581
6788,13,693,0.007268514484167,0.984217
6788,14,736,0.0037580674979835,0.800778
6918,26,1318,0.0043989974074065,0.564604
6918,31,1560,0.3557055294513702,1.1298
6803,139,6974,0.0266340859234333,1.06274
6923,61,3087,0.0054209604859352,0.531591
6859,76,3802,0.0055028325878083,1.26035
6782,9,489,0.0130317155271768,7.6817690903999996
6765,53,2676,0.0059438180178403,1.00404
6779,13,675,0.0039016955997794,0.619965
6995,22,1115,0.014866042882204,0.73591
6893,71,3562,0.0034062236081808,1.07254
6893,71,3599,0.0592323988676071,0.8220614250239999
6881,169,8487,0.0017161171417683,0.462474
6917,35,1755,0.0666839927434921,0.45587252089999997
6894,49,2458,0.0370671972632408,0.967601
6894,56,2810,0.6608279347419739,0.915897
6811,58,2927,0.0025441923644393,0.961383
6997,94,4702,0.0955446809530258,1.13174
6997,98,4946,0.0152023285627365,1.0395
6765,86,4307,0.0094983289018273,0.489949878628
6805,111,5562,0.0344333685934543,0.73650183772
6805,124,6231,0.0029587817844003,0.917588
6888,180,9020,0.1096236631274223,6.690200447699999e-06
6888,184,9242,0.048672042787075,0.722025
6888,188,9404,0.0036170773673802,0.605073
6959,111,5552,0.0040637077763676,0.814342
6790,8,415,0.0031989961862564,9.35398792969
6785,212,10637,0.0069390488788485,0.036298905551999994
6785,218,10925,0.0045307646505534,0.913914
6837,88,4448,0.004167360253632,0.685616
6980,220,11040,0.0150556685402989,0.963449
6863,10,522,0.0034693598281592,1.01319
6879,202,10108,0.005930776707828,0.9599269429199999
6880,29,1479,0.7277482748031616,0.982055
6973,0,24,0.0316282734274864,0.91388983092
6973,6,343,0.0140585899353027,1.2704026166000002
6936,59,2961,0.966148555278778,0.667841
6936,59,2980,0.0021607249509543,1.09887
6977,47,2371,0.0566841699182987,1.1378659997599998
6804,6,331,0.014601070433855,1.04824
6896,22,1148,0.0046200468204915,1.1786864019
6776,18,947,0.0019182458054274,0.496309
6787,15,767,0.0039205527864396,0.743652
6787,16,842,0.9872298836708068,0.88462863184
6879,50,2550,0.00550681585446,0.866504
6879,120,6013,0.0031064751092344,0.015039852332000002
6866,162,8130,0.0033537270501255,0.939466
6866,164,8241,0.0031142651569098,0.884867
6978,214,10721,0.1736965179443359,0.617288
6827,142,7131,0.9957446455955504,1.13226
6777,29,1474,0.265158474445343,0.979921
6775,11,572,0.0042059547267854,0.980917
6977,30,1525,0.004977747797966,1.0636734581499998
6919,103,5171,0.0522970259189605,0.984465
6769,91,4557,0.0168296322226524,1.03746
6949,48,2419,0.0126318102702498,1.40112
6932,52,2614,0.0060331337153911,0.976266
6978,239,11988,0.0023085547145456,0.927087
6978,240,12007,0.0037583243101835,0.59626960978
6769,158,7948,0.0033693462610244,1.2231690179999999
6963,60,3042,0.0077997543849051,1.00532
6939,12,631,0.0040077571757137,0.92349
6918,93,4676,0.0036105164326727,0.71194
6893,98,4948,0.0099590653553605,0.591928
6893,140,7025,0.0323371142148971,1.04196910649
6958,94,4718,0.0045575476251542,0.415562
6782,30,1512,0.0468623116612434,1.24267
6930,3,189,0.0064456709660589,0.567201
6840,39,1975,0.0034056920558214,0.845668
6990,0,26,0.3357344567775726,4.75237184466e-08
6980,18,907,0.0020104991272091,0.457336
6980,18,928,0.0047213616780936,0.9436247880500002
6980,20,1017,0.2198610603809356,0.377738
6980,25,1268,0.0012033387320116,1.0516
6766,181,9080,0.0426368825137615,0.5825345395
6779,83,4181,0.0056931413710117,0.867986
6779,84,4211,0.0025638067163527,0.682075
6779,84,4215,0.0054731820710003,0.721465831856
6963,28,1437,0.0016671337652951,1.22658309737
6963,31,1555,0.0040699560195207,1.04728
6963,35,1786,0.0082661304622888,0.489612049698
6963,37,1895,0.0062831048853695,0.822566
6835,115,5789,0.0051662479527294,1.00806
6783,1,52,0.0310062412172555,1.17412
6831,161,8060,0.0011111007770523,0.579061
6831,161,8099,0.0093780625611543,1.2994476181
6914,0,17,0.0064149568788707,0.531176
6914,1,62,0.0020149757619947,0.00614597767476
6914,5,272,0.0227444395422935,1.1011474319999999
6914,8,448,0.0050583039410412,0.586691
6786,74,3705,0.0022713113576173,0.95682717012
6922,214,10714,0.0257122628390789,1.20359
6922,228,11405,0.0031308671459555,1.258888171e-08
6901,47,2396,0.0133971273899078,0.71153
6980,187,9384,0.0043164417147636,0.577419
6960,129,6481,0.0030342526733875,1.04211
6960,134,6723,0.007297025527805,1.09366
6922,42,2137,0.0008807446574792,1.0999699022
6958,176,8829,0.0020329924300312,1.1784398507999998
6922,209,10468,0.2038176208734512,0.625307
6922,210,10522,0.1066126972436904,1.14979
6776,30,1538,0.0045108031481504,0.998824
6801,202,10149,0.0050590215250849,1.16802
6801,204,10243,0.0026160618290305,0.51659260476
6919,177,8869,0.0032408519182354,1.03182
6773,81,4084,0.0044720680452883,0.0051002382132
6782,18,924,0.0041676233522593,1.08611
6932,0,5,0.0040110438130795,0.967703
6932,2,127,0.6154435276985168,0.603557
6932,5,274,0.1683527678251266,1.26088
6998,135,6754,0.0059846462681889,1.03279
6998,139,6962,0.6709529757499695,0.999471
6859,77,3872,0.005202189553529,0.501688
6859,81,4092,0.0058017340488731,1.2109168413
6835,2,111,0.816278874874115,0.5701735825400001
6835,9,476,0.9210405349731444,0.980942
6799,34,1728,0.0064406557939946,0.911182
6799,36,1809,0.0022470303811132,1.00742
6830,71,3579,0.0067675970494747,0.730468
6830,77,3857,0.0043268874287605,0.831978
6922,89,4492,0.0012087852228432,0.990304
6922,90,4543,0.003240100108087,1.01481
6871,217,10890,0.0009677339112386,1.0145
6871,218,10949,0.0038122171536087,0.651376
6800,147,7363,0.0024516317062079,1.1396422328
6800,151,7583,0.0023395358584821,0.577395
6915,46,2307,0.4111616909503937,1.8449426438
6915,47,2356,0.0042866165749728,0.627365
6958,167,8378,0.0180913209915161,0.706148
6916,133,6670,0.0050389962270855,1.22011
6973,74,3749,0.0047163632698357,0.40548
6973,78,3932,0.0050475401803851,0.940285
6932,64,3210,0.1353235691785812,1.02951
6932,70,3507,0.0036044744774699,0.714429
6874,36,1845,0.0022253203205764,1.3067766563999998
6959,64,3216,0.0037825815379619,1.03515
6959,65,3277,0.001896038185805,1.15948
6835,28,1414,0.0054106609895825,0.772686
6930,33,1699,0.8003154397010803,0.956142
6930,37,1870,0.0031462558545172,0.451849
6930,37,1880,0.0061104586347937,0.926557
6880,47,2393,0.0047678016126155,0.711556
6828,88,4404,0.0263083893805742,0.59781888203
6989,15,800,0.0063620964065194,1.0073046389
6989,16,801,0.0031608457211405,0.194246
6989,19,964,0.0115161584690213,1.19986
6891,6,335,0.0076592098921537,1.09553
6952,229,11491,0.0034442422911524,0.961399
6952,231,11575,0.0020724867936223,0.992294
6885,57,2878,0.0245546419173479,1.07439
6789,119,5993,0.0028343659359961,0.854036
6789,121,6096,0.0164480060338974,0.975299
6952,25,1258,0.065813660621643,0.642457
6805,152,7608,0.0095595885068178,0.517479
6905,22,1103,0.0109710739925503,1.10501
6882,163,8176,0.00494941836223,1.04126
6917,66,3333,0.170659601688385,1.09729
6798,199,9990,0.0072106961160898,0.92179
6763,22,1121,0.4328459501266479,0.564585
6780,238,11902,0.0975568369030952,0.993597
6780,238,11909,0.0053614117205142,0.867316
6787,191,9577,0.0644248649477958,1.03233
6765,36,1834,0.0069943997077643,0.701987
6859,194,9725,0.0042741745710372,0.973287
6975,49,2466,0.0029972442425787,0.514032
6975,50,2548,0.0111109893769025,1.2639449032
6975,80,4015,0.0041431714780628,1.23845
6975,82,4132,0.0120646525174379,1.00501
6955,144,7207,0.0062695248052477,1.05654
6955,153,7682,0.0013553702738136,0.968851
6993,8,408,0.0033423127606511,1.0891712381199998
6765,217,10888,0.0037554884329438,0.0113127362092
6776,193,9692,0.0032885014079511,1.0
6776,196,9826,0.0039875516667962,1.03456
6826,111,5561,0.0032094044145196,0.9373479808000001
6789,89,4493,0.0056609497405588,1.03779
6932,231,11563,0.0021669524721801,0.479822
6785,53,2689,0.0025326865725219,1.11317
6905,3,185,0.0041884188540279,1.65479
6905,8,405,0.0094695845618844,1.1453151899
6905,9,465,0.0070320894010365,1.39131543186e-10
6997,79,3996,0.0476120635867118,1.22209
6973,176,8805,0.0918346792459487,1.04174
6973,177,8897,0.0037940088659524,1.02471
6915,146,7305,0.0053895930759608,1.29243
6957,42,2143,0.0153493918478488,0.557899
6790,48,2447,0.0037078657187521,2.75260696
6812,92,4635,0.0032582578714936,0.53348
6907,54,2744,0.0038982152473181,0.517704
6907,55,2793,0.0059474539011716,0.9187447336300001
6989,78,3903,0.0014904289273545,0.89958
6989,81,4089,0.0028619938530027,1.49592
6918,90,4525,0.9043315052986144,0.906448
6918,102,5143,0.0053739473223686,1.268042256
6918,103,5179,0.0018598585156723,1.15262
6918,104,5237,0.0066590160131454,0.630515
6918,112,5639,0.0044762031175196,4.0459142813
6765,19,964,0.0046682679094374,1.15016
6765,33,1693,0.0031450986862182,1.00544
6978,78,3936,0.008608634583652,1.04051
6978,80,4002,0.0208936519920825,0.974299
6837,188,9450,0.0048900307156145,0.999126
6963,44,2211,0.0032499032095074,0.577289
6811,140,7014,0.0056771817617118,1.044
6795,29,1491,0.0238751005381345,0.981403
6998,27,1396,0.0102619845420122,0.335184
6953,188,9421,0.0049412688240408,0.599572
6888,158,7909,0.0017705912468954,1.02359
6888,164,8226,0.0030433740466833,1.04845
6859,97,4878,0.0032926411367952,1.3985907822
6859,98,4929,0.0016166198765859,1.24387
6859,98,4946,0.1960151195526123,0.973594
6912,82,4150,0.0112966448068618,1.53745
6952,132,6648,0.0209709722548723,0.601292
6789,108,5436,0.0030085165053606,0.8652728018
6789,109,5495,0.0031732367351651,1.6867
6969,140,7040,0.0041577341035008,0.6630318857999999
6859,165,8264,0.0021328937727957,1.0
6822,2,135,0.0033678074833005,1.00512
6780,150,7539,0.0046760821714997,0.65715178984
6780,151,7559,0.0292591862380504,1.2240844308
6957,39,1997,0.0036234548315405,0.100134103086
6928,34,1725,0.0046546021476387,1.4029836592000002
6928,36,1827,0.033359121531248,0.549148
6956,44,2210,0.5832138061523438,0.541118
6773,14,737,0.0078122951090335,0.974442
6767,7,399,0.0015723386313766,0.992198
6882,32,1620,0.0040546054951846,1.57307
6882,35,1754,0.0026971164625138,0.928451
6882,38,1937,0.01020064111799,1.01923
6882,38,1941,0.0047865160740911,0.72363597208
6756,150,7550,0.0608350746333599,0.523848
6975,230,11539,0.0617763958871364,0.97799895732
6975,230,11548,0.0058612828142941,1.08719
6975,231,11574,0.003665761090815,1.0679
6046,155,7757,0.0052085677161812,1.1896809048
6916,28,1431,0.0294791907072067,0.998875
6861,200,10050,0.3023713827133178,0.835001
6861,203,10159,0.0030279774218797,1.1749931102
6798,63,3194,0.0022043576464056,0.434356
6901,103,5200,0.3453523218631744,1.0
6957,64,3214,0.003525590756908,0.533127
6874,147,7380,0.2165590971708297,3.5815031343
6829,0,4,0.0026696508284658,0.713808
6956,117,5874,0.0047925007529556,0.69569580997
6859,53,2671,0.1124829873442649,1.2028437588
6855,148,7446,0.4053894877433777,0.989577
6915,90,4507,0.0191494263708591,0.66801741072
6831,91,4576,0.0013736358378082,3.44765418808
6831,97,4854,0.0154854254797101,1.25663
6980,72,3606,0.0063187764026224,1.04349
6866,5,281,0.3331515192985534,1.01576
6866,8,447,0.0035385703667998,0.548867
6883,5,271,0.0048751053400337,1.2156317525
6790,79,3958,0.0048649259842932,0.82335000348
6934,111,5586,0.0048025590367615,0.968176
6933,20,1003,0.0075337635353207,0.93399
6933,21,1096,0.0041546472348272,0.904135748736
6933,25,1270,0.0028115110471844,0.45564593347
6776,64,3218,0.0031641768291592,0.788452
6921,144,7244,0.0022645774297416,1.00727
6953,126,6304,0.0223238933831453,1.16981
6893,7,392,0.0085640661418437,1.10332216322
6800,185,9251,0.0031994981691241,0.476999
6800,190,9513,0.0235937591642141,1.06455
6871,92,4630,0.0014428776921704,0.859565
6801,155,7787,0.0254499688744545,1.03061
6801,159,8000,0.0026932752225548,0.419537
6901,87,4373,0.00755898328498,1.3102640377199999
6901,96,4839,0.0053208139725029,0.540852
6907,60,3038,0.0055458364076912,1.04616
6907,65,3279,0.0108522307127714,0.6675208493
6946,58,2914,0.0154958330094814,1.0366
6933,71,3592,0.003307792590931,1.24478
6933,75,3784,0.9834203720092772,0.582893
6933,29,1492,0.0033692228607833,0.7407658158
6974,41,2070,0.0033597846049815,1.1698242498
6974,74,3716,0.0031580571085214,1.08516
6871,37,1857,0.0035809744149446,1.2588592805999999
6756,77,3871,0.0028292990755289,0.70131958708
6888,92,4610,0.0023562281858175,1.03917
6888,93,4687,0.0035781562328338,1.05253
6785,180,9042,0.0066495896317064,1.03731
6786,152,7633,0.003368540899828,0.923449
6912,106,5320,0.0016772208036854,0.942387
6912,107,5356,0.9057218432426452,0.689113
6912,109,5462,0.0072623169980943,0.31728
6783,49,2488,0.0192984510213136,0.982972
6964,38,1902,0.0039742020890116,1.142895809
6964,39,1973,0.0759175866842269,0.473971
6776,58,2941,0.0145543683320283,1.21789
6801,64,3239,0.0069756433367729,1.177158785
6800,113,5685,0.003610115032643,1.3002031881999999e-05
6797,11,554,0.3407318294048309,0.969988
6797,15,757,0.0143378032371401,1.03362
6761,5,258,0.0043310457840561,1.08316
6761,64,3211,0.0633907988667488,0.480743
6761,65,3292,0.0042784949764609,1.03867
6989,153,7654,0.016852281987667,0.941027
6989,153,7690,0.1789060831069946,1.09705
6871,89,4479,0.0024758831132203,1.2289
6871,197,9855,0.001784530817531,1.04736
6801,136,6817,0.0052032209932804,1.8516533960000001
6880,50,2506,0.0020361139904707,1.13845
6880,53,2665,0.0079569611698389,0.94229437221
6880,54,2717,0.0067476704716682,1.16704144445
6880,57,2874,0.0121927484869956,0.543742
6850,6,349,0.0047684470191597,0.975789
6829,160,8033,0.0034242821857333,1.01324
6829,165,8279,0.0024734511971473,0.977634
6777,41,2077,0.0014314427971839,0.748872
6810,68,3447,0.0297149755060672,1.04625
6810,69,3473,0.0094384374096989,0.368356
6917,148,7416,0.0095058651641011,0.768675
6969,0,15,0.0069755837321281,1.09346
6969,2,117,0.0039491411298513,0.682657
6917,214,10719,0.0046566175296902,1.28139
6917,215,10785,0.0035155701916664,1.5139563032
6917,220,11021,0.0070702163502573,0.405391
6824,20,1017,0.0065980828367173,0.93338
6824,22,1146,0.0030440585687756,1.03876
6980,192,9629,0.004556446801871,1.04839
6980,200,10028,0.0121864741668105,1.00371
6942,85,4300,0.004268329590559,0.40720394897999995
6942,86,4312,0.0084432633593678,1.00566
6942,87,4383,0.0503014624118804,2.0542827582
6959,57,2855,0.839968740940094,1.03099
6959,58,2941,0.1855892091989517,1.07293
6776,74,3726,0.0061618010513484,1.2128019659000002
6776,77,3895,0.0046828030608594,0.987814
6893,237,11890,0.0035636061802506,1.00503
6824,11,567,0.0234657693654298,3.3746300867700003
6824,18,916,0.0032162610441446,1.05386
6963,86,4336,0.0023948436137288,0.9029
6956,145,7298,0.0027388194575905,7.17685397828e-15
6831,61,3079,0.0043152985163033,1.0644814532099998
6936,169,8498,0.0039941915310919,0.638021
6798,66,3312,0.006106921005994,1.22049600452
6798,70,3539,0.0042471112683415,1.05764
6798,71,3565,0.0057453364133834,0.591396
6444,184,9236,0.0037022491451352,0.616496
6853,121,6074,0.0033209139946848,1.01202
6853,122,6112,0.0039797550998628,1.05285
6853,128,6414,0.0532255917787551,0.581721
6853,128,6431,0.5061266422271729,1.6749633253999998
6779,20,1032,0.0032919514924287,1.02245
6998,147,7358,0.0104663893580436,1.1197353629
6998,147,7379,0.0066702514886856,1.2435
6978,55,2785,0.0040292753838002,1.2103240084
6978,58,2931,0.2175324857234954,1.15807
6978,59,2995,0.0046937321312725,0.821537
6810,44,2249,0.00360470241867,1.10166
6932,41,2051,0.0044625611044466,1.077004526
6932,41,2069,0.0018059519352391,1.02212148252
6932,42,2119,0.7736901640892029,0.9887536708500001
6932,44,2218,0.0053334524855017,1.1780631252
6932,45,2297,0.0091540953144431,0.964839
6957,165,8299,0.002515320200473,0.672561
6957,166,8335,0.0036543474998325,5.98266500034e-05
6957,166,8346,0.0040167015977203,1.02144
6949,84,4204,0.0025791225489228,0.748391
6949,87,4352,0.0029554583597928,1.05934126928
6991,38,1933,0.0041816662997007,1.1842175785
6837,235,11785,0.0040767532773315,0.6766618968
6837,237,11896,0.00968474522233,1.318617009
6837,110,5541,0.0141835696995258,1.02104
6837,116,5836,0.0068812700919806,1.16845
6830,183,9165,0.0071176295168697,0.8096865248500001
6773,44,2214,0.0664350837469101,0.984957
6874,133,6669,0.0261659976094961,0.350472
6989,192,9623,0.9983934760093688,0.581114
6955,92,4625,0.152102530002594,1.02982
6888,66,3319,0.0050543984398245,1.04277
6888,67,3394,0.0144344884902238,1.6901777748
6888,69,3458,0.00437370268628,0.6162
6934,31,1571,0.0042138029821217,0.451366
6934,151,7579,0.0029732647817581,0.684368
6960,18,923,0.0031869050581008,1.1393150492
6991,161,8058,0.0018132551340386,1.02962
6991,166,8332,0.005574308335781,0.893942
6861,228,11423,0.0026851543225347,0.887927
6922,77,3900,0.0041045034304261,0.561031
6787,21,1079,0.0176355391740798,0.382527
6887,22,1145,0.0054596993140876,0.864595
6887,26,1344,0.9954673051834106,1.0714
6830,41,2060,0.003054714994505,1.1584305951999999e-08
6830,44,2241,0.0022877336014062,1.2428100564000002
6827,83,4181,0.0029573275242,1.07919
6801,71,3560,0.0046682301908731,0.96146
6978,110,5506,0.0827173069119453,1.38766642
6978,111,5568,0.004610517527908,1.06217
6978,124,6231,0.0019289477495476,4.25115997754
6894,91,4572,0.0044513456523418,0.992429
6894,95,4796,0.0038696906995028,0.98047
6980,113,5652,0.0047911205329,1.01551
6969,157,7854,0.004528734833002,1.02379
6907,154,7705,0.0087753580883145,1.0
6634,89,4496,0.0054659070447087,0.75327253466
6997,80,4042,0.0048458171077072,0.683889
6779,52,2621,0.0069976425729691,1.08672
6783,129,6463,0.0035178761463612,0.954156
6783,121,6098,0.002278406638652,0.877913
6783,123,6183,0.0032810799311846,0.91578
6959,196,9813,0.003609228413552,0.814531
6916,16,850,0.1448820978403091,0.517488
6969,134,6750,0.0051303785294294,0.999073
6919,1,61,0.0039630248211324,0.822776
6919,7,356,0.994999885559082,1.16634130692
6919,7,381,0.0080968812108039,0.80412304088
6871,114,5716,0.1285672783851623,0.91683
6780,28,1435,0.9315301775932312,1.10161
6780,56,2828,0.003773541888222,0.91932
6780,57,2900,0.0037869932129979,0.526456
6921,174,8723,0.5272892713546753,0.539551
6921,175,8782,0.2584180235862732,1.06727
6863,76,3805,0.0256178341805934,0.963492
6978,70,3501,0.0205540563911199,0.6701030851900001
6806,34,1743,0.0050851968117058,4.731895562899999
6915,136,6829,0.0026852886658161,0.5521324003999999
6959,97,4885,0.120398923754692,1.6352417354
6955,62,3121,0.0053087975829839,0.971004
6955,212,10616,0.009020023047924,0.939767
6955,213,10690,0.0029144801665097,1.00733
6951,40,2022,0.1672437191009521,1.1214125242
6888,171,8564,0.0033539598807692,3.300921316
6888,209,10462,0.0848314985632896,0.931601
6888,209,10474,0.0337183587253093,7.0647204799
6956,190,9532,0.001626179786399,0.904376
6956,195,9799,0.0040539605543017,1.2795219753599998
6956,196,9820,0.0017209296347573,1.00479
6813,65,3293,0.0015819774707779,0.96086681592
6922,180,9034,0.0132666574791073,1.02888
6954,0,49,0.0062725027091801,0.838651
6954,16,810,0.0230133067816495,0.929123
6783,214,10742,0.1639646887779235,1.1233
6812,40,2024,0.0270721074193716,0.880789
6812,47,2371,0.0037480618339031,1.10405
6984,19,956,0.0024445448070764,1.05635
6881,160,8014,0.0075289299711585,1.2000383240999999
6881,161,8057,0.0039833500050008,0.259164
6798,32,1633,0.0377604812383651,0.66521474894
6798,161,8057,0.004761875141412,0.594197
6824,112,5624,0.0086346250027418,1.55842
6908,137,6874,0.0025212273467332,1.05927
6874,94,4712,0.0009263693355023,0.980491
6797,44,2215,0.0074790972284972,0.820555
6797,45,2251,0.567306637763977,1.07412396075
6797,47,2389,0.0067753517068922,1.0110047745000001
6998,194,9734,0.0064671807922422,0.51443614584
6824,43,2173,0.0053285802714526,1.21737
6824,46,2306,0.0087061934173107,0.99646
6824,46,2329,0.0034364867024123,0.906448
6822,31,1587,0.0349220149219036,1.11266
6822,35,1795,0.0220533423125743,0.998616
6822,39,1954,0.0033570725936442,1.05939
6822,39,1996,0.0766725689172744,1.04784
6792,0,12,0.003804481588304,1.0
6780,143,7188,0.0033693192526698,0.9322
6887,30,1519,0.0042632664553821,1.0
6902,23,1183,0.0031661852262914,0.997611
6902,23,1200,0.0087409382686018,1.2217394148
6902,27,1376,0.0014816793845966,0.0052553958508
6902,27,1386,0.0071283029392361,0.812037
6854,75,3770,0.0054238815791904,0.579988
6854,79,3969,0.0012307339347898,0.569717
6893,159,7986,0.0058485851623117,0.977245
6956,174,8736,0.0016450828406959,0.2575
6985,65,3273,0.0054132994264364,0.922445
6859,108,5442,0.0041442653164267,1.22491
6938,3,197,0.0047383811324834,0.988387
6871,138,6946,0.0039888098835945,0.978371
6810,52,2622,0.0058679804205894,0.98059
6782,24,1229,0.0018863488221541,1.03829
6782,26,1343,0.0030643299687653,1.02294
6905,103,5157,0.0027321437373757,1.084
6905,105,5293,0.0045946789905428,0.75892648286
6074,140,7001,0.0025243628770112,0.532278
6945,125,6271,0.6897425055503845,2.9606744132
6955,113,5697,0.0041465037502348,1.05132
6955,123,6198,0.0055479649454355,0.844162
6955,124,6228,0.0033103092573583,1.07375
6955,124,6230,0.0092886136844754,5.569613590599999e-08
6955,124,6237,0.0044512380845844,0.802572
6958,45,2282,0.0028387778438627,1.04124
6859,155,7795,0.0035697135608643,0.952736
6859,156,7814,0.0023011851590126,0.971006
6859,161,8089,0.0045095961540937,1.1953179850000002
6780,227,11364,0.0095267947763204,1.871387436
6814,38,1908,0.005654948297888,0.589149
6879,31,1558,0.0033364566043019,1.0719109339
6826,9,469,0.0027992667164653,0.74508101024
6867,36,1829,0.0028517625760287,1.08962
6766,83,4192,0.0035428940318524,1.00096073462
6763,162,8102,0.0145488288253545,1.09035
6853,160,8045,0.0052334023639559,1.03482
6799,38,1904,0.0039173071272671,1.03568
6799,42,2131,0.0010734560200944,1.08816
6799,76,3834,0.0033051872160285,1.0041
6813,43,2164,0.000871661293786,1.07397
6801,109,5458,0.0038231904618442,0.866623
6765,94,4749,0.0101799918338656,0.001841395696
6803,66,3301,0.0030866560991853,0.786105
6901,30,1501,0.0012459880672395,0.440272
6901,33,1674,0.1139051020145416,2.5855856677999998e-05
6916,210,10520,0.0127070248126983,0.996256
6916,217,10858,0.0235855374485254,1.10588
6916,218,10934,0.0028172133024781,0.622772
6916,223,11194,0.0031191040761768,1.07646
6850,62,3133,0.0137153565883636,1.0
6955,6,332,0.1566453576087951,0.848879
6955,10,516,0.0035637670662254,1.19645
6766,54,2723,0.0060673374682664,0.606568
6921,178,8911,0.0139975892379879,1.29006
6827,32,1603,0.0026148890610784,0.84649270578
6827,33,1682,0.006154884584248,0.64732716594
6827,35,1788,0.002983835991472,1.2390515400000002
6827,37,1886,0.0053753796964883,1.04484
6799,58,2916,0.0275938287377357,0.916059
6969,188,9432,0.0065717003308236,1.199117343
6969,188,9450,0.0013689916813746,1.1111
6969,195,9794,0.0073529165238142,1.41164
6932,81,4085,0.0077996724285185,0.50435
6932,141,7096,0.0324283428490161,0.54593
6953,114,5745,0.0031410825904458,0.483046
6881,66,3334,0.005753447767347,0.518336
6942,54,2712,0.0082478411495685,0.859007
6798,82,4113,0.0040156543254852,0.9919802360900002
6798,129,6478,0.0076107191853225,4.8331299873000004e-12
6777,183,9152,0.0064527411013841,0.962962
6964,88,4441,0.0016570053994655,0.991785
6964,90,4526,0.1953172385692596,0.787269
6893,52,2632,0.0013909379485994,1.01538
6955,218,10924,0.0067654303275048,1.3103447786
6919,67,3399,0.0644667074084281,0.496962
6905,126,6349,0.0077672037295997,1.1404608462
6905,127,6362,0.0051357676275074,0.01524637088
6827,228,11433,0.2008338272571563,1.04825
6831,158,7913,0.0051125455647706,0.863644
6831,158,7938,0.0021447690669447,0.851022
6831,158,7942,0.0022820171434432,0.651622
6952,79,3971,0.177569642663002,1.09009
6952,83,4160,0.0007591331959702,0.673145
6952,144,7237,0.0012836930109187,0.953794
6805,144,7230,0.0051410226151347,0.894997
6882,105,5293,0.0036077625118196,1.04418
6882,108,5432,0.0044829421676695,0.5806527519000001
6882,166,8321,0.0168509967625141,0.993392
6882,167,8359,0.0160541590303182,0.0528005420982
6752,203,10171,0.0031965905800461,0.416041
6752,205,10269,0.0081662377342581,0.612193
6936,214,10731,0.0028127825353294,1.21043
6936,219,10957,0.0058009340427815,0.535912
6822,111,5589,0.0084580667316913,0.969458
6912,44,2201,0.0071736271493136,1.28127
6912,47,2362,0.5771292448043823,0.685164
6972,53,2683,0.0027948734350502,0.684677
6972,54,2724,0.0042389440350234,1.1450013321799999
6917,200,10030,0.0031793371308594,0.541271
6783,30,1542,0.0041889776475727,1.01815
6783,31,1570,0.3406870663166046,0.449988
6783,36,1801,0.0027411715127527,1.06237
6919,100,5033,0.0144500117748975,1.143
6763,47,2394,0.0012591315899044,1.2479200494
6763,50,2509,0.005670316517353,1.0257447700700002
6998,197,9897,0.1022862792015075,1.02017
6998,201,10080,0.0051159281283617,1.10805
6894,78,3932,0.3068496882915497,1.44666
6894,78,3946,0.003513058880344,0.625823
6882,218,10922,0.0101506002247333,0.947584
6875,26,1317,0.004143641795963,1.02119
6794,75,3786,0.0055372887291014,0.591266
6794,78,3905,0.0080642569810152,1.05205
6785,225,11259,0.0048778471536934,1.40478
6785,227,11385,0.0030452613718807,0.811496
6814,23,1166,0.0077584977261722,1.03901
6814,26,1335,0.0034201173111796,1.2653704854
6814,29,1475,0.0035179830156266,0.486969
6827,102,5127,0.00527149066329,1.01462
6827,102,5136,0.0260006207972764,0.635283
6888,131,6586,0.0046648699790239,1.00728
6959,233,11670,0.0053233178332448,0.796677
6960,165,8283,0.0357495173811912,1.13666292027
6960,168,8446,0.004178054165095,1.07802
6972,121,6100,0.0051680570468306,0.967225
6972,125,6272,0.020253887400031,0.848119
6814,43,2151,0.0820953026413917,0.956689
6814,49,2454,0.0016216734657064,1.21682
6952,92,4613,0.0106059173122048,1.11773203005
6952,97,4854,0.0023501540999859,0.6450135922
6990,7,389,0.0037630517035722,1.04621
6863,41,2098,0.0033877603709697,0.891054
6863,43,2163,0.1656563729047775,1.0796391633600002
6768,61,3061,0.0010896801250055,0.632607
6989,118,5937,0.5832066535949707,0.958934
6826,59,2960,0.0046200403012335,0.010034653779
6908,152,7615,0.0060791298747062,0.8593178957999998
6871,70,3509,0.9609904885292052,1.02233
6871,72,3636,0.0275071281939744,0.595019
6766,61,3073,0.0020352131687104,1.01019
6766,65,3290,0.0082183638587594,0.758831
6980,206,10309,0.0067848786711692,1.3786822959
6777,159,7970,0.0045187156647443,0.508945
6776,119,5981,0.0045509762130677,0.993917
6776,121,6100,0.006325929891318,0.773134
6829,116,5808,0.0052659353241324,1.2150280800000002
6977,64,3204,0.031794749200344,0.890272
6977,65,3279,0.0043693548068404,2.06221
6829,202,10103,0.0037228688597679,1.39489
6980,226,11340,0.0037988563999533,0.993632
6921,24,1208,0.0077092996798455,0.273952
6811,87,4383,0.0219062846153974,0.824562
6955,185,9292,0.7205016613006592,1.6210631536
6955,188,9405,0.0027843229472637,1.10577
6955,193,9674,0.0118939438834786,1.03628
6969,126,6307,0.0058853160589933,0.860862
6803,53,2651,0.0027193774003535,0.555125
6803,54,2748,0.0041824765503406,1.18570503911
6932,24,1235,0.004291171208024,0.513207
6939,77,3889,0.111671008169651,0.913032
6939,78,3945,0.0025300402194261,0.901561
6832,31,1561,0.0048974752426147,1.01623
6832,32,1634,0.0047134766355156,1.14259
6832,39,1962,0.0065746116451919,1.04833
6954,31,1576,0.0041057234629988,0.952567
6973,22,1111,0.0573275685310363,0.00202141292925
6973,22,1144,0.1996077299118042,1.235750445
6976,21,1061,0.0167446415871381,0.92179
6998,55,2762,0.0036526983603835,1.09777
6998,66,3335,0.0054397503845393,1.0985
6798,18,944,0.0092565491795539,0.962802
6964,55,2770,0.0473355986177921,1.0839641032
6973,168,8401,0.0042590959928929,1.2943777715
6973,168,8420,0.1134620904922485,0.609943
6973,170,8518,0.0032889014109969,1.00777
6792,58,2921,0.071551114320755,0.958829
6930,50,2529,0.0015537225408479,1.01433
6930,52,2634,0.0030065618921071,0.62554
6930,53,2685,0.0352642014622688,1.19235
6930,54,2735,0.0017868552822619,1.6494593339999999
6930,57,2858,0.00416039256379,1.01014
6930,57,2876,0.0059293652884662,1.04693
6952,46,2317,0.0141455754637718,4.4105487675999995e-09
6952,68,3434,0.0829858034849166,0.968308
6952,72,3649,0.0031186561100184,1.02956
6769,179,8979,0.0024362970143556,1.02869
6912,120,6023,0.0036645298823714,1.1205185415199999
6912,125,6274,0.0033954246900975,0.680228
6912,126,6324,0.0080739660188555,0.980454
6912,127,6372,0.0041175698861479,1.04287
6859,122,6127,0.0073817479424178,0.700946
6932,164,8225,0.0052440427243709,1.06567
6932,167,8365,0.0017729299142956,1.23706
6805,218,10914,0.2547711730003357,1.15311
6866,86,4342,0.0064284680411219,1.1947015029999999
6866,89,4455,0.0055662808008491,0.72483832172
6966,8,429,0.0123863387852907,0.850694
6921,48,2426,0.0024644755758345,0.0227357774369
6921,158,7930,0.0023240335285663,0.581761
6801,43,2182,0.0137912258505821,0.710106
6801,108,5408,0.0043856292031705,0.820384
6916,3,181,0.0062219058163464,0.910959
6916,11,580,0.0062031117267906,0.769905
6940,41,2055,0.0046817138791084,0.918478
6853,107,5353,0.037948939949274,1.17267
6853,107,5389,0.0182352941483259,1.124496135
6951,17,862,0.0247562024742364,0.64044
6811,96,4801,0.037570521235466,1.01818
6813,70,3527,0.0034771712962538,0.690822
6813,74,3720,0.0078795021399855,0.80478491494
6813,79,3983,0.0041475156322121,1.2664289352
6829,171,8559,0.0062678828835487,1.1188
6829,179,8959,0.0055800494737923,0.256464
6915,194,9703,0.0880574434995651,0.941922
6915,199,9980,0.005372917279601,0.999901
6840,53,2687,0.0064593846909701,1.223405024
6861,3,165,0.0032745867501944,0.528369
6932,13,665,0.001654302002862,0.483713
6915,22,1130,0.0030489319469779,0.474928
6915,22,1146,0.0046042017638683,0.428192
6915,25,1297,0.0030403838027268,0.89966912234
6861,16,819,0.0146769927814602,1.46059342
6861,160,8029,0.0053574107587337,0.581294
6853,44,2205,0.0045542111620306,0.502649
6866,107,5374,0.0013591327005997,0.696723
6923,26,1334,0.0244740564376115,1.0127908269
6885,42,2114,0.1219701170921325,0.768473
6885,49,2483,0.0032456549815833,0.557068
6934,163,8185,0.0048940274864435,0.982287
6826,108,5431,0.0056268465705215,0.946523
6981,129,6477,0.0043336376547813,1.1851
6812,74,3734,0.0025033894926309,1.09717
6812,77,3882,0.0125227766111493,1.39312
6813,218,10927,0.0037797705736011,1.08644
6963,113,5674,0.0049395551905035,0.918454
6963,114,5705,0.0033605413045734,0.6360384748499999
6963,130,6524,0.0167189966887235,1.02509
6805,208,10433,0.0014051259495317,0.827225
6997,62,3133,0.0028543754015117,1.09726
6997,63,3183,0.0014330461854115,0.516612
6811,220,11040,0.0064276489429175,0.72206134105
6776,88,4413,0.0052320794202387,0.967257
6800,81,4051,0.0071992557495832,1.06489
6800,85,4298,0.0117129357531666,1.01252
6800,92,4614,0.0028035878203809,0.601621
6831,43,2183,0.0772650316357612,0.840309
6831,49,2499,0.0065192403271794,1.05234
6780,23,1158,0.0029426000546664,0.998003
6780,24,1201,0.0354918241500854,0.961449
6780,25,1286,0.007345117162913,1.0397733112799998
6780,27,1387,0.0078605664893984,0.532808
6763,0,26,0.0014140137936919,0.482635
6763,1,68,0.0058814091607928,0.744308
6763,2,147,0.003849332453683,1.10996
6763,6,332,0.3876039385795593,1.10462
6786,149,7496,0.0042733177542686,0.924423
6882,0,41,0.002216954017058,1.04476
6823,16,812,0.0042793666943907,2.9061544254
6939,54,2730,0.0087219774723052,1.57071
6983,27,1382,0.0085011683404445,1.01486
6983,29,1498,0.0104042049497365,0.524406
6908,199,9968,0.0043253577314317,0.595687
6854,80,4050,0.0044254320673644,1.2385244104000002
6982,5,261,0.0058301324024796,0.946855
6982,5,290,0.0025399297010153,1.0322587993499999
6776,29,1456,0.0036153364926576,1.1636607929
6776,29,1464,0.0017260760068893,0.423501
6805,62,3133,0.0201663207262754,0.868627
6805,63,3194,0.0034767827019095,1.02198
6805,65,3256,0.0035922182723879,1.00262
6805,69,3499,0.0035232594236731,7.881055418949999
6785,200,10050,0.0050082257948815,1.04521
6785,203,10181,0.0872974470257759,1.17595
6873,10,503,0.0028496573213487,0.554866
6873,15,780,0.7283928990364075,0.29943
6939,70,3533,0.0038234703242778,0.98430719856
6829,77,3880,0.0018067677738144,1.2618000612
6888,6,327,0.0049228095449507,0.540289
6998,207,10361,0.0026045662816613,0.885948
6998,211,10557,0.0022905555088073,1.01893
6806,61,3083,0.0050104176625609,0.6989187009599999
6981,73,3658,0.003139498643577,0.877913
6989,123,6159,0.0049408422783017,1.06502
6989,128,6402,0.0058305859565734,1.02549
6998,107,5389,0.0033731593284755,1.05967
6922,55,2773,0.0116006638854742,0.606909
6787,9,480,0.0200416576117277,1.27135
6827,111,5556,0.914496898651123,1.18505
6827,116,5816,0.0038011050783097,1.048
6990,1,82,0.9903361797332764,0.6952497840599999
6944,12,625,0.004329222254455,0.953555
6811,152,7626,0.0029991967603564,1.0
6828,35,1789,0.0259204320609569,1.3027321101
6828,232,11613,0.0061561595648527,1.00314738895
6881,150,7520,0.413927286863327,0.78311
6828,111,5578,0.0045084422454237,0.0034196156079000003
6828,115,5766,0.0050243404693901,1.03791
6828,115,5796,0.0108099812641739,1.06191
6778,32,1630,0.0311846323311328,1.15864
6785,169,8486,0.9539818167686462,0.967514
6785,175,8760,0.0072552901692688,0.9035967421800001
6907,211,10553,0.0028702560812234,0.84553773915
6959,175,8773,0.046266846358776,1.09401
6959,177,8893,0.004313317593187,1.2168861648
6981,122,6125,0.5385082960128784,0.983235
6801,228,11408,0.0017121278215199,1.07135
6801,228,11420,0.006495616864413,1.0
6918,10,531,0.1685133427381515,0.944019
6918,15,768,0.0015348244924098,1.06003
6811,194,9720,0.0084989219903945,0.463327
6811,194,9745,0.0054239770397543,0.96818879379
6811,195,9768,0.0047777043655514,0.751257
6811,196,9826,0.0064192013815045,1.04945
6811,197,9861,0.0053612845949828,0.999801
6811,198,9936,0.0236919149756431,4.102097216
6765,48,2415,0.2790636420249939,0.00073525473202
6854,114,5737,0.0317241363227367,0.539113
6887,6,304,0.0095747932791709,0.251128
6887,9,491,0.0065329642966389,1.42745
6916,69,3454,0.003128437558189,1.04213
6916,69,3478,0.0047575049102306,0.860712
6981,88,4414,0.0400028862059116,1.0
6921,119,5997,0.0034034580457955,1.05426637562
6773,181,9078,0.0026850686408579,1.7573080599
6773,181,9095,0.0012150747934356,1.07842
6974,100,5026,0.0054854783229529,0.620198
6974,102,5146,0.0271184314042329,0.506004
6803,134,6741,0.003430415643379,7.881055418949999
6765,121,6087,0.0049595758318901,0.881055
6836,61,3059,0.6314719319343567,1.1965771045
6836,68,3413,0.0161080807447433,1.3366924080000002
6785,210,10523,0.004991537425667,0.666012
6956,94,4701,0.00204793876037,0.663576
6850,7,396,0.0018864967860281,0.923904
6850,12,607,0.031985018402338,1.03555
6850,12,620,0.0024243504740297,0.978768
6850,12,624,0.002190894447267,2.82801
6831,190,9520,0.0034067493397742,0.92179
6831,194,9734,0.0044753425754606,1.49653042
6783,197,9860,0.997687816619873,1.04294
6902,21,1066,0.0055838688276708,0.918008
6787,200,10015,0.0092703821137547,0.937581
6787,200,10049,0.0237889811396598,1.02849
6787,206,10304,0.0082928379997611,0.961949
6787,209,10479,0.0161281190812587,0.702951
6773,27,1353,0.0018164615612477,0.998363
6773,30,1534,0.0041408287361264,1.0
6786,8,409,0.0049271844327449,0.999235
6831,21,1085,0.0015532403485849,1.01108
6831,22,1149,0.0050881127826869,0.43792757476
6831,23,1164,0.0142183406278491,1.08811
6831,27,1383,0.0017921560211107,0.868377
6773,76,3834,0.7061805129051208,0.851794
6787,158,7950,0.3930795788764953,0.478584
6882,23,1175,0.0033321972005069,0.991851
6882,24,1209,0.978917121887207,0.505644
6882,27,1382,0.003039926989004,1.2495076132
6837,210,10534,0.0355047471821308,1.0775978244800002
6974,59,2957,0.0076439240947365,1.1375
6974,64,3248,0.0028396567795425,0.635486
6866,129,6496,0.2907995283603668,0.014969084543
6866,131,6582,0.0026918910443782,0.592328
6866,134,6718,0.0066618523560464,0.67631
6866,149,7494,0.0045227645896375,1.043465115
6912,69,3466,0.0037030077073723,1.02927
6912,69,3495,0.004028299357742,0.997691
6861,6,341,0.0061538987793028,0.500125
6861,12,637,0.0011881155660375,1.08852
6789,36,1827,0.1168261840939521,0.835963
6804,34,1705,0.0025845032650977,1.22148
6804,37,1885,0.0037501924671232,1.1656315028000002
6908,189,9472,0.0048861964605748,1.07425
6813,130,6527,0.0080790622159838,0.658184
6780,214,10717,0.0067002475261688,1.1063332142800002
6780,216,10849,0.0017758402973413,0.644637
6861,89,4472,0.0030073553789407,0.843968
6761,41,2090,0.043105598539114,0.517492
6763,91,4583,0.0032494738698005,0.560115
6763,91,4584,0.0054251346737146,0.560768
6763,96,4828,0.0038212186191231,0.940788
6811,20,1003,0.039512813091278,1.0
6811,24,1230,0.0716272369027137,0.92426492364
6915,179,8954,0.0019242037087678,1.04715
6932,146,7330,0.0631940066814422,0.996414
6932,147,7394,0.0047734235413372,1.0166
6785,176,8840,0.0079254992306232,0.652315
6800,194,9748,0.0020664690528064,1.18717260472
6783,113,5665,0.0068077961914241,1.2375705888
6783,115,5776,0.0077659208327531,0.838677
6915,203,10191,0.0010997048811987,1.02696
6915,209,10497,0.0054316860623657,1.05766
6813,8,407,0.0018753657350316,0.92179
6777,47,2388,0.0074201049283146,1.00764
6956,132,6621,0.0102638211101293,0.765509
6980,173,8698,0.0047334930859506,1.04381
6813,202,10145,0.0036159500014036,0.599071
6813,204,10216,0.00576190976426,1.11874
6813,205,10276,0.010692911222577,0.479934
6813,205,10284,0.0109755396842956,1.10964
6794,32,1649,0.002114147413522,1.0
6794,37,1879,0.0038920138031244,0.94479
6837,95,4792,0.0032161527778953,1.14683117424
6855,88,4430,0.0021384921856224,1.03664
6855,91,4552,0.0043978695757687,1.01027525391
6855,91,4559,0.0033810744062066,1.18751
6919,188,9411,0.0068211280740797,1.0717294636
6799,14,703,0.014495063573122,0.866652
6894,82,4111,0.0032613223884254,1.0095
6827,211,10593,0.0053103892132639,0.996356
6827,217,10875,0.0030920547433197,0.998241
6827,219,10983,0.0059406445361673,0.61576802978
6828,13,699,0.0075023071840405,1.082209252
6828,14,749,0.0021930430084466,0.52123
6828,15,776,0.0039599733427166,1.11526
6828,15,778,0.0235693398863077,0.898191
6998,187,9365,0.1380696892738342,1.4667277644999999
6969,234,11708,0.0049697472713887,1.12588
6969,234,11748,0.0039769057184457,0.1578868551
6969,240,12042,0.0045395609922707,0.588444
6969,240,12049,0.0013024595100432,1.10632
6758,30,1527,0.0041931108571588,0.707773
6874,139,6967,0.0034804246388375,1.14174
6908,106,5349,0.0038742423057556,0.449915
6890,58,2947,0.0023339465260505,0.976396
6926,3,172,0.0054902252741158,1.60015
6926,3,183,0.004171248525381,0.872857
6926,6,322,0.0045598503202199,1.41648
6926,9,497,0.0064214365556836,1.04441
6813,160,8010,0.0020268179941922,1.03515
6813,162,8129,0.0023876952473074,1.18162
6813,164,8233,0.0166009757667779,0.6918969504
6813,166,8350,0.0077287922613322,0.910131
6882,213,10665,0.0043121674098074,1.18654
6953,79,3965,0.0051243226043879,1.2908297292
6835,64,3220,0.0040831975638866,0.51574680735
6888,76,3817,0.0026130762416869,0.25212
6788,0,32,0.0105103543028235,1.04483
6788,6,341,0.0302875861525535,1.12667
6981,58,2949,0.1146597936749458,1.07566
6915,216,10828,0.00460019800812,0.868431
6915,232,11619,0.0049093337729573,1.02916
6979,28,1412,0.0102988574653863,0.841444
6776,9,495,0.0028108372353017,1.0305765756499998
6928,8,430,0.0177414342761039,1.25047
6928,8,441,0.0127782067283988,0.9947081011200001
6836,51,2558,0.0035189997870475,0.877913
6836,51,2593,0.0024588552769273,1.111
6836,54,2724,0.0043029291555285,1.2105666117000002
6836,58,2947,0.0347235240042209,1.1120013264
6866,22,1114,0.0073981522582471,0.480153
6866,32,1608,0.9118483066558838,0.000612348079075
6829,52,2625,0.0030159454327076,1.10497
6829,52,2649,0.0042520766146481,0.69481444326
6829,57,2865,0.0019933839794248,1.1812364025999997
6936,182,9139,0.0159487221390008,1.04419
6936,183,9186,0.0060204109176993,1.02243
6786,69,3469,0.0103630945086479,0.4329
6861,191,9563,0.0175260286778211,0.942965
6997,29,1496,0.0035718937870115,0.874378
6856,3,182,0.0145059945061802,0.899379
6856,3,190,0.0044441036880016,0.87975
6856,6,344,0.0460818260908126,0.902305
6856,8,427,0.0040914276614785,0.525892
6769,226,11308,0.99365234375,0.53671
6769,228,11402,0.3769618272781372,1.1913
6881,58,2932,0.0155210439115762,1.13219
6881,62,3113,0.0051034074276685,0.960953
6761,54,2745,0.0144769689068198,1.24355
6761,55,2769,0.006475209724158,0.923354
6956,222,11148,0.0069259470328688,1.237698414
6902,33,1685,0.0034625509288161,1.1951205162
6939,37,1873,0.080167718231678,1.04906
6775,6,344,0.0037578481715172,0.606868
6642,122,6135,0.0017724084900692,0.629918
6642,122,6141,0.994993269443512,0.868772
6773,204,10207,0.0045766397379338,0.901282
6886,2,138,0.0024941333103924,0.928332
6893,128,6444,0.0036328595597296,0.9301305131299998
6893,134,6709,0.0744401514530181,1.2744052993
6893,135,6771,0.0028206163551658,1.02524
6776,135,6792,0.0024795271456241,0.965168
6787,41,2090,0.6247679591178894,1.9764020966
6855,9,484,0.0038986001163721,0.637604
6953,12,646,0.0047702481970191,1.0
6969,116,5802,0.0063590104691684,0.65074491496
6945,160,8034,0.0040499484166502,1.02279
6945,170,8547,0.0023666520137339,1.3459783005000001
6893,76,3827,0.0047647664323449,0.895043
6893,77,3866,0.0055075082927942,0.870606
6969,149,7460,0.002861165208742,0.96081522986
6903,2,104,0.0022484646178781,1.0579
6903,8,427,0.0029702160973101,1.2139618975
6903,9,459,0.0033672221470624,1.25278
6882,154,7735,0.0041494518518447,1.01183
6882,154,7741,0.0053222249262034,1.12706
6882,155,7784,0.0446982160210609,0.344717
6882,155,7789,0.0047652479261159,1.05464
6882,157,7864,0.0013206468429416,0.575485
6826,123,6161,0.0044972286559641,1.08212
6769,22,1115,0.0016572743188589,0.472932
6765,187,9387,0.0019500866765156,1.0
6765,188,9411,0.0045562195591628,0.570668
6765,202,10135,0.0167035702615976,1.07018
6789,67,3385,0.0014304085634648,1.18988
6979,82,4150,0.0038839560002088,0.975907
6979,84,4226,0.010552137158811,0.593459
6787,226,11306,0.0045582768507301,1.2038957880000003
6768,45,2266,0.0057263737544417,0.522388
6956,60,3006,0.0163989644497632,0.63843
6874,153,7665,0.0054112714715301,1.04805
6991,224,11245,0.0034559550695121,0.986827
6866,153,7694,0.0015684143872931,0.20262971068
6866,153,7699,0.0038789545651525,1.00615
6866,157,7890,0.0055774864740669,1.1686978357
6866,159,7962,0.0025183344259858,1.03971
6967,49,2474,0.0089167719706892,0.533126
6972,65,3288,0.0037662726826965,1.01266
6893,209,10477,0.0032896976917982,0.808103
6991,113,5669,0.0032189723569899,0.92362
6991,114,5730,0.0023497738875448,1.4538853105
6991,115,5777,0.1010881215333938,1.17755
6991,115,5786,0.0038244510069489,0.478054
6991,116,5841,0.8254060745239258,0.969681
6915,127,6354,0.0010082513326779,1.34861
6917,98,4921,0.0028381363954395,0.938424
6876,23,1175,0.0029016647022217,1.5867022671
6855,119,6000,0.0149652883410453,1.03452
6787,57,2852,0.0045548812486231,1.02359
6957,125,6255,0.0044480650685727,1.16154
6991,43,2173,0.0052853380329906,1.01188
6991,55,2776,0.0044981837272644,0.903954
6828,4,209,0.0051603107713162,0.9822429994199999
6828,5,280,0.0077418289147317,1.03169
6828,6,332,0.0034378408454358,1.4015198774000002
6828,8,448,0.012953957542777,1.15802
6936,103,5172,0.0042877192609012,1.1063
6936,107,5390,0.0318895205855369,0.35434673170000003
6977,81,4058,0.0083400597795844,1.0
6977,87,4391,0.0159656461328268,0.990823
6756,31,1556,0.0099702225998044,0.86649
6756,31,1561,0.0161423124372959,1.0840272995999998
6756,34,1712,0.0030719058122485,3.1066078607
6908,195,9765,0.0047912755981087,0.937904
6979,56,2808,0.0026533142663538,1.01649
6874,55,2761,0.0030141081660985,0.854857
6949,3,186,0.0015183830400928,0.997642
6997,1,93,0.0022146073170006,0.587112
6997,9,499,0.1449248343706131,1.09281
6811,127,6368,0.004392490722239,0.92179
6957,151,7578,0.8586957454681396,1.14254
6957,153,7695,0.045528270304203,0.690814
6798,164,8204,0.0052635306492447,0.978488
6798,168,8450,0.0180874243378639,1.00717
6798,173,8678,0.0065549234859645,0.484433
6989,205,10264,0.011617274954915,0.7874183923199999
6832,40,2050,0.0014440714148804,0.840656
6832,44,2232,0.0086962729692459,0.335048
6835,130,6540,0.0024001388810575,1.9474470884
6893,146,7332,0.0028429382946342,0.618476
6803,77,3878,0.004330625757575,0.8631892409699999
6859,71,3578,0.0041857785545289,1.1859628527
6800,104,5216,0.0058201854117214,1.2340402407000002
6800,169,8471,0.0027406201697885,0.877913
6800,169,8474,0.0027727354317903,0.788693
6888,150,7501,0.0028515222948044,0.97303
6888,151,7584,0.037822850048542,1.046
6991,195,9758,0.0089027257636189,0.977994
6932,26,1346,0.005994951352477,0.7996460476
6985,7,373,0.0163523815572261,0.500764
6871,165,8291,0.0022334239911288,0.97071
6871,166,8343,0.1737702190876007,1.24535
6871,168,8434,0.0031967286486178,0.96786
6970,15,798,0.002866459544748,1.22492049039
6970,17,854,0.971741259098053,0.699308
6956,156,7812,0.0094597730785608,1.1436018528
6956,157,7874,0.0040010535158216,0.84126
6861,156,7817,0.0044025182723999,0.929714
6854,70,3539,0.0335824415087699,1.07132
6921,98,4944,0.0036527677439153,0.939991
6998,114,5712,0.0028114069718867,1.06568
6969,214,10705,0.0390053316950798,0.785941
6969,214,10723,0.004648232832551,1.03288
6969,215,10772,0.9592666029930116,1.32651
6969,220,11010,0.0040707327425479,0.922285
6969,222,11147,0.0298640634864568,0.747702
6923,116,5823,0.0020261448808014,1.1161284647
6923,117,5888,0.0031431869138032,1.07907
6923,119,5990,0.0034114979207515,0.811029
6923,120,6019,0.0230103582143783,0.86924
6973,193,9691,0.0024242443032562,0.490846
6935,20,1046,0.0067858095280826,1.04776
6785,126,6328,0.2227691113948822,1.367
6888,156,7842,0.0040408419445157,1.83892185579
6829,155,7788,0.0162784997373819,0.51069
6829,156,7810,0.3565464317798614,0.856824
6949,23,1163,0.0011275364086031,0.908608
6949,28,1410,0.1947257965803146,1.03278
6949,33,1687,0.0063912514597177,1.5835189565999999
6784,17,872,0.0036911638453602,0.991667
6954,26,1343,0.0050633703358471,0.955797
6954,27,1396,0.0034777610562741,0.4994130987
6794,15,791,0.0047599389217793,0.989769
6805,80,4027,0.0024819886311888,0.945203
6934,105,5254,0.0405350215733051,1.00083
6859,105,5285,0.7389033436775208,0.574904
6829,181,9078,0.0060134013183414,1.87056
6829,187,9353,0.0029909582808613,0.857614
6829,188,9436,0.0017511927289888,0.791303
6951,4,243,0.0043382444418966,1.296703407
6951,5,261,0.1319715529680252,1.21059
6922,119,5989,0.0096194148063659,1.39765079728
6958,124,6210,0.0081256432458758,0.525245
6925,1,96,0.0043922634795308,1.03936
6921,44,2243,0.0318732298910617,1.04124
6778,16,832,0.0041666217148303,1.02875
6778,21,1082,0.0067230276763439,0.021755633075999998
6959,184,9204,0.0039520105347037,1.0462102497
6959,184,9226,0.0048259487375617,0.501926
6912,10,526,0.0028523309156298,1.1852204819
6956,180,9046,0.0058273500762879,0.850242
6956,181,9077,0.0082309311255812,1.26367707987
6956,181,9098,0.0345968380570411,1.08597
6956,185,9282,0.0025957280304282,0.826482
6956,188,9403,0.0032309482339769,1.11017
6956,189,9473,0.630381166934967,0.5439011549999999
6956,189,9489,0.0058102617040276,1.0195
6784,19,972,0.0081099085509777,1.08235
6893,83,4200,0.0035108944866806,1.2367880667
6908,127,6371,0.0062568322755396,0.992781
6890,28,1445,0.0050506968982517,0.855972
6890,36,1849,0.0204467587172985,0.967625
6975,200,10004,0.0375881306827068,1.17281
6979,99,4965,0.0022556732874363,0.923182
6979,99,4996,0.0033790925517678,1.14457
6976,24,1249,0.0075619556009769,0.902259
6921,114,5730,0.1422811150550842,1.33659
6792,26,1325,0.0042455806396901,0.999857
6916,23,1185,0.0034438776783645,1.205043136
6831,73,3672,0.0052542788907885,1.1329
6917,57,2860,0.001656315405853,1.3793442599999999
6837,53,2678,0.0032653659582138,0.913066
6837,56,2838,0.0051428307779133,1.00831749004
6769,68,3435,0.0182410255074501,0.563605
6769,69,3483,0.0044194739311933,0.8935928159
6963,129,6472,0.0034107440151274,1.30416
6963,133,6671,0.0230188779532909,1.03058
6963,134,6749,0.0486756078898906,0.719536
6936,226,11314,0.0053248130716383,1.0167
6936,229,11479,0.0060933590866625,0.78697162739
6835,85,4264,0.0061884606257081,0.834452
6912,142,7144,0.9981905817985536,0.963737
6912,143,7188,0.0017952253110706,0.8822909079300001
6912,145,7257,0.0063118967227637,1.04882
6912,147,7354,0.0054139355197548,1.0
6975,110,5540,0.0039749760180711,0.958645
6756,118,5924,0.0255037359893322,1.18512
5617,72,3610,0.2382442355155944,0.997773
6763,173,8689,0.8014503121376038,1.02306
6763,181,9083,0.0103068258613348,0.82088
6896,4,210,0.0127432094886899,1.015532721
6919,134,6710,0.0039058732800185,0.7959101442300001
6800,172,8602,0.00404331414029,1.4770537406
6800,173,8672,0.0049570468254387,1.04568
6947,65,3290,0.0088336002081632,0.609196
6947,68,3448,0.0028388628270477,0.98287
6945,70,3524,0.0059987972490489,0.20945486097
6945,71,3581,0.0431559570133686,1.1363907708999998
6912,173,8665,0.0024777199141681,0.786933
6861,53,2687,0.0027891474310308,0.824094
6861,55,2788,0.0120516214519739,1.03105
6233,64,3225,0.0033536315895617,0.648175
6985,22,1114,0.0302893687039613,0.8893271736
6789,78,3948,0.250403493642807,1.19072
6850,79,3994,0.0067303711548447,1.04369
6850,80,4024,0.0044453968293964,0.596732
6850,82,4126,0.0033638952299952,1.05332
6850,83,4156,0.2301355600357055,0.859516
6850,83,4184,0.0215608663856983,1.1213
6998,120,6032,0.0070603038184344,1.04226
6998,122,6119,0.0040727923624217,0.974178
6973,98,4935,0.0026870269794017,0.534761
6930,45,2275,0.002368681365624,1.01587
6930,49,2486,0.0012972066178917,1.27705
6856,26,1314,0.0061529693193733,1.0248
6977,57,2892,0.0054465956054627,1.3978984244
6977,62,3149,0.0037505715154111,0.799105
6780,0,20,0.0024805250577628,0.544964
6780,3,188,0.0645116865634918,1.0492620877
6780,7,391,0.0113040246069431,0.927817
6787,93,4693,0.0048580751754343,0.549631
6895,17,867,0.0037745456211268,0.983822
6880,24,1213,0.004335674457252,0.711611
6984,45,2261,0.0054356548935174,0.674613
6984,45,2293,0.0189709477126598,0.949647
6985,37,1893,0.0174852292984724,0.564289
6985,38,1904,0.0064032291993498,0.952891
6985,39,1955,0.1070239692926406,0.427048
6973,230,11510,0.0048885224387049,0.745257
6916,226,11317,0.0042687430977821,1.00394
6787,108,5414,0.0233257748186588,1.42561
6886,30,1528,0.0035297472495585,0.788359
6991,176,8814,0.0058051734231412,0.991799
6826,82,4120,0.0054780044592916,0.943863
6830,223,11151,0.0032285859342664,0.667712
6830,224,11224,0.0028590408619493,0.376898
6830,224,11239,0.0023656354751437,1.01612
6986,3,198,0.0022712736390531,1.32534
6830,0,29,0.0052687162533402,1.09788
6830,3,175,0.0032505118288099,0.95401
6830,4,221,0.0020614471286535,0.793375
6830,7,384,0.002317545004189,1.2538287046999999
6830,87,4351,0.0010995399206876,0.494001
6830,88,4431,0.9884783625602722,0.964826
6998,85,4300,0.0240196641534566,1.17148
6998,141,7065,0.0048754522576928,1.2989543952
6786,110,5506,0.0041817971505224,1.24892
6794,21,1070,0.0785575956106185,1.03719
6989,216,10833,0.0031879127491265,1.07601126019
6765,126,6318,0.004107326734811,1.01123
6765,133,6691,0.0116173410788178,0.6548599413399999
6853,81,4063,0.006983442697674,1.06715
6893,34,1713,0.0038117391522973,1.21397
6893,37,1882,0.0032975040376186,0.99697
6893,39,1954,0.0037760608829557,0.760701
6959,237,11875,0.0404319502413272,1.01924813886
6959,239,11986,0.0521577410399913,1.2603
6824,3,155,0.118355207145214,1.4610748341
6824,5,289,0.0032866939436644,0.48646169342
6969,14,730,0.1660370528697967,1.04076
6952,98,4906,0.026487860828638,1.2383554176
6756,154,7719,0.0662633255124092,0.707603
6831,52,2639,0.0200314298272132,0.884998
6831,57,2899,0.0054977852851152,1.0773231999900001
6975,196,9830,0.0308113563805818,1.09522
6782,0,39,0.0031063759233802,1.02683
6922,237,11894,0.0071446662768721,1.0743
6879,82,4115,0.0053609078750014,1.03889
6960,140,7034,0.0031149298883974,1.04385
6829,143,7179,0.0072823450900614,0.858525
6861,101,5097,0.0029393197037279,1.03286
6861,104,5211,0.0008437036885879,0.982303
6813,91,4587,0.0021949564106762,1.3941599709999999
6974,89,4484,0.97041916847229,1.5389371275
6052,119,5962,0.0043592830188572,1.26098
6052,119,5963,0.0028119522612541,1.01315
6794,81,4061,0.002604893175885,0.886225
6794,85,4264,0.0088804373517632,1.0814961593599999
6794,85,4293,0.0012939379084855,0.630131
6841,4,222,0.0153178721666336,0.809722
6777,7,395,0.0025393697433173,0.996549
6773,230,11529,0.0020381342619657,0.60349
6768,121,6090,0.161843329668045,0.756241
6960,69,3481,0.0015359823592007,1.07574
6835,44,2202,0.0046026026830077,1.6296192305
6907,163,8186,0.004090798087418,0.806565
6811,136,6841,0.0071171880699694,0.89556
6936,234,11703,0.0037667073775082,1.22672522
6768,145,7254,0.0047849379479885,1.58254879644
6952,200,10016,0.0017145982710644,1.17847587476
6952,201,10076,0.0351250953972339,0.966799
6865,54,2738,0.0057987947948277,2.4854581206
6865,65,3252,0.0116521045565605,0.623091
6921,157,7884,0.0034956212621182,0.947785
6974,25,1276,0.1236742958426475,1.02026
6953,38,1940,0.8109681010246277,1.36261
6953,40,2033,0.0058784820139408,0.931942
6936,98,4910,0.0033118748106062,1.22053
6936,101,5062,0.3646833598613739,0.466245
6919,9,483,0.0951378047466278,0.66719
6785,36,1839,0.0037869145162403,1.01755
6911,14,721,0.0037209305446594,0.566903
6991,126,6303,0.0142849283292889,0.517948
6934,10,505,0.004109987989068,0.934014
6934,10,517,0.0042071309871971,0.95553
6865,117,5869,0.0027528912760317,0.998194
6915,186,9345,0.0035360120236873,0.773655
6926,10,523,0.0026379730552434,0.950027
6917,26,1302,0.002146515995264,0.994033
6917,34,1742,0.0335795767605304,1.07760212182
6971,8,444,0.003823971375823,0.844982
6971,8,447,0.0049322419799864,1.04416
6971,14,729,0.0052876756526529,0.298671
6971,15,794,0.0024291651789098,0.975203
6773,152,7605,0.0053467950783669,1.04349
6885,60,3010,0.01533670630306,0.621267
6885,63,3163,0.0066290162503719,0.000527941075662
6885,68,3413,0.0062623163685202,1.01336
6998,75,3781,0.0156748872250318,1.12701
6998,76,3820,0.00313260871917,1.03823
6986,44,2217,0.0046845078468322,1.12007
6986,49,2478,0.0011902330443263,0.999027
6986,52,2633,0.008566802367568,0.6036546735
6776,162,8103,0.0024807695299386,1.55853
6776,163,8163,0.0431793741881847,0.9765935669999999
6901,45,2294,0.1581178903579712,1.03187
6901,46,2330,0.0596301965415477,0.460131
6829,95,4793,0.9082179665565492,0.7902055004999999
6829,97,4885,0.0025586441624909,1.06707
6882,194,9734,0.0034611579030752,0.55391
6861,42,2148,0.0437256321310997,1.2795489432
6805,22,1132,0.0655107945203781,1.1530597656
6957,83,4155,0.1168478354811668,1.05905
6775,10,511,0.0162055846303701,1.27446
6960,53,2667,0.00308369519189,0.799261
6840,14,750,0.0025332937948405,0.708218
6840,16,801,0.0590750761330127,0.94444
6840,17,887,0.0026548658497631,0.660648
6866,41,2056,0.005123128183186,1.00412
6830,52,2647,0.0041732615791261,0.90091993778
6879,216,10835,0.0153782162815332,0.935594
6884,27,1366,0.0038930394221097,1.1317104988
6884,28,1440,0.0047673019580543,0.774541
6884,28,1446,0.0015789760509505,0.841136
6766,147,7383,0.007320384029299,0.399446
6882,117,5874,0.2076414078474044,1.0248
6882,119,5991,0.011983485892415,1.07803
6893,231,11569,0.0030139291193336,0.895945
6893,232,11647,0.0027739650104194,0.968984
6893,233,11694,0.0048908586613833,0.025408937645
6893,235,11784,0.0024823346175253,1.35699
6874,22,1113,0.0057932906784117,1.1817274086e-11
6939,4,220,0.0020246249623596,1.11742
6946,69,3454,0.1578580737113952,0.7985831983499999
6946,69,3467,0.0056248744949698,0.653627
6905,28,1431,0.0030655232258141,1.09191
6801,191,9583,0.0041117700748145,0.987696
6972,103,5167,0.0047016153112053,1.03633
6859,209,10456,0.003994770348072,1.2828
6772,13,671,0.0036823716945946,1.3602835395
6772,16,825,0.6055817604064941,1.01609
6790,81,4093,0.0085605075582861,1.1362881166
6969,32,1634,0.1650567203760147,1.01403
6885,9,475,0.0804665088653564,1.0
6885,32,1606,0.0021734982728958,0.833313
6885,32,1614,0.0019865420181304,4.3467899165e-10
6885,32,1640,0.0109670227393507,0.424029
6840,61,3080,0.0050060236826539,1.03016
6840,62,3102,0.0071380529552698,1.01986325158
6840,62,3108,0.0079617612063884,1.0861575557799998
6840,64,3208,0.0074611692689359,1.21667
6840,68,3438,0.003717424115166,0.62268471738
6769,48,2418,0.009376592002809,0.309021
6861,140,7031,0.0136159220710396,1.02677
6861,143,7158,0.0034541075583547,1.43043021
6861,144,7229,0.0182558111846447,0.435535
6973,114,5721,0.0055555854924023,1.02623
6973,119,5992,0.1971430331468582,0.92179
6978,229,11482,0.0189632289111614,1.00152
6827,122,6141,0.0082845473662018,0.504679
6952,151,7570,0.002735503250733,1.01612
6952,154,7713,0.0017313442658632,0.941497
6981,18,932,0.0099891759455204,1.1333817609999999
6836,2,125,0.0129373418167233,0.955951
6836,3,185,0.0033130948431789,1.3781000883999999
6836,6,330,0.004298847168684,0.000798480321499
6836,9,477,0.0023184150923043,0.55776
6969,114,5730,0.8909953236579895,0.501056
6969,115,5784,0.0036129287909716,1.1089202199000001
6766,238,11916,0.0032954078633338,0.636492
6798,178,8905,0.008655622601509,0.997603
6947,3,154,0.045721635222435,0.643952
6934,100,5033,0.0049582510255277,1.01603
6934,193,9684,0.0386488102376461,0.795558
6934,198,9947,0.0018062967574223,0.808983
6959,78,3927,0.0038339036982506,0.987222
6959,79,3962,0.0041456809267401,0.877913
6959,80,4001,0.0026452080346643,0.949556
6786,12,633,0.0037401346489787,1.02389
6789,62,3114,0.0032267207279801,1.0
6780,76,3834,0.0038179780822247,1.03996
6780,78,3919,0.5411209464073181,0.48931079887999995
6945,98,4916,0.0032910250592976,0.97858
6919,215,10771,0.0036657315213233,1.26763
6977,4,228,0.0052445875480771,1.0576987176000001
6907,112,5650,0.0028042769990861,0.880471
6836,16,812,0.0219601187855005,1.0186
6836,16,830,0.0067002032883465,1.05404279296
6756,124,6214,0.15277099609375,0.154396240746
6800,73,3667,0.9626196026802064,1.07449
6867,1,98,0.0443259477615356,0.944368
6867,8,434,0.0035087477881461,1.0606
6776,2,131,0.0041816080920398,1.07375
6826,64,3202,0.0033391057513654,1.09576943029
6826,69,3481,0.0027989603113383,0.442726
6933,47,2356,0.5681924819946289,0.983997
6769,33,1700,0.0144901312887668,0.990357
6783,180,9030,0.0028052625712007,0.992644
6783,183,9154,0.0225951820611953,1.3919176796
6785,162,8107,0.0079187611117959,1.2618147619
6967,29,1458,0.0085691893473267,0.26775012946
6880,37,1872,0.0408450067043304,1.04987
6881,33,1699,0.001886582118459,1.7548423808999998e-07
6881,39,1968,0.0029663168825209,1.00374
6958,100,5024,0.0027474891394376,0.993662
6958,106,5328,0.0779509022831916,1.065333059
6776,182,9133,0.8294953107833862,1.08575
6882,77,3862,0.0094105452299118,0.978331
6882,77,3882,0.0015653574373573,1.02466
6936,203,10193,0.005753060337156,1.04212
6936,205,10278,0.003528811968863,1.3513365499999999
6959,146,7306,0.003361206036061,1.2746
6959,151,7594,0.0241957902908325,0.473882
6953,132,6602,0.0275433119386434,0.724281
6769,213,10690,0.0689017325639724,1.0
6769,216,10822,0.0013581903185695,1.03031
6769,218,10930,0.0022534343879669,0.94418
6769,219,10960,0.0060585238970816,0.492278
6830,156,7843,0.00270851328969,0.989241
6855,80,4037,0.0176763385534286,1.23254
6855,82,4147,0.0157372131943702,0.908934
6879,162,8121,0.0095077995210886,1.03831
6879,164,8204,0.0025526820681989,0.626097
6861,223,11159,0.0028056120499968,0.936529
6894,112,5621,0.0054437858052551,1.08157
6985,1,70,0.0073484904132783,0.873229
6776,174,8703,0.0018660502973943,1.04262
6932,32,1624,0.5716255903244019,1.1363
6936,133,6683,0.0038485112600028,0.985692
6936,140,7044,0.0071269432082772,0.972194
6855,3,153,0.003854448441416,1.03876
6945,203,10168,0.003516953671351,0.987768
6979,116,5829,0.0057712458074092,1.01189
6979,117,5865,0.0108821438625454,0.569748
6955,84,4207,0.003308308776468,0.922757
6955,86,4313,0.0035089997109025,0.9986
6955,88,4430,0.0037808499764651,1.0
6805,59,2978,0.0162827298045158,0.730331
6776,48,2419,0.0033580909948796,0.941067
6936,94,4725,0.0044506611302495,1.05298
6756,24,1203,0.0043604504317045,0.242675
7004,704,35215,0.0640928596258163,0.670103
7004,704,35221,0.3610404133796692,1.07945788167
7004,1153,57688,0.0061974227428436,0.947032
7004,869,43482,0.003878672607243,0.989975
7004,774,38713,0.0045382333919405,0.967155
7008,805,40262,0.7043570876121521,1.3391989056
7004,1300,65037,0.0228512212634086,0.912162
7004,1300,65050,0.0059618148952722,0.987438
7004,656,32812,0.0428226739168167,1.046
7004,656,32842,0.0144459242001175,1.01921
7004,1512,75616,0.0023934862110763,0.983671
7004,1512,75631,0.0112022431567311,0.798867
7007,122,6101,0.0073702437803149,0.528536
7007,122,6132,0.0049621537327766,1.0
7007,122,6145,0.0082257287576794,0.640485
7008,483,24177,0.003069196594879,1.34158467582
7008,483,24195,0.0113543141633272,0.947209
7008,345,17263,0.0101722311228513,1.33807
7008,1303,65197,0.0206139162182807,0.950548
7008,51,2566,0.0044443942606449,1.00187
7008,51,2573,0.0043113380670547,1.3393866658200002
7008,438,21937,0.0016155951889231,0.691139
7008,438,21939,0.0039749024435877,0.993178
7008,438,21942,0.0061199874617159,1.25655
7008,274,13741,0.0317359752953052,0.000842623436
7004,702,35121,0.0031300890259444,0.58562
7004,1181,59096,0.0040051005780696,1.1047061124
7004,1181,59099,0.3274208903312683,1.14365246934
7004,1334,66724,0.0042250305414199,0.632826
7004,1334,66737,0.0028472479898482,11.218554450000001
7006,380,19014,0.0036575554404407,5.7477336924
6649,37,1882,0.0047942982055246,9.7004580045e-07
7004,937,46882,0.0356399267911911,0.78642372656
17534,39,1984,0.0067287674173712,0.545823
17534,75,3789,0.0080800103023648,0.545823
17534,139,6953,0.0063322484493255,0.545823
7004,248,12407,0.0043566650710999,0.882624
7004,246,12313,0.060749128460884,0.879842
7008,314,15714,0.0157274305820465,1.08077
7008,314,15716,0.0065622655674815,0.5659
7008,314,15720,0.0035586876329034,0.997645
7004,546,27320,0.0021588534582406,0.837827
7004,169,8487,0.0120928585529327,0.984364
17309,148,7428,0.0800319463014602,1.03377
17309,170,8526,0.0043414812535047,1.03377
17309,170,8536,0.0025360989384353,1.03377
7004,1221,61077,0.006185510661453,0.7421498535600001
7008,1113,55659,0.0024029514752328,1.37212789
7004,1374,68725,0.0029549300670623,0.947492
7004,1374,68742,0.0024194919969886,1.04038
7004,1167,58394,0.0083376113325357,1.06823
15161,31,1582,0.0050043263472616,0.877913
15161,41,2055,0.0021076689008623,0.877913
15161,145,7265,0.0016567702405154,0.877913
7008,874,43732,0.0040881163440644,0.770316
7008,175,8766,0.0055200615897774,0.925002
7004,345,17276,0.0414844341576099,2.0587586118
7008,840,42014,0.6316746473312378,0.471336
7008,971,48572,0.0038438253104686,0.983963
7008,958,47927,0.0027954741381108,0.63265
7008,982,49121,0.0006788177415728,0.97288
7008,817,40858,0.0077238352969288,0.861462
7008,817,40866,0.0041429139673709,0.544968
7008,817,40867,0.0026933765038847,0.546885
7008,817,40887,0.0064398837275803,1.085595462
7008,1252,62631,0.000761877046898,0.877913
7008,10,509,0.0013819593004882,0.970601
7008,10,539,0.001193968928419,0.666062
7008,967,48382,0.0056059886701405,0.54422860604
7008,963,48176,0.0551687665283679,1.02965
7008,963,48181,0.0098438449203968,1.01412
7008,963,48198,0.0071115060709416,1.0067756051599999
7008,677,33851,0.0076929270289838,0.674101
7008,677,33871,0.003082430223003,0.574065
7004,1491,74582,0.199352741241455,0.612394
7008,97,4868,0.0078481547534465,0.766492
7004,1727,86362,0.0038804211653769,0.947159
7008,550,27529,0.0049657002091407,0.9663341964
7008,725,36288,0.003816083073616,1.02449
7008,1191,59559,0.6684540510177612,1.04838
7008,1191,59598,0.003796657314524,0.994666
7008,157,7856,0.0219798441976308,1.38201266844e-05
7006,102,5128,0.0024223029613494,1.2354506702999999
7006,102,5135,0.0518406480550766,1.00227
7004,610,30535,0.0023699754383414,1.07685
7004,840,42040,0.0142151666805148,0.865944
7004,808,40435,0.0131174186244606,0.624584
7004,675,33795,0.009665728546679,0.966496
7008,820,41020,0.0123931476846337,1.0590844391199998
7008,820,41028,0.0023929781746119,1.03473
7008,820,41046,0.0079744821414351,0.753292
7004,668,33403,0.0063111223280429,1.0205928252
7004,668,33430,0.0021278446074575,1.02031
7004,668,33431,0.0066326558589935,0.988468
7004,1218,60917,0.0037985695526003,1.05396
7004,1218,60929,0.0052110408432781,1.11449394
7004,460,23011,0.0067787724547088,1.02934
7004,1619,80981,0.0051263407804071,1.4410950912000002
7004,1619,80993,0.0311149917542934,1.04977
7004,1006,50320,0.004356438294053,0.6445
7004,1006,50326,0.882137656211853,1.6254720612
7004,955,47784,0.0129545843228697,0.977999
7007,36,1815,0.0022320365533232,0.594922
7008,12,621,0.0210160631686449,1.1805012414
7008,320,16002,0.0258399844169616,1.13006
7004,269,13485,0.0440368726849556,0.908749
7004,826,41306,0.002152319997549,0.999109
7008,455,22764,0.0019987986888736,0.369243
7008,455,22786,0.0053990134038031,1.03258
7008,408,20428,0.0047242823056876,0.484896
7008,408,20429,0.0043850648216903,0.588576
7004,1229,61464,0.6848399043083191,1.10009818335
7004,1327,66359,0.0186085999011993,1.00199
7004,1327,66366,0.0053910505957901,1.12953
7004,511,25563,0.0044372589327394,0.999909
7004,511,25566,0.0035570203326642,1.08486
7008,421,21065,0.0025417676661163,1.05187
7008,421,21068,0.0027577350847423,1.0038
7008,421,21099,0.0139284785836935,1.12259
7006,603,30191,0.0368926189839839,1.46782
7008,129,6455,0.005061172414571,0.597537
7008,129,6500,0.0679506435990333,1.04963
7004,16,814,0.0102244233712553,1.00075
7004,16,816,0.0032095846254378,1.2427896445
7004,16,820,0.0059296921826899,0.514521
7004,16,848,0.0034729919862002,1.09929
7004,1430,71516,0.0089203799143433,1.03241
7004,1316,65832,0.0045086662285029,1.07799667932
7008,857,42876,0.0038536498323082,1.1221
7008,857,42888,0.0148043064400553,0.501908
7008,324,16210,0.0019382344326004,1.0722
7008,437,21852,0.0707821175456047,0.52248
7008,437,21884,0.0057816025801002,1.0
7008,437,21891,0.0088956169784069,0.993827
7008,1195,59798,0.0031621349044144,1.2584963538
7008,1381,69092,0.0027109822258353,0.96734319484
7008,970,48508,0.0038328203372657,1.0
7008,970,48512,0.0034096566960215,1.03747
7004,1711,85576,0.003768557915464,0.533287
7008,683,34155,0.0021174245048314,1.20616853121
7008,683,34198,0.0046837539412081,1.2541804316
7004,1045,52257,0.0101074669510126,0.97628
7008,252,12601,0.0131158083677291,1.08716
7004,1654,82701,0.0141025688499212,0.915255
7004,1654,82718,0.0070547643117606,0.89543
7004,1654,82726,0.012372120283544,0.045286259247600005
7004,1654,82737,0.0036804967094212,0.948976
7006,10,549,0.0071512889117002,1.11964
7004,397,19865,0.0034257499501109,1.08056
7006,179,8965,0.0811767354607582,1.13256
7004,981,49059,0.004437546711415,1.04113
7004,981,49095,0.0048527503386139,1.329072189
7006,240,12048,0.001348280115053,1.1512405464
7004,790,39542,0.0029411283321678,0.647181
7004,49,2491,0.0044135604985058,0.823465
6922,69,3486,0.0016566292615607,0.39460135649000005
7008,1042,52101,0.0028790556825697,0.953463
7008,1042,52112,0.0346480570733547,1.1301
7008,1042,52140,0.0053224670700728,1.07332
7004,1479,73993,0.0017004561377689,0.383978
7008,943,47198,0.1400931179523468,1.03633
7004,868,43409,0.0018721118103712,1.04449
7004,868,43410,0.0015001241117715,6.574513926
7008,1015,50793,0.0033708612900227,0.577214
7008,1015,50794,0.0074752899818122,1.01569
7007,131,6578,0.0034785706084221,0.879353
7007,131,6593,0.0051640947349369,0.985656
7008,733,36696,0.0031350802164524,1.2047794494
7004,766,38309,0.8991037011146545,1.04546
7004,766,38311,0.0018466444453224,1.12186388979
7004,766,38312,0.0099851116538047,2.3963021108800002
7004,766,38339,0.0153849842026829,1.2315966218999999
7004,795,39767,0.0026188204064965,0.807656
7004,795,39773,0.0051619880832731,0.77804624128
7008,990,49515,0.0032942502293735,1.22038
7008,990,49523,0.0044552818872034,0.450213
7008,990,49548,0.5905755162239075,0.651727
7008,109,5480,0.0050192466005682,1.0614
7008,814,40727,0.0057967607863247,1.434827604
7008,366,18324,0.4598139822483063,1.08873
7008,366,18326,0.0014910051831975,0.829344
7008,1121,56094,0.0026249217335134,1.00634
7004,1719,85992,0.0028931773267686,0.608177
5066,37,1862,0.0033837414812296,1.4347172224
7008,760,38012,0.0036641173064708,1.04891
7008,760,38048,0.0304287169128656,0.67857
7008,760,38049,0.0020090299658477,1.17248322688
7008,36,1810,0.002923339838162,0.72100617036
7008,36,1819,0.002080388367176,0.512242
7008,1044,52204,0.0019747363403439,1.255
7008,1044,52233,0.0025829058140516,1.837269755
7008,1044,52243,0.7308782935142517,1.34761
7008,834,41749,0.002547096228227,0.656076
7007,118,5905,0.009331751614809,0.881721
7007,118,5934,0.0034915059804916,0.56962590498
7008,588,29412,0.0117437383159995,0.931281
7008,588,29422,0.0080443285405635,1.03999
7008,588,29436,0.0196422357112169,0.997592
7004,367,18383,0.0018200662452727,0.987447
7008,396,19804,0.0726153180003166,0.85535913976
17077,114,5722,0.006883907597512,1.2494406036
7008,259,12961,0.0046876277774572,1.01473
7008,392,19633,0.0042020883411169,0.989325
7004,1578,78920,0.0008861445821821,1.69151
7004,1578,78938,0.059626504778862,0.638197
7008,756,37810,0.0016949976561591,0.817589
7008,756,37837,0.0104988953098654,1.336218037
17356,81,4051,0.0051850224845111,0.438475
17356,81,4097,0.0024119389709085,0.438475
7004,241,12098,0.7336024045944214,0.995969
7004,801,40070,0.0023608182091265,1.02961
7006,366,18342,0.0064109312370419,0.70782
7006,313,15689,0.0034650890156626,1.04826
7008,522,26105,0.0056373011320829,1.1725961712
7004,1580,79038,0.0062618441879749,19.907823463499998
7007,128,6401,0.0045375591143965,1.18077855987
7007,128,6402,0.0045585301704704,0.95493502552
7008,219,10965,0.0025837495923042,1.01103
7008,219,10980,0.0083701843395829,0.874353
7006,234,11724,0.0033020095434039,0.975921
7006,234,11739,0.1470838636159896,0.813327
7004,744,37212,0.0030261871870607,1.07746
7004,1456,72809,0.0025533048901706,0.97550448204
7004,1456,72819,0.4546059966087341,0.947765
7004,1225,61276,0.0030650615226477,0.95383
7006,132,6602,0.0428090021014213,1.02234
7008,799,39973,0.0133203212171792,1.07124
7008,614,30717,0.0013594396878033,1.01803
7008,837,41880,0.0045652538537979,1.10984
7008,837,41891,0.0074459859170019,0.72611
7004,377,18853,0.0032977499067783,1.04472
7004,377,18873,0.0028618986252695,0.98322
7004,377,18874,0.0040325066074728,1.2749906925
7004,377,18895,0.2464944422245025,0.908216
7004,215,10766,0.0062581785023212,0.669277
7004,215,10768,0.0045123370364308,0.886945
7004,215,10783,0.0706564784049987,0.000128068658183
7008,871,43585,0.0100318528711795,0.9460614419200001
7006,551,27575,0.0039306217804551,0.633368
7006,297,14875,0.0053526409901678,1.00223
7004,716,35811,0.0039272233843803,1.13276390472
7008,593,29688,0.0157568734139204,1.1459211341
7008,413,20663,0.0064564505591988,0.764658
17552,253,12655,0.0052004922181367,0.951982
7004,1366,68341,0.0057317842729389,1.32235
7004,1366,68347,0.7228923439979553,0.502179
7008,83,4180,0.0085069295018911,0.441197
7004,1296,64831,0.0095994872972369,0.476092
7004,862,43143,0.0055968021042644,1.03614
7004,182,9127,0.0016289723571389,0.460686
7004,583,29176,0.0068094050511717,0.967341
7006,623,31187,0.0018341317772865,0.549379
7008,752,37603,0.0067333141341805,1.1997004176000001
7004,710,35506,0.011568940244615,0.835479
7004,710,35507,0.0090818526223301,1.04407
7006,315,15797,0.0030131267849355,1.2087156576
7008,1212,60610,0.0088255330920219,3.28281871632e-06
7008,1045,52279,0.004378487356007,0.301855
7008,986,49349,0.003316132351756,1.49357
7008,1279,63997,0.0023050855379551,0.969159
7008,464,23233,0.0046123606152832,0.984835
7004,836,41810,0.4289601743221283,1.01923847922
7006,605,30268,0.0035607134923338,0.5249
7008,917,45896,0.0061505665071308,0.913691
7004,987,49359,0.0054616210982203,0.235362
7006,7,397,0.0019192603649571,1.09067
7004,270,13546,0.0198282040655612,0.645862
7004,1492,74635,0.0064700762741267,1.09471
7004,571,28585,0.1531825810670852,1.2057651646000003
7008,543,27188,0.020471628755331,1.07264
7008,125,6256,0.0038963304832577,0.015223563875999997
7008,125,6297,0.0058872499503195,1.03309
7008,621,31080,0.0023519918322563,1.10202
7008,621,31092,0.0084137814119458,0.456258
7008,204,10239,0.0044137681834399,1.02047
7008,204,10242,0.0043923137709498,0.19405154364000002
7004,1548,77420,0.9720723032951356,1.224401724
7008,910,45502,0.0022139868233352,1.15941
7008,910,45522,0.0079752597957849,1.25288
7008,678,33904,0.0067228712141513,1.0336
7004,1111,55574,0.0043087000958621,1.1320539455999998
7008,988,49418,0.0254275202751159,1.04349
7008,988,49445,0.0084985569119453,1.0940528016
7008,1137,56873,0.0017007353017106,0.94174
7008,1137,56876,0.0345893204212188,1.01202
7004,736,36812,0.2264736145734787,1.01987
7008,341,17069,0.0049042282626032,1.04081
7004,1130,56503,0.004084413871169,1.17154
7004,1636,81841,0.0030799987725913,0.92179
7008,862,43138,0.0083192316815257,0.91043968821
7004,665,33276,0.0074514686129987,1.04317
7004,665,33287,0.0062072579748928,0.984227
7004,332,16636,0.0053561152890324,1.12298
7004,332,16640,0.0025638360530138,0.981585
7004,332,16649,0.0040300716646015,0.5963162972
7008,816,40839,0.0039894427172839,1.07383
7006,72,3643,0.0029498445801436,0.671023
7008,904,45230,0.0054895770736038,0.300133
7008,904,45243,0.0052766664884984,0.559866
7008,904,45244,0.0034974839072674,0.710586
7008,802,40126,0.0037135952152311,1.03483
7008,587,29392,0.0133488411083817,1.4760616716
7004,287,14386,0.0047595840878784,1.08581
7004,287,14398,0.0037231480237096,0.81634
7006,66,3305,0.0028376481495797,0.594062
7006,66,3328,0.0039171339012682,0.852527
7007,30,1503,0.0352277196943759,0.451299
7007,30,1547,0.0038867301773279,0.8807011834000001
7006,184,9221,0.0040889084339141,0.758436
7008,187,9373,0.0051382724195718,1.03011
7008,179,8983,0.7554517388343811,1.13628
7004,871,43597,0.0027574282139539,1.01068
7004,637,31876,0.0066371471621096,0.34072683408
7004,637,31898,0.0031112912110984,0.690066
7004,1657,82891,0.0099679725244641,0.981151
7004,1657,82893,0.0032693711109459,0.871877
7004,1657,82896,0.0028901046607643,0.982081
7004,1657,82900,0.0143296057358384,0.8765666633800001
7006,592,29601,0.00933379214257,1.71468
7008,545,27276,0.0034141330979764,0.828875
7008,545,27293,0.1259927600622177,0.973395
7008,1097,54865,0.006619777996093,0.96972
7008,1097,54882,0.0037286882288753,0.870494
7008,265,13276,0.0053847725503146,0.493342
7008,534,26713,0.0026388482656329,0.943725
7008,461,23073,0.8948320150375366,1.0
7008,461,23097,0.0022715546656399,0.958782
7008,142,7112,0.0052325064316391,1.3573263704
7008,142,7126,0.0029710435774177,1.10995692984
7008,142,7128,0.006528845988214,0.808924
7008,142,7134,0.0719924122095108,0.627254
7008,897,44866,0.0042492854408919,1.03656770388
7004,13,662,0.0039339754730463,0.770399
7008,217,10890,0.0043455581180751,0.96493
7004,1276,63835,0.0021057312842458,1.2893592828000002
7004,1276,63841,0.0033468918409198,9.162297027799998e-09
7004,1331,66581,0.0028159769717603,0.676659
7008,435,21754,0.0024657018948346,1.04668
7008,435,21780,0.0197552591562271,0.991724
7004,174,8701,0.0035255937837064,1.2435341965
7006,445,22257,0.0627868324518203,1.2195917909
7006,445,22276,0.0015508793294429,0.0001602800196
7004,449,22496,0.004365268163383,3.5576218913999997
6893,102,5149,0.0020380790811032,1.01917
7006,361,18062,0.0056245019659399,1.10497
7006,629,31468,0.2289970517158508,0.552448
7006,338,16930,0.0772919431328773,1.20835
7006,338,16938,0.0026729311794042,0.643271
7006,191,9570,0.0042712735012173,1.5771827595999999
7004,1165,58283,0.0125563722103834,0.60880795293
7008,447,22371,0.0040789609774947,0.697105
7004,1443,72156,0.0028995741158723,0.877307
7004,1443,72188,0.0043606031686067,1.00834
17447,152,7635,0.0030295813921839,0.7218707157
7004,1203,60167,0.0024306999985128,0.579905
7006,263,13170,0.0040213796310126,1.00736
7006,263,13199,0.0024406386073678,0.780906
7008,987,49391,0.0280460659414529,0.829583
7007,24,1202,0.0026328959502279,0.974845
7004,913,45674,0.0041068489663302,1.42494
7004,1500,75049,0.0153756402432918,0.852241
7004,1574,78707,0.0020860168151557,1.00043
7006,365,18255,0.5728772282600403,0.936398
7006,365,18281,0.0230663586407899,0.424301
7004,189,9479,0.0053887064568698,1.03343
7004,45,2258,0.0066876863129436,0.875249
7008,974,48742,0.0053938021883368,0.3673
7008,974,48747,0.005109311081469,0.877913
7008,778,38918,0.0023057283833622,1.04034
7008,778,38929,0.0100298877805471,0.725331
7006,418,20920,0.0041587315499782,0.540202
7008,547,27353,0.0048107407055795,1.1868735788
7006,432,21627,0.0038015984464436,1.07133
7006,432,21629,0.0025239116512238,0.979628
7008,527,26362,0.0517178103327751,1.0363
7008,527,26377,0.0062204021960496,0.776317
7007,96,4843,0.0068936259485781,0.995091
7004,1601,80069,0.0037394948303699,0.606781
7008,119,5992,0.0047048768028616,0.689476
7006,503,25180,0.0057855318300426,1.26909984
7006,503,25197,0.0037926952354609,1.117890176
7004,1546,77301,0.0063381283544003,1.0027
7004,617,30868,0.0016171948518604,1.04486
7004,1613,80673,0.003665757831186,0.488943
7008,40,2003,0.0040528401732444,1.0205
7008,40,2027,0.0018481700681149,1.03682
7004,925,46270,0.0049365167506039,0.9705534020000001
7004,925,46278,0.0024021023418754,0.600973
7008,630,31526,0.0208993889391422,0.747698
7008,630,31534,0.0102764219045639,0.55244475747
7004,56,2824,0.0070115900598466,1.3465768672
17280,57,2881,0.0020734327845275,0.974849
7007,29,1469,0.2660600244998932,3.60518545073
7008,705,35284,0.0071251993067562,0.837924
7008,705,35289,0.002512521110475,1.33549
7004,1172,58610,0.0030113353859633,1.07432
7004,1172,58612,0.0044325338676571,0.87768921032
7004,1172,58628,0.0027293388266116,0.749921
7004,1172,58643,0.4198225438594818,1.1325388647999999
7006,564,28222,0.0374731123447418,1.04422
7006,564,28240,0.0010209666797891,0.972565
7008,1162,58141,0.0061458721756935,0.55641
7008,674,33723,0.0056967516429722,1.0213825069
7008,1003,50186,0.0022912418935447,1.02388
7004,69,3453,0.0029778033494949,0.968892
7004,69,3469,0.0024967123754322,0.97517
7004,69,3476,0.003434841055423,1.0
7004,514,25738,0.4880013763904571,0.862457
17494,90,4513,0.006534285377711,0.9138560736000001
7004,1478,73928,0.005139394197613,1.02547
7008,1194,59740,0.0086021302267909,1.3483130886
7004,977,48891,0.0047074272297322,0.958553
7004,977,48895,0.0113512203097343,0.894738
7004,977,48897,0.0060534384101629,1.0128204714300002
7008,165,8278,0.005775568075478,0.935121
7004,1346,67337,0.0019580845255404,0.557043
7008,363,18191,0.0058798561803996,1.2363241461999999
7006,293,14695,0.0011596257099881,1.2986010582999998
7008,765,38260,0.0051910821348428,0.62056503246
7006,374,18707,0.0043048663064837,1.10073
7006,374,18711,0.0129677550867199,0.935056
7006,550,27529,0.0026808162219822,0.58721983392
7006,550,27538,0.0092183547094464,0.942088
7004,1094,54707,0.0545484311878681,0.729121
7004,1094,54713,0.002889951923862,1.02598
7004,1094,54724,0.0027737508062273,1.0180709069999998
7004,1094,54728,0.0047932034358382,0.767028
17065,205,10267,0.003462393535301,0.968741
7004,1632,81614,0.0097980741411447,0.527835
7004,1321,66097,0.004517791327089,1.22699
7008,827,41389,0.0134491929784417,1.01757
7004,783,39158,0.0409034937620162,1.06696
7004,1063,53159,0.014150352217257,0.0509594050748
7004,1063,53165,0.003669572295621,0.73016118927
7004,1063,53176,0.0024590410757809,0.7168216377900001
7004,1063,53185,0.0062195062637329,1.10339
7004,441,22097,0.0044357269071042,1.16294556194
7004,1661,83058,0.0024467294570058,1.06202
7008,1151,57564,0.0031883793417364,0.501908
7008,679,33952,0.3858256638050079,0.862726
7004,247,12382,0.0036961454898118,0.951872
7008,1147,57361,0.0165928658097982,1.04681
7008,1147,57369,0.0059292139485478,1.00132
7008,1147,57398,0.0028989340644329,0.965702
7004,495,24791,0.0886834636330604,1.13741
7004,495,24799,0.0668947249650955,1.1124192726
7004,799,39981,0.0041279010474681,0.069318254654
7004,123,6158,0.0169154535979032,1.3035149099999999
7004,15,772,0.9235751032829284,1.02456
7004,15,797,0.0126043995842337,1.04933
7004,1285,64251,0.004874006845057,0.59647473984
7004,1285,64261,0.0041758161969482,0.8088032922000001
7006,192,9648,0.0289994776248931,1.04722
7008,808,40410,0.00308140181005,1.23
7008,808,40418,0.0793539509177208,9.3204363696e-25
7004,108,5440,0.004275556653738,0.552208
17125,1,67,0.0031387277413159,1.21793
17125,38,1901,0.0063859121873974,1.21793
7004,307,15358,0.0014636918203905,0.528665
7004,1219,60964,0.0040992833673954,1.01334
7004,1219,60982,0.0293685402721166,1.06924
7006,19,978,0.0039656986482441,1.04252
17353,28,1449,0.0039565139450132,1.3287704664
7006,456,22842,0.0027856230735778,0.965068
7008,414,20718,0.0055658826604485,1.27501707667
7008,414,20739,0.0099606635048985,0.624133
7008,335,16780,0.0113398814573884,1.03314
7004,1704,85214,0.0013333929236978,0.48242
7004,1458,72921,0.0118144731968641,0.917817
7004,1458,72929,0.001191045041196,0.520431
7008,1093,54673,0.0038487857673317,0.417336
7008,162,8108,0.008906016126275,0.96786
7008,162,8113,0.0054705431684851,0.549228
7007,39,1977,0.1141323000192642,0.980676
7004,972,48618,0.0066214739345014,0.966042
7006,21,1057,0.0157810654491186,1.2535929094
7006,21,1065,0.0043916292488574,1.18983
7006,21,1067,0.0052514602430164,0.950908
7004,173,8677,0.004871851298958,0.517064
7008,758,37925,0.0044517912901937,1.00561
7008,758,37945,0.0019038409227505,0.665171
7004,770,38532,0.0018027133774012,1.10512
7008,748,37440,0.0182408448308706,1.09225
7008,47,2354,0.0072347149252891,1.0216
7006,600,30015,0.0031465194188058,0.58188
7008,411,20577,0.007096754387021,1.210215393
15013,223,11200,0.0043693692423403,1.39310279331e-05
7008,1122,56129,0.0036593666300177,1.0587
7006,588,29426,0.5031536221504211,0.981898
7004,1699,84968,0.0044485908001661,0.792712
7004,1699,84992,0.0036770568694919,1.0
7004,742,37119,0.0027604536153376,0.634488
7004,544,27201,0.0068208049051463,1.0
7004,544,27211,0.0019922857172787,1.1704346460000001
7008,68,3436,0.0377823077142238,1.32944
7004,284,14249,0.0065748300403356,0.782755
7004,371,18578,0.0046822647564113,1.01131
7004,371,18583,0.0104233296588063,1.2833910513
7004,1648,82412,0.0046785129234194,0.854898
7004,1648,82425,0.0091285668313503,1.08207683219
7004,830,41547,0.003861081553623,0.89137723448
7004,1205,60293,0.0045004216954112,0.617756
7006,498,24908,0.0242070257663726,0.5024
7006,130,6532,0.0066797900944948,0.969637
7007,82,4118,0.0035599267575889,0.0005157631915500001
7008,213,10680,0.0367390625178813,0.971608
7008,488,24401,0.1152280420064926,0.804031
7008,488,24446,0.0019154917681589,1.03818
7008,11,583,0.0018899326678365,1.05458
7004,1042,52106,0.0021685492247343,1.12231527632
7008,670,33550,0.0034665979910641,0.784876
7008,999,49991,0.0122283855453133,1.22655288739
7006,323,16159,0.0155106224119663,7.198157274
7006,323,16180,0.0035511858295649,1.17306
7007,136,6818,0.118627555668354,1.60078
7004,360,18029,0.0983485281467437,1.02251
7004,360,18036,0.0026890453882515,0.787923
7006,126,6306,0.0110972076654434,0.711589
17557,87,4391,0.0031311630737036,0.5543
17557,132,6647,0.0036633799318224,0.5543
7004,1400,70048,0.001566338352859,0.979776
7004,1519,75968,0.0056940759532153,1.06789
7008,1203,60156,0.0164059698581695,1.0986742310400002
17138,84,4202,0.0032623643055558,1.2426584015999997
7008,1438,71924,0.0086552426218986,0.505811
7008,368,18424,0.0033247987739741,0.898696
7008,368,18425,0.1015430241823196,0.573196
7008,368,18438,0.1942527890205383,0.96786
7008,786,39303,0.0073176748119294,0.932317
7008,786,39338,0.0039428835734725,0.39974342264999996
7006,174,8701,0.0038685805629938,1.02205
17095,46,2303,0.0029836841858923,1.13659
17095,112,5621,0.0053995866328477,1.13659
17095,114,5725,0.010311059653759,1.13659
17095,114,5741,0.0023652981035411,1.13659
7007,143,7166,0.0041422448121011,1.36109
7007,143,7169,0.0100474869832396,0.480753
7007,143,7171,0.0043688034638762,1.04691
7008,1226,61319,0.0088506927713751,0.973332
7004,427,21370,0.018757551908493,0.911298
7004,427,21387,0.0050144414417445,1.1891884440000002
7008,1156,57803,0.0042371526360511,0.665889
7004,674,33733,0.0039329859428107,0.980907
7008,1143,57161,0.0011032541515305,0.96485
7008,1143,57171,0.0038213655352592,0.09013189835199999
7007,55,2755,0.0066747460514307,0.989906
7007,55,2769,0.004061387386173,0.905536
7004,432,21646,0.003318236907944,1.06654
7004,548,27447,0.0044594588689506,0.955418
7006,171,8559,0.0075155808590352,0.642469
7004,414,20709,0.0147428745403885,2.26178492925e-08
7008,326,16335,0.0021391983609646,1.27393
7004,596,29829,0.0086146723479032,0.503017
7004,596,29837,0.0033364628907293,1.00492
7004,488,24417,0.014424804598093,0.928277
7004,622,31132,0.0150762535631656,5.61542554013
7008,20,1028,0.0321416668593883,1.16022
7008,20,1034,0.061670709401369,0.520836
7008,676,33826,0.0025995899923145,1.06688
7004,1597,79861,0.0974685847759246,1.04722
7006,90,4515,0.0070977760478854,0.877913
7006,90,4542,0.0011610167566686,1.00457
7006,45,2264,0.0077994694001972,0.865616
7008,379,18959,0.0087899789214134,1.06752
7008,379,18994,0.0174133908003568,1.15310034396
7004,1227,61354,0.015439324080944,1.01382
7008,825,41279,0.0040097143501043,0.748138
7004,54,2713,0.90441632270813,0.435462
7004,54,2722,0.0041721118614077,0.987865
7008,192,9628,0.0053147906437516,1.01505
7004,598,29906,0.0341157652437686,1.0784345972
7008,1017,50856,0.0482268445193767,0.95419
7008,1281,64083,0.8525572419166565,0.787317
7008,1281,64088,0.935843288898468,1.01807
7008,1281,64091,0.0035621975548565,1.2248427286
7004,1732,86617,0.0119036538526415,1.07794
7008,629,31459,0.0968102812767028,1.5280632920000001
7008,629,31466,0.0537626035511493,1.01563
7008,629,31476,0.4623918235301971,5.047768693e-08
7004,579,28983,0.004425770137459,1.0
7008,546,27330,0.0049187988042831,0.695868
7008,546,27337,0.0009314580238424,0.459914
7004,1018,50942,0.0034234828781336,1.4294085847999998
7004,746,37321,0.0072596883401274,0.994829
7004,746,37332,0.0048206229694187,1.204642496
7004,746,37344,0.0045397481881082,1.0
7006,407,20377,0.0040837191045284,1.03307
7004,1365,68286,0.0036487421020865,0.990686
7008,933,46653,0.0980884358286857,0.523339
7008,933,46675,0.003494837321341,0.96161
7004,88,4403,0.0051808948628604,0.744468
7004,88,4433,0.0036810615565627,0.996689
17413,305,15299,0.0018028669292107,1.23373
7008,639,31951,0.0044620255939662,0.85692992448
7008,639,31989,0.2461394071578979,1.08511
7004,1681,84070,0.343629390001297,0.975305
7004,1681,84096,0.0050700260326266,1.02031
7004,214,10726,0.1185015365481376,0.825158
7004,28,1430,0.0019055143930017,0.878602
7004,28,1446,0.0029290800448507,0.842634
7004,803,40182,0.0044919699430465,0.554029
7006,343,17190,0.0038143435958772,1.00768
7004,1522,76110,0.0091069173067808,1.00913
7004,1522,76112,0.0044657015241682,1.3663018347
7004,1522,76145,0.0070109195075929,1.17952
7004,1522,76149,0.002078816993162,1.038
7006,429,21481,0.0106681166216731,0.577591
7006,429,21489,0.0091039668768644,1.01154
7008,720,36043,0.0034165563993155,0.926296
7004,1420,71014,0.0047210124321281,0.789645
7004,1360,68029,0.0036501395516097,1.04639
7004,1360,68043,0.0415233746170997,1.02063
7004,516,25843,0.0077062221243977,0.84897305504
7006,1,84,0.0025703399442136,1.03718
7006,1,98,0.0036446638405323,0.49450113500000004
7006,252,12640,0.0038915644399821,1.1482
7004,1673,83659,0.0048184408806264,1.02276
7004,1673,83663,0.0025768114719539,0.446421
7004,1359,67964,0.0482060201466083,1.05066
7004,1359,67984,0.0007342834724113,1.15697
7004,1359,67996,0.0073775216005742,0.933436
7004,1309,65477,0.0040323454886674,0.995451
7004,1309,65488,0.0023682569153606,1.282519382
7004,1309,65496,0.0089134890586137,1.05296
7004,1309,65498,0.0182844623923301,1.14193
6881,105,5264,0.0315551571547985,0.967805
7007,91,4572,0.0053977379575371,0.976564
7004,1358,67940,0.910991370677948,0.982906
7004,1358,67946,0.0070985052734613,0.979151
7006,188,9449,0.0048121656291186,0.92966509336
7004,832,41611,0.0085130492225289,0.877913
7006,151,7585,0.0079220468178391,1.04583
7006,151,7586,0.0059441961348056,0.946531
7008,1179,58967,0.0036493907682597,1.1711008772999998
7004,104,5212,0.003224664600566,1.07542
7008,268,13427,0.0042238808237016,0.510642
7008,1068,53422,0.0343459732830524,0.34896
7006,152,7620,0.0020306140650063,1.11451
7006,152,7630,0.0029365709051489,0.975994
7004,946,47312,0.0043113767169415,1.238679672
7004,1005,50277,0.001633197069168,1.06962
7004,1005,50288,0.0059935539029538,0.845659
6871,188,9401,0.0066482732072472,1.02339
7008,1276,63806,0.0194294489920139,1.03281
7004,1116,55824,0.0071564000099897,1.02446
7004,73,3661,0.003429529024288,5.4304702368e-05
7004,73,3672,0.0081111853942275,0.7205988944
7004,1281,64076,0.0156457349658012,0.997898
7006,563,28169,0.0043708425946533,0.985397
7006,563,28198,0.0064038396812975,1.00381
7008,1185,59261,0.8379012942314148,1.14979
7008,803,40183,0.0186799671500921,0.9255236664
7008,803,40184,0.0042538493871688,0.645367
7004,1361,68076,0.0050390842370688,1.1734362185000002
7004,1361,68092,0.9985191226005554,1.06998
7004,233,11652,0.0051163644529879,8.8525756256e-06
7006,483,24167,0.0316532924771308,0.968045
7006,483,24190,0.0070552518591284,0.579088
7008,1056,52803,0.0049379365518689,1.04567
7004,1312,65620,0.0086637204512953,1.14451
7008,501,25085,0.0031244505662471,0.521587
7006,381,19056,0.0034719654358923,0.516142
7006,282,14138,0.0182807482779026,1.34691
7004,355,17783,0.044632788747549,1.02786
7006,68,3425,0.0017961278790608,1.04354
7008,261,13075,0.0037715774960815,1.2014987808000002
7008,245,12258,0.008906359784305,0.963687
7008,245,12296,0.0040444745682179,0.648387
7004,1715,85788,0.0067320670932531,2.21645934258e-25
7004,1149,57466,0.0026814979501068,0.845861
7004,1149,57487,0.0023400022182613,1.22864126
7008,236,11841,0.0060339658521115,0.874753
7006,131,6558,0.0067913820967078,0.65108581587
7006,131,6585,0.0515299476683139,1.17288
7006,556,27816,0.1052341610193252,1.02652
7006,556,27823,0.0086528453975915,1.03728
7006,86,4347,0.0039479578845202,1.2268839564
7008,248,12417,0.00304657057859,3.6088097232e-05
7006,314,15750,0.0031441377941519,1.04229
7004,1418,70909,0.0378340408205986,1.772665064
7008,46,2319,0.0051534371450543,0.661422
7004,772,38617,0.0048040291294455,1.04095
7008,637,31872,0.0158430114388465,1.4848922880000002
7004,1411,70565,0.002432535868138,1.04884
7004,1411,70581,0.0123245446011424,7.8750459504e-08
7004,1411,70597,0.0057825515978038,1.24037
17132,126,6310,0.0012967218644917,0.933117
17132,331,16600,0.019785126671195,0.933117
7004,137,6855,0.3498931527137756,0.534744
7004,137,6892,0.9071809649467468,1.20399
17093,34,1718,0.0028099524788558,1.0917
7008,618,30926,0.0052323923446238,0.808437
7008,276,13811,0.0028796824626624,0.88153444568
7008,276,13847,0.0111466627568006,0.803827
7004,1112,55630,0.006633233744651,1.04905
7006,518,25902,0.0051019261591136,0.0010399786370400002
7004,349,17451,0.0027370371390134,0.641042
7004,1640,82018,0.0041345139034092,0.542021
7004,1640,82031,0.0017051202012225,0.415198
7008,925,46283,0.0053875972516834,1.016
7004,1650,82507,0.07807058095932,0.023442928789999998
7004,384,19235,0.0030252248980104,1.02851
7004,1708,85428,0.0010643171845003,1.3124957427400001
7008,62,3104,0.192646637558937,0.932941
7008,367,18351,0.1629860252141952,1.89157
7008,585,29295,0.0030470264609903,1.17332
7007,16,836,0.0111850537359714,1.03193
7008,13,674,0.0018751678289845,1.01612
7008,13,681,0.0046666110865771,1.0258
7008,13,697,0.4998622238636017,0.767434
7007,145,7274,0.0040545286610722,0.59619244067
7006,80,4009,0.3271122872829437,0.5158751879819999
7004,1559,77954,0.0027586019132286,0.930722
7004,1208,60433,0.4530844092369079,1.1351274571000003
7004,621,31058,0.1989181935787201,0.48223623748999994
7004,621,31094,0.0045899995602667,0.834093
7008,1086,54309,0.0042382958345115,1.0
7008,1086,54343,0.3845335841178894,0.967661
7008,1086,54347,0.0055979755707085,1.10169
7008,1452,72642,0.0011242689797654,1.1897552316
7006,160,8008,0.0100071867927908,1.03559
7006,160,8025,0.0082800704985857,1.01506
7006,160,8046,0.0036404929123818,0.02171256708
7004,1362,68108,0.0091557735577225,0.517046
7004,1362,68123,0.5861421227455139,0.954809
7008,1256,62850,0.0033940917346626,1.6606255076
7008,957,47853,0.0313026309013366,1.24189
7004,119,5978,0.845840573310852,0.57637
7004,178,8915,0.8514179587364197,1.01091179088
7004,1384,69206,0.0046977526508271,1.05331
7004,156,7815,0.0044839894399046,1.2636033625
17343,58,2937,0.0042984653264284,1.0325
7008,1130,56510,0.0058093662373721,1.22871
7008,1354,67741,0.0028511022683233,0.954348
7006,488,24422,0.0030948910862207,0.96786
7006,488,24443,0.0063077411614358,1.16637
7004,1235,61777,0.0079755764454603,0.850606
7004,1235,61791,0.0142750749364495,1.4587909343999999
7004,1235,61794,0.0022956018801778,1.0394
7006,508,25403,0.0078917453065514,0.65956028544
7006,508,25421,0.008016194216907,1.04922
7004,254,12748,0.0029901480302214,1.04049
7008,788,39433,0.0028484857175499,0.930993
7008,641,32074,0.0292631778866052,1.15378
7008,641,32099,0.005609231069684,1.04853
7004,354,17728,0.0033649057149887,0.9052973432999999
7004,354,17745,0.0086461147293448,0.590044
7008,1118,55902,0.005953159648925,1.3062993264
17349,0,9,0.0415402986109256,1.12415
7004,573,28653,0.0022937634494155,0.823064
7004,573,28671,0.0050341458991169,0.5802807146400001
7004,573,28688,0.0015955117996782,1.07383
7004,573,28689,0.1223380714654922,0.772785823
7006,193,9675,0.0098245199769735,1.02447
7006,408,20401,0.0061143864877521,2.267295118e-09
7006,408,20430,0.0628057867288589,0.657682
7004,1741,87051,0.0015698599163442,1.02329
7004,1741,87056,0.0186346191912889,0.566589
7004,1741,87084,0.0030788688454777,1.0449875582400001
7004,762,38106,0.007157833315432,0.53731
7004,762,38119,0.000867145252414,1.6240906975
7008,4,218,0.0014190233778208,0.782162
7008,186,9303,0.0056221955455839,1.2032364036
7004,394,19736,0.0093371393159031,5.1593450272e-10
7004,1428,71417,0.0698413178324699,0.990813
7006,596,29836,0.0043470477685332,1.05161
7008,651,32599,0.0015999152092263,1.06532
7008,262,13119,0.0068198381923139,1.04583
7008,215,10770,0.0046252682805061,0.8541267737599999
7004,1523,76200,0.0043485793285071,1.4842396500000001
7004,526,26303,0.0028436696156859,0.845618
7006,368,18448,0.0056179473176598,1.1970769097999998
7008,407,20385,0.0044310549274086,1.1255060757
7008,1094,54724,0.0272302962839603,1.04736
7004,312,15621,0.0030376776121556,1.76375
7004,362,18141,0.0038919195067137,1.05493
7008,93,4681,0.0038536351639777,0.917917
7004,1493,74669,0.0036815437488257,1.12227
7008,1222,61132,0.0040399571880698,0.441091
7004,1148,57409,0.1760788410902023,0.544106
7004,1148,57431,0.2081423103809356,1.2351461826
7007,63,3187,0.0042935637757182,1.0948
7006,221,11056,0.0061133694835007,1.03897
7006,221,11066,0.3044142723083496,1.05572
7006,562,28134,0.0148251550272107,0.419446
7006,562,28148,0.0073651215061545,1.0483710994
7006,562,28149,0.006830845028162,0.939797
7006,403,20200,0.9833614230155944,1.3983782241000002
7004,1437,71878,0.0439810752868652,1.02783150036
7004,1437,71897,0.0029478734359145,0.268274
7004,1472,73644,0.0075569828040897,1.3259281154999998
7008,220,11007,0.0055409185588359,0.969205
7008,220,11014,0.0069928243756294,1.3216685047999999
7008,220,11017,0.0475122854113578,0.623885
7006,312,15609,0.0039449199102818,0.945091
7008,1430,71504,0.9501585960388184,0.997157
7008,1430,71549,0.0031897318549454,0.661393
7008,1035,51790,0.0043905498459935,0.918238
7008,112,5641,0.0061603360809385,0.7645
7004,1750,87538,0.0068630171008408,0.8144566017399999
7006,616,30802,0.0034022098407149,0.732607
7006,616,30847,0.0498420745134353,0.6376339510800001
7004,848,42405,0.0016791886882856,0.493136
7004,1015,50791,0.0065406006760895,1.04675
7004,32,1632,0.0023257092107087,1.0285407578
7008,469,23471,0.0528634153306484,0.913201
7008,469,23489,0.0192633606493473,1.04099
7004,654,32705,0.0044792965054512,1.0727
7004,206,10327,0.0032482384704053,0.604476
7004,461,23075,0.0036907659377902,0.938564
7008,552,27638,0.0020158747211098,1.03854
7004,608,30420,0.0182732120156288,0.186455849348
7004,643,32164,0.0319950617849826,1.07726
7004,643,32181,0.1243629306554794,0.485166
7006,237,11872,0.0057454342022538,0.997513
7008,504,25234,0.0043742074631154,0.998206
7004,993,49696,0.0046088593080639,1.197003126
7006,106,5328,0.0018640503985807,1.04069
7006,106,5330,0.0145267434418201,1.02067
7008,168,8407,0.0053672427311539,0.994155
7008,168,8423,0.0029814436566084,0.854935
7008,966,48311,0.0042164362967014,1.00298
7008,966,48312,0.0029462971724569,1.5558038405999999
7004,359,17955,0.0026093046180903,1.1631648144000002
17195,105,5270,0.0043950374238193,0.710033
7006,257,12875,0.0015964858466759,0.943301
7004,1191,59557,0.0130866765975952,1.0382
7008,577,28883,0.003132275538519,1.04091
7004,150,7534,0.0048044291324913,0.7859371664899999
7008,176,8822,0.0090184891596436,1.07824
7008,176,8827,0.0043463879264891,1.4451394403
17494,97,4870,0.0059992922469973,1.2082054445
17494,197,9895,0.0051992116495966,1.2082054445
7004,752,37622,0.0038914664182811,1.26549
7004,582,29126,0.7608174681663513,1.1954175952000001
7004,582,29148,0.0044570607133209,1.0
17168,114,5704,0.0030626945663243,0.81338065271
17414,30,1522,0.0030575406271964,0.619398
17414,58,2946,0.0016572144813835,0.619398
17414,163,8167,0.2695797085762024,0.619398
7004,1694,84715,0.0022981073707342,1.2543233488499999
7004,1297,64865,0.0032347592059522,0.884829
7004,1297,64876,0.063601940870285,0.518236
7004,1027,51360,0.0077898656018078,0.401175
7004,971,48557,0.0027954105753451,0.388654
7004,971,48564,0.0030462213326245,0.7282373433999999
7004,971,48592,0.0026863175444304,0.37290571779
7004,867,43372,0.0060275164432823,1.19003
7004,95,4754,0.0049676867201924,0.764798
7004,95,4783,0.0173180922865867,0.49672
7004,95,4790,0.004015608690679,0.933622
7004,95,4796,0.005342764314264,1.26641317517
7004,1566,78341,0.0042522703297436,0.917528
7004,1566,78342,0.0087755983695387,1.2819521224600001
7008,896,44850,0.0085102617740631,4.25151035904
7006,6,333,0.0070036556571722,1.06449
7008,1384,69207,0.8681988716125488,0.400531
7008,143,7192,0.0048510623164474,1.3844004569999997
7004,288,14435,0.0039975014515221,1.07258
7004,288,14440,0.2172949761152267,0.987475
7004,118,5935,0.0075943679548799,1.2995346024
7004,1124,56236,0.004068802576512,1.1152318854
7008,553,27681,0.0044724438339471,0.948735
7006,460,23035,0.0103440005332231,0.841837
7006,552,27601,0.7001104950904846,0.558118
7006,552,27648,0.0058113685809075,0.995945
7007,138,6914,0.0151561088860034,0.732192
7006,601,30066,0.0043512191623449,1.04151
7006,601,30078,0.0046100225299596,1.0823
7004,852,42608,0.0044717476703226,1.04279
7004,852,42639,0.0027871243655681,1.07927112568
7008,377,18879,0.0032175777014344,0.61137233024
7004,434,21707,0.0386765673756599,1.04415
7004,434,21716,0.0060652871616184,1.229505773
7004,434,21731,0.0044028437696397,0.932043
7004,434,21745,0.0027127116918563,1.0737
7004,321,16093,0.0054224771447479,0.0007578757095000001
7004,321,16097,0.0032861232757568,1.1816077085999999
7008,881,44090,0.005584776867181,1.2046505609999998
7004,926,46324,0.0072501981630921,1.0
7006,258,12913,0.0072044688276946,1.02755
7006,258,12928,0.0115581229329109,0.855714
7006,258,12937,0.0039827898144721,1.32562
7004,252,12624,0.0025530136190354,0.79527
7004,252,12646,0.004946943372488,1.04637
7004,230,11513,0.0130663262680172,1.15755451368
7004,230,11533,0.0033165733329951,0.97771
7008,505,25257,0.0019476412562653,1.0144
7008,505,25272,0.2604841291904449,0.951537
7008,505,25275,0.0304169282317161,1.06247
7008,387,19367,0.002722515258938,0.95447142961
7004,289,14469,0.0014744179788976,0.685364
7004,1569,78486,0.0074562458321452,0.5171
7008,535,26760,0.0709454119205474,0.978558
7004,1301,65084,0.0064223012886941,0.963932
7004,84,4212,0.0216753799468278,0.969849
7004,804,40221,0.004558727145195,0.531737
7006,262,13110,0.0034176541958004,0.991893
7006,373,18697,0.0121488058939576,0.524004
17090,29,1453,0.0120887858793139,1.2350071374
17090,29,1454,0.0049140630289912,1.2350071374
7008,1236,61813,0.6359490752220154,0.954434
7008,1236,61839,0.8112077116966248,1.05380374151
7004,1231,61563,0.0055695683695375,0.0067931009280000005
7008,928,46447,0.0161978714168071,0.899653
7004,1283,64178,0.003990733064711,1.12013
7006,594,29714,0.1195013970136642,1.03203
7004,1690,84514,0.0042258230969309,0.869619
7004,1690,84517,0.008604391478002,0.884639
7008,1321,66078,0.0076517341658473,0.9689720526200001
7008,1321,66084,0.0034682636614888,0.877913
7008,203,10161,0.0029701059684157,1.08036
7007,70,3546,0.006871641613543,0.751201
7007,70,3550,0.0204907245934009,1.00616
7006,401,20077,0.002165104728192,1.11527773665
7006,209,10481,0.004393492359668,1.31458
7004,1347,67351,0.0029995564837008,0.934933
7004,1347,67358,0.004315628670156,1.1389100318999998
7006,112,5622,0.0027296463958919,0.92179
7006,112,5628,0.0209101531654596,1.20779
7004,743,37187,0.0044279010035097,0.9675757436400001
7004,743,37200,0.6206023097038269,1.0354
7004,1696,84831,0.0039055601228028,1.06947
17226,35,1799,0.5405426621437073,0.978689
7004,934,46729,0.0391061529517173,0.862527
7007,37,1880,0.0027364436537027,8.3490736835
7007,45,2288,0.0048505142331123,1.06332
7008,1241,62072,0.0093859601765871,1.4839936539999998
17552,244,12246,0.9531645774841307,0.908732
7008,415,20779,0.0025411245878785,1.05884
7004,62,3111,0.0044932276941835,0.99948
7004,62,3146,0.0021782449912279,1.12905
7004,749,37462,0.0031173904426395,0.802061
7004,749,37464,0.0048464676365256,1.0843728896
7004,749,37476,0.0043642427772283,2.3913279881199996
7004,148,7416,0.0011021065292879,1.11954
7004,1087,54381,0.0033307613339275,1.08582
7004,317,15884,0.0060563082806766,1.02344
7004,317,15899,0.0178107190877199,0.955408
7007,50,2532,0.9623042345046996,1.04969
7004,1476,73820,0.0038003071676939,1.15019
7004,1476,73845,0.0031641914974898,0.623133
7008,602,30117,0.0054801353253424,0.92179
7004,41,2085,0.0310260653495788,1.03465
7008,105,5277,0.0027695321477949,1.24202
7004,633,31656,0.010378398001194,0.97309
7004,633,31696,0.0041298791766166,0.979549
7004,1586,79328,0.0049826321192085,0.832167
7006,611,30591,0.0053875665180385,0.788958
7006,611,30592,0.0032779877074062,0.591352
7004,649,32452,0.0212554652243852,1.08905897232
5124,54,2707,0.0038137221708893,0.844755
7007,33,1666,0.0094447005540132,1.02246
7007,33,1700,0.0696854963898658,0.611651
7004,686,34301,0.0020102742128074,1.0318
7004,686,34325,0.0037739090621471,1.18369
7004,686,34331,0.0038013488519936,0.984795
7004,686,34347,0.3629203736782074,0.82073
7006,278,13942,0.2118508070707321,1.03874
7008,498,24932,0.0031992380972951,1.6404
7006,99,4957,0.0103800036013126,0.664713
6871,66,3343,0.0112931299954652,0.91112
17522,31,1570,0.0036839335225522,1.2350071374
17522,31,1595,0.0036511458456516,1.2350071374
17080,40,2006,0.0047564478591084,0.885997
7004,153,7667,0.0066984267905354,0.8734846976000001
7004,689,34500,0.0037630107253789,0.729506
7008,1457,72888,0.0032918043434619,0.922536
7008,1457,72898,0.0036820704117417,1.05029
7004,496,24813,0.0057335975579917,0.84697
7004,127,6368,0.0253081228584051,0.881427
7004,127,6390,0.0481713116168975,1.05319
7004,626,31301,0.0023130113258957,1.22559
7004,626,31328,0.0027012866921722,1.20957
17356,197,9895,0.001641898532398,0.617244
7007,126,6302,0.0115952910855412,0.751754
7004,1635,81767,0.0069066537544131,1.5162833956
7004,1635,81783,0.0039617544971406,0.979115
7004,1635,81799,0.023112678900361,0.428976
17139,262,13116,0.0258852336555719,1.363265547
7006,264,13225,0.0072971633635461,1.46533
7006,264,13232,0.0017584731103852,0.527756
7004,1262,63123,0.0028303312137722,1.39261
7008,285,14254,0.0026479091029614,0.877913
7008,285,14258,0.078331172466278,1.2378806139
7008,285,14282,0.0050326599739491,0.824769
7008,285,14299,0.0019820923916995,0.93079344468
7004,1610,80538,0.006127025000751,0.950377
7004,353,17670,0.0038172616623342,0.763077
7004,1084,54249,0.0026617138646543,1.00783
7006,327,16373,0.004409187939018,1.051049703
7006,327,16398,0.1148509383201599,1.033
7006,566,28304,0.0075425035320222,0.952369
7006,566,28307,0.0369024127721786,0.758624
7006,412,20620,0.058165892958641,0.94873
7006,412,20641,0.3850874602794647,1.04621
7006,412,20647,0.0043594362214207,0.930218
7004,1319,65977,0.0051652290858328,1.1187700713
7004,383,19153,0.0051334854215383,0.933075
7004,383,19176,0.0376878045499324,2.32164
7004,1245,62271,0.005453763063997,0.446561
7004,296,14806,0.0046369289048016,0.41231
7008,227,11383,0.0077154487371444,0.7513591932
7008,227,11396,0.0234103817492723,1.21333
7006,268,13435,0.0025827288627624,1.02136
7006,268,13436,0.0483794547617435,0.926663
7006,268,13448,0.0054539544507861,0.003366319563
7008,492,24632,0.0304782092571258,1.01142
7004,334,16742,0.0048230844549834,0.475834
7004,334,16747,0.1058337539434433,1.02694
7008,428,21445,0.0068129561841487,0.994053
7004,329,16476,0.0069870743900537,0.522101
7004,1234,61743,0.0023465056437999,1.8474147504
7006,280,14024,0.0085767963901162,0.604805
7006,280,14026,0.0020354494918137,1.00679
7007,77,3856,0.0142770018428564,0.56277982461
7007,77,3889,0.0075880130752921,13.348715324999999
7008,296,14829,0.0039387899450957,1.3231150528000002
7008,296,14833,0.0048470105975866,1.4049166525000003
7004,631,31585,0.0018577362643554,0.652753
7004,81,4051,0.0022080990020185,0.585867
7004,523,26152,0.0030229391995817,0.551481
7004,523,26157,0.0016532902373,1.25185
7004,523,26183,0.0033534944523125,0.961813
7004,523,26198,0.005922129843384,1.01328
17132,457,22875,0.2750418484210968,1.02683
7004,727,36381,0.003209758317098,0.522146
7006,444,22221,0.0022339425049722,0.997254
7006,444,22249,0.0039023905992507,0.887827
7008,386,19329,0.0041534402407705,0.720852
7004,1426,71303,0.0014312758576124,9.672771405599999
7007,109,5466,0.0036350365262478,0.0015002275579200002
7007,109,5488,0.0039290273562073,1.04968
7008,1213,60661,0.0035741245374083,0.0647594736525
7008,1213,60684,0.0038286640774458,1.19528
7008,1213,60687,0.0035912848543375,1.1674617761000001
7004,1090,54527,0.0073520354926586,0.56220965525
7004,1457,72868,0.0024211683776229,1.3366596979999998
7004,27,1361,0.1894894242286682,0.194477370568
7008,611,30553,0.0052961236797273,0.6245138239400001
7008,649,32479,0.0023252910468727,1.06702
7008,649,32488,0.0147006772458553,0.84186067457
7008,649,32495,0.0042049023322761,2.44677974172
7008,649,32497,0.0038673903327435,0.940798
7006,37,1875,0.0033969639334827,1.21318
7006,529,26480,0.0190837197005748,1.05067
17397,6,335,0.0044124443084001,1.07776
7004,507,25362,0.0034496202133595,1.08125
7004,507,25387,0.0379761084914207,0.988239
7004,375,18760,0.0084287365898489,1.40111
7006,428,21449,0.0100216520950198,1.21425
7006,428,21450,0.0039828550070524,0.936861
7008,170,8506,0.0062463572248816,1.1168677274399998
7008,293,14663,0.0036864164285361,0.890455
7008,244,12218,0.0027804041747003,0.7987563738
7008,244,12238,0.0029765050858259,0.849546
7004,435,21753,0.0046936892904341,1.2215745938
7004,435,21760,0.0650457516312599,0.809115
7004,435,21788,0.0025342891458421,1.5798694320000002
7008,300,15028,0.0051582134328782,1.00872
7008,98,4925,0.0020889362785965,0.961601
7004,31,1588,0.006363830063492,0.742235
7004,1095,54765,0.0066220173612236,0.214724
7008,524,26236,0.0047881747595965,0.803733
7004,374,18747,0.0036837414372712,0.98404
7004,250,12534,0.0085154045373201,1.316530366
7004,250,12550,0.001323941280134,1.02937
7008,294,14707,0.0254233200103044,0.544848
7008,294,14747,0.0350355841219425,1.04155
7006,477,23858,0.0036981252487748,1.2924268512
7004,942,47102,0.00299694086425,1.06362
7004,942,47120,0.0024031538050621,1.03555
7004,942,47137,0.0036542068701237,1.08669
7006,232,11608,0.0047690263018012,1.4838613543999999
7004,319,15954,0.0027206193190068,1.07495321076
7004,319,15959,0.0054026246070861,1.34144
7007,147,7357,0.0044289710931479,1.05989522463
7004,74,3702,0.0249356664717197,0.743341
7004,74,3712,0.0042656897567212,1.00271
7004,74,3748,0.0024796652141958,1.07402
7006,198,9910,0.0033686433453112,1.0722
7006,198,9929,0.0041968282312154,0.962128
7006,198,9933,0.0040841847658157,0.994024
7008,1074,53709,0.005693117622286,1.06337
7008,1421,71059,0.0060083870775997,1.04686
7006,213,10677,0.0061892820522189,0.69864193973
7006,213,10697,0.0836648866534233,0.729941
7004,1432,71618,0.0774023160338401,1.0308
7008,267,13355,0.002103460021317,0.433825
7004,905,45253,0.0057495078071951,0.935203
7004,905,45272,0.0026208451017737,0.951796
7004,1353,67670,0.0036173467524349,0.943323
7007,1,79,0.1098841652274131,0.994987
7004,190,9510,0.0035945042036473,1.2199563018
7004,1693,84699,0.0028983084484934,1.2770893753
7006,584,29208,0.0039494698867201,0.687092
7004,976,48805,0.0019793247338384,1.19528
7004,976,48831,0.0090905595570802,0.881772
7004,283,14195,0.9591658115386964,3.6095703644e-23
7004,1626,81305,0.0019048686372116,1.03936
7004,1626,81342,0.0034236083738505,0.823829388
7008,482,24115,0.0020500547252595,1.1420099725
7008,1090,54503,0.0067865075543522,0.560671
7004,676,33804,0.0292894039303064,1.2274971652
7004,676,33805,0.0040517663583159,0.730295
7004,676,33810,0.0068984883837401,1.08873
7004,1628,81442,0.0036945005413144,1.04178
7004,1628,81446,0.004402904305607,1.16992
7004,1628,81447,0.0104614617303013,0.981316
7008,1133,56677,0.0034002717584371,1.232453008
7008,1133,56683,0.0016340533038601,0.560768
7004,1016,50814,0.0508171208202838,0.895614
7006,308,15447,0.0125121613964438,1.2191658449
7004,554,27732,0.0073023624718189,0.018422046390399998
7008,558,27919,0.0126570230349898,1.03325
7004,729,36461,0.0166278611868619,1.03244
7004,729,36467,0.0025528178084641,1.05153
7004,1072,53648,0.0045994576066732,1.1782703101500003
7006,41,2056,0.0665823742747306,0.69172
7006,41,2096,0.0039542126469314,1.02774
7006,41,2099,0.0071060666814446,0.866143
7008,88,4416,0.0069587058387696,0.715911
7006,54,2720,0.0019064749358221,1.0177
7006,54,2722,0.0024266322143375,0.981822
7004,1265,63272,0.7530854940414429,1.247422135
7004,1265,63296,0.0033178578596562,0.951694
7008,894,44726,0.0047869165427982,0.913125
7008,894,44750,0.3861957192420959,1.0125322239899999
7008,931,46558,0.0025872986298054,0.929678
7008,573,28664,0.0037472788244485,0.888172
7004,660,33026,0.0036952102091163,1.13555
7004,660,33038,0.0029132193885743,0.000405037229883
7007,61,3059,0.0213932115584611,1.03834
7007,61,3078,0.1161961257457733,1.2330122493999998
7007,61,3085,0.0045152762904763,0.638909
7004,439,21954,0.0039592641405761,0.942979
7004,439,21997,0.0020580696873366,0.503236
7006,118,5940,0.0045531061477959,1.8671925518999999
7004,166,8334,0.0036369040608406,1.74665451624
7004,504,25211,0.0115281101316213,0.62401961315
7004,504,25241,0.0038759750314056,2.1147075524
7004,810,40502,0.1374137252569198,1.06187
7008,503,25195,0.0037511307746171,0.49880121967999996
7006,624,31219,0.0109512684866786,0.902987
7008,333,16654,0.0027352806646376,1.3017305257
7006,324,16213,0.0046568578109145,0.619443
7008,1253,62669,0.0034730779007077,1.06555
7008,727,36354,0.0060251718387007,1.10501
7008,14,709,0.0034560633357614,1.11292
7007,105,5257,0.0074940286576747,0.565979
7007,105,5300,0.0054275509901344,0.08236101947999999
7008,113,5682,0.0081129660829901,1.07804
17122,17,898,0.0079402178525924,1.2247108806
17249,1,93,0.0026719982270151,0.727593
7004,261,13057,0.0467602312564849,1.0946795904000002
7008,1005,50259,0.325268417596817,0.957222
7008,1005,50283,0.0042285667732357,0.764912
7008,632,31641,0.0034233888145536,1.0458
7004,1592,79603,0.0320000499486923,1.05565
7004,72,3629,0.0014650647062808,1.08437076926
7004,72,3647,0.016721362248063,0.648674
7004,627,31386,0.0023266021162271,1.16848
7006,351,17585,0.0107239466160535,1.0612835675899999
7008,169,8483,0.0027009542100131,0.632853
7008,169,8497,0.0032925975974649,1.2908
7004,369,18485,0.0068717524409294,0.560097
7004,422,21114,0.0012809699401259,1.0427629286
7008,919,45971,0.0017861622618511,0.574774
7004,1255,62777,0.0197950974106788,1.27248
7004,1255,62794,0.9876296520233154,0.97143
7004,498,24926,0.1941476762294769,0.889428
7004,1290,64530,0.0215472895652055,1.00661
7008,635,31783,0.0068973354063928,0.949928
7006,364,18225,0.0039795986376702,0.569616
7008,310,15514,0.0263198483735322,0.975105
7008,892,44601,0.0137917902320623,1.1361468499
7004,213,10656,0.102630890905857,1.05945
7004,213,10696,0.4455189108848572,0.753317
7004,213,10699,0.0028716621454805,0.977316
7004,213,10700,0.0024586527142673,0.475512
7004,812,40606,0.0046379524283111,0.369288
7004,1278,63940,0.0029460489749908,0.695045
7008,940,47044,0.0016465409426018,1.02278
7004,538,26917,0.003010039916262,1.00971
7004,180,9050,0.003469496499747,0.790867
7008,710,35537,0.1091944202780723,1.05824
7004,1700,85017,0.0037565948441624,0.545291
7008,491,24583,0.0039308662526309,1.53558
7004,1031,51559,0.0028452842961996,0.549194
7004,681,34055,0.0049667917191982,1.0979
7004,681,34075,0.0038711875677108,1.02048
7006,433,21660,0.0096398591995239,1.04317
7004,1455,72776,0.0034339337144047,0.997422
7004,373,18659,0.0020603637676686,0.868377
7006,515,25755,0.0025648458395153,0.965651
7006,515,25771,0.0074414280243217,0.948552
7004,606,30302,0.0066767879761755,1.03059
7004,980,49015,0.0222468841820955,0.877913
7004,1554,77726,0.0080511579290032,0.505383
7008,1033,51667,0.0345037430524826,0.583935
7004,1645,82300,0.0111126620322465,0.517713
7006,577,28851,0.0608680807054042,1.60902
7004,979,48998,0.0036588625516742,0.991851
7008,671,33591,0.0054254331625998,0.25280461635
7004,450,22523,0.0099275102838873,0.994812
7004,450,22533,0.0045272903516888,1.2576016258
7004,450,22537,0.0026141502894461,0.429757
7008,412,20622,0.0034087656531482,5.40829596286
7004,253,12660,0.003149245167151,0.584392
7004,253,12681,0.0140235628932714,0.428551
7004,253,12694,0.0047462582588195,0.864516
7008,432,21625,0.0026500546373426,1.2691541142
7004,1570,78510,0.0048684612847864,0.749258
7004,365,18262,0.973232924938202,1.1529337563
7004,44,2216,0.0020317749585956,0.96709
7004,262,13111,0.0027548163197934,0.838188
7004,262,13147,0.0094629358500242,1.27663
7007,92,4639,0.003258925396949,1.00531
7008,672,33602,0.3745565116405487,0.9649981566400001
7008,672,33606,0.0237105004489421,0.573032
7008,642,32117,0.0020854391623288,1.7999057808
7008,487,24356,0.0510459467768669,0.695387
7008,378,18946,0.0044763986952602,1.1778833180000001
7008,1361,68057,0.0052633234299719,0.635148
7008,1361,68092,0.0034000927116721,0.858144
7004,198,9947,0.0030906789470463,1.03863
7006,104,5212,0.0077168466523289,1.11503
7004,168,8412,0.0046609751880168,0.990858
7004,168,8447,0.0027167897205799,0.80146
7004,1026,51319,0.0015220635104924,0.14605665075
7004,1026,51326,0.0033819407690316,0.9015934391679999
7004,902,45102,0.00481065409258,0.4496758824
7004,902,45106,0.0138204991817474,1.15469
7007,46,2319,0.0066638947464525,0.989124
7008,1,52,0.7733645439147949,1.08009
7008,1,74,0.0017363463994115,1.12073
7008,297,14855,0.0044321888126432,0.6978748592999999
7006,100,5015,0.942258894443512,0.928425
7004,1454,72725,0.1624187678098678,0.950452
7008,1062,53110,0.0018303180113434,1.05303
7008,1062,53142,0.003975979052484,0.721323
7008,898,44923,0.1051463633775711,0.830528
7004,1342,67125,0.0052816295064985,0.34326442440000005
7006,475,23754,0.0039680949412286,1.0569
7006,475,23779,0.0050193825736641,0.964275
7004,343,17178,0.002184621989727,1.10856
7004,443,22152,0.0047363103367388,0.6617584636
7004,443,22186,0.0114371934905648,0.989398
7006,162,8148,0.0045738187618553,0.766751
7008,467,23351,0.0054406193085014,1.04149195362
7004,922,46124,0.0023673444520682,1.0551
7004,1452,72645,0.0028174957260489,1.02279
7008,457,22874,0.0052351807244122,1.14664
17488,245,12258,0.1610099077224731,0.98336
7004,1175,58788,0.0056685181334614,0.720322
7006,175,8772,0.0046061296015977,1.13816911551
7006,175,8793,0.006526322569698,0.950907
7006,453,22686,0.006750077009201,0.877913
7006,453,22693,0.0066656530834734,1.06174
7004,46,2348,0.0044864038936793,1.05643
7008,978,48909,0.0037618235219269,0.780951
7004,446,22309,0.0024284915998578,1.03112
7004,823,41195,0.0022121735382825,0.878507
7006,109,5451,0.0034897697623819,1.6167127662
7008,1031,51556,0.0040597808547317,1.189897449
7008,1031,51578,0.8758896589279175,8.34695030883
7004,1668,83413,0.0236552134156227,1.0466
7004,1668,83449,0.9683650135993958,0.903111
7008,983,49171,0.0025680302642285,0.528628
7004,1568,78448,0.0450196824967861,0.899054
7004,1494,74711,0.0069459318183362,0.943948
7004,1494,74728,0.0050066388212144,0.586953
7004,1494,74732,0.1606671512126922,0.987312
7004,1494,74748,0.005592213012278,1.0135
7008,29,1466,0.0035011102445423,1.02925
7008,402,20118,0.0051995571702718,0.872575
7004,508,25409,0.0109421154484152,1.03781
7004,602,30103,0.0046417997218668,0.60670618329
7004,602,30108,0.0522974878549575,0.60969
7008,419,20957,0.0049094245769083,0.92179
7004,657,32855,0.3619594275951385,0.506139
7008,479,23965,0.0048930407501757,0.73240237608
7004,40,2006,0.0118004912510514,0.941964
7004,93,4656,0.0100310761481523,1.1312686665999998
7006,145,7254,0.9735703468322754,0.8569555859770001
7004,223,11151,0.0062442645430564,0.5546541447359999
7004,1120,56023,0.0045621860772371,1.0426554375
7008,132,6637,0.0032134326174855,0.379221
7008,1302,65109,0.0074481717310845,1.29171
7008,1302,65122,0.0046245506964623,0.557194
7004,503,25153,0.0023143750149756,1.2945569912
7006,505,25257,0.0035385955125093,1.18901
7004,38,1909,0.0062266155146062,0.92179
7004,38,1918,0.0012561925686895,0.520771
7006,222,11114,0.0238666161894798,0.894704
7004,1213,60671,0.0037836239207535,0.71044
7004,1213,60688,0.0043280590325593,1.3192352572000001
7006,28,1438,0.0030699814669787,0.524806
7004,455,22780,0.0035502882674336,1.21917
7004,455,22789,0.0021152957342565,1.02844
7008,530,26541,0.0012484114849939,0.954488
7004,1257,62861,0.0091408537700772,1.08762
7004,1257,62900,0.0046322154812514,1.46444
7008,288,14404,0.0025175870396196,0.652151
7004,506,25345,0.0555596239864826,1.10451
7008,866,43341,0.0061206924729049,0.827092
7006,511,25557,0.0035570287145674,1.03104
7004,172,8608,0.0047688521444797,0.580819
7008,353,17687,0.0562689714133739,1.03782
7004,1057,52894,0.305494487285614,0.874597
7008,838,41949,0.006868059746921,1.5057367976
7006,215,10768,0.0036257298197597,0.962368
7006,215,10776,0.449826717376709,0.693437
7008,872,43629,0.0112256025895476,0.202893
7008,258,12915,0.0156437661498785,0.664115
7008,258,12946,0.0107597103342413,1.03935
7004,1676,83845,0.0085860090330243,1.13985
7004,1012,50640,0.0044097742065787,1.07571
7004,1012,50643,0.0122620491310954,0.955213
7004,904,45249,0.0065253828652203,1.05589
7006,39,1999,0.0025344337336719,0.576479
7008,1108,55446,0.003912394400686,0.884654
7008,1108,55449,0.025683905929327,1.03267
7004,1003,50170,0.0083237299695611,0.863465
7004,943,47154,0.0081550376489758,1.03452
7004,943,47167,0.0029909543227404,0.943744
7008,34,1716,0.0062018185853958,1.0
7008,34,1742,0.0067318021319806,0.83825694444
7008,1372,68642,0.0040325331501662,1.03587
7004,628,31429,0.003252221038565,0.5660296172200001
7006,439,21972,0.0061662476509809,0.291707925684
7006,439,21996,0.004475119523704,1.10545
7007,144,7206,0.0025356272235512,3.7648403290399997e-10
7004,950,47521,0.0039894711226224,1.02669
7004,1499,74957,0.0566337220370769,0.376679
7004,1499,74962,0.1599399149417877,0.951834
7004,249,12464,0.003334522480145,1.00194
7004,1220,61025,0.3937062621116638,0.610448
7004,1339,66967,0.0052059781737625,1.81657063545
7004,1322,66105,0.0073499171994626,1.02138
7004,1322,66106,0.0027518351562321,1.18905
7004,1322,66137,0.0101733254268765,1.35912
7004,50,2523,0.0064454791136085,0.975487
7007,53,2665,0.007424886804074,0.528487
7007,53,2685,0.0041442359797656,0.965797
7007,53,2699,0.0045469747856259,1.11401
7004,540,27031,0.2863312363624573,0.972909
7006,339,16953,0.0058943172916769,0.915255
7006,339,16979,0.9002534747123718,0.892388
7008,90,4531,0.0043582483194768,1.03597
7008,246,12309,0.0067523797042667,1.6314826596000003
7008,246,12313,0.0037414617836475,1.245862998
7004,445,22254,0.001986963674426,1.9050681872
7004,445,22260,0.0023787438403815,1.0
7004,445,22298,0.0253732800483703,1.0612620858400001
7004,1223,61182,0.0052132960408926,0.80870503704
7004,1503,75162,0.0043130577541887,1.035631065
7008,686,34350,0.0041644205339252,0.547233
7004,1558,77904,0.0046417736448347,0.824352
7004,1558,77935,0.0093914903700351,0.6673772712
7004,458,22923,0.0160952229052782,7.434208938000001e-06
7007,110,5513,0.0045990496873855,1.01888
7007,110,5530,0.008827936835587,0.877913
7007,110,5544,0.0048085637390613,1.17178243854
7004,1593,79687,0.0188333876430988,0.951022
7008,656,32843,0.0014179716818034,0.7312821180000001
7004,1620,81004,0.0411505475640296,0.785319
7004,1620,81012,0.0169751048088073,0.657745
7006,167,8366,0.9242742657661438,1.7623880729e-24
7008,138,6928,0.0048693851567804,1.34493
7008,807,40356,0.027978204190731,1.02003517848
7004,116,5841,0.0021427841857075,0.5344
7008,228,11434,0.0042873080819845,1.06216311518
7004,973,48674,0.0047654877416789,0.057658459496
7008,993,49652,0.006293601822108,0.789379
7008,490,24538,0.3267427086830139,0.931855
7006,142,7118,0.8245819211006165,1.02629
7006,142,7147,0.4241594672203064,1.06908
7004,1166,58327,0.0029678773134946,1.41416
7004,1166,58345,0.0119025772437453,1.17496
7004,1114,55707,0.0212229192256927,1.0417
7008,586,29306,0.3656332492828369,1.01073895832
17210,193,9671,0.0080507695674896,1.12389916952
7004,822,41128,0.2120481133460998,0.562736
7006,397,19875,0.002631498966366,1.283701181
7008,459,22997,0.0038241150323301,0.8607901144499999
7006,430,21508,0.989778459072113,0.4476923808
7008,976,48837,0.002909043803811,0.538139
7008,976,48847,0.0038069798611104,0.529982
7004,559,27988,0.0047222175635397,0.800868
7004,828,41422,0.0518513247370719,0.7138756612200001
7004,970,48550,0.0266582518815994,1.0294702752
7004,1508,75404,0.0020380751229822,0.884111
7004,1508,75439,0.011217163875699,9.384368442
7008,735,36788,0.0013299976708367,0.00269910170355
7008,735,36794,0.003722088644281,0.0080926630174
7007,114,5720,0.0234498679637908,0.593708
7004,480,24016,0.0020306932274252,1.14653
7004,480,24019,0.0094016408547759,0.877913
7004,239,11971,0.0043519707396626,1.01526
7007,51,2597,0.0037131863646209,1.46186
7008,764,38239,0.0060349749401211,0.557529
7008,764,38244,0.050481978803873,1.02174
7008,764,38245,0.0031139471102505,0.826144
7004,592,29619,0.0055331331677734,1.2835981824
7008,327,16362,0.0739350840449333,1.04452
7006,205,10276,0.0291399285197258,0.933359
7006,205,10291,0.3907113969326019,1.1781805732800001
7004,552,27647,0.9964040517807008,0.728612
7004,346,17323,0.0152503894641995,0.983031
7004,346,17324,0.0031316364184021,0.483838
7008,481,24054,0.0082799457013607,1.695735054
7008,481,24081,0.0030659181065857,0.74305
7008,740,37010,0.0087866727262735,0.998825
7004,717,35890,0.0062937987968325,0.77479
7006,392,19606,0.0056439391337335,1.06738
7006,392,19629,0.0354261323809623,1.438813319
7004,1136,56817,0.0036576718557626,0.680897
17503,40,2042,0.004570051562041,1.3341536793000001e-08
7008,278,13902,0.0024410146288573,0.510672
7008,278,13931,0.0064452588558197,1.22747038
7008,493,24673,0.0049670930020511,1.02145
7008,493,24679,0.1225100457668304,0.6724370222500001
7004,663,33157,0.0026244511827826,0.99358
7004,663,33194,0.0606929175555706,1.11392
7006,336,16824,0.9341004490852356,0.935696
7006,631,31560,0.0039287754334509,0.538836
7006,631,31562,0.0019787324126809,0.553078
7006,497,24895,0.0053284289315342,1.04873
7004,1386,69301,0.0054486882872879,1.43322
7004,1386,69310,0.0040745777077972,0.927453
7004,436,21813,0.0104670273140072,1.17938
7004,436,21825,0.0079257767647504,1.54516
7008,648,32410,0.002390184206888,1.0709189855999999
7007,10,546,0.0036501034628599,1.03108
7004,21,1075,0.0150603512302041,1.02752967366
7004,21,1096,0.0021420216653496,1.32659744
7004,773,38692,0.0029330712277442,0.792301
7008,961,48095,0.0047175721265375,1.02589
17239,249,12467,0.1138809844851493,0.71688024891
17239,254,12735,0.0100644519552588,0.71688024891
7008,218,10904,0.0079567534849047,0.314982
7008,218,10939,0.0014776876196265,0.8483524247
7004,725,36269,0.0462065339088439,1.1416297216999998
7004,89,4460,0.0644495412707328,1.2437709570000002
7004,89,4473,0.2550100982189178,1.0
7008,539,26955,0.0038389132823795,1.0
7004,764,38217,0.0048837601207196,1.03408
7004,957,47880,0.0163382347673177,0.745737
7008,240,12028,0.0045686094090342,0.962822
7008,240,12044,0.0064059663563966,0.66485
7006,599,29994,0.0058852098882198,0.00109903474768
7008,375,18777,0.0035001973155885,0.618938
17065,1,77,0.0026246246416121,5.72361265752
7004,1104,55204,0.0784810483455658,0.454033
7004,1104,55223,0.0072929561138153,1.068287024
7008,146,7310,0.0153531404212117,1.1944134720000001
7008,52,2607,0.0038414853624999,2.0954206965
7008,52,2650,0.0028561144135892,1.0
6856,18,908,0.0041277362033724,0.996356
7004,1314,65724,0.1078079342842102,1.02604
7006,25,1266,0.0059949825517833,0.982465
7006,25,1276,0.002978186821565,0.884766
7004,236,11814,0.0037866788916289,1.04891
7004,236,11817,0.0117133501917123,1.3198622395
7004,1743,87158,0.0278063528239727,1.4140290192
7006,478,23919,0.0086045265197753,0.925122
7004,990,49525,0.0013768289936706,1.03466
7008,82,4150,0.0027809550520032,0.532017
7004,78,3943,0.0105230826884508,1.05177
7004,399,19980,0.0095834750682115,0.686223
7008,1100,55040,0.0049274223856627,0.519783
7004,661,33064,0.0020870426669716,1.20239
7004,661,33098,0.0040864725597202,0.533214
7008,932,46649,0.0021457297261804,0.6404898119199999
7004,128,6447,0.0483651496469974,0.801465
7006,491,24566,0.0023356114979833,1.05794
7008,1266,63313,0.0033284774981439,0.924744
7008,1266,63334,0.0049336040392518,1.06812
7004,1383,69179,0.0039925281889736,0.99449
7008,719,35954,0.0031713771168142,1.00429
7008,108,5428,0.0018081202870234,1.37468
7004,732,36642,0.0049874586984515,0.796167
7007,26,1339,0.0073605007492005,1.10558
7004,18,911,0.0039676371961832,2.0816739342
7004,18,912,0.0047786496579647,1.06836
7004,18,923,0.9643092155456544,0.8794493477499999
7004,1209,60483,0.0325174033641815,0.527254
7004,1209,60484,0.0029342318885028,0.978834
7008,713,35673,0.0023467224091291,0.84433
7006,384,19224,0.0048232143744826,0.92179
7008,997,49892,0.002982540987432,0.65434770311
7004,974,48734,0.0034687961451709,1.06959
17484,128,6429,0.0023787186946719,0.939247
7008,730,36529,0.0033490017522126,1.0392140481
7006,383,19176,0.0024792326148599,1.1963398324e-07
7006,383,19184,0.0080917822197079,0.920139
7008,566,28306,0.0735289379954338,1.0291
7004,1739,86951,0.0012778455857187,0.97890067444
7004,1064,53228,0.0078413635492324,0.49491583336000006
7004,1024,51222,0.0023953870404511,1.0006399166
7006,27,1362,0.0202678591012954,1.2840311034
7006,27,1382,0.0034631881862878,0.394598
7006,27,1387,0.0045379837974905,1.1748
7008,647,32384,0.0041106143034994,1.01822
7008,1287,64383,0.0046161203645169,2.00273
7004,786,39333,0.0602515079081058,1.3600931127
17251,17,859,0.0041251261718571,1.0
7008,309,15500,0.0024154304992407,0.472548
7008,616,30850,0.8285990357398987,1.01459
7004,106,5322,0.0019543245434761,0.578064
7008,1278,63919,0.1506233066320419,0.966329
7008,568,28420,0.0056575876660645,0.924928
7008,568,28426,0.0021868860349059,0.656648
7004,1695,84776,0.0034319562837481,1.02238
7007,7,370,0.0025267908349633,1.09694
7008,71,3561,0.0568688698112964,0.65877282459
7008,1440,72036,0.5053684711456299,1.2873756764000002
7008,668,33433,0.0030057388357818,0.688819
7004,482,24127,0.0036740759387612,0.944492
7004,1707,85388,0.2249368131160736,0.828823
7006,637,31855,0.0029656430706381,1.051
7004,1115,55790,0.2578441202640533,1.03542
7006,235,11799,0.0053833732381463,0.000205380519
7004,638,31907,0.0171417593955993,1.18893
7006,248,12430,0.0039825835265219,1.02551
7008,1426,71343,0.0117956437170505,0.977746
7004,1516,75805,0.0401862934231758,0.54775
7006,507,25389,0.0042638126760721,0.96786
7006,507,25399,0.0026053006295114,0.764059
7006,307,15389,0.0210042838007211,0.026958885406200003
7004,921,46051,0.0132658015936613,1.01623
7008,663,33160,0.0035102821420878,1.46718092534
7008,663,33185,0.163884088397026,0.486362
7004,1662,83149,0.0031385379843413,1.03448
7004,293,14662,0.4083651602268219,1.0755776943
7004,425,21258,0.0128725301474332,2.64236855316e-15
7004,425,21297,0.0224933288991451,1.2287786928
7004,1731,86569,0.03186621889472,1.230580314
7008,64,3207,0.0024514391552656,0.7303223865
7008,64,3233,0.0213231667876243,1.14581
7004,1335,66753,0.0526770316064357,0.96786
7004,1335,66799,0.2060229331254959,1.226300152
7004,1335,66800,0.0045669679529964,1.2808844
7004,79,3952,0.0017941676778718,1.322202243
7008,875,43785,0.0036988577339798,1.11926
7006,60,3017,0.0035366134252399,1.1298
7006,60,3032,0.0093597406521439,0.902127
7006,509,25471,0.0049514221027493,1.01558
7008,1343,67197,0.5867243409156799,0.957022
7004,1058,52933,0.0025083690416067,1.03318
7006,298,14906,0.0047544371336698,0.859869
7006,298,14913,0.0039062090218067,1.1959268291
7006,298,14949,0.2314734458923339,0.876029
7008,955,47764,0.0196140818297863,0.971846
7008,1317,65886,0.005869944114238,1.07015
17205,56,2808,0.00467733386904,1.6795075641000001
17205,138,6926,0.0959856584668159,1.6795075641000001
7006,537,26860,0.0051242657937109,0.621718
7004,821,41052,0.0031897239387035,0.940247
7004,821,41086,0.0066633643582463,0.942769
7004,821,41092,0.00408447207883,1.03346
7004,899,44964,0.0013250848278403,0.5728884855199999
7004,899,44987,0.0043863644823431,0.45063320166
17371,438,21934,0.0077696549706161,0.515828
7004,290,14508,0.0022483146749436,1.09402
7006,633,31663,0.0060543045401573,0.840182
7007,21,1054,0.0049597593024373,0.993429
7004,1464,73231,0.0009472173987887,1.1901235797
7007,132,6634,0.0050507360137999,1.0476
7004,1551,77554,0.0014256889699026,1.04175
7004,1551,77591,0.0068577378988265,1.03844
7004,1552,77624,0.0037019362207502,1.3854842385000001
7004,1552,77625,0.0036702365614473,1.30075
7004,1552,77634,0.0149937532842159,0.991473
7004,1552,77650,0.0009761229739524,1.08544795788
7008,694,34743,0.084636315703392,0.88490249784
7008,914,45733,0.0040112459100782,0.960981
7008,1032,51604,0.0086012668907642,1.31866
7008,1032,51624,0.0052082017064094,0.931378
7008,1032,51647,0.0357194505631923,1.02655
7008,984,49223,0.0279664602130651,1.41108
7008,739,37000,0.0016781793674454,1.2377671181999998
7008,480,24008,0.0076372316107153,1.36991
7008,480,24017,0.0017108463216573,1.01994
7008,1265,63272,0.0035981882829219,0.8107032922199999
7008,1265,63278,0.0010046972893178,0.980901
7008,471,23587,0.3033234477043152,1.13319
7004,196,9829,0.0378895998001098,1.01816
7008,410,20514,0.0038109766319394,0.508503
7008,749,37458,0.9948620200157166,0.73887896229
7008,749,37461,0.0045605665072798,0.50207
7008,749,37474,0.0053445240482687,0.499637
7006,468,23427,0.0040992749854922,0.982334
7006,468,23446,0.0039334166795015,0.98941673616
7004,308,15416,0.0016538405325263,1.8735725950999997
7004,930,46520,0.0066415527835488,0.916133
17352,189,9464,0.0040281196124851,0.49861272415499996
7004,1416,70836,0.0274818427860736,0.682647
7006,194,9701,0.0052485023625195,0.984662
7006,194,9711,0.0069465511478483,0.40558953514400004
7006,194,9739,0.0015261213993653,1.26201
7008,605,30280,0.0076273041777312,1.0980371700000002
7004,300,15034,0.819612979888916,1.3360340448
7008,1034,51740,0.095439001917839,1.11778
7008,1034,51744,0.0028953405562788,0.441906
7008,348,17449,0.0032498273067176,1.02764
7004,1475,73765,0.0046141603961586,0.73319906282
7004,1475,73785,0.0580599009990692,0.336684
5144,29,1472,0.0027346175629645,0.17062149523
7008,1227,61360,0.0238940734416246,1.22614
7008,1227,61378,0.0031517297029495,0.628361
7008,782,39101,0.0792111903429031,0.798086
7008,1025,51276,0.0051463549025356,0.927186
7008,69,3464,0.0035190866328775,0.0005846707504400001
7006,484,24212,0.0028942106291651,1.05389
7004,594,29713,0.0076861856505274,0.798969543552
7004,594,29715,0.0064798463135957,0.954806
7004,1140,57020,0.0072118085809051,1.04459
7004,962,48130,0.021622946485877,0.354742
7004,962,48132,0.0013453599531203,1.3008247560000001
7004,962,48136,0.0055658430792391,0.581811
7004,111,5572,0.0030671849381178,1.00135
7004,1643,82176,0.0034185994882136,0.5877955105
7004,1643,82181,0.0091539788991212,1.2240678879000002
7006,602,30109,0.0048905592411756,0.81692820528
7006,602,30143,0.0049237208440899,1.1887653184000002
7004,1344,67237,0.0040075173601508,0.7441059919899999
7004,1419,70958,0.0014533153735101,0.45388554119999996
7004,1419,70961,0.3719099164009094,0.530323
7004,1419,70965,0.0535743311047554,0.847513
7004,147,7360,0.0015029709320515,0.94672
7004,147,7367,0.043974544852972,0.54641689452
7006,292,14638,0.0042770570144057,1.16063
7008,1216,60807,0.0335082598030567,1.04538
7008,1216,60834,0.00614706100896,0.693318
7004,997,49868,0.0059002321213483,0.729184
7004,997,49885,0.0044223251752555,1.17796
7004,1145,57256,0.0062983958050608,4.2926762447
7006,371,18591,0.5190443992614746,1.1692840967
7008,523,26153,0.0029540855903178,0.756403
7004,452,22606,0.0147459432482719,0.594437
7008,178,8949,0.0598760657012462,1.27303
7007,89,4465,0.0032226373441517,1.01791750032
7004,758,37901,0.0033420999534428,0.876428
7004,758,37923,0.0044464441016316,0.699051
7004,1341,67080,0.0051728887483477,1.3803481840000003
7004,1341,67086,0.0053277891129255,0.877913
7008,737,36874,0.0055537656880915,1.07179910442
7006,226,11318,0.0056405230425298,0.554941
7006,226,11338,0.0043507148511707,0.669809
17073,84,4240,0.0072894566692411,1.4688
7008,102,5113,0.0043321335688233,1.04874
7004,532,26627,0.0026209861971437,1.1066138886
7004,1697,84878,0.0290720835328102,1.04777
7006,614,30710,0.0052813161164522,0.924238
7006,614,30719,0.0072106779552996,0.791521
7006,24,1240,0.0041034142486751,0.995192
7006,125,6264,0.0075931255705654,1.04875
7006,125,6266,0.0022916030138731,1.12881
7008,626,31337,0.0135670043528079,0.985277
7008,626,31344,0.0029031410813331,1.6219362159
7008,732,36647,0.9749687910079956,0.456422
7004,545,27268,0.0052707404829561,1.11278
7004,545,27279,0.0653582289814949,1.04238
7004,545,27289,0.003378260647878,1.04117
7008,1341,67100,0.695805013179779,0.702368
7008,780,39030,0.0022481041960418,0.550638
7004,1076,53814,0.0033095146063715,1.2387133126
7008,1254,62733,0.0036947152111679,1.08159
7008,1071,53551,0.001490659546107,0.10707138935
7004,883,44190,0.0071589541621506,0.651231
7006,233,11658,0.0022194604389369,0.881686
7006,233,11663,0.0085756694898009,0.7312642721400001
7008,466,23341,0.0119440350681543,0.912759
7008,1134,56719,0.0897284671664238,1.00366
7004,864,43221,0.1165792867541313,0.708687
7004,485,24275,0.0079777082428336,1.02297
7008,151,7563,0.0141842756420373,1.15529918112
7004,459,22991,0.0053933495655655,0.957659
7004,459,22993,0.088716872036457,0.415362
7004,35,1788,0.0031637493520975,0.877913
7008,734,36741,0.0035916671622544,1.05775
7006,46,2329,0.0034077225718647,0.53614262279
7008,394,19745,0.0041522393003106,0.7658166492200001
7007,73,3685,0.0042724600061774,1.3926794336000001
7004,655,32798,0.0031362711451947,1.02541
7008,557,27879,0.0020240489393472,1.00983569232
7008,1038,51928,0.0123655898496508,0.429019
7004,1186,59306,0.0058328337036073,0.794377
7004,1186,59311,0.4210088551044464,0.991297
7004,1186,59330,0.4591703116893768,0.804965
7004,539,26967,0.9981333613395692,1.02948
7004,406,20343,0.0011678498703986,0.95227
7004,466,23343,0.1319949030876159,0.46558
7008,854,42730,0.0067214197479188,1.2459528680000003
7008,854,42749,0.0603450089693069,1.0
7008,53,2697,0.0016900788759812,1.01159
7008,342,17120,0.0049326489679515,0.331148
7004,1485,74295,0.0037844646722078,0.958375
7008,692,34604,0.0087083997204899,1.04022
7008,738,36911,0.0102487187832593,1.10384
7008,738,36937,0.151908278465271,0.686292
7004,1002,50147,0.0076758167706429,0.763899
7008,1159,57956,0.004450561478734,0.577289
7004,216,10836,0.0050536263734102,0.9852200708600001
7004,216,10850,0.0046526584774255,0.763657
7008,844,42211,0.0023354170843958,0.97553
7004,1144,57248,0.0018933120882138,0.584686
7004,1488,74429,0.0045954319648444,0.8911134239999999
17144,98,4911,0.0054687610827386,1.0114
17144,158,7944,0.0046601169742643,1.0114
7004,556,27825,0.0022760070860385,0.530555
7004,556,27847,0.0035668974742293,0.50722901742
7004,1599,79989,0.0041164946742355,1.3433537359999999
7008,398,19938,0.0023067290894687,1.2765352298
7008,398,19948,0.0042327768169343,0.913049
7004,477,23857,0.0045325714163482,1.04181
7004,477,23858,0.0034431198146194,1.5380433015000001
7004,477,23884,0.0122139239683747,1.12784
7004,477,23896,0.0030669546686112,0.558931
7006,249,12457,0.0020312133710831,1.04609
7004,1177,58878,0.0120704341679811,0.501477
7004,1177,58880,0.0049526314251124,1.0655778973699999
17164,145,7272,0.324616938829422,1.2235220105
7008,78,3938,0.00405950890854,1.03079
7006,436,21835,0.0862817615270614,1.04206
7004,1451,72552,0.0031205927953124,1.05521
7004,1451,72598,0.0044244020245969,1.00638779604
7004,292,14647,0.0066883158870041,0.985835
7007,68,3403,0.0077221095561981,1.04602
7007,68,3442,0.0137115847319364,1.03512
7008,906,45319,0.0042040278203785,0.963171
7008,906,45338,0.0038424835074692,1.02496
7008,1008,50412,0.0334959924221038,0.604167
7008,695,34753,0.0028344292659312,0.677341
7008,695,34757,0.420446366071701,0.796432
7008,695,34777,0.6223682761192322,1.01782
7008,1260,63046,0.4679420590400696,0.7456273988000001
7007,2,135,0.0064201154746115,0.96618
17413,56,2836,0.007152531761676,0.693747
7004,650,32517,0.0253463834524154,1.332
7006,544,27209,0.0039231847040355,0.428275
7006,399,19992,0.0127286342903971,1.01034
7008,1258,62947,0.0051920125260949,1.0123
17434,54,2748,0.0126971704885363,1.3214042624999998
7008,1420,71010,0.0772851184010505,0.964488
7004,392,19635,0.0035864082165062,1.3743264615000002
7004,487,24377,0.0118112545460462,1.0
7004,487,24387,0.0327241048216819,1.08892311488
7004,536,26804,0.015434474684298,0.651936
7008,809,40463,0.0524763390421867,1.02513
7004,861,43064,0.0049726315774023,0.961017
7008,927,46383,0.0088654868304729,0.261719
7008,873,43670,0.0045602787286043,0.9829
7008,873,43698,0.005110562313348,1.01153
7004,951,47572,0.0059245219454169,1.13318356175
7008,1188,59448,0.0026421027723699,1.2143045607000003
7008,1232,61627,0.0020383670926094,0.503661
7008,1232,61640,0.0037174446042627,1.01733
7004,880,44028,0.0020359056070446,0.942778
7006,410,20547,0.0036918795667588,1.0078
7004,699,34951,0.0366034246981143,0.708404
7008,687,34380,0.035546850413084,1.0304
7008,839,41979,0.0015787436859682,1.22044
7008,839,41981,0.110827513039112,0.066362476596
7006,437,21862,0.0034022468607872,1.11776
7004,7,387,0.0045956606045365,1.0932693426
7004,1071,53591,0.1082860007882118,0.86963
7008,859,42958,0.0024256019387394,1.01829
7004,553,27692,0.0111391274258494,0.834004
7004,860,43037,0.3151979744434356,0.986262
7008,67,3355,0.0021457637194544,0.92797
7008,67,3366,0.0030974829569458,1.0439
7008,846,42318,0.0033840611577033,0.596914
7008,846,42338,0.0060465079732239,0.838952
7004,531,26587,0.0040474119596183,0.788771
7004,531,26591,0.0614679865539073,1.495573964
7004,1000,50002,0.0111190974712371,0.557874
7004,1000,50022,0.0203711129724979,0.78186795811
7006,61,3053,0.0007869299734011,1.0416
7004,1143,57174,0.0075955111533403,1.06223
7004,1143,57188,0.0059938291087746,1.2449
7006,580,29002,0.0049955556169152,1.1380194666
7006,580,29034,0.003251023357734,1.03002
7006,580,29047,0.0014339075423777,0.935153
7006,512,25603,0.006851534359157,0.0012229605448
7006,512,25623,0.0035301446914672,1.3812922674999997
7006,571,28551,0.0024177306331694,1.12067947346
7008,144,7219,0.0031059151515364,1.1737362733999999
7006,395,19793,0.005893456749618,1.05767
7004,879,43975,0.1462515443563461,0.6555865064099999
7006,210,10529,0.0048481514677405,0.932332
7006,210,10544,0.0077987611293792,7.5418131038e-21
7004,877,43882,0.0021782752592116,1.05425
7004,25,1259,0.0126004833728075,0.684553
7004,25,1268,0.3223019242286682,1.0
7004,53,2666,0.0098784146830439,1.16825084216
7004,53,2682,0.0041710203513503,0.43663030659999996
7004,53,2686,0.0095325475558638,1.2342331690000001
7008,343,17152,0.1475098878145218,0.540435
7007,99,4969,0.0035283050965517,1.0
7004,827,41351,0.003065358614549,1.14983
7004,1207,60398,0.0052414517849683,1.7844441507
7004,61,3084,0.021242830902338,1.07392
7008,1105,55264,0.0080326600000262,0.432583
7008,1105,55297,0.0039404588751494,0.818759
7008,1079,53998,0.001922131399624,0.92179
7006,570,28514,0.0087029840797185,0.67624
7004,361,18063,0.057374857366085,0.825022
7004,456,22820,0.0037398093845695,1.0
7004,456,22822,0.0483189113438129,1.03611
7004,1298,64950,0.0044904751703143,1.13005
17408,66,3342,0.988409161567688,6.667339774e-05
7004,1252,62635,0.008216761983931,1.09419
7006,208,10419,0.0021067836787551,0.99386
7004,551,27591,0.0045946813188493,1.410240052
7004,551,27598,0.005023255944252,1.0
7008,339,16993,0.0027715980540961,1.1586005795
7008,939,46968,0.0345380380749702,1.04991
7008,939,46975,0.1582921147346496,1.03435
7008,939,46997,0.0027649886906147,0.947118
7004,789,39475,0.0035435408353805,0.88545624518
7008,247,12368,0.0135939493775367,1.2948777793500001
7008,238,11929,0.0124081801623106,1.04337
7008,238,11940,0.0015468045603483,1.303917552
7008,851,42587,0.2851838767528534,0.99279
7008,373,18677,0.033896081149578,1.04366
7008,373,18694,0.0063597578555345,0.988244
7004,1567,78362,0.0068047335371375,1.3753726008
7004,1567,78394,0.0023266640491783,0.3388833522
7007,9,490,0.0039692828431725,0.636575
7008,365,18286,0.001496480195783,1.1798470194000001
7004,154,7703,0.0044593084603548,0.508351
7004,154,7729,0.003352188039571,0.663247
7004,154,7736,0.0054071946069598,1.2910965
7008,7,366,0.0020882377866655,0.520391
7008,7,394,0.0050032818689942,1.11367
7004,785,39260,0.004766603000462,1.17124
7004,785,39281,0.0015492382226511,1.045
7004,785,39285,0.0064685991965234,1.271928609
17410,50,2505,0.0032414246816188,1.03979
7008,926,46341,0.0025540688075125,0.371966
7004,1367,68358,0.0183485858142375,1.7156166926
17371,301,15054,0.0042841904796659,1.179450488
7008,453,22654,0.011450458317995,1.01449
7008,453,22685,0.0126556698232889,0.975573
7008,453,22699,0.0073388824239373,1.1243781599
7007,151,7591,0.0077054444700479,1.10838
7004,85,4274,0.0130275636911392,1.03662
7004,85,4294,0.0036090875510126,0.817689
7004,85,4300,0.0033558059949427,0.870039
7004,1135,56785,0.0023151889909058,0.549438
7007,69,3494,0.3739121854305267,0.486731
7007,69,3497,0.0033312675077468,0.964987
7008,23,1158,0.0138420797884464,0.946706
7008,23,1165,0.0121747348457574,1.17792
7008,23,1189,0.0023360936902463,1.09196
7004,86,4338,0.0582900494337081,1.03741
7004,1127,56374,0.004043623805046,1.09903220975
7006,79,3953,0.0102256573736667,1.0704
7006,79,3991,0.0097611686214804,1.75546
7006,79,3998,0.0056485845707356,0.842573
7006,207,10381,0.0091775450855493,0.604186
7006,207,10391,0.0036191155668348,0.655734
7006,207,10400,0.005042468663305,1.08745
7006,459,22976,0.0045118764974176,0.92179
7004,1157,57858,0.0274217836558818,0.970185
7004,1469,73467,0.1768753975629806,0.531996
7004,1469,73478,0.0149869881570339,1.01133
7004,711,35576,0.0037353602237999,0.527398
7004,711,35579,0.0053982473909854,1.01883
7004,1373,68667,0.0019854786805808,0.899608
7004,122,6140,0.0055781104601919,0.75779821008
7006,272,13611,0.0023809729609638,0.91766
7006,272,13633,0.0050066695548594,0.579682
7006,173,8655,0.004375871270895,1.12767
7008,430,21504,0.0056351367384195,0.975177
7006,514,25741,0.0030781310051679,1.08739
7004,1579,78966,0.0376681797206401,1.22695
7006,306,15316,0.008275874890387,1.03112
7006,306,15339,0.981933057308197,1.0268904524
7004,226,11333,0.0020030837040394,0.818467
7004,226,11344,0.0050988411530852,0.590472
7004,497,24852,0.0041809473186731,0.33390391220000004
7004,497,24877,0.0080471988767385,1.223783157
7008,243,12155,0.002412793925032,1.03971
7008,1026,51328,0.0179817955940961,1.03692
7008,489,24456,0.0050613190978765,1.03208
7008,489,24494,0.0034176248591393,1.0516
7004,756,37811,0.0121320392936468,1.03658
7004,756,37846,0.9083694219589232,1.3087
7006,141,7063,0.0084721269086003,1.05925
7004,945,47266,0.00178336747922,1.04328
7007,98,4924,0.0014589785132557,1.08759
7004,780,39001,0.0079712616279721,1.1551448832
7007,83,4162,0.0043487651273608,0.693827
7004,1345,67275,0.004048956092447,0.853624
7004,1345,67281,0.0127513753250241,1.5548
7004,1345,67294,0.0074680838733911,1.02469
7004,797,39872,0.0049802418798208,1.11881
7004,5,253,0.0022193158511072,1.04904
7004,5,290,0.0041697416454553,0.5552523498999999
7008,1246,62347,0.0118568418547511,1.04193
7004,70,3515,0.4274956583976745,1.21735069397
7006,576,28845,0.0042624385096132,1.19813709762
7006,53,2679,0.1504218876361847,1.0
7004,338,16950,0.0220926608890295,0.877913
7008,399,19965,0.0058608246035873,1.1727307853
7008,399,19994,0.0037068233359605,1.03976
7006,318,15903,0.0414167530834674,1.03351
7008,323,16166,0.6302921175956726,0.950622
7008,484,24204,0.0025605992414057,0.990387
7008,484,24235,0.0166119076311588,1.04218
7004,0,48,0.0047560911625623,1.12614
7004,1406,70333,0.0084720943123102,0.62256
7004,708,35424,0.0037000614684075,1.3058926481999997
7006,406,20303,0.0051347147673368,1.0024
7004,265,13293,0.0044069653376936,0.92179
7008,1036,51850,0.0057380925863981,0.975099
7008,308,15410,0.0078452927991747,0.407119
7008,942,47119,0.0015176378656178,0.985598
7008,942,47133,0.0064447280019521,1.80375534423
7008,942,47142,0.0048598544672131,1.04342
7008,942,47146,0.0034268798772245,1.08132
7007,41,2052,0.0044877491891384,1.00867
7004,194,9707,0.0030737037304788,1.03841
7004,194,9725,0.0053895777091383,1.01344
7004,194,9747,0.0036738156341016,1.02424
7004,1251,62583,0.0055232769809663,1.1102252519999998
7004,841,42094,0.0546195991337299,0.863645
7004,1052,52602,0.030735982581973,0.59571
7004,1052,52641,0.0069188219495117,1.0553
7004,1241,62086,0.429157942533493,1.05568
7004,555,27767,0.0181079134345054,1.13339
7004,555,27771,0.00399866187945,1.33854
7004,1560,78049,0.00267711491324,0.859224
7004,687,34367,0.0039220317266881,1.30427
7008,969,48484,0.0031616271007806,0.78308315574
7008,969,48496,0.0035720581654459,1.16412
7004,1721,86055,0.009556844830513,0.004133865772359999
7004,1721,86058,0.0220053512603044,0.0007759812272
7007,116,5846,0.0039607123471796,1.05048328788
7006,75,3758,0.0021287824492901,0.608478217872
7008,180,9041,0.0038192060310393,1.56497
7006,116,5816,0.0083337323740124,0.8836135231000001
7006,116,5819,0.0084012793377041,0.380477
7006,116,5847,0.1514736115932464,1.03984
7008,542,27104,0.0049791694618761,0.535022
7007,47,2376,0.0028463883791118,0.89757
7007,47,2391,0.0105359936133027,1.2385334422999998
7008,70,3550,0.0017873485339805,1.2037698288
7004,604,30225,0.0104896109551191,1.0
7004,604,30239,0.0045281997881829,0.999421
7006,317,15899,0.010098491795361,1.03781
7008,833,41690,0.0050804782658815,1.01845
7008,1255,62754,0.0026883496902883,0.927767
7006,329,16454,0.8268345594406128,0.66828552075
7006,329,16489,0.0055479696020483,0.0070356896197
7006,329,16490,0.005180540960282,1.0463
7008,973,48694,0.004513818770647,0.466335
7006,211,10568,0.0015849233604967,0.736882
17101,56,2829,0.0035500621888786,1.0512
7008,26,1309,0.0038838582113385,0.994716
7008,26,1312,0.0061286953277885,1.4371498319999998
7004,561,28071,0.0050226254388689,0.379034
7004,1329,66451,0.0062614646740257,0.992275
7004,1329,66452,0.0192565619945526,1.00623
7004,1329,66499,0.0026971483603119,1.01991
7004,438,21907,0.0026877222117036,1.17792
7004,692,34605,0.1656787246465683,0.904061
7006,353,17678,0.0049716299399733,1.00585
7006,353,17689,0.0068112243898212,1.20194
7004,1152,57615,0.0029791358392685,1.19115814488
7004,1152,57633,0.0280753523111343,0.8803590705
7004,948,47434,0.0026676750276237,1.5619171950000001
7004,537,26869,0.1725288182497024,1.01744
7004,170,8513,0.0047166654840111,0.435382
7004,170,8530,0.0970612913370132,1.0731677992000002
7004,170,8545,0.0189296025782823,1.00627644312
7007,14,723,0.003136359155178,0.9280750284
7004,325,16254,0.0030697551555931,0.375108
7004,145,7255,0.0034770753700286,1.05919
7004,133,6665,0.0028359636198729,0.992703924
7006,316,15815,0.0035011670552194,1.2169974256
7006,316,15817,0.0691907852888107,0.996614
7006,316,15823,0.0029954421333968,0.998882
7008,200,10030,0.0106934662908315,0.877913
7008,200,10043,0.0023721861653029,0.957977
7004,568,28447,0.0050556287169456,1.0409407661999999
7004,1520,76049,0.0924281328916549,0.9684736684999999
7008,1310,65534,0.0755112990736961,1.1436062410999999
7008,299,14959,0.0081228567287325,1.0495
7007,104,5217,0.0389056615531444,1.2623720253
7006,528,26405,0.0146625116467475,0.528324
7006,528,26440,0.004039938095957,1.4030162001000002
7004,927,46374,0.0022050226107239,0.72639
7004,834,41702,0.0071195410564541,0.627385
7004,834,41727,0.0030183554627001,0.807957
7004,1299,64980,0.0040851100347936,0.9272156924899999
7004,407,20378,0.0038092827890068,5.23307104896e-07
7004,132,6629,0.0037457447033375,1.7306611055999999
7008,241,12071,0.0015969489468261,1.03822
7008,766,38307,0.0019697421230375,0.334677123648
7007,149,7480,0.0053777280263602,1.13455
7008,824,41226,0.0132194366306066,1.12487
7008,824,41229,0.0647022798657417,1.1434513067999998
7004,1240,62035,0.0703949555754661,0.999113
7004,1535,76793,0.0030676210299134,1.14301
7006,422,21117,0.0014324731891974,0.29085
7006,422,21119,0.0126427644863724,1.3455094651600001
7006,422,21131,0.004003731533885,0.632575
7004,1730,86548,0.007161408662796,1.1997678794
7004,1215,60788,0.0066664800979197,1.04596
7004,1215,60795,0.0556977204978466,1.04343
7006,586,29306,0.0471953079104423,1.01936
7006,190,9513,0.0029446627013385,1.00829
7004,713,35674,0.0030622985213994,0.989312
7008,689,34456,0.0113509912043809,1.19506
7004,1614,80708,0.0038362958002835,0.892172
7004,1614,80726,0.0037832534871995,0.37349
7004,1614,80741,0.0228126905858516,1.26038
7004,22,1101,0.0090383356437087,0.48363834833999997
7004,22,1141,0.0018787775188684,0.976507
7004,1631,81582,0.0209024157375097,0.986233
7004,1310,65533,0.0105467569082975,0.613207
7008,235,11768,0.019705593585968,1.04945
17524,295,14771,0.0810762569308281,0.52338
7008,785,39293,0.0034909222740679,1.07046
7004,1099,54969,0.0068503404036164,0.946043
7004,444,22232,0.7986817359924316,1.10564932656
7007,58,2919,0.0019373843679204,0.985226
7007,58,2942,0.2025634944438934,1.02449
7008,1127,56399,0.0389187335968017,1.2877518374999999
7008,477,23854,0.0062932977452874,0.868
7008,133,6691,0.0051122158765792,0.623133
7006,579,28962,0.0055424640886485,0.9186832797200001
7004,903,45157,0.2731575667858124,1.19886
7004,903,45168,0.0023335933219641,0.959357
7004,366,18330,0.0249844901263713,1.0232
7004,501,25081,0.018039833754301,0.49359184423999997
7008,1221,61051,0.0031428688671439,0.774862
7008,1221,61092,0.017339214682579,0.877913
7008,1221,61096,0.0099502624943852,0.494635
7004,975,48786,0.0076069273054599,0.960489
7006,346,17342,0.0046347859315574,0.510883
7004,1726,86341,0.0088032707571983,1.41888
7008,946,47302,0.7798507213592529,1.09933334188
7008,946,47307,0.0023768355604261,0.955189
7008,946,47315,0.0170973408967256,1.04941
7004,757,37883,0.0047356789000332,0.534921
7004,1606,80314,0.0017322344938293,0.002982647236
7008,994,49727,0.0021726009435951,0.686844
7004,1510,75536,0.0021695916075259,0.522162
7006,245,12267,0.0069198100827634,0.975151
7006,331,16589,0.015565195120871,0.984437
7004,1125,56286,0.2378022074699401,0.749742
7006,157,7859,0.0064837676472961,0.9549753687999999
7006,289,14481,0.0061503946781158,1.18292157
7006,534,26739,0.0091204866766929,0.862316
7004,30,1514,0.0044781477190554,1.1186655648000001
7004,30,1524,0.0038451384752988,0.60260454158
7008,996,49803,0.0045827371068298,1.294816272
7008,996,49805,0.0009686466655693,0.931803
7008,996,49808,0.1765321791172027,1.2083141189000002
7006,216,10815,0.0066112829372286,1.07414729498
7008,114,5704,0.0016681666020303,1.00829
7006,441,22062,0.004065194632858,1.05039
7004,309,15478,0.3171864449977875,1.5266139226000002
7004,872,43630,0.0034856395795941,1.02561
7008,463,23170,0.0086921704933047,1.4067385192
7004,901,45070,0.0016786043997853,0.674568
7004,1717,85898,0.0025693399365991,1.20586
7008,783,39162,0.0039866659790277,1.2515653847
7008,783,39180,0.0024775078054517,1.18221
7004,916,45847,0.0031487755477428,0.603347
7004,380,19046,0.0114821577444672,0.908399
7004,1435,71752,0.0038271334487944,1.00343
7008,965,48274,0.2290709614753723,1.08823
7008,965,48291,0.0024636937305331,0.792418
17522,38,1944,0.7808132767677307,1.0
17522,110,5511,0.0588004849851131,1.0
17522,163,8180,0.0329586192965507,1.0
7006,239,11974,0.0055089211091399,0.478276
7004,1092,54638,0.0037159156054258,1.0
7004,1092,54645,0.0085780080407857,0.945978
7004,500,25024,0.0015209588455036,1.09075
7008,166,8350,0.0053908205591142,1.02066
7008,972,48639,0.997107207775116,0.866015
7008,972,48646,0.0177396722137928,1.78288
7006,452,22622,0.0066695278510451,1.07161
7006,452,22636,0.0020257523283362,1.0
7004,779,38957,0.0041084014810621,0.967475
7004,779,38972,0.0050983326509594,0.9805232118599999
7006,18,929,0.0062196920625865,1.4265828520000001
7006,585,29279,0.0060768886469304,0.96786
7004,1691,84557,0.0017765486845746,0.0188283196708
7004,1691,84585,0.0036714398302137,2.769213369e-09
7006,506,25317,0.0056351819075644,0.56441530429
7004,734,36704,0.0087469965219497,1.03081
7004,734,36741,0.0053681447170674,0.941607
7006,204,10249,0.0039090411737561,0.77717733459
7004,267,13356,0.0251237265765666,1.04938
7004,267,13380,0.0016878374153748,1.3740512271
7004,890,44508,0.0404894351959228,0.940166
7004,890,44530,0.0084051331505179,1.0859
7008,1399,69960,0.0175084751099348,0.596061
7008,569,28459,0.0053694378584623,1.13908
7004,476,23801,0.0036517092958092,0.850566
7004,113,5668,0.0029996046796441,0.911061
7004,1232,61609,0.003532322589308,0.7095612537
7004,857,42885,0.0237086564302444,1.13973
7004,857,42894,0.0014798257034271,1.0501
7006,451,22556,0.0041535468772053,1.1062
17383,239,11956,0.0079520102590322,1.6388742762
7004,1034,51732,0.0018823265563696,0.638445
7008,355,17772,0.003703934373334,1.02383
7006,138,6924,0.0091189006343483,1.01299
7006,138,6929,0.0048369765281677,0.8279199622200001
7006,220,11003,0.0015348960878327,1.17019
7006,539,26953,0.0035927267745137,0.755666
7007,140,7007,0.0253240428864955,1.16726
7004,954,47714,0.0044678538106381,0.5986
7008,1238,61908,0.002909906907007,1.05477
7008,1238,61918,0.0041784946806728,0.672806
7008,1238,61938,0.0428473390638828,0.423034
7006,0,31,0.0032414894085377,0.975278
7004,1392,69614,0.0278449207544326,1.2196529244999998
7006,203,10192,0.0024186703376471,0.349256
7004,1387,69357,0.0049419845454394,0.96405
7004,1387,69392,0.0093685127794742,1.02810640233
7004,777,38866,0.021734595298767,0.906952
7004,777,38899,0.0115136234089732,1.10026
7008,886,44317,0.0045595727860927,0.399532
7008,886,44350,0.0057737445458769,0.36326
7008,73,3663,0.0017150749918073,0.885443
7008,562,28103,0.0029604476876556,0.647175
7008,608,30402,0.0092408945783972,0.6229645427500001
7007,100,5013,0.0083944564685225,1.0158646340600002
7004,1065,53261,0.0021583060733973,0.979906
7006,304,15249,0.0013798315776512,1.10135879188
7008,761,38065,0.021168015897274,1.2564068645000002
7008,761,38092,0.0027186572551727,1.08922
7008,374,18742,0.0019667006563395,1.03095
7008,836,41829,0.0039069829508662,1.06102
7008,836,41842,0.0040738875977694,0.998529
7004,817,40856,0.0390543304383754,1.234900188
7004,817,40874,0.0028244534041732,1.05539
7008,1366,68341,0.005570316221565,1.02259
7004,1590,79537,0.006243797019124,0.503379
7008,96,4804,0.0039100511930882,0.985102
7008,96,4815,0.0045927474275231,0.625712
7008,96,4839,0.0029295939020812,0.933103
7008,96,4841,0.001682486734353,0.959805
7007,75,3780,0.0033592144027352,1.05001
7004,1054,52718,0.003832955379039,0.665582
7004,1340,67006,0.0030337998177856,0.392261
7008,1112,55615,0.5595028400421143,0.877913
7008,650,32542,0.0013450927799567,0.9049153788
7004,117,5866,0.0373815558850765,0.81857733588
7008,1115,55781,0.0130016850307583,1.143
7008,1115,55800,0.0010340337175875,1.06855
7008,821,41085,0.0094031244516372,1.04878
7004,1736,86808,0.016812140122056,1.293917408
7004,1062,53108,0.0061523979529738,1.0
7004,1062,53118,0.0019389707595109,1.01288
7004,210,10507,0.0049517014995217,0.899475
7004,1571,78552,0.002000099280849,0.744078
7004,1571,78578,0.0061456309631466,1.07766
7004,1571,78586,0.0220129303634166,1.10704
7004,1294,64725,0.001918866764754,0.633242
7004,1294,64735,0.0041843852959573,0.513887
7004,1294,64750,0.0039985496550798,1.21705
7004,1275,63752,0.0018866503378376,0.927539
7004,1275,63762,0.0054761967621743,1.16118
7008,445,22266,0.0040452675893902,0.991726
7004,863,43186,0.3290110528469085,1.0416817989
7008,48,2409,0.0039604208432137,1.16079
7004,1081,54054,0.0018729246221482,1.2523372488
17210,157,7893,0.9342309236526488,1.02968
7004,1029,51466,0.0045630829408764,0.27830682574000004
7006,277,13891,0.0135665582492947,0.810226
7004,635,31797,0.0030770837329328,1.06308990222
7004,1122,56145,0.6854308247566223,1.05396
7004,1575,78776,0.0036599352024495,0.564153
7006,400,20030,0.0042817969806492,0.541107
7004,639,31982,0.0041770162060856,0.718081
7004,639,31986,0.0012056161649525,0.962927
7004,1259,62961,0.0064652534201741,0.96519223864
7004,1259,62973,0.0039429026655852,0.912359
7004,1259,62988,0.0041413693688809,1.06320487242
7008,50,2511,0.0029805039521306,1.03509
7008,50,2521,0.1456605494022369,0.8483111603400001
7004,1515,75778,0.0261390674859285,1.06825
7004,1515,75788,0.0044312444515526,1.0
7006,589,29456,0.0055928863584995,1.04968
7006,295,14759,0.0086673898622393,1.00142
7006,295,14771,0.0042846747674047,0.677976
7006,295,14782,0.3796751499176025,0.697813
7008,161,8061,0.003846343839541,1.4081022692
7004,1308,65406,0.4234940707683563,1.11964
7004,304,15236,0.0134920999407768,0.961518
7008,136,6808,0.026805130764842,1.05423755481
17109,137,6897,0.028296498581767,0.637443
7004,1483,74167,0.0034354059025645,0.953214
7004,1483,74181,0.0052258018404245,0.973327
7004,1282,64115,0.0044945506379008,0.810507
7004,1282,64137,0.0018304347759112,1.1893341436
7004,1282,64143,0.0035401531495153,1.1429
7008,526,26322,0.0032947044819593,1.3315187766
7004,1279,63956,0.1373240500688552,0.887018
7006,559,27977,0.134074866771698,0.546543
7008,697,34891,0.3324566781520843,0.997601
7004,502,25119,0.0160272903740406,0.975087
7004,1561,78066,0.9570109844207764,1.03816
7004,235,11757,0.0362308360636234,1.0
7004,896,44829,0.0458773449063301,0.85061
7004,896,44838,0.0121498079970479,0.962606
7008,160,8005,0.0053552337922155,0.952101
7008,160,8013,0.0030607003718614,1.02978
7008,160,8026,0.0048061548732221,1.07811
7004,706,35333,0.0273747090250253,1.17792
17514,43,2152,0.0083576114848256,0.709801
17514,49,2485,0.0024432393256574,0.709801
7004,1098,54918,0.0075865988619625,0.92179
7004,591,29586,0.0047458331100642,1.67679
7008,936,46804,0.001911073224619,0.93178
7008,936,46820,0.0207446739077568,1.10588
7008,1451,72568,0.0031881614122539,0.992813
7004,499,24974,0.0053052380681037,1.6217671452
7004,870,43535,0.0038789380341768,0.97806
7008,912,45623,0.00701220985502,1.6479516796
7008,912,45643,0.0032293733675032,1.04129
7008,912,45645,0.0010261841816827,0.99707
7006,558,27933,0.0040394319221377,1.5005512857
7006,492,24613,0.0703237727284431,0.871584
7004,1243,62177,0.0038920673541724,1.36966
7004,493,24673,0.0046740695834159,0.366418
7004,493,24678,0.0784302800893783,0.38279517992999995
7004,558,27918,0.02592508867383,1.18158
7008,722,36119,0.0540289431810379,0.7128087414
7006,238,11930,0.001979115884751,0.543642
7008,1298,64905,0.0026948754675686,1.0011
7006,326,16313,0.0034726979210972,0.66292942665
7006,326,16345,0.0062386426143348,0.781842
7006,326,16348,0.0010959148639813,0.998583
7006,322,16103,0.0046945298090577,1.02845
7006,322,16118,0.0041533098556101,10.984843304399998
7006,322,16147,0.130401462316513,0.762809
7004,750,37512,0.0013199960812926,0.877913
7004,750,37519,0.0017953311325982,1.05954
7004,750,37534,0.0038924308028072,0.40003059580000006
7006,463,23182,0.0039400942623615,0.959119
7008,184,9228,0.0058493395335972,0.47321235099
17141,19,990,0.080624520778656,0.19150357824000003
17141,34,1726,0.0056633469648659,0.19150357824000003
7008,899,44951,0.0076208817772567,0.936676
7008,899,44967,0.0033672542776912,0.950498
7008,191,9590,0.001412057201378,1.0
7008,191,9592,0.0152889210730791,0.894674
7004,400,20023,0.0016575441695749,0.97219535958
7008,279,13985,0.0024818209931254,1.0058
7008,759,37954,0.0034227105788886,1.0703
7006,500,25024,0.0026135784573853,0.65066
7006,595,29765,0.0322385095059871,1.0
7008,76,3829,0.0041510094888508,1.10399
7006,196,9826,0.0054058437235653,0.932743
7008,1058,52906,0.0034921448677778,1.12007555704
7004,245,12254,0.004728723783046,1.2590986599
7004,245,12299,0.0038528242148458,0.92179
7004,798,39918,0.0052758259698748,0.515429
7008,273,13660,0.008134301751852,0.68442
7008,273,13677,0.0021715485490858,1.04976
7008,536,26822,0.0240059085190296,1.20327
7008,511,25594,0.0052209701389074,0.5916743932199999
7006,435,21787,0.0044541838578879,1.32536022
7006,435,21797,0.3853574395179748,1.2145795094999998
7006,251,12552,0.0015493385726585,0.895821
7006,251,12593,0.0076290797442197,0.558689
7004,251,12587,0.0034997449256479,1.0561475358199999
7004,866,43318,0.0030314833857119,0.99089
7004,737,36873,0.0026083518750965,0.917817
7004,1320,66024,0.0046614706516265,0.918492
6888,149,7476,0.0086415754631161,0.490361
7008,1199,59953,0.0302404947578907,0.527666
7008,548,27408,0.0033505856990814,0.78311
7008,548,27428,0.0041349455714225,0.975087
7006,394,19707,0.0062916250899434,0.955437
7006,394,19731,0.0328574366867542,0.998394
7004,1210,60526,0.2715708315372467,0.959952
7004,1210,60549,0.881561815738678,1.0
7008,301,15092,0.0051526790484786,1.30539
7004,550,27516,0.0044752261601388,1.28654
7004,550,27528,0.0138909639790654,0.481054
7004,550,27536,0.0053070350550115,0.598737
7004,472,23639,0.0057767564430832,0.805228
7004,1595,79785,0.0045821866951882,1.1293565325000001
7004,1605,80285,0.0058774398639798,1.11228
7004,1239,61962,0.0552706755697727,0.630358
7008,1168,58406,0.0024506675545126,1.03881
7008,1168,58440,0.0038508595898747,0.424097
7008,822,41122,0.139393612742424,1.02099
7006,246,12312,0.1623114198446273,0.986513
7007,81,4054,0.0028546033427119,1.0686
7007,81,4072,0.0036749087739735,1.5302218599
7008,28,1414,0.0038893762975931,0.845188
7008,28,1418,0.0025000337045639,0.822568
7008,28,1444,0.0057752118445932,1.48746
7004,357,17882,0.0149985793977975,0.531059
7007,111,5566,0.0141227329149842,1.06877
7008,1434,71727,0.0054022632539272,1.167477705
7008,470,23542,0.0135685177519917,1.02722053161
7008,470,23549,0.006369081325829,0.566337
7008,876,43831,0.0113894594833254,0.436686
7008,0,37,0.0220136661082506,2.1421869235999997
7008,510,25508,0.0073989508673548,1.2352790780000003
7004,1050,52522,0.0293582510203123,1.04271
7004,1050,52527,0.0164994541555643,1.06948
7004,181,9096,0.8552518486976624,0.86128
7008,858,42950,0.0070612304843962,0.947069
7004,1053,52660,0.0008466036524623,0.939279
7004,348,17425,0.0042094495147466,1.1366815510000001
7008,1123,56169,0.0046177427284419,1.22946
7004,534,26742,0.0031314550433307,0.968016
7004,820,41032,0.0063715446740388,1.3550662678
7004,376,18813,0.0055962023325264,7.38934160741
7004,97,4881,0.0021607370581477,1.01296
7008,120,6026,0.002687121508643,1.1465809919999999
7006,311,15587,0.0033897480461746,1.0
7006,311,15591,0.0018185680964961,1.15718
15116,184,9236,0.0017946715233847,0.522286
7008,346,17307,0.1621177345514297,1.1775
7008,1095,54773,0.0035042443778365,0.494154
7008,359,17985,0.1081768125295639,1.0134
7008,289,14477,0.010930597782135,0.995347
7008,99,4998,0.0066914409399032,0.606045
7004,1720,86022,0.0028061100747436,1.03659
7008,63,3170,0.0292200185358524,0.0020418426912
7008,223,11156,0.0030216402374207,1.01474
7008,223,11172,0.0054928236640989,1.1781151068000002
7008,1378,68932,0.5918675661087036,0.35123217720000005
7008,55,2798,0.006669127382338,1.5217656446
7006,286,14330,0.0023708324879407,0.0018484917326400002
7004,1137,56899,0.0069549898616969,1.03752
7007,15,777,0.0099162636324763,0.531053
7008,565,28278,0.0029163057915866,0.71171521201
15106,275,13766,0.044048748910427,0.8585850600599999
7004,1295,64752,0.0232012309134006,0.938724
17338,66,3332,0.0061912443488836,4.5714628916499995
7004,1495,74790,0.0905743986368179,0.882675
7007,87,4363,0.0036477004177868,0.807533
7007,87,4398,0.0044239005073904,1.04359
7004,322,16103,0.0047178119421005,0.92179
7004,322,16125,0.0033660649787634,0.833115
7004,322,16137,0.0047233593650162,1.04919
7004,322,16140,0.0044875368475914,0.500697
7004,670,33536,0.0039597679860889,1.10743
7004,411,20591,0.0058903396129608,0.99021734812
7004,845,42254,0.0029093148186802,1.01962
7006,97,4871,0.0039502684958279,0.901926
7006,97,4899,0.0037024286575615,0.550074
7006,150,7514,0.0048266928642988,0.92179
7008,620,31022,0.0033978666178882,1.04436
7004,388,19408,0.0039339498616755,0.937548
7004,388,19412,0.0094119803979992,0.391476
7006,123,6200,0.0061833159998059,1.0249
7006,101,5084,0.006802175194025,1.05283
7008,624,31228,0.004675043746829,0.577994
7008,369,18467,0.0027340063825249,1.14397996444
7008,369,18498,0.9919243454933168,1.17668
7007,139,6984,0.0412025041878223,0.914648
7007,139,6989,0.0079393237829208,0.590322
7004,952,47618,0.0113478396087884,0.590853
7008,384,19209,0.0132134417071938,1.01518
7004,94,4710,0.0033650547266006,0.9429
7004,1724,86203,0.0050655463710427,0.601562
7004,255,12752,0.0046773315407335,0.92458
7004,255,12792,0.0045168045908212,1.11605057055
7004,1183,59171,0.0019083004444837,0.333108
7004,1588,79434,0.0053750737570226,0.894846
7008,1471,73561,0.0075983768329024,1.00813
7008,54,2704,0.0039151231758296,0.92179
7006,146,7315,0.0010605892166495,1.26943
7006,146,7318,0.0037657411303371,0.514914
7008,603,30200,0.0035872412845492,0.032674179164000006
7007,97,4852,0.0054114386439323,0.649331
7004,541,27055,0.0032176910899579,1.01709
7004,541,27072,0.0056370021775364,0.46565000064
7008,1207,60355,0.0034262321423739,0.774208
7008,1207,60376,0.6971278190612793,0.557588
7004,470,23546,0.0041124480776488,0.832747
7008,617,30857,0.0018237186595797,1.08802184896
7008,257,12879,0.0128634804859757,0.472993
7008,571,28598,0.0044433735311031,0.997988
7008,769,38458,0.0053505366668105,0.408391
17331,12,628,0.0057579558342695,0.773921
17331,17,883,0.0047337692230939,0.773921
7008,711,35555,0.0046919346787035,1.03909
7004,718,35910,0.0033839230891317,1.06858
7008,87,4359,0.0088695064187049,1.48016
7004,1616,80814,0.025177227333188,0.525739
7004,1616,80820,0.0043352385982871,1.02603
7004,1616,80848,0.0394067019224166,0.525614
7004,983,49162,0.0037793631199747,1.12293042694
7004,747,37373,0.0027098208665847,0.788754
7004,1651,82597,0.0050460626371204,0.54579
7008,21,1098,0.0151144368574023,1.16245
7008,591,29583,0.0727203413844108,0.962886
7008,935,46767,0.0166376419365406,1.05276
7008,935,46773,0.0080929724499583,1.24138
7008,311,15556,0.0166218373924493,1.2441342298200002
7008,311,15557,0.0617693364620208,0.925761
7008,311,15586,0.0559369400143623,1.01318
7008,311,15595,0.0028543181251734,0.69355
7008,423,21160,0.0053746146149933,0.922363
7004,486,24307,0.0045096664689481,1.00383
7004,513,25660,0.0036896825768053,0.96233046807
7004,282,14112,0.0077785709872841,1.11405707132
7008,340,17022,0.0030893688090145,0.706513
7004,1600,80033,0.0047713853418827,1.1882024756
7004,1481,74068,0.0033174452837556,1.03411
7004,165,8254,0.0083102080971002,0.534348
7004,199,9954,0.0040171993896365,0.489095
7004,199,9993,0.0071363872848451,0.967707
7004,204,10222,0.105995200574398,1.03527
7004,204,10230,0.0063241440802812,1.12616
7008,27,1361,0.0013803587062284,4.6114390901999993e-07
17235,72,3615,0.0040927026420831,0.775538
7004,1060,53028,0.0103803658857941,1.00873
7008,1365,68255,0.0042901998385787,1.04005
7008,154,7716,0.0050689103081822,0.7416324036000002
7004,1349,67467,0.6706295013427734,1.1965414224
7008,221,11060,0.0140368612483143,1.2974764018300002
17122,97,4864,0.5503376126289368,0.733881
7006,335,16757,0.0208949260413646,1.18103
7006,335,16797,0.0090014897286891,0.686104
7004,66,3349,0.0181015226989984,1.11361
7007,56,2845,0.6497293710708618,0.877913
7006,414,20734,0.0035850941203534,1.17847
7004,1414,70733,0.0109622031450271,0.528388
7004,1414,70736,0.0039609759114682,0.7790696644500001
7006,16,809,0.0047226641327142,0.440276
7006,16,836,0.0029190720524638,1.08129
7008,612,30608,0.0057777590118348,1.02082
7008,528,26421,0.0030080943834036,0.965546
7006,71,3590,0.0054260897450149,0.998446
7004,1557,77852,0.0051033203490078,0.990524
7004,212,10637,0.6315205693244934,0.934729
7008,231,11583,0.0027688883710652,1.04548
7008,507,25374,0.0267542768269777,1.01837
7004,1573,78668,0.0026238120626658,0.7917026985
7008,750,37510,0.0031948389951139,0.954487
7008,750,37530,0.5516376495361328,1.03306
7006,379,18979,0.0049487063661217,1.21670426583
7008,1205,60256,0.0041004996746778,0.459843
7008,1205,60268,0.0189231485128402,1.03118
17401,100,5018,0.0070178001187741,0.954466
7004,1448,72450,0.0029896688647568,0.730649
7004,542,27149,0.0046407445333898,1.10368
7004,258,12903,0.0047667324542999,0.82955468049
7004,258,12947,0.003676249878481,0.89997074384
7004,895,44757,0.004975966643542,1.01372
7004,1505,75253,0.0045579741708934,0.97047978814
6874,49,2497,0.02906527929008,0.8885745518999999
7008,124,6231,0.001576887560077,1.00171
7008,372,18603,0.0022506800014525,1.04874
7008,372,18604,0.0279052034020423,1.03946
7008,59,2955,0.0053295707330107,1.08446
7008,59,2959,0.1579605787992477,0.942596
7004,19,974,0.0032758493907749,1.1322970103999999
7004,19,995,0.0069254226982593,0.97157
7004,305,15251,0.0033472785726189,1.0839637036799998
7004,305,15264,0.0269785933196544,0.657156
7008,344,17249,0.0233668684959411,0.847631
4957,161,8074,0.1090796142816543,1.04156
7008,1379,68959,0.0016539128264412,1.2458
7008,1379,68984,0.0044324309565126,0.931831
7008,1379,68994,0.0051252557896077,0.000442727945438
7008,795,39792,0.0365432351827621,1.05329
7004,1682,84120,0.0037304372526705,0.9326847299400001
7004,1682,84124,0.0133998580276966,0.998281
7004,1682,84125,0.0698943212628364,0.84234156841
7008,95,4764,0.0022402955219149,0.40215
7008,95,4782,0.0054843756370246,0.945871
7004,940,47046,0.0070491912774741,0.876292
7008,1099,54954,0.0049115549772977,1.1258242047
7008,1099,54979,0.1520105898380279,1.49000747246
7008,1454,72708,0.4804407954216003,0.898739
7008,1454,72727,0.0029984381981194,1.18398
7004,1539,76954,0.0128947496414184,0.822044
7004,1539,76964,0.0022389979567378,1.0345
7004,1539,76997,0.0070512876845896,0.90795606736
7004,1173,58674,0.0040951832197606,1.14850019834
7008,564,28207,0.0056841066107153,1.02289
7008,564,28222,0.0094559751451015,0.864207
7008,564,28228,0.9380223155021667,0.981438
7008,382,19104,0.0027681025676429,1.0
7007,108,5418,0.0403245836496353,0.92179
7004,297,14892,0.0044256504625082,4.41700854424e-19
7008,541,27084,0.00716551579535,0.982308
7004,878,43902,0.0218083560466766,1.3503172136999997
7004,878,43904,0.0021732077002525,0.721648
7004,835,41758,0.0362997986376285,0.963214
7008,443,22179,0.0042744055390357,0.646437
7006,554,27722,0.0065326485782861,0.986602
7008,1370,68518,0.0016124224057421,1.53268
7008,717,35899,0.003398640314117,0.987209
7007,153,7675,0.0029169560875743,0.917338
7004,1033,51694,0.0310484580695629,0.549681
7008,65,3258,0.0096217030659317,1.01072
7008,65,3268,0.1117237135767936,0.613009
7008,65,3269,0.0036110742948949,0.565171
7004,887,44372,0.0011513815261423,1.0752
7004,673,33664,0.0070185018703341,1.37861
7004,673,33700,0.0060165566392242,0.412112
7008,35,1773,0.0064682043157517,1.02252
7008,35,1787,0.3737287521362304,1.6695391988
7006,363,18153,0.0051203221082687,1.15143
7006,431,21589,0.0051865233108401,1.3005479972000002
7008,655,32773,0.0144636537879705,0.567232
7008,889,44482,0.0033216997981071,1.02693
7008,313,15661,0.0011607175692915,0.618418
7008,313,15683,0.0051812562160193,1.22549
7008,313,15685,0.0488910786807537,0.5143535539199999
7004,645,32254,0.0048954095691442,0.698672
7004,184,9204,0.4580625593662262,4.2590912865e-14
7004,184,9246,0.0031805040780454,0.9736988934599999
7004,1011,50581,0.0046538836322724,0.814743
7004,1011,50589,0.0063152834773063,1.0667742947999999
7004,363,18167,0.0067884977906942,1.17657
7004,363,18190,0.5360938906669617,0.92821
7004,1687,84373,0.8597208261489868,1.0704624490999999
7004,1687,84374,0.0017063728300854,1.06967
7008,497,24871,0.6471385359764099,1.0423
7008,1124,56245,0.0014638270949944,0.590042
7004,1332,66607,0.0588134080171585,0.617159
17434,37,1870,0.0029719537124037,1.0521
7004,237,11868,0.0896255448460578,1.00411
7004,320,16034,0.0285207573324441,0.510398
7004,465,23281,0.0030197172891348,0.9952724098400001
7008,1084,54207,0.0047418368048965,1.01941
7008,1084,54243,0.004177619703114,1.08013602058
7006,385,19258,0.0116658853366971,1.00884
7004,767,38359,0.0013670232146978,1.03853
7004,767,38361,0.0008929328760132,0.504369
7004,924,46201,0.001766144298017,0.6454783047600001
7007,123,6167,0.0118328975513577,1.07667
7006,358,17906,0.007204090245068,1.03127
7006,156,7809,0.0147533854469656,1.07609
7004,1544,77237,0.0095330337062478,0.585622
7006,199,9984,0.0046069999225437,0.616845
7004,1379,68967,0.0060316980816423,1.4133531215999997
7008,271,13591,0.0063331904821097,0.550549
7004,491,24555,0.0031359924469143,0.820173
7008,177,8892,0.0026336738374084,0.7744175628000001
7004,1565,78284,0.005174511577934,0.664586
7006,124,6227,0.0013490577694028,0.941804
7004,1187,59387,0.0186315327882766,0.979897
7004,1504,75240,0.0035451385192573,1.05144
7007,146,7320,0.0109797017648816,1.0724
7008,1286,64312,0.0052501754835247,0.99698
7008,1286,64340,0.1565356850624084,1.08213566982
7004,640,32036,0.0015846278984099,0.940855
7004,231,11585,0.0020408818963915,0.66711326094
7004,207,10357,0.010555388405919,1.02543
7004,318,15946,0.0040881978347897,0.951594
7004,109,5462,0.0895785614848136,1.05212
7004,109,5485,0.002716987626627,0.40169485349
7008,270,13506,0.0048633953556418,1.10891
7008,270,13509,0.0085090789943933,0.935153
7004,1477,73898,0.0040985411033034,0.42692204264
7004,1417,70886,0.0044247177429497,0.550285
7004,1417,70892,0.0170264411717653,0.714897
7006,541,27082,0.0019770674407482,0.041045526812199994
7006,467,23397,0.0054779518395662,1.0199
7004,107,5373,0.0043592909350991,9.7094551944e-05
7004,107,5389,0.0047628041356801,1.4254209244
7004,278,13914,0.00432750582695,0.996446
7004,690,34516,0.0766074731945991,0.9720164944699999
7004,690,34546,0.0034545296803116,1.0429
7008,835,41775,0.0313553139567375,0.882665
7008,835,41785,0.0034976720344275,0.006884936605250001
7004,440,22004,0.0036726696416735,0.543513
7004,80,4001,0.007724508177489,0.519086
7004,80,4003,0.0040372684597969,0.481492
7004,80,4005,0.0015944882761687,0.517997
7004,1431,71584,0.0091481721028685,1.03691
7004,1028,51409,0.0029684118926525,0.996662
7008,1223,61171,0.0032632669899612,1.1854091262
7008,1223,61194,0.007263486739248,1.2519964292
7004,1311,65570,0.0050992141477763,1.3252522536
7008,395,19772,0.0041542211547493,0.777626
7008,767,38359,0.005362881347537,1.3475137938000001
7004,1079,54000,0.0056278072297573,1.23027
7008,473,23661,0.003217602148652,0.828501
7004,2,130,0.0023270407691597,0.755747
7004,103,5183,0.0066868783906102,0.447627
7004,103,5194,0.013098444789648,1.10768
7004,103,5199,0.1238470897078514,0.997455
7007,52,2622,0.0012722803512588,1.03074
6932,181,9052,0.0043573915027081,1.132507838
7004,659,32983,0.0088943867012858,1.01401
7008,594,29703,0.0071437968872487,0.49189301405999997
7008,594,29710,0.0081645464524626,1.18722
7008,716,35820,0.0115314647555351,0.790232
7006,147,7365,0.0010208635358139,1.12046390094
7004,1201,60088,0.1806637793779373,1.01425
7008,1280,64015,0.0031741219572722,1.2653681418
7004,985,49255,0.0062353294342756,0.965468
7006,354,17710,0.0036158899310976,1.11786
7008,581,29059,0.0041280440054833,1.0069162686
7008,581,29066,0.0064039579592645,0.9018
7008,1230,61502,0.0037760070990771,1.2928349226000002
7004,1532,76637,0.0065487944521009,1.01968
7008,295,14766,0.0090467920526862,0.89727
7004,279,13970,0.0025747248437255,1.10967
7008,1404,70221,0.0053079188801348,3.2700043084e-06
7008,1404,70243,0.0033622346818447,1.00372
7006,185,9299,0.0035384793300181,1.210081707
7008,41,2063,0.0029989462345838,0.689457
7008,41,2078,0.0027017493266612,0.864088
7008,962,48121,0.005734241567552,1.42145
7004,1274,63710,0.0097336685284972,0.92820752142
7004,1274,63722,0.0028507781680673,0.611033
7007,113,5682,0.0012477089185267,0.771718
7004,1129,56494,0.0020835259929299,0.924386
7004,850,42522,0.008251360617578,0.00213982261417
7004,850,42538,0.4258865714073181,1.01891
7008,664,33202,0.0032747685909271,0.769629
7004,129,6466,0.0045055365189909,0.984576
7004,129,6472,0.0023636713158339,0.530352
7004,129,6482,0.0096596740186214,0.00701011325664
7006,98,4930,0.0015605689259245,1.12555
7006,98,4941,0.0040922514162957,1.02249
7008,75,3785,0.001750020077452,0.561159
7008,383,19159,0.0323192588984966,1.03244
7008,189,9477,0.0053250733762979,1.1472744981
7008,189,9488,0.3338072299957275,0.443689
7008,436,21802,0.0094522861763834,0.943956
7008,436,21844,0.0051588057540357,1.04039
7006,490,24518,0.0039023573044687,1.00808
7004,1564,78206,0.2820529639720917,1.53079
7008,625,31274,0.0035544235724955,0.975558
7008,625,31279,0.0191923603415489,0.949014
7004,1249,62453,0.00783346965909,0.862554
7004,1249,62472,0.0327582024037838,1.2049198089
7004,1249,62493,0.0457032322883605,0.92179
7004,276,13825,0.0040744617581367,1.0
7004,276,13842,0.0352585241198539,1.04964
7008,772,38604,0.0031238447409123,0.16874514144
7008,772,38623,0.0031764055602252,0.514011
7008,779,38981,0.0313528962433338,0.508868
7004,678,33902,0.005071141757071,1.05424
7004,1641,82054,0.0046098893508315,0.96786
7006,133,6664,0.0060307290405035,0.44063746208
7004,350,17532,0.0050146742723882,0.95912
7004,1142,57108,0.0030708848498761,0.713927
7004,1142,57142,0.0039165886119008,1.1265133992
7008,1395,69792,0.0999461784958839,0.481372
7006,9,490,0.0048851715400815,0.946337
7004,1709,85499,0.0153273763135075,0.984084
7008,909,45469,0.0033465039450675,1.01828
7008,636,31821,0.0018248229753226,1.1758651918799998
7004,403,20151,0.0097877392545342,0.97892
7004,1526,76346,0.0124493837356567,0.454033
7008,117,5858,0.0035527688451111,1.01042
7004,587,29368,0.0043479455634951,1.2318157852
7004,814,40709,0.0025822878815233,1.14715
7006,253,12696,0.0022743074223399,0.508286
7008,1019,50953,0.0026220916770398,0.841354
7008,1019,50974,0.0098361512646079,0.695251
7004,1655,82788,0.0064597884193062,0.979584
7004,301,15069,0.0029575822409242,1.0
7008,1290,64509,0.039268534630537,1.0739
7008,1290,64518,0.0039099417626857,0.932164
7004,1288,64419,0.010397863574326,0.957435
7004,1288,64447,0.0059360754676163,1.04555
7008,1069,53452,0.0068413242697715,1.0673
7004,1363,68158,0.0026458308566361,0.522577
7004,1363,68198,0.0038660566788166,1.01575486173
7008,728,36413,0.0094014992937445,1.03602
7004,1354,67720,0.031662356108427,0.73477
7008,92,4601,0.047693446278572,0.577238
7008,92,4640,0.0029002120718359,0.659115
7006,473,23655,0.0061302953399717,0.978315
7006,473,23670,0.0033042966388165,0.524152
7008,147,7365,0.0147385047748684,1.30823
7006,523,26163,0.0044641862623393,0.5404
7006,523,26164,0.0045584198087453,0.946007
7006,523,26191,0.0127973901107907,1.0
7004,1085,54256,0.0092445528134703,0.996663
7004,1085,54265,0.0036954276729375,0.893805
7004,227,11400,0.0310695748776197,0.0013927057185599999
7004,1749,87455,0.0634331032633781,1.0085
7004,1749,87500,0.0032487695571035,0.5543179239
7004,1132,56608,0.005285243038088,0.623473
7004,1352,67615,0.0037797130644321,1.0831
7008,266,13319,0.003555707167834,0.626995
7006,115,5771,0.0040264730341732,0.644005
7004,462,23104,0.0023178327828645,1.08942991423
7004,462,23133,0.0092888297513127,1.03132
17493,81,4060,0.0041595194488763,0.753589
7006,471,23560,0.040833082050085,0.780726
7006,471,23569,0.0033731288276612,0.513331
7006,471,23572,0.0013580123195424,0.253069
7004,959,47989,0.0042421449907124,1.1745054019999999
7008,190,9509,0.0062961368821561,0.77374103918
7008,190,9541,0.0044228713959455,0.769979
7008,531,26566,0.0042247916571795,1.3935421007999997
7004,695,34784,0.0053011504933238,0.987036
7004,728,36441,0.0280608013272285,0.57322704376
7006,457,22879,0.0041892523877322,1.7848371372e-08
7006,457,22897,0.0028526873793452,0.742456
7008,315,15753,0.0032486801501363,1.56993
7006,140,7024,0.0072215930558741,1.03939
7006,140,7031,0.0047115217894315,1.360907745
7004,65,3262,0.00306266406551,1.04558
7004,65,3288,0.0039974655956029,0.8302514935500002
7008,72,3605,0.8927813172340393,1.02438
7004,413,20686,0.0055541582405567,0.940232
7004,1722,86134,0.0157867986708879,1.00832
7004,1627,81375,0.6712521314620972,0.77605579955
7006,12,613,0.006095559336245,0.94674537932
7006,12,647,0.005118750501424,0.62416
7008,18,918,0.003710105549544,0.531279
7008,18,943,0.0031048553064465,0.355092
17312,18,926,0.0032335373107343,0.753589
7004,243,12189,0.0429005771875381,1.20572
7008,1380,69018,0.0034057137090712,0.890337
7004,572,28633,0.0042187976650893,1.02843132379
7004,164,8204,0.0047040125355124,0.639227
7004,484,24229,0.0012564128264784,1.5315510173
7004,1528,76448,0.0031795459799468,0.904292
7006,341,17062,0.0030977143906056,0.535561
7008,953,47696,0.0027150344103574,1.00818
17409,7,381,0.0339099876582622,1.1759591417500002
7008,930,46541,0.0041271359659731,1.0362
17355,26,1329,0.0029982547275722,0.997255
17355,26,1342,0.0144327050074934,0.997255
17355,63,3151,0.1797448545694351,0.997255
7004,935,46753,0.0008535721572116,1.03045
7004,908,45431,0.0038511506281793,1.04389
7004,908,45434,0.0030194576829671,1.18107766226
7004,908,45450,0.004988751374185,0.998963
7004,1422,71141,0.003186706919223,0.746208
7008,789,39457,0.0019733139779418,0.6478686292400001
7008,742,37136,0.0041272495873272,0.533582
7006,127,6386,0.0187943428754806,1.201729087
7006,127,6389,0.0068682851269841,0.864339
17365,40,2025,0.0050626853480935,0.7273669613
7006,3,179,0.0031738216057419,0.960822
7004,1044,52236,0.0027236146852374,1.0
7008,233,11675,0.0075494199991226,0.733333
7008,381,19084,0.0193189457058906,1.14275523936
7004,1542,77125,0.04763013869524,0.755997
7004,12,631,0.0025746615137904,1.62391
7004,741,37070,0.0114429472014307,1.84782
7006,270,13511,0.0043438686989247,1.05244
7007,8,434,0.0059857154265046,1.02207
7004,915,45761,0.0351945608854293,1.23746
7004,915,45767,0.0167138632386922,0.903046
7006,356,17831,0.0088658817112445,1.054373513
7004,986,49312,0.0046703843399882,1.07149
7004,986,49320,0.0056498856283724,1.04641
7008,606,30320,0.0055105853825807,0.889924
7004,941,47068,0.0066973567008972,0.0120749505288
7004,677,33862,0.0016846891958266,0.526778
7004,677,33881,0.0151136629283428,1.0959
7006,622,31147,0.0066604707390069,0.947904
7004,328,16401,0.0068828458897769,0.67957
7004,328,16420,0.0042506856843829,0.996155
7004,328,16432,0.0108147300779819,1.04712
7004,847,42384,0.0041270442306995,1.03519
7008,474,23711,0.0035995801445096,1.0
7008,474,23736,0.0020369028206914,0.993463
7008,815,40789,0.0021340604871511,0.518329
7006,321,16062,0.0065231234766542,1.2297555728
7006,136,6820,0.003766456618905,1.03857
7006,136,6836,0.0073670390993356,0.675493
7004,339,16998,0.012079456821084,1.02932
6886,32,1628,0.0347073450684547,0.38584923728000003
7010,1397,69864,0.0423379391431808,0.9732065392000001
7003,350,17539,0.0033537992276251,1.28105
7001,451,22567,0.003344953758642,1.07123
7001,451,22578,0.9677311182022096,1.02252
7001,451,22593,0.0038498383946716,1.03907
7010,62,3141,0.0042511625215411,0.62054902799
7010,62,3148,0.0019030791008844,1.02764376512
7003,1353,67651,0.003072315827012,0.473639
7003,618,30910,0.0103993797674775,1.3041233726
7003,618,30913,0.0036607473157346,1.01882
7003,618,30929,0.0033264376688748,1.16545
7003,618,30936,0.0040816101245582,1.03533
7003,618,30945,0.0164108127355575,1.6631966200000001
7010,464,23238,0.0087951188907027,0.979011
7012,530,26501,0.0022561743389815,0.946121
7010,1699,84956,0.0048613166436553,1.02216
7010,1699,84977,0.028084697201848,1.04339
7010,1741,87078,0.0213045198470354,0.976471
7008,1177,58854,0.0071992725133895,0.953021
7012,612,30610,0.028568934649229,1.19114
7012,612,30630,0.2309402227401733,1.13929
7001,901,45051,0.0042198938317596,0.830726
7010,421,21059,0.0045137056149542,1.90845
7010,1214,60701,0.0058650989085435,1.07702
7003,1077,53894,0.1297727674245834,1.45664
7012,395,19765,0.0025707567110657,0.711364
7003,611,30570,0.0041214660741388,1.02165
7003,611,30572,0.0046760444529354,0.59572984526
7003,277,13877,0.0039949961937963,1.0205
7003,349,17498,0.0452948585152626,1.08295838784
7003,1170,58508,0.0145382834598422,0.633934
7003,1170,58542,0.005747755523771,0.992845
7010,1702,85114,0.0107983471825718,1.19093
7010,907,45364,0.0699687302112579,1.3923011647999999
7010,907,45395,0.0193794164806604,0.606628
7003,907,45379,0.0060756327584385,0.8575140889599999
7010,37,1856,0.0018450130010023,0.64877
7010,37,1870,0.0047894110903143,0.872266
7010,37,1888,0.0021674886811524,0.676519
7001,168,8412,0.0026420853100717,1.4555232544e-15
7001,481,24060,0.0053717964328825,0.886355
7001,481,24064,0.0352348908782005,1.10588
7012,286,14311,0.0051232767291367,1.04618
7012,290,14514,0.0032731569372117,1.05847
6999,23,1151,0.0048655960708856,1.05484439357
6999,23,1182,0.0146769229322671,0.899991
7001,67,3392,0.0036447434686124,1.1925235872
7003,578,28912,0.005035872105509,0.994825
7010,360,18002,0.1637967228889465,1.07321
7001,160,8005,0.0032003454398363,1.08722
7001,160,8021,0.0164972469210624,0.996787
7001,623,31164,0.0029459344223141,0.434278
7010,676,33801,0.1585524529218673,0.921906
7010,280,14047,0.0022425532806664,1.00284
7058,37,1864,0.0129910418763756,0.996879
7003,399,19981,0.0076190610416233,0.687309
7003,399,19986,0.0013952968874946,1.42581
7003,399,19993,0.0015018928097561,2.6381525178
7010,713,35664,0.0014838686911389,1.17912
7010,713,35681,0.0075030107982456,0.999517
7010,180,9002,0.0025376242119818,0.6772822696199999
7001,1119,55984,0.0022832797840237,0.892604
7003,96,4832,0.0040350924246013,0.856298
7003,1192,59618,0.0049162693321704,1.8159963130000003
7003,1192,59626,0.0064494344405829,1.38187
7008,1234,61732,0.0394679494202137,1.4692586111999997
7003,111,5557,0.0025793726090341,0.814983
7001,688,34401,0.0025317843537777,1.0177
7001,688,34404,0.0018898057751357,1.14693
7001,688,34432,0.0082199964672327,6.258691881
7001,688,34444,0.0033213307615369,1.02259
7001,688,34446,0.0063803293742239,1.04883
7008,1439,71973,0.9375896453857422,0.450904
7008,1439,71994,0.0055970489047467,1.05624
7008,1439,71996,0.0046803276054561,1.12259
7010,210,10502,0.0124919703230261,1.01246
7010,341,17073,0.0041531482711434,0.5634226616800001
7010,341,17080,0.0038164497818797,1.06699
7003,1749,87473,0.6386143565177917,1.03482
7010,401,20089,0.1941017210483551,1.0387957404000001
7003,918,45938,0.0057175736874341,0.96814823
7003,918,45943,0.0047919321805238,0.951542
7010,461,23088,0.0179823860526084,0.972153
7010,1192,59626,0.5295637845993042,1.31546
7008,1198,59906,0.0122398575767874,1.33307898958
7008,1198,59947,0.0039562038145959,1.01046
7010,363,18152,0.0189586393535137,0.876819
7010,363,18178,0.0034864281769841,0.5735127736800001
7003,413,20682,0.0049331611953675,9.724932016800001e-05
7003,413,20688,0.0054869661107659,0.991781
7010,1381,69056,0.012944065965712,1.02308
7010,1381,69075,0.158220499753952,1.04541
7003,152,7641,0.0026975972577929,0.884364
7003,1242,62108,0.0446716025471687,0.460754
7003,242,12110,0.2935753464698791,0.99056134593
7010,1049,52456,0.3857567608356476,1.070161173
7003,387,19396,0.1122398152947425,0.936338
7010,947,47360,0.0058754286728799,1.05343
7010,947,47377,0.0040802201256155,0.922206
7012,38,1906,0.010645312257111,1.07658
7012,38,1937,0.0853539779782295,0.74938
7012,470,23505,0.0046389168128371,1.04354
7012,470,23539,0.0111738322302699,1.07719
7010,1727,86390,0.0045854588970541,1.00111
7010,1727,86396,0.0030850265175104,0.58929
7012,89,4451,0.0060160406865179,1.00482
7012,89,4491,0.7371032238006592,1.04988
7012,89,4493,0.0048053450882434,0.701550207072
7010,1386,69303,0.0111429318785667,1.04882
7010,1386,69348,0.0062880306504666,1.02695564418
7003,796,39846,0.0025414989795535,1.2355
7003,301,15073,0.0230582188814878,0.7747403968000001
7010,1062,53129,0.0039146360941231,0.427293
7010,1604,80211,0.0024693910963833,1.11616
7010,1604,80240,0.0042914361692965,1.12571
7010,808,40450,0.0106964074075222,0.993322
7010,830,41532,0.0063742403872311,0.9325782915
7010,928,46403,0.0037245687562972,1.02269
7010,501,25084,0.004117505159229,0.877913
7010,986,49342,0.7827672362327576,1.13006
7003,659,32958,0.0031653649639338,1.0579676562
7010,146,7339,0.025803854689002,0.881478
7010,1111,55568,0.0035614219959825,1.04647
7010,1111,55570,0.0100456476211547,1.03282
7010,1111,55579,0.0052229347638785,0.944037
7010,51,2574,0.0046124788932502,1.04264
7003,895,44780,0.5357410311698914,0.965239
7003,895,44783,0.0016473416471853,0.478908
7059,60,3027,0.0069600474089384,0.67478757437
7059,78,3918,0.0023727933876216,1.07262
7008,804,40247,0.0080196009948849,1.0
7010,763,38154,0.0067034792155027,1.20834
7010,763,38191,0.0084213986992836,2.1327873024999997
7003,620,31004,0.0041984342969954,1.4304522326
7010,952,47608,0.0023015211336314,0.959168
7010,952,47610,0.0192081872373819,0.636918
7001,349,17474,0.0043305750004947,1.04932
7003,664,33201,0.07017083466053,0.0009527538091439999
7003,664,33237,0.0484185628592968,1.02822
7003,714,35704,0.0048181749880313,1.3419919179
7003,700,35019,0.237372949719429,0.964024
7003,700,35026,0.0587755292654037,1.01195
7003,526,26330,0.0072804051451385,1.0223
7003,1211,60594,0.0109966723248362,0.877913
7010,143,7175,0.0029734740965068,0.75111
7010,790,39508,0.0030486683826893,1.06058
7010,790,39546,0.0084668612107634,0.930193
7010,867,43352,0.0042490395717322,1.0
7001,812,40609,0.0025131246075034,1.01916
7010,834,41741,0.0041874325834214,1.31789559
7010,1147,57392,0.0025108996778726,1.03061
7010,1439,71978,0.0041685360483825,0.701509
7003,443,22165,0.0176327880471944,0.876671
7003,443,22192,0.0033532814122736,0.678555
7010,81,4062,0.0050063631497323,0.53151
7010,81,4064,0.0052703255787491,1.01507
7010,81,4079,0.0069057736545801,1.03763
7010,216,10807,0.0060017807409167,0.777658
7010,216,10812,0.0035237648990005,0.99598
7010,216,10821,0.3301681578159332,0.907627
7003,1094,54729,0.0029228199273347,0.600227
7012,792,39601,0.0104028396308422,0.000138584964878
7012,792,39605,0.0228175111114978,0.850455
7010,617,30863,0.016354052349925,0.84543
7010,1413,70671,0.0039687701500952,0.923292
7010,1263,63162,0.002895999699831,1.12915
7010,1403,70158,0.005775302182883,1.07445
7010,1403,70200,0.0036240299232304,0.948273
7003,1070,53502,0.004098926205188,1.2646306243999998
7003,1070,53533,0.6261754035949707,1.02902
7010,820,41011,0.0023872458841651,1.23448
7010,70,3516,0.0883106142282486,0.748191
7003,1131,56561,0.0072503080591559,0.408545
7003,1131,56575,0.0023656052071601,0.733657
7003,1131,56593,0.0043589351698756,0.692378
7010,1217,60857,0.0022255175281316,0.578597
7010,1217,60892,0.0032491681631654,1.27344
7010,122,6143,0.0030523661989718,0.904933
7003,861,43052,0.0179898869246244,1.05353
7003,861,43094,0.002634159522131,1.0363311730799998
7008,1382,69125,0.0042600184679031,0.560954
7010,998,49914,0.006183254532516,2.68355345
7010,998,49923,0.0058776712976396,1.01818
7010,1681,84079,0.0026463905815035,1.1512399529100001
7001,533,26654,0.0039799748919904,0.96558
7001,533,26663,0.002446039346978,0.969284
7010,195,9792,0.0046141510829329,0.737308
7003,127,6352,0.0055043022148311,1.11849
7003,127,6391,0.0043114055879414,8.234490030580002
7003,688,34403,0.0032997014932334,0.571859
7003,688,34409,0.0022925625089555,0.907992
7003,688,34431,0.0028085715603083,0.757721
7010,1623,81167,0.0036686167586594,1.0273
7003,681,34100,0.0019017118029296,0.699208
7003,1368,68423,0.00763566698879,0.959173
7003,959,47967,0.0095106242224574,1.15645844512
7003,959,47986,0.0097793592140078,0.787872
7010,115,5780,0.005273844115436,1.0
7003,6,307,0.0026088296435773,1.04684
7003,6,342,0.0255398470908403,1.8165676386
7003,416,20823,0.0045219189487397,0.545052
7003,1561,78066,0.0041660382412374,0.88251
7003,1054,52728,0.0279859285801649,0.468877
7010,994,49706,0.0041245948523283,0.866835
7003,651,32582,0.001496567740105,1.033
7008,1242,62118,0.6338134407997131,0.935309
7008,1242,62131,0.0081512089818716,1.05945
7008,1242,62135,0.0025675969664007,1.00878
7010,1638,81903,0.0031841390300542,0.497075
7010,1638,81949,0.190813273191452,0.954423
7003,1280,64035,0.6423602104187012,0.749031
7003,189,9478,0.0033299028873443,1.01064
7010,979,48988,0.0052617453038692,1.169105051
7003,1638,81912,0.0124773262068629,1.04626
7003,1638,81935,0.004076206125319,0.970276
7010,1684,84247,0.0121888509020209,0.443741
7003,649,32453,0.0194651503115892,0.513207
7003,649,32468,0.0046484093181788,1.3200279179999999
7003,649,32476,0.0550243146717548,1.51731
7003,649,32486,0.0030267871916294,1.1128169948
7003,649,32491,0.0056177773512899,0.86675
7003,891,44554,0.003337699919939,0.529005
7003,891,44590,0.0925739929080009,1.03312
7003,711,35571,0.0142076443880796,0.567295
7003,711,35581,0.0038270221557468,1.22672020337
7003,1118,55905,0.0246360227465629,1.37394
7003,1118,55922,0.0262018181383609,0.733383
7010,1530,76548,0.0019290411146357,1.08196
7010,114,5715,0.0053258663974702,0.688313
7003,782,39116,0.0034271159674972,1.11053
7010,1734,86725,0.0116402003914117,0.864051
7003,406,20331,0.0016266970196738,0.974289
7003,406,20338,0.0017999004339799,1.4062806198
7003,280,14022,0.0023877078201621,1.23882
7010,153,7685,0.002876067534089,1.22316
7003,291,14562,0.0032725858036428,0.67288104356
7003,1150,57516,0.0033155314158648,1.0487786752
7010,164,8204,0.0035403948277235,1.00066
7010,164,8211,0.0385308116674423,1.04173
7010,164,8242,0.0059408633969724,0.537228
7001,857,42869,0.2913583219051361,1.0363271525
7001,857,42895,0.0034511890262365,1.35877
7010,788,39422,0.0120230410248041,0.449332
7001,873,43664,0.3163228332996368,0.942836
7010,1739,86986,0.0041456907056272,1.13992
7010,367,18351,0.0201551616191864,1.380876804
7003,1486,74331,0.0064010396599769,1.0
7003,390,19546,0.0031901500187814,0.843801
7001,621,31080,0.006199911236763,0.937538
7008,937,46898,0.0058548487722873,0.874061
7010,574,28704,0.0034002135507762,0.00460614155625
7010,574,28745,0.0039851628243923,1.023
7003,15,785,0.0043709063902497,1.08162473056
7008,1319,65961,0.002075356664136,0.908564
7008,1319,65971,0.0098429583013057,1.20323
7008,1319,65972,0.0052021350711584,1.0381
7008,1319,65986,0.0120126754045486,0.522465
7003,1019,50965,0.0219320058822631,0.971794
7003,1019,50984,0.0030963451135903,0.83017
7003,1240,62008,0.0042217597365379,1.02227
7003,501,25099,0.0079315835610032,0.967985
7003,1112,55607,0.0053445030935108,0.525801
7003,1112,55632,0.0092623587697744,0.836295
7003,632,31643,0.0041373656131327,1.00241
7003,362,18125,0.0012309050653129,0.774826
7003,1044,52228,0.0033841030672192,1.01427264874
7003,331,16579,0.0034434306435287,1.07069
7003,403,20162,0.0046246228739619,0.642549
7003,403,20171,0.0048162462189793,1.02177
7003,403,20172,0.0679579675197601,0.9948988995800001
7003,403,20180,0.0116084953770041,0.686688336
7010,311,15564,0.0044282670132815,1.06912
7010,311,15597,0.0845562890172004,1.03287
7003,702,35147,0.0033345781266689,0.524835
7003,1221,61084,0.0042847236618399,1.16651
7003,551,27599,0.0166338589042425,1.0760958126
7003,1058,52912,0.0054291752167046,0.747523
7010,437,21883,0.0084654036909341,1.0164025256
7001,120,6041,0.0096412571147084,1.14237
7001,120,6049,0.0020975561346858,1.2895926332999998
7001,1064,53224,0.0047773802652955,1.0
7003,1098,54917,0.0078915888443589,1.02622
7003,1098,54920,0.1496334373950958,0.942333
7001,106,5341,0.0071708438917994,0.937879
7003,1025,51258,0.038905993103981,1.03725
7010,1556,77819,0.0030390615575015,0.52511776506
7010,1556,77825,0.0656216517090797,0.827489
7010,886,44348,0.0024797997903078,0.532026
7003,732,36642,0.0047773704864084,1.24048733445
7001,601,30100,0.0027377845253795,1.04251
7003,947,47354,0.0203431230038404,0.60961372416
7010,181,9058,0.0041223298758268,0.475855
7010,373,18662,0.0019277546089142,0.579247
7001,555,27753,0.00110644265078,0.969957
7010,473,23672,0.0045647551305592,1.0234
7010,473,23673,0.0073546185158193,1.03904
7003,956,47826,0.0347885489463806,1.03163
7001,790,39523,0.0166306141763925,1.08845
7001,790,39546,0.0029069103766232,1.04541
7010,79,3981,0.0029054444748908,1.152532495
7012,340,17013,0.003523058257997,0.527317
7012,340,17029,0.9931296706199646,1.00931
7010,289,14489,0.0399567298591136,0.13984980891
7003,124,6224,0.0010298652341589,1.01866
7003,124,6232,0.0153972627595067,0.989184
7003,1024,51220,0.0016019843751564,1.00071
7001,354,17720,0.0342753902077674,0.817879
7001,354,17730,0.0040877433493733,0.941336
7001,354,17734,0.0016723901499062,0.971199
7003,249,12457,0.0060575967654585,1.08591
7003,1125,56284,0.0861048623919487,1.39562
7010,8,409,0.0088254762813448,0.571646
7010,658,32907,0.0067785833962261,0.901086
7010,10,502,0.502147912979126,1.05636
7010,10,523,0.0024800568353384,0.9469
7010,10,547,0.0047692414373159,0.5418
7003,1115,55793,0.003395747160539,1.5475191407
7008,1335,66757,0.0056612775661051,1.2054909264
7003,1274,63702,0.0029851880390197,0.973746
7003,1274,63704,0.0954083204269409,0.47904110048
7010,1313,65700,0.0036491826176643,0.625038
7003,87,4368,0.0056887194514274,0.997878
7010,5,276,0.0117980884388089,0.0347713063486
7003,1618,80911,0.0054238666780292,1.08629
7010,1629,81495,0.004395724274218,1.19021928606
7010,909,45462,0.0216983035206794,0.53269
7010,909,45491,0.002871120115742,1.07631
7010,871,43574,0.0020307076629251,0.81545
7010,1600,80040,0.0037996971514075,1.02064
7010,1315,65764,0.2217267900705337,1.27702
7010,1315,65766,0.0120043642818927,1.00594
7003,179,8992,0.0045982920564711,1.4688849195000002
7003,157,7859,0.004503084346652,0.990861
7057,26,1306,0.0024283449165523,1.06165
7010,269,13487,0.0056595779024064,0.419977
7010,269,13496,0.3389092981815338,1.07414
7010,272,13618,0.0092861140146851,1.11169
7010,325,16294,0.0155533188953995,1.03566
7010,939,46975,0.0042303618974983,0.840081
7010,997,49866,0.0090165250003337,1.02312
7003,1022,51115,0.0059081972576677,0.656349
7003,582,29121,0.0031148588750511,0.92179
7003,582,29135,0.0052354554645717,0.613886
7010,1012,50646,0.0058108232915401,0.935144
7003,1109,55487,0.0073073217645287,0.45811900526
7010,111,5582,0.0036500997375696,0.511998
7010,1124,56211,0.0026383430231362,5.62649780069e-09
7010,533,26663,0.2969216406345367,0.896457
7001,1033,51680,0.0151019552722573,0.96996820635
7010,1360,68003,0.0107830474153161,0.450153
7010,1360,68009,0.0047915731556713,0.567539
7010,1360,68034,0.3139767050743103,0.9979932466200001
7010,1360,68036,0.009543664753437,1.12938
7003,640,32046,0.0219618007540702,0.997773
7003,373,18675,0.0088542196899652,1.00984
7003,682,34109,0.0049679060466587,0.527026
7058,13,659,0.0074723619036376,0.843828
7010,1100,55014,0.0076529216021299,0.569324
7010,1100,55047,0.0028797045815736,1.29175276736
7008,1268,63434,0.0026016775518655,1.01594
7010,283,14179,0.0046672509051859,0.43420193935000007
7010,1303,65153,0.0201376695185899,1.04778
7010,1303,65159,0.004036106634885,1.19452
7010,1303,65166,0.0042696353048086,1.28776
7010,1303,65192,0.0021307314746081,1.0125
7012,572,28642,0.008522069081664,0.864014
7010,6,302,0.0053760525770485,1.01715
7010,6,309,0.0029378191102296,1.10026
7003,744,37203,0.0088911997154355,0.986261
7003,744,37236,0.2678380012512207,0.964577
7010,712,35639,0.0059483619406819,1.1278921256899999
7001,363,18155,0.0022338756825774,0.89715685296
7003,49,2472,0.0027453040238469,0.8437496634
7010,1051,52595,0.0039293779991567,0.483514
7010,531,26588,0.0053568189032375,1.00137
7010,1712,85624,0.1530416309833526,1.04344
7003,262,13142,0.0034185477998107,0.758187
7010,370,18525,0.0031391675584018,1.0689921545799999
7010,1719,85953,0.0075320624746382,1.2520825782
7010,207,10397,0.0033976468257606,0.711343
7003,633,31699,0.4131272435188293,0.584411
7010,294,14722,0.0035778097808361,0.37016959152
7010,294,14727,0.0511085838079452,1.3510361103
7001,76,3829,0.0015883293235674,0.983287
7001,76,3830,0.0074675283394753,1.0422
7003,984,49226,0.0041277869604527,1.2369516586
7003,167,8374,0.0174695067107677,1.04417
7058,29,1500,0.0047404710203409,0.470657
7008,1360,68014,0.0028883626218885,1.12363
7010,1646,82348,0.0117401452735066,1.10485
7003,1408,70448,0.2024655938148498,0.926071
7003,646,32304,0.0029543442651629,1.23657
7003,646,32317,0.0038265367038547,1.03062
7010,1415,70758,0.0018607579404488,1.0885340106899999
7012,120,6001,0.0009930506348609,0.972579
7012,120,6015,0.0033320893999189,1.02969
7012,120,6037,0.0345082245767116,0.541466
7003,1322,66141,0.0155768897384405,1.04082
7003,1246,62323,0.992026150226593,0.932376
7001,847,42359,0.0019495171727612,1.377994912
7001,847,42363,0.13731649518013,1.94154
7010,1306,65314,0.16452457010746,0.422097
7010,1306,65319,0.1890882849693298,1.04552
7010,1306,65336,0.0047331489622592,0.643631
7010,1116,55834,0.0046655568294227,0.466379
7010,1456,72849,0.0074171382002532,0.958024
7003,113,5668,0.1949379444122314,0.357104
7003,786,39349,0.0335222519934177,1.4263609344000001
7010,1289,64495,0.0072336955927312,1.43323
7003,1413,70678,0.0042705005034804,1.17312
7010,797,39885,0.012327161617577,1.03382
7010,1455,72796,0.0061928783543407,1.1932459658
7010,305,15261,0.0031812314409762,0.986798
7010,305,15289,0.0013420901959761,0.562204
7010,513,25683,0.0809765011072158,1.03786
7010,61,3060,0.004938400350511,1.02643
7010,61,3098,0.0035272275563329,0.385313
7010,328,16425,0.0090625500306487,1.2895
7010,365,18281,0.0045081083662807,0.680914
7003,1255,62759,0.0022684410214424,1.07883
7003,1063,53154,0.0041176537051796,1.05868
7003,1063,53172,0.0086300428956747,1.03935
7003,1063,53193,0.5025414824485779,1.63237
7003,118,5943,0.0015307626454159,1.04028
7003,706,35334,0.0269617307931184,1.3118267097
7003,706,35345,0.0015127727529034,0.602744
7010,1592,79636,0.0038447859697043,1.01949
7010,1592,79650,0.0063121514394879,0.744602
7010,566,28347,0.0041461023502051,0.970095
7010,1606,80327,0.7263363599777222,1.17411
7010,1424,71215,0.0022057699970901,0.563612
7010,178,8927,0.0050191706977784,1.1159542118199999
6999,50,2524,0.003143805777654,1.00371
6999,50,2527,0.0029614316299557,1.02316
7003,68,3421,0.0042594079859554,0.8431
7003,68,3441,0.0034268114250153,0.98469638052
7003,220,11018,0.0067879296839237,1.0484
7003,220,11048,0.0061373701319098,0.74841
7008,1413,70652,0.0063938777893781,0.663909
7008,1413,70664,0.0043926807120442,0.402109
7008,1413,70698,0.001518124830909,1.08583
7012,428,21406,0.0031531129498034,1.03274
7012,428,21438,0.002793839899823,0.8007625657500002
7003,961,48053,0.4011061787605285,0.989832
7003,169,8459,0.0885918885469436,4.51675462803
7003,169,8470,0.0021297754719853,0.616384
7003,169,8496,0.0075128632597625,0.755556
7010,1527,76374,0.0040544536896049,0.645341
7008,1344,67216,0.0102356327697634,0.998225
7003,329,16467,0.0035679212305694,0.778476
7010,1264,63226,0.0036856527440249,1.03312
7008,5,280,0.0039698611944913,0.960427
7003,596,29813,0.0342865362763404,1.09719
7010,546,27309,0.0075079584494233,0.637482
7010,773,38669,0.0175910256803035,1.153128683
7010,773,38676,0.0090458216145634,1.06083
7003,1234,61705,0.0035421499051153,1.13144
7010,103,5153,0.0021400076802819,0.92179
7010,103,5154,0.0043084914796054,0.586286
7010,103,5165,0.0155412908643484,1.417310726
7010,103,5182,0.0039008692838251,0.974225
7078,21,1080,0.0025394689291715,0.529799
7010,635,31769,0.0042766123078763,1.0426
7010,635,31792,0.003971192985773,1.318741006
7012,732,36611,0.0017234561964869,0.971207
7012,732,36618,0.0049244309775531,1.1884709298
7010,661,33066,0.0040925722569227,1.00513
7010,661,33100,0.0203324817121028,1.02537
7003,529,26459,0.008562478236854,0.982094
7010,1196,59808,0.0050775045529007,0.6650279305900001
7010,1196,59839,0.0505236983299255,1.2643614182
7010,510,25519,0.0397653169929981,0.964976
7010,510,25525,0.0056426064111292,1.10460234744
7003,931,46572,0.0060051269829273,0.811963
7003,243,12152,0.0326240547001361,0.491569
7003,243,12169,0.0210366956889629,0.589444
7010,1686,84306,0.0060546114109456,0.56880003004
7003,1516,75803,0.0015686808619648,0.6075
7003,1516,75818,0.0207922291010618,1.480279716
7008,1192,59610,0.9633978009223938,0.585305
7008,1192,59634,0.0103833889588713,1.3758
7008,1192,59636,0.0035834189038723,0.877913
7003,276,13802,0.0049126497469842,0.6056707501199999
7003,276,13814,0.0020696443971246,0.533275
7003,276,13843,0.0010391833493486,0.538971
7012,12,601,0.1018580943346023,1.15532
7001,130,6533,0.0021296942140907,1.09399
7001,130,6538,0.0039319358766078,1.01735
7003,734,36748,0.136715367436409,1.07510622382
7001,735,36775,0.0030367870349437,0.773908
7003,333,16697,0.0053381999023258,1.65998
7003,1735,86753,0.0054468074813485,0.555424
7003,1735,86766,0.0022457840386778,0.812884
7003,1612,80607,0.0010169858578592,0.863731
7003,1612,80620,0.0070978794246912,0.90021
7010,605,30276,0.0089044673368334,1.01757
7010,605,30292,0.0035681803710758,0.969425
7010,1083,54164,0.0033103404566645,0.700684
7012,150,7533,0.9652034044265748,1.00006
7012,150,7548,0.0032122419215738,1.2502551304
7010,299,14994,0.0094424020498991,0.907091
7010,299,15000,0.0919918119907379,1.05435
7010,961,48097,0.3115774691104889,1.12685
7010,949,47457,0.0102075422182679,0.408717
7010,949,47463,0.0056400257162749,0.552469
7003,423,21164,0.006453622598201,1.00954
7003,201,10096,0.0037819384597241,0.573599
7010,1677,83855,0.0050985603593289,1.05754
7010,1677,83867,0.048670656979084,0.999027
7003,975,48794,0.0061722290702164,0.961406
7003,185,9278,0.0080391364172101,0.96248879584
7003,130,6529,0.0137042216956615,0.88857
7003,130,6538,0.006808447651565,0.657854
7010,475,23782,0.0047220769338309,0.674914
7010,475,23792,0.0279244985431432,1.12467
7010,1334,66729,0.0046681771054863,0.90037252396
7003,173,8689,0.00393558293581,0.634756
7003,186,9334,0.0060846065171062,1.01683
7010,982,49115,0.0080656753852963,0.933103
7010,669,33481,0.0020527585875242,0.594083
7010,669,33490,0.0073278960771858,1.0232
7001,449,22488,0.0066057075746357,0.0009182457162000002
7010,1565,78252,0.0061808489263057,0.921692
7010,1565,78291,0.005196972284466,1.0
7010,1565,78293,0.0054356604814529,0.936181
7010,550,27504,0.4490904808044433,0.987257
7010,550,27526,0.4511440694332123,0.735116
7012,50,2534,0.0013601320097222,0.72524
7003,471,23597,0.0039163073524832,0.864681
7010,1299,64955,0.0028866329230368,0.7936031571400001
7010,1299,64976,0.2251970022916793,0.943939
7003,284,14250,0.0038969859015196,0.801769
7010,322,16136,0.0039590895175933,1.04382685307
7010,222,11136,0.0030358789954334,1.1416647495
7010,222,11149,0.0042434502393007,0.877913
7010,675,33783,0.0021776617504656,0.97425
7010,584,29219,0.0460177063941955,0.53223
7003,1110,55534,0.0037787863984704,1.26874
7003,560,28001,0.2249485850334167,1.0788825681
7003,866,43301,0.1528288722038269,4.041392140499999
7003,866,43312,0.0040426864288747,0.507939
7003,866,43341,0.7482336759567261,1.1658440596
7001,20,1016,0.002723881509155,0.567722
7001,20,1020,0.0034505741205066,0.863554
7001,20,1047,0.5719307661056519,0.353372
7012,100,5017,0.0039559029974043,0.927365
7001,763,38165,0.0045648091472685,0.893979
7001,763,38184,0.005735385697335,0.556989
7010,551,27551,0.0012801443226635,0.60933660201
7010,1285,64284,0.0047177453525364,0.731618
7003,531,26567,0.0495661608874797,1.05083
7003,531,26597,0.2976081967353821,1.08534
7003,1681,84073,0.0036012032069265,0.534334
7010,1224,61233,0.0018376293592154,0.591807
7010,804,40246,0.0030343597754836,1.02621
7010,20,1009,0.0048573669046163,1.04865
7010,20,1019,0.003993724938482,0.991264
7008,1171,58580,0.0687239691615104,0.493071
7010,734,36714,0.0034867860376834,1.247
7008,1363,68198,0.0745621994137764,0.987388
7010,1483,74195,0.0015951776877045,1.08603
7001,6,320,0.0054863314144313,0.929833
7001,6,339,0.0034695314243435,0.6181779288
7003,188,9410,0.0042346306145191,0.942871
7003,188,9444,0.0030959611758589,0.9851882205599999
7003,1378,68923,0.0021630059927701,1.0001257832500001
7003,232,11619,0.0020130944903939,0.938453
7003,135,6767,0.4496757686138153,1.05037
7003,89,4452,0.0317309983074665,0.967466
7010,165,8294,0.002738012233749,0.945395
7010,948,47431,0.8539745211601257,0.79590681275
7003,1016,50806,0.0036508019547909,0.010930676898
7003,1016,50834,0.0033812515903264,0.486038
7003,541,27051,0.0014152762014418,0.378865
7003,541,27088,0.0053398408927023,0.479643
7003,541,27096,0.0017964672297239,0.945181
7010,368,18434,0.004750445485115,0.835445
7003,902,45109,0.0029086871072649,1.04566
7003,902,45147,0.014093205332756,0.889877
7010,1534,76727,0.0056586391292512,1.02937
7010,287,14357,0.0136727029457688,0.59683
7010,287,14358,0.0048885382711887,0.907897
7010,287,14365,0.0923279821872711,0.966281
7010,287,14368,0.0032482121605426,0.855575
7010,287,14380,0.0077066007070243,0.949196
7003,1160,58008,0.0035626154858618,0.51735
7010,235,11753,0.0887407213449478,1.03266
7010,235,11768,0.0046498435549438,1.0
7010,235,11783,0.0029272469691932,0.992123
7003,415,20765,0.0271339956670999,1.00532
7010,1093,54666,0.0916657075285911,1.03322
7010,1093,54679,0.0088433502241969,0.512423
7010,1093,54680,0.0044358558952808,1.16858
7010,268,13401,0.003239210229367,1.1644
7012,539,26952,0.0039352183230221,1.03998
7010,1457,72898,0.0014582034200429,1.2519512118
7003,1134,56715,0.0033370938617736,0.99498
7003,1134,56718,0.0023194630630314,1.17616
7003,1134,56734,0.0032592073548585,0.453521
7003,524,26222,0.0027721079532057,1.1737430137
7003,524,26239,0.0009891112567856,1.06551
7003,524,26245,0.0059950477443635,1.16325571011
7003,605,30252,0.002601618412882,4.3318641752e-07
7001,734,36707,0.0071022533811628,0.789233
7003,1409,70454,0.003056779038161,0.966213
7003,1409,70467,0.0041791829280555,1.298941018
7003,1249,62451,0.0021434645168483,1.01333
7003,1249,62452,0.3480526506900787,1.17934
7003,1249,62499,0.0664349719882011,0.75004895
7010,1074,53718,0.0088024139404296,1.01977342128
7010,187,9388,0.0048493016511201,1.2657576048
7010,187,9394,0.0052294293418526,0.822287
7010,187,9399,0.0030996543355286,13.904482925900002
7003,622,31128,0.2561097741127014,1.0127
7010,1498,74909,0.0082340957596898,1.1028934296
7010,1498,74934,0.0047952830791473,1.07293
7010,1498,74935,0.0011954398360103,1.21089
7010,40,2033,0.0049015739932656,0.6766235192
7001,57,2857,0.8800379633903503,0.818464
7003,193,9656,0.0122761847451329,2.5784335072
7010,1015,50772,0.0079560726881027,1.03938
7001,1,52,0.004172399174422,0.989447
7001,1,53,0.0019580295775085,0.907634
7001,1,75,0.0049988869577646,0.638928
7003,750,37524,0.003414083039388,1.0062
7008,1418,70929,0.0077326698228716,0.991774
7010,1002,50120,0.6418671607971191,1.09853
7003,793,39676,0.0045122383162379,1.1341241191
7010,748,37403,0.0062203048728406,0.94858
7010,748,37416,0.6534725427627563,1.0
7010,1548,77420,0.0916634574532508,0.529169
7003,709,35489,0.0008230385719798,0.707034
7010,1139,56987,0.0077555156312882,1.10107
7003,1174,58731,0.4568067789077759,1.0688175621
7003,344,17220,0.0051074842922389,0.626691
7010,1461,73074,0.0059333639219403,1.0452
7010,1461,73089,0.0046412050724029,1.04716
7008,1000,50036,0.0024689636193215,1.402330148
7003,1397,69864,0.0260132476687431,0.970943
7001,548,27449,0.0044459262862801,1.0227
7010,796,39850,0.0040800925344228,1.16934
7003,452,22623,0.0049821021966636,0.564441
7010,389,19470,0.0293979737907648,0.956304
7059,11,564,0.0092829335480928,0.697711
7059,11,584,0.0065732672810554,1.05274
7057,11,584,0.0046058697625994,0.364044
7003,271,13559,0.0187473874539136,0.7445098362
7012,30,1508,0.001496577868238,0.947123
7012,30,1549,0.0012438098201528,1.03813
7003,600,30021,0.0370637662708759,1.18379
7003,600,30027,0.004898902028799,0.754664
7010,1620,81020,0.053444817662239,1.39874
7010,1620,81047,0.0022642477415502,1.2210892125
7003,1666,83343,0.023967120796442,1.01732
7010,1247,62358,0.0024760433007031,0.951377
7010,1247,62363,0.004481578245759,0.79296
7010,1489,74494,0.0202021468430757,1.05467
7010,68,3414,0.1245411559939384,0.993895
7010,324,16202,0.0034573525190353,0.995313
7010,324,16207,0.0168055705726146,0.549665
7003,1407,70363,0.0043569132685661,1.2659373
7003,1407,70365,0.0023078003432601,0.876639
7001,1113,55694,0.0696075335144996,0.566249
7010,698,34918,0.0033834772184491,1.01555
7010,698,34934,0.0044359504245221,0.522996
7010,1694,84724,0.0023862000089138,1.15624
7010,1694,84748,0.0032249067444354,0.947439
7010,1718,85943,0.0047734347172081,1.00214
7003,862,43107,0.006203431636095,0.943868
7003,862,43139,0.0088842399418354,1.24927
7003,862,43144,0.0049541499465703,0.441035
7003,1330,66507,0.0055737774819135,0.533402
7003,1330,66523,0.0037056610453873,1.0141
7003,1073,53667,0.5672960877418518,1.0161564274400001
7003,834,41703,0.0033369273878633,1.07985
7003,834,41707,0.0021770864259451,0.641672
7003,834,41723,0.0039921472780406,1.02084
7003,834,41747,0.0025319145061075,0.590435
7001,803,40153,0.0015485582407563,1.06495
7003,880,44038,0.2200502604246139,0.249451
7003,1716,85814,0.0061259968206286,1.0409542296
7010,1338,66935,0.5513008832931519,0.47773970548
7003,1566,78310,0.0031292035710066,0.521456
7003,1566,78318,0.0221708510071039,1.43989
7003,645,32283,0.0041677244007587,1.03842
7008,1264,63233,0.0123217180371284,0.906212
7010,1290,64520,0.0049007618799805,1.16545
7010,619,30957,0.0052341148257255,0.96786
7010,619,30960,0.0063788117840886,0.0008641147497600001
7010,619,30974,0.0060963919386267,1.0652138616
7010,1054,52736,0.006156135816127,1.0543983867200002
7003,241,12089,0.0196727998554706,0.854299
7010,1490,74501,0.0027540775481611,0.750066
7010,1490,74509,0.005425679963082,0.517025
7003,1528,76405,0.0038099684752523,0.50418
7003,365,18253,0.0028903670608997,1.01944
7003,365,18263,0.0053461198695003,1.163280087
7003,365,18283,0.0110642109066247,0.993681
7010,937,46888,0.0041471295990049,1.0199
7010,899,44952,0.0030823731794953,1.02975
7010,868,43402,0.0052476958371698,0.562736
7003,1233,61663,0.0807110592722892,0.59184279951
7003,1233,61696,0.0027175778523087,0.006029805088999999
7010,1057,52871,0.0112316105514764,0.81721026963
7001,51,2567,0.0044791642576456,1.00454
7010,1619,80997,0.0069225928746163,0.90968430384
7003,1579,78963,0.5927712917327881,1.00222029402
7010,228,11439,0.0065573276951909,0.355136
7010,228,11447,0.0026074277702718,0.67873
7010,1509,75472,0.0116611802950501,1.07857
7010,1509,75498,0.0053026448003947,0.622151
7003,598,29904,0.0153641868382692,1.56318
7003,598,29942,0.0056498302146792,0.598821
7003,1390,69522,0.0056453282013535,1.08404943936
7003,394,19709,0.0281629916280508,0.927859
7003,394,19727,0.0056053698062896,0.766693
7003,426,21304,0.0144782066345214,1.11083
7012,300,15020,0.0107072815299034,0.611409
7001,388,19449,0.0118704903870821,1.01527
7003,36,1839,0.0061756875365972,0.972963
7010,206,10331,0.0015496594132855,0.76898
7010,206,10349,0.0907285064458847,0.541914
7010,856,42837,0.0041933301836252,0.97784
7003,522,26104,0.0021498084533959,0.946896
7012,752,37607,0.0020580675918608,1.02882
7010,1656,82814,0.0014975857920944,0.698116
7010,1471,73584,0.2006589770317077,1.2155450526000002
7003,763,38167,0.015509944409132,0.904379
7010,1417,70874,0.0034998061601072,0.54614763
7010,1417,70898,0.0035487553104758,0.917749
7010,941,47057,0.0046497089788317,1.0
7010,1140,57037,0.0034281702246516,0.502659
7010,1239,61991,0.0022222774568945,1.01939
7010,839,41959,0.1839552968740463,1.2544418240000001
7010,563,28164,0.0076401634141802,1.22667644412
7010,563,28195,0.2584042251110077,0.9186042675499999
7010,563,28200,0.0012759385863319,0.229196
7010,55,2792,0.0041117290966212,1.02666
7012,632,31649,0.0405288897454738,0.7174662220800001
7010,1760,88044,0.0024303244426846,0.880366
7010,1760,88046,0.0048230844549834,1.067997984
7012,70,3514,0.0039301491342484,0.9577980390499999
7010,92,4618,0.0016760118305683,1.20052
7010,92,4645,0.0036002402193844,1.3097565742000001
7003,1265,63257,0.0025041706394404,1.04254
7012,230,11546,0.0055575380101799,1.04697
7008,929,46458,0.0090315723791718,0.6164797413099999
7001,92,4633,0.0026769125834107,1.2330649408
7001,92,4636,0.4966430962085724,0.809158
7001,92,4641,0.0012796841328963,0.985529
7003,65,3292,0.0086149210110306,0.978094
7010,768,38448,0.0028786612674593,0.802632
7010,738,36924,0.0021535903215408,1.11609991215
7001,1019,50979,0.0053938175551593,0.92179
7003,298,14946,0.0041444841772317,0.85081
7010,901,45056,0.1169027313590049,1.08965668
7010,779,38956,0.0062252171337604,0.893548
7003,140,7031,0.0046432078815996,1.00535
7010,858,42946,0.0028092404827475,0.575765
7010,540,27030,0.0040754894725978,0.977832
7003,496,24812,0.0042936699464917,0.588981
7003,55,2776,0.0069121732376515,0.553966
7003,162,8111,0.0050987638533115,1.0106
7003,162,8114,0.0094734234735369,0.810481
7001,305,15268,0.0073357918299734,1.30382
7001,305,15292,0.0092529589310288,1.06739083882
7010,677,33867,0.003010886022821,1.07051334832
7003,1537,76866,0.0057630711235105,0.74502530115
7003,37,1889,0.0018773647025227,0.92309
7003,37,1892,0.9916911125183104,0.6801091644000001
7003,1218,60902,0.0067163156345486,1.05701
7008,1229,61476,0.0093192541971802,1.0733
7010,1354,67739,0.0158528946340084,0.96945
7001,411,20554,0.2627737522125244,1.03742
7010,65,3265,0.0626581832766532,1.29505
7003,379,18973,0.003216634504497,0.6435907922999999
6999,60,3048,0.4912661910057068,1.06317
7010,1007,50385,0.0053375493735075,0.860373
7010,1007,50390,0.036609049886465,0.964616
7010,1007,50397,0.3401131629943847,1.00569
7010,106,5329,0.9536837339401244,0.904612
7010,106,5330,0.2491600215435028,1.2177915708
7010,579,28987,0.0095934737473726,1.02713
7003,797,39851,0.0051555102691054,0.623276
7003,797,39863,0.0018055574037134,1.02445
7012,228,11407,0.0047121662646532,0.998021
7012,228,11409,0.0274880900979042,0.980911
7008,1183,59162,0.0452424772083759,0.964048
7010,84,4201,0.0023948289453983,0.5793543991
7010,84,4239,0.003076986875385,1.00324
7001,186,9328,0.0109709072858095,0.877913
7010,1394,69727,0.0274619087576866,0.938696
7003,601,30085,0.0032622944563627,0.817749
7010,519,25957,0.0047071995213627,1.14956
7010,519,25976,0.009577602148056,0.48145769326999993
7010,519,25987,0.0046758446842432,1.02433
7010,519,25992,0.1365466564893722,1.03674
7010,1293,64654,0.0029019874054938,0.414631
7010,1293,64681,0.9143271446228028,1.02484
7003,794,39704,0.005501311738044,1.00771
7003,794,39710,0.004881895147264,1.08236297561
7003,144,7216,0.0442473739385604,0.982135
7003,52,2603,0.0033025946468114,0.96786
7001,165,8282,0.0014883979456499,0.529425
7003,756,37816,0.3947095870971679,0.75963
7003,756,37849,0.0030936747789382,1.2854976043999997
7010,1408,70416,0.0038162448909133,0.948575
7010,1408,70426,0.0026942424010485,0.574152
7003,478,23923,0.0053877658210694,1.23584
7003,1427,71366,0.0099260853603482,0.999822
7003,1427,71381,0.0086671318858861,0.861473
7003,1552,77606,0.0007410788093693,1.03983
7003,1552,77644,0.0027372064068913,1.01582
7001,37,1866,0.3557783663272857,0.72202
7010,965,48268,0.0048573045060038,1.11777
7010,965,48294,0.0063101118430495,0.815083
7010,1350,67517,0.9717918038368224,0.938343
7010,1317,65870,0.0036715981550514,0.991284
7012,560,28038,0.0033702973742038,0.95655
7003,438,21943,0.0203734319657087,1.04124
7010,362,18101,0.0026095069479197,0.93548
7010,362,18110,0.0072919973172247,0.380387
7010,1226,61342,0.0034009362570941,0.936604
7010,1485,74280,0.0138215329498052,0.720383
7010,354,17739,0.0386582426726818,1.3232383483
7010,1047,52396,0.0222877133637666,0.969442
7010,404,20227,0.0030703784432262,0.510473
7003,1190,59549,0.0047012362629175,0.881236
7003,980,49026,0.0054841102100908,0.92179
7003,613,30663,0.0416332744061946,1.25525
7010,137,6856,0.0089932074770331,0.631016
7010,137,6891,0.0080151623114943,0.728942
7008,1468,73408,0.0041237608529627,0.67930858364
7003,825,41272,0.0047024148516356,0.964895
7003,825,41285,0.0062811337411403,0.984994
7003,825,41300,0.0063837943598628,1.04474
7010,1351,67583,0.0068687722086906,0.98572
7010,1351,67596,0.0025646153371781,1.06233
7003,1592,79649,0.0146597968414425,1.13231
7001,266,13337,0.0055603375658392,0.460102
7001,266,13346,0.0016101910732686,0.507902
7012,109,5497,0.0079203760251402,1.0249
7010,621,31098,0.0055518071167171,2.0470592206
7010,621,31100,0.0036485739983618,0.907064
7008,1224,61222,0.0018315939232707,1.21011
7003,966,48344,0.0038010459393262,0.974131
7010,731,36559,0.0052874321117997,0.960445
7010,380,19015,0.003176627214998,0.609684
7010,852,42637,0.0028510098345577,1.0443
7010,664,33211,0.0020546917803585,1.16656
7010,664,33214,0.0065627447329461,0.984943
7010,242,12119,0.0044613708741962,0.865658
7003,519,25965,0.0052946172654628,1.15436
7008,1247,62382,0.0638279318809509,1.17398710497
7008,1247,62396,0.0025306574534624,0.553023
7010,536,26835,0.0078500788658857,0.473739
7010,536,26840,0.0020596156828105,0.995791
7003,22,1131,0.0080006960779428,0.996514
7003,256,12818,0.0026964726857841,1.11075
7003,957,47878,0.0058358730748295,0.553726
7012,450,22501,0.0060858405195176,0.974979
7003,283,14159,0.0047329785302281,1.35856
7003,418,20915,0.0042210463434457,0.586874
7003,418,20923,0.0040427134372293,0.946864
7010,652,32645,0.0026109544560313,0.498228
7010,728,36405,0.0033664698712527,0.52985867104
7010,728,36409,0.0039293463341891,0.441113
7003,533,26670,0.0053535373881459,0.958323
7010,689,34493,0.501338005065918,0.99547
7003,153,7686,0.005043760407716,1.27338
7010,1253,62655,0.0051488918252289,0.618671
7010,1253,62670,0.0085995281115174,1.50967472912
7010,1561,78069,0.0046278899535536,0.705706
7008,1315,65761,0.0042452947236597,1.1886573825000002
7003,900,45009,0.0029402296058833,1.02316
7008,1417,70864,0.003224499290809,1.06327
7010,224,11202,0.0060130930505692,0.296388
7010,224,11239,0.0030221112538129,1.02372
7010,224,11241,0.003389474004507,1.01363
7001,281,14082,0.0005701689515262,0.432279
7001,281,14090,0.0049942713230848,1.11398
7010,1207,60392,0.0056427912786602,0.799648
7010,1089,54482,0.0037396727129817,1.5688238181
7003,1075,53794,0.0042962310835719,4.63633690086
7003,9,472,0.0016965606482699,0.96786
7003,9,494,0.0156166376546025,1.3949942842999998
7010,1658,82909,0.0058752335608005,1.05876
7010,1658,82925,0.0058800484985113,0.849218
7003,602,30102,0.0040361871942877,1.02904
7003,602,30118,0.0044495412148535,0.457968
7012,144,7225,0.0032570252660661,1.13911148511
7010,183,9184,0.0071345190517604,1.05591
7010,589,29460,0.0170878581702709,0.877913
7010,589,29468,0.0052825268357992,0.6393941575000001
7010,589,29485,0.0033163873013108,0.507053
7003,206,10338,0.601865291595459,0.917145
7010,1611,80580,0.0594328194856643,1.45745
7003,77,3853,0.0042928564362227,1.00689
7003,1203,60168,0.0036991322413086,1.04925
7003,857,42863,0.0232232920825481,1.23786
7001,33,1656,0.0038644594606012,0.811371
7012,270,13511,0.0084627903997898,1.19574
7010,880,44027,0.0033233987633138,1.04703
7010,1096,54827,0.0049037975259125,0.440316
7010,1096,54850,0.9708229303359984,1.02296
7010,1506,75336,0.0031650520395487,0.947843
7008,1368,68417,0.0029644602909684,1.01432
7008,1368,68424,0.0072053871117532,0.988601
7010,1505,75261,0.0156823918223381,0.578864
7010,1505,75300,0.0046002832241356,0.97460885249
7012,320,16047,0.00379648222588,0.61807651605
7010,612,30602,0.1475040018558502,0.586138
7010,612,30639,0.0032034290488809,0.488936
7003,1159,57951,0.0093824053183197,0.617781
7003,1159,57973,0.0125173171982169,1.06555
7003,1159,57976,0.003303739009425,1.26693
7010,1014,50741,0.0049028946086764,1.5633775136
7010,714,35710,0.0027196479495614,0.69710255274
7003,1259,62967,0.2724196314811706,0.888861
7010,575,28761,0.931457221508026,1.67168
7010,575,28784,0.0026698466390371,0.523522
7010,319,15998,0.0041057509370148,0.94879
7003,1404,70247,0.0084539363160729,1.03255
7003,897,44871,0.0119626149535179,0.84635
7008,1218,60902,0.0044210432097315,1.02239
7008,1218,60911,0.0036089064087718,1.16355006108
7012,430,21541,0.0295711476355791,0.539147
7003,348,17412,0.0032897538039833,1.04296
7010,1704,85213,0.0837913900613784,0.690814
7010,1704,85231,0.0173575021326541,0.78748
7003,255,12789,0.0981729626655578,0.979143
7010,923,46159,0.9989979863166808,1.13020375063
7010,923,46167,0.0044099581427872,2.85922
7010,892,44623,0.0186658985912799,0.87632
7010,892,44642,0.0282242875546216,0.959212
7010,444,22227,0.8318025469779968,0.885155
7010,444,22239,0.0032369832042604,0.939466
7003,768,38417,0.0019446321530267,0.695757
7003,768,38422,0.0048124697059392,0.935188
7003,768,38445,0.5713598132133484,1.03447
7001,581,29079,0.0031658089719712,1.20214
7003,378,18930,0.0022630707826465,1.19353
7003,378,18938,0.0037191438023,1.08769
7003,1091,54571,0.0046517793089151,0.51623704152
7012,14,717,0.034959502518177,1.04745
7008,1092,54647,0.0060130250640213,1.2712207886
7003,583,29154,0.0040662582032382,1.12532
7003,164,8221,0.0018447785405442,1.6450024360000003e-05
7003,164,8232,0.0019798225257545,1.0
7010,668,33406,0.0038821783382445,0.325424
7010,668,33421,0.0213585905730724,0.898739
7003,363,18196,0.0061908508650958,1.01874
7003,853,42677,0.013904882594943,1.2097374874
7010,1104,55206,0.00232993834652,1.32771
7010,1104,55207,0.0916506350040435,1.1499354727000002
7010,234,11745,0.0049444516189396,0.515125
7008,1138,56913,0.0115083176642656,0.273312
7008,1138,56942,0.0164598524570465,0.581792
7010,1112,55646,0.0017338043544441,1.1119
7010,1585,79273,0.0133804976940155,0.639898
7008,1387,69400,0.0042654504068195,1.14083380488
7001,772,38614,0.0051553584635257,1.04974
7001,772,38622,0.0049295695498585,0.506505
7001,772,38646,0.0054808729328215,1.12993
7010,682,34113,0.0081627508625388,0.658777
7008,1269,63464,0.0096058137714862,1.0
7003,1176,58825,0.0051096160896122,0.411377
7003,1176,58842,0.001924674375914,1.03998
7003,1176,58850,0.0405894815921783,0.591835
7003,1208,60420,0.3253493905067444,1.09557
7003,1208,60423,0.0057519557885825,0.71757533008
7003,1208,60427,0.9896119236946106,0.869988
7010,781,39056,0.0053772130049765,0.713503
7010,1423,71163,0.0018281682860106,1.474805772
7003,638,31948,0.061632789671421,0.946989
7010,1446,72334,0.0060781734064221,0.673571
7001,206,10309,0.0050066253170371,1.11631
7003,1723,86155,0.0032888220157474,0.92179
7003,225,11290,0.0060422820970416,1.36575
7003,689,34467,0.004497610963881,1.15438
7003,389,19492,0.0187355242669582,1.1034
7010,472,23642,0.0133205652236938,0.464044
7010,151,7552,0.0039951098151504,0.928922
7003,44,2236,0.0546271726489067,0.980621
7010,532,26644,0.3097573816776275,1.0
7003,227,11368,0.660512387752533,1.18709
7003,227,11378,0.2793106734752655,0.64852137459
7003,428,21410,0.0050158454105257,0.66716760096
7003,428,21419,0.0128895128145813,1.02402092478
7003,46,2346,0.0023075249046087,0.429491
7010,19,981,0.0118377543985843,1.01886
7010,19,984,0.0029135283548384,0.962862
7003,292,14606,0.0029800322372466,0.859865
7001,391,19573,0.0037933960556983,0.453573
7003,554,27750,0.0031583404634147,2.0896817535000003
7010,847,42383,0.0044102389365434,0.495225
7010,1149,57487,0.0099555337801575,0.959477
7003,258,12943,0.0044745355844497,1.02338
7010,1431,71552,0.004592191427946,1.00138
7010,1431,71565,0.0244709849357604,0.987965
7003,1546,77330,0.007784052286297,1.1127
7001,879,43963,0.0020289421081542,0.575572
7010,1288,64437,0.036864198744297,1.14611
7003,1747,87378,0.0023270859383046,0.515605
7003,1747,87381,0.002916648518294,0.888396
7010,440,22009,0.0056521529331803,0.533259
7010,772,38620,0.0049714571796357,1.05784
7003,1092,54637,0.0495515875518322,0.877913
7003,1092,54640,0.0033158496953547,1.0754
7010,1657,82886,0.027272243052721,0.579378
7010,1657,82890,0.0137634305283427,0.832456
7001,486,24302,0.0054686805233359,1.02672
7003,566,28313,0.0030072277877479,1.2933229491
7003,296,14840,0.0031311467755585,0.963532
7003,296,14846,0.003499552141875,1.03958
7003,386,19309,0.0038278044667094,0.695737
7001,100,5024,0.0078644305467605,1.22279
7003,450,22545,0.1648056954145431,1.11059
7010,723,36172,0.0020499639213085,1.02542
7010,1364,68217,0.0012557982699945,0.618611
7010,1364,68237,0.0045958566479384,1.03602
7001,963,48186,0.0265133883804082,1.174407336
7003,23,1162,0.0466636382043361,1.01289
7003,1029,51454,0.0042409021407365,1.0307
7003,1029,51462,0.0118678007274866,1.1057
7010,316,15826,0.0039225849322974,1.29847
7012,10,513,0.0100286426022648,0.6794678643200001
7010,1744,87217,0.0037930540274828,0.943459
7003,650,32513,0.0061743445694446,0.990718
7010,1626,81346,0.0024985789787024,1.07791
7001,884,44227,0.0028336166869848,1.0026623418
7010,518,25943,0.002546286676079,0.961891
7010,243,12193,0.001498368801549,1.07474
7003,1187,59359,0.0027740399818867,0.80972716032
7001,913,45668,0.2441528141498565,1.02101
7010,632,31607,0.1179578825831413,0.480698
7010,1335,66791,0.006318668834865,0.533364
7010,355,17776,0.0071964170783758,0.44175
7003,1294,64706,0.0016392749967053,1.1165776881
7010,1172,58604,0.0189244970679283,1.06702
7010,1172,58618,0.0051503917202353,1.552143794
7010,80,4006,0.0031510421540588,1.2629600403
7003,1703,85199,0.0022332624066621,0.937851
7001,571,28578,0.0062553700990974,1.02465
7010,484,24244,0.0033113507088273,1.09965
7010,701,35078,0.0039693992584943,0.78779208321
7010,1170,58516,0.0058750165626406,0.824147
7003,148,7446,0.0030718031339347,0.292157617647
7001,573,28674,0.0066891172900795,0.981908
7001,573,28681,0.0092296106740832,1.02855
7012,712,35620,0.0017658500000834,1.01981
7012,712,35629,0.0455537848174572,0.91579
7010,1295,64779,0.0046604513190686,1.3639996239999999
7010,1749,87490,0.0090253828093409,0.847207
7010,1245,62291,0.0026487028226256,1.15509
7010,1018,50929,0.0032833730801939,0.886226
7010,284,14204,0.003680664114654,0.997883
7010,284,14210,0.0046401983126997,1.17062
7010,343,17152,0.00289833615534,1.06954
7010,541,27070,0.0093571590259671,1.00502
7010,978,48904,0.003285776823759,0.877913
7010,978,48920,0.0067001902498304,0.538915
7010,978,48925,0.0026996994856745,0.607017
7003,430,21507,0.0104995844885706,0.986621
7001,213,10657,0.0217218492180109,0.918955
7010,865,43259,0.0019185872515663,1.17736
7003,1002,50103,0.1060698479413986,0.822374
7003,1002,50121,0.0021948874928057,1.08503
7003,1002,50142,0.0038013290613889,1.04996
7003,513,25687,0.0047187698073685,0.943397
7003,211,10565,0.0019668645691126,1.58827
7003,1258,62914,0.0108862807974219,0.530918
7001,681,34090,0.0010455964365974,1.01694216819
7003,290,14523,0.0042434218339622,0.441067
7001,611,30570,0.0029357415623962,0.98991
7003,353,17674,0.0096838800236582,1.00184
7003,963,48159,0.005918139591813,1.0
7003,935,46756,0.0061131557449698,1.05173
7003,287,14372,0.0027753806207329,1.18009
7008,1119,55960,0.0095194010064005,0.44414
7008,1119,55993,0.0689941719174385,0.582871
7008,1248,62439,0.0038074359763413,1.00658
7003,1701,85061,0.0020969591569155,0.991269
7003,1701,85100,0.0020655672997236,1.02185
7010,596,29819,0.006801881827414,0.877913
7010,128,6410,0.0061503476463258,1.7350742298
7010,128,6417,0.0075617884285748,0.934338
7010,993,49700,0.0181918777525424,0.62909921372
7003,972,48606,0.0022367173805832,0.994525
7003,972,48631,0.0045968173071742,0.530856
7010,963,48172,0.5700762271881104,0.52772194145
7010,963,48182,0.0021029745694249,0.554111
7003,1226,61320,0.1859329789876938,1.22230019658
7003,654,32746,0.0124349826946854,0.611778
7010,507,25373,0.0062036612071096,0.889326
7012,417,20873,0.0029779023025184,1.2113991855000001
7012,417,20888,0.0062830420210957,3.98110872104e-09
7012,417,20891,0.0116193061694502,1.28789
7003,781,39071,0.0168012659996747,0.603692
7003,228,11410,0.004518527071923,0.9779838155999999
7001,371,18568,0.0026775964070111,0.992928
7003,1129,56455,0.0056319260038435,1.03621
7010,1631,81578,0.0019354168325662,1.00954
7001,299,14973,0.0052982876077294,0.00302966525488
7003,879,43994,0.0035316932480782,0.460246
7003,1107,55371,0.0555252470076084,0.53472
7003,1177,58883,0.0032878939528018,0.498407
7003,1197,59879,0.0028598404023796,0.817879
7003,212,10614,0.0035074530169367,0.036865742448
7003,212,10640,0.0195539109408855,0.9290777262500001
7010,1095,54770,0.0078822877258062,0.945697
7010,108,5425,0.0023560761474072,0.84381
7010,1127,56382,0.3016695082187652,1.10736
7003,873,43695,0.0009335476206615,0.527983
7010,142,7144,0.004132502246648,3.26617730872
7008,1431,71557,0.0026270034722983,1.76556556
7008,1431,71594,0.0081431018188595,1.2918227722800002
7003,123,6194,0.0044571137987077,1.0109006342
7010,1636,81817,0.0051539870910346,1.03805
7010,810,40539,0.0027769964653998,1.09208
7010,126,6333,0.0030223885551095,0.590185
7003,383,19156,0.0041349837556481,1.01856
7001,295,14765,0.0020869879517704,0.729406
7010,811,40597,0.0014477092772722,0.433272
7003,1030,51549,0.0062823393382132,1.24323
7010,1359,67986,0.0068417070433497,1.12682
7003,1398,69943,0.0817773342132568,1.27754
7001,641,32057,0.0055621969513595,0.845783
7010,45,2255,0.0045809606090188,1.06376846272
7010,45,2286,0.0050122742541134,0.527887
7008,1400,70004,0.0100260395556688,1.22355
7010,567,28399,0.0075946520082652,0.913881
7003,455,22757,0.0752330869436264,1.01473
7003,455,22771,0.3494464159011841,1.08638
7003,1123,56184,0.0043930080719292,0.888367
7010,190,9519,0.0028795758262276,1.25247
7010,853,42676,0.0063738725148141,1.01657609688
7010,302,15150,0.0053979787044227,1.1634887000199998
7059,72,3608,0.0060604363679885,1.04881
7010,1356,67822,0.0029025794938206,0.59516
7003,687,34366,0.0053585139103233,0.473989
7003,641,32088,0.0133669413626194,0.979879
7003,414,20732,0.0067764515988528,0.543266
7003,414,20745,0.0119325164705514,1.15414
7010,1022,51137,0.0046840119175612,1.2698637203
7010,1632,81625,0.0030783319380134,0.998545
7010,1275,63760,0.0026610558852553,0.953713
7010,631,31557,0.0091143166646361,0.336327
7010,914,45730,0.9034688472747804,1.14062
7010,1566,78320,0.0174422655254602,0.0143559818613
7010,1566,78342,0.0077572213485836,11.058531216
7003,395,19764,0.00298896827735,1.07680218912
7010,667,33400,0.0034550568088889,0.734884
7003,1549,77492,0.0262614265084266,1.3962341404
7010,795,39776,0.0063777724280953,1.4221393315000002
7010,1162,58132,0.3144709467887878,0.589135
7010,1162,58145,0.0297206658869981,0.556074
7010,1672,83622,0.0140671329572796,0.742966
7010,1672,83632,0.0037959900218993,1.0907395765199999
7012,298,14921,0.0041189170442521,0.875686
7010,104,5239,0.0055103292688727,1.1498235968
7010,104,5250,0.0049694548361003,1.0778
7003,1355,67775,0.0038784439675509,1.09108
7003,171,8579,0.0025397047866135,0.9173090955200001
7003,171,8590,0.0050256829708814,0.812461
7003,482,24105,0.0079456623643636,1.05927736817
7003,482,24115,0.0093419523909688,0.929773
7010,1573,78651,0.0032904245890676,1.06798
7010,1573,78680,0.0022600248921662,0.928788
7003,955,47762,0.0037985150702297,1.2381442993
7010,623,31170,0.0052390228956937,0.972344
7003,67,3389,0.004821594338864,0.6239778294499999
7003,1710,85515,0.0060935751534998,1.00519
7010,432,21612,0.0048937816172838,1.60508
7010,432,21633,0.0028346881736069,0.982504
7010,130,6501,0.0854774937033653,1.04341
7010,130,6530,0.004590350203216,0.79317
7010,130,6545,0.0222081411629915,1.28108
7010,1028,51429,0.5530030131340027,0.997771
7010,1028,51431,0.205327957868576,1.18535996862
7079,69,3455,0.0151118030771613,1.02288
7010,433,21697,0.1286927759647369,4.991045976400001
7010,1496,74803,0.00695237563923,1.11095
7010,813,40675,0.0013693867949768,1.00598
7003,108,5425,0.0063523012213408,1.12783951938
7010,791,39556,0.0149519527330994,1.02065
7003,671,33552,0.024302065372467,1.2222424305
7003,671,33592,0.0032716121058911,0.8005519354319999
7010,1102,55101,0.0026053281035274,1.00041
7003,364,18204,0.002403030404821,1.03017
7003,364,18213,0.003104287199676,1.0157204573999998
7003,364,18246,0.0044438522309064,1.0
7010,1710,85507,0.0048754941672086,1.02975
7003,121,6052,0.0028725662268698,0.702925
7003,121,6053,0.003866993356496,1.43505
7003,121,6092,0.0265614688396453,0.9832232743199999
7010,41,2068,0.0053918454796075,1.03241
7010,1211,60551,0.1550265252590179,0.417499
7010,1211,60570,0.0063335779123008,0.770632
7010,1211,60594,0.0182774905115365,1.2101010182
7010,1582,79118,0.0036817765794694,0.969857
7010,1048,52432,0.0031222961843013,0.554888
7010,848,42413,0.0036533838137984,1.60489
7003,1235,61766,0.0086236074566841,1.1888688511
7003,1235,61799,0.0073454095982015,1.07476
7010,413,20681,0.004364866297692,1.1789324823999998
7003,112,5615,0.0035565013531595,1.04028
7010,1287,64374,0.00927275698632,1.00688
7003,1356,67849,0.0041235922835767,6.5214997206
7003,1388,69419,0.0044217039830982,3.8453571851399997
7003,297,14851,0.0047989366576075,0.709933
7010,1004,50223,0.9109655618667604,1.03427
7003,1691,84586,0.0060354643501341,0.631004
7012,384,19207,0.005268788896501,5.3366993862
7010,1236,61814,0.002883574925363,1.04074
7008,1323,66155,0.0075406120158731,0.908926
7008,1323,66168,0.0047046160325407,0.987588
7003,174,8745,0.0040329569019377,0.36321
7003,1038,51947,0.0064612147398293,1.455342042
7003,4,218,0.0027442087884992,0.549247
7010,203,10187,0.1394904851913452,0.998334
7010,1714,85746,0.0035199329722672,0.6691722345
7001,441,22061,0.0034491051919758,0.55226
7003,1301,65065,0.0018806027946993,0.606396
7001,773,38677,0.0037920216564089,0.58368520068
7010,1254,62725,0.023925906047225,1.45895
7010,1254,62744,0.0018621349008753,0.28197490215000004
7003,272,13648,0.0078794797882437,1.6638473174000001
7010,935,46769,0.0021181290503591,0.998364
7003,320,16039,0.0021195444278419,0.738331
7003,941,47074,0.004394388757646,1.07741
7003,941,47093,0.0101450644433498,1.06004
7003,802,40136,0.0076635098084807,0.991869
7003,833,41699,0.061695035547018,0.99007029396
7010,1158,57941,0.0038694939576089,1.04865
7010,1341,67052,0.0063010943122208,1.71634
7001,21,1060,0.0041102496907114,1.2326298348000002
7001,21,1096,0.0052767391316592,1.01563
7003,317,15861,0.0101975016295909,0.965317
7003,317,15898,0.0100491242483258,0.97218
7010,637,31878,0.0023502805270254,1.08715
7010,637,31890,0.0041334186680614,1.17875
7010,962,48142,0.001818953314796,1.02591
7001,89,4454,0.0011085047153756,0.777826
7001,89,4469,0.0047067846171557,0.981197
7001,89,4484,0.0036460703704506,0.404539
7003,1517,75857,0.0042068678885698,5.7306934675e-17
7010,930,46505,0.0039856722578406,1.00067
7010,930,46512,0.962135910987854,1.04528
7010,930,46530,0.0031850547529757,0.60055
7001,871,43578,0.002831595018506,0.545393
7001,871,43599,0.0099888835102319,1.01535
7003,318,15941,0.0037851918023079,1.4843423910000002
7003,518,25940,0.58919358253479,0.0197846547801
7010,26,1309,0.0125838704407215,1.1833721088
7010,26,1321,0.0057577919214963,0.66262
7010,26,1325,0.00399607187137,0.457869
7010,26,1331,0.0027982618194073,1.07536
7008,954,47743,0.0045989663340151,1.3136687577000001
7003,47,2381,0.0031349179334938,1.1153
7010,1278,63908,0.0046996148303151,0.566345
7010,1278,63937,0.0142090357840061,1.3466118272
7003,1554,77720,0.0059836045838892,0.980509
7003,1554,77731,0.00569430552423,0.764494
7010,340,17017,0.0023369817063212,0.58755883571
7010,1588,79402,0.0035718288272619,0.925031
7010,1588,79437,0.0031072695273905,0.856369
7010,1437,71872,0.0037585033569484,1.13485435406
7010,860,43044,0.003030271269381,1.4120565704
7010,720,36009,0.5143102407455444,0.992644
7010,720,36042,0.0023138523101806,5.17691718264e-05
7010,1199,59974,0.011163230985403,0.785192
7001,661,33084,0.0019737659022212,1.04866
7010,147,7370,0.0126670897006988,0.485268
7001,1183,59181,0.0031564161181449,1.11423513063
7001,1183,59185,0.0049737193621695,1.07221
7003,1548,77428,0.0047850287519395,0.937242
7008,1186,59315,0.0486577823758125,1.49506
7001,933,46665,0.0035937917418777,0.901515
7001,933,46667,0.0046803629957139,1.14888
7010,285,14291,0.0046467287465929,0.590733
7010,1715,85777,0.4286596179008484,0.9895762704000001
7010,1715,85797,0.0035142272245138,0.657119
7010,141,7075,0.0238112471997737,0.901783
7003,556,27830,0.0114255063235759,1.31407
7003,556,27838,0.0088092349469661,0.21700458604
7001,896,44836,0.0083214743062853,0.353554
7001,896,44837,0.0065087578259408,1.13869
7003,1623,81178,0.0045080077834427,1.1751338499900001
7010,1578,78913,0.3772270083427429,0.565951
7003,1039,51980,0.0017038868973031,1.03153
7010,503,25163,0.0016505606472492,1.02708
7010,503,25184,0.0240155532956123,1.14065
7008,1173,58676,0.0012027594493702,0.802159
7001,71,3553,0.0034220595844089,0.988387
7003,922,46112,0.131333976984024,0.986607
7010,706,35316,0.0052064233459532,0.718358
7008,1049,52477,0.0050197592936456,1.1314123610400002
7008,1412,70627,0.0494110025465488,0.702925
7008,1412,70637,0.0011648073559626,1.04508
7012,155,7761,0.0022670428734272,0.523785
7010,1392,69640,0.0031380143482238,1.12342
7001,986,49316,0.003910744562745,1.7709637747
7001,986,49334,0.0032695061527192,1.15246542924
7010,1602,80107,0.0012113532284274,0.805117
7003,1503,75174,0.2534099817276001,0.18046348177000002
7010,1006,50347,0.0081546520814299,1.04669
7010,553,27685,0.0183773655444383,0.991754
7003,680,34045,0.0036751586012542,0.903048
7010,1647,82363,0.0045864996500313,1.8049417666
7001,162,8116,0.0073049417696893,1.06851
7010,102,5117,0.0057729696854949,1.04975
7010,290,14512,0.004413575399667,1.1696857547
7010,833,41691,0.0261483956128358,7.099363168000001
7010,833,41699,0.0050070476718246,0.0010563236051000001
7010,140,7046,0.0082881730049848,1.0377
7010,15,792,0.0041474644094705,1.01419
7010,1059,52974,0.0054265498183667,0.67173
7010,346,17306,0.0028529805131256,0.997225
7010,346,17327,0.1359671950340271,0.932777
7008,1052,52611,0.7876220345497131,1.0
7008,1424,71204,0.0011920615797862,0.927276
7008,1424,71208,0.00978210195899,0.933833
7008,1424,71239,0.0062105497345328,1.2104
7003,247,12366,0.0023094129282981,1.2988
7003,247,12372,0.0047527789138257,0.948974
7010,312,15628,0.0071517354808747,0.47073909792
7010,776,38829,0.4743540585041046,0.90553
7010,776,38830,0.0046109748072922,1.44966
7001,201,10099,0.0190099831670522,1.1294279351999998
7010,595,29800,0.0066266958601772,0.8170583475600001
7001,179,8959,0.0049174567684531,0.47338123853999997
7010,1695,84793,0.1277381032705307,0.7837590883200001
7008,1157,57856,0.0040138834156095,0.990419
7003,944,47237,0.0048022400587797,1.0
7010,198,9950,0.0055703236721456,1.01167
7010,212,10601,0.0050694174133241,1.18546
7010,134,6703,0.0368630476295948,0.984881
7010,1757,87860,0.0052849347703158,0.780653
7010,1757,87867,0.0091760894283652,0.452785
7010,983,49168,0.0118635632097721,1.10228
7003,644,32202,0.0035276752896606,1.2376309946
7003,644,32232,0.0024463918525725,1.03926
7003,644,32246,0.0015706560807302,1.36783
7010,929,46486,0.005297103896737,1.03169
7003,1290,64548,0.0051127588376402,0.92179
7003,619,30989,0.9391685128211976,1.17125770616
7003,1298,64943,0.0032416421454399,1.02571
7003,486,24312,0.0368161797523498,0.597525
7010,1751,87563,0.0032431567087769,1.06079
7010,1751,87570,0.0031542328651994,0.866505
7001,859,42954,0.1605454385280609,1.69307
7003,946,47304,0.0537987574934959,0.987517
7010,827,41373,0.0038011579308658,1.01365
7010,827,41382,0.0039013174828141,0.631221
7010,1562,78147,0.0045575718395411,1.07239
7003,282,14132,0.0018130945973098,0.97815
7003,436,21841,0.0035307456273585,0.73962
7010,1138,56925,0.0020919612143188,0.992823
7010,1138,56934,0.0070310542359948,0.988955
7010,306,15332,0.0988210961222648,1.08193
7010,428,21448,0.0032172948122024,1.04007
7010,815,40778,0.0055243158712983,0.673009
7010,520,26002,0.0040980116464197,1.00004
7010,189,9474,0.0054421164095401,1.0853049746999999
7010,189,9479,0.0035481550730764,1.31997
7010,1693,84658,0.0267963204532861,0.623012
7010,1587,79356,0.0207531843334436,0.71820232266
7010,1195,59780,0.0034079882316291,1.3755263742
7003,1668,83406,0.012000598013401,0.953828
7001,444,22236,0.003041103715077,1.00302
7003,1076,53801,0.0014659283915534,1.2289270420000002
7003,163,8173,0.0053569660522043,0.861106
7010,1689,84455,0.004306276794523,1.1320592842000001
7010,1689,84472,0.0015520104207098,5.8789228368e-07
7010,591,29574,0.9757452607154846,1.03322
7010,591,29576,0.0055504902265965,0.915905
7003,401,20079,0.0062430249527096,1.05687
7010,522,26111,0.1063521802425384,0.613263
7010,1610,80504,0.006148025393486,0.984485
7010,1610,80518,0.0019839440938085,0.989247
7010,1454,72725,0.3906913101673126,0.499826
7010,894,44746,0.0040773265063762,0.548339
7003,1518,75923,0.0258640423417091,0.99542
7003,1518,75929,0.0047605941072106,0.92179
7003,1518,75949,0.0019797205459326,0.563828
7003,209,10460,0.0018636742606759,0.903739
7010,849,42461,0.0059118932113051,0.463628
7010,52,2619,0.0068013025447726,1.0254
7003,1152,57617,0.0028829295188188,0.969306
7003,1152,57631,0.0064957123249769,0.996811
7010,63,3176,0.0048778085038065,1.2031796664
7010,764,38239,0.0035735946148633,0.941603
7010,764,38244,0.0027268284466117,1.12721
7003,1648,82409,0.0059218774549663,0.845045
7003,1648,82428,0.0094366008415818,1.04287
7003,1648,82442,0.0467097014188766,0.7075707935839999
7010,97,4893,0.0024056220427155,1.3746802115999999
7003,109,5454,0.0182259418070316,0.569698
7012,330,16530,0.004113764502108,0.70127
7012,330,16544,0.004671137779951,0.999585
7003,165,8276,0.0033867256715893,0.96743
7003,1558,77943,0.0405072271823883,0.56961893729
7010,369,18473,0.003072784980759,1.01008
7008,1291,64571,0.0031556140165776,1.04079
7008,1347,67369,0.1266822218894958,0.0010291521810599999
7008,1347,67378,0.016584139317274,1.17768
7010,1411,70552,0.0013194041093811,1.1785269508
7010,1411,70598,0.0187419354915618,0.976277
7003,584,29207,0.0099693611264228,1.2513632005
7003,584,29239,0.8799207806587219,0.990598
7003,1688,84409,0.0039458940736949,0.525557
7010,842,42126,0.8352302312850952,1.23604418355
7010,842,42127,0.0028267120942473,1.03015
7010,842,42138,0.0050447098910808,0.584165
7003,810,40548,0.0054222950711846,0.6553936685799999
7010,445,22267,0.0052834288217127,1.06884355345
7010,445,22298,0.0066007846035063,0.898395
7003,1013,50664,0.0092545943334698,1.06338
7010,1401,70077,0.0628746524453163,1.63377
7010,545,27278,0.0046612382866442,0.99972197187
7003,660,33017,0.004502507392317,1.208751189
7010,1438,71914,0.0030444737058132,1.0316548924
7010,1438,71918,0.0049186628311872,0.534362
7010,256,12845,0.0050462926737964,0.964924
7010,692,34646,0.0072863213717937,0.904493
7003,31,1560,0.0045947968028485,0.925346
7003,1536,76844,0.2189790159463882,0.812048
7003,7,351,0.0068058939650654,0.654981
7010,211,10566,0.0035269791260361,1.08141
7010,1670,83508,0.0033380601089447,0.799704
7003,336,16839,0.0026973858475685,0.636501
7003,24,1215,0.0049295555800199,1.07818
7010,1663,83194,0.0055968048982322,1.2698298219
7003,914,45722,0.0034633001778274,0.98375
7003,914,45725,0.0022229289170354,1.02849
7003,914,45737,0.008674981072545,0.580209
7010,262,13127,0.0093733640387654,1.1666094034
7010,262,13139,0.0032597372774034,1.1666094034
7010,1061,53057,0.0030403200071305,1.30029257
7010,1061,53098,0.1162688434123992,0.557244
7008,1067,53365,0.0025922255590558,0.892635
7008,1067,53367,0.0042499173432588,0.734774
7003,381,19066,0.0660545825958252,1.04036
7003,381,19090,0.0151044111698865,0.632177
7003,483,24185,0.0051244753412902,1.15071
7001,50,2514,0.0101279458031058,1.07366
7001,50,2533,0.006338074337691,0.00387981806009
7010,752,37641,0.0392321050167083,1.2321995697700001
7003,885,44284,0.0049569457769393,1.00253
7010,489,24465,0.0067845317535102,1.51243
7010,1384,69217,0.0044069718569517,1.17571231336
7008,1465,73276,0.0027197885792702,1.11595
7003,772,38645,0.0062188929878175,1.06436
7003,238,11905,0.9708535671234132,1.1675680638
7001,522,26114,0.0146319894120097,0.487491
7010,969,48478,0.0147941755130887,0.465153
7010,969,48483,0.0548988282680511,1.13259
7010,1429,71492,0.0729810446500778,0.713062
7001,760,38031,0.0022939892951399,1.07733
7001,821,41088,0.0040440573357045,0.563949
7003,347,17382,0.0034357451368123,1.15656
7003,347,17387,0.0067012696526944,0.864649
7003,967,48399,0.034448642283678,0.916773
7010,765,38257,0.0536928735673427,1.03683
7003,849,42478,0.0108069088310003,1.1458357888
7003,1141,57081,0.0040352172218263,0.575603
7010,938,46903,0.3404939174652099,4.68503793366
7003,375,18781,0.0030688857659697,0.9929
7003,375,18794,0.0046551544219255,0.954637
7001,471,23561,0.0057623470202088,0.679269
7001,471,23576,0.0037938267923891,1.07001
7010,684,34219,0.0074289804324507,0.509465
7010,86,4349,0.0035650196950882,1.0771145751
7001,722,36122,0.0040847901254892,0.717678
7003,273,13653,0.0035923377145081,0.639625
7003,273,13659,0.327014148235321,0.959801
7003,307,15351,0.0046889651566743,1.42284
7001,109,5455,0.0050495881587266,1.2747547032000002
7001,109,5478,0.2547588944435119,0.555348
7010,786,39337,0.0035108441952615,1.74211
7010,1101,55070,0.007326852530241,1.00847
7012,212,10608,0.009582357481122,1.00911
7012,212,10626,0.0849351361393928,0.720938
7003,1163,58153,0.0046588759869337,0.512164
7003,1163,58197,0.0018937196582555,0.852772
7001,136,6835,0.0047879475168883,0.549614
7010,1666,83313,0.0038075025659054,0.44340604826
7010,1590,79528,0.0037537938915193,1.1874798728
7010,1223,61176,0.0042420062236487,1.04245
7003,101,5059,0.0034919658210128,1.18504
7010,1523,76185,0.0028078826144337,0.995683
7003,444,22235,0.0094298832118511,1.4097203775
7003,266,13307,0.0141180464997887,4.20066994655e-07
7003,266,13330,0.0150067238137125,0.586517
7003,1588,79426,0.020750293508172,1.01475
7003,1340,67040,0.0615464933216571,1.11743
7012,26,1323,0.005260637961328,1.0343068376
7012,26,1326,0.960820734500885,1.02119
7012,26,1345,0.0033604085911065,1.09164
7003,899,44967,0.0024660374037921,0.477699
7003,899,44981,0.0039305672980844,1.02464
7003,899,44988,0.0151955746114254,1.3289760901
7003,1148,57413,0.0032745075877755,0.92179
7003,1148,57422,0.0034896037541329,0.336739
7003,1456,72831,0.0051540555432438,1.00498
7003,1363,68154,0.0236493833363056,0.877856
7008,1146,57349,0.0063067930750548,0.508946
7008,1414,70727,0.0353189706802368,0.68322667416
7008,1414,70738,0.003685584757477,0.871288
7010,406,20341,0.0118227815255522,1.02433
7003,1539,76994,0.1706048846244812,0.956979
7010,974,48719,0.0078892782330513,0.533909
7010,16,803,0.0032754491548985,0.925735
7010,905,45251,0.0123204933479428,1.06429
7010,854,42729,0.0063537252135574,0.64858
7010,854,42734,0.0099908541887998,0.511563
7010,725,36294,0.0356339141726493,0.609769
7010,1258,62903,0.0053311940282583,1.03704
7003,158,7948,0.0038626627065241,0.00037216413555
7010,1164,58210,0.0053066555410623,1.23536
7003,799,39963,0.0031384902540594,1.1995663824
7003,799,39999,0.0042322725057601,0.5671137209400001
7008,975,48798,0.0050737583078444,0.77224
7001,1086,54323,0.0106044001877307,1.1579864142
7001,1086,54326,0.0044497125782072,6.506612062499999e-07
7001,551,27555,0.0044575938954949,0.7408341315599999
7003,1288,64418,0.0073797977529466,1.03747
7003,43,2188,0.0015371954068541,0.860385
7010,1035,51767,0.0845415815711021,1.0812
7003,1130,56533,0.0084513872861862,1.03506
7003,805,40265,0.0276486817747354,1.04617811392
7010,1733,86691,0.0024822682607918,0.542449
7003,1658,82950,0.0073276539333164,0.956683
7003,456,22845,0.0047765094786882,1.09763
7010,1133,56690,0.0061426078900694,0.978925
7003,571,28586,0.001296374714002,1.01164
7003,571,28598,0.0039601256139576,1.4232772710000001
7012,423,21177,0.0034924400970339,1.5372281144
7012,423,21200,0.0024946671910583,0.989288
7010,732,36648,0.0028007698711007,0.877913
7001,1163,58166,0.0122940456494688,0.9819454486599999
7001,1163,58178,0.0048552840016782,0.490995
7010,492,24621,0.1668059974908828,1.13521
7010,1064,53235,0.3346973359584808,0.88648956084
7003,848,42410,0.0030133530963212,1.03799
7010,1163,58169,0.0059097046032547,1.06109477558
7010,1163,58190,0.0054024197161197,0.923008
7003,100,5016,0.1268472671508789,1.04093
7003,762,38134,0.7884591817855835,0.763245
7001,677,33883,0.0037776203826069,0.980602
7003,589,29487,0.0044178138487041,1.02344
7010,399,19961,0.007742891088128,1.01123
7010,399,19975,0.0032663997262716,0.65196009241
7003,901,45083,0.0094122206792235,0.940071
7010,1711,85561,0.0039379876106977,1.11155
7010,1711,85569,0.0028151979204267,1.02829
7010,1477,73865,0.0135037191212177,0.940486
7003,692,34611,0.0032877996563911,0.93205
7003,692,34640,0.0059543163515627,0.929627
7010,1624,81236,0.0040957923047244,1.00439805548
7010,1624,81243,0.0043618623167276,0.6939437821899999
7010,1279,63998,0.0037863564211875,1.11831349232
7010,1204,60226,0.0021338826045393,0.813058
7008,1359,67953,0.0044771404936909,0.96786
7008,1359,67983,0.0042474218644201,9.7046970534
7010,1193,59653,0.0016694995574653,1.1912901344
7003,564,28217,0.0083115957677364,0.430407
7003,564,28249,0.0031706765294075,1.05338
7008,1346,67336,0.1397211998701095,1.2594787621
7003,142,7131,0.0032638157717883,0.934768
7003,725,36293,0.0030065032187849,1.1341487080800001
7003,1001,50076,0.6727904677391052,1.00991
7001,310,15550,0.0017542828572914,0.496564
7010,1738,86904,0.0048617641441524,0.901521
7010,411,20595,0.0023964517749845,1.11782
7010,1544,77219,0.4272079765796661,1.0095
7010,1544,77228,0.0588590316474437,1.4522883528
7010,934,46740,0.0139465406537055,0.938748
7010,1412,70642,0.0023096303921192,1.00175
7003,962,48115,0.003125918097794,0.9118108299300001
7003,1114,55701,0.0034873641561716,0.95331
7003,196,9804,0.0172728784382343,0.845374
7003,1200,60015,0.0060939826071262,0.926382
7001,322,16114,0.0050622886046767,0.538393
7010,774,38706,0.0051515181548893,1.39528
7010,774,38722,0.0023698154836893,1.31461
7010,71,3586,0.0059201461263,1.01232
7010,1160,58003,0.004537986125797,0.92344
7010,1257,62891,0.018062399700284,1.16087
7010,1169,58462,0.0065884231589734,1.0741637068
7010,1169,58485,0.0030145526397973,1.2382732669999998
7010,995,49785,0.0278445780277252,1.0610137988
7010,995,49795,0.0028056295122951,0.887187
7008,1371,68553,0.0390683412551879,0.987386
7008,1371,68573,0.0072000767104327,1.01841
7003,265,13261,0.002132702153176,0.310702
7003,265,13292,0.9814846515655518,1.07394
7010,219,10978,0.0692254155874252,0.446684
7010,219,10984,0.0483071357011795,1.01455
7003,661,33068,0.0052612568251788,1.2865274132
7003,661,33073,0.0328139215707778,0.423047
7001,167,8379,0.0125957205891609,1.22353
7001,167,8385,0.0039619202725589,0.655261
7001,167,8400,0.0041215014643967,0.660292
7003,11,569,0.0015025703469291,0.505122
7003,114,5702,0.002783152507618,0.767273
7010,1687,84363,0.0629229769110679,1.09091
7003,203,10155,0.002527548931539,1.1519
7003,203,10180,0.0105525311082601,1.8947991280000003
7012,133,6656,0.0050445403903722,0.752246
7008,8,427,0.003778418758884,0.558757
7003,1247,62356,0.0040871337987482,0.527414
7003,1247,62364,0.0060757966712117,0.869743
7010,1553,77687,0.0128415869548916,1.0612168638
7003,475,23793,0.0016306147444993,0.503576
7003,475,23796,0.0031891781836748,1.0919237788499998
7010,1119,55952,0.4343879520893097,0.953616
7010,1119,55955,0.0041719852015376,1.12514470575
7010,1119,55983,0.0029921531677246,0.953483
7010,1119,55990,0.0052187195979058,0.439951
7008,1170,58532,0.0045950673520565,1.16955
7003,573,28652,0.0087743550539016,0.941366
7003,573,28661,0.0109901707619428,0.5160866163800001
7003,1180,59026,0.0057385875843465,0.97663
7003,1180,59046,0.0013949171407148,1.0303676427000001
7012,528,26440,0.0040264632552862,0.936222
7001,23,1159,0.4926294088363647,1.02717
7010,327,16358,0.0141847161576151,0.7134792028
7010,649,32482,0.003825744614005,0.871884
7003,818,40936,0.0054757627658545,1.06974
7003,818,40950,0.0032265197951346,0.414502
7003,896,44811,0.003038658760488,0.953942
7010,784,39245,0.0086831329390406,0.5545151492999999
7010,1237,61862,0.0071022124029695,0.834669
7010,1322,66102,0.0038135321810841,1.02426
7003,1121,56068,0.0028451343532651,0.650491
7003,1210,60505,0.0035945707932114,0.883049
7010,859,42975,0.0039851800538599,0.995502
7010,859,42998,0.0049413675442337,1.01298
7010,859,43000,0.0043486496433615,0.000715821517824
7001,1008,50445,0.0183607190847396,0.821026
7001,975,48790,0.0030385619029402,0.993118
7001,277,13862,0.006092682480812,0.98562
7003,1300,65018,0.0145876789465546,0.997504
7008,1117,55876,0.6403322219848633,1.60734
7010,1536,76843,0.0039941654540598,0.893226
7003,511,25584,0.0302345491945743,0.865066
7001,336,16843,0.0031106730457395,1.23201
7003,729,36472,0.0071305986493825,0.657854
7003,729,36499,0.0049122050404548,1.231717365
7003,449,22472,0.0171466283500194,0.373011
7003,449,22491,0.0041450783610343,0.500097
7010,647,32362,0.0038501075468957,1.04128
7010,647,32374,0.0021366034634411,1.03148
7003,134,6740,0.0060032028704881,0.719497
7003,1212,60609,0.0022626442369073,0.793205
7003,1212,60618,0.0030682571232318,0.76132
7001,742,37127,0.9916895627975464,0.0576784861744
7012,140,7003,0.0332363322377204,1.04424
7012,140,7030,0.0012865252792835,0.9774336204699999
7010,700,35018,0.2366676777601242,0.372953
7003,309,15474,0.1481695622205734,0.504517872426
7003,1585,79258,0.0071818274445831,1.11576
7010,1427,71388,0.0021328867878764,0.627416
7010,1249,62477,0.0037058016750961,0.627404
7010,535,26762,0.0075762802734971,1.24829
7010,535,26779,0.0033890777267515,0.969415
7010,535,26789,0.0055585191585123,0.589684
7003,299,14966,0.0051311920396983,0.896053
7003,759,37959,0.0023572293575853,1.2451126080000001
7010,293,14665,0.0040440401062369,0.896622
7010,293,14699,0.0078457901254296,0.728969
7001,70,3505,0.0540404915809631,0.831967
7010,807,40378,0.0036455867812037,0.59294530378
7010,334,16710,0.0014207032509148,1.26485443
7010,334,16722,0.0033218751195818,0.962188
7010,1210,60503,0.0058315889909863,1.03952
7010,1210,60539,0.0037668272852897,1.5187197837
7003,1144,57239,0.0296329390257596,1.00957
7010,494,24702,0.0188446678221225,0.68577
7010,494,24725,0.006387673318386,1.04126
7010,970,48536,0.0013078469783067,1.00666
7003,208,10412,0.0047037424519658,0.938416
7003,208,10441,0.0067322067916393,0.8681486713200001
7008,1063,53191,0.3788497447967529,1.112388498
7003,446,22325,0.0046952627599239,1.06491
7010,1376,68804,0.0029462787788361,1.02485
7003,410,20545,0.0669477209448814,0.896603
7010,150,7543,0.0031335279345512,1.08486343075
7010,1251,62567,0.0031986346002668,1.1851638626399998
7003,371,18570,0.0027109396178275,0.965878
7003,1738,86928,0.0036833649501204,0.651749
7003,510,25547,0.0044064908288419,1.13796400404
7059,23,1180,0.0733691230416297,0.607079
7010,1649,82451,0.0045561157166957,1.2072323529
7010,1649,82500,0.0036600078456103,1.03393
7003,473,23699,0.002637144178152,0.822599
7010,485,24289,0.0050388453528285,0.992257
7003,166,8332,0.961114227771759,1.02688
7003,874,43733,0.0061035095714032,0.877913
7010,1256,62840,0.0138055337592959,0.9889477140400001
7010,1256,62842,0.0020887444261461,1.00105
7003,923,46177,0.0042170193046331,1.13168
7008,1308,65405,0.0047826175577938,1.14207
7010,275,13751,0.0059914058074355,0.752145
7003,953,47651,0.0231214873492717,1.0185
7003,953,47669,0.0061740837991237,1.1600959876799999
7003,1264,63224,0.005555422976613,1.47162
7010,1130,56516,0.0050184153951704,1.23553
7010,1130,56524,0.1084956973791122,1.08896173386
7010,1130,56527,0.0021615629084408,1.02183
7010,1130,56544,0.0071809706278145,1.02219
7010,659,32998,0.0031046029180288,1.02963
7001,99,4969,0.1294474154710769,1.07445
7001,99,4972,0.002576888538897,0.734653
7001,231,11556,0.0119186714291572,1.30165
7003,829,41489,0.0039313626475632,0.981128
7003,1168,58413,0.0044492771849036,1.2034009987999998
7003,119,5953,0.0081742135807871,0.953881
7003,119,5978,0.0050887544639408,1.01823
7010,818,40910,0.0042249700054526,1.03285
7012,78,3945,0.0031991454306989,1.18505
7003,445,22285,0.0370547734200954,0.678874
7001,261,13082,0.0054974150843918,0.561002
7003,411,20562,0.0087011381983757,0.94819
7010,585,29266,0.0038924003019928,0.59930543235
7010,585,29279,0.0024596785660833,1.0179484812200001
7010,900,45046,0.003098216606304,0.7699614876800001
7003,1719,85953,0.0141867352649569,0.999737
7010,1043,52195,0.0028852112591266,1.08196
7003,248,12433,0.0060515105724334,0.7302801888000001
7008,1455,72755,0.0141348550096154,0.851298
7010,1517,75874,0.0047616134397685,1.1766245124999999
7010,1517,75882,0.0032381094060838,1.10625990168
7010,1517,75893,0.0044242851436138,0.977548
7001,1083,54181,0.0038779377937316,1.0
7001,243,12171,0.0023962771520018,0.72904526608
7001,243,12199,0.0029151428025215,0.610935
7003,943,47197,0.0039863684214651,1.2805
7003,53,2695,0.0033172119874507,1.00286
7010,1516,75810,0.0104073416441679,0.672153
7010,1661,83070,0.0048027071170508,0.527606
7010,1092,54605,0.0058944402262568,1.0594
7010,1092,54618,0.0061759040690958,0.876148
7010,1716,85813,0.0103355348110198,0.621517
7010,1716,85823,0.0029652793891727,1.00572
7010,1716,85836,0.0047017335891723,1.11484
7010,1716,85844,0.0041496963240206,1.04527
7010,1532,76611,0.0031668308656662,1.03489
7010,1532,76632,0.0056042056530714,0.921555
7003,894,44726,0.0060622869059443,0.645479
7003,894,44747,0.0153932766988873,1.04819
7010,1347,67395,0.0221682786941528,1.00032
7012,672,33647,0.0112500544637441,0.877913
7010,1486,74328,0.0032226021867245,0.8431
7010,488,24404,0.0055628642439842,0.705302
7003,269,13490,0.6892637610435486,1.0
7010,829,41482,0.0043274136260151,1.3754517012
7010,1060,53024,0.0038272098172456,0.537725
7010,75,3769,0.0776692032814025,1.12949191304
7010,75,3778,0.0024980343878269,1.05059285466
7010,75,3794,0.0029854676686227,0.874086
7003,91,4583,0.0045151626691222,0.00023829188322900001
7003,322,16121,0.0048643192276358,0.961544
7003,503,25168,0.0131828458979725,0.918536
7003,503,25198,0.003453227924183,1.3121192394
7001,56,2805,0.004726861603558,1.09807367483
7003,749,37468,0.0032412027940154,0.87747160116
7003,1008,50406,0.003809004323557,1.190328867
7003,1008,50425,0.0023552509956061,0.483439
7001,732,36604,0.0030300021171569,0.936018
7001,732,36642,0.0083212610334157,0.984569
7010,66,3346,0.0022055159788578,0.890302
7003,1645,82274,0.0026727162767201,0.827974
7010,9,457,0.9252942204475404,0.979266
7010,9,481,0.0028374902904033,1.37239
7003,1323,66185,0.0029407998081296,1.11396760657
7003,705,35265,0.0042092073708772,0.428549
7003,705,35269,0.0129785696044564,1.2477800140000002
7003,1672,83634,0.576088011264801,0.624009
7003,345,17276,0.0037983327638357,1.2958167816
7010,917,45876,0.0066462545655667,1.1309838536899999
7010,1708,85444,0.0221310444176197,0.891037
7003,1088,54405,0.0026254961267113,0.92997
7003,673,33656,0.0062845395877957,5.186490733400001
7012,250,12503,0.0033019685652107,0.624204
7012,250,12520,0.004131915513426,1.05842
7001,651,32581,0.0058099860325455,0.988071
7010,98,4918,0.0062302611768245,1.24926
7003,338,16912,0.0065255556255578,1.02761
7012,462,23120,0.0024078430142253,1.2518497376
7010,822,41123,0.0093413228169083,1.0
7010,822,41131,0.0021523241885006,0.956053
7010,950,47534,0.1908451616764068,0.693132
7001,222,11139,0.003304025158286,0.955044
7003,1059,52959,0.0609163492918014,1.08709
7003,1059,52961,0.0031304508447647,1.4717929821000002
7003,1059,52964,0.0076364581473171,0.95741
7010,101,5091,0.0456593111157417,1.0443
7010,101,5096,0.0029004893731325,1.04693297446
7003,275,13765,0.0067616561427712,1.09526243283
7010,1039,51994,0.0068319127894937,1.1054283627600001
7003,1047,52353,0.0041596796363592,0.613263
7010,1238,61915,0.0028465008363127,0.733074
7010,1238,61945,0.0048753302544355,0.915866
7010,1674,83750,0.0047703911550343,1.15972
7010,415,20795,0.0028248119633644,1.01255
7010,747,37382,0.0056618005037307,1.4458620281
7010,984,49215,0.0335851944983005,0.774487
7010,1706,85324,0.0058158063329756,0.488113
7003,919,45979,0.0050418940372765,0.8689147195199999
7003,919,45994,0.0104746501892805,0.92179
7003,919,45996,0.0049555581063032,0.716336
7012,622,31114,0.0146054085344076,1.11201
7003,614,30734,0.0041056028567254,0.921502
7001,113,5678,0.0964965596795082,0.571345
7010,332,16644,0.003939860034734,0.979664
7010,332,16645,0.0013875714503228,0.77969
7010,1080,54001,0.0103621697053313,1.10169
7010,1080,54004,0.0073103141039609,1.0838
7001,622,31130,0.004822670482099,1.04999
7010,1154,57731,0.0028622578829526,1.04749
7003,1010,50504,0.0089254230260849,1.12489
7003,1010,50535,0.0410668179392814,0.966672
7012,310,15527,0.0712490677833557,1.12730071419
7012,310,15543,0.0056406673975288,0.952054
7003,1124,56233,0.0039591477252542,0.905444
7008,1447,72351,0.0084094302728772,1.05622
7008,1447,72369,0.0037137186154723,0.843712
7010,263,13159,0.0044079176150262,0.860817
7010,1442,72129,0.0073307789862155,5.1256610734
7012,190,9509,0.0563376769423484,0.821408
7012,190,9529,0.0071084941737353,0.525143
7012,190,9545,0.0620322786271572,0.971579
7003,92,4605,0.016275979578495,0.687092
7001,271,13564,0.0041579199023544,0.90864429061
7001,271,13594,0.0034924836363643,0.773441
7010,1545,77275,0.004203600808978,0.897769
7012,517,25870,0.0048450352624058,0.837827
7012,517,25889,0.0034747151657938,0.644493
7010,430,21540,0.017083516344428,0.980042
7003,751,37555,0.0113372793421149,0.34929901187999995
7003,1511,75552,0.0308608599007129,0.532277
7012,551,27576,0.0035742770414799,0.81525222072
7003,95,4779,0.0026732604019343,1.0975
7003,95,4786,0.0033588998485356,1.03759
7010,726,36317,0.0051588085480034,0.402495
7010,726,36328,0.0069153159856796,1.08424
7010,726,36336,0.7040277123451233,1.0314
7003,30,1507,0.0012782375561073,0.8983595937700001
7003,30,1516,0.0029970135074108,1.06781
7010,265,13251,0.0046298522502183,1.0
7010,265,13261,0.0054510459303855,1.36911973856
7003,1367,68387,0.3095271587371826,1.1060862904
7003,1014,50703,0.0016744844615459,1.4233986199999997
7010,1277,63874,0.0036300476640462,1.05539
7010,1277,63879,0.0087025482207536,1.00096
7003,470,23511,0.0028855979908257,1.03997
7010,1621,81055,0.0022632374893873,1.1981334112000002
7010,1621,81064,0.0027379665989428,1.0786917031
7003,754,37750,0.0029259428847581,0.933212
7003,831,41600,0.0038934205658733,1.45857
7001,124,6247,0.0275283362716436,0.937813
7001,461,23057,0.0038239583373069,1.23948
7057,34,1735,0.0027503005694597,0.637528
7008,1393,69651,0.0020481522660702,1.2009678797999999
7001,541,27053,0.0181333571672439,0.583267
7001,541,27071,0.0034671381581574,1.04239
7003,489,24453,0.0255406945943832,1.02261
7003,489,24487,0.0681327357888221,1.1698025965
7012,702,35110,0.005163459572941,0.5877
7012,702,35118,0.0039009598549455,0.871926
7012,702,35127,0.0052605555392801,3.0014178120999997
7003,737,36865,0.0006785153527744,0.604697
7010,1571,78574,0.0040040984749794,0.51822
7008,1391,69578,0.0057082991115748,0.951186
7079,50,2526,0.0093836057931184,0.483532
7003,1351,67557,0.0039936760440468,0.545477
7003,1351,67579,0.0034929679241031,0.931782
7003,1351,67588,0.0022548844572156,1.0862
7010,761,38084,0.0399041809141635,1.01359
7010,1318,65930,0.0041901534423232,0.622709
7010,674,33736,0.001141864224337,1.2414608929
7008,1327,66352,0.0028989412821829,0.597675
7003,1646,82331,0.042301919311285,1.193492455
7003,1646,82339,0.0047390265390276,1.21072
7003,1646,82345,0.0078797219321131,0.996318
7008,923,46167,0.0066592176444828,0.427462
7003,1501,75074,0.0801867321133613,3.9120953011199995
7003,327,16372,0.003504580585286,1.2417342734999999
7010,1131,56560,0.0052757086232304,0.674585
7003,342,17130,0.0353397391736507,0.649601
7010,1373,68692,0.005239097867161,0.951729
7003,710,35508,0.001767887850292,1.07693
7012,111,5556,0.0047668768092989,0.508695
7012,111,5578,0.0035345575306564,0.9548137872
7003,559,27983,0.0051931734196841,0.960161
7003,559,27998,0.0054337633773684,0.868249
7003,467,23358,0.0038626829627901,1.01273
7003,467,23387,0.0087774330750107,1.11625
7003,192,9650,0.0130760828033089,0.480933
7003,1105,55271,0.475548654794693,1.08942
7012,236,11830,0.0029399737250059,1.03945
7012,236,11847,0.003582015633583,0.550093
7001,10,512,0.0039566019549965,0.8583972585399999
7001,10,533,0.0067875972017645,1.02696
7010,314,15715,0.0048174760304391,1.2557966954000002
7010,314,15749,0.0542512685060501,0.5120566308
7003,1438,71950,0.0050059054046869,1.06185894339
7003,642,32149,0.0192041620612144,0.7942655026799998
7003,472,23630,0.0051294979639351,0.93735
7003,856,42814,0.0211184434592723,0.779798
7003,856,42847,0.0077471272088587,7.7335703441999994
7003,200,10022,0.0040112934075295,0.944333
7010,229,11456,0.0050852475687861,0.750573
7003,293,14652,0.0035639770794659,0.450187
7010,1286,64331,0.0087801907211542,0.637079
7010,801,40076,0.9748992323875428,0.6886073222999999
7010,391,19581,0.0036054647061973,1.0
7010,1134,56705,0.0025079301558434,0.593158
7003,268,13409,0.0029231260996311,1.20424
7010,1298,64926,0.0051694228313863,1.1344989081699999
7010,1586,79313,0.5262268781661987,4.92514994952
7010,1586,79326,0.0075989477336406,0.83922
7003,1478,73943,0.1651448160409927,0.926675
7010,1691,84579,0.0043011745437979,1.11903
7010,57,2885,0.0072928289882838,1.14516601659
7010,975,48768,0.0040668165311217,1.0404
7010,129,6453,0.0032425390090793,0.895821
7010,129,6457,0.0118833780288696,1.133140896
7010,129,6469,0.0141240805387496,5.87435166617
7008,1081,54075,0.0043114935979247,0.866853
7003,694,34708,0.0024671955034136,1.01882
7008,708,35421,0.0038397868629544,1.07007
7012,1,65,0.8647411465644836,1.04996
7012,1,99,0.1327215433120727,0.595064
7010,702,35141,0.0046238349750638,0.552078
7010,665,33275,0.011265356093645,0.524082
7010,665,33286,0.0038290389347821,0.957195
7001,846,42312,0.0044924495741724,0.615229
7010,1447,72376,0.0038395898882299,0.674629
7010,991,49590,0.0098192701116204,0.562652
7003,948,47416,0.0346709638833999,1.02438
7003,667,33356,0.004900406114757,0.465767
7010,1033,51652,0.0152135919779539,0.932493
7010,1033,51689,0.0177751444280147,0.56751102414
7003,1523,76158,0.981246292591095,1.11051
7003,1523,76178,0.0038694203831255,1.1059
7010,1395,69760,0.0023054894991219,0.742254
7010,420,21019,0.0028862676117569,1.08873
7010,1729,86499,0.0012055253610014,0.632741
7010,1143,57187,0.9930311441421508,0.27427394015
7010,1143,57188,0.001620243419893,0.615709
7010,1143,57194,0.0114641906693577,0.434741
7010,0,11,0.0181161053478717,1.03543
7010,921,46064,0.1429910510778427,0.491765
7010,273,13699,0.0050549902953207,1.03467
7001,666,33301,0.0039512990042567,0.508873
7003,1253,62670,0.0047714738175272,0.495645
7003,154,7727,0.0037192872259765,0.8523755218
7003,1328,66432,0.0423487871885299,0.576184
7003,665,33252,0.003226263448596,0.977006
7003,665,33263,0.0071374955587089,0.950845
7003,665,33280,0.0066867070272564,0.998571
7008,1324,66243,0.0024505066685378,1.14488
7003,698,34909,0.0027178300078958,0.69106
6999,1,91,0.8716300129890442,0.401451
7010,1307,65361,0.0045184665359556,0.896016
7010,43,2199,0.0113326888531446,0.633228
7003,913,45655,0.2265510708093643,1.9768460505
7003,928,46430,0.0044058463536202,1.04268
7003,928,46431,0.002367666689679,0.975827
7003,1386,69311,0.0111265918239951,0.862411
7003,1386,69323,0.006976026110351,1.16852
7008,1462,73109,0.0039828959852457,0.536221
7003,354,17727,0.0030607765074819,1.17994864912
7012,63,3183,0.5469387173652649,1.03711
7010,7,396,0.0040916199795901,0.853893
7003,971,48598,0.0083744125440716,0.936513
7010,587,29351,0.0024517006240785,1.1733518972
7010,587,29392,0.003156519960612,1.00489
7010,1567,78356,0.0038723107427358,0.877913
7003,1697,84858,0.0067735575139522,1.21757
7010,170,8516,0.0051723686046898,0.46331
7003,295,14786,0.946632206439972,1.0882099666
7003,916,45801,0.0059256483800709,1.0378
7003,916,45816,0.006975055206567,0.949946
7003,776,38833,0.001698519452475,0.941903
7008,1337,66873,0.0046730004251003,1.12838
7003,940,47046,0.0045415498316287,1.1988930555
7003,677,33871,0.0269969850778579,0.82831
7010,1474,73719,0.0033076291438192,1.4064240684
7010,1474,73749,0.0114209931343793,0.9516
7003,1035,51751,0.0244087167084217,1.12774
7003,202,10113,0.0052208043634891,1.04556
7003,202,10139,0.0036989704240113,1.2338897199
7010,843,42188,0.0058870934881269,0.603593
7010,843,42196,0.0042328634299337,0.70761967498
7003,812,40601,0.0032446908298879,1.0471
7003,812,40612,0.0048887589946389,0.979083
7003,820,41004,0.0066950097680091,1.02766
7003,820,41007,0.0032314106356352,1.0881546592
7010,496,24814,0.9519056081771852,1.2792448561
7003,50,2530,0.4822380542755127,0.984499
7010,1615,80759,0.0049893292598426,1.12962
7010,931,46599,0.0028309810440987,1.09897
7010,1274,63735,0.0068884273059666,1.31291
7003,845,42294,0.1172386556863784,0.703252
7003,429,21469,0.992861807346344,3.6314596784999997
7010,1597,79880,0.0026384110096842,1.00826
7001,78,3904,0.009025084786117,0.530489
7010,1352,67624,0.0170386470854282,0.513396
7012,350,17518,0.0098006408661603,0.934283
7003,1078,53950,0.0044119688682258,0.77982466353
7010,798,39904,0.0143455229699611,1.04051
7010,798,39931,0.1047743484377861,1.05134
7003,1370,68517,0.0059942691586911,1.01203
7010,873,43653,0.0148458695039153,1.02311
7010,873,43659,0.0296063218265771,1.14858180045
7003,545,27284,0.0020743021741509,1.1774276472
7003,417,20886,0.0053704944439232,0.928476
7010,481,24059,0.1000574380159378,0.468739
7001,1073,53658,0.004484006203711,0.981265
7003,942,47150,0.0049812467768788,1.03768
7003,412,20648,0.0035749259404838,1.1226017726000002
7010,377,18895,0.0041315737180411,1.03221
7003,51,2561,0.005255352705717,1.02225
7010,1008,50403,0.0093088168650865,1.03283
7010,1008,50411,0.0053170225583016,0.99275
7010,1042,52117,0.001814225455746,1.00089
7001,59,2972,0.0033213954884558,0.13069183095
7001,59,2989,0.0021914960816502,1.21202
7003,507,25352,0.0058121704496443,0.9628357236299999
7010,586,29342,0.0013426078949123,1.07127
7010,586,29345,0.0035761368926614,1.06787
7012,45,2278,0.0033000987023115,1.03565
7057,54,2731,0.0044876500032842,0.906296
7003,568,28416,0.0118631049990654,1.1807460287999998
7003,568,28419,0.0046029523946344,0.921731
7010,512,25620,0.0060703745111823,1.14286
7003,1042,52105,0.7593140006065369,0.97856
7003,1042,52109,0.0027979637961834,1.04311
7003,1042,52110,0.0054656886495649,1.1450554098000003
7003,1042,52148,0.0035898704081773,1.14052
7010,1497,74877,0.0045749107375741,1.01062
7010,1218,60942,0.0086514055728912,0.824304
7003,1627,81351,0.003140872111544,0.6160877079700001
7008,1103,55189,0.0069750263355672,0.408873
7010,922,46150,0.0041935387998819,1.03381
7003,721,36070,0.004922080785036,0.843634
7010,703,35157,0.0147500252351164,0.498651
7003,1534,76735,0.9668241143226624,1.12634
7003,764,38246,0.460482507944107,0.78568
7010,100,5010,0.002906272187829,0.533371
7010,100,5031,0.0052079944871366,1.02147193847
7010,1190,59542,0.0025895996950566,0.511805
7010,1468,73406,0.0068962802179157,1.09484
7010,1468,73407,0.0032098179217427,1.252353168
7010,1468,73427,0.0019015643047168,0.509812
7010,1468,73435,0.0073230732232332,1.03652
7010,172,8601,0.0054719881154596,0.977185
7010,172,8634,0.0034954717848449,1.04043
7010,1248,62448,0.2990828156471252,0.941422
7003,1467,73397,0.0025875631254166,0.65962210636
7012,662,33112,0.0025240508839488,0.603685
7012,662,33127,0.0101552112028002,1.01151
7012,662,33146,0.0109966723248362,0.912015
7010,467,23398,0.0020705782808363,0.972143
7010,1050,52506,0.2316566556692123,0.5594
7010,1050,52526,0.017053747549653,0.55937180613
7010,113,5670,0.0043295035138726,0.877913
7010,1482,74113,0.094280257821083,3.5131533571999998
7010,450,22529,0.0040401201695203,1.05914
7010,1241,62066,0.0788096189498901,1.2774
7010,1241,62094,0.0035112195182591,1.07116
7001,585,29291,0.0044359401799738,0.6482051278500001
7003,648,32410,0.0058011072687804,0.7503626356500002
7010,174,8712,0.0124055156484246,0.4299427854
7010,174,8718,0.1042782589793205,0.877913
7010,1701,85095,0.0050500985234975,0.90485
7010,1576,78834,0.0049298126250505,0.765724
7010,1032,51630,0.0103954393416643,1.04169
7003,585,29259,0.0083944415673613,0.488763
7003,585,29272,0.0032529474701732,0.495716
7003,585,29273,0.0800118148326873,1.1931140038999999
7010,1617,80852,0.0026679134462028,1.02356
7010,1617,80860,0.0033205903600901,1.2081963942
7010,1559,77979,0.0027632154524326,0.581199
7008,1106,55328,0.002842377172783,1.11888
7010,1746,87338,0.002386616775766,1.25056564611
7010,885,44265,0.0063113528303802,1.05339
7010,4,213,0.0023621011059731,1.4861291928
7010,4,214,0.0113150663673877,0.930455
7003,684,34225,0.0069339186884462,1.13856109515
7010,1308,65430,0.0141901653259992,1.0861260296500002
7010,1557,77891,0.008392171934247,1.04467
7003,1202,60125,0.0028872904367744,1.01461
7010,135,6777,0.0055860728025436,1.70933
7003,479,23993,0.0068111172877252,0.88334
7003,703,35180,0.0259520038962364,1.0105
7008,819,40961,0.0057586869224905,1.01702
7008,819,40995,0.0065718498080968,0.595651
7008,819,40997,0.0060655511915683,0.907014
7010,1027,51399,0.006223689764738,1.04326
7010,1027,51400,0.0045627080835402,0.548268
7003,27,1396,0.0033271240536123,3.68392352086e-06
7010,581,29059,0.1616740375757217,1.5894206096999999
7010,581,29082,0.0020922648254781,0.849816
7003,1023,51171,0.0036129613872617,1.03964180712
7010,1465,73253,0.2559714913368225,1.02143
7010,1465,73282,0.0115183517336845,1.04165
7010,1465,73292,0.0014175017131492,0.57675892707
7003,226,11306,0.0072339172475039,1.00401
7008,6,309,0.0031539103947579,1.06067
7003,184,9216,0.5378096103668213,0.521883
7010,1685,84264,0.0042548617348074,1.00649
7003,1228,61402,0.0094610368832945,0.574098
7008,1330,66534,0.0023044825065881,1.02351
7001,1164,58206,0.0016249247128143,1.08977
7001,1164,58210,0.0065082916989922,1.10473
7010,1197,59851,0.0123047782108187,1.00428
7010,1197,59886,0.0131787434220314,0.522107
7010,1698,84934,0.0040209810249507,0.291949762172
7003,1053,52672,0.0023686680942773,0.510826
7003,945,47252,0.0037678130902349,0.539491
7010,1731,86565,0.0187752489000558,0.610396
7003,723,36172,0.0086295120418071,0.9242594243399999
7003,1048,52444,0.0037782643921673,1.2364625278
7010,1065,53282,0.0056242509745061,0.455414
7010,378,18931,0.0060484162531793,1.04967289896
7001,797,39870,0.9596221446990968,0.949119
7001,797,39884,0.0031370911747217,0.9464679868500001
7003,131,6559,0.001997469458729,0.97654
7010,1103,55196,0.0050324806943535,1.04842
7010,1103,55199,0.0054151071235537,0.631168
7010,1388,69401,0.0021235975436866,0.563241
7010,1291,64588,0.0101034985855221,0.7582
7010,251,12560,0.0060361879877746,1.01339
7003,869,43464,0.0186962969601154,9.7417225455
7003,1338,66941,0.0048977541737258,1.173895756
7010,1748,87424,0.0150115247815847,0.6244
7003,824,41215,0.0025851880200207,1.04919
7003,1089,54497,0.0027510500513017,1.08207
7010,1343,67151,0.0053895241580903,1.0
7010,1343,67175,0.0032839505001902,1.0741
7010,330,16521,0.0033735535107553,1.01203
7003,83,4164,0.0032995683141052,0.819086
7012,822,41123,0.0037147791590541,0.528324
7012,822,41136,0.0042272880673408,1.02677
7010,1380,69002,0.0042223706841468,0.514831
7010,1380,69049,0.0049526765942573,0.986985
7010,1198,59925,0.0063004018738865,1.27016
7003,1055,52772,0.0045955972746014,0.88489
7003,1055,52783,0.0038670429494231,1.03928
7010,1537,76874,0.0028822205495089,0.458223
7003,480,24047,0.005860780365765,0.997042
7008,1277,63869,0.4291329383850097,0.93572267756
7008,1277,63882,0.339342713356018,0.554946
7010,645,32286,0.0037147630937397,0.985592
7010,1151,57570,0.6763252019882202,0.6022894073799999
7010,197,9875,0.006364089436829,1.02021
7010,493,24671,0.0053088599815964,0.987957
7010,1391,69564,0.0020565141458064,0.70046453356
7010,1393,69699,0.0132144866511225,0.994455
7003,765,38268,0.0069989450275897,0.889124
7003,765,38276,0.0234502684324979,0.6538586585300001
7003,765,38300,0.0019608177244663,0.732318
7003,591,29552,0.0049758022651076,0.568782
7003,591,29591,0.0033477290999144,1.07849
7003,493,24681,0.0041294870898127,1.08530407146
7010,230,11506,0.0026340130716562,0.73482
7003,1135,56795,0.0059768049977719,0.484262
7010,809,40496,0.0032066293060779,0.952988
7010,1508,75413,0.0041584568098187,1.1868180276
7010,1508,75437,0.0074717178940773,0.47389520416
7010,1648,82421,0.0019830896053463,1.09585
7010,1648,82439,0.0186586380004882,1.10359
7001,183,9166,0.0023675202392041,1.14601
7008,1425,71275,0.0059054624289274,0.783756
7001,180,9030,0.9041545987129213,0.6004804352399999
7010,1375,68790,0.0063552246429026,0.451268
7010,412,20629,0.2297247350215912,1.13723178826
7001,531,26594,0.2656267583370209,1.08911
7003,1571,78564,0.0088103506714105,1.20318
7003,1571,78581,0.3833403587341308,0.866571
7001,1152,57616,0.0041194101795554,1.13731533268
7003,1291,64600,0.0027767783030867,0.7009790508
7003,500,25011,0.0049854312092065,0.504417
7003,1139,56966,0.0043711932376027,1.04629
7010,1747,87353,0.0042523979209363,1.03248
7010,1747,87386,0.2619015574455261,0.911444
7003,528,26424,0.0038350583054125,1.0555229456800002
7010,1759,87953,0.0056978105567395,0.36534048632
7010,1759,87975,0.0029561158735305,0.942585
7010,1,56,0.0043738791719079,1.09598
7010,793,39684,0.0055578225292265,1.02572
7003,1578,78926,0.0025995417963713,0.9658519158000001
7003,1578,78930,0.0018512815004214,0.8500610669600001
7010,1667,83378,0.0210322812199592,1.52684
7003,400,20013,0.0039736037142574,0.7730675426699999
7003,34,1706,0.0038088087458163,0.95791387466
7010,1577,78872,0.0027216402813792,0.756898
7003,494,24714,0.0058495532721281,1.01723
7003,494,24741,0.0089271692559123,1.04733
7003,787,39393,0.0042095631361007,0.997118
7003,104,5220,0.0025722563732415,0.998116
7010,1488,74444,0.002584331203252,1.00523
7003,695,34781,0.0071879834868013,1.04203
7010,699,34970,0.0008266513468697,0.677374
7010,836,41808,0.4136571884155273,1.06226
7010,836,41830,0.0042723482474684,0.520522
7010,836,41836,0.0020751592237502,0.590681
7003,691,34591,0.0031756323296576,1.0
7010,281,14055,0.0026731726247817,1.01712
7010,221,11056,0.00219113426283,1.0781
7010,221,11074,0.004852982237935,2.923825248
7010,221,11100,0.2971998155117035,1.06211
7010,238,11908,0.0035694183316081,1.06955
7010,238,11913,0.0043187667615711,1.3286130867
7010,238,11937,0.2109589278697967,0.853844
7010,446,22321,0.0336185358464717,0.381945
7010,446,22342,0.0034790323115885,0.926451
7010,446,22343,0.0040086726658046,2.4501982051
7010,455,22755,0.0498561970889568,0.996709
7010,943,47151,0.0090056452900171,0.975211
7010,943,47154,0.8592370748519897,0.962794
7008,1376,68832,0.0114482939243316,0.8860007370499999
7010,303,15162,0.0129912616685032,0.977821
7010,303,15189,0.003598806913942,0.3840391193
7010,303,15199,0.4823623895645141,0.521088
7010,95,4780,0.0022162431851029,1.0
7010,95,4793,0.0025569493882358,0.998363
7010,1673,83658,0.0064658699557185,0.619933
7010,1673,83676,0.0058092228136956,1.02003
7010,918,45923,0.0029851298313587,0.406163
7010,918,45943,0.0044537764042615,1.05519
7001,366,18308,0.0035249104257673,0.703044
7001,366,18332,0.0673511549830436,1.01268
7010,673,33692,0.0037607140839099,1.2006
7003,1463,73177,0.9887900352478028,1.03535492368
7001,757,37863,0.0053330096416175,0.974524
7010,371,18591,0.0038565397262573,0.877913
7003,1663,83176,0.0071648680604994,0.560468
7003,1663,83183,0.003125631250441,0.778715
7008,1445,72283,0.0065886946395039,0.977263
7003,809,40468,0.0049776835367083,1.04781
7057,37,1868,0.0172887407243251,1.01487
7057,38,1935,0.0127453254535794,0.771206
7010,1543,77162,0.0231777224689722,0.995241
7003,19,981,0.0383982881903648,0.570966
7008,667,33389,0.0114196417853236,0.9959358263400001
7003,858,42918,0.0071275271475315,0.579891
7010,1725,86279,0.0032755234278738,1.13124
7003,368,18440,0.0079273665323853,0.9670883494200001
7010,1396,69820,0.0036148179788142,0.884405
7010,1396,69829,0.0017341568600386,1.08669
7010,524,26202,0.0017865151166915,0.978924
7003,484,24225,0.0108210323378443,0.91496
7003,484,24246,0.0031791254878044,0.974531
7001,311,15591,0.0598901212215423,1.04534
7003,332,16615,0.0059789670631289,1.24261
7010,451,22599,0.003805580548942,1.01749
7010,1045,52259,0.0056686364114284,0.769981
7010,1045,52268,0.0022590109147131,0.61017944586
7010,1045,52273,0.0594679079949855,0.434284
7008,1428,71431,0.0174773894250392,2.1529873176
7008,661,33071,0.002955813659355,1.26049
7010,887,44374,0.0014670052332803,0.96848
7010,276,13812,0.0030617397278547,1.2455620271099999
7008,1349,67471,0.0048831831663846,0.64265
7010,477,23861,0.005806989967823,1.1337702169
7010,477,23889,0.0029530748724937,1.04466
7010,477,23893,0.0159667544066905,0.628076
7010,477,23894,0.0040677031502127,1.3827719142
7008,1295,64778,0.0036253249272704,1.21117
6999,30,1510,0.0082175517454743,1.2798061
6999,30,1539,0.0094368420541286,0.522165
7010,1750,87535,0.0061834212392568,1.04554
7003,1418,70918,0.0043840743601322,1.00666
7003,1418,70925,0.0055260304361581,1.04678
7003,1418,70933,0.0096758492290973,1.04268
7003,1418,70950,0.0124397380277514,1.4963490204
7010,442,22110,0.0012799034593626,0.901668
7003,487,24361,0.005106555763632,0.342489948351
7012,262,13107,0.0057603395543992,1.17754
7012,262,13126,0.0058851744979619,1.038
7010,73,3697,0.1424466967582702,1.02789
7010,1178,58946,0.0044190855696797,1.60508
7010,376,18815,0.0022993062157183,0.910875
7010,376,18844,0.0052863014861941,1.07785
7010,1325,66288,0.006997023243457,1.053009943
7003,748,37426,0.0018745645647868,0.58966
7003,748,37449,0.0073748161084949,1.19555070253
7010,1161,58094,0.0026021949015557,0.560871
7003,328,16432,0.014653205871582,1.76869
7003,1357,67853,0.0067608719691634,0.92053
7003,1357,67879,0.0334398448467254,1.02023
7003,1357,67885,0.0036246599629521,1.30851
7010,651,32596,0.0178630948066711,0.970232
7010,196,9818,0.0057173976674675,1.08992
7010,1700,85010,0.0146884238347411,0.8450017011700001
7010,1700,85034,0.0357973128557205,0.9414662542999999
7003,727,36372,0.0055500958114862,0.9080184902399999
7003,727,36390,0.4202588498592376,0.547357
7003,753,37666,0.0080383270978927,0.805022
7003,753,37691,0.0021732707973569,0.506899
7010,1202,60125,0.0031686089932918,0.392253
7003,234,11720,0.0039650560356676,0.904257
7003,355,17764,0.0051029403693974,1.25536
7003,355,17771,0.0077773337252438,1.1191
7010,973,48653,0.0043044839985668,1.223534212
7010,218,10901,0.0061787459999322,0.578152
7010,218,10903,0.0153286205604672,1.50322963805
7010,573,28661,0.0034543373622,0.000486968026986
7010,573,28665,0.0082608051598072,0.952213
7010,573,28690,0.0180275794118642,0.92179
7001,577,28885,0.0022110540885478,1.54239
7010,638,31941,0.0044835424050688,0.987892
7008,1155,57759,0.00398830184713,1.19841
7008,1155,57787,0.0242141596972942,1.61473
7010,758,37950,0.0049685919657349,1.1896367202
7003,1071,53565,0.0469428859651088,1.01767
7001,973,48670,0.0041539040394127,1.04673
7003,1215,60797,0.0042584147304296,1.0906
7010,1212,60609,0.0243752636015415,1.06254
7010,480,24024,0.0061794202774763,0.969539
7010,480,24035,0.0041804271750152,1.05193
7003,257,12858,0.00392906088382,1.01049
7003,257,12875,0.0023585853632539,0.755455
7010,1250,62503,0.0072217951528728,0.054999343472
7010,694,34717,0.0096252579241991,0.96786
7010,694,34747,0.0217391829937696,1.03168
7003,432,21650,0.0032582611311227,1.00259
7010,390,19519,0.0052299355156719,1.2098792731499999
7010,505,25282,0.0075395484454929,1.02037
7001,437,21877,0.0021770629100501,1.04904
7010,972,48616,0.0101856300607323,0.08733912208799999
7010,972,48633,0.8861986994743347,1.24745
7082,5,257,0.0008288195240311,0.955726
7010,176,8844,0.0085803736001253,0.875186
7010,1105,55272,0.0456820204854011,1.00236
7003,93,4661,0.3773302733898163,0.63331
7003,1412,70645,0.0055055627599358,0.732801
7010,349,17457,0.006285433191806,0.85998872316
7010,349,17492,0.0040422105230391,0.539509
7003,599,29999,0.0039153979159891,1.38076
7003,839,41992,0.0015265551628544,0.825878
7010,1533,76689,0.0073315254412591,1.03083
7010,1533,76692,0.010968848131597,0.968032
7003,481,24087,0.0035392851568758,0.58251
7003,1041,52079,0.004011602140963,1.4042315370000003
7003,97,4867,0.0098180975764989,1.14207
7003,97,4871,0.0041642938740551,0.787391
7010,1616,80834,0.0107238618656992,0.990547
7010,1616,80840,0.0051132394000887,0.935988
7003,313,15692,0.005838097538799,0.986668
7003,1237,61872,0.0020487632136791,0.952092
7003,1237,61889,0.0059869443066418,44.196432392
7010,199,9987,0.0012105740606784,1.11614
7010,506,25307,0.0682544261217117,0.611449
7010,506,25320,0.0045411293394863,0.558696
7003,231,11599,0.0077274171635508,1.12381
7010,247,12355,0.004730402957648,0.747241
7001,149,7487,0.0072209914214909,1.03784
7010,1001,50077,0.0009855738608166,1.07333
7010,1312,65611,0.0050338893197476,1.04179
7010,1312,65630,0.002352834213525,1.00006
7010,1312,65648,0.0084383385255932,1.13061
7010,1421,71062,0.0256025809794664,1.27882
7010,1421,71087,0.0057595940306782,0.7960665663599998
7003,145,7275,0.0019196979701519,1.11312
7003,145,7277,0.1217473000288009,1.09556
7003,686,34335,0.0017749544931575,0.9236
7010,600,30027,0.0019250510958954,0.538867
7010,600,30033,0.0096134385094046,1.13448
7010,1475,73780,0.0041308011859655,1.0
7010,1742,87127,0.0037569373380392,0.967253
7003,110,5540,0.0057836095802485,0.959481
7003,678,33924,0.0152360526844859,1.15535048224
7003,678,33936,0.0050311512313783,0.84763020776
7003,678,33939,0.0028251586481928,1.1373003819599998
7003,678,33947,0.0042024836875498,1.13232
7010,743,37154,0.0092236176133155,1.46373
7010,743,37182,0.007220328785479,0.490819
7003,1682,84118,0.0098244091495871,0.96536
7003,1682,84124,0.0053116916678845,1.04507
7001,137,6859,0.0025523856747895,0.666123
7001,137,6899,0.0048853801563382,1.01661
7010,1479,73958,0.0029644577298313,0.847616
7010,1563,78181,0.0023748218081891,1.07157
7003,1245,62260,0.0057727429084479,1.2356830259999998
7003,405,20274,0.0036986293271183,0.514981
7003,405,20283,0.0557108186185359,0.92179
7003,103,5165,0.0178617760539054,0.461543
7001,75,3781,0.0056519331410527,0.330813
7003,300,15028,0.0026390987914055,0.94172505417
7001,83,4167,0.0095335431396961,1.07495
7001,83,4175,0.0045279348269104,0.877385
7003,1034,51727,0.0040541202761232,0.519458
7010,1233,61659,0.0043189655989408,0.381157
7003,88,4401,0.0091464556753635,0.596887
7003,1100,55008,0.003977945074439,0.88413
7003,1100,55046,0.8047282695770264,0.7092342765199999
7010,214,10739,0.0029924630653113,0.84166536076
7003,1568,78401,0.0022776159457862,1.21998
7010,960,48014,0.0039812317118048,1.08631
7010,1265,63263,0.0045515592209994,1.037
7010,1265,63266,0.0031717675738036,1.1978544888
7010,1390,69533,0.0117629384621977,1.48076
7003,1066,53324,0.0936285033822059,1.0
7003,1066,53337,0.0035290266387164,1.21328
7010,301,15078,0.0063244644552469,0.561828
7003,1734,86710,0.0062800599262118,1.00905
7003,1734,86722,0.0017361795762553,0.992269
7003,1734,86738,0.0042414683848619,0.990667
7003,1734,86743,0.0070060836151242,0.892021
7010,613,30655,0.0078576067462563,0.970544
7010,613,30692,0.0046444665640592,1.08711
7001,1052,52619,0.0037501975893974,0.720554
7003,367,18378,0.0085094962269067,1.27373
7003,251,12561,0.0030086766928434,1.03593
7010,463,23153,0.0307455360889434,0.782364
7010,300,15006,0.0038929565344005,0.730263
7010,1379,68970,0.0044148154556751,1.38329
7003,1383,69165,0.0036537379492074,1.00447776286
7003,1383,69166,0.0014523405116051,0.868958
7003,1383,69168,0.5705119371414185,1.07261
7008,1369,68477,0.0107738906517624,0.55517890917
7010,248,12415,0.0040554720908403,1.11882
7010,650,32542,0.0038916587363928,1.0647901238400002
7010,158,7950,0.0032091499306261,1.21793
7012,380,19028,0.0031185836996883,1.01899
7010,53,2669,0.0043123592622578,0.632567
7003,830,41509,0.0050114803016185,0.856613
7003,830,41535,0.0015647283289581,0.93578
7001,952,47639,0.0025507998652756,1.14938
7079,7,380,0.0027038354892283,1.04316
7003,934,46720,0.0027926338370889,0.90826651748
7010,571,28580,0.7844515442848206,1.1386599915
7010,571,28583,0.0056032626889646,0.00271176103568
7003,586,29335,0.0022055392619222,1.00694
7010,1234,61728,0.0214783363044261,1.01435
7003,178,8928,0.0043811178766191,0.819045
7003,178,8945,0.0037972775753587,0.638027
7010,1266,63342,0.0022072070278227,0.7797992220500001
7010,1633,81694,0.0043153534643352,0.915471
7003,461,23058,0.0043151942081749,0.574582
7010,393,19666,0.0252326074987649,0.948159
7010,393,19671,0.0023870957084,1.1822
7010,393,19673,0.0053993612527847,0.498539
7010,393,19682,0.0033809910528361,0.8925
7010,344,17224,0.0033865713048726,0.706342
7010,1262,63114,0.0046740164980292,0.92179
7010,459,22997,0.0043720211833715,0.999556
7001,544,27235,0.001710602780804,0.941577
7003,1609,80473,0.0037883105687797,0.966765
7010,1276,63817,0.0235489569604396,1.08098
7010,1276,63824,0.0025119965430349,2.90378
7001,282,14148,0.0032045145053416,1.2531310755999998
7010,409,20454,0.0036986717022955,1.06215
7003,252,12603,0.0022519545163959,0.933824
7003,639,31956,0.0104500157758593,1.02949
7003,639,31958,0.1579014956951141,1.10141313794
7003,639,31970,0.0041117896325886,1.1449445815200001
7003,639,31971,0.0085506020113825,9.710180541499999e-06
7010,313,15688,0.004025821108371,1.3693975822
7010,530,26538,0.0099147278815507,0.794213
7010,18,939,0.0033328861463814,0.602002
7001,644,32216,0.4988400042057037,0.917709
7003,898,44921,0.0056939031928777,1.02244466496
7010,1282,64115,0.0022026624064892,0.740169
7003,982,49131,0.0044351653195917,0.8927
7010,560,28047,0.007157483138144,1.1999218139999999
7001,498,24901,0.0078800981864333,0.46204
7001,498,24940,0.0047850925475358,1.1748555503
7010,184,9239,0.0039969412609934,1.08874
7010,374,18713,0.0009893728420138,0.66917
7010,374,18727,0.0040934314019978,0.568017
7059,36,1848,0.0015197476604953,0.714169
7010,775,38795,0.0042855842038989,0.649828
7003,32,1644,0.0043589933775365,0.61353
7001,308,15403,0.009879557415843,1.7457468882
7001,308,15414,0.0012833036016672,1.02933
7001,308,15445,0.003228694666177,0.987964
7001,813,40678,0.0031307660974562,0.851807
7010,620,31009,0.0034984876401722,1.3526133904
7010,620,31037,0.0051811556331813,1.01616
7010,267,13374,0.0158260036259889,1.01127
7010,386,19348,0.0060573415830731,0.575741
7010,257,12867,0.0049273646436631,0.877913
7003,951,47591,0.0060925590805709,0.7213683181600001
7010,253,12699,0.0035559255629777,0.803236
7010,608,30425,0.0308995731174945,0.233866
7010,608,30431,0.0050221579149365,1.04225
7003,1724,86249,0.0058622830547392,0.986128
7010,1272,63644,0.0151093490421772,1.1844143475
7003,1651,82599,0.0034255546052008,0.707504
7003,1095,54774,0.0025358879938721,0.498743
7003,1006,50301,0.0025750873610377,0.988787
7010,31,1563,0.9954835176467896,1.003
7001,26,1338,0.0029270937666296,0.480673
7003,1220,61016,0.0032071296591311,0.88149
7012,110,5534,0.0043503758497536,0.012633370792
7003,288,14415,0.0808456093072891,0.983594
7010,1260,63008,0.0021254778839647,1.33725
7001,331,16574,0.1897181868553161,5.3275292228000005e-05
7001,331,16592,0.0018120469758287,1.02953
7001,331,16594,0.0275116562843322,1.06101
7008,1353,67670,0.0035985093563795,0.511522
7010,1221,61058,0.0031219548545777,1.02904
7010,1221,61081,0.0063726222142577,0.891366
7010,1221,61090,0.0077188145369291,1.00427
7010,1221,61094,0.00398571183905,1.81795
7010,616,30809,0.1772512346506118,1.03556
7003,697,34888,0.0847560465335846,1.02019
7010,258,12948,0.0064950138330459,0.00064672352136
7003,933,46691,0.0028299139812588,0.636784
7012,550,27510,0.0185834076255559,1.09507
7003,1303,65164,0.0034227459691464,0.989089
7010,1492,74614,0.0031487934757024,1.0443
7010,402,20108,0.0052654007449746,1.05531
7001,1108,55420,0.0070977956056594,0.528844
7003,245,12254,0.0034886987414211,0.479891
7003,245,12262,0.005371518433094,0.562474
7003,514,25709,0.005610185675323,0.8594247741000001
7003,514,25723,0.1534198075532913,1.12543
7010,326,16310,0.0051589771173894,0.666294
7010,326,16323,0.0086044361814856,0.000510840110079
7003,223,11187,0.0029716426506638,0.23680804778200001
7003,492,24613,0.0045607588253915,0.585235
7003,492,24625,0.0029521049000322,1.19435
7010,1664,83232,0.0034165047109127,0.877913
7010,1664,83244,0.9909707307815552,0.980134
7003,906,45325,0.0033894421067088,1.03451
7001,410,20509,0.1504579484462738,0.742153
7001,410,20536,0.0050730286166071,0.950859
7010,1542,77133,0.0034959819167852,1.00807
7010,1542,77140,0.0079276664182543,0.963017
7010,1542,77143,0.0039630774408578,0.401211
7003,217,10871,0.0026465996634215,0.028866558028000002
7003,1556,77827,0.0042914566583931,1.3824297476
7003,1556,77843,0.0014710369287058,1.08121
7010,1622,81139,0.0027886354364454,0.606346
7010,317,15879,0.0053556524217128,0.525632
7010,252,12648,0.0066939131356775,1.20842
7003,441,22093,0.0037517943419516,1.08356408102
7003,190,9502,0.0035967847798019,1.04687
7003,1251,62580,0.003350808750838,0.986243
7003,1251,62586,0.0027406529989093,1.2957954019999998
7010,1531,76579,0.0026493049226701,1.08776
7058,44,2239,0.0031918426975607,0.87263
7010,457,22892,0.0046423193998634,0.734966
7012,360,18007,0.004048500675708,1.1003056359999999
7003,356,17819,0.0035244850441813,1.945774203
7003,180,9009,0.0699502900242805,1.0348
7003,180,9013,0.0019525254610925,0.980334
7003,1335,66769,0.0048453179188072,1.04489
7003,1335,66787,0.0061359894461929,1.04031
7003,625,31282,0.004117620177567,0.914843
7003,625,31286,0.0017488743178546,0.912859
7010,987,49358,0.0050092334859073,0.851287
7010,987,49372,0.0421767048537731,1.08936
7008,1345,67283,0.003146504284814,0.968507
7003,1266,63306,0.4043788611888885,0.983918
7003,1266,63334,0.0007263853913173,1.01466
7010,329,16474,0.0051352828741073,0.928732
7010,329,16479,0.0772375464439392,1.10537170733
7010,329,16483,0.0038102618418633,1.1444856028
7010,730,36517,0.0078842369839549,0.7725910038
7010,1273,63680,0.0013791937381029,1.38216
7003,656,32801,0.0039612068794667,1.19999396
7003,656,32809,0.002614680211991,0.681327
7003,656,32812,0.2597986757755279,0.992317
7003,1018,50932,0.0022338840644806,1.1223
7003,569,28475,0.0024990376550704,1.3330693854000002
7003,569,28495,0.0038637176621705,0.660902
7003,785,39258,0.094287596642971,0.988158
7010,1580,79041,0.003363593481481,1.7520868729
7003,1155,57797,0.0023335679434239,0.965951
7003,525,26255,0.0039325319230556,0.642883
7003,525,26279,0.0030179510358721,0.995021
7008,1136,56841,0.0299773309379816,0.524221
7010,1189,59466,0.0038597609382122,0.611678
7003,755,37762,0.9758745431900024,1.01127
7003,575,28784,0.0173644162714481,0.978495
7010,429,21475,0.0045961299911141,0.918002
7001,134,6734,0.0035051305312663,1.00276
7003,1230,61511,0.0068681444972753,0.80034782464
7003,16,816,0.2853978872299194,0.991501
7003,1472,73629,0.0288238115608692,0.813285
7003,1256,62819,0.0151294860988855,0.80465
7010,1449,72467,0.0025382954627275,1.04719
7010,1449,72489,0.0040118074975907,1.11136
7010,648,32411,0.0077658435329794,1.05387
7010,705,35266,0.0068073961883783,2.8852081710600004
7010,607,30384,0.0140104154124856,0.898011
7003,191,9551,0.0096974391490221,0.497382
7003,191,9562,0.0012049307115375,1.02361
7010,351,17551,0.0119751263409852,0.815487
7010,351,17582,0.0034980622585862,0.53218
7010,959,47981,0.1495525985956192,1.0701939171200001
7010,959,47988,0.0036185858771204,0.798067
7010,806,40304,0.0041003869846463,1.00985
7079,10,537,0.0039680935442447,0.755309
7010,977,48894,0.0054281405173242,0.999872
7010,1570,78514,0.0025681185070425,0.89882
7010,1570,78516,0.6035996079444885,1.13784
7010,1570,78521,0.0043317242525517,1.2107115498
7001,591,29562,0.9660070538520812,1.04227
7003,321,16070,0.0018360565882176,0.782636
7003,1166,58311,0.0079236701130867,2.1680071016999998
7003,1166,58343,0.004935807082802,1.04512
7003,1166,58346,0.0040274080820381,0.745949
7003,581,29084,0.0085390210151672,0.967317
7012,251,12594,0.0021925996989011,0.91266
7014,889,44479,0.0054922434501349,0.62898338796
6999,43,2153,0.0024399536196142,1.04357
7014,1132,56610,0.0039425427094101,1.0786878759
7014,1132,56611,0.0279970206320285,1.02793
7014,744,37211,0.0072701666504144,0.9389303552
7014,352,17628,0.0014929375611245,1.39557
7012,1230,61520,0.0168268624693155,1.15210756528
7012,1230,61546,0.2354546040296554,0.982542
7012,787,39353,0.0050793425180017,0.643093
7012,787,39364,0.0023214954417198,1.18375
7012,787,39398,0.0037986796814948,0.513127
7012,746,37318,0.8801971673965454,0.647734
7013,18,912,0.003738839412108,0.91484764512
7013,18,927,0.0013934803428128,3.71783460048
7014,1159,57998,0.0015079956501722,0.547848
7012,1018,50940,0.0151099078357219,1.04202
7011,64,3201,0.0031242424156516,1.05617
7011,64,3211,0.0018432006472721,0.926825
7011,64,3233,0.007544002495706,1.01212
7012,820,41002,0.0051744892261922,1.14285
7012,523,26159,0.0033647459931671,1.09283
7095,66,3312,0.0032842874061316,1.52813
7012,1556,77805,0.0037784583400934,1.2354110928
7012,1556,77818,0.0051124240271747,1.01752
7012,1556,77843,0.0016601146198809,1.00561
7013,202,10126,0.9956552982330322,0.939461
7013,202,10142,0.0051593198440968,0.493825
7012,505,25300,0.007155149243772,1.12607
7012,8,438,0.0035161583218723,1.05077
7014,448,22402,0.0062335301190614,0.946661
7014,448,22436,0.0104695511981844,1.07566
7014,448,22448,0.0048884786665439,1.2707892359999997
7014,1624,81219,0.0223084054887294,0.96112
7012,344,17221,0.0029696018900722,0.480323
7012,344,17234,0.002792923245579,1.01157
7012,326,16307,0.1358371675014495,1.06494
7014,575,28798,0.062025636434555,0.950893
7012,405,20252,0.0037304193247109,1.06091
7012,405,20294,0.0027145182248204,0.92179
6999,18,907,0.0037059022579342,0.344755
6999,18,939,0.0074175661429762,0.556653
7014,679,33986,0.0017212696839123,0.09296154657899999
7014,679,33991,0.0044528758153319,0.99192
7003,1527,76368,0.0027377777732908,0.537304
7003,1527,76370,0.0052498742006719,1.05362
7003,1527,76392,0.0038932377938181,0.956976
7003,1145,57257,0.0046218340285122,0.801663
7003,1296,64828,0.0050271921791136,0.402904
7014,1487,74354,0.8703684210777283,1.07145917022
7014,1396,69804,0.004124027211219,0.972977
7012,201,10100,0.0044373660348355,1.2593319192
7013,179,8993,0.0038787189405411,0.606201
7013,11,566,0.521695613861084,1.05832
7014,1555,77762,0.0393927171826362,1.019
7014,458,22925,0.001279751653783,0.901977
7014,853,42664,0.4839267134666443,1.07494
7001,1069,53478,0.0391077511012554,0.6582105336799999
7003,1606,80309,0.0035034301690757,1.02943
7003,1606,80341,0.0018658849876374,0.997569
7012,1681,84090,0.0058742142282426,0.957482
7012,1681,84100,0.0064909444190561,0.829085
7014,1731,86563,0.0041549177840352,0.666935
7011,233,11667,0.0108292726799845,1.08759
7012,1552,77646,0.0046462761238217,0.874636
7012,544,27249,0.0033967399504035,1.203892326
7014,1560,78027,0.0058992649428546,0.458152
7012,504,25203,0.179479107260704,0.983189
7012,504,25239,0.0030508937779814,1.10050671584
7014,672,33620,0.0099905952811241,3.1741634146000006
7012,1247,62359,0.0023506639990955,1.06849
7012,1247,62387,0.0528855584561824,1.26161
7012,678,33902,0.0043919505551457,1.0757614698600002
7012,678,33925,0.0149616263806819,0.999747
7012,1313,65695,0.0099309356883168,0.665386
7014,185,9252,0.0011870007729157,1.02601
7014,185,9258,0.0080796126276254,1.30606
7084,50,2544,0.0058043482713401,1.05737
7012,81,4061,0.0036457008682191,0.823467
7012,365,18268,0.1172487288713455,1.0
7014,1225,61289,0.0028199965599924,0.564878
7014,224,11215,0.0091202761977911,0.991551
7014,224,11216,0.0055589405819773,1.02005
7014,224,11249,0.0048808525316417,0.877913
7014,1043,52190,0.0060573471710085,0.605233
7014,106,5302,0.0033543142490088,0.990028
7012,1691,84562,0.0061503718607127,1.37276
7014,1178,58913,0.002667831024155,1.1145704855999998
7014,1178,58943,0.0966018363833427,0.6619687073999999
7014,333,16690,0.0519171245396137,0.971563
7012,895,44774,0.0034063740167766,0.577633
7012,549,27496,0.0142598040401935,0.97475521979
7014,1025,51262,0.0044517912901937,0.957021
7014,1025,51280,0.0163228996098041,0.252076
7014,581,29059,0.102835476398468,0.67315
7014,1517,75886,0.0037980477791279,1.01184
7014,324,16236,0.0049206311814486,0.622121
7014,295,14753,0.012309044599533,0.7602763156300001
7014,295,14786,0.0033517533447593,1.13812
7014,295,14790,0.0375810675323009,2.4008
6999,29,1480,0.0056119011715054,1.06079612196
6999,29,1491,0.9904184937477112,1.03667
7012,733,36696,0.0056642279960215,1.02472
7001,389,19483,0.0040089050307869,1.04745
7013,22,1146,0.0376143902540206,0.25042309774000004
7012,774,38711,0.011504809372127,1.1026879105
7014,171,8551,0.0293595641851425,0.427657
7011,57,2864,0.0033067632466554,1.2902
7014,836,41801,0.0053124367259442,0.87731702676
7014,836,41836,0.0097837001085281,0.529692
7014,216,10831,0.0044574118219316,1.06472
7014,1042,52140,0.0016353951068595,0.538903
7014,1352,67617,0.0116312503814697,0.779801
7014,174,8714,0.0038443291559815,0.9437742977
7014,174,8715,0.0135124688968062,0.898421
7014,140,7020,0.0014279845636337,1.04908
7014,140,7033,0.0030385821592062,1.18324
7001,19,961,0.0102928280830383,0.58510519938
7014,259,12976,0.0031304401345551,0.525297
7003,1655,82758,0.0069699743762612,2.3633451745200002e-07
7014,96,4811,0.0051058731041848,0.55836
7012,821,41067,0.0060420497320592,0.48531957817
7012,1192,59646,0.0099776107817888,1.56224235
7014,29,1474,0.9321656227111816,1.27564
7014,29,1495,0.003747280454263,1.2429786762
7014,1685,84267,0.0019275142112746,1.04563
7003,1454,72704,0.0024481588043272,1.01524
7003,1454,72743,0.5705879926681519,0.932765
7012,66,3327,0.0050549041479825,0.92179
7012,1716,85805,0.9981269240379332,0.617029
7012,1189,59498,0.0044063865207135,0.907678
7012,1189,59500,0.012103384360671,1.15324
7014,197,9856,0.0035832177381962,1.14202223292
7012,1317,65869,0.0081696920096874,1.05188975376
7012,1317,65871,0.0087755033746361,1.03624
7001,1014,50740,0.011314382776618,1.00107
7011,190,9514,0.0113691939041018,1.20911
7011,190,9545,0.9202255010604858,1.2097
7012,1661,83066,0.0227874405682086,0.908267
7012,1661,83081,0.0035429678391665,1.01785
7012,1661,83092,0.0187211502343416,0.939742
7012,1475,73793,0.0095050642266869,0.826259
7012,546,27347,0.7133853435516357,0.308045
7012,725,36278,0.0034916421864181,0.98007
7014,79,3975,0.0056643621064722,0.979654
7012,1300,65047,0.0108148427680134,1.28169
7012,1285,64254,0.1265656799077987,1.16311
7012,1285,64288,0.0058385599404573,0.000192529067277
7012,1285,64299,0.0164921414107084,1.03204
7012,448,22415,0.0031075603328645,1.19737
7012,1607,80362,0.0054839258082211,0.92179
7012,706,35333,0.0031385098118335,1.33619
7012,706,35339,0.0016098766354843,0.758658
7013,94,4745,0.0027286496479064,1.09961
7012,1485,74258,0.9339064359664916,0.958183
7012,1485,74279,0.0250832717865705,0.7360952617200001
7012,1485,74298,0.0082573723047971,0.531785
7014,1591,79566,0.0047503416426479,0.607061
7014,1591,79582,0.0053702760487794,1.00694
7014,590,29515,0.0193946715444326,0.925663
7014,590,29533,0.0103721795603632,1.02251
7014,590,29547,0.0040929722599685,0.8053520415
7012,784,39222,0.0044838022440671,1.02744
7012,953,47675,0.0039249090477824,1.40503
7011,109,5458,0.4558356702327728,0.9521096072
7012,1005,50276,0.801150381565094,1.16453
7012,1005,50287,0.0031123429071158,0.960389
7014,463,23176,0.0865144357085228,0.982939
7011,201,10062,0.0091311754658818,1.02695
7012,1497,74891,0.0202745012938976,0.973466
7012,960,48034,0.0038689391221851,0.446004
7001,539,26991,0.0035850587300956,0.967155
7012,1014,50740,0.0044136047363281,0.59242845816
7012,1017,50860,0.003194480901584,1.09393
7012,1590,79549,0.7743098139762878,1.22702
7003,1137,56888,0.004242789465934,1.0691738304
7014,633,31676,0.0042211380787193,1.04949
7001,875,43755,0.0013250861084088,1.00058
7014,21,1066,0.0363308079540729,1.02371
7014,21,1071,0.009484589099884,1.289613992
7014,21,1077,0.0050662797875702,0.865872
7012,1021,51098,0.0028331789653748,0.866583
7011,91,4599,0.0093561597168445,0.843988
7014,1567,78351,0.0065506803803145,1.00421
7014,482,24134,0.0061533222906291,2.5430491042499996
7012,271,13597,0.0027096006087958,1.0294
7012,580,29021,0.0327466279268264,0.856403
7012,580,29040,0.0041262153536081,1.189538979
7001,468,23412,0.3849198818206787,0.491703
7014,1080,54037,0.0022487831301987,1.2008568528
7014,1080,54041,0.0113982800394296,1.02533
7014,69,3479,0.0057330261915922,1.15938
7014,69,3481,0.99864262342453,0.641085
7014,69,3484,0.0040612653829157,0.436359
7012,1013,50694,0.003063955809921,1.00991
7012,1565,78267,0.0034283169079571,1.06942
7011,205,10277,0.1813585460186004,1.07396140609
7014,424,21237,0.0029185833409428,1.00048
7014,424,21249,0.0029052521567791,0.61646039216
7014,726,36346,0.0547118559479713,0.14226387707
7014,1619,80967,0.00337067223154,0.86324507304
7014,1619,80996,0.0049546789377927,1.1040141528
7013,211,10554,0.223801776766777,1.2723876414
7013,211,10558,0.0037922896444797,4.6071633082200005
7013,211,10596,0.0322200506925582,1.043927175
7014,1333,66684,0.0029756040312349,1.01879
7001,557,27856,0.0020308974198997,0.567371
7003,1193,59693,0.0031103047076612,1.02213
7011,47,2370,0.0051118833944201,1.02082
7013,9,456,0.0028219551313668,1.2629290464
7003,1685,84256,0.1262115240097046,0.861141
7014,1667,83377,0.0020330196712166,0.809894
7014,1667,83380,0.036821961402893,0.803286
7095,70,3515,0.0047020995989441,0.827262
7014,1207,60385,0.1344202160835266,0.66669467076
7001,72,3605,0.0251477789133787,1.04739
7001,72,3646,0.1828143149614334,0.605083
7014,409,20480,0.0030664924997836,1.02861
7014,409,20481,0.1770561039447784,0.347025
7014,808,40448,0.0038266135379672,1.07837
7012,806,40309,0.0045489673502743,1.09304
7086,2,109,0.0050566410645842,1.1351331494
7086,7,357,0.676975667476654,0.956832
7014,136,6815,0.0049700043164193,0.730263
7012,1159,57977,0.0035063412506133,0.398495
7003,1615,80788,0.0038897641934454,0.59015
7013,1,78,0.0119643276557326,1.04697
7001,248,12406,0.0034852025564759,0.997797
7012,1006,50315,0.0066644754260778,0.868385
7012,621,31075,0.0095227193087339,0.517555
7013,200,10010,0.0161980390548706,3.563127225e-07
7014,1136,56842,0.0099656861275434,0.98245
7014,1136,56846,0.0081415874883532,1.04816
7014,375,18779,0.0051409620791673,0.928916
7014,1284,64246,0.0099421069025993,0.67564
7012,894,44747,0.0145178642123937,0.677921
7012,416,20848,0.2837291955947876,0.617027
7001,369,18494,0.0016650304896757,0.982035
7014,880,44050,0.0033082230947911,1.2150102627000001
7014,819,40951,0.0046410993672907,0.638195
7014,819,40978,0.0031662799883633,1.2762585285
7011,124,6246,0.0014329855330288,1.280190935
7003,1389,69457,0.0013407609658315,0.908625
7014,943,47183,0.0346208922564983,0.547704
7014,943,47189,0.0047776820138096,1.00407
7001,81,4086,0.0023341295309364,0.979806
7003,1133,56658,0.0024552985560148,1.11716
7003,1133,56674,0.0248148571699857,1.1972400215999999
7003,1133,56677,0.0084791667759418,0.927356
7001,625,31292,0.0247576795518398,6.929111519999999e-08
7012,1245,62258,0.0060048336163163,1.0
7012,1245,62287,0.0044521293602883,1.04943
7012,179,8958,0.0042953747324645,1.03373
7014,637,31871,0.0036586590576916,0.220876
7003,960,48035,0.001707081333734,0.962748
7003,960,48046,0.0227292887866497,1.03934
7014,706,35306,0.002661996288225,0.944882
7014,706,35322,0.004259567707777,0.62839
7014,866,43316,0.0015564262866973,0.976308
7014,866,43322,0.125571459531784,1.07498
7012,36,1814,0.0021432705689221,0.448446
7012,1057,52869,0.0069441832602024,0.58639
7011,189,9488,0.0027490428183227,1.00138666099
7003,840,42018,0.0286698434501886,1.02178
7014,1232,61649,0.0048872488550841,0.935333
7012,1660,83023,0.0044461991637945,1.09488334434
7012,1660,83029,0.0050152116455137,0.66312857576
7014,1345,67261,0.0033384298440068,1.02651
7014,1345,67286,0.989050030708313,1.05724890795
7013,122,6113,0.0029493744950741,1.40128
7013,122,6137,0.0024301025550812,0.882898
7013,122,6139,0.0035464742686599,1.4165
7014,1508,75437,0.0068749487400054,1.00725
7014,22,1107,0.0041680135764181,1.04878
7012,419,20951,0.0104694319888949,0.957052
7012,854,42708,0.0054205828346312,1.04019
7012,854,42741,0.0068025910295546,0.383563
7003,1097,54861,0.0027399631217122,2.56902
7001,283,14155,0.0065359328873455,1.07804
7012,62,3126,0.0024470388889312,0.47094504798000003
7012,1537,76882,0.0022086640819907,0.83929
7003,807,40359,0.005382910836488,0.972687
7003,807,40369,0.0109187997877597,0.986011
7003,807,40398,0.0033882549032568,0.534167
7012,42,2138,0.003870497457683,1.0321
7012,293,14665,0.0052544032223522,0.886927
7012,293,14685,0.0045384252443909,0.928407
7001,946,47324,0.0232771802693605,1.02876
7001,946,47334,0.0080003784969449,0.526579
7012,232,11604,0.0039658132009208,0.53010646836
7012,232,11633,0.0028963647782802,1.23125
7001,819,40951,0.0063759260810911,0.590711
7001,819,40982,0.2686900794506073,1.05643
7001,819,40990,0.2032935619354248,0.917739
7014,24,1231,0.0029021971859037,0.9049231343999999
7012,789,39487,0.0028737080283463,1.02588
7012,789,39498,0.0028044211212545,1.13708
7001,1071,53598,0.0152266845107078,1.2275960628000002
7012,1656,82820,0.0052107963711023,0.943425
7012,1252,62624,0.0032531176693737,0.270873
7012,1252,62631,0.0044387876987457,0.930187
7012,1252,62649,0.0054200454615056,0.501121
7014,724,36222,0.0022457530722022,1.01891
7013,76,3808,0.0123876044526696,0.8659069537200001
7001,1055,52756,0.0012140243779867,1.08984
7001,1055,52764,0.0051993769593536,0.761589
7001,1055,52797,0.003314183326438,0.991252
7014,1760,88011,0.0044602397829294,1.1004
7014,707,35375,0.0013442983618006,1.04638
7014,707,35400,0.0106673818081617,0.956008
7013,150,7503,0.0022742070723325,1.25123
7013,150,7515,0.0068227462470531,0.972804
7012,867,43381,0.041214071214199,1.02589
7012,1700,85018,0.002272933954373,1.03846
7013,156,7809,0.0021742864046245,1.05172
7013,156,7846,0.0079752523452043,1.04046
7013,213,10678,0.0742443799972534,0.492303
7013,213,10689,0.004202495329082,1.02899
7014,1578,78933,0.0060892621986567,1.00785
7012,541,27092,0.0044775167480111,1.25469043824
7014,379,18957,0.0021875000093132,1.02257
7014,379,18983,0.0067176730372011,1.4142093961999999e-06
7014,379,18989,0.1262707859277725,0.511716
7012,209,10491,0.0059812036342918,0.943141
7012,209,10499,0.0034612731542438,0.857925
7012,1643,82161,0.0022600525990128,0.938948
7012,72,3602,0.0024632366839796,0.833564
7012,72,3614,0.0030339213553816,0.649495
7012,72,3641,0.0217758379876613,0.613332
7001,1112,55618,0.0224597174674272,0.407875
7012,466,23323,0.003574751317501,0.857232
7014,1057,52864,0.0147770475596189,1.01457
7012,1123,56168,0.0020732898265123,0.92179
7012,1123,56173,0.0083447312936186,1.00557
7012,96,4828,0.0019021634943783,1.0659690349
7014,1286,64324,0.0104515003040432,0.564284
7014,1286,64345,0.0041951746679842,1.05463
7001,1082,54118,0.0031871341634541,0.83944
7014,969,48462,0.0113547695800662,1.3653491012
7014,969,48463,0.0040109329856932,0.0398680311288
7014,609,30459,0.0068115140311419,1.40458
7014,609,30469,0.0052335592918097,1.02909
7001,547,27382,0.0054542208090424,1.07907
7001,234,11749,0.0155113860964775,0.990765
7014,1044,52217,0.0026260516606271,1.18009
7012,1592,79614,0.021621998399496,0.742939
7012,1382,69110,0.0056452457793056,1.4165172979999998
7012,197,9873,0.0023052096366882,1.38265
7012,197,9881,0.2345864474773407,1.2064240215
7003,1675,83758,0.00395586527884,0.698329
7003,1675,83773,0.0030914035160094,1.1890882673
7012,522,26121,0.0045189089141786,1.4554212182000001
7012,522,26146,0.0162459891289472,1.00767
7014,1031,51558,0.0031399214640259,1.05446
7013,214,10712,0.0062374072149395,0.92179
7012,575,28773,0.0267367102205753,1.277
7014,304,15248,0.0038394895382225,1.02373
7012,1685,84296,0.0034797564148902,1.02960226661
7012,494,24744,0.0068970676511526,1.05855
7014,395,19799,0.0037387593183666,0.996306
7001,11,587,0.0041068876162171,1.2762369204000001
7014,1590,79531,0.0070442799478769,1.14644936952
7012,77,3898,0.0039322664961218,0.9533
7014,1407,70353,0.0247468780726194,0.904879
7014,1407,70393,0.0040953755378723,0.988079
7012,181,9071,0.0518776513636112,0.768628
7003,1493,74652,0.0038790816906839,1.1545490580000002
7001,792,39650,0.0035811329726129,1.02043466763
7012,749,37488,0.0044661830179393,0.75022
7012,1096,54816,0.0051489453762769,0.567742
7012,1096,54839,0.9289273619651794,0.847603
7012,296,14810,0.0044675739482045,0.6889762101
7012,296,14826,0.0049126897938549,1.03041
7012,1368,68445,0.0044146566651761,0.6643618618199999
7012,1188,59425,0.0070568593218922,0.649122
7012,611,30559,0.0015455891843885,0.000391958836176
7014,385,19254,0.0030747968703508,0.968434
7012,559,27990,0.0109216170385479,0.99829566837
7012,172,8611,0.0008273038547486,1.06638
7014,34,1748,0.009175662882626,0.67915781046
7014,1541,77065,0.0041561610996723,0.885127
7014,470,23527,0.0055711925961077,0.576328
7012,930,46548,0.0039959582500159,0.934382
7011,24,1244,0.5303708910942078,1.08918235698
7011,24,1249,0.0045764939859509,1.11021
7011,84,4217,0.0049928738735616,1.0309
7011,84,4243,0.0075994404032826,1.01189
7014,662,33121,0.163580521941185,0.6111714767699999
7014,1162,58125,0.002219338202849,0.641718
7012,275,13762,0.1022161543369293,0.958587
7014,1100,55032,0.003541293554008,0.824385
7014,1008,50447,0.0164818130433559,0.969824
7012,1563,78154,0.0047982241958379,1.356754501
7012,1423,71161,0.003849129891023,0.565244
7014,279,13974,0.0037408827338367,0.95004
7014,279,13985,0.0065421373583376,1.1351
7014,1689,84467,0.9925951361656188,0.90635
7003,1544,77217,0.0025793823879212,0.919064
7003,1544,77245,0.5215976238250732,1.12627
7014,405,20298,0.0023409351706504,0.994085
7013,13,690,0.0041306084021925,0.937794
7012,1265,63276,0.0042613842524588,1.04906175629
7001,617,30878,0.0031418246217072,1.28227
7001,617,30898,0.0081092528998851,0.589218
7085,75,3779,0.0066918618977069,0.8612235351199999
7014,331,16579,0.0050661447457969,0.62561
7012,61,3062,0.0837691500782966,1.02756
7014,114,5733,0.0076038222759962,1.07592
7001,575,28752,0.0027795182541012,2.5011547132
7001,1067,53374,0.0023167566396296,0.916004051024
7011,54,2713,0.0025730419438332,1.03462
7011,54,2715,0.6193193793296814,1.02357
7012,1571,78570,0.0048688128590583,0.877156
7012,1571,78591,0.0024263726081699,0.945694
7014,814,40749,0.0067550218664109,0.3225460945
7012,786,39336,0.4596372246742248,0.910152
7014,1494,74721,0.0028791718650609,0.898924
7012,1663,83179,0.0091481292620301,0.6078285829900001
7014,246,12321,0.002588108414784,0.453394
7012,15,764,0.181631714105606,0.550523
7012,15,778,0.0044886129908263,1.02619
7012,322,16128,0.0553612858057022,0.475026
7014,545,27261,0.0049392599612474,1.1293
7014,211,10564,0.0083660297095775,0.85215
7014,915,45766,0.0053709861822426,1.2977563865
7012,1707,85364,0.0146083021536469,0.61439905305
7012,1707,85390,0.009725434705615,1.10461
7014,1453,72656,0.2547828257083893,0.999169
7014,1308,65442,0.0046530533581972,0.967432
7014,909,45494,0.0039584250189363,0.8947638083100001
7014,1466,73324,0.8661710023880005,0.708258
7014,1466,73334,0.0042639463208615,0.991244
7014,1466,73340,0.0016807672800496,0.9192870601199999
7001,316,15844,0.0112483361735939,0.662554
7012,315,15793,0.0033685045782476,1.3464370026
7012,824,41216,0.0042382776737213,1.1167341454600002
7001,463,23199,0.0028145913966,1.01985
7012,950,47504,0.0055779092945158,0.931221
7012,950,47517,0.0106175309047102,0.991062
7001,337,16869,0.0026762417983263,1.14197
7001,337,16895,0.0114509165287017,1.07854
7003,1299,64992,0.0051287752576172,1.06239
7012,171,8568,0.004278537351638,0.521467
7012,171,8578,0.0033240166958421,1.1786645024
7014,362,18127,0.0095206424593925,1.05653
7014,362,18135,0.0048573827371001,1.05104
7012,676,33841,0.8679153323173523,0.978261
7014,1395,69778,0.0050206524319946,0.78633841138
7014,990,49511,0.0045077227987349,0.668811
7014,990,49527,0.0049252486787736,1.04542
7012,1065,53254,0.0076807835139334,1.1959374424000002
7013,49,2468,0.0301332361996173,1.10246
7013,49,2485,0.144600361585617,0.578607
7014,1087,54354,0.0025581584777683,1.04786
7014,1087,54361,0.0561168454587459,0.94134
7014,1087,54392,0.0070164152421057,2.8847813816900003
7012,1101,55085,0.0220319405198097,0.47248425699999996
7012,1101,55092,0.0212472397834062,1.01016
7012,986,49314,0.0559158399701118,1.2266852249000002
7012,598,29944,0.0055787111632525,0.729742
7011,207,10355,0.0407763086259365,1.6437539916
7011,207,10368,0.0050065065734088,0.953697
7011,63,3193,0.0018414800288155,0.890501
7014,1272,63646,0.0039660851471126,1.08119931927
7014,129,6455,0.0014816668117418,1.19529
7014,1327,66357,0.0111937746405601,0.642565
7014,918,45909,0.0079102739691734,1.20153
7095,78,3944,0.0022996780462563,1.0234
7014,345,17270,0.0041252532973885,1.08591
7001,225,11267,0.0040224096737802,1.3777
7014,322,16144,0.5821273922920227,1.14878
7014,322,16150,0.0239139217883348,0.803428
7011,27,1374,0.1476764678955078,0.902469
7011,27,1376,0.0075297891162335,1.00973
7011,27,1387,0.1849174350500106,0.523033
7014,1587,79362,0.0879208371043205,1.06525
7012,1559,77971,0.0043792068026959,1.09363
7012,1060,53015,0.0025587524287402,0.883907
7012,1060,53038,0.0059611308388412,0.5977353300000001
7014,736,36829,0.004732156638056,0.99533
7014,736,36841,0.0033416855148971,0.444735
7014,736,36848,0.0011443583061918,0.56669224458
7012,1356,67806,0.0315599627792835,1.0
7001,84,4205,0.0040558245964348,1.10039
7001,84,4222,0.0059166611172258,0.766014
7014,1020,51016,0.0036464147269725,1.0428
7014,1020,51037,0.0031966981478035,1.0
7014,1020,51044,0.0048095635138452,0.86781332223
7011,97,4867,0.0030719083733856,0.6664107007600001
7014,1606,80342,0.0041660899296402,1.07924
7012,663,33175,0.004458590876311,0.48364535226
7014,1122,56109,0.0035668229684233,0.64956
7013,145,7278,0.8714643120765686,0.681611
7012,1616,80848,0.0033085586037486,0.992963
7012,1164,58229,0.0126220667734742,0.544848
7012,1164,58240,0.0025809202343225,0.921321
7011,23,1154,0.0046792989596724,0.6038582595499999
7011,23,1170,0.0517673715949058,1.00361
7014,876,43821,0.0062610050663352,1.2399656421
7014,876,43839,0.0027411701157689,3.2419789684
7014,644,32245,0.0045245853252708,0.545503
7014,1457,72872,0.0051328809931874,0.986641
7014,1457,72897,0.0051528085023164,0.977746
7014,1643,82179,0.4149816632270813,1.1186756742000001
7014,1643,82199,0.0199802778661251,1.12262
7012,167,8375,0.003210672410205,1.0
7014,122,6150,0.1168951317667961,1.07228
7014,452,22610,0.0030510546639561,0.866517
7014,452,22624,0.0054782014340162,1.0
7003,1529,76461,0.0132887419313192,1.6747516704
7003,1529,76480,0.0201953053474426,0.832091
7003,1529,76489,0.0034929295070469,0.980792
7014,1359,67992,0.0058604022487998,1.2492701736
7001,339,16976,0.0023059151135385,0.639174
7001,339,16986,0.0029900572262704,0.778694
7014,104,5232,0.0035081559326499,1.036264482
7012,1073,53680,0.0067657502368092,0.884234
7011,183,9188,0.0147576564922928,1.192505389
7011,183,9198,0.0071653462946414,1.02613
7012,1479,73954,0.0041006440296769,0.584462
7014,407,20357,0.0048787174746394,1.5653338512
7014,407,20359,0.0033923035953193,0.408662
7014,407,20379,0.0082887280732393,0.8185365235300001
7014,407,20400,0.0082397675141692,1.05209
7012,1284,64221,0.5360897183418274,1.02895
7012,1284,64231,0.00248609110713,1.35381
7012,1158,57944,0.0052082664333283,1.9017348800999996e-12
7001,905,45285,0.0032594723161309,0.6895083938300001
7001,905,45293,0.0010643008863553,1.08745
7014,323,16154,0.004076677840203,1.07354
7012,1339,66978,0.002894967328757,1.56892
7012,1339,66980,0.9122058749198914,1.2555251677499999e-15
7014,110,5510,0.003653920488432,0.677773
7012,804,40222,0.0041166977025568,1.254739915
7012,285,14262,0.8131074905395508,1.49724
7014,699,34987,0.0039179632440209,0.961422
7014,1574,78717,0.0052271378226578,0.74100248361
7014,1428,71441,0.0050842082127928,0.475757
7012,76,3812,0.0062899081967771,0.545299
7001,484,24201,0.0026571482885628,1.06686
7001,484,24225,0.0016028785612434,0.93766
7014,926,46305,0.003986308351159,0.855478
7014,926,46333,0.0039480160921812,0.867104
7012,169,8466,0.738540530204773,1.03664636212
7012,169,8498,0.0900208428502082,0.93637
7014,247,12358,0.0328279472887516,0.0062201290844000005
7014,582,29106,0.0124047910794615,1.04545
7011,231,11573,0.394301176071167,4.1047414615999997e-07
7012,833,41665,0.0045510819181799,0.641272
7012,436,21822,0.002254927298054,0.5762478246
7012,436,21832,0.0118834571912884,0.892736
7012,1000,50023,0.0085842357948422,1.0820847159
7012,1756,87804,0.004839233122766,0.9531038414799999
7012,1756,87822,0.0037260465323925,1.3085333968
7014,1634,81708,0.0011105107842013,0.6377220768
7014,1634,81727,0.3879169523715973,0.954535
7014,1720,86028,0.001436953083612,0.149955381583
7014,1392,69603,0.0029653497040271,0.877913
7012,46,2324,0.0120268259197473,0.944112
7012,1253,62683,0.0119271706789731,0.6958401714000001
7014,683,34171,0.0023814430460333,0.881801
7014,683,34183,0.0028143317904323,1.01044
7014,557,27869,0.0028342835139483,0.761225
7014,1256,62818,0.0046477387659251,0.555832
7013,116,5816,0.0036588155198842,0.544845
7013,116,5823,0.0182567089796066,1.01144
7001,182,9128,0.0078268013894557,1.014552049
7014,1034,51732,0.5815432071685791,0.459413
7014,1156,57821,0.0106210634112358,0.588086
7014,42,2125,0.0033293541055172,1.04087
7014,697,34867,0.0548082515597343,0.930693
7014,37,1860,0.2973502278327942,1.05737
7014,1115,55771,0.0358671806752681,1.61445
7014,1115,55785,0.0101084169000387,0.46239284192
7014,1115,55789,0.0014569471823051,1.00446
7014,1115,55794,0.0031310322228819,0.0010605474912000002
7012,1421,71075,0.0068081179633736,0.390033
7012,1421,71083,0.0047010132111608,0.607648
7014,84,4232,0.0054841572418808,0.5958017757999999
7014,292,14632,0.0029089236631989,0.868509
7014,292,14648,0.0525109022855758,0.759956
7014,149,7462,0.0010965864639729,0.857725
7014,149,7500,0.0035000226926058,0.973415
6999,38,1926,0.0056380736641585,0.730112
6999,38,1933,0.0023399922065436,1.01375
7001,826,41339,0.0436494275927543,1.2153
7011,112,5608,0.0013254838995635,0.525483
7011,112,5648,0.0040305247530341,1.02472
7014,1216,60824,0.0076886448077857,0.522942
7014,1267,63365,0.0028918790630996,0.711556
7014,1267,63369,0.0283243022859096,1.2205428997999999
7013,168,8445,0.6046767830848694,1.07612
7013,168,8449,0.0021676970645785,1.03891
7012,934,46715,0.0049448553472757,0.533669
7001,263,13173,0.004506004974246,1.1238
7001,263,13174,0.746414840221405,0.783937
7012,958,47934,0.004819568246603,0.54108128997
7001,135,6761,0.0026994890067726,1.0
7012,1585,79295,0.0041977004148066,0.61669
7012,1585,79297,0.0051924805156886,1.03095
7014,181,9100,0.0027576144784688,1.00046
7014,85,4282,0.0046955947764217,1.02156
7012,899,44991,0.0049748830497264,0.519484
7003,1361,68052,0.0045431475155055,0.593031
7014,641,32060,0.0020137401297688,1.04232
7014,641,32092,0.0038396243471652,0.63962
7014,1003,50157,0.0034921313636004,1.01577
7014,1003,50193,0.0066333431750535,0.670957433559
7014,764,38249,0.006332017481327,0.967052
7014,865,43273,0.0023829319979995,0.737252
7014,1597,79878,0.005242652259767,1.2513717776800002
7014,731,36570,0.0075600915588438,0.939465
7014,119,5953,0.6137740015983582,6.936675629999999
7014,119,5971,0.0060580619610846,0.644705
7014,119,5974,0.0032244285102933,1.04042
7013,4,207,0.0092298900708556,0.514276
7012,13,698,0.1701966971158981,1.2834291479999997
7012,1576,78808,0.0424678362905979,1.164197391
7014,885,44274,0.0090621085837483,1.0463
7012,1048,52418,0.0071164374239742,0.975286
7003,1248,62422,0.0051354994066059,1.0469271907600002
7012,58,2904,0.0019614223856478,0.44184
7012,58,2942,0.005550364498049,1.04937
7012,1551,77590,0.0040486389771103,1.6552487976
7014,167,8374,0.0039782356470823,0.793014
7003,1744,87236,0.0054930662736296,1.3216394525
7003,1744,87250,0.0032197025138884,0.7531876668799999
7001,483,24160,0.0026696003042161,1.04305
7014,727,36355,0.002746716607362,1.05593
7012,1548,77412,0.0154460025951266,0.7044662203800001
7012,727,36391,0.0025407716166228,1.68229
7012,1481,74065,0.0032132510095834,0.992282
7012,1019,50958,0.0087450789287686,1.02427
7012,1019,50994,0.0044596451334655,0.85011
7012,1719,85958,0.0064168479293584,0.233775
7003,1366,68341,0.0016861709300428,0.914955
7014,534,26713,0.0109347235411405,1.05747
7003,1169,58484,0.0057568345218896,0.7996856552700001
7003,1169,58493,0.4740500748157501,1.1565121438
7012,1357,67859,0.2058764696121215,0.538158
7014,233,11692,0.0044186697341501,0.61750487862
7014,415,20765,0.1639560759067535,0.780366
7012,918,45931,0.0109586883336305,0.658633
7001,390,19542,0.005588655360043,0.937996
7001,9,459,0.0044827824458479,0.98428
7001,9,493,0.027748268097639,0.71755220544
7012,69,3472,0.0005861558602191,1.01023
7012,1478,73909,0.0197295919060707,1.12209
7013,16,809,0.008536122739315,1.07147
7013,16,811,0.3025870025157928,0.615311
7013,16,820,0.012417591176927,1.09933
7014,1617,80852,0.0262578353285789,1.0434
7014,1617,80862,0.1213808730244636,1.0
7012,726,36305,0.0071846633218228,0.829632
7012,726,36315,0.0036388607695698,0.0039915192458
7012,1464,73241,0.0039845216087996,0.904422
7014,47,2352,0.0053099910728633,1.04296
7014,47,2385,0.01244499348104,0.714766
7014,52,2623,0.4607108831405639,0.9906882294400001
7014,1482,74131,0.019179493188858,1.04779
7001,151,7555,0.0947375372052192,0.7839
7014,533,26655,0.0023705335333943,0.5807060252999999
7014,563,28167,0.003138757077977,1.2873278901
7013,223,11174,0.6118903756141663,0.535337
7014,1436,71846,0.0053290901705622,1.062
7012,65,3264,0.00291861128062,0.654666
7012,736,36847,0.078333780169487,0.954464
7012,1249,62491,0.0046491818502545,1.0044
7012,587,29370,0.0275344029068946,0.29427003935999996
7014,479,23992,0.2145821005105972,1.02595
7012,1392,69618,0.0023337064776569,1.19949
7011,291,14592,0.0688755810260772,1.0141115411
7014,92,4633,0.0065570576116442,1.0
7014,92,4648,0.0205902829766273,0.951016
7084,78,3922,0.0110214054584503,0.92049
7084,79,3977,0.1844609528779983,1.01214
7084,80,4010,0.0021434258669614,1.2576178570999998
7012,334,16736,0.0491766631603241,0.674512
7012,334,16741,0.4387084245681762,1.190697583
7014,936,46838,0.0160730890929698,1.09735
7014,936,46842,0.0052736038342118,0.838013
7012,421,21051,0.0040149581618607,1.7222
7011,37,1891,0.0072308885864913,1.12283084835
7012,1489,74487,0.0209402199834585,0.983822
7085,41,2060,0.0053274752572178,0.893154
7013,6,343,0.0010812310501933,1.14936
7014,12,630,0.0378781743347644,1.21395
7012,151,7573,0.0011222652392461,0.860865
7012,151,7585,0.0043883202597498,1.01659
7012,151,7596,0.0034288330934941,1.04856
7012,1649,82488,0.0049372781068086,1.01679
7001,806,40313,0.0043244929984211,0.9900422091000001
7001,806,40321,0.0044852788560092,1.3015947395
7001,470,23510,0.0024500379804521,0.474533
7001,470,23540,0.8711919784545898,0.888981
7014,446,22307,0.0069525665603578,1.26075
7014,446,22315,0.0046135713346302,1.4308933674000002
7012,1533,76664,0.3144764006137848,1.2363050675199998
7012,1533,76683,0.1086765378713607,1.03543
7012,1502,75144,0.0070203570649027,0.826223
7014,1618,80948,0.0036408856976777,0.813653
7014,1631,81554,0.0059740236029028,1.0548805674
7014,1631,81599,0.0055934060364961,1.01221
7014,93,4655,0.9910065531730652,0.95754
7014,93,4673,0.0060257916338741,1.0596945486
7011,119,5958,0.0052609825506806,0.428446
7012,1604,80240,0.0557107292115688,1.02675
7012,117,5882,0.0052284123376011,0.6743357933000002
7014,872,43628,0.0107043869793415,0.527424
7014,325,16270,0.0243665371090173,1.14304590593
7014,325,16279,0.0032165134325623,1.1090832144
7014,26,1329,0.9940111041069032,1.03022
7014,26,1335,0.0885644555091857,0.563952
7014,26,1342,0.0068555590696632,0.53531003018
7012,1179,58975,0.0042607728391885,1.04827
7014,708,35429,0.0070076435804367,0.909446
7001,1020,51028,0.0057055065408349,1.03825
7014,337,16872,0.0064185196533799,0.960323
7013,124,6230,0.0023254235275089,1.2014923959000001
7014,1575,78752,0.0115125449374318,1.02002
7014,1575,78756,0.0057775671593844,1.01953
7014,1575,78785,0.00240148184821,0.56426
7014,361,18083,0.0088122701272368,1.01153
7014,1724,86228,0.0050982502289116,0.6295499280000001
7014,890,44516,0.0056804101914167,1.07965559232
7014,890,44532,0.0037010146770626,1.9922506838999998
7014,105,5281,0.0535317361354827,1.05565
7014,105,5299,0.0068651880137622,0.89258
7003,949,47451,0.0049548391252756,0.65819317893
7003,949,47458,0.0046839136630296,1.0538
7003,949,47460,0.0026244176551699,0.92179
7003,949,47487,0.9528053402900696,1.51731
7014,1117,55884,0.9862560629844666,0.634036
7012,1697,84860,0.0039794379845261,0.968368
7012,1697,84882,0.0035780030302703,0.733437
7012,1697,84897,0.0060125086456537,1.59444
7012,883,44191,0.0015489313518628,1.0168
7012,114,5721,0.0037747155874967,0.863392
7012,114,5722,0.0021441406570374,1.71368
7012,114,5750,0.0042621912434697,1.0
7014,548,27403,0.0156983137130737,0.9956
7014,548,27422,0.0065302965231239,1.61548
7001,1142,57107,0.0043050153180956,0.876865
7012,683,34171,0.0187875386327505,1.0
7014,1102,55135,0.0027757631614804,1.02749
7012,1568,78421,0.0049171256832778,1.00337
7012,1568,78429,0.0041417335160076,0.971311
7014,689,34484,0.0089460304006934,0.747826
7012,968,48422,0.001702599460259,0.000161954097465
7012,968,48432,0.0502609014511108,0.990566
7012,974,48740,0.0016226641600951,0.976411
7012,974,48746,0.007294500246644,0.962574
7012,1550,77506,0.0058358814567327,0.35108
7013,153,7673,0.157008945941925,1.00637
7001,154,7724,0.0041503803804516,1.2284324405
7014,962,48109,0.0013274369994178,0.568523
7012,1388,69440,0.0044278022833168,0.447002
7012,1388,69445,0.0060346717946231,0.746341
7013,178,8921,0.0010359588777646,1.06133
7013,178,8941,0.0060795042663812,1.04448
7014,342,17143,0.1103405803442001,1.04831
7012,1157,57854,0.0101442215964198,1.0101
7014,653,32670,0.004726895596832,1.0
7014,653,32682,0.0060002538375556,0.0412748258538
7012,132,6625,0.0048757805489003,0.574509
7012,336,16808,0.3604708015918731,1.10503
7012,336,16844,0.0033074268139898,1.06125
7012,407,20362,0.0176687948405742,0.512295
7012,407,20399,0.5134824514389038,0.916063
7012,302,15131,0.0024341933894902,1.02156
7012,302,15138,0.0087041072547435,0.62603661
7012,302,15143,0.0048566567711532,1.1416201408
7013,63,3157,0.0055037168785929,0.976473
7013,63,3164,0.0656805261969566,1.4742811488
7013,63,3173,0.0059920051135122,0.519023
7003,1377,68899,0.0920493155717849,1.07182
7014,305,15283,0.0799888223409652,0.6316058720700001
7012,929,46486,0.0037287592422217,1.2738766915e-05
7014,1103,55155,0.0031878296285867,1.19046
7003,1261,63058,0.0043842596933245,0.953204
7012,1583,79173,0.0041241780854761,1.0
7012,1505,75271,0.0804633647203445,1.09272
7012,337,16860,0.0529641881585121,0.902239
7014,386,19316,0.0009744624840095,0.926593
7014,386,19329,0.0025064051151275,1.0
7001,384,19202,0.0190801322460174,1.114196643
7001,384,19240,0.0030034475494176,0.910017
7014,835,41787,0.0044094058685004,0.613765
7014,835,41791,0.0035348383244127,1.02982
7014,1291,64590,0.0041639916598796,0.991834
7011,263,13184,0.008385257795453,0.999021
7014,1062,53130,0.4284121394157409,1.1768338712000002
7014,1062,53150,0.0033666733652353,1.10326
7014,269,13494,0.0025092654395848,0.851295
7012,1052,52611,0.00682487571612,1.01081
7012,447,22358,0.0013946684775874,0.994809
7012,447,22366,0.0079923868179321,0.96945
7014,315,15766,0.0025291505735367,1.2180946245
7014,315,15786,0.0201007407158613,1.41387
7011,293,14654,0.0386968776583671,0.969437
7012,992,49610,0.0069421837106347,0.53866
7012,35,1783,0.0095295496284961,1.2646
7014,1548,77427,0.0053717303089797,0.97413955535
7085,32,1633,0.007530519273132,0.584763
7085,37,1870,0.009628826752305,1.05627
7085,37,1871,0.0038085444830358,1.19266
7085,38,1935,0.0101931607350707,0.905698
7014,507,25391,0.0267201475799083,9.015444405e-05
7012,593,29663,0.0046550729312002,0.961702
7012,593,29700,0.0040782350115478,1.0823389416
7014,840,42048,0.0963789299130439,0.707433
7014,1266,63309,0.0049025388434529,0.716651
7014,995,49767,0.0016215569339692,1.1265494967999998
7014,995,49788,0.0058605996891856,1.11258
7014,223,11161,0.0041420543566346,0.96054818106
7014,223,11191,0.0023705754429101,1.0334
7012,1508,75422,0.0029022581875324,0.623767
7014,517,25852,0.0037375292740762,1.6303522998000002
7012,1738,86926,0.0037948251701891,1.00585
7012,1738,86944,0.0123525764793157,0.966657
7001,654,32718,0.0043331310153007,0.392682
7001,844,42217,0.0358961969614028,1.00356
7001,844,42240,0.0048901098780334,0.9586
7012,418,20902,0.0023623036686331,1.08445
7012,418,20932,0.0034497410524636,0.00514194764638
7012,418,20944,0.2508782744407654,0.55596
7014,1692,84647,0.0072893151082098,1.07007
7012,404,20213,0.0043575526215136,1.3495661625
7012,1280,64018,0.0040110778063535,0.145573848
7014,1733,86679,0.0034087724052369,0.369505
7014,1733,86694,0.0040754373185336,0.726767
7014,1029,51458,0.0028320136480033,1.04817
7014,1029,51500,0.0041869031265378,0.571012
7014,413,20664,0.0036162349861115,0.494871
7014,413,20673,0.004842777736485,1.33233559111
7014,413,20700,0.0385108701884746,1.12713
7012,1470,73549,0.0040487004444003,1.0
7014,307,15367,0.0039205662906169,1.23087
7012,645,32271,0.0042433273047208,1.05351
7012,645,32289,0.004326167050749,1.05562
7001,578,28906,0.0038230482023209,0.896409
7001,578,28948,0.0032879936043173,0.966598
7014,19,992,0.003945333417505,1.1647256666
7012,98,4906,0.0112555446103215,0.787921
7003,1158,57912,0.0047159474343061,0.860106
7012,153,7666,0.0048006796278059,0.903856
7012,153,7696,0.3557180166244507,1.01618222456
7013,154,7702,0.0075946706347167,0.446834
7013,154,7707,0.0031047065276652,0.938062
7014,433,21680,0.0045955847017467,0.784226
7012,44,2203,0.0027308252174407,1.43036
7012,44,2245,0.0022206690628081,0.684206
7012,1012,50636,0.0047087054699659,1.16465
7012,287,14380,0.0017423141980543,1.06821910377
7014,732,36613,0.0049941693432629,0.183856644342
7001,325,16267,0.0042741745710372,0.890913
7013,44,2232,0.0037657285574823,1.4128349469000003
7014,1657,82884,0.0410548225045204,0.501286
7014,584,29224,0.0020919621456414,0.537641
7003,1292,64608,0.0031306615564972,1.1194
7014,380,19010,0.0025657948572188,1.1530467582600001
7014,380,19034,0.00351766590029,0.544658
7011,214,10701,0.0028189511504024,1.03401
7011,214,10733,0.0156194660812616,1.19181
7014,155,7762,0.0013910538982599,0.49968688842
7014,155,7772,0.0037484497297555,1.28915
7001,309,15475,0.0206596888601779,1.2187900096000002
7001,956,47810,0.0056038470938801,0.62167823028
7012,685,34276,0.0047094742767512,0.831365
7003,1557,77884,0.0094399228692054,1.05875
7003,1557,77890,0.0029727122746407,1.13874
7001,1089,54483,0.0162705462425947,0.696948
7001,1089,54485,0.0043055056594312,0.702936
7012,1061,53083,0.1121725067496299,0.800763
7012,173,8678,0.0049891602247953,1.01717
7012,1043,52175,0.006440307945013,0.96786
7012,446,22303,0.0013237113598734,1.0165
7012,446,22343,0.0032727553043514,0.900612042
7003,1692,84623,0.0062695485539734,0.5652763464600001
7003,1692,84626,0.0017913730116561,1.3022469774
7014,443,22167,0.0042975349351763,0.54094
7014,725,36258,0.008238204754889,0.982939
7014,725,36287,0.0018907171906903,0.863145
7014,725,36296,0.0038535839412361,1.04803
7014,1055,52775,0.0311529450118541,1.02955
7014,1077,53863,0.0614483058452606,0.861088
7001,778,38903,0.0198036972433328,1.15941
7014,1294,64719,0.0013199943350628,1.00172
7014,1294,64731,0.0244373679161071,0.00109195155069
7012,95,4799,0.0054858108051121,1.03729
7014,1022,51125,0.0393689312040805,1.04769
7001,832,41645,0.0059470254927873,0.905382
7001,832,41646,0.0034573492594063,0.63246572685
7012,1193,59655,0.0059445109218358,1.0
7012,1193,59686,0.0054786172695457,1.0
7013,187,9361,0.0035108344163745,0.597493
7013,187,9391,0.0034285772126168,0.157163944202
7001,564,28250,0.0043640951626002,0.96111605533
7001,494,24734,0.0056827482767403,1.0533224934
7013,73,3687,0.0033413853961974,1.33725500172
7001,1110,55547,0.0033795181661844,0.9667442954
7012,915,45754,0.0030047772452235,1.3388349470999998
7012,915,45759,0.644360363483429,1.0
7014,1028,51439,0.0056468197144567,0.197811
7003,1595,79755,0.0044412733986973,1.4980810193999998
7013,131,6569,0.0023830635473132,0.622609
7013,131,6582,0.002914311364293,0.927438
7014,1098,54946,0.0161605272442102,0.470774
7014,183,9164,0.0026399437338113,1.0
7013,121,6051,0.0030365660786628,1.09062
7014,313,15651,0.0048444075509905,0.870193
7014,572,28628,0.003310902044177,0.981231
7011,43,2170,0.0041559794917702,1.07828
7011,43,2186,0.0059241992421448,0.689186
7011,68,3445,0.929186999797821,1.2034025136
7012,1680,84013,0.0028817139100283,0.873156
7012,1680,84021,0.0086544901132583,1.07694
7003,1276,63842,0.0029756110161542,0.877913
7014,721,36062,0.0024757443461567,1.10794
7014,1322,66117,0.0055995574221014,1.6645983528
7012,985,49268,0.3262366652488708,0.470167
7014,241,12057,0.0030176267027854,0.822115
7014,241,12086,0.0043216748163104,0.536861
7014,241,12099,0.003689354751259,0.528536
7011,20,1030,0.002578325336799,0.643548
7012,1387,69369,0.0031902559567242,0.61454
7012,1387,69377,0.0048423181287944,1.00595
7014,60,3037,0.004250185098499,1.29775
7012,1439,71958,0.5472412705421448,0.977713
7014,1274,63714,0.7781227231025696,0.863363
7014,1274,63729,0.0038624734152108,1.18431
7012,596,29814,0.0053598633967339,0.88919
7001,580,29002,0.7264496684074402,0.949265
7001,580,29008,0.0053190379403531,1.0349
7001,580,29036,0.00365518219769,0.8545069436599999
7003,1096,54801,0.0034503135830163,0.003476267822
7003,1096,54827,0.0033609471283853,1.00893
7014,212,10641,0.0040558748878538,1.01975
7014,906,45327,0.002597254468128,0.665852
7014,757,37857,0.0050808112137019,1.10927
7014,757,37888,0.0047324798069894,0.580033
7001,939,46964,0.1599357724189758,1.03487
7001,939,46988,0.0939143523573875,1.14897
7014,839,41981,0.00352169922553,0.991122
7001,103,5195,0.0030360450036823,0.989889
7014,1287,64359,0.0078940195962786,1.72379
7014,1287,64383,0.0079431319609284,1.14537862905
7012,301,15067,0.0045067709870636,0.905698
7012,301,15082,0.0589277185499668,1.1895
7012,994,49731,0.0189286544919013,1.08971
7012,552,27628,0.0015213317237794,0.902595
7014,1249,62493,0.9588956236839294,0.915398
7014,579,28984,0.0067281471565365,1.2522159945
7014,346,17327,0.0361998714506626,0.66623617509
7001,929,46473,0.0075341770425438,0.549853
7001,402,20113,0.0055130873806774,0.951931669741
7001,402,20122,0.0040756599046289,0.8198649037700001
7014,774,38713,0.010218758136034,1.2943302072
7014,774,38715,0.0024023330770432,1.2292524200000001
7014,1337,66856,0.0518188551068306,0.910744
7012,1395,69753,0.0074191070161759,0.866488
7012,1395,69757,0.006749824155122,0.78536
7012,1395,69775,0.0033322332892566,1.05756
7014,1387,69359,0.0035604867152869,0.949024
7001,1100,55027,0.0043856017291545,0.972677
7014,1196,59831,0.0114251021295785,0.556632
7012,538,26909,0.0046317665837705,0.489501
7012,538,26913,0.0052737169899046,1.14845
7012,538,26916,0.4336058497428894,0.517861
7012,538,26921,0.0054285754449665,1.0979163505199998
7012,538,26930,0.4572442173957824,0.927088
7012,412,20619,0.0038488588761538,0.9999163633599999
7001,1026,51314,0.1345108896493911,1.25377
7001,1026,51325,0.003724857000634,0.9835130583999999
7003,1569,78468,0.0110673988237977,0.938102
7012,1573,78653,0.0022020062897354,0.60872
7012,1573,78671,0.0049587613902986,0.667965
7012,1573,78676,0.006566924508661,0.72892422273
7012,1600,80017,0.0086931614205241,0.578736
7014,616,30807,0.004652892705053,1.02266
7014,1409,70468,0.0045197987928986,1.44211968
7014,1409,70481,0.0018482526065781,0.628312
7012,1132,56622,0.0132030313834548,1.00706
7012,1132,56634,0.0059374123811721,1.08355
7012,1132,56637,0.0029467735439538,0.973968
7012,1132,56639,0.0027369966264814,0.979691
7014,959,47963,0.0047213779762387,1.04999
7012,1335,66757,0.0041083372198045,1.44063
7001,312,15620,0.0041002756915986,0.731177
7014,40,2009,0.0050566000863909,0.6817706526699999
7014,40,2048,0.0063283070921897,1.07415
7014,438,21950,0.0072560086846351,1.04557
7001,382,19127,0.0057048094458878,0.78854
7003,1072,53627,0.0066210767254233,0.921681
7014,593,29656,0.0123585518449544,0.995398
7012,129,6472,0.0050628511235117,0.565113
7012,129,6496,0.00678744725883,0.6364713348600001
7014,1604,80206,0.0053693819791078,1.00013
7014,1604,80209,0.0718656107783317,1.23166121
7014,1604,80228,0.0098162842914462,0.904312
7012,605,30293,0.0063699628226459,0.844039
7012,1251,62568,0.0046682856045663,1.32133
7012,674,33710,0.14102303981781,0.64816
7001,745,37252,0.3798353672027588,0.889198
7001,745,37264,0.0014525140868499,0.854898
7001,745,37290,0.1541930139064788,0.5083677159879999
7001,1128,56417,0.0028217376675456,0.53531
7001,1128,56439,0.0043225055560469,1.25476
7014,394,19712,0.0113215697929263,1.01987
7014,394,19718,0.0092432033270597,0.948895
7014,746,37301,0.0133981052786111,1.0383
7014,746,37336,0.0036931582726538,0.56861
7001,139,6989,0.0037725183647125,0.723525
7014,1307,65357,0.0414324849843978,0.512836
7001,628,31437,0.0049950890243053,1.2334116522
7013,108,5415,0.010518436320126,1.19559
7013,108,5430,0.0102140717208385,1.02930031772
7013,108,5447,0.0043954220600426,1.21265
7011,145,7256,0.0124344788491725,0.38299829526
7014,1658,82902,0.0039093331433832,1.02085
7014,1658,82926,0.0026687565259635,1.0617
7012,740,37026,0.0031457445584237,0.730263
7014,1141,57091,0.0177682694047689,0.896474
7014,139,6964,0.002446019789204,0.593061
7014,1163,58160,0.0292664412409067,0.927598
7014,742,37123,0.0161800850182771,1.03228
7012,1283,64162,0.0058714249171316,0.551773
7012,1283,64168,0.0026526206638664,1.06512
7012,1283,64170,0.0044695981778204,0.875102
7012,1714,85724,0.6221755146980286,0.7316414903999999
7012,1714,85736,0.0379471033811569,1.29215915997
7012,1714,85742,0.0046699428930878,1.2551696020000003
7001,864,43236,0.0047178901731967,0.870124
7014,1676,83841,0.0034940803889185,1.0592
7014,942,47101,0.0053362129256129,4.5504549594000006
7012,631,31562,0.0146295819431543,0.487191
7014,658,32925,0.0040081166662275,1.0
7012,1214,60726,0.0028948655817657,0.758673
7012,1214,60740,0.0057578166015446,1.0371
7012,847,42375,0.0047818305902183,1.80972
7012,518,25927,0.0027049491181969,1.03387
7001,259,12958,0.0028594436589628,1.189289975
7001,259,12967,0.003637837478891,0.953724
7012,906,45306,0.0023590896744281,1.04363
7012,1514,75723,0.0055339811369776,1.2994065291
7014,1371,68560,0.0087806107476353,1.0836242115599999
7012,1473,73676,0.0320270508527755,0.82777
7012,1473,73700,0.0045254616998136,0.803432
7001,976,48823,0.0044730557128787,1.06854
7001,976,48836,0.0017450375016778,0.940413
7093,0,6,0.005456818267703,1.06262635737
7012,1034,51734,0.0048477947711944,1.12697
7014,747,37368,0.0048194057308137,0.470905
7012,312,15609,0.0025094014126807,0.751603
7012,312,15649,0.0054605305194854,1.08524
7012,947,47354,0.0497766658663749,0.5898594285300001
7012,1409,70470,0.0195945724844932,0.637116
7001,751,37569,0.0032640285789966,1.173963375
7013,117,5885,0.9386256337165833,0.9428103698400001
7014,841,42067,0.008745202794671,0.598345
7012,1114,55729,0.0021419015247374,0.588056
7014,595,29774,0.830732524394989,0.845066
7014,595,29778,0.0032209591008722,1.13215
7012,1618,80944,0.006079270504415,1.2286254373
7014,169,8460,0.0043637612834572,1.03849
7014,169,8496,0.0037331406492739,1.2715031862000001
7014,177,8898,0.0075296927243471,1.3430555982
7012,374,18740,0.0087447436526417,1.2247526917999998
7001,65,3251,0.0031046976801007,1.28899
7012,455,22782,0.0067286631092429,2.8237623843799997
7012,455,22789,0.0058885808102786,0.954178
7013,185,9257,0.0034956843592226,0.757734
7013,185,9287,0.0051690475083887,0.919521
7013,185,9298,0.0183874759823083,1.08898
7012,112,5647,0.13775734603405,0.973658
7001,199,9978,0.0060347174294292,0.771442
7001,428,21436,0.6516847014427185,0.924598
7001,428,21439,0.013781014829874,1.16103
7012,1381,69098,0.081008180975914,0.940152
7001,287,14362,0.0019788134377449,1.00323
7001,287,14391,0.0047386982478201,1.08122
7014,597,29885,0.0053326487541198,1.0869345268700001
7014,8,421,0.0018913210369646,0.90567
7001,960,48043,0.0022155800834298,1.03128
7014,204,10204,0.0043650609441101,0.92179
7001,516,25809,0.0026967173907905,0.551386
7012,897,44859,0.006308889016509,1.08968
7012,564,28220,0.0009215314639732,1.2803261330000002
7003,1319,65962,0.0834370031952858,0.968572
7003,1319,65977,0.005754274316132,0.809758
7012,1726,86307,0.0038014848250895,1.04022
7012,267,13354,0.0050868233665823,0.569056
7012,267,13371,0.0237025618553161,1.27965
7001,842,42123,0.0255148783326149,0.894829
7012,1620,81017,0.0039000445976853,0.60084
7012,1620,81028,0.0180120039731264,0.799239
7001,692,34618,0.0018218273762613,1.06723
7001,692,34638,0.0067185387015342,0.821837
7012,1458,72905,0.0032903244718909,1.0285
7014,1727,86383,0.005935741122812,1.0966767191999998
7011,164,8227,0.0026029599830508,0.845065
7012,1488,74402,0.0034005176275968,0.7616300001
7012,1488,74438,0.5050756931304932,1.04594
7001,378,18929,0.0033933401573449,1.04809
7014,1158,57939,0.009264126420021,1.06738
7003,1443,72191,0.0044385413639247,1.06054
7014,1527,76353,0.0043930145911872,0.967024
7014,57,2881,0.0019280152628198,4.0665292008399995e-05
7014,1332,66601,0.001537158852443,1.02751
7014,1332,66622,0.0476442873477935,1.03921777184
7014,977,48873,0.0022509666159749,1.09385
7014,977,48896,0.0042960736900568,0.980935
7014,869,43479,0.0039472868666052,1.1812104832
7014,570,28509,0.028841994702816,1.0744993329
7014,717,35870,0.0944079682230949,0.966681
7014,717,35873,0.3911114037036896,1.1595535899999998
7014,717,35888,0.0021591042168438,0.999748
7001,17,864,0.0138842444866895,0.580895
7003,1562,78148,0.0035554086789488,1.03766
7012,1441,72088,0.0078514339402318,1.21286
7012,1506,75333,0.0026855003088712,0.640196
7011,249,12472,0.0021856648381799,0.950391
7011,249,12478,0.0077758766710758,1.4021242980000002
7012,656,32812,0.008474001660943,1.23921
7013,91,4582,0.001977095613256,0.928049
7014,445,22268,0.0125501370057463,0.480056
7013,31,1553,0.0131677919998765,1.1253040265
7013,31,1596,0.0030894554220139,0.877538
7012,1185,59284,0.0046582771465182,0.649202
7001,224,11250,0.0055551803670823,0.776458
7012,1161,58053,0.0259941313415765,1.04628
7014,505,25265,0.0027154141571372,1.04426
7014,505,25292,0.0037063756026327,0.59404952632
7013,172,8601,0.0026505158748477,0.930778
7014,851,42592,0.005327854771167,1.1297
7012,1058,52929,0.566297709941864,0.6350268956640001
7014,75,3768,0.0054332423023879,0.911878
7014,1556,77810,0.0055700703524053,1.3587434952
7014,1463,73153,0.0152802234515547,1.04708
7003,1466,73348,0.0331089757382869,1.21473
7014,691,34584,0.0016924950759857,1.0
7012,1673,83696,0.0033312579616904,1.09711
7014,767,38372,0.0712366178631782,0.669882
7014,767,38381,0.008153872564435,1.2389487273000002
7012,849,42455,0.0045693116262555,1.24067
7012,849,42498,0.0050908159464597,0.946716
7014,738,36913,0.0041317581199109,0.973637
7014,738,36917,0.0013284322340041,0.332813
7014,738,36941,0.0132750431075692,0.681929
7013,34,1747,0.0031889402307569,0.586519
7012,278,13912,0.0056337765417993,0.444232
7012,278,13940,0.0090841231867671,0.978502
7014,243,12161,0.0214862711727619,1.15386
7012,826,41326,0.0056589366868138,1.001744478
7012,826,41327,0.0043893135152757,0.5696089652399999
7012,750,37519,0.0041457847692072,1.00236
7012,750,37543,0.0093747889623045,0.957332
7012,253,12652,0.0049960683099925,1.00512
7012,253,12655,0.0081789772957563,1.01688
7012,1658,82909,0.1780506372451782,1.02508
7012,1658,82927,0.010398618876934,2.65450070816
7003,1207,60361,0.0050271353684365,1.5314195052000001
7003,1207,60367,0.003945009317249,1.1544259542
7013,21,1090,0.0034643583931028,1.00411
7012,1267,63395,0.0045103579759597,1.00925
7012,1431,71561,0.0047523891553282,1.10354
7012,1232,61629,0.820782482624054,1.13514
7012,1232,61630,0.0044031743891537,1.512233304
7014,883,44173,0.0066713159903883,0.80963
7014,883,44177,0.0523360818624496,1.0977
7012,579,28981,0.0671393573284149,0.595446
7001,232,11636,0.0074609643779695,1.03367
7014,568,28411,0.0022241591941565,1.01572
7014,64,3219,0.0138986874371767,0.978168
7012,666,33333,0.0038238097913563,0.764256
7012,666,33335,0.003944672178477,0.978945
7014,902,45122,0.0062055815942585,1.2188271924
7014,902,45125,0.0222598444670438,1.02851
7012,453,22660,0.0029878842178732,1.0424
7012,453,22692,0.0022727553732693,0.617046
7012,1237,61876,0.0157347172498703,1.0539414684000001
7012,1237,61892,0.0027016026433557,0.625956
7011,90,4523,0.0031083049252629,0.91073
7011,100,5020,0.0054717548191547,1.20288
7012,879,43954,0.0044657182879745,0.637284
7014,692,34604,0.0046751080080866,0.958934
7013,80,4006,0.1196420937776565,0.803943
7011,251,12553,0.0022221254184842,1.0893
7014,423,21193,0.0013797028223052,0.975086
7012,565,28256,0.0039390069432556,0.517544
7012,565,28272,0.0063044358976185,0.92179
7012,565,28287,0.0049328473396599,1.00566
7012,369,18478,0.0062728081829845,0.42850709280000004
7012,422,21115,0.0015295188641175,1.01882
7011,265,13265,0.0045889127068221,0.668794
7011,265,13268,0.0040438058786094,0.977965
7011,265,13275,0.9956133365631104,0.548049
7011,265,13290,0.0047924439422786,2.1934087848e-06
7011,265,13299,0.0037265457212924,0.530013
7014,1174,58706,0.0045084739103913,1.04386
7014,1174,58720,0.0196267813444137,0.98795408746
7014,899,44968,0.0042908047325909,1.3416182624000001
7014,1721,86051,0.0034636207856237,1.2541966675
7001,166,8350,0.0016991719603538,1.07551
7012,882,44106,0.0014515427174046,0.691239
7012,882,44126,0.0039689075201749,0.758197
7012,882,44133,0.5589155554771423,1.27692
7011,295,14766,0.0031496617011725,0.636912
7014,456,22803,0.0166410747915506,2.01212009328e-05
7014,456,22835,0.001899757888168,1.2740139480000001
7012,949,47476,0.0140955243259668,0.5404233289
7012,949,47479,0.0054235910065472,0.72529
7011,82,4104,0.0043593496084213,1.00914
7011,82,4121,0.0143716931343078,0.703804
7014,1397,69887,0.8815534710884094,1.7095980000000002
7014,831,41598,0.0384447537362575,0.994698
7013,147,7354,0.0091928336769342,0.986381
7013,147,7399,0.0314966700971126,1.03242
7014,77,3895,0.0034427433274686,0.513068
7011,79,3998,0.0127057330682873,1.1548549013699998
7011,212,10611,0.0053908843547105,1.03531
7011,212,10637,0.0024605316575616,1.1976419167999999
7012,758,37912,0.0107108624652028,0.530323
7014,1539,76982,0.0048028556630015,0.92092
7014,1539,76988,0.9861127734184264,0.582491
7003,1241,62069,0.0032576478552073,1.07179
7001,340,17030,0.5635523200035095,1.12535
7001,340,17048,0.0042251325212419,0.874516
7014,1419,70978,0.0035971507895737,1.14718
7014,1257,62865,0.0064223250374197,1.01654
7014,1257,62875,0.3414599299430847,0.598508
7012,1586,79309,0.0019896982703357,0.7437347584799999
7012,823,41159,0.0106464168056845,1.03151
7012,1493,74684,0.0029930151067674,1.01383
7014,358,17901,0.1287597119808197,1.1329039322999999
7014,358,17936,0.0018892581574618,0.48654422661999996
7012,704,35206,0.0040877475403249,1.0108
7012,704,35210,0.0020500749815255,0.690227
7012,704,35216,0.0065926285460591,0.78598913232
7014,23,1170,0.0016804791521281,0.835643
7011,111,5563,0.0019007925875484,0.869014
7014,827,41365,0.0044254269450902,1.15289
7014,735,36771,0.0044029131531715,0.71055
7012,607,30378,0.0047911773435771,0.706351
7012,607,30391,0.0017902555409818,1.17824
7012,607,30395,0.9481894969940186,0.628599
7001,93,4666,0.0129418782889842,0.997385
7001,93,4678,0.0037417784333229,0.649193847962
7014,1553,77666,0.0047731902450323,1.11684956824
7014,1,76,0.0039857723750174,1.10778
7014,1,94,0.0044523831456899,1.9220095943000002
7013,238,11939,0.0241176076233387,0.547858
7011,99,4956,0.0122771132737398,0.907452
7011,99,4982,0.0048885107971727,0.848401
7014,1051,52563,0.0697317942976951,0.9750627796499999
7014,1202,60103,0.0023187017068266,1.04099
7014,1202,60115,0.0022841731552034,0.684711
7014,1202,60121,0.0033815293572843,1.0
7014,1202,60137,0.0039072819054126,1.00568
7014,231,11571,0.0065884045325219,0.877913
7014,231,11581,0.0044327299110591,0.890076
7014,1133,56667,0.0046918368898332,0.993913
7001,796,39814,0.8935945630073547,1.1713967121
7014,447,22359,0.002171117812395,1.05119
7012,1083,54154,0.0009705690899863,1.03388
7012,781,39069,0.0038049044087529,1.0
7012,781,39081,0.001416039885953,1.19288
7014,1448,72408,0.0062782629393041,0.92179
7012,1187,59356,0.0043852007947862,1.01219
7012,956,47828,0.0024076276458799,0.556396
7014,797,39896,0.0032822731882333,1.19594
7012,468,23445,0.0054767057299613,0.966111
7012,255,12763,0.0019912298303097,1.02445
7013,215,10790,0.0013701936695724,1.02703
7012,1239,61966,0.0075850798748433,0.566589
7003,1317,65897,0.0041671921499073,0.962324
7003,1317,65898,0.0020406739786267,0.531435
7014,1491,74561,0.0031606066040694,1.10115
7014,1491,74563,0.0043291850015521,1.54543
7014,1491,74587,0.7045882940292358,1.13141
7012,1229,61472,0.986699104309082,0.563355
7012,1229,61479,0.2892521321773529,1.4112897474
7012,819,40983,0.0397528670728206,1.04206
7012,640,32010,0.0014532447094097,1.09003
7012,1367,68360,0.0069388812407851,0.435048
7012,1367,68377,0.0090550072491168,0.995538
7012,1091,54557,0.0095455162227153,1.3673197265
7014,1552,77625,0.0037953534629195,0.744736
7003,1304,65250,0.0018275862094014,1.14666891879
7001,1098,54925,0.0867539569735527,0.972344
7014,317,15854,0.0018817047821357,1.0008
7001,306,15302,0.0146885057911276,1.28286
7012,680,34030,0.0019586987327784,1.1843795856000001
7001,158,7932,0.0032224915921688,0.661292
7014,148,7410,0.2287927120923996,1.49101
7014,495,24785,0.0038978578522801,0.57333202836
7012,884,44240,0.0028136107139289,0.9694711712
7014,749,37485,0.0034742548596113,0.608935
7014,749,37490,0.0413790456950664,1.18929036254
7012,1708,85407,0.0010117732454091,0.444949
7012,1708,85419,0.0029104216955602,0.868693
7012,11,577,0.0029417760670185,0.966008
7012,1260,63013,0.0346697606146335,5.42749318566
7013,71,3587,0.0025419159792363,1.04165
7013,71,3591,0.1340031325817108,1.28944
7012,944,47208,0.0022107784170657,1.0
7012,944,47232,0.3036651015281677,1.0902
7012,944,47241,0.05394022539258,0.909845
7014,922,46117,0.005260088481009,2.1899137245
7014,922,46137,0.0037694494239985,0.947567
7014,1598,79937,0.0060316557064652,0.590726
7012,688,34444,0.0039039948023855,0.647833
7012,375,18771,0.0054225232452154,0.9850061052
7001,889,44483,0.0036059615667909,0.72477966179
7014,754,37735,0.0819338336586952,0.758875
7011,31,1595,0.003622235963121,0.862409
7001,849,42452,0.0041227331385016,0.897904
7012,1299,64951,0.0034946997184306,0.965619
7012,1299,65000,0.1101586297154426,0.725429
7001,111,5559,0.0169739052653312,1.02501
7001,111,5579,0.6502634882926941,0.877913
7014,925,46252,0.0022656430955976,1.0376313493
7014,925,46296,0.0036433930508792,1.0
7014,520,26020,0.0043269312009215,1.11595
7014,520,26021,0.9655999541282654,1.04337
7012,594,29742,0.0012604215880855,0.76021
7014,7,380,0.0063293417915701,0.71155059048
7012,785,39266,0.1219590976834297,1.0131711032300001
7012,785,39273,0.0037818518467247,0.998981
7012,305,15281,0.0373099483549594,1.03564
7012,476,23801,0.005125499330461,0.8299638682999999
7012,476,23812,0.0030899033881723,1.44832
7012,476,23843,0.0044209146872162,1.7261631465
7012,108,5426,0.006157356314361,0.567218
7012,108,5437,0.0039185220375657,1.0
7012,113,5651,0.0056241792626678,1.02083
7012,113,5659,0.9899123311042786,0.887849
7012,113,5663,0.0035642019938677,0.777799
7014,948,47401,0.002402679529041,0.056505276344100006
7014,948,47442,0.0438564904034137,1.0901185473100001
7014,948,47450,0.0038600468542426,0.54051950725
7012,623,31170,0.0021990854293107,7.2673941165
7011,75,3774,0.0059484718367457,1.24167
7011,75,3792,0.006780288182199,1.07645
7014,1384,69238,0.0046877926215529,0.6008437248
7012,608,30429,0.0046961451880633,1.04874
7001,405,20261,0.0039304890669882,1.0
7014,274,13734,0.0068773520179092,1.08732
7014,728,36414,0.0028188787400722,1.03077
7012,1069,53485,0.0063731865957379,0.900951
7014,1131,56580,0.0042473347857594,0.341173
7014,1131,56597,0.002646577078849,0.0025499579598
7003,1619,80976,0.0014526539016515,1.1978
7013,209,10474,0.0050556119531393,0.406608
7014,1246,62345,0.0096283815801143,0.939286
7014,1106,55328,0.0016958605265244,2.3967
7014,958,47918,0.0049868272617459,1.2288350328
7014,958,47924,0.0059091947041451,0.864426
7012,516,25815,0.0050333067774772,0.668802
7012,516,25834,0.0054536825045943,1.0816618357999999
7012,516,25836,0.0030389518942683,0.861957
7014,1550,77502,0.0037172525189816,0.961735
7014,1550,77539,0.0080957105383276,0.76714394547
7012,1453,72652,0.0053388234227895,2.3591539580400004e-09
7012,927,46355,0.7922231554985046,1.2475744521
7012,927,46359,0.0060422332026064,1.0402
7014,937,46875,0.7432785630226135,1.6353172366000002
7014,937,46880,0.1365415006875991,0.836007
7012,183,9167,0.0012929762015119,0.790284
7012,183,9198,0.0054172542877495,0.860616
7014,1380,69026,0.0125478329136967,0.99059
7013,152,7640,0.004279151558876,0.881007
7011,142,7140,0.0025052931159734,1.27160323
7014,604,30214,0.0048670708201825,0.765284
7014,604,30237,0.0033523282036185,0.900275
7001,107,5397,0.011730651371181,1.05023
7012,256,12815,0.0062854867428541,1.3174880391
7011,4,205,0.0084173390641808,0.934951
7011,4,216,0.0126543045043945,1.00149
7001,728,36433,0.0035915286280214,0.6480393501999999
7003,1219,60972,0.0043871602974832,1.03954
7012,1135,56771,0.0060856905765831,0.5619
7014,739,36975,0.0029319296590983,0.6536841274599999
7014,739,36980,0.0039221029728651,0.496715
7014,739,36986,0.0015329878078773,0.755015
7014,739,36990,0.0067909774370491,1.01487
7014,739,36993,0.027490884065628,0.630463
7014,739,36997,0.0271764658391475,1.1234806894999998
7014,812,40601,0.9805088043212892,1.02073
7014,812,40638,0.0055005052126944,1.3070077386
7014,418,20941,0.0056858612224459,1.04654
7014,422,21131,0.6481868028640747,0.516837
7012,1169,58471,0.0020662134047597,0.734049
7014,1078,53917,0.0021775744389742,5.2333189689299995e-05
7012,921,46065,0.0033596090506762,0.991681
7012,921,46095,0.0209918152540922,0.6936077243000001
7014,218,10914,0.0037504429928958,0.915079
7012,1118,55921,0.0534225553274154,1.04024998324
7001,457,22884,0.0901562049984932,1.03416
7001,457,22896,0.0072017274796962,0.581638
7012,810,40526,0.003641610732302,1.15187
7012,425,21253,0.0041756140999495,0.848354
7012,425,21262,0.0060427919961512,1.06371
7014,663,33169,0.1501433253288269,1.03474
7014,1445,72286,0.0026330961845815,1.03255
7001,989,49492,0.0073141288012266,1.03143
7014,874,43749,0.014539978466928,0.841798
7014,1160,58006,0.0111877331510186,1.05732
7014,1160,58019,0.0038922596722841,1.0948043656
7014,1160,58025,0.0069831125438213,0.570517
7014,1160,58049,0.1058006137609481,1.7644646639200003e-05
7014,917,45867,0.003384172450751,1.14401
7014,1334,66719,0.0018364114221185,1.09808
7014,1334,66729,0.0035025861579924,1.09312
7014,1334,66735,0.0046271765604615,1.12167
7011,0,4,0.0047608772292733,1.1697872048
7011,0,26,0.0055773672647774,0.553506
7011,0,39,0.0067461938597261,1.25234
7012,246,12306,0.0030347765423357,0.726697
7012,246,12335,0.0292366314679384,0.751471
7012,246,12341,0.0031043977942317,0.74167899072
7014,176,8803,0.2928790748119354,1.32915
7001,497,24858,0.0039244261570274,1.04865
7001,497,24871,0.0033303764648735,0.976604
7001,497,24887,0.0140152992680668,0.850759
7014,472,23604,0.1178245991468429,0.52199
7003,1541,77085,0.7340686917304993,1.0878
7014,213,10666,0.0186117272824049,1.4133922740000002
7014,389,19496,0.0068122493103146,0.91455
7012,671,33579,0.0028863432817161,0.684919
7003,1336,66803,0.0031814323738217,1.51411568
7003,1336,66806,0.2197334170341491,1.0875823807
7014,656,32833,0.0038182125426828,0.904427
7012,997,49864,0.0034761421848088,0.982843
7014,48,2418,0.0318125076591968,1.0
7014,65,3296,0.0162469334900379,0.491788
7012,1036,51815,0.0038704939652234,0.914375
7012,198,9928,0.0030459114350378,0.00046968150746
7012,198,9947,0.0021308772265911,1.09021
7014,300,15047,0.0053553404286503,0.603724
7012,777,38899,0.0033338270150125,0.507397
7014,626,31332,0.0036969394423067,1.03489
7012,1049,52470,0.1201446652412414,0.570318
7012,1049,52491,0.0051938774995505,1.02464
7003,1122,56120,0.0030511389486491,1.22786233138
7014,503,25155,0.0028982493095099,1.04345
7014,503,25176,0.0009871399961411,1.19502
7084,38,1916,0.0049155461601912,1.23489
7084,40,2040,0.0028899286407977,1.2185
7012,1059,52963,0.0032061354722827,0.926998
7012,1059,52970,0.0089937932789325,1.1186014387199998
7012,1059,52978,0.0015328811714425,1.12353
7014,1240,62035,0.0129403620958328,0.992507
7014,442,22106,0.016850521788001,0.827803
7012,1718,85915,0.0029933594632893,0.89571
7012,1718,85932,0.0037067949306219,0.992834
7014,648,32445,0.2407086044549942,6.257830876e-11
7014,150,7504,0.0032458894420415,0.469998
7014,150,7534,0.0070055364631116,1.04379
7003,1376,68806,0.0017165434546768,1.6354994715000002
7014,569,28456,0.008416005410254,0.987622
7014,569,28480,0.004933500662446,0.898432
7014,569,28500,0.0303171221166849,0.540709
7014,828,41403,0.003633412066847,0.7783153266699999
7014,828,41405,0.0109410118311643,0.985421
7014,828,41428,0.0061972676776349,0.903039
7014,828,41430,0.0024734726175665,0.6022824173999999
7014,828,41433,0.0014921677066013,1.08468
7014,196,9833,0.9781560897827148,1.14913
7014,196,9837,0.0023914384655654,1.04457
7014,784,39244,0.001994606340304,1.03295
7012,68,3405,0.9643672108650208,1.03988
7012,68,3414,0.0033677548635751,0.951603
7012,624,31203,0.0059119095094501,1.29574
7003,1492,74636,0.0084427203983068,0.186079
7014,671,33597,0.0075924526900053,1.210642027
7014,154,7706,0.1039189621806144,0.941217
7014,154,7745,0.0108453184366226,0.00022707469895999997
7012,1151,57551,0.0044372184202075,0.962076
7014,983,49168,0.002880168845877,0.501801
7011,7,389,0.0060842027887701,1.07105
7012,1095,54760,0.0040843440219759,0.680228
7012,1095,54768,0.9910118579864502,1.52634731
7012,1095,54789,0.003664179937914,0.51914614752
7012,1226,61335,0.0043817730620503,1.01265
7014,162,8107,0.0030246584210544,1.31829
7012,697,34853,0.0014763745712116,4.97666396386e-05
7012,697,34873,0.0018323139520362,0.96786
7012,697,34895,0.0067744660191237,1.00465
7095,0,29,0.0217233598232269,0.9763895366399999
7012,469,23465,0.9499104619026184,1.52008
7012,469,23480,0.0037389476783573,1.10844425691
7014,887,44351,0.0057000583037734,1.11938
7012,325,16295,0.0044347462244331,1.47898
7013,216,10807,0.0113741364330053,0.852478
7014,398,19936,0.1106712743639946,0.6504046034400001
7012,17,862,0.005307447630912,1.4454325692e-05
7012,17,885,0.0026612167712301,1.03043
7013,43,2193,0.0042023137211799,0.65702096728
7014,1737,86873,0.0653579533100128,8.813567412e-06
7014,1737,86889,0.0029445283580571,1.03163
7014,390,19542,0.0062419781461358,0.886828
7012,97,4871,0.0032322357874363,1.00293
7012,778,38917,0.0032850869465619,0.759018
7012,707,35356,0.0045058387331664,0.579178
7012,707,35371,0.0016031449194997,0.710983
7014,490,24505,0.0111167225986719,0.999474
7014,490,24519,0.0058288588188588,0.907075
7014,490,24538,0.0047443327493965,1.3261430157999998
7012,27,1370,0.0019262313144281,1.03286
7014,585,29252,0.0047087972052395,0.95606979309
7014,585,29256,0.0017316540470346,0.705865
7014,585,29296,0.1562584936618805,1.44752
7014,1237,61856,0.0062187104485929,1.2703
7011,87,4368,0.0209057722240686,1.0136
7011,87,4384,0.0040132901631295,0.939859
7011,87,4393,0.6693381071090698,1.01456
7012,1411,70571,0.0027019972912967,0.000134318796205
7014,252,12610,0.3137753903865814,1.06008
7014,252,12635,0.7745608687400818,1.0353
7014,1314,65728,0.0054522007703781,1.00589
7014,1314,65740,0.6369269490242004,0.939988
7014,1328,66401,0.0060143847949802,1.03878
7014,1328,66420,0.0078894272446632,0.7452982009
7001,1088,54413,0.0042915036901831,0.862669
7001,1088,54415,0.0033200446050614,1.4810521992
7012,1468,73412,0.079445794224739,0.648046
7012,1468,73426,0.9237688183784484,1.04976
7012,411,20555,0.0050423969514667,1.1134462168800001
7012,411,20593,0.5523589253425598,1.03728
7014,353,17671,0.0463405027985572,0.748618
7014,353,17683,0.0048028007149696,0.692014
7014,353,17700,0.0762620270252227,1.12075
7001,589,29470,0.0106403650715947,1.19798
7001,589,29472,0.0043552303686738,2.4542505936000003
7014,577,28876,0.0095334649085998,0.408662
7012,1003,50174,0.0094695221632719,0.962492
7095,45,2272,0.0021076600532978,0.637469
7014,974,48718,0.052942618727684,0.952231
7014,755,37772,0.0043722973205149,1.03232
7014,1262,63131,0.0029800890479236,0.569807
7012,775,38757,0.0028036795556545,1.08285
7012,775,38780,0.0014701125910505,1.07726
7012,775,38785,0.0043792477808892,6.568129094999999e-08
7012,775,38791,0.0019556751940399,1.05599
7012,1306,65346,0.0178851783275604,1.05435595474
7014,1674,83745,0.0045605776831507,1.31569
7012,398,19934,0.0060681970790028,0.49259
7014,513,25665,0.003853355301544,0.877913
7014,513,25674,0.004911973606795,0.501319
7014,513,25691,0.1092788502573967,1.01214
7011,38,1923,0.0020423866808414,0.629066
7001,828,41411,0.0042925304733216,1.183013662
7001,636,31814,0.0024523325264453,1.06268
7001,636,31815,0.0115115782245993,0.462674
7014,578,28916,0.0072714774869382,1.01746
7014,278,13918,0.1397185772657394,0.755118
7014,1173,58658,0.0097377421334385,0.989302
7014,1173,58691,0.0187828280031681,4.5040250523
7014,1101,55066,0.0102470060810446,1.2155677366
7014,1244,62228,0.0012043913593515,1.20626
7012,1467,73383,0.003530480666086,1.1085723077
7014,1400,70029,0.0037559021729975,0.462196
7012,659,32980,0.0031977163162082,1.02788
7012,1566,78306,0.0034182355739176,0.722389
7014,1279,63971,0.0051162964664399,0.59525413695
7014,1279,63991,0.00411809515208,0.599038
7012,477,23856,0.0045123542658984,0.632067
7012,477,23898,0.0079285372048616,1.06506
7012,1235,61764,0.0030444322619587,0.897863
7012,1235,61782,0.0284921936690807,0.59349
7085,17,887,0.2724523842334747,0.581295
7012,543,27159,0.0038125067949295,0.831777
7014,1292,64631,0.0032724302727729,0.6102114232000001
7001,1187,59375,0.3906082808971405,0.766576
7001,147,7393,0.0036734545137733,1.04997
7003,1324,66226,0.0042653661221265,0.822946
7013,29,1479,0.0052926591597497,0.91852
7013,29,1489,0.0037451377138495,0.961127
7012,1679,83959,0.0053528975695371,0.989486
7012,1679,83998,0.0049580046907067,1.10296
7012,1056,52849,0.0048628486692905,1.02871
7012,1041,52088,0.0070756948553025,1.17334500912
7003,1657,82859,0.0687741711735725,1.3639291782999998
7014,892,44633,0.0042478996329009,0.93934
7014,761,38076,0.4572637677192688,1.20436
7014,761,38090,0.0043407618068158,1.02334
7012,1638,81913,0.0028113294392824,0.926114
7014,1082,54141,0.004318512044847,1.0
7001,1081,54086,0.002668228233233,1.0115
7012,902,45135,0.6968633532524109,0.993752
7014,806,40320,0.0062796967104077,1.0349527205400002
7012,445,22280,0.0062476834282279,0.817369
7012,1004,50228,0.0157891325652599,1.04388
7012,393,19684,0.00273915566504,1.04829
7014,1418,70917,0.0044613135978579,0.854171
7014,1418,70940,0.003784729167819,1.00281
7014,290,14501,0.005762523971498,1.4998053788499999
7014,863,43173,0.0068380436860024,1.3414648962
7014,863,43182,0.0048125586472451,0.9923122251699998
7012,975,48753,0.0082626296207308,0.465911
7014,1255,62758,0.0049752159975469,0.961599
7001,238,11941,0.0104857273399829,0.912925
7012,1406,70330,0.0019606247078627,1.11975
7012,1080,54045,0.0269081350415945,0.695422
7014,368,18406,0.0030694648157805,1.11866
7012,1233,61658,0.0024132884573191,0.3741909716299999
7012,1233,61690,0.1067960560321807,1.00314
7012,1233,61693,0.0488901175558567,0.6839253730600001
7001,415,20765,0.0424909070134162,1.02375
7014,1004,50221,0.0043819146230816,1.05776
7012,21,1084,0.003715700469911,1.45696321134
7014,646,32335,0.0048880702815949,1.15017
7012,1028,51447,0.0030563666950911,0.520617
7014,374,18726,0.002884060377255,0.940374
7014,374,18745,0.0025815656408667,0.868732
7012,1437,71874,0.0396779775619506,0.543549
7012,1437,71885,0.0042966902256011,0.62256360408
7012,333,16670,0.0026395395398139,1.13988
7014,536,26847,0.004539799876511,1.04928
7014,734,36720,0.006628980860114,1.14498885501
7014,734,36737,0.0038954422343522,1.67935
7084,24,1231,0.0408980660140514,0.923112
7014,354,17709,0.2118073552846908,0.699719
7014,303,15164,0.0388185791671276,0.819827
7014,303,15200,0.0021382153499871,1.3639186152
7001,977,48853,0.0046836538240313,1.1932850859300002
7001,977,48867,0.0971966683864593,1.02211
7012,691,34566,0.0657575950026512,1.15829
7012,691,34569,0.0056762183085083,1.10988
7014,440,22039,0.0144538907334208,1.0
7014,1486,74305,0.0038997374940663,0.991963
7014,1544,77207,0.0032330250833183,1.2558184584999998
7012,836,41813,0.0175253544002771,1.0501595306
7012,836,41832,0.547531008720398,1.01544293487
7012,308,15402,0.0563553161919117,0.743163
7014,636,31829,0.002553230850026,0.540729
7014,636,31848,0.0021806226577609,1.18916
7014,1511,75554,0.0028204501140862,1.2319121331999998
7014,1475,73766,0.00268903397955,0.727701
7012,800,40041,0.035430409014225,1.04817
7003,1371,68562,0.0032957287039607,0.910753
7012,920,46029,0.0145732220262289,1.00912
7012,1275,63791,0.0045191058889031,0.627017
7012,566,28319,0.0053930217400193,1.00914
7012,566,28333,0.0060933846980333,1.14796418472
7011,276,13810,0.0272891987115144,1.4503
7011,276,13836,0.0042484402656555,1.2758448819
7014,1095,54800,0.0066465632990002,0.50648
7001,348,17421,0.0039321524091064,0.822505
7012,382,19109,0.0041154501959681,1.1413
7014,56,2801,0.0038677665870636,0.337391
7014,56,2810,0.0044792494736611,0.560798
7014,466,23305,0.0040222965180873,0.561124
7013,139,6951,0.0051837684586644,1.02822
7013,139,6953,0.0089363753795623,1.3136
7012,773,38658,0.0080906562507152,0.00211061729994
7012,773,38662,0.0063086822628974,0.749445
7001,1125,56287,0.0040687443688511,0.8628756843200001
7014,674,33730,0.1029951497912406,0.602764
7086,37,1866,0.0099073769524693,1.42714
7001,915,45752,0.0034938480239361,0.741817
7012,553,27699,0.0210660919547081,1.2242310091000002
7012,900,45006,0.0023771179839968,1.01611
7014,776,38814,0.0062723010778427,0.92179
7014,1663,83175,0.0046400064602494,1.03218
7014,1663,83199,0.0085146110504865,0.826826
7014,702,35123,0.0032489255536347,1.06261
7014,702,35141,0.0196557212620973,0.43447112100999996
7011,94,4701,0.0022104459349066,0.698378
7012,1763,88154,0.0063535892404615,1.0733
7012,1763,88194,0.0043771634809672,0.979934
7012,519,25970,0.003646413097158,1.1482013538000002
7012,519,25998,0.0041065462864935,4.60855962
7012,952,47629,0.572672426700592,0.691522
7012,952,47649,0.0120527120307087,0.8493321702
7011,167,8353,0.0047353645786643,0.47470266025
7014,695,34772,0.0558736622333526,1.07048
7014,695,34781,0.0054625691846013,1.05762
7014,695,34792,0.0063547878526151,1.0
7012,218,10945,0.004948126617819,2.2488929358000003
7014,771,38561,0.0044709178619086,0.952925
7014,94,4703,0.0150683810934424,1.0355
7014,94,4746,0.0058496720157563,1.3019970456000003
7001,798,39941,0.0063345353119075,1.00283
7014,1708,85433,0.00339370011352,0.95867
7014,1507,75368,0.005021268967539,1.16694
7014,1507,75381,0.0053338496945798,0.696717
7014,509,25464,0.0031126060057431,0.959383
7014,509,25480,0.0068106115795671,0.58554727946
7001,328,16432,0.0074684149585664,0.996437
7012,870,43537,0.0038775971625,0.91435
7001,456,22824,0.0033741658553481,0.77021
7001,456,22840,0.0577809587121009,1.04963
7012,1172,58643,0.0047902907244861,1.33201584
7001,693,34668,0.0748396590352058,0.954325
7001,693,34700,0.0026157072279602,1.08201
7003,1533,76653,0.0044414121657609,0.647578
7003,1533,76677,0.0043970705009996,1.04323
7003,1533,76679,0.0057464228011667,0.5237
7013,173,8685,0.012870118021965,1.06329
7003,937,46897,0.0014987339964136,1.03393
7012,1074,53713,0.0060207219794392,1.0281
7012,1074,53718,0.0044629634357988,0.771331
7012,1113,55656,0.0049929781816899,0.926394
7012,1113,55667,0.0069817197509109,1.2468993936
7014,1514,75704,0.0035715184640139,1.22254044
7014,1514,75742,0.0338836461305618,0.6733030340399999
7003,1671,83580,0.0074109295383095,1.04506
7003,1671,83582,0.0032039964571595,0.371039617
7003,1352,67610,0.0040195314213633,0.752244
7003,1480,74043,0.0026135968510061,0.957434
7012,90,4521,0.0043359692208468,0.7132737707999999
7014,1312,65610,0.0049952832050621,0.922917
7011,60,3014,0.0012096017599105,1.17724
7011,60,3015,0.0043108877725899,0.498884850724
7014,1416,70820,0.0057606720365583,1.10789
7013,220,11001,0.0029995921067893,1.09616
7013,220,11020,0.0192458890378475,1.26431
7001,861,43078,0.0106888264417648,0.975128
7012,1094,54702,0.0185685493052005,0.942752
7012,694,34738,0.3480255305767059,1.07156
7014,123,6152,0.0052745374850928,1.2152814955
7013,134,6730,0.0463100522756576,0.0053176152835
7001,15,790,0.0048998389393091,0.38869217815
7001,15,793,0.0011971918866038,1.03588
7014,645,32281,0.0044317515566945,1.0443
7014,434,21726,0.0049993400461971,1.06596
7001,214,10732,0.004091783426702,0.967753
7001,214,10750,0.0050254920497536,0.99371228824
7014,804,40219,0.0055041299201548,1.00396
7014,804,40220,0.0017901097889989,1.2203147823
7014,804,40231,0.0415676012635231,0.835293
7014,1582,79140,0.0032362188212573,1.02198
7012,620,31043,0.0020341537892818,0.625549
7012,620,31046,0.0020979752298444,0.863392
7012,238,11905,0.0049557019956409,1.36288
7012,238,11923,0.0057803667150437,0.519572
7001,520,26031,0.009838436730206,0.891046
7014,498,24915,0.0048080803826451,1.08373
7001,479,23984,0.0236617997288703,0.884697
7014,229,11454,0.004044028930366,1.08792
7014,773,38699,0.0045576840639114,0.976524
7014,163,8196,0.0042807343415915,0.449959
7012,1630,81518,0.0028767911717295,0.689749
7012,1342,67114,0.0051244487985968,1.1305441575
7014,1222,61132,0.0193771310150623,1.02764
7001,171,8577,0.0075319237075746,0.901449
7001,171,8594,0.0036292921286076,0.499492
7012,226,11310,0.0074882777407765,1.1003235761
7014,1154,57742,0.3461848199367523,1.01494
7014,1441,72075,0.5444639325141907,0.818815
7014,1441,72083,0.0050400956533849,0.019520610875999996
7014,1422,71143,0.0036518534179776,0.697189
7012,601,30062,0.0057735005393624,1.0108
7012,601,30099,0.0033179039601236,0.765714
7014,1260,63028,0.0055474620312452,1.00147
7012,1425,71273,0.0031890934333205,1.05043
7012,1425,71276,0.0095042157918214,0.569832
7012,1425,71285,0.0040031136013567,0.59207868686
7014,1059,52976,0.4494787752628326,1.04318
7011,150,7533,0.0047833970747888,1.00239
7014,1456,72825,0.47503861784935,0.995358
7014,1456,72846,0.0026512420736253,0.02358206088
7014,944,47238,0.0041563981212675,0.517584
7014,856,42814,0.0032337461598217,2.1308
7014,51,2554,0.0574890002608299,0.5047012218
7014,51,2564,0.007307871710509,0.650708
7001,452,22639,0.0044707055203616,1.22386
7012,1160,58012,0.0066495519131422,1.48995
7011,149,7488,0.0040745255537331,0.6397627690200001
7001,227,11366,0.0238366983830928,0.63200882154
7012,753,37681,0.0101136611774563,0.736309
7014,1537,76856,0.0054755033925175,1.35293
7014,1537,76873,0.0039304178208112,1.12678
7014,1537,76900,0.0031486928928643,0.72164
7001,1062,53111,0.0043685641139745,0.998735
7014,650,32536,0.0056645204313099,1.10811
7012,508,25431,0.0098893614485859,0.791713
7012,794,39730,0.0070267212577164,0.725523
7014,1261,63053,0.0291802380234003,0.826164
7012,1391,69579,0.0034900596365332,1.1313631616
7013,230,11522,0.0527966134250164,0.650532
7013,230,11525,0.0038980743847787,0.558129
7014,502,25106,0.0046321847476065,1.04161
7012,355,17774,0.0788212120532989,1.7701201713
7012,355,17780,0.0044351080432534,0.570842
7012,492,24639,0.0052746776491403,0.965623
7014,787,39385,0.0051887454465031,1.30130122
7013,234,11730,0.0038249944336712,0.583904
7014,882,44126,0.0058945268392562,1.19239708056
7012,177,8860,0.0138431806117296,0.865907
7012,316,15828,0.005699744913727,0.66896
7012,316,15829,0.0040427250787615,1.038
7012,316,15847,0.3189749121665954,1.1333753856
7011,222,11121,0.0047414763830602,0.329311
7014,1673,83666,0.0107058715075254,0.979823
7011,53,2660,0.0035738595761358,0.943332
7011,53,2695,0.0035389906261116,0.879435
7012,1024,51227,0.0038838642649352,0.980701
7012,818,40941,0.0035161145497113,1.0486
7012,941,47055,0.0344736911356449,1.23105
7001,245,12275,0.0048407209105789,0.996167
7014,1104,55221,0.0042615458369255,0.920898
7014,1104,55229,0.0235702395439147,0.58541
7012,194,9733,0.00372468191199,1.08625
7014,138,6909,0.2812460064888,0.531469
7014,138,6932,0.7753804922103882,1.4240434072799998e-05
7012,577,28875,0.0031850894447416,0.837293
7012,577,28885,0.0039962185546755,1.06402
7012,489,24452,0.0041678212583065,0.947858
7012,1315,65756,0.0046482859179377,1.9686801472000002
7014,191,9554,0.0052433339878916,1.09289
7012,563,28197,0.0018463897285982,0.966761
7014,1662,83117,0.0059328041970729,0.5748698688
7001,788,39421,0.0034860472660511,1.069
7012,643,32191,0.0089019043371081,0.598209
7012,643,32197,0.008161230944097,0.533916
7012,597,29858,0.0036589179653674,0.954577
7001,593,29662,0.9483910799026488,1.00455
7001,593,29677,0.0031548955012112,0.847343
7014,124,6227,0.0067987777292728,1.215219096
7014,296,14806,0.0058915875852108,0.89615
7014,296,14815,0.0086182728409767,1.20612
7012,957,47875,0.1765099465847015,0.733799
7012,363,18195,0.0538847111165523,0.587268
7001,418,20941,0.0145677700638771,0.398476
7012,737,36877,0.0023014196194708,1.34761
7012,737,36893,0.0045985733158886,0.830426
7014,642,32110,0.0036590467207133,0.7020518713
7014,642,32115,0.0294246096163988,1.09884
7014,642,32134,0.3150619268417358,0.978993
7012,1539,76963,0.013257403858006,0.56837
7012,888,44450,0.0045850127935409,0.911115
7014,455,22788,0.0068808896467089,0.888613
7014,455,22795,0.0091301351785659,0.947823
7014,455,22796,0.0019917257595807,1.03561
7012,1415,70758,0.0200870893895626,0.54540787224
7012,1415,70765,0.0053965654224157,0.720379
7012,1415,70776,0.0029724875930696,0.552827
7012,192,9604,0.004784164018929,1.021
7013,195,9776,0.0032163206487894,1.03456
7013,195,9777,0.0022181568201631,1.0081835456000001
7013,167,8373,0.002504538744688,1.2043440915
7011,6,344,0.0044508762657642,1.1877685248
7014,308,15418,0.701958179473877,1.0866
7012,536,26814,0.0041676275432109,1.14244
7014,769,38476,0.0032169979531317,1.09601
7014,769,38497,0.0059747253544628,0.96607
7014,928,46418,0.0092427805066108,1.0835641202500002
7013,17,873,0.0056461370550096,0.999374
7014,86,4322,0.9868790507316588,0.482456
7012,1345,67271,0.00232465704903,1.06335
7012,1345,67272,0.0024318811483681,1.03318
7012,919,45972,0.1463718563318252,1.4231572644
7012,919,46000,0.0281134042888879,0.755983
7014,859,42982,0.018320420756936,0.482184
7001,545,27251,0.0013499837368726,1.04464
7014,265,13263,0.0015325893182307,1.0676
7014,265,13265,0.9282361268997192,0.415343
7014,265,13269,0.0056769046932458,0.947567
7003,1706,85335,0.0067593068815767,1.00297
7012,497,24889,0.00173381913919,5.0069786145
7014,1425,71274,0.0034086571540683,1.02631
7014,1425,71275,0.4165972471237182,0.887303
7001,207,10400,0.0056624663993716,3.72931587336e-05
7014,657,32891,0.036720622330904,1.18345534454
7014,1304,65219,0.003974512219429,0.792108
7014,821,41082,0.0136387981474399,0.9417009393
7003,1435,71760,0.0073014916852116,1.26617
7014,1067,53383,0.0091420924291014,0.79247
7014,421,21064,0.155609130859375,1.8537454149
7014,421,21095,0.0036208871752023,0.733601
7014,1148,57414,0.0046012285165488,1.03942
7014,1148,57440,0.0011094063520431,0.6183752282099999
7012,567,28396,0.0050844638608396,0.94544759712
7012,648,32439,0.0025567829143255,0.593526
7012,757,37871,0.0041948836296796,1.01198
7014,941,47062,0.0237422958016395,0.865278
7012,840,42048,0.0044765649363398,0.586007
7012,840,42050,0.8432134389877319,0.325999
7012,222,11113,0.0028092886786907,1.2291841672000001
7014,245,12259,0.0122061194851994,1.01657
7003,1360,68023,0.004781499505043,1.00555
7012,1344,67214,0.0059039280749857,1.1664889965
7012,1344,67237,0.0072569912299513,1.0764043895200002
7014,970,48503,0.004498693626374,1.00063
7014,1367,68387,0.006071297917515,0.546932
7012,345,17291,0.0112605234608054,1.03284
7014,459,22987,0.0041728154756128,1.3353
7014,1135,56765,0.0028191118035465,1.04762
7013,126,6338,0.0032183988951146,0.968878
7014,1645,82257,0.6152682304382324,1.1300418888600001
7014,1645,82288,0.0056639187969267,1.00969
7001,294,14714,0.1435842812061309,1.2182381952
7012,244,12246,0.0048985905013978,1.58694
7014,913,45693,0.0044909976422786,1.2393271377
7014,17,855,0.0033068670891225,0.944371
7014,17,859,0.0020433112513273,1.03094
7001,357,17860,0.0103438142687082,1.04603
7001,357,17890,0.0040601701475679,1.08565
7011,165,8264,0.0019137283088639,0.949244
7012,1672,83621,0.0059287757612764,0.862996
7014,555,27772,0.004107872955501,0.8877508523999998
7012,851,42571,0.0051510194316506,0.599679
7001,704,35235,0.0044761882163584,1.09127
7014,11,563,0.0078222919255495,1.04013
7014,1705,85255,0.005307097453624,0.341282
7014,798,39915,0.0058712330646812,0.985216
7012,937,46876,0.465812474489212,1.05851
7012,937,46891,0.0084290541708469,1.03177
7012,937,46897,0.0040428806096315,1.12723
7012,1393,69688,0.028830649331212,0.564577
7014,30,1526,0.0041639166884124,1.04237
7014,1129,56472,0.0112414062023162,0.545781472245
7011,200,10007,0.0032493581529706,1.14504
7011,200,10009,0.0032844343222677,0.7772443113599999
7013,24,1232,0.0042306710965931,0.601157
7014,993,49656,0.0057240505702793,1.06302
7012,721,36076,0.0034628228750079,1.07058
7086,57,2866,0.006484511308372,0.407411
7012,1290,64515,0.0047668539918959,1.1712693231
7014,1430,71515,0.0404455251991748,5.0465988672e-10
7014,457,22890,0.0047340812161564,1.0
7014,378,18918,0.0085721751675009,0.929821
7014,1523,76198,0.8625369071960449,0.767761
7014,1695,84758,0.0165760852396488,1.4161401121
7014,1695,84780,0.0045107947662472,1.00942
7014,1695,84792,0.0033401083201169,1.55546
7014,1695,84796,0.0466043166816234,1.00366
7012,443,22157,0.0044747777283191,1.2958980342999997
7012,443,22183,0.0069837607443332,1.16217056592
7012,443,22191,0.0029071841854602,0.786986
7012,807,40360,0.0018274618778377,1.2366794393
7012,859,42955,0.2355389893054962,0.414777
7014,294,14701,0.0021960125304758,1.04408
7014,294,14736,0.0045410068705677,0.580343855
7014,960,48010,0.5360251665115356,1.5665220225
7012,1266,63344,0.0042973081581294,1.02303
7012,219,10984,0.0039152270182967,0.062757432749
7003,1704,85211,0.0166560169309377,1.01924
7003,1704,85219,0.0041637760587036,1.0104
7012,1197,59886,0.0179273914545774,0.495213
7014,1585,79270,0.0038205885794013,0.934235
7012,791,39569,0.1675668358802795,1.1505321729
7012,791,39577,0.002728704130277,0.418602
7012,791,39596,0.004976141732186,0.94949
7012,945,47296,0.0039621838368475,1.00314
7014,1589,79454,0.003979290369898,1.1609368290000002
7014,1589,79495,0.005935906432569,1.09676
7012,1288,64403,0.0074586342088878,1.410299926
7014,132,6623,0.0040973755531013,0.97648
7014,132,6627,0.0030442599672824,1.1434035808
7014,132,6649,0.0031274089124053,0.41212194885000003
7014,1172,58624,0.960232138633728,1.0
7014,1172,58649,0.0064272563904523,1.13146
7014,801,40066,0.07134959846735,0.856151
7014,855,42751,0.0037698184605687,0.865168
7014,1000,50030,0.0039160139858722,1.1897477145000002
7014,1000,50048,0.0080304220318794,1.04005
7012,606,30330,0.2736878395080566,0.970049
7012,535,26765,0.0023650571238249,1.08408
7014,1421,71066,0.002268383745104,0.696006
7014,1421,71087,0.0063706873916089,0.554144
7014,668,33405,0.0031920569017529,1.14537
7014,668,33431,0.0090688420459628,1.09194279478
7012,858,42919,0.0039827940054237,0.416002
7012,931,46582,0.470322698354721,0.93251
7012,931,46596,0.0448503755033016,0.529918
7012,931,46598,0.0249401312321424,1.15157677609
7014,400,20019,0.0018555411370471,0.901414
7014,400,20026,0.2872332036495209,1.4450181942000002
7013,56,2834,0.0042716562747955,0.947416
7014,59,2995,0.036999687552452,0.823156
7012,526,26309,0.0067552295513451,1.09781
7012,526,26312,0.0062645329162478,1.252058115
7012,526,26341,0.003382067894563,0.92179
7014,940,47042,0.0392799787223339,0.927653
7012,1220,61007,0.0044799679890275,1.29314
7014,202,10130,0.0036421851254999,0.516507
7014,97,4851,0.0038771438412368,1.01341
7014,97,4891,0.2563019692897796,1.06805
7012,1454,72712,0.0058961701579391,0.704938
7013,12,604,0.0124352155253291,0.338347
7014,1354,67717,0.0095227910205721,0.977395
7013,33,1657,0.0061179315671324,0.522682
7012,735,36754,0.0034695474896579,1.12842
7012,735,36762,0.0058917864225804,1.03489
7012,735,36795,0.0901114717125892,1.00883814464
7014,628,31443,0.0631838589906692,1.05783
7014,628,31448,0.0036007568705826,1.10989
7014,288,14428,0.0055656158365309,10.7320266888
7014,288,14439,0.0133088007569313,0.951375
7014,1316,65807,0.0056307143531739,0.7386104834999999
7014,1316,65842,0.007842706516385,1.21848715625
7012,279,13989,0.0036961738951504,1.02839
7014,165,8273,0.041812714189291,1.03135
7014,165,8285,0.0048658889718353,1.02319
7003,1441,72056,0.0028817316051572,0.919725
7014,1018,50943,0.009123645722866,0.858878
7012,496,24823,0.0144781796261668,1.12796
7012,386,19303,0.0037664943374693,1.00901865063
7012,386,19319,0.0026868632994592,0.961405
7014,128,6438,0.0047778128646314,0.784887
7012,1645,82285,0.0032210510689765,1.1889022374
7012,959,47980,0.0032273142132908,1.09788429933
7012,838,41940,0.0021576846484094,0.98474
7014,1197,59852,0.0023880759254097,0.5426092209
7014,1197,59862,0.0039769778959453,0.527016
7001,780,39009,0.1665536612272262,1.0
7001,780,39035,0.0041932621970772,1.12223522112
7012,1418,70906,0.0026663863100111,0.855504
7012,1418,70916,0.0041354703716933,1.04273
7011,2,149,0.0041485461406409,1.2101868662000002
7014,956,47838,0.0043012951500713,1.03703
7011,209,10481,0.0023418441414833,1.00633
7012,229,11451,0.0042564901523292,0.925271
7012,229,11481,0.0060443556867539,1.233198324
7014,588,29443,0.0215971060097217,0.943268
7001,680,34002,0.0032712921965867,0.832558
7014,238,11929,0.0025299657136201,0.395474
7012,1104,55235,0.8794662952423096,0.958466
7014,896,44845,0.0038856964092701,1.049
7014,1640,82005,0.0062849740497767,0.945697
7014,992,49629,0.00328881572932,1.23395
7014,992,49632,0.0025499735493212,0.946823
7014,992,49641,0.0124469986185431,0.8246239594200001
7014,992,49647,0.0024200491607189,0.537078
7014,684,34205,0.0039615663699805,0.81188
7014,972,48647,0.0030208374373614,1.07343
7012,408,20408,0.0025943359360098,0.720092
7012,408,20411,0.0024194116704165,1.09247
7012,971,48598,0.012909859418869,1.21214
7012,1535,76763,0.0025341566652059,1.02476
7014,1386,69307,0.0038705875631421,0.819045018348
7014,1386,69335,0.0061540622264146,1.00815
7001,272,13632,0.0023692606482654,0.00018347256038999998
7014,1339,66984,0.0061810165643692,1.0740609399999999
7014,756,37846,0.0390529409050941,0.58724637426
7012,289,14482,0.0114597883075475,0.894216
7001,694,34727,0.0067682857625186,0.440946
7014,1054,52716,0.7552566528320312,1.24445
7011,122,6115,0.0066834744065999,1.04733
7012,1325,66298,0.0009707160643301,1.06732
7014,1690,84543,0.0088836438953876,0.927672
7014,898,44924,0.0035621367860585,0.938232
7014,898,44928,0.0045230439864099,1.48108
7001,562,28111,0.1152518391609191,0.988134
7001,562,28122,0.004928161855787,1.0
7014,87,4351,0.009236485697329,0.507783
7014,87,4380,0.0050327787175774,0.660669
7001,73,3680,0.0020244880579411,1.06663
7001,73,3684,0.0143635906279087,0.790555
7014,1638,81916,0.0500122420489788,0.591441
7014,1638,81935,0.0037683716509491,1.02967
7012,1490,74545,0.0389399826526641,0.675457
7001,409,20462,0.5911868810653687,1.11883
7014,603,30185,0.003553322283551,0.893837
7013,68,3412,0.0048807780258357,0.847469
7013,68,3422,0.0049825911410152,1.10971
7012,913,45684,0.8486166000366211,1.04523
7012,913,45686,0.003979121800512,1.01961
7012,913,45690,0.0092291347682476,0.982699
7014,1573,78673,0.0092773921787738,1.2774003885999998
7014,1573,78675,0.4459039270877838,0.886381
7012,148,7434,0.0065445150248706,1.0837018743000001e-11
7012,148,7438,0.0025004786439239,0.209638
7014,1480,74007,0.0107003077864646,0.990199
7012,618,30907,0.0046347193419933,1.02537
7012,1575,78753,0.0049943826161324,1.03924
7012,1575,78754,0.0012016446562483,0.49900262747
7012,1575,78764,0.0044046398252248,0.53264
7012,1575,78782,0.0017252300167456,1.07188
7014,27,1365,0.0097255641594529,0.905833
7014,27,1389,0.0069076800718903,1.2572838462999998
7012,1311,65564,0.0122412573546171,1.0557068542399999
7012,93,4652,0.0269149746745824,1.01827
7012,93,4670,0.0039871339686214,1.00959
7014,1485,74278,0.003530170302838,1.0039
7012,1524,76212,0.0033674400765448,4.46160428595
7014,127,6373,0.0048263426870107,0.583174
7012,999,49956,0.0048035527579486,0.468854
7012,1087,54400,0.0043616076000034,0.859156
7014,1030,51522,0.1626660376787185,0.546991
7014,1030,51526,0.0036468165926635,0.942903
7012,379,18987,0.0093205254524946,1.01313
7011,225,11269,0.0078529389575123,1.0458
7012,146,7343,0.0251295119524002,1.04887
7003,1513,75676,0.0160791538655757,0.896878
7003,1513,75683,0.0067183929495513,0.894721
7001,1050,52506,0.0158235654234886,0.96907
7012,1121,56062,0.3013000786304474,0.617283
7013,90,4524,0.0012404427397996,0.994056
7014,484,24247,0.0345194786787033,0.517742
7014,1391,69561,0.0033467172179371,0.952622
7014,1391,69590,0.0105866696685552,0.568301
7014,1391,69600,0.0036669929977506,0.542059
7001,217,10851,0.8090084195137024,0.969598
7001,217,10885,0.2348828464746475,0.60276186015
7001,217,10896,0.0046956660225987,0.33328
7012,178,8906,0.0037473747506737,0.547752
7014,1275,63779,0.0035242456942796,1.04285
7012,1447,72375,0.0395346619188785,0.0116322713848
7012,1447,72393,0.0036177542060613,1.0511
7012,124,6243,0.011612057685852,1.02783
7012,1045,52277,0.0059470767155289,1.01498
7014,1360,68024,0.0191106926649808,1.2218107200000001
7012,942,47104,0.0119055835530161,0.377949
7014,1696,84816,0.0028446011710911,0.550318
7011,273,13672,0.0092928288504481,1.07591
7012,637,31858,0.873144805431366,1.07143
7011,135,6772,0.0044563310220837,0.471638
7011,135,6781,0.0034706839360296,0.617274
7011,135,6790,0.0062841167673468,0.628942
7003,1473,73671,0.0093913441523909,0.926853
7003,1473,73680,0.0047586658038198,0.767277
7001,318,15942,0.0058007161132991,0.847564
7001,318,15945,0.0030817710794508,1.0656
7012,1318,65901,0.0068558678030967,0.654568
7012,1318,65904,0.0027678878977894,0.98142
7012,1318,65922,0.0743628814816474,1.03906
7012,1318,65937,0.0047963666729629,0.84120873445
7014,1297,64860,0.0047532483004033,1.2062
7014,1297,64899,0.0098812915384769,0.794838
7012,139,6993,0.0023756362497806,1.2062810592000002
7014,1373,68683,0.00670001283288,0.0004447050678
7012,1543,77175,0.0021875915117561,0.632603
7014,497,24858,0.0018734033219516,1.035347013
7014,497,24868,0.0026875764597207,0.722648
7014,497,24879,0.0039082523435354,1.03111
7014,497,24900,0.0030329884029924,1.00205
7012,125,6251,0.006415874697268,0.93887098184
7012,125,6277,0.0033793605398386,0.93523
7012,125,6290,0.063636228442192,1.03743
7001,104,5228,0.0010546090779826,0.530587
7012,509,25485,0.0010311017977073,1.01057
7012,658,32905,0.0064603425562381,1.05123
7011,182,9146,0.003917986061424,3.98392124867e-05
7003,1583,79166,0.0089505976065993,0.440333
7003,1380,69004,0.0040603997185826,1.3442122565
7003,1380,69038,0.006857865024358,1.2813414549000002
7014,151,7588,0.001435755752027,0.9959552242499999
7012,203,10179,0.0047441688366234,0.511232
7012,616,30820,0.0034945004153996,0.969155
7012,616,30832,0.0028335235547274,0.768229
7012,616,30840,0.0086421594023704,0.876921
7014,611,30565,0.4070155024528503,1.65295
7014,611,30581,0.0032676248811185,0.649433
7014,611,30590,0.0033610174432396,0.722324
7011,88,4402,0.0078875990584492,0.353634
7011,88,4434,0.0100363427773118,0.896528
7011,88,4446,0.1900454014539718,1.03303
7001,523,26187,0.0188248362392187,1.06042
7001,523,26188,0.0046717696823179,1.24992
7014,18,949,0.0057952385395765,1.00231
7014,602,30125,0.0037917855661362,0.997861
7014,221,11091,0.0121210487559437,0.961198
7012,972,48622,0.0058465031906962,1.22568
7014,309,15476,0.0037149433046579,1.02212
7014,309,15480,0.561477780342102,1.1764708228499998
7014,309,15499,0.0043293354101479,0.774838
7012,1149,57471,0.9117835164070128,1.0
7012,805,40289,0.0021299964282661,1.04003
7014,217,10861,0.0061891553923487,0.551054
7014,116,5804,0.0203490070998668,0.639553
7012,696,34809,0.0041444934904575,1.1953571201
7014,1251,62588,0.0028970425482839,1.21785
7014,1164,58237,0.0204228553920984,0.749715
7012,1128,56403,0.004022825974971,0.975732
7014,1281,64079,0.007847218774259,1.04591
7014,1281,64085,0.002610269235447,0.753836
7014,1145,57285,0.0018029151251539,0.944066
7012,1574,78728,0.0822758451104164,1.05606
7012,399,19995,0.0030795640777796,1.17443
7001,257,12871,0.0039537148550152,0.679832
7014,826,41322,0.0041963933035731,1.3505550912000002
7014,826,41333,0.003155147191137,1.00742
7014,280,14037,0.0051819537766277,0.566911
7012,79,3994,0.1473652720451355,0.627109
7012,756,37810,0.0048765144310891,0.92179
7014,1608,80422,0.7572083473205566,0.944018
7001,900,45017,0.0030193154234439,0.687387
7001,900,45019,0.0087992018088698,0.912145
7012,730,36503,0.0044364351779222,0.84709
7012,730,36529,0.1423683315515518,0.572299
7012,730,36545,0.4248230755329132,0.980052
7012,1238,61923,0.0099549470469355,0.946741
7014,190,9506,0.0055406503379344,1.01309
7014,1660,83021,0.0023444278631359,0.992623
7014,28,1402,0.0048875180073082,0.988213
7001,376,18813,0.0076842373237013,1.01309
7001,376,18821,0.0547586493194103,0.996401
7014,387,19373,0.0085154771804809,1.28349
7014,664,33242,0.0037739269901067,0.977118
7014,664,33246,0.0058733401820063,0.975251
7012,502,25134,0.0057921130210161,0.84755166918
7003,1431,71568,0.0049262843094766,1.2052197092
7003,1431,71590,0.0227998849004507,0.525155
7095,11,566,0.0042456230148673,0.751278
7014,33,1667,0.0833511427044868,0.939126
7012,1615,80773,0.0040485789068043,0.528038
7012,1615,80776,0.0046345880255103,1.19526
7012,1615,80799,0.0034646249841898,1.0
7012,568,28414,0.0026929741725325,0.991821
7013,189,9466,0.0047525893896818,1.51054
7014,1325,66279,0.0024541867896914,1.08586
7012,195,9755,0.1287490725517273,0.960124
7001,434,21745,0.0057813534513115,0.876936
7001,434,21750,0.0124136684462428,0.101699197746
7014,681,34064,0.0446771457791328,1.0639
7014,681,34072,0.0762568339705467,0.775372
7014,681,34088,0.0046572824940085,0.6809798672599999
7012,1401,70057,0.1675777733325958,1.2373784181
7012,1401,70100,0.0103011131286621,1.02425
7012,1076,53804,0.0054525271989405,0.990043
7012,1076,53838,0.0092969378456473,1.05501
7014,1488,74439,0.0086721442639827,0.968858
7014,1488,74440,0.0019814341794699,1.4880161009999997
7012,745,37272,0.0030907674226909,0.991013
7012,745,37294,0.0055063250474631,1.00173
7012,745,37299,0.0018061710288748,1.11573
7001,985,49258,0.0097553404048085,0.949679
7001,985,49269,0.0058197607286274,1.0398
7014,1647,82371,0.0013329706853255,1.13269
7014,83,4183,0.5377185940742493,1.02645
7013,61,3064,0.0043111434206366,0.947642
7013,61,3072,0.0038160635158419,0.732866
7013,61,3075,0.0038258682470768,0.81981941958
7003,1310,65529,0.0129828890785574,0.923738
7011,246,12346,0.005130351986736,0.9235158161579999
7014,262,13148,0.0244903732091188,1.03593
7012,501,25091,0.9780242443084716,1.19817
7012,1122,56128,0.0016683459980413,0.68661
7012,1122,56145,0.0031205350533127,1.0732
7014,780,39019,0.0024654709268361,1.1153
7014,461,23100,0.007459245622158,1.32114
7014,1435,71769,0.0035039098002016,0.756965
7014,3,193,0.0056563480757176,0.561542
7012,610,30503,0.0033301864750683,1.11432425085
7012,610,30532,0.0038059349171817,0.6220415829600001
7012,610,30543,0.0016646856674924,0.539138
7011,67,3374,0.002702402183786,1.247128974
7014,1165,58293,0.0037282633129507,1.00697
7012,534,26743,0.0227940995246171,0.950559
7012,127,6358,0.7386923432350159,1.16422305984
7012,1221,61065,0.0034854772966355,0.668501275396
7014,770,38538,0.0034779680427163,1.00379
7014,147,7365,0.0077665569260716,1.25666
7014,564,28205,0.0022659578826278,0.567974
7014,564,28242,0.0035345088690519,0.953776
7014,1119,55993,0.0011970469495281,0.521746
7012,25,1291,0.0053341910243034,1.02409
7001,1001,50073,0.0699138715863227,0.347413
7001,1001,50092,0.0018764826236292,0.916441
7012,438,21909,0.0052355155348777,0.476294
7001,1006,50301,0.0071542453952133,1.2776736768
7014,441,22055,0.0072191692888736,1.6756580301
7014,441,22061,0.0016914021689444,1.1321306878000001
7014,441,22089,0.00455142557621,0.817706
7012,1015,50762,0.002696197014302,0.978431
7012,1015,50791,0.0032040074001997,0.41487156612
7014,1247,62368,0.0049301679246127,0.94741
7014,1247,62387,0.9118924140930176,1.02698
7014,953,47687,0.0022591806482523,1.1285577993000002
7012,651,32593,0.2060703933238983,0.877913
7014,1137,56857,0.0503678433597087,0.49623778179000005
7014,1137,56894,0.0065361922606825,1.03266
7001,1149,57481,0.0019468996906653,0.543768
7001,1149,57494,0.0052904798649251,1.296843058
7012,1166,58341,0.2645690441131592,0.987247
7003,1717,85852,0.0252582542598247,0.784513
7003,1717,85854,0.0098825758323073,1.03854
7003,1717,85883,0.0038759231101721,0.567009
7003,1717,85885,0.0055498643778264,1.2064700466000002
7014,635,31797,0.0024526570923626,1.236728076
7001,807,40376,0.0858657285571098,0.628656
7001,807,40385,0.0026002503000199,1.03517
7001,807,40395,0.0473378747701644,0.712466
7014,1497,74863,0.0029541193507611,1.1669432892
7014,803,40191,0.0047103753313422,1.04644
7012,437,21888,0.1532488018274307,0.0023867159768
7012,437,21890,0.0106314551085233,1.25683
7014,1235,61782,0.0037049851380288,0.275466
7014,327,16388,0.0097918342798948,0.358198
7014,327,16389,0.0077858427539467,0.526125
7012,415,20759,0.0041510029695928,1.13474
7014,161,8057,0.0055559049360454,0.85883853447
7014,161,8089,0.0053073447197675,0.825722
7014,1105,55283,0.0035093482583761,1.44093
7013,98,4935,0.2286271750926971,0.654973
7012,158,7906,0.1741622537374496,1.03728482748
7014,712,35625,0.0094905346632003,1.31055
7014,1462,73130,0.0216985587030649,4.636544368500001e-06
7014,998,49903,0.013879126869142,1.3142
7014,998,49924,0.0052650710567831,0.943493
7014,998,49932,0.0027338308282196,1.20752
7011,197,9872,0.3107055127620697,1.02576
7001,408,20401,0.0020189920905977,1.03413
7001,408,20409,0.0020141275599598,0.477347
7014,667,33387,0.0057822004891932,0.9064
7012,299,14981,0.0093558728694915,0.936246
7012,299,14986,0.00434997305274,0.498587
7012,813,40674,0.0031853651162236,1.36691
7014,166,8324,0.0035570287145674,1.04374
7012,1272,63622,0.0049289404414594,0.466492
7012,1272,63632,0.002950120717287,0.50284
7012,1272,63650,0.003732367651537,0.864382
7012,1540,77019,0.0031216626521199,1.0327
7014,630,31526,0.0017239059088751,1.06448
7014,567,28359,0.8788927793502808,1.4333642195999998
7011,62,3107,0.0034205853007733,0.940855
7001,587,29356,0.0030900328420102,0.918462
7003,1653,82655,0.0026681229937821,0.632549
7014,864,43227,0.615755558013916,0.585126
7014,864,43240,0.0158132929354906,0.856255
7014,864,43249,0.0047618821263313,0.83226
7003,1740,87023,0.0109436083585023,1.04197
7014,326,16308,0.0048023359850049,1.08023
7011,5,268,0.0017540213884785,0.725722
7012,865,43251,0.0026827740948647,1.2429027786
7012,865,43259,0.1096072867512703,0.559311
7012,865,43286,0.0044027478434145,1.1880048985000002
7001,350,17512,0.0045145647600293,0.631302
7001,350,17542,0.6744565367698669,1.14918532328
7014,931,46573,0.0044061979278922,0.992381
7011,285,14252,0.003453106386587,0.892927
7011,285,14277,0.0080094970762729,0.877913
7012,1138,56904,0.7485568523406982,0.646554
7012,1138,56949,0.0065967929549515,0.9646506820200001
7013,212,10629,0.0051807425916194,0.518329
7013,212,10630,0.0124594187363982,0.438308
7012,361,18088,0.4974119663238525,0.9123314795399998
7001,815,40761,0.0049977963790297,1.3078829645
7001,815,40774,0.5419554710388184,0.982252
7001,815,40800,0.0039101876318454,0.579585
7012,1050,52528,0.0021329801529645,0.625655
7012,1050,52544,0.0026886644773185,6.854538512700001e-06
7014,552,27648,0.0044087585993111,0.731407834252
7003,778,38924,0.0112857166677713,0.574759
7013,41,2055,0.0028968567494302,0.730079
7012,48,2439,0.0033995108678936,1.04185
7014,95,4780,0.8759362697601318,1.05801
7014,95,4790,0.0050160288810729,1.04622
7014,95,4798,0.0019849138334393,0.901848
7012,1089,54461,0.0031631530728191,1.15369
7012,1089,54464,0.0073951836675405,0.7940035991299998
7012,1089,54467,0.0115402555093169,0.848557
7012,1089,54473,0.0043521053157746,1.06104
7012,1088,54424,0.0434175431728363,1.05995
7085,0,47,0.0027336615603417,1.04622
7085,6,313,0.0022282360587269,1.07371
7012,458,22945,0.0019724792800843,0.983009
7014,1538,76913,0.1712984293699264,0.65504255874
7014,481,24065,0.0011652768589556,0.617124
7014,638,31933,0.6074860095977783,0.933604
7014,638,31942,0.0029567920137196,1.01027
7001,164,8203,0.0011066403239965,1.21137
7012,364,18242,0.0512629114091396,0.5722543466200001
7014,952,47621,0.0197315998375415,0.701497
7014,1612,80601,0.0044708307832479,0.54769
7012,890,44527,0.0038275222759693,0.431926
7012,890,44544,0.0042124167084693,1.00551
7014,676,33823,0.0513128265738487,0.48646603887999995
7014,676,33843,0.0051840515807271,1.25857421861
7011,223,11195,0.0059629674069583,1.34335
7001,503,25152,0.0048533394001424,1.1903000366999998
7012,741,37060,0.0024828531313687,1.02656
7012,741,37096,0.0049316990189254,1.04968
7012,741,37098,0.7637090682983398,0.871161
7012,1530,76509,0.0044810245744884,0.97555
7012,1530,76533,0.0022084370721131,0.784503
7012,1530,76545,0.0029814110603183,1.60365480068
7011,304,15201,0.0142349926754832,1.03618
7011,304,15246,0.0045825149863958,1.6825491773999999
7003,1364,68218,0.0017440585652366,1.00688
7014,39,1969,0.0024239686317741,1.00596
7011,3,173,0.160376101732254,0.669703
7011,3,191,0.0039311852306127,0.39977106647
7012,1762,88141,0.0091291656717658,0.992218
7012,1762,88143,0.003655225969851,0.0026662816124500004
7014,6,323,0.005916069727391,0.590001
7012,940,47014,0.0020251723472028,1.10909
7012,487,24362,0.0111314207315444,0.444887
7012,487,24396,0.0017570633208379,0.705499
7014,927,46356,0.0072147725149989,1.364260896
7014,522,26114,0.0019948512781411,1.4075894184
7014,522,26128,0.0072010145522654,1.2180894671999998
7014,522,26141,0.0022989178542047,0.791669
7014,50,2529,0.0037798318080604,0.976428
7014,847,42395,0.0025385671760886,0.5428741547499999
7014,1302,65114,0.0036828839220106,1.0414354532399999
7001,114,5747,0.3436194360256195,1.09327
7012,977,48878,0.0042364806868135,0.747324
7014,666,33347,0.0068813166581094,1.04595
7014,1622,81129,0.0029640530701726,1.04321
7014,25,1297,0.0022485926747322,0.987988
7012,1494,74726,0.0032839409541338,0.58183843159
7014,1224,61245,0.0096746748313307,0.985368
7014,786,39306,0.0030204653739929,1.01167
7011,116,5808,0.0500074923038482,1.12272441216
7011,116,5825,0.0033197116572409,0.5748101390399999
7011,116,5828,0.3892712295055389,0.511321
7011,116,5829,0.0039887852035462,0.565808
7014,410,20537,0.0069701983593404,1.17758
7013,101,5068,0.0028958637267351,1.05115
7014,1671,83552,0.0144109353423118,0.657832
7014,1107,55357,0.0060620917938649,0.6628749954400001
7012,1413,70694,0.0090921921655535,0.6363445895100001
7011,264,13208,0.025061035528779,1.04243
7011,264,13236,0.001124991569668,1.2970596616
7012,1536,76831,0.6618136167526245,0.989708
7012,1536,76845,0.0121805118396878,1.02944
7014,2,105,0.0014825777616351,0.69445
7012,59,2954,0.0026677954010665,1.04614
7012,59,2962,0.0041253198869526,0.8922218086
7012,59,2972,0.0009363194112665,4.494170958
7014,1317,65857,0.1103561967611312,1.00297710418
7014,1357,67861,0.0038370958063751,0.621744
7014,1357,67882,0.0024941272567957,1.00449
7001,122,6145,0.0290515162050724,1.0832
7014,661,33083,0.1654314696788787,0.691312
7012,346,17322,0.0051726754754781,0.950413
7011,272,13617,0.005059141665697,0.731921
7012,713,35666,0.0043831914663314,1.01184
7014,1750,87525,0.0033592446707189,0.567684
7012,711,35600,0.0019309316994622,1.14421
7011,51,2578,0.4185729920864105,1.18247326783
7014,1026,51307,0.0063938712701201,0.969147
7012,1262,63142,0.0311246793717145,1.2705885621
7012,673,33663,0.1903464198112487,0.888809
7012,673,33694,0.0041095330379903,1.2743694512000001
7014,523,26170,0.0099556138738989,0.989896
7014,857,42852,0.7589280009269714,0.945884
7014,330,16504,0.7967774868011475,0.934413
7014,330,16523,0.0074688722379505,1.01973
7014,1201,60083,0.0153788374736905,0.69474780765
7014,1039,51967,0.001706997049041,1.04081
7014,649,32487,0.0017208977369591,0.944125
7014,649,32500,0.0026131172198802,0.72135431082
7014,1594,79735,0.0028982865624129,0.499561
7012,1321,66080,0.0033606868237257,0.998556
7012,1321,66087,0.0894406139850616,1.13007
7001,530,26513,0.0037117216270416,1.05466
7001,530,26545,0.003238168079406,1.2306852584999999
7012,1203,60193,0.0039125429466366,1.01527
7011,278,13914,0.0052177216857671,1.06821
7011,278,13943,0.0056380867026746,1.0
7012,1271,63568,0.0043574227020144,0.010943454759999999
7012,1271,63575,0.0337420627474784,0.844508
7012,1438,71945,0.0021903703454881,1.2074951763
7014,698,34921,0.0155826620757579,0.96612
7014,688,34448,0.0019676724914461,0.7424096601599999
7012,1577,78859,0.0041103642433881,0.998845
7001,177,8863,0.0038082278333604,3.8884644541999998
7012,1093,54678,0.0013295453973114,1.19513
7012,1154,57744,0.0055958647280931,0.984273
7003,1574,78743,0.0026160557754337,1.01149
7014,951,47552,0.0026646002661436,0.974276
7014,951,47560,0.0067163119092583,1.0838626106700002
7014,951,47565,0.0038344555068761,0.531439
7014,951,47599,0.0127201220020651,1.26502717731
7013,151,7595,0.002716863527894,0.83552
7014,1433,71669,0.0428737141191959,1.09385
7001,82,4115,0.2738484740257263,0.82925500268
7001,82,4123,0.0086847050115466,0.89809
7012,1145,57273,0.0234521869570016,0.785192
7012,1145,57293,0.0028800249565392,1.18389
7014,1566,78337,0.0079436972737312,0.559527
7014,1072,53626,0.3553554117679596,0.627974
7014,310,15545,0.0022297778632491,1.09870010736
7003,1564,78202,0.0016935259336605,0.642355
7003,1564,78243,0.0035258149728178,0.496513
7003,1475,73751,0.0028037435840815,0.618082
7003,1475,73778,0.0039069941267371,1.07198711078
7014,485,24253,0.0069745765067636,0.587008
7012,243,12164,0.0139307640492916,1.04468
7012,243,12194,0.002675631083548,0.930342
7013,170,8525,0.2543182075023651,0.406857
7013,170,8547,0.0050341645255684,1.4495298119999998
7014,601,30064,0.0277842674404382,1.05244
7014,601,30075,0.0040849801152944,0.994265
7014,1139,56967,0.0028686802834272,0.760904
7001,724,36242,0.0024422409478574,1.2255996644999998
7001,204,10210,0.0011397966882213,1.0895426634399998
7086,9,458,0.0045628384687006,1.03943
7086,38,1929,0.0024086837656795,0.697112
7014,74,3729,0.6641252040863037,1.0059402054100002
7013,40,2025,0.013905856758356,1.07454
7012,1127,56357,0.0063124615699052,1.33482
7012,1127,56378,0.0035588138271123,1.01557
7014,1245,62276,0.0075592729263007,0.949946
7012,1175,58770,0.0026377588510513,1.04244
7012,1206,60302,0.0042370297014713,0.403842
7012,1206,60310,0.015683202072978,0.9764863270499999
7012,1206,60312,0.0712047889828682,1.30275
7012,1206,60334,0.5453985929489136,9.4412386411e-06
7014,205,10261,0.0143073853105306,1.2139904832000001
7014,205,10286,0.0058237765915691,1.06305068136
7014,249,12483,0.0016121547669172,1.0382
7014,1742,87142,0.0018411321798339,1.2647
7012,324,16224,0.0150344222784042,0.520039
7001,1124,56217,0.0065506589598953,1.06767
7001,1124,56226,0.0039219832979142,1.19056
7014,1564,78204,0.0045067411847412,1.2597679654999998
7014,1564,78237,0.0036851682234555,0.811945
7012,1326,66314,0.0485689528286457,0.984536
7012,1107,55388,0.0050943535752594,0.76663
7001,1051,52570,0.0064204870723187,0.479002
7014,1675,83793,0.0058990740217268,0.919304
7012,1064,53219,0.0057914922945201,0.837337
7012,1064,53237,0.0241698920726776,1.07267
7012,1064,53238,0.0023298643063753,0.531619
7012,1064,53240,0.0032718037255108,0.980085
7012,690,34528,0.0024626709055155,1.10286074752
7011,313,15661,0.0040978523902595,0.81247817196
7014,426,21306,0.0059528807178139,0.902269
7014,426,21336,0.0390974804759025,0.89341
7013,114,5712,0.0031528999097645,1.02476
7012,149,7491,0.07453253865242,0.50781
7012,149,7500,0.0052493163384497,1.00319
7012,1498,74948,0.0122089944779872,1.04135
7014,189,9468,0.0588478185236454,1.00016
7014,1688,84422,0.0014696303987875,0.868613
7014,1688,84423,0.0029893664177507,1.1849637149999999
7014,901,45082,0.0063325939700007,0.973199
7014,901,45090,0.004169943742454,0.486282
7012,347,17392,0.0116832489147782,0.9809020004
7012,347,17395,0.0316407345235347,1.2617607799500001
7012,483,24156,0.0043055238202214,1.157
7012,483,24166,0.0204562600702047,0.447587
7012,483,24170,0.0059710396453738,0.992141
7012,1027,51354,0.0028056653682142,1.2127092545
7011,254,12707,0.0196214988827705,1.04234
7014,359,17953,0.004680405370891,0.539265
7014,359,17990,0.3681157231330871,1.05545600988
7003,1384,69205,0.0094080381095409,1.05882
7003,1384,69230,0.00527517311275,1.1359345519200001
7014,355,17780,0.0031495597213506,1.04463
7003,927,46372,0.0071215638890862,0.564489
7003,927,46385,0.0604195110499858,0.670903
7003,927,46400,0.0036311114672571,1.2764859814
7012,237,11864,0.0025889051612466,0.871229
7012,613,30679,0.002679597819224,1.01687
7012,613,30686,0.002494542626664,0.842761
7014,723,36169,0.002355926670134,0.9853415265599998
7012,265,13266,0.004186519421637,0.694519
7012,259,12952,0.1753410249948501,1.04237
7012,413,20698,0.0110085802152752,1.02202
7012,1204,60215,0.0090602971613407,0.404019
7001,181,9097,0.0024222061038017,0.555172
7012,1102,55132,0.9271746277809144,1.00877
7012,1102,55140,0.072460725903511,0.607615
7001,613,30660,0.0024350015446543,0.454231
7014,369,18485,0.0028760742861777,0.49496
7012,1327,66388,0.0041595585644245,0.64288
7013,235,11775,0.0228928159922361,1.23794653038
7012,385,19299,0.8432913422584534,0.849921
7014,935,46798,0.0043348101899027,0.983582
7014,1370,68538,0.0254534874111413,0.766876
7014,1370,68549,0.0029359660111367,0.596735
7012,1100,55019,0.0056841634213924,0.9174943759399999
7012,1100,55020,0.0029946404974907,1.19725
7012,1100,55040,0.0025540580973029,1.0361
7014,1168,58402,0.1669801771640777,1.2149918535
7012,1384,69204,0.0016227198066189,0.881002
7012,1384,69206,0.0045291003771126,0.962211
7012,1384,69248,0.0047832401469349,0.811814
7014,1315,65786,0.0060301893390715,0.823327
7014,1315,65790,0.001413770020008,0.834358
7014,1315,65794,0.0328013263642787,0.565742
7001,478,23912,0.0032131820917129,2.72553364888e-14
7001,478,23920,0.0020421794615685,0.92179
7014,1114,55705,0.149708941578865,1.2186200616
7014,538,26906,0.0029840543866157,1.03345
7001,374,18707,0.0051773912273347,4.45848018962
7001,374,18735,0.0034688159357756,0.915015
7012,1165,58261,0.005866517778486,0.955921
7011,300,15036,0.887665331363678,1.0
7011,78,3925,0.0024697151966392,0.896587
7011,78,3926,0.0076025524176657,0.00048627938529999996
7003,1433,71655,0.0140295829623937,0.8380031051
7014,200,10001,0.1292662024497985,0.974356
7014,200,10029,0.0019610640592873,0.793981
7014,200,10030,0.0016914473380893,1.17896
7014,200,10037,0.0022307562176138,1.0967081754999999
7012,801,40057,0.0012311249738559,0.983876
7014,226,11329,0.002494013402611,0.953342
7014,226,11330,0.0027611230034381,1.04662
7012,1241,62062,0.0029563349671661,0.806114
7013,59,2976,0.003000353462994,0.484652
7013,59,2984,0.0037117996253073,0.764291
7013,59,3000,0.6840530037879944,1.45921
7014,589,29453,0.0132722184062004,0.232047
7014,589,29493,0.0075643081218004,0.610945
7014,705,35264,0.0030632042326033,0.91884
7012,85,4281,0.0041434769518673,2.3762193387
7014,14,734,0.0045647942461073,1.8805792844999998
7012,493,24676,0.0025532369036227,0.917641
7001,1036,51837,0.082067459821701,1.1118705964
7001,1036,51848,0.0191695746034383,0.699049
7012,254,12731,0.002052912954241,0.59166823422
7001,86,4315,0.003626997815445,0.916984
7011,148,7438,0.0026767458766698,0.944265
7014,772,38644,0.0160996038466691,1.0253
7012,376,18819,0.0010207880986854,1.49058
7014,480,24020,0.0051644397899508,3.1046521733999996e-11
7014,480,24038,0.0033937548287212,1.0875923673
7014,955,47777,0.0197644401341676,0.483656
7014,1577,78882,0.0030209536198526,0.976378
7012,1623,81162,0.0022129451390355,1.2395851603399999
7012,638,31923,0.0063074571080505,0.522567
7012,638,31935,0.013044367544353,0.60140425149
7012,1720,86011,0.2606675028800964,0.515833
7012,1720,86041,0.0057221590541303,1.00104
7012,329,16475,0.004483544267714,1.01327
7012,329,16499,0.0051057999953627,1.06987
7014,1273,63673,0.0050226580351591,1.9405274070000003
7014,121,6089,0.0034962196368724,0.791988
7001,689,34458,0.0030534646939486,1.07127
7001,689,34494,0.0058079725131392,1.03493
7003,1676,83817,0.0016712107462808,0.95407
7013,7,391,0.001584242330864,0.675403
7013,7,396,0.0032459560316056,1.01382
7012,1176,58807,0.0022931243292987,1.01595
7012,1176,58824,0.0312908999621868,0.00022947297647999998
7012,1176,58832,0.004275188781321,0.482315
7014,343,17188,0.1525327116250991,1.25276
7012,463,23152,0.0031303791329264,0.970031
7012,463,23153,0.8219819664955139,0.948113
7012,1067,53364,0.0042609386146068,1.01800063479
7012,1042,52119,0.0055847722105681,1.24748
7012,1042,52121,0.0036647357046604,0.92462738786
7014,796,39816,0.0024221383500844,0.64763
7014,152,7640,0.0085244392976164,1.07425
7014,547,27356,0.0051867426373064,1.09185
7014,989,49496,0.0019825885538011,1.2679833042
7014,1362,68125,0.0061587882228195,0.967993
7014,934,46744,0.0070253605954349,0.63065143851
7014,934,46747,0.0017945467261597,0.556693
7011,284,14203,0.0056031746789813,0.987341
7011,284,14238,0.0066622192971408,0.863841
7014,781,39074,0.0019952014554291,1.08184
7001,35,1769,0.0026879191864281,0.971379
7001,35,1791,0.0122786005958914,0.953354
7014,591,29595,0.4176740944385528,0.923737
7012,832,41619,0.0034766986500471,0.716883
7014,1432,71604,0.003374514169991,0.610971
7014,1432,71632,0.949620008468628,0.284409
7014,1432,71646,0.0199918393045663,1.1516911357600002
7014,1130,56516,0.0046620019711554,1.05862
7014,1130,56548,0.0029241570737212,0.823029
7014,391,19581,0.0025793996173888,1.8587208901999999
7014,881,44088,0.0050139753147959,0.40513244000000004
7014,924,46202,0.0037681246176362,0.5476
7014,924,46210,0.0212745256721973,1.0557
7012,1761,88054,0.0097299003973603,1.03788
7012,1761,88070,0.0101980119943618,1.04814
7003,1178,58934,0.0017979010008275,0.885237
7012,1286,64301,0.0311188269406557,1.19482987
7012,134,6712,0.0047760931774973,0.6458230963800001
7012,134,6744,0.0098959282040596,1.276765847
7011,80,4050,0.0013378112344071,0.759167
7014,669,33490,0.0044657234102487,1.2463307202
7086,11,568,0.005703873001039,1.20461
7012,5,257,0.0059500564821064,0.584413
7012,5,261,0.0018583923811092,0.899158
7012,5,274,0.2692660987377167,1.03738
7014,240,12009,0.0069676511920988,1.04528
7014,240,12024,0.0029517789371311,1.17521
7014,1147,57352,0.0022491062991321,1.03621
7014,596,29817,0.0116730509325861,0.0021520420473999996
7014,532,26646,0.0048159398138523,0.838334
7012,442,22136,0.0028227267321199,1.1868788730000002
7014,1179,58968,0.0131428008899092,1.02238
7011,220,11014,0.0041035539470613,0.448701
7003,1626,81308,0.0106590874493122,0.489627
7012,388,19410,0.0024322930257767,0.293926
7012,886,44318,0.0054429471492767,3.2635895555000003
7011,257,12885,0.9837100505828856,1.04958
7013,155,7786,0.0036498797126114,1.03478
7013,155,7794,0.0043713483028113,1.02089
7011,262,13142,0.0071555594913661,0.786568
7012,31,1585,0.0030595266725867,0.949605
7012,31,1594,0.0021119315642863,1.21644
7014,477,23857,0.0017743041971698,1.33024
7014,477,23866,0.0038465724792331,0.94672345313
7014,574,28735,0.0083719696849584,0.565026
7014,873,43671,0.0024739489890635,0.92179
7001,1182,59126,0.0049936012364923,1.0214
7003,1052,52648,0.0768241435289383,0.997614
7003,1630,81537,0.0058821644634008,0.663793
7003,1630,81541,0.0628858655691146,0.937734
7012,689,34486,0.0055836732499301,0.60424591968
7001,951,47564,0.0040770517662167,1.0111692641399999
7001,951,47593,0.0048286877572536,0.618873
7014,232,11650,0.0064852517098188,0.995632
7012,1745,87281,0.0063755814917385,1.00615
7012,904,45240,0.0317989699542522,1.1690365977000001
7014,1194,59719,0.0025491758715361,1.05839
7014,1194,59720,0.0040744696743786,0.590551
7014,1194,59745,0.0014926047297194,0.516453
7012,715,35755,0.0030203980859369,0.58778678464
7012,715,35784,0.0032684293109923,0.95571
7012,1031,51584,0.0084476275369524,1.14238249172
7012,482,24109,0.0045044030994176,1.19886
7012,482,24146,0.0010083824163302,0.491733
7012,639,31958,0.0038789857644587,0.982687
7012,1314,65715,0.9957745671272278,1.0029
7012,233,11672,0.069749005138874,1.02975
7014,982,49118,0.0077401404269039,1.09156
7012,796,39821,0.008738949894905,1.25603658642
7012,995,49757,0.9784396290779114,1.57151
7012,995,49787,0.003493120893836,1.20371
7012,995,49798,0.0012717407662421,0.588028
7014,425,21254,0.0086676143109798,1.13550612216
7012,529,26453,0.88814777135849,0.941629
7012,1268,63404,0.5792296528816223,0.614783
7012,1268,63415,0.006767263635993,1.03606
7012,1268,63420,0.0044097220525145,0.990407
7012,1268,63433,0.6926084756851196,0.793243
7014,1269,63471,0.0075380350463092,1.194519166
7014,1269,63478,0.0024452491197735,0.969148
7014,1443,72157,0.0044822716154158,0.747516
7014,1443,72183,0.0022951806895434,1.08016
7014,868,43433,0.0207881908863782,1.03373
7014,897,44876,0.0409934073686599,0.94062
7014,897,44890,0.0039261300116777,0.524954
7014,1069,53464,0.0014696437865495,0.911592
7014,1069,53495,0.0055763702839612,1.0195203669000001
7012,1213,60666,0.0203560031950473,0.04934766796599999
7012,1213,60672,0.0041463603265583,0.98622354564
7012,1213,60689,0.0024332567118108,0.638651
7012,204,10226,0.0049168826080858,1.12088
7012,204,10240,0.0039596986025571,1.03725
7014,850,42516,0.0049127950333058,0.949127
7014,850,42533,0.3299582004547119,1.4409
7013,180,9047,0.0029934321064502,1.0
7001,269,13480,0.0059351469390094,0.8981938869400001
7014,1016,50813,0.0111357038840651,0.857892
7012,208,10422,0.0184006728231906,0.513291
7086,21,1095,0.0040912316180765,0.999483
7086,25,1298,0.0285043604671955,0.96786
7014,10,510,0.0058001396246254,1.0377751235400001
7003,1405,70264,0.0049088052473962,0.636081
7014,219,10952,0.0039159096777439,1.15219352551
7012,213,10688,0.0039229355752468,0.586887
7012,213,10700,0.0063518895767629,1.04764
7014,687,34396,0.046258695423603,1.00588
7013,14,734,0.0099256681278347,1.13856
7014,73,3700,0.0028035866562277,1.09131
7014,610,30539,0.0050838505849242,0.562186
7003,1417,70885,0.0143135739490389,0.09615678193
7014,340,17034,0.0066357888281345,1.02863
7001,606,30325,0.0043244785629212,1.03151
7014,751,37561,0.0026782995555549,0.876362
7012,249,12461,0.672073483467102,0.459554
7012,249,12498,0.0048203957267105,0.666407
7014,748,37432,0.0336882397532463,0.858435
7014,748,37444,0.2446630746126175,1.29893
7001,1137,56852,0.5847885608673096,0.604987
7012,763,38154,0.0013125826371833,1.08458
7014,1335,66783,0.0069521097466349,1.03243
7014,1335,66799,0.003676340682432,0.809598
6999,14,717,0.1849729716777801,1.03242
7014,500,25002,0.0035839192569255,2.2031940960000003
7014,500,25011,0.003527452237904,0.762547
7012,578,28945,0.0017920415848493,0.710944
7012,342,17101,0.0038958126679062,0.856242
7012,342,17106,0.0037210611626505,1.2816026578000002
7012,342,17115,0.0023005744442343,1.03001
7014,46,2331,0.0073234816081821,0.989026
7012,227,11364,0.0029783425852656,0.622144
7013,66,3318,0.0444913357496261,0.643141
7012,1602,80145,0.0061211097054183,0.483267
7012,1492,74643,0.0031144532840698,1.04524
7014,740,37003,0.0082580400630831,1.07139
7013,186,9306,0.0045937784016132,1.13316
7012,1240,62010,0.0058017233386635,1.12381
7014,450,22532,0.0023496970534324,0.8519637780499999
7003,1374,68714,0.0028730498161166,0.980517
7003,1374,68742,0.0051779979839921,1.06322
7012,1653,82662,0.0064094215631484,3.57386432312
7012,1529,76480,0.0960147902369499,0.576815
7012,1529,76490,0.0040287622250616,1.11582359196
7014,63,3186,0.0052223950624465,1.02062
7014,115,5763,0.0058219493366777,1.8931811668
7014,115,5795,0.0041755032725632,1.04028
7012,166,8331,0.0025330986827611,0.985069
7012,166,8340,0.0028605163097381,0.9077
7014,946,47319,0.0057789832353591,0.491615
7012,1115,55793,0.0028405070770531,0.833249
7013,48,2427,0.9888375997543336,2.04056554674e-05
7013,48,2431,0.0158971399068832,0.992317
7014,694,34717,0.0080405436456203,1.03316
7014,694,34723,0.0032149804756045,1.01169272554e-10
7014,694,34728,0.502672553062439,0.65988
7014,791,39552,0.0030748832505196,0.54934
7014,791,39585,0.0025906465016305,1.08296
7012,1355,67770,0.0021601121407002,1.0451
7090,0,3,0.0050404425710439,1.044718272
7090,2,113,0.1544627249240875,1.03839
7011,30,1540,0.0042705815285444,0.86583
7012,991,49575,0.0025393387768417,0.787536
7012,991,49586,0.1889977753162384,0.853893
7012,991,49590,0.0088971350342035,0.692421
7014,449,22490,0.0206918939948081,1.48313
7001,965,48269,0.0007380081806331,0.6248953267499999
7001,719,35982,0.004319941624999,0.516329
7012,1394,69718,0.0090300794690847,1.00117
7012,1394,69735,0.0022178757935762,0.583981
7014,1111,55558,0.0049864533357322,1.02642
7014,1111,55574,0.0191513150930404,1.00513
7014,254,12739,0.0047065117396414,0.494567
7014,347,17368,0.011947339400649,6.2020040706
7014,347,17398,0.0053522959351539,0.919217
7014,639,31955,0.8493826389312744,0.536229
7014,639,31980,0.0546219646930694,1.53199
7003,1346,67332,0.0041338424198329,1.0226
7014,297,14876,0.0023372641298919,1.09979
7011,160,8014,0.0030749780125916,1.49946
7014,1278,63945,0.0156762320548295,1.13058
7014,1725,86298,0.0089778900146484,3.8777602719899995e-13
7012,467,23381,0.0030531296506524,0.603083
7012,467,23394,0.5216015577316284,0.39392493308
7012,467,23395,0.0052597243338823,0.788833
7012,1588,79449,0.004129163455218,0.6926924863999999
7012,514,25714,0.0076560685411095,1.2589073376
7013,192,9613,0.0057300697080791,0.41769666147
7013,192,9642,0.0013244117144495,0.971094
7012,665,33272,-999999.9,0.522875
