run_number,subrun_number,event_number,signal_score,weight
7001,916,45840,0.0046956595033407,0.970322
7016,378,18939,0.0044016046449542,0.507363
7017,644,32240,0.0033909014891833,0.919102
7017,1674,83722,0.0078948894515633,0.932937
7017,1674,83743,0.0075047006830573,0.66590622945
7017,1022,51131,0.0027886133175343,0.887232
7016,385,19252,0.185019388794899,0.7876884426599999
7112,25,1277,0.0034340755082666,0.877913
7001,1145,57254,0.0012788799358531,0.8256308099999999
7017,657,32867,0.1559325605630874,0.996211
7014,1748,87402,0.0058890944346785,0.496891
7016,131,6582,0.0044667092151939,0.522867
7012,1639,81969,0.001324352575466,0.97056
7017,1345,67269,0.0039268392138183,1.03943
7016,133,6659,0.0058896639384329,0.744447
7017,731,36561,0.0056652296334505,0.98778693888
7017,1348,67405,0.0044369171373546,0.893632
7017,1348,67429,0.0035374036524444,1.06481
7020,111,5573,0.0062469728291034,1.2623580027
7020,288,14410,0.0059925164096057,1.22156
7014,1649,82452,0.0032189695630222,1.2257430498
7014,1649,82459,0.0015516852727159,1.6658229876000001
7014,1649,82485,0.0048124101012945,0.917328
7016,376,18806,0.0035721717868,8.5833065586e-09
7016,376,18816,0.0077689089812338,0.99674
7001,602,30129,0.0057314718142151,0.944818
7012,1308,65441,0.0119349742308259,1.4055988092
7001,776,38826,0.0056625544093549,0.769218
7017,778,38917,0.0105644911527633,1.17123
7017,48,2409,0.0040455693379044,0.984132
7017,1672,83647,0.004831516649574,1.07223300478
7011,66,3305,0.005771062336862,0.951733
7012,1297,64872,0.0043685976415872,0.978585
7012,1297,64889,0.0095080146566033,1.0493670384
7012,1297,64899,0.0050966306589543,0.9961577396799999
7020,267,13388,0.0030221859924495,0.547637
7017,1065,53282,0.0045672236010432,0.87681
7017,446,22345,0.0056271376088261,0.7854709896000001
7001,885,44259,0.004131126217544,0.94651
7017,1478,73933,0.0035453659947961,1.1980819494
7014,1699,84991,0.0047364388592541,0.694572
7017,9,491,0.0047617037780582,1.08148
7016,307,15376,0.0049405912868678,0.88326
7020,390,19550,0.0040185158140957,1.06615
7017,982,49150,0.0039356034249067,0.976925
7013,92,4632,0.0056477081961929,0.77899230028
7011,129,6470,0.0044961362145841,1.3232023471
7011,129,6493,0.0068058585748076,0.23736736214
7001,1005,50293,0.0057559334672987,1.07238921147
7020,525,26276,0.0045972997322678,1.10273
7017,1742,87120,0.0112986471503973,1.2640607628
7017,1009,50454,0.0122710736468434,1.2528881105
7017,1009,50490,0.0041953078471124,0.862094
7017,1009,50498,0.0043354933150112,1.15483
7113,57,2859,0.0028086139354854,0.770011
7001,1129,56456,0.0044942945241928,0.439411
7001,55,2800,0.0038252614904195,0.682002
7017,966,48328,0.9101088643074036,1.64277
7017,187,9391,0.0044371169060468,1.11733602339
7001,1039,51977,0.0043708276934921,1.09855236984
7001,1039,51982,0.0051806420087814,1.499484448
7001,507,25366,0.004304751753807,1.07057
7011,286,14310,0.0042676161974668,1.1854
7017,323,16175,0.003245172323659,0.940524
7017,323,16177,0.1141441240906715,0.601465
7020,121,6083,0.0156601555645465,1.2163974148300002e-16
7001,220,11003,0.0093608638271689,0.989183
7014,1424,71208,0.2762483656406402,0.80115644844
7017,1223,61156,0.0032340567559003,0.925399
7017,492,24646,0.0074914405122399,1.0761137178500002
7017,1549,77470,0.0038568782620131,1.01525
7012,1379,68953,0.0410172194242477,1.06412
7012,1379,68964,0.003736495738849,1.22963
7001,1150,57533,0.0018329299055039,0.877913
7017,568,28433,0.0050628390163183,0.3556290339
7017,759,37957,0.0109521830454468,0.471846
7017,759,37974,0.002654816256836,1.09499
7017,988,49415,0.0063104648143053,0.508678
7017,988,49423,0.0033435451332479,0.614188
7001,938,46915,0.0638387128710746,0.92179
7017,451,22600,0.0469475165009498,1.01396
7017,1208,60412,0.003429245436564,0.390226
7017,28,1435,0.0008656114223413,0.7280683776600001
7017,329,16485,0.0021238573826849,0.470257
7001,1159,57961,0.0067753065377473,0.936247
7017,1373,68700,0.009785265661776,0.95328
7016,264,13238,0.0040452275425195,0.7287713380799999
7020,213,10681,0.0011745409574359,1.0
7017,115,5751,0.0160770360380411,0.58938618974
7017,344,17216,0.004135625436902,1.02132
7001,208,10404,0.0039285202510654,0.680546
7016,247,12392,0.0159557070583105,1.1718113664
7020,524,26244,0.0099492250010371,1.0235
7017,61,3051,0.0140039874240756,1.2803832279999998
7017,588,29450,0.0277634598314762,1.13281
7017,827,41379,0.0098584908992052,0.40125
7014,994,49739,0.0030831028707325,1.01619
7017,1180,59042,0.0050130113959312,0.482088
7014,1296,64812,0.0037083767820149,0.978293
7014,1653,82662,0.0254297275096178,0.987326
7017,60,3017,0.0026903271209448,0.99299
7017,976,48850,0.0010126546258106,0.991028
7011,22,1102,0.0044915159232914,0.508685
7017,1578,78944,0.00306699401699,1.42443
7017,1236,61828,0.0068949186243116,1.0
7001,353,17678,0.005563149228692,0.549759
7001,353,17687,0.0030947511550039,1.0967
7017,1002,50106,0.0037264395505189,0.8401417674
7017,1002,50108,0.0075038312934339,1.2629061704
7013,28,1413,0.0034354974050074,0.998413
7017,51,2572,0.0058246022090315,8.995878518900001e-06
7017,51,2588,0.0023199841380119,1.05994
7020,1901,95065,0.0053143627010285,1.2389
7017,420,21020,0.0039542503654956,0.9834946226
7003,1586,79336,0.003386118914932,1.2255751382
7020,382,19150,0.0043607461266219,0.971833
7017,360,18001,0.004421317949891,1.04962
7017,1283,64161,0.0095996595919132,1.0814993354
7017,1164,58246,0.011417887173593,1.03454
7012,1742,87123,0.0231388770043849,1.01778
7014,1561,78064,0.0042737480252981,1.39742470049
7014,1561,78082,0.007501792628318,1.01811
7020,46,2305,0.0035007095430046,1.18029
7017,732,36643,0.0050129233859479,0.573195
7014,1495,74775,0.0062110181897878,1.313745454
7017,1492,74635,0.0059319157153368,0.978335
7017,1624,81223,0.0037272060289978,1.3810856457e-12
7017,631,31594,0.0027514765970408,0.889428
7017,524,26219,0.0050472961738705,0.550752
7017,524,26236,0.0044836062006652,0.652712
7020,103,5192,0.004855322651565,1.2243856872
7001,825,41259,0.0044650915078818,0.648397
7014,1113,55668,0.0036126254126429,1.59766
7003,1565,78288,0.0009901488665491,0.868058
7020,64,3206,0.0040564411319792,0.739459
7020,64,3221,0.0094474386423826,1.04807
7017,1029,51485,0.0237042978405952,1.00245
7016,349,17472,0.0036936530377715,0.8175168403
7011,39,1979,0.0057198968715965,1.111718776
7017,698,34924,0.0012465922627598,1.1988381810000002
7016,343,17197,0.0025637592189013,0.8361410938000001
7016,9,490,0.0070904875174164,1.425583566
7020,19,973,0.012407086789608,1.1952312384700001
7013,226,11339,0.0022074645385146,0.974703
7016,309,15489,0.0051935277879238,0.992557
7020,115,5784,0.0026907660067081,1.01289
7020,284,14240,0.0040667396970093,0.956103
7013,159,7988,0.0076985931955277,1.18279
7017,1521,76067,0.005830486305058,1.05813226857
7020,414,20745,0.0038809415418654,0.748205
7017,417,20891,0.0044540278613567,1.0673173328399999
7001,869,43466,0.0031423221807926,5.376324121200001e-07
7011,28,1433,0.0030835133511573,0.7945127078
7017,1146,57327,0.003502249950543,0.8899659432
7001,1072,53613,0.0047724675387144,0.9758404568
7017,703,35179,0.0044007981196045,0.785016
7017,341,17072,0.0705163329839706,1.01884
7017,463,23182,0.1046051457524299,1.00958
7012,1322,66146,0.0056788423098623,1.12347
7017,1589,79494,0.0060651171952486,0.9085103512999999
7020,278,13940,0.0044659138657152,1.27664
7020,423,21175,0.0099102724343538,0.380015
7014,1450,72512,0.0033503118902444,0.935848
7001,685,34252,0.0033882791176438,1.1713186747
7017,1667,83356,0.003701074514538,1.10305692077
7017,1667,83363,0.0037876954302191,1.2193040339999999
7020,232,11615,0.0033067348413169,0.984386
7017,1434,71748,0.0027140008751302,0.627437
7017,1099,54981,0.0018157018348574,1.13215
7020,465,23287,0.0014011492021381,0.935765
7003,1509,75467,0.0045877951197326,0.7482849320399999
7020,61,3055,0.0040883161127567,1.0873
7020,61,3096,0.0225206054747104,1.4030944811000001
7017,1031,51553,0.0037856120616197,1.0
7017,1031,51573,0.0051681483164429,1.03582
7017,1031,51595,0.0037469475064426,1.01946
7017,871,43597,0.0054874243214726,0.576397
7016,249,12478,0.0434878654778003,1.01344
7017,934,46706,0.0154539085924625,0.966464
7017,712,35643,0.0044545498676598,1.03575
7017,6,324,0.0043808575719594,1.23099
7017,348,17420,0.0058788475580513,1.06633218384
7017,319,15982,0.0036681513302028,1.01835
7017,1163,58154,0.0283097922801971,0.77293821152
7011,107,5392,0.0028935032896697,0.93385
7012,1167,58357,0.0024984800256788,1.00665
7016,60,3044,0.0030984550248831,0.593865
7020,32,1601,0.005796801764518,1.2774293287
7013,203,10184,0.0041623511351644,1.02013
7001,892,44613,0.0032669911161065,1.228797591
7011,179,9000,0.0116582624614238,1.0112
7017,449,22485,0.0052323923446238,1.04635
7017,1604,80241,0.0042676180601119,1.2980174794000001
7001,372,18639,0.0511710010468959,0.57535
7017,1287,64369,0.0044278730638325,1.05957311949
7017,154,7702,0.0326857715845108,0.75241
7017,154,7705,0.0039870352484285,1.01430076968
7001,795,39753,0.0100559433922171,0.693318
7001,574,28722,0.0047456324100494,0.5646260131199999
7001,574,28748,0.0040340884588658,1.02569
7013,158,7932,0.0019269053591415,0.959801
7001,1066,53311,0.0034867560025304,1.2560370471999998
7001,695,34779,0.0034175387118011,1.11587
7016,266,13347,0.0052686836570501,0.694261
7017,1093,54668,0.0041544898413121,1.0
7017,458,22947,0.0038967304863035,1.146911805
7011,307,15358,0.012910502962768,1.08635
7011,307,15365,0.0033345385454595,1.1804795049299999
7020,434,21745,0.0051990863867104,0.880727
7020,464,23239,0.0041881003417074,1.28701
7020,49,2483,0.0143194328993558,1.10306
7020,347,17387,0.0036232653073966,1.08777780202
7016,279,13979,0.0091603519394993,1.24877
7017,1571,78571,0.0029657487757503,0.999726
7017,1097,54899,0.0048367627896368,0.996765
7014,1264,63214,0.0046591376885771,1.1507032718999999
7020,333,16657,0.0052798665128648,1.0
7001,992,49637,0.0064272349700331,1.5900860976
7016,40,2023,0.0525174476206302,1.08136
7020,239,11994,0.0066032959148287,1.73265
7017,925,46287,0.0054641258902847,0.900433
7017,1453,72695,0.0010064010275527,0.515379
7003,1381,69056,0.0046898839063942,0.98492
7017,994,49701,0.0081485714763402,2.87369323776
7001,1170,58527,0.0063300170004367,1.09701
7011,181,9064,0.0049581476487219,1.42512
7017,1369,68477,0.0103865647688508,1.7936
7014,1729,86499,0.0060109249316155,0.63997
7001,1087,54375,0.0054225879721343,0.69719
7017,81,4077,0.0108703961595892,1.03305
7017,81,4080,0.0045617031864821,1.00361
7001,1134,56746,0.0058146952651441,0.907667
7017,1422,71139,0.0120371412485837,1.01452
7017,454,22744,0.004361261613667,0.6033251000400001
7020,201,10074,0.0050493222661316,0.848326
7017,520,26017,0.0079513620585203,0.947620381578
7016,399,19959,0.0059565748088061,0.68686675254
7013,106,5346,0.0029891785234212,1.03979
7020,519,25993,0.0706375166773796,1.18570395
7001,1144,57238,0.0058196671307086,0.860649
7017,1258,62910,0.0042711999267339,0.67906537644
7017,1258,62915,0.0045773461461067,0.9752806724399999
7017,1230,61520,0.0042569935321807,0.877913
7020,252,12623,0.0046291444450616,1.04376
7011,188,9442,0.0028263933490961,1.0840782836
7013,165,8295,0.0058734989725053,0.980212
7012,1737,86862,0.1589776277542114,1.2138002198
7017,1701,85059,0.0070262192748487,0.28931
7017,1701,85097,0.0047245514579117,0.8927
7011,258,12901,0.0600568763911724,1.08353
7017,1681,84064,0.0041872770525515,0.955489
7017,1681,84074,0.0197778828442096,1.04398
7014,1239,61969,0.0034696930088102,1.0
7003,1631,81560,0.0031639088410884,0.793726
7017,1185,59271,0.0029422082006931,1.02923
7017,1590,79521,0.0049918694421648,1.01622
7016,127,6393,0.0040570213459432,0.668688992
6999,46,2336,0.0033085395116358,1.1280372996799999
7115,43,2167,0.0193001739680767,0.974064
7020,43,2162,0.05841626226902,1.18080903468
7017,1553,77656,0.0012198346666991,1.07316
7017,946,47329,0.6377357840538025,1.2906705015000002
7017,630,31529,0.0051925205625593,0.938389
7020,45,2272,0.0039946315810084,0.910007
7017,496,24802,0.0055406112223863,0.970749
7016,100,5018,0.0057773124426603,1.09862
7016,100,5034,0.0219921004027128,1.0
7016,100,5047,0.0043438109569251,1.10050015824
7017,89,4451,0.0025551745202392,0.629216
7020,405,20299,0.0056106662377715,1.4504557895999999
7017,1394,69711,0.0041774823330342,0.839719
7017,472,23610,0.0044671203941106,1.15982
7020,273,13687,0.0083326334133744,0.564266
7011,96,4848,0.0046804514713585,0.430413
7017,927,46364,0.0056792953982949,1.13932
7017,776,38809,0.0051151388324797,0.61974476094
7001,747,37400,0.1243021190166473,0.856015
7011,198,9920,0.0065267430618405,0.964549
7016,101,5051,0.0024362113326787,0.877913
7011,103,5170,0.0032366432715207,1.1363
7001,514,25730,0.0070268544368445,0.527154291
7020,25,1273,0.008090067654848,1.16334168027
7001,663,33199,0.0043339952826499,1.563023362
7020,413,20679,0.0052212229929864,0.298798
7017,1712,85618,0.0422864779829978,1.07859
7017,1712,85642,0.5007840991020203,1.07415
7017,30,1515,0.0070716394111514,0.73801416192
7017,1187,59388,0.0040241959504783,0.676925
7020,271,13560,0.0068751769140362,1.05433
7020,271,13597,0.0117798736318945,0.990404
7014,1375,68795,0.0140973003581166,0.0004460689024
7017,893,44690,0.0046910885721445,1.01791
7017,893,44698,0.0016268169274553,1.07044
7017,428,21406,0.0053856833837926,1.01668
7017,392,19635,0.0039690546691417,0.995472
7017,672,33606,0.0760264992713928,1.0
7017,1644,82208,0.750520646572113,1.078671012
7017,1644,82243,0.011056768707931,0.8454783279
7020,194,9749,0.0056503093801438,0.44313800949
7001,335,16775,0.0038883881643414,1.10255
7016,129,6485,0.0035952266771346,1.07879
7017,313,15683,0.0058020534925162,0.59402859722
7017,333,16653,0.0054704938083887,0.00021386078298000002
7017,333,16656,0.0046021374873816,1.0488
7017,325,16277,0.0045490991324186,0.951205
7020,402,20146,0.0044127688743174,0.570824
7016,253,12655,0.0025842806790024,1.36198
7017,505,25288,0.0037653278559446,1.19014457616
7011,141,7053,0.0038377938326448,1.04814
7016,292,14614,0.006198844872415,1.27688
7016,47,2390,0.0041551999747753,0.538942
7017,1106,55322,0.0035186267923563,0.990216
7017,1269,63499,0.00413424288854,1.04936
7001,1049,52456,0.00354840955697,0.979001
7020,48,2422,0.0053013497963547,1.07555
7020,324,16209,0.005295805633068,0.839155
7017,645,32253,0.004188263323158,0.924241
7017,645,32297,0.005188669078052,1.2805382163999999
7020,218,10920,0.0035370741970837,1.04186
7020,154,7710,0.0035397305618971,1.04431
7017,204,10223,0.0046723061241209,1.2604033616
7017,1506,75350,0.0065826210193336,0.796901
7017,456,22811,0.0106483260169625,1.32308
7017,1330,66518,0.0041092662140727,1.08153
7020,472,23612,0.0021124351769685,1.19022
7020,309,15499,0.0035791411064565,0.5815129854
7020,116,5820,0.0056239441037178,1.08224
7017,359,17959,0.0037908221129328,0.480675
7012,1424,71220,0.0088343685492873,0.9020198030700001
7014,838,41914,0.0016756016993895,0.442218
7017,0,12,0.002169627463445,1.2984129314
7017,1601,80059,0.0062008574604988,1.04091
7017,1601,80090,0.0053878249600529,0.56834
7001,1106,55328,0.004873021505773,0.913783
7017,1294,64745,0.0104552591219544,1.01661788907
7001,967,48353,0.0048605878837406,1.2611459134999998
7020,359,17964,0.0035977624356746,1.04805
7020,359,17969,0.007166295312345,0.943215
7020,167,8371,0.0211403165012598,1.05368
7017,1441,72093,0.0110174929723143,1.2620259710000001
7017,1595,79777,0.0098625225946307,1.0682392048199998
7003,1311,65581,0.0072702663019299,1.05949
7020,106,5328,0.0053739245049655,0.946714
7017,1420,71001,0.0048735463060438,0.877913
7012,1386,69321,0.0056496290490031,0.84178090854
7001,307,15375,0.0054007419385015,0.71210542914
7017,339,16982,0.0645739734172821,0.52647
7020,417,20897,0.0152441691607236,1.00788
7017,1697,84864,0.0057920990511775,1.08059
7017,1366,68333,0.0067973961122334,4.898006667539999e-14
7017,1212,60618,0.0050191562622785,0.9148520776500001
7017,538,26932,0.0276178065687418,0.618214
7017,72,3640,0.0049247653223574,0.6108495501800001
7017,847,42373,0.0037910144310444,0.7079897858399999
7017,847,42384,0.0042710825800895,1.01224
7001,979,48957,0.0202733315527439,0.00943270906376
7001,1188,59450,0.0562377907335758,1.18365
7020,354,17720,0.0057257660664618,0.982631
7017,883,44175,0.004241484683007,1.12783
7014,1515,75758,0.005646270699799,1.03535
7017,1511,75556,0.0369620211422443,0.589684
7017,1511,75563,0.005769602023065,0.856778
7001,284,14227,0.0056525813415646,0.927403
7001,284,14230,0.0032931137830018,1.5136524315
7017,121,6073,0.0030133731197565,1.280482509
7017,121,6074,0.0211896430701017,1.09144333334
7020,238,11942,0.0176968071609735,1.03812
7017,1587,79378,0.0034564475063234,1.15617
7017,410,20530,0.0048150462098419,1.01194
7016,235,11796,0.0029267219360917,1.02787
7020,442,22144,0.0337149575352668,0.36951501613000004
7020,442,22148,0.0488378517329692,1.06331
7001,878,43919,0.0063842935487627,0.9243826363200001
7003,1403,70162,0.0016943466616794,1.2507434431
7020,119,5986,0.0050910334102809,1.6343
7016,80,4016,0.9104913473129272,1.2040334085999997
7016,86,4337,0.0047985473647713,1.0
7016,95,4794,0.0106676891446113,0.462175
7116,2,114,0.0084533058106899,0.552802
7013,222,11121,0.0039015107322484,1.3009437142
7017,579,28965,0.0111556844785809,4.660857675260001
7011,143,7175,0.0026165645103901,0.74196
7011,143,7178,0.0058321976102888,0.50343
7011,143,7181,0.0059026209637522,0.962794
7017,1706,85330,0.0038981852121651,1.2318660647200002
7112,9,456,0.0039459913969039,0.877913
7020,47,2373,0.0066722710616886,1.10735
7014,1501,75053,0.1955605894327163,1.79867
7001,525,26274,0.0092833237722516,0.737211
7017,96,4844,0.0051190247759222,1.14736
7020,412,20647,0.0052544730715453,1.02905048838
7017,1075,53792,0.0213611181825399,0.9728100354
7017,1075,53798,0.0090649612247943,0.70411344801
7017,1652,82634,0.0034911993425339,1.00205184437
7014,1543,77169,0.0057020238600671,1.11486921
7017,142,7137,0.6865162253379822,1.03095
7001,731,36563,0.0683081522583961,0.981965
7014,1740,87044,0.0053693107329308,0.905982
7020,265,13289,0.0245281010866165,1.099
7016,348,17426,0.0010226882295683,5.771782812
7020,253,12689,0.0066610011272132,1.01791
7020,408,20413,0.0034240542445331,1.22306
7017,216,10833,0.0051912912167608,1.0
7017,216,10838,0.0051965392194688,1.01482
7020,85,4269,0.0073307547718286,0.97342
7017,487,24379,0.0034112108405679,0.91876755696
7016,130,6527,0.0066735916770994,8.176725354e-16
7016,71,3560,0.0056901052594184,1.2170118746
7020,403,20171,0.0046579013578593,1.02333
7003,1707,85374,0.0058761085383594,1.0
7003,1707,85400,0.0381335318088531,0.843058
7107,38,1935,0.0056446911767125,0.884326
7016,299,14952,0.9968061447143556,1.4043467751999998
7012,1460,73029,0.0105960629880428,1.00231
7014,1713,85674,0.0062786848284304,1.20363
7014,1713,85684,0.0127663249149918,0.851962
7017,243,12190,0.0078646391630172,0.992723
7020,1957,97872,0.0039843944832682,1.11204
7017,93,4666,0.0048425365239381,1.8335850551999997
7017,1458,72939,0.0027197175659239,1.03338
7017,763,38177,0.0015273193130269,0.73137468864
7017,898,44921,0.0061877188272774,5.891146653
7020,134,6745,0.0069976723752915,0.67338188976
7012,1687,84362,0.0041431714780628,0.7872342287
7017,100,5038,0.0045676156878471,1.16896
7017,1711,85553,0.0023741777986288,0.940406
7017,1711,85568,0.0599877201020717,1.17421
7017,327,16358,0.0037558595649898,0.660483
7003,1750,87532,0.0041467319242656,1.03169
7011,69,3489,0.018318997696042,0.731544
7016,245,12280,0.0050394837744534,0.71829876558
7017,62,3131,0.0044508129358291,0.522929
7003,1551,77568,0.0013969269348308,1.1846581987999998
7020,454,22711,0.0033714061137288,1.01354
7017,531,26592,0.0038391682319343,0.909968
7016,4,208,0.0016691269120201,1.225480503
7016,4,244,0.0146137941628694,1.07606
7001,937,46889,0.0041411062702536,2.5658347968
7017,36,1803,0.0110532809048891,1.02254
7017,405,20263,0.9932098984718324,0.946314
7017,1462,73124,0.0032787167001515,0.960055
7017,766,38347,0.0058726132847368,3.84723787968e-06
7017,1583,79199,0.0061225751414895,1.1619689256
7001,458,22923,0.0069376714527606,1.14195
7014,1128,56414,0.011105834506452,1.07409
7012,1634,81709,0.0050966404378414,0.925421
7020,203,10176,0.056055799126625,1.01769717392
7011,298,14918,0.0069487718865275,1.289909368
7017,701,35078,0.0028672842308878,0.554426
7017,1723,86165,0.0034524125512689,0.877913
7016,69,3494,0.0059835142455995,0.7026204828
7016,41,2073,0.0052787316963076,0.963861
7017,899,44959,0.0052580260671675,1.01660569574
6999,35,1755,0.0046518458984792,1.10026
6999,35,1772,0.0040129912085831,1.04161
6999,35,1774,0.0055117639712989,0.995294
7017,1302,65129,0.0039453543722629,1.61273630616e-18
7011,216,10824,0.004817793611437,0.946644
7017,621,31056,0.0225581172853708,0.76306129364
7017,721,36092,0.0028320529963821,0.634388
7001,618,30916,0.0011988783953711,1.01239
7001,618,30921,0.0065760044381022,1.4810341208000002
7003,1602,80118,0.0015864340821281,1.09056
7014,1558,77920,0.0047144163399934,0.6443381261500001
7001,665,33286,0.0164417587220668,1.00324
7017,1155,57786,0.0048497919924557,1.18768
7020,90,4519,0.0065374807454645,0.85718903625
7020,90,4525,0.0044408617541193,0.897284
7020,90,4526,0.0204101745039224,0.716963
7011,155,7754,0.0043280753307044,0.910006
7011,155,7792,0.003039100440219,1.2200598462
7011,259,12953,0.0024788361042737,0.595651
7020,148,7402,0.0035469499416649,1.12528
7017,104,5246,0.0752574875950813,1.11927
7017,1296,64827,0.003899552160874,1.02444
7012,1560,78003,0.0054113818332552,0.696512
7017,140,7036,0.0013609962770715,0.82834642212
7012,1450,72549,0.0032033422030508,0.930532
7017,27,1358,0.0062050195410847,1.33465
7017,143,7162,0.4862834811210632,0.410614
7001,1126,56349,0.0059571960009634,0.968109
7003,1446,72333,0.0045137805864214,0.801435
7017,293,14660,0.006025917828083,0.341828
7017,244,12230,0.0039013063069432,1.02632
7105,2,133,0.0095405373722314,1.07521
7017,80,4047,0.0048190304078161,1.01193
7017,1713,85665,0.00387619365938,1.08407
7017,1713,85678,0.0062997387722134,0.851083
7011,171,8589,0.027851590886712,1.2012888678
7017,509,25451,0.0061310217715799,0.981754
7017,509,25500,0.0047591575421392,0.59821459796
7017,888,44445,0.0064092543907463,0.336739
7017,76,3828,0.0044085411354899,0.884838
7017,1304,65238,0.0064477082341909,0.5306922203209999
7003,1596,79837,0.0125917354598641,1.00249
7017,251,12571,0.8824428915977478,1.2023903586
7017,384,19234,0.005145932547748,1.0
7017,911,45583,0.0045603914186358,1.3469984136
7020,316,15832,0.0750947371125221,0.91712
7020,1896,94826,0.0052475417032837,0.97131310332
7017,639,31951,0.0064132488332688,0.862102
7017,1689,84493,0.0088195214048028,1.05139
7014,954,47703,0.0092045720666646,1.2865491303
7016,325,16284,0.0049442080780863,0.70672534755
7017,265,13278,0.0051474361680448,0.686881
7017,17,894,0.3822446763515472,1.00357
7017,56,2805,0.0344197787344455,0.681807
7014,1437,71888,0.0024300932418555,1.083976476
7013,36,1819,0.0078058894723653,1.0127
7003,1382,69105,0.0096936803311109,1.3526540856000002
7017,1468,73406,0.0045643891207873,0.716218
7017,1468,73417,0.0050978665240108,1.7166213595000002
7017,1468,73426,0.0270147304981946,1.02659
7020,1019,50956,0.0037091907579451,1.07524
7020,1019,50971,0.005508589092642,0.499387
7017,801,40084,0.0068894061259925,0.839803
7017,31,1564,0.0043148496188223,1.21621093073
7001,1158,57939,0.0026574439834803,0.958329
7001,910,45524,0.001629184698686,0.917262
7017,826,41305,0.0032111194450408,0.56043
6999,47,2400,0.0916921868920326,0.977348
7017,407,20390,0.0040831435471773,2.8628807557999996e-15
7016,394,19707,0.0066920621320605,0.679201
7017,117,5871,0.2621296346187591,0.043832769192
7017,210,10518,0.0087057696655392,0.939797
7001,436,21824,0.0031959386542439,1.00294
7012,1417,70891,0.022338043898344,1.08898
7016,225,11263,0.00115257804282,0.8727474471000001
7012,1624,81246,0.0059287166222929,0.59175247592
7017,68,3421,0.001825260114856,1.2022952365
7017,68,3431,0.0016851759282872,0.63332714991
7017,213,10681,0.0070401919074356,0.77222191104
7017,1300,65036,0.0046245153062045,1.0169
7017,350,17540,0.0045857159420847,1.134067883
7020,1888,94410,0.004862992092967,0.611307
7020,1888,94418,0.0051313037984073,0.692349
7017,1490,74542,0.0035433147568255,1.01156
7017,295,14767,0.0029835465829819,0.330247
7017,295,14787,0.0047681438736617,0.539031
7017,1515,75763,0.0035244217142462,1.08803
7020,485,24263,0.0540209598839283,0.860157
7016,347,17377,0.0040141176432371,1.2745670896
7001,567,28396,0.2230551689863205,1.01274
7017,1246,62309,0.0997302308678627,0.7363885089400001
7017,514,25705,0.0049946457147598,0.88085170875
7017,1543,77193,0.0025289515033364,1.2548510706
7020,340,17005,0.0057026972062885,1.3850419588
7014,1620,81023,0.0021725604310631,0.818355
7020,170,8529,0.0046466556377708,0.911308
7017,1678,83913,0.0035054131876677,0.99588694894
7017,1211,60598,0.0028231791220605,1.28707
7020,193,9655,0.0038813818246126,0.89882
7017,229,11474,0.0014139855047687,0.764864
7020,152,7606,0.0027554370462894,1.00296
7017,1487,74370,0.0022442012559622,0.92316
7011,283,14182,0.0351297780871391,1.6161909408
7016,152,7609,0.0029707753565162,1.4679124999
7017,1173,58661,0.0060918345116078,1.2600848316
7001,380,19043,0.0081331087276339,1.154850257
7012,1664,83240,0.043270144611597,1.18605
7016,25,1285,0.0025654241908341,0.960035
7017,168,8424,0.0038563450798392,1.09691
7017,1217,60854,0.0055749029852449,0.7920735576
7001,264,13244,0.0308361612260341,0.949943
7016,99,4984,0.0015468304045498,1.1810402528
7017,1045,52280,0.0039360485970973,0.978218
7012,1724,86212,0.0038448807317763,0.877913
7017,87,4364,0.0059789386577904,0.374536
7001,32,1607,0.0056186350993812,0.975678
7001,32,1611,0.0059563633985817,0.5432922880800001
7017,1488,74419,0.003484402783215,0.816813
7017,1318,65913,0.0052379420958459,0.979178
7017,1318,65929,0.0043465010821819,0.47800681780000004
7012,1293,64662,0.003489359980449,0.57211506212
7017,535,26788,0.0067032789811491,1.0720440402
7014,1559,77979,0.0047433581203222,1.1147
7003,1728,86406,0.0841493234038353,1.03465
7020,479,23955,0.0039693163707852,1.0645659304
7020,479,23982,0.6732526421546936,0.522278
7016,318,15909,0.001731444732286,0.8173636459199999
7013,205,10288,0.0024625842925161,0.93033303469
7016,30,1517,0.0046236929483711,1.01205
7012,1622,81139,0.0385397672653198,1.3194
7017,1663,83173,0.0169073101133108,0.510275981865
7017,366,18329,0.0057352338917553,0.903109
7017,660,33022,0.0056868232786655,1.3092947205
7013,133,6655,0.0046980623155832,3.8260961908799995
7017,198,9908,0.0052650114521384,1.02878851296
7017,749,37466,0.0138180823996663,0.686625
7020,156,7819,0.1456436514854431,1.07634
7001,668,33412,0.0054600313305854,0.392189
7016,281,14098,0.0024518452119082,0.954407
7017,523,26196,0.0048074549995362,0.9807836933699999
7017,594,29735,0.0050268350169062,0.52621
7017,580,29037,0.1613635718822479,1.3675730510000002
7017,580,29045,0.0080447858199477,0.7528863384
7017,1525,76256,0.0045412718318402,0.506129
7020,482,24138,0.0319108441472053,1.2370140288
7003,1522,76143,0.0258341208100318,0.858156
7001,69,3480,0.0033950030338019,0.59628681168
7017,370,18522,0.010768475010991,1.30445
7017,370,18547,0.0122725078836083,1.08066
7001,543,27164,0.0047214427031576,1.1509151571
7020,528,26404,0.01182796433568,0.757672
7001,276,13804,0.0030964219477027,5.5340609728
7001,236,11808,0.0043317242525517,0.877913
7001,236,11837,0.0027912529185414,0.794661
7017,1636,81810,0.0057065729051828,3.7669986384
7017,1382,69150,0.0109918499365448,0.39687
7017,857,42864,0.004080924205482,0.725339
7020,224,11210,0.015143702737987,0.5738402123999999
7001,624,31241,0.0043809097260236,0.601491
7020,197,9883,0.0181026738137006,0.6030435931200001
7016,175,8783,0.0040898891165852,0.513461
7001,1044,52206,0.4724403917789459,0.469826
7017,78,3924,0.0037870206870138,1.02045
7001,720,36028,0.0036812219768762,1.03421
7017,1213,60662,0.0051841493695974,0.92179
7017,585,29284,0.0926372036337852,1.01923
7108,8,435,0.0023587672039866,1.0952297058800002
7020,211,10561,0.0588805824518203,1.1287475595000003
7017,1460,73019,0.0069494782947003,1.09123017381
7014,1706,85305,0.0028095010202378,0.988751
7017,1461,73053,0.004972830414772,1.16736443838
7017,819,40975,0.0044551403261721,0.842367
7001,216,10828,0.0043091988191008,1.378764651
7020,98,4947,0.0100768506526947,0.68546051116
7017,237,11889,0.010750101879239,0.891913
7012,857,42861,0.0030187501106411,1.377123612
7017,302,15148,0.0057585099712014,1.10971
7001,769,38466,0.0068693649955093,1.14467
7016,51,2564,0.0030802739784121,1.04929
7001,487,24377,0.0030661821365356,1.07301443214
7020,263,13162,0.0037895885761827,0.949853
7017,967,48392,0.004886214621365,0.995175
7001,1107,55388,0.005278396885842,1.04262
7001,258,12926,0.0044001024216413,1.06397
7001,258,12945,0.0049298079684376,1.00971
7017,1367,68388,0.0029362179338932,1.04681
7017,1122,56121,0.003188858507201,0.031585625792
7016,18,919,0.002029291819781,0.712838
7012,1364,68219,0.0068590501323342,0.525061
7017,1142,57101,0.0059362952597439,0.844516
7020,87,4384,0.0017297032754868,3.070617756e-24
7017,710,35538,0.0053970138542354,0.841647
7014,1583,79189,0.0082437274977564,0.981992
7020,226,11337,0.0073327189311385,1.04349
7014,1586,79338,0.0063706482760608,0.530029
7014,1531,76575,0.002800122834742,0.90316
7020,74,3713,0.0065375491976737,1.07881371999
7001,984,49212,0.0061621754430234,1.00276
7017,1162,58105,0.0063500171527266,1.1753444490799998
7017,1162,58145,0.0031623274553567,0.629928
7020,67,3365,0.0017341747879981,0.8017918077
7017,1319,65963,0.0229726266115903,1.29216
7017,1319,65992,0.0055078244768083,0.645968
7017,1319,65993,0.0044577801600098,1.626441516
7017,1275,63799,0.0026701705064624,0.637173
7017,1342,67115,0.0041276984848082,0.712868
7017,232,11611,0.0038308361545205,1.10846208
7115,17,890,0.0049104546196758,0.52488610248
7016,50,2518,0.0577128119766712,0.696916
7017,718,35915,0.0078119887039065,0.010309046799
7001,664,33204,0.6644777655601501,1.1090827619999999
7016,254,12717,0.0343346409499645,0.56007017472
7001,970,48507,0.0051257978193461,0.977021
7017,1721,86060,0.0138680236414074,0.6658891119000001
7017,757,37889,0.0031441405881196,1.00725093414
7017,1321,66080,0.0072924215346574,0.983708
7012,1632,81646,0.0049528577364981,1.17987
7017,574,28708,0.0024398744571954,1.0377
7001,1060,53001,0.012523166835308,1.01699
7017,780,39019,0.0277476459741592,0.565762
7016,317,15900,0.0057379426434636,0.544043
7020,377,18865,0.0120607381686568,1.02523
7001,304,15204,0.0353187136352062,1.2676379430999998
7001,304,15229,0.0300774965435266,1.01174
7017,1012,50642,0.0096724182367324,0.783484
7017,1174,58702,0.0189696177840232,0.393687
7016,226,11330,0.0017981841228902,1.4419101329999997
7017,926,46316,0.004646417684853,1.04959
7017,745,37271,0.0065611372701823,1.04269
7017,1338,66945,0.971338987350464,0.839639
7012,1202,60136,0.0042234016582369,0.608916
7003,1550,77542,0.0037151426076889,1.0624409513
7011,242,12102,0.0631645321846008,1.1949785588000001
7011,242,12135,0.0010122943203896,1.4510065095
7012,1461,73071,0.0045338091440498,1.08116903505
7001,870,43534,0.0042303074151277,0.7158878233
7017,771,38578,0.0040700449608266,0.519627
7017,94,4743,0.005129100754857,0.08172556728000001
7017,1105,55292,0.0107025299221277,0.924075
7017,572,28612,0.013313615694642,1.0
7017,597,29864,0.0037297268863767,0.693367
7016,181,9082,0.045169748365879,1.06083305372
7020,369,18459,0.0031311619095504,1.26247
7017,536,26848,0.016091214492917,1.2919724544000002
7017,1584,79229,0.0067879864946007,0.892498
7012,1712,85626,0.0048414515331387,0.95602771051
7001,1180,59041,0.0072605470195412,1.160975973
7017,247,12361,0.0053929379209876,0.724083
7017,247,12367,0.0031566685065627,0.764422
7020,1892,94625,0.0015540199819952,0.965809
7011,93,4686,0.2922384142875671,1.01895581034
7001,1061,53091,0.0046359472908079,0.972143
7020,451,22557,0.0079333772882819,0.524279
7020,451,22567,0.0013702803989872,0.56557
7016,35,1773,0.0032325340434908,1.20768
7017,696,34809,0.003612584201619,1.02231
7017,220,11011,0.0031274773646146,1.3298222758000002
7017,220,11020,0.005231374874711,1.03967
7017,286,14336,0.0041632857173681,0.653358
7020,301,15072,0.0315508060157299,1.12821
7017,600,30016,0.0041471100412309,1.04105322152
7017,1238,61906,0.0076195118017494,2.5880149296
7017,1238,61909,0.0043771970085799,0.988158
7014,1500,75032,0.0017494079656898,0.566174
7013,176,8844,0.0048198080621659,1.00299808026
7016,383,19181,0.118832990527153,1.06068419768
7016,362,18121,0.0068246070295572,1.02483
7020,449,22457,0.0049761938862502,0.984168
7016,7,389,0.005732238292694,1.02709
7017,583,29183,0.0033602090552449,1.39051
7017,1042,52150,0.0052157742902636,0.5575527429300001
7017,1682,84150,0.0031742427963763,0.539688
7003,1507,75385,0.0428222045302391,0.775888
7017,640,32027,0.0078228991478681,1.05955
7020,319,15958,0.0032926071435213,1.158022575
7020,319,15994,0.0053709940984845,0.588011
7017,37,1864,0.0046272249892354,0.938006
7017,37,1874,0.0050360541790723,1.2235206441500002
6999,59,2965,0.0047031198628246,0.891676
7017,1014,50719,0.0063007031567394,0.455434
7020,1015,50753,0.0023211387451738,1.01087
7020,484,24213,0.011401193216443,1.00171
7017,575,28763,0.0765645280480384,0.767159
7017,891,44560,0.0061849663034081,1.24756
7017,508,25440,0.0037801386788487,1.3482
7017,890,44518,0.0039926329627633,0.95039
7017,298,14941,0.1800712943077087,1.2120340173
7017,245,12259,0.0051464596763253,0.00277883180344
7001,77,3900,0.0045089279301464,0.652521
7012,1717,85872,0.0094036310911178,0.53517
7018,982,49127,0.0031932555139064,0.966856
7018,982,49140,0.0054502855055034,2.067384501
7016,37,1900,0.0052043963223695,0.6039928245
7017,1119,56000,0.007375503424555,0.960444
7115,21,1087,0.0043289572931826,0.9408053291699999
7115,23,1171,0.0057729803957045,1.1782293793999998
7001,403,20157,0.0046542659401893,1.4083050799999999
7001,706,35329,0.0135274576023221,1.77519
7020,476,23825,0.0038130355533212,0.981427
7020,476,23850,0.0038908177521079,0.82978692114
7020,427,21392,0.00092326028971,1.0068444917300001
7017,1018,50907,0.0408060662448406,7.754025436800001
7017,1018,50938,0.0045106168836355,0.821048
7016,117,5870,0.0011598378187045,1.08893
7017,1341,67065,0.0029641080182045,0.725632
7001,1190,59519,0.0101503701880574,0.89435885276
7001,1190,59526,0.0047355531714856,1.03038
7001,1190,59540,0.003306342056021,0.848224
7012,1258,62932,0.0039004280697554,0.291163
7017,381,19085,0.0071697165258228,0.577535
7017,793,39674,0.0100138019770383,1.04716
7113,49,2483,0.0048652770929038,1.01253
7016,401,20079,0.0078995479270815,0.992568
7020,406,20309,0.006678900681436,1.05427
7020,406,20312,0.0048393225297331,0.629308
7001,995,49765,0.0111323343589901,0.727869
7001,995,49794,0.0042592319659888,1.03832
7014,1478,73914,0.0049806437455117,1.03755
7016,241,12060,0.0033488634508103,0.874102
7001,144,7202,0.0021885589230805,0.0444200893448
7017,1390,69522,0.0033614903222769,1.0627547130200001
7001,845,42260,0.0077533945441246,1.05994
7001,845,42278,0.0043459478765726,2.4022073278
7001,1011,50577,0.0042294021695852,0.6258119211000001
7001,1011,50592,0.2089387029409408,1.05574
7017,1260,63021,0.0044743530452251,1.7579163090000003
7012,1640,82017,0.005269028712064,0.493927
7012,1608,80447,0.0011281037004664,0.423934
7012,1436,71820,0.0037582335062325,0.978128
7017,1072,53624,0.003942709416151,0.523322
7020,344,17230,0.046197772026062,1.06496332316
7003,1416,70835,0.0037155747413635,1.22692
7016,135,6773,0.0096448007971048,0.960982
7017,739,36958,0.0041305618360638,0.968162
7017,739,36963,0.4502958357334137,0.527395
7012,905,45262,0.0035601281560957,0.871066
7003,1432,71613,0.0072879563085734,1.07396
7016,310,15545,0.0023187682963907,1.6598614704
7016,310,15549,0.0174538716673851,1.06785
7020,257,12863,0.0050835809670388,1.2136019491999999
7017,832,41631,0.0109287984669208,1.1951304585
7001,947,47392,0.004036821424961,0.941599
7017,238,11909,0.0043088737875223,0.445694
7017,38,1937,0.8667458295822144,0.739698
7020,1,71,0.0345228649675846,0.611485
7001,1157,57861,0.0035950765013694,1.0187
7001,958,47903,0.00356345041655,0.808592
7017,25,1279,0.0010647252202033,1.0
7017,1656,82829,0.0012940191663801,1.04391
7017,406,20309,0.0099994093179702,0.0047285825348999996
7016,332,16601,0.0013531110016629,1.243436593
7016,332,16624,0.0057365014217793,2.15367136021
7016,332,16646,0.0045018936507403,1.1659679431999999
7017,540,27011,0.0047689988277852,0.905053
7017,540,27029,0.0141499582678079,0.866717
7020,282,14125,0.0044284584000706,0.620216
7017,1137,56884,0.0033701935317367,1.15751
7001,850,42529,0.0051698256283998,1.0088156451999999
7017,380,19015,0.0046267919242382,1.07919
7017,380,19048,0.0078843347728252,0.613811
7016,215,10780,0.0089546460658311,0.792889
7016,185,9277,0.0043945373035967,1.04279939131
7016,185,9286,0.024543548002839,1.1660770743600002
7016,113,5694,0.0036024574656039,1.2644923764
7020,78,3936,0.035379271954298,0.890186
7011,270,13513,0.0052130413241684,0.99708
7017,654,32720,0.0027494926471263,1.0178283087000002
7017,1228,61425,0.0640136525034904,0.953301
7017,138,6939,0.0214769635349512,0.524759
7017,138,6944,0.0043169190175831,0.820992
7017,1253,62661,0.0054134507663547,1.07073
7017,262,13121,0.0082301441580057,0.932278
7001,529,26485,0.0118500990793108,0.815961
7017,1138,56913,0.0062976768240332,1.107181797
7001,996,49816,0.003996345680207,0.538243
7017,1257,62859,0.0038417135365307,1.02632
7014,1753,87682,0.0032044048421084,0.92179
7017,1227,61367,0.0016207578592002,0.92179
7012,1501,75087,0.0036529863718897,1.05198
7014,1377,68857,0.0202320162206888,0.993569
7020,325,16255,0.0050571616739034,0.87979
7017,822,41103,0.0048827035352587,1.2059601858
7017,1312,65634,0.0103854276239871,0.543031
7017,134,6732,0.0027644573710858,1.26217
7017,459,22977,0.0042501972056925,1.1436340734000001
7017,1753,87691,0.0111232250928878,1.14949
7113,0,36,0.0053435475565493,1.01942
7001,1162,58138,0.0069581517018377,0.194002582235
7017,722,36144,0.0055135004222393,1.02222
7020,531,26564,0.0040782270953059,1.0231
7016,110,5548,0.0139046674594283,1.04472
6999,49,2472,0.0086759775876998,1.3164400872000002
7016,136,6843,0.0023928680457174,1.07839
7017,1445,72274,0.0059905829839408,0.7142544915200001
7017,1445,72299,0.0026607001200318,0.61568
7020,421,21089,0.0028202072717249,1.0
7001,698,34942,0.0036966758780181,1.11894122872
7001,872,43607,0.0035052066668868,1.04130138843
7001,872,43629,0.0052184495143592,1.00093
7017,858,42928,0.0058839404955506,1.1306153812000002
7016,287,14382,0.0045902039855718,1.1267869172
7020,141,7086,0.0225401036441326,0.922698
7016,94,4706,0.0072916182689368,0.87768
7017,693,34685,0.0069364495575428,1.29785
7017,576,28838,0.0032635414972901,0.542346
7014,1526,76333,0.0034668219741433,0.972663
7016,5,268,0.0066237463615834,1.06735
7017,1725,86282,0.0057284729555249,1.8243420272000002
7016,176,8802,0.0077892397530376,0.77903469504
7017,629,31471,0.0061528524383902,0.923704
7017,282,14110,0.0038999319076538,1.0398
7011,229,11458,0.0486650988459587,0.57549700344
7017,434,21704,0.005112474784255,1.3383114258000002
7017,1456,72812,0.0046266186982393,1.0179637896
7016,260,13003,0.0232465174049139,1.13
7017,445,22262,0.0018164176726713,1.00131
7017,445,22284,0.0048213456757366,0.58221632649
7016,298,14944,0.0048245219513773,1.2523455861
7017,1285,64253,0.0131785217672586,0.62274171758
7017,1285,64264,0.0071626463904976,0.786541
7012,1063,53188,0.0216387994587421,2.196105338
7001,948,47417,0.0047635142691433,0.959248
7001,948,47444,0.0040485505014657,0.565628
7017,376,18846,0.0082678981125354,1.02116
7001,1090,54526,0.0136166773736476,1.2134568382200002
7017,1612,80604,0.0027002680581063,0.701397
7020,407,20352,0.0058480971492826,0.534647
7016,261,13083,0.0062507512047886,0.604098
7012,1711,85560,0.0212667044252157,1.0
7012,1711,85571,0.0033436741214245,0.67176773521
7017,332,16631,0.0032686968334019,0.840266
7017,310,15530,0.0034207426942884,0.572418
7014,1528,76427,0.0032604485750198,1.3942432256
7020,437,21876,0.0040618330240249,0.784969
7017,1354,67734,0.0037600193172693,0.894135
7017,1354,67738,0.004873985890299,0.980151
7017,1222,61124,0.0035966192372143,1.0
7012,1675,83773,0.0049852468073368,0.717588
7016,224,11226,0.0034043670166283,1.15323812688
7011,176,8832,0.0048717819154262,0.585613
7012,1305,65283,0.0050257146358489,1.4268
7020,50,2503,0.0017832985613495,0.999049
7001,1078,53919,0.0050443513318896,1.00729
7001,1078,53922,0.0029666374903172,1.05153
7017,1322,66150,0.0049034445546567,1.11300226218
7020,291,14575,0.0123349148780107,1.0739678654
7017,307,15393,0.004324622452259,0.582316
7020,1887,94392,0.0040174419991672,1.1828810282999997
7012,1662,83148,0.0515345633029937,0.643187
7012,1662,83149,0.0039944956079125,1.00132
7017,1175,58757,0.004545516334474,1.26394
7017,978,48945,0.0029501586686819,0.7869032976000001
7016,141,7073,0.0082607148215174,0.722167
7017,1469,73459,0.0039395159110426,1.15518
7017,1641,82093,0.0068310038186609,1.1828512879
7013,77,3890,0.0073050148785114,1.10264678
7012,1234,61733,0.002338906051591,0.76306551282
7001,1068,53447,0.0032039345242083,1.03658
7020,327,16383,0.0038336522411555,1.09731
7020,327,16395,0.0487008802592754,0.057885462524999994
7017,1084,54239,0.0049961959011852,1.38871
7017,1538,76923,0.0009880771394819,0.906562
7017,777,38889,0.0048384736292064,1.17776
7017,623,31163,0.0181300118565559,0.6095551491
7113,59,2980,0.0034963740035891,1.3356455363
7017,1732,86613,0.0060219205915927,0.9971237862499999
7020,69,3458,0.0062910290434956,1.1495328272
7020,69,3478,0.0055512273684144,6.2985962514e-09
7017,157,7870,0.0036490384954959,0.623244
7012,1611,80556,0.0051417723298072,0.0740520378318
7017,833,41678,0.0090584745630621,0.481136
7020,425,21258,0.0053439326584339,1.1996585244000002
7020,425,21262,0.0045419037342071,1.22869
7017,593,29693,0.0065045221708714,1.3588971792000002
7017,593,29698,0.0082203382626175,0.581968
7017,1563,78161,0.0045041721314191,5.74620892295
7001,195,9770,0.0081395506858825,0.880971
7020,22,1128,0.0043055671267211,0.49254225079999997
7017,414,20734,0.0065212547779083,1.05478
7017,702,35118,0.0014842111850157,1.0
7001,1017,50866,0.0029199379496276,1.02595570605
7001,1017,50890,0.0148661965504288,1.1172
7017,284,14201,0.0046804803423583,2.04811734464
7012,1434,71736,0.0064804544672369,0.905652
7014,1503,75192,0.0052315010689198,0.67145
7020,225,11257,0.0027506463229656,0.931709
7017,854,42742,0.0053035924211144,1.2205838568
7014,1654,82707,0.0029898178763687,0.565549
7014,1654,82708,0.0025071750860661,1.1491943021
7012,1594,79712,0.0040884409099817,1.12223763328
7014,1635,81772,0.00421790080145,0.92179
7014,1265,63286,0.0020131403580307,1.5006046209
7017,182,9134,0.0016671671764925,0.798086
7003,1673,83656,0.0024122302420437,0.966743
7017,811,40569,0.0029390470590442,0.892199
7001,1032,51611,0.0030396480578929,1.03999
7001,1131,56571,0.004035172984004,0.622639
7017,1206,60348,0.0049716201610863,1.2370965376000003
7017,1159,57987,0.004153907764703,1.12926
7017,1661,83075,0.0880661830306053,1.06491
7011,125,6275,0.0033348714932799,1.61116
7014,1669,83454,0.0038159890100359,0.904941
7016,19,997,0.0195885803550481,0.04982495471
7016,42,2146,0.0021986218634992,0.993873
7017,810,40522,0.0047935904003679,1.12172
7012,1363,68172,0.0144058167934417,1.23069
7017,1069,53478,0.0030772914178669,1.03868
7017,181,9087,0.0045744744129478,0.748701
7017,922,46105,0.0051941876299679,0.475308
7108,52,2611,0.0068076378665864,0.822934
7020,399,19978,0.0047045950777828,1.2229249796000001
7016,328,16430,0.0040789050981402,1.41532
7017,1170,58520,0.0029860341455787,0.524295
7017,897,44863,0.0054635349661111,0.5759385231599999
7017,1335,66771,0.0040771346539258,0.92179
7014,1382,69139,0.004880060441792,1.02969
7017,752,37641,0.0032666465267539,1.09527
7017,838,41902,0.0097010107710957,0.981237
7116,1,82,0.0047732535749673,0.998211
7116,3,183,0.0617504343390464,0.694455
7014,1666,83348,0.0039078420959413,1.1127595109
7017,1127,56356,0.0039271037094295,1.4038416928
7017,979,48951,0.0038650338537991,1.0706364144
7017,979,48955,0.0037745437584817,0.705283
7017,437,21891,0.005255208350718,1.09750463764
7020,397,19882,0.0104698864743113,0.89217086098
7001,1167,58394,0.0079433321952819,1.04234
7017,1110,55548,0.0021801581606268,0.79795
7017,4,209,0.0078037246130406,1.10821
7017,4,241,0.0036244567018002,4.167183115469999
7017,764,38206,0.0031909688841551,0.974316
7017,764,38237,0.0044586546719074,0.9911603399700001
7017,1536,76808,0.0033473486546427,0.5974970385999999
7017,1536,76842,0.0083385463804006,0.762138
7001,459,22952,0.0090534286573529,0.410042
7017,880,44024,0.0234134998172521,0.986005
7017,880,44045,0.0089258067309856,0.515932
7017,1094,54729,0.0016117407940328,0.925109
7016,387,19361,0.0133951678872108,0.948298
7016,387,19382,0.0030688783153891,1.0
7017,878,43928,0.0068290759809315,1.15632
7001,556,27808,0.0461588986217975,0.555688
7017,1278,63925,0.0047078290954232,0.0068661023780200005
7016,111,5590,0.0041376976296305,1.0
7017,108,5411,0.0036942497827112,1.02042
7016,178,8901,0.0053605674766004,0.325094
7020,530,26508,0.0066569065675139,0.97685630124
7020,530,26538,0.0062795714475214,0.849521
7017,200,10012,0.0083995591849088,0.6042370443199999
7017,200,10026,0.0036098421551287,1.0146
7115,0,43,0.0064382366836071,0.480121
7016,379,18980,0.0033526914194226,1.09437
7014,1678,83925,0.0036457376554608,1.02464
7001,188,9441,0.0041106399148702,1.1674096924000001
7016,234,11734,0.0298419818282127,1.1182601122000002
7016,234,11737,0.089374154806137,0.36371
7020,315,15767,0.1280058771371841,0.540287
7020,315,15786,0.0036190159153193,1.20813903077
7014,1670,83543,0.005231496412307,1.05014
7017,1517,75861,0.0031723375432193,1.0563693431
7012,1452,72625,0.0207239966839551,1.3313
7017,856,42842,0.0085244793444871,0.5171019597800001
7020,143,7156,0.0034382264129817,0.988943
7014,894,44749,0.0051791137084364,1.04105
7017,193,9654,0.0095949545502662,0.899707
7017,1664,83245,0.0043264869600534,1.6206453291000003
7001,789,39489,0.0047846133820712,1.1787214191
7017,84,4201,0.0030817212536931,1.02096
7017,1498,74915,0.0092267328873276,1.05632
7017,1498,74931,0.0024790719617158,3.6339319478
7017,1498,74933,0.0021559104789048,0.966612
7112,56,2835,0.0025772228837013,0.79645
7001,891,44591,0.0121536320075392,0.998473
7001,313,15680,0.0038370136171579,1.01628
7014,1305,65265,0.031531386077404,0.9806181448000001
7013,25,1258,0.8763236403465271,1.02202241895
7017,870,43528,0.0017017143545672,0.8758923301999999
7017,870,43529,0.0982792600989341,0.95962
7013,82,4114,0.0082152197137475,0.970568
7017,264,13204,0.0032188408076763,0.65316457998
7017,264,13214,0.0044270539656281,0.786276
7001,866,43318,0.0038244014140218,1.09701
7001,866,43320,0.0128109641373157,1.76755
7001,1136,56801,0.0040548308752477,1.04313
7017,423,21166,0.0038915846962481,0.94764
7012,1075,53764,0.0044984929263591,0.907701
7017,1158,57921,0.0044972016476094,0.636639
7014,1140,57021,0.0041987672448158,0.976911
7001,250,12531,0.0043752021156251,1.05888
7017,224,11202,0.0079770367592573,1.11447377029
7017,224,11215,0.0034622172825038,1.01837
7017,16,848,0.0037506031803786,1.01142
7017,1444,72212,0.0035450980067253,0.520221
7017,1444,72224,0.0019685688894242,1.4265182447999998
7017,1343,67167,0.0034186826087534,0.535832
7020,296,14839,0.0079295262694358,0.984814
7016,171,8595,0.0021966530475765,0.883145
7011,261,13058,0.0020998266991227,1.10248
7011,261,13099,0.0025938989128917,0.998841
7017,353,17685,0.0358232297003269,1.277574584
7017,1203,60193,0.0951985791325569,2.5429
7012,1703,85169,0.1071926951408386,0.947055
7012,1703,85170,0.0031056378502398,0.5853377622399999
6999,15,754,0.0046656387858092,0.448474
7017,1249,62482,0.0087320385500788,0.851539
7016,6,314,0.1855179816484451,1.1445998545000002
7017,652,32609,0.0059574279002845,0.5017218435799999
7017,1386,69312,0.0038325199857354,1.04279
7017,1386,69329,0.0019613190088421,1.5451084201
7017,1386,69340,0.0054717338643968,0.776316
7017,1567,78353,0.0050219865515828,1.05245
7017,1015,50772,0.003703809576109,1.03474
7017,1015,50778,0.0045870044268667,0.97175728692
7016,162,8112,0.0038507496938109,1.06507
7014,1698,84933,0.0042696469463407,0.6629588472
7014,1698,84948,0.0060085980221629,1.03287
7012,1705,85270,0.0082217650488018,1.04568
7001,95,4789,0.0082423435524106,0.940799
7017,494,24710,0.0070900809951126,1.0012
7016,82,4120,0.0046320678666234,0.873149
7017,1726,86314,0.004529986064881,1.26779
7011,277,13857,0.0029188802000135,1.31832
7001,860,43001,0.0305010434240102,0.580047
7017,1078,53907,0.0084959454834461,0.963465
7017,207,10390,0.0059814383275806,0.903311
7001,841,42100,0.0850517973303794,0.915418
7017,486,24304,0.0047315410338342,1.2588292079999999
7017,1221,61093,0.0053301299922168,0.445639
7017,1221,61094,0.0038755105342715,1.07576
7017,1527,76375,0.0083404704928398,0.935082
7012,1085,54264,0.0033868895843625,1.227533749
7016,79,3959,0.0039208619855344,0.969499
7011,49,2491,0.0029546865262091,0.8047113812
7100,1,58,0.0031848626676946,0.993395
7003,1553,77690,0.0041726948693394,5.0629688183e-13
7011,281,14083,0.0066636516712605,0.6364898001
7016,319,15955,0.0365884825587272,1.02632849058
7017,367,18398,0.0047149490565061,1.02797
7017,197,9876,0.0062561524100601,0.6014026115
7001,448,22446,0.0021469625644385,0.0038718791866
7020,104,5233,0.0041065094992518,1.10188
7014,1588,79449,0.0048891748301684,1.05668
7017,959,47989,0.0057667521759867,0.0009988345948
7017,959,47994,0.0052880789153277,1.61106
7014,1388,69434,0.0043557020835578,4.20828
7012,1579,78956,0.0048306663520634,1.78025
7017,980,49005,0.0044238795526325,0.75274691204
7017,21,1065,0.0994615703821182,1.04781
7017,99,4975,0.0055150012485682,1.00103
7017,99,4986,0.0024220414925366,0.653068
7017,1719,85999,0.0065768519416451,0.744446
7020,416,20809,0.0053954063914716,1.1058790534399998
7020,416,20820,0.0143693489953875,0.817238
7020,416,20848,0.0039962069131433,0.901902
7017,1189,59453,0.0065808868966996,1.03818
7017,1189,59488,0.002771669300273,1.2216003652999998
7020,146,7325,0.0032141979318112,1.00526
7017,162,8127,0.0094984900206327,1.11408
7012,1698,84923,0.0132112223654985,0.746437
7017,769,38471,0.0057238987646996,0.912074
7020,1571,78588,0.0263336785137653,1.05065
7020,1571,78596,0.0036622921470552,1.288057495
7020,800,40008,0.0013135450426489,1.19152
7019,542,27137,0.0092543931677937,1.2230154110000002
7021,60,3012,0.0071640163660049,1.02201
7023,1581,79069,0.0028648325242102,0.959555
7020,1131,56586,0.0058312462642788,1.01429
7025,566,28308,0.0051725972443819,0.8574536666999999
7019,366,18312,0.010148286819458,1.2014325448
7022,148,7443,0.0020581784192472,1.210386996
7018,152,7602,0.003189408686012,1.0052
7018,152,7635,0.0028511430136859,1.2002155805
7019,522,26107,0.0035833232104778,1.01088
7023,2,138,0.00637230835855,1.1797
7019,47,2391,0.0068740956485271,0.047222849961000006
7019,382,19131,0.0055081616155803,0.91053639147
7021,597,29867,0.003906266298145,1.01846
7021,597,29900,0.0013573936885222,0.45250666877999995
7018,137,6851,0.0026635893154889,0.838128
7020,1612,80628,0.0051155732944607,0.996858
7021,703,35177,0.0017389925196766,1.0442
7020,965,48292,0.0016963321249932,1.00516
7022,83,4172,0.0060601122677326,0.69569874252
7020,919,45956,0.0134956464171409,0.883241
7020,919,45959,0.0045813065953552,0.483986
7020,713,35683,0.0050714761018753,0.53337
7025,282,14114,0.0054599870927631,3.0359988897
7116,56,2807,0.0038178260438144,0.785733140325
7023,310,15538,0.0059241289272904,1.15584051636
7018,27,1397,0.0040541067719459,0.6870269400000001
7020,1228,61430,0.0086637400090694,0.994658
7025,363,18158,0.0023647253401577,0.945658
7020,1841,92074,0.0047350502572953,1.16441
7018,90,4541,0.0278424154967069,1.0265
7019,395,19762,0.0271690096706151,8.047859514299999
7020,1505,75288,0.0049251648597419,0.815974
7025,3,176,0.0014437640784308,1.0
7025,240,12007,0.0204370692372322,1.1622415733
7019,576,28819,0.0055246199481189,0.97089
7019,576,28841,0.0058749159798026,1.5360038583999998
7020,1089,54486,0.0024439727421849,1.2294669090000003
7020,1632,81648,0.0034345884341746,0.880902
7019,464,23221,0.0078940372914075,0.624462
7018,198,9908,0.0067364554852247,0.594033
7021,305,15269,0.005470055155456,0.630378
7020,804,40238,0.0029946858994662,0.991223
7020,569,28495,0.0040326481685042,0.502652
7025,366,18327,0.0047016199678182,1.14841
7025,366,18335,0.0025446838699281,1.05278
7018,225,11293,0.0808968394994735,1.1799225543999998
7020,1423,71183,0.00792215205729,1.4857473718999998
7023,523,26199,0.0026157544925808,1.0
7018,127,6388,0.0019299411214888,1.0
7020,580,29023,0.0027605469804257,1.04318
7020,668,33440,0.0063671842217445,1.03171
7021,425,21251,0.0056481934152543,1.01986
7019,277,13851,0.0079393684864044,0.8950911539999998
7020,930,46504,0.0226838756352663,1.0
7020,930,46532,0.0038039251230657,0.587585
7018,211,10555,0.0678501278162002,1.0994110681
7020,1075,53770,0.0080849230289459,1.0
7021,147,7382,0.0046619242057204,1.2990210786
7019,185,9286,0.0051989601925015,0.85401
7021,790,39537,0.0050717266276478,0.671561
7117,3,192,0.0026025974657386,1.28651
7117,8,408,0.0028408977668732,1.17734
7022,172,8647,0.007658717688173,0.930998
7023,1074,53731,0.0240106936544179,0.68513410427
7020,1813,90683,0.0052692526951432,1.1214
7023,560,28029,0.7195339798927307,0.530281
7022,245,12290,0.7304109334945679,1.0
7020,1345,67299,0.0020911390893161,0.989942
7020,1590,79502,0.0025437592994421,1.2172407576
7018,233,11658,0.0017914155032485,0.414439
7018,33,1691,0.0044696871191263,1.01891211746
7018,33,1694,0.0756167694926261,1.265941127
7019,116,5805,0.0052481512539088,0.216452121555
7025,18,901,0.0030436492525041,0.989449
7020,1191,59553,0.0033313769381493,0.75315185492
7019,110,5540,0.0041908156126737,1.0
7020,939,46951,0.0105170076712965,0.90705
7020,939,46978,0.0044761523604393,0.0128078348
7020,1761,88079,0.0035894983448088,0.944769
7023,391,19570,0.0028817958664149,1.3482097666000001
7020,1753,87665,0.0048678931780159,1.04951
7021,181,9079,0.0078998431563377,0.7879187904
7021,181,9097,0.0059381467290222,0.310204
7020,874,43736,0.0039454218931496,0.5913277507200001
7018,91,4592,0.0019582717213779,1.1021
7020,1853,92671,0.0069866077974438,1.00491
7019,506,25316,0.0990299805998802,1.04777662295
7020,1633,81668,0.0041000419296324,1.23779
7020,762,38121,0.0037217510398477,1.14581
7021,831,41577,0.0058151744306087,1.13176
7018,102,5107,0.0034701579716056,1.03132
7025,390,19550,0.0065204324200749,0.006306332756499999
7020,1924,96207,0.0050023272633552,0.847585
7019,193,9673,0.0074826804921031,0.547716
7020,1562,78140,0.0226841699331998,1.3991853719999998
7019,490,24528,0.0066170943900942,0.956401
7023,660,33023,0.0057286764495074,0.830599
7023,660,33050,0.0119908386841416,1.04833
7020,1693,84663,0.0080393608659505,0.800763
7022,154,7710,0.003635874716565,1.0299
7022,154,7711,0.0023753561545163,1.0
7025,64,3223,0.0136631177738308,1.02296967038
7018,25,1288,0.0051281447522342,1.12061840816
7022,177,8897,0.226258173584938,0.882707
7021,407,20389,0.0111790532246232,0.84986258536
7019,507,25380,0.007445415481925,0.731165
7025,56,2809,0.0059861550107598,0.569426
7018,222,11103,0.3029535114765167,1.12857
7023,101,5062,0.0050609656609594,0.527306
7020,1253,62683,0.0021622551139444,1.14134029834
7019,11,564,0.0084358174353837,1.36753
7022,96,4844,0.0066543030552566,0.761206
7020,1826,91325,0.005140405613929,1.04422
7021,87,4396,0.0016438725870102,0.902756
7019,417,20887,0.0118879815563559,1.02926
7019,417,20893,0.0069060712121427,0.979029
7020,619,30981,0.0032705906778573,1.71346
7019,218,10928,0.0809522494673729,1.00202
7019,198,9930,0.0037005981430411,1.07708
7025,478,23933,0.0031011218670755,1.1773677180000002
7020,568,28436,0.0618132129311561,6.505187513500001e-08
7021,182,9150,0.0077884732745587,2.8578167321e-10
7019,427,21369,0.0037810506764799,1.23162
7020,736,36808,0.0045571001246571,0.879922
7019,240,12008,0.0139914574101567,0.980709
7019,240,12019,0.0128071000799536,1.1978475262000001
7019,240,12034,0.013527700677514,0.243534
7019,240,12050,0.0041281101293861,6.7649538217e-06
7021,174,8711,0.0063942801207304,0.904053
7021,174,8741,0.0115764075890183,0.9816025211999999
7021,174,8746,0.0103002954274415,0.6598759978500001
7025,71,3578,0.0027818293310701,1.2131647749
7022,216,10806,0.0124275414273142,1.0
7022,198,9938,0.0098262373358011,0.897402
7018,267,13394,0.0043469984084367,1.02052590902
7019,72,3640,0.0047997157089412,0.728682
7018,58,2917,0.0973595306277275,1.425123252
7020,763,38168,0.0231850743293762,1.0907
7020,681,34092,0.7122271656990051,1.12355
7019,8,441,0.0413505919277668,0.468427
7130,2,103,0.1144859492778778,0.828585
7018,136,6811,0.0015413037035614,1.1023534373600001
7020,1419,70997,0.0063334549777209,1.31746
7020,1339,66997,0.0061639621853828,0.611165
7022,146,7325,0.0383499488234519,1.1109060534000001
7020,1922,96137,0.0048621888272464,1.637611809
7020,1260,63023,0.0051854979246854,1.0702670512
7020,1216,60829,0.0039277831092476,0.9916
7020,1378,68901,0.0031598736532032,0.662189
7130,19,983,0.0049596042372286,0.968829
7019,146,7307,0.0053679654374718,0.518608
7018,5,261,0.0026947776786983,1.36184
7021,503,25168,0.005111442413181,0.78826
7019,540,27046,0.0150751071050763,1.00749
7019,540,27050,0.0063992268405854,0.534001
7020,698,34908,0.045626051723957,1.06387
7021,492,24615,0.0039386968128383,1.03294
7025,424,21249,0.0228052716702222,1.1268237497
7023,260,13044,0.0166607350111007,3.1604559648e-08
7019,105,5275,0.0627334117889404,0.562639
7126,41,2100,0.0033215738367289,0.997625
7126,42,2117,0.0021714866161346,1.06417
7023,699,34971,0.0043139606714248,0.819715
7020,1443,72182,0.0076633943244814,0.808121
7025,615,30756,0.0071001318283379,0.98371
7130,53,2683,0.0018671110738068,1.03157
7020,1201,60068,0.0014769230037927,0.430075
7019,442,22105,0.0041526020504534,0.925348
7020,1716,85849,0.0079666739329695,0.532155
7021,736,36832,0.0098542533814907,1.0994960518299999
7021,725,36260,0.7300769686698914,1.16839
7023,1325,66268,0.0157075487077236,1.14949
7020,1606,80327,0.0052530993707478,0.446621
7020,946,47302,0.0140546429902315,0.465185
7022,145,7266,0.0039297873154282,0.877913
7022,145,7293,0.0054356856271624,0.997723
7023,107,5368,0.0062470198608934,1.4771800091999998
7020,1646,82314,0.0080545144155621,1.09361
7020,1646,82333,0.002483996329829,1.09225
7018,191,9588,0.008840162307024,0.894723
7021,355,17767,0.0044512692838907,0.906196
7020,778,38931,0.0046141492202878,2.9181996936399996
7018,272,13628,0.0064273262396454,1.12105
7022,260,13016,0.0046618869528174,0.83463
7019,83,4174,0.0026518043596297,1.20303
7019,83,4178,0.013437652029097,1.03626757364
7020,877,43872,0.0039312825538218,0.979929
7019,381,19061,0.0187946334481239,0.960796
7020,1366,68302,0.0018927040509879,0.757649
7025,564,28234,0.005445655900985,0.492696
7025,337,16883,0.0015560573665425,1.23395603192e-06
7020,1706,85325,0.0057569402270019,1.03554
7018,35,1783,0.0074144979007542,1.03138586406
7023,398,19906,0.0034381477162241,0.998929
7021,137,6859,0.0202516019344329,0.945584
7020,1096,54810,0.6324011087417603,1.18712
7020,1096,54818,0.0046598180197179,0.89439
7021,222,11116,0.0054771522991359,0.926046
7022,91,4595,0.0023442094679921,1.02757
7020,1665,83291,0.0021049960050731,0.943329
7025,219,10986,0.0037971804849803,0.90853360332
7020,627,31358,0.0041237864643335,0.675588
7025,398,19929,0.005567577201873,0.6805022522999999
7021,460,23013,0.1081142574548721,0.9283
7020,1687,84382,0.0017100539989769,0.873054
7019,5,263,0.0039244764484465,1.07637
7020,1403,70154,0.0027936126571148,0.692756
7020,1176,58832,0.0667130127549171,0.495749
7023,214,10745,0.0154331224039196,1.2439981159000002
7023,641,32063,0.5419043302536011,1.04559
7020,1426,71335,0.0333753302693367,0.993302
7020,1491,74589,0.0030302079394459,0.707123
7023,270,13521,0.0025437560398131,1.21805
7023,270,13527,0.0043185902759432,0.715576
7022,247,12375,0.0027652583085,1.10713905396
7020,1281,64088,0.0238977205008268,1.02836
7023,129,6458,0.0062993569299578,1.4058537168
7022,64,3229,0.0073908446356654,1.2379880865
7021,325,16274,0.0111226169392466,0.528672
7020,608,30444,0.0089596025645732,0.555278
7020,690,34512,0.7180922627449036,0.00028435449884799997
7025,79,3975,0.0121493516489863,1.1615272591999999
7025,79,3996,0.005865772254765,0.598603
7019,276,13812,0.0110825188457965,1.277323229
7021,251,12573,0.0134399402886629,1.53438847204e-07
7025,59,2963,0.0039377948269248,1.11733
7019,430,21501,0.0049693067558109,0.845242
7126,70,3549,0.005538972094655,0.953014
7020,1545,77268,0.0081213051453232,0.772804
7022,206,10307,0.0036880683619529,1.3143097924
7023,1369,68500,0.0050270063802599,1.08063
7020,1951,97554,0.0383466780185699,0.50103
7021,25,1284,0.003624188248068,1.4523261159
7018,217,10859,0.0042412891052663,0.964207
7020,1235,61760,0.0326440222561359,1.1332514978
7023,139,6999,0.0049156905151903,1.0642270466000001
7025,465,23265,0.0059078843332827,1.04919
7020,1817,90880,0.0088401492685079,0.97088
7020,1817,90888,0.0752046555280685,1.0
7020,1623,81177,0.0030934703536331,0.995914
7020,1534,76715,0.0061710481531918,1.10422
7022,90,4545,0.0156788080930709,1.07958
7018,0,23,0.0039676181040704,0.136654843689
7020,1655,82788,0.0033735251054167,1.04199
7020,1653,82686,0.0548674613237381,1.02427
7018,247,12357,0.0181282144039869,0.366412
7018,221,11090,0.0057008103467524,1.03749940667
7020,1672,83601,0.0036311214789748,0.964775
7021,721,36060,0.009798920713365,1.0
7021,721,36062,0.0067638186737895,1.07621
7020,587,29351,0.0049180909991264,1.04774842063
7019,398,19929,0.0017621607985347,0.96169
7019,398,19942,0.0058356295339763,1.05023
7020,1017,50891,0.006282121874392,0.965051
7023,194,9725,0.0023127638269215,1.0
7020,477,23890,0.004945040680468,0.542849
7020,1915,95755,0.0064869355410337,1.03533
7023,185,9267,0.0034026575740426,0.550783
7020,798,39942,0.0062117092311382,0.43108
7023,236,11818,0.0038907474372535,0.58966
7025,166,8327,0.1558844596147537,1.16415
7020,1829,91475,0.1151956021785736,1.08893
7023,1520,76006,0.0092139178887009,0.950991
7022,159,7962,0.0054237120784819,0.57178366344
7020,1846,92350,0.004887112416327,0.909987
7025,599,29984,0.0031601472292095,1.6224219023999997
7025,602,30112,0.0016839387826621,0.0024976596439
7021,480,24026,0.0042932196520268,0.540794
7020,847,42374,0.0091914311051368,1.04155
7022,124,6201,0.043249987065792,1.00559
7020,1000,50035,0.0027259381022304,0.853024
7020,1051,52597,0.0046012266539037,0.7878535262599999
7021,594,29719,0.0035004965029656,1.04557
7025,312,15626,0.0069146156311035,1.1695093816
7020,915,45763,0.0069020800292491,0.598872391
7019,496,24815,0.0051629804074764,1.04111
7023,566,28319,0.0129230404272675,1.2255827224
7020,875,43781,0.0041573783382773,0.694801
7020,1782,89116,0.005416558124125,0.561768
7020,1782,89117,0.0019303361186757,1.04199
7020,1104,55247,0.3802847266197204,1.03684
7023,341,17068,0.0047410083934664,1.0341834174
7022,116,5807,0.0036292367149144,1.24614
7019,360,18019,0.0047427592799067,0.816713
7025,530,26513,0.0054383059032261,1.0
7025,591,29595,0.0071561587974429,0.869212
7020,1919,95989,0.0089321071282029,0.607809
7020,904,45211,0.0080388020724058,0.881145
7019,274,13712,0.0041764471679925,0.93061
7022,230,11523,0.1039062067866325,0.542276
7019,200,10012,0.0037873985711485,0.946684
7020,664,33202,0.0045512202195823,1.4511211885
7020,1117,55871,0.0047939517535269,1.5216998035999998
7020,535,26757,0.0047238967381417,0.50103473563
7020,535,26760,0.0026128764729946,0.7441027404
7021,157,7894,0.0193545538932085,1.67423
7020,768,38437,0.0047835055738687,0.829347
7020,768,38447,0.005196985322982,0.935246
7025,224,11245,0.003099960507825,0.99572
7019,271,13572,0.0033304302487522,5.94487698812
7019,296,14827,0.0036217696033418,0.93527443905
7023,824,41238,0.00938908662647,1.6166427576000002
7020,1064,53248,0.0204215366393327,0.79652
7020,1398,69926,0.008063867688179,0.926743
7021,72,3604,0.0172494444996118,1.10865
7019,153,7700,0.001232762588188,0.778709
7020,1222,61124,0.0032943161204457,0.953325
7020,1222,61131,0.0508783645927906,0.421644
7020,962,48102,0.0036226341035217,0.9466443762999999
7025,110,5546,0.0049601336941123,0.561279
7020,578,28909,0.0071743074804544,0.661833
7019,339,16973,0.0794436410069465,0.5555997046000001
7023,81,4061,0.0048444829881191,0.000540964242504
7022,275,13788,0.0028237351216375,1.0093804717500001
7022,4,234,0.005696159787476,0.877913
7020,988,49419,0.0036423769779503,1.81613
7020,988,49422,0.0021058565471321,0.83099724032
7021,2,139,0.0050824116915464,0.909157
7020,1759,87966,0.0048760487698018,1.4233877196
7020,1759,87999,0.003458569990471,1.2081446916
7020,1152,57622,0.0044776038266718,1.2106472275
7020,1727,86360,0.0091958614066243,0.504947
7022,128,6445,0.0034766735043376,0.963801
7020,1074,53705,0.0021305000409483,1.4074632480000002
7020,1834,91724,0.0033678831532597,0.923954
7020,963,48184,0.0604640208184719,1.06562
7018,147,7364,0.005435325205326,0.804766
7018,112,5623,0.0087449997663497,0.500678
7021,442,22112,0.0056311967782676,0.491059
7021,442,22147,0.5560007095336914,0.959585
7019,319,15991,0.0076751443557441,1.0270705650799998
7019,363,18171,0.0023276980500668,1.05371
7019,363,18185,0.008144712075591,0.549539
7021,571,28567,0.0040501444600522,0.737866
7021,571,28595,0.0036844359710812,1.5909345516999998
7020,1493,74690,0.0017459306400269,0.587422
7023,32,1619,0.0017842333763837,0.444479
7025,565,28268,0.0037215405609458,0.479583
7020,544,27235,0.0072069480083882,0.9986223104000002
7020,1140,57009,0.003690427634865,1.00913
7025,406,20314,0.01275787781924,0.521177
7020,1702,85142,0.0038723088800907,0.949779
7020,1532,76638,0.00322603341192,0.567397
7019,404,20239,0.0106257852166891,0.9058370416199999
7019,38,1945,0.0039203497581183,1.2658482492
7020,731,36593,0.0057068378664553,1.20541
7020,1684,84211,0.0075788265094161,1.11718
7019,510,25514,0.003078183857724,1.0458
7019,510,25527,0.0053733862005174,1.05655
7019,384,19202,0.0084576234221458,1.04039
7025,120,6028,0.0036348106805235,0.564566
7020,1910,95541,0.005015994887799,1.04701
7022,266,13308,0.002129785483703,0.924074
7022,266,13325,0.0069103864952921,1.02283
7020,1203,60161,0.0041703693568706,1.0938
7025,567,28352,0.0299303494393825,1.2045015180000003
7018,38,1944,0.0070798532105982,0.915007
7020,1267,63391,0.004153253044933,1.04944
7020,551,27578,0.0043652225285768,0.7458621395799999
7020,564,28204,0.0023440399672836,1.177949612
7023,761,38053,0.0043761869892477,1.04508
7019,226,11334,0.0080774389207363,0.87724
7020,1434,71718,0.0041229622438549,1.223713056
7018,44,2216,0.0097243702039122,1.18137
7018,251,12571,0.9469316601753236,0.793907
7018,251,12598,0.0083033852279186,1.01736
7023,606,30332,0.0031198705546557,1.2744835618
7022,257,12874,0.0052646840922534,0.916902
7021,700,35036,0.0040593640878796,1.13808183125
7025,396,19830,0.0042510069906711,1.1107
7019,245,12269,0.0046182228252291,0.766865
7023,1381,69080,0.0045686587691307,0.709936
7020,1914,95740,0.0029158648103475,0.808686
7021,472,23647,0.002124999416992,0.848145
7019,459,22954,0.0032513334881514,0.980759
7019,459,22967,0.0020356983877718,1.0
7020,855,42789,0.0019534020684659,0.970738
7020,737,36900,0.0035146598238497,0.966769
7018,245,12267,0.0039440020918846,1.07743
7021,750,37524,0.0094378814101219,1.0711268523
7019,454,22728,0.0291664768010377,1.110872448
7023,223,11180,0.0031967393588274,0.968173
7025,381,19083,0.5643256902694702,0.92932
7025,630,31545,0.0029068330768495,0.971459
7022,95,4768,0.0037137998733669,0.69148132191
7019,338,16902,0.0054174060933291,1.6397056215000003
7019,338,16910,0.0033585696946829,1.07422
7019,338,16919,0.0033637899905443,1.06415
7018,187,9397,0.0023725214414298,2.0377034804000003
7018,269,13468,0.0045650149695575,1.03904
7018,269,13490,0.0126532632857561,0.633945
7020,1816,90805,0.0081943785771727,1.18937
7020,1282,64128,0.0107338018715381,0.973943
7020,605,30281,0.0007452857098542,1.1158303948
7023,432,21616,0.0055660642683506,0.821597
7018,20,1010,0.0047356477007269,0.654705
7018,20,1021,0.0041343430057168,1.215565272
7020,1288,64436,0.0090490840375423,0.822366
7018,140,7009,0.0053797354921698,1.24741
7020,1559,77988,0.0026077104266732,0.34004021687999997
7021,390,19540,0.0040552448481321,1.1151241746
7021,762,38116,0.0908102765679359,1.01601
7025,387,19363,0.0028584729880094,0.570461
7020,1945,97295,0.0048769912682473,1.02037
7021,136,6817,0.0050067082047462,0.741348
7020,908,45430,0.0025036644656211,0.0019053636029999997
7124,40,2050,0.0065120519138872,0.56499685542
7020,1026,51339,0.1116764768958091,1.0
7019,516,25814,0.0191514045000076,0.973177
7020,1112,55613,0.0032120095565915,0.418709
7021,235,11752,0.0077671846374869,0.900681
7018,242,12149,0.0222118776291608,0.837233
7022,81,4055,0.0103071769699454,1.12062615728
7019,37,1854,0.0059189419262111,0.924562
7019,37,1878,0.0069174547679722,0.86963
7020,1295,64797,0.0039494456723332,0.430971
7025,263,13198,0.010452315211296,1.02151
7019,286,14349,0.023285211995244,0.53581376121
7023,40,2008,0.0023806171957403,1.05932
7020,1792,89604,0.0046790768392384,1.6148467712
7020,1792,89638,0.0056224698200821,0.928466
7020,1754,87727,0.0040680645033717,1.05315
7021,170,8511,0.0308304745703935,0.67536672256
7022,237,11854,0.0066245929338037,1.04869
7019,268,13444,0.0033133546821773,1.20019273502
7019,63,3151,0.0044992640614509,1.126178088
7019,63,3165,0.0043598376214504,1.05921
7020,1525,76263,0.0225274208933115,0.577766
7019,254,12747,0.0025056242011487,1.03482
7023,7,380,0.01124107837677,1.05897
7019,40,2007,0.0040328647010028,0.995958
7020,1119,55994,0.004974668379873,1.7580425544
7020,773,38682,0.00220488733612,0.165204428456
7020,1547,77381,0.0060665495693683,1.3306776816
7020,1136,56834,0.0017872118623927,0.996722
7023,808,40443,0.0026743181515485,1.0
7023,468,23449,0.0124091673642396,0.84205
7023,468,23450,0.0035341207403689,0.865723
7020,1854,92711,0.0084755606949329,1.3616888625
7020,1847,92351,0.0052265604026615,0.372915
7020,1047,52367,0.0042823851108551,0.958348
7020,1486,74319,0.0037557811010628,0.59563
7022,49,2456,0.0020050040911883,1.30370408352
7021,578,28901,0.0022079423069953,3.42078376311
7018,63,3156,0.0133835021406412,1.2355809219
7021,171,8558,0.010737563483417,0.982384
7021,171,8584,0.0178832504898309,0.982384
7020,1839,91991,0.0028160170186311,1.09983
7019,34,1710,0.0036632805131375,1.2336320729999999
7020,553,27674,0.003820659359917,0.441276
7019,483,24152,0.0020501785911619,0.966456
7019,423,21179,0.0060097449459135,0.030445060208000002
7025,488,24424,0.0032789036631584,1.5064415515
7023,54,2711,0.0948629453778266,0.919157
7023,54,2718,0.0043615349568426,1.10848
7018,47,2357,0.0044343876652419,1.05629
7019,311,15568,0.0039005966391414,0.839993
7020,1150,57534,0.0195104479789733,1.25149580842
7025,315,15767,0.0022711968049407,0.484469
7025,315,15792,0.0015407607425004,1.04152
7019,293,14667,0.0043635731562972,0.418671
7020,703,35192,0.0038917695637792,1.2109243803
7023,130,6520,0.0046175867319107,1.10644277184
7020,666,33302,0.0132106821984052,0.843336
7021,18,949,0.0040815286338329,0.7939
7025,50,2543,0.0302688516676425,0.656254
7021,530,26515,0.111014999449253,1.00316
7023,773,38676,0.0021632595453411,0.530072
7022,190,9528,0.0127767147496342,0.373558
7022,190,9538,0.0097939893603324,0.930922
7020,1154,57718,0.0075329071842134,0.7496204694299999
7025,9,471,0.0022459337487816,1.04806
7019,532,26641,0.0053549292497336,0.457627
7020,1371,68577,0.0041769547387957,1.04835
7023,1601,80075,0.0031932436395436,1.11246
7023,1601,80078,0.0046959402970969,1.15842
7020,624,31217,0.0045491876080632,0.63772
7022,52,2601,0.0020835029426962,0.002296103816
7023,1230,61538,0.0807094126939773,0.61259819474
7023,576,28814,0.0051733083091676,1.07041
7020,1392,69607,0.0053985519334673,1.16883711558
7020,1392,69630,0.0057778982445597,0.772344
7020,1399,69992,0.7863777875900269,1.13668
7025,112,5634,0.0040449146181344,2.3532230525
7021,66,3324,0.0047838981263339,1.03041
7020,1709,85461,0.0027142404578626,1.2409210044
7019,50,2511,0.0048127826303243,1.1463525666999999
7018,4,202,0.0052845091558992,0.932881
7023,1336,66837,0.0050741983577609,0.858564
7019,460,23022,0.0013660143595188,0.491161
7018,181,9059,0.3442367613315582,0.624179
7023,125,6279,0.0387980081140995,0.525838
7022,107,5354,0.0030106713529676,0.96573941652
7019,145,7276,0.0054643517360091,1.3014541400000001
7025,355,17788,0.0053872703574597,0.358859
7019,187,9371,0.0057609151117503,0.883772
7022,59,2983,0.0044710468500852,0.737275
7020,1936,96844,0.0047486061230301,1.03077
7018,139,6965,0.0070358202792704,0.948834
7020,692,34605,0.0184123218059539,1.0459232407799999
7019,324,16222,0.0062567042186856,1.09179
7019,324,16240,0.0019069612026214,1.1287334484
7129,27,1382,0.0041510029695928,0.40925
7018,276,13813,0.0053564044646918,0.912316
7021,345,17264,0.0054463474079966,0.89675220346
7020,1734,86701,0.002561334753409,0.9237723270300001
7021,111,5582,0.0050053470768034,0.588688
7025,213,10687,0.0051016211509704,0.55386
7023,1080,54023,0.0162637680768966,0.991405
7025,557,27899,0.0042222151532769,1.02279
7023,18,908,0.0071385158225893,1.11945770502
7019,282,14101,0.0044187996536493,1.2980211944
7020,1233,61652,0.0062089287675917,1.02561
7020,1233,61661,0.0043015545234084,1.1147
7023,390,19544,0.0032199872657656,1.00176
7020,1257,62852,0.2283096015453338,0.862536
7020,779,38985,0.0038840654306113,1.03092
7025,470,23501,0.0069256648421287,0.534504
7021,789,39483,0.0054707769304513,0.18549466156
7019,148,7421,0.0028113892767578,0.78309499248
7021,747,37369,0.0269260797649621,1.08487
7020,835,41760,0.0698162168264389,0.84298857804
7020,1838,91912,0.1231972873210907,1.2989591056
7020,1492,74629,0.0207295976579189,0.933964
7020,1492,74646,0.0041293753311038,1.2004102707
7020,637,31855,0.1539437025785446,1.1504788786399998
7021,547,27356,0.0043357112444937,2.1860952479999995
7020,1206,60349,0.0180683974176645,1.02289
7025,500,25041,0.0027979768346995,1.0114
7022,274,13747,0.0022607427090406,0.056624724099999996
7019,387,19374,0.005207082722336,0.729309
7019,505,25268,0.0043750405311584,0.435024
7020,757,37884,0.004442736506462,0.773489
7021,518,25927,0.0022967425175011,1.17226194501
7018,108,5431,0.0524080209434032,1.0
7020,825,41292,0.0040338705293834,0.120477267675
7025,409,20477,0.0031973836012184,1.06281
7025,409,20480,0.0100265592336654,0.876749
7020,1270,63531,0.0044993069022893,1.3127627365999999
7019,1,72,0.0039526694454252,1.35088
7019,322,16136,0.6877450942993164,0.955241
7022,68,3410,0.0052598416805267,1.11823
7022,98,4919,0.0031926273368299,0.49933
7021,195,9754,0.0015472347149625,0.706149
7023,70,3501,0.0042608720250427,1.12534229341
7019,434,21716,0.0030085023026913,1.0016
7019,434,21746,0.0058549153618514,0.682653
7025,537,26899,0.0026805675588548,0.984979
7025,85,4263,0.0063343551009893,1.12748
7020,588,29416,0.0041951104067265,0.488134
7020,588,29445,0.0904388129711151,1.3262963168
7020,1417,70888,0.2262366265058517,1.26423
7020,1030,51541,0.0070370095781981,0.8255790813599999
7025,343,17189,0.0333768688142299,0.815045
7021,370,18505,0.0044579030945897,1.16345468424
7022,113,5680,0.0033694421872496,1.00615
7020,996,49804,0.0038940678350627,0.597799
7021,748,37428,0.0021760251838713,1.15819
7019,298,14935,0.0047336858697235,0.998142
7020,697,34851,0.0024633049033582,1.08634
7020,697,34873,0.0033352584578096,1.1346537598000002
7025,10,533,0.0037300593685358,1.02285
7021,57,2868,0.0087132370099425,0.539295
7020,1356,67809,0.0045924973674118,0.472074
7018,201,10074,0.0075737317092716,1.03757
7018,131,6574,0.0046885539777576,0.07319748265599998
7020,870,43530,0.0037966193631291,1.01741
7018,149,7471,0.0050370572134852,1.06607
7020,732,36630,0.00405944744125,1.12205
7020,1515,75759,0.0027978853322565,1.1337421438000002
7020,1515,75787,0.0044575915671885,0.473897
7019,545,27288,0.0016734742093831,0.515494
7022,179,8987,0.0010089499410241,0.926176
7022,179,8996,0.0096299462020397,0.94293
7020,1682,84135,0.0034675286151468,0.8559650752
7019,20,1024,0.0058881845325231,1.47626
7023,765,38282,0.0035676858387887,0.529086
7021,141,7098,0.0042307977564632,0.642028
7023,1200,60032,0.002860116539523,1.06299782766
7023,1200,60035,0.006293995771557,0.971602
7025,227,11366,0.0052733840420842,0.54254
7025,227,11380,0.0028340762946754,0.8809769025599999
7021,203,10165,0.1526010781526565,0.780529
7021,14,716,0.0041529373265802,0.880345
7021,14,734,0.0027385463472455,1.03553862968
7021,237,11893,0.0059459717012941,1.35504
7019,285,14267,0.0054421727545559,0.965036
7019,392,19627,0.0120344134047627,0.00063624687225
7025,522,26109,0.005196654703468,0.978688
7025,268,13420,0.0021823407150804,1.2171708352
7019,429,21475,0.0063447123393416,1.04101
7020,646,32333,0.028838962316513,5.81202626751
7023,498,24906,0.005810382310301,2.67943952191
7023,498,24944,0.0040055746212601,1.12429
7020,1135,56780,0.0152056422084569,1.0725962527200001
7020,675,33795,0.0014043888077139,0.721659
7022,184,9243,0.00272748619318,0.0073880889215999996
7020,1593,79665,0.0048990487121045,0.988355
7020,562,28109,0.0044158031232655,0.60177702735
7025,273,13656,0.0060276202857494,0.996241
7022,180,9046,0.0070298262871801,1.19026709195
7020,1457,72858,0.0047962232492864,1.8950420889
7021,840,42013,0.0092273913323879,1.1541812327000003
7025,253,12682,0.0055119628086686,0.919354
7025,415,20775,0.0040350924246013,0.466061
7019,451,22574,0.0041572982445359,1.03963
7019,451,22586,0.0037332244683057,1.0
7025,486,24341,0.0461046062409877,0.48598
7020,1057,52855,0.0049525029025971,1.37839892811
7020,1057,52873,0.0061298217624425,0.606291
7020,1752,87613,0.0105095161125063,0.785059
7023,296,14845,0.009054297581315,0.959872
7019,36,1818,0.005957456305623,0.488703
7025,183,9186,0.0015573106938973,0.70715
7025,183,9193,0.0053213899955153,0.900299
7021,614,30744,0.0078243939206004,1.2279104454
7023,74,3733,0.0046463850885629,0.493946
7020,1645,82268,0.0034307446330785,0.874513
7020,1645,82287,0.0571001209318637,1.4371040754
7020,1767,88391,0.0043129283003509,1.10311
7019,439,21965,0.0227006077766418,1.16622
7020,1370,68531,0.003227864857763,0.983967
7020,1158,57939,0.6164424419403076,0.712797
7023,14,746,0.0070435227826237,0.957605
7023,1012,50628,0.0035961389075964,0.909165
7023,1012,50638,0.0064852461218833,1.0
7019,495,24791,0.0055041345767676,0.479278
7020,1442,72144,0.0146414656192064,1.04094
7019,492,24615,0.0033020048867911,0.714733
7019,492,24620,0.0126678952947258,0.695638
7020,767,38365,0.0046680532395839,1.12258606422
7020,1297,64857,0.0054229330271482,0.36055456566
7025,421,21060,0.0112218083813786,1.2136800735
7025,180,9004,0.0053895115852355,1.01647
7025,180,9005,0.0043367017060518,1.0
7025,228,11436,0.0068108662962913,2.91101646726
7025,29,1463,0.0078860279172658,1.0365
7020,848,42432,0.0037762601859867,1.07819
7020,848,42435,0.0071899159811437,1.0336
7020,1294,64716,0.0114545598626136,0.707197
7023,278,13934,0.0036939354613423,0.7234693315199999
7023,278,13938,0.0258079692721366,1.01376
7020,1284,64230,0.0029097783844918,1.06121
7018,72,3627,0.0058977627195417,1.02154
7019,171,8571,0.0045626694336533,1.3999565342
7019,171,8581,0.0033881792332977,1.11392
7023,411,20597,0.0574712082743644,1.2099884082
7020,701,35057,0.0089170662686228,0.943971
7020,701,35094,0.0054449969902634,0.92179
7025,483,24179,0.0045704334042966,0.347802
7025,483,24190,0.0056701311841607,1.1698055313
7019,481,24077,0.006510907318443,1.04583
7021,295,14762,0.0091041298583149,0.94865
7025,584,29203,0.0056964708492159,0.897273
7025,593,29692,0.0037859233561903,5.8174015504e-07
7020,1501,75098,0.0094166183844208,1.2095609175
7020,897,44873,0.0037794345989823,1.1896380657
7022,39,1983,0.001159390900284,0.65712464433
7021,792,39625,0.005372395273298,0.992141
7019,43,2183,0.0065095536410808,1.7495585720000002
7019,43,2194,0.0039969887584447,0.810128
7022,29,1484,0.0038984480779618,0.280258
7022,224,11243,0.0090353041887283,1.40283
7023,1247,62369,0.0024145480711013,1.2815
7019,302,15121,0.0048615499399602,0.999102
7021,114,5713,0.0034755293745547,0.703485
7129,17,878,0.0017339091282337,0.92513
7022,69,3451,0.0657450556755065,1.330184394
7020,1824,91220,0.0049043353646993,0.983285
7025,462,23140,0.006738584022969,0.5891433776799999
7021,255,12785,0.0033322272356599,0.9523256973099998
7018,36,1815,0.0027250733692198,1.03957
7020,643,32171,0.0016754454700276,0.57065545768
7025,359,17970,0.0035423066001385,1.3311193392
7019,30,1517,0.0030189722310751,1.0599110136
7019,30,1537,0.0066969417966902,0.57121
7023,356,17829,0.0052925357595086,0.98671313472
7020,1548,77412,0.0959440618753433,0.511844
7022,182,9143,0.0051085115410387,1.01756
7020,1468,73417,0.00382049405016,4.0168674208
7020,1468,73420,0.0048256921581923,0.965503
7020,1468,73443,0.0072248587384819,0.658972
7020,1468,73444,0.0049619390629231,0.461378
7020,1533,76673,0.017557518556714,0.73681299365
7025,204,10222,0.0041446685791015,1.03545
7020,822,41140,0.0037811873480677,1.04765
7020,822,41142,0.0044455425813794,1.0399051565000001
7021,35,1783,0.0049586491659283,0.671886
7019,186,9323,0.0062972283922135,1.02388599915
7018,223,11171,0.2021188884973526,2.1332205047999997
7023,100,5021,0.0043619037605822,1.57163
7018,31,1589,0.0064872610382735,0.68351
7025,490,24545,0.0025184915866702,1.12566043648
7022,157,7878,0.0166346542537212,0.939251
7025,154,7747,0.0055736335925757,0.99021351702
7025,474,23743,0.0075334277935326,1.04436
7020,1395,69752,0.0038998911622911,0.4538726368
7020,1395,69759,0.0036947643384337,0.966729
7020,1395,69796,0.0058029033243656,0.482825
7022,226,11308,0.0061292643658816,0.551156
7020,888,44403,0.0095594637095928,1.0723
7019,461,23053,0.0038646040484309,0.601561
7020,1199,59973,0.0118175027891993,1.7504391618000001
7019,259,12990,0.0042544677853584,0.601177
7023,542,27139,0.0040906211361289,1.47106
7020,1698,84940,0.0016382953617721,0.491771
7019,494,24739,0.0039291800931096,1.00132
7021,515,25773,0.0096233999356627,1.04468
7020,1941,97090,0.0047029056586325,1.4576521824
7023,226,11320,0.0046923556365072,1.0
7020,1300,65006,0.0077818841673433,0.885825
7025,259,12988,0.0052464436739683,1.2149644541
7018,37,1893,0.0039644297212362,1.04205
7020,878,43919,0.003714381949976,1.04561
7019,485,24285,0.0096092028543353,0.987068
7018,143,7196,0.002076176693663,0.494796
7018,144,7208,0.0249601304531097,1.11418
7020,552,27645,0.0154160745441913,0.841921
7018,132,6603,0.0191729702055454,1.3561783180900002
7020,1448,72445,0.0026704724878072,1.2387036928000001
7025,260,13035,0.5605672001838684,0.834753
7022,136,6804,0.0049653421156108,1.04761
7020,1021,51074,0.0038528612349182,1.04037
7020,1021,51100,0.0036005566362291,0.817034
7020,1350,67502,0.0050937733612954,0.81123807296
7023,461,23072,0.0060555557720363,0.497587
7023,461,23074,0.0031603889074176,1.3336802371999998
7021,239,11994,0.0046092285774648,0.986762
7020,1187,59370,0.0075052799656987,0.77303159305
7020,983,49180,0.0012225320097059,1.13869
7019,44,2221,0.0049675833433866,0.842628
7019,44,2227,0.0065546417608857,1.14066
7019,344,17230,0.0260859299451112,1.08559
7023,1037,51882,0.0086972638964653,0.9614057976
7124,1,76,0.0019440111937001,1.07401
7124,7,397,0.0056595085188746,1.0330427252999999
7020,738,36941,0.0065186591818928,0.7121348535
7019,526,26317,0.0042566764168441,0.505698
7021,346,17317,0.0251838620752096,1.9877642038
7019,269,13493,0.0118795493617653,1.14949
7025,289,14472,0.0014438541838899,1.03093
7020,1377,68862,0.010487250983715,0.611902
7019,217,10860,0.0017706536455079,1.32729
7019,159,7997,0.007510126568377,1.00605
7020,686,34345,0.0111940121278166,1.2254385328
7021,5,273,0.0030379928648471,1.03113
7021,5,279,0.0040889414958655,0.871312
7025,577,28893,0.0035502598620951,1.04952
7022,200,10004,0.0644392520189285,1.11660768267
7125,10,530,0.0037015932612121,1.0137
7018,22,1106,0.0058342767879366,1.08862
7025,167,8364,0.0054855747148394,1.39815
7019,71,3581,0.0035114167258143,0.69013373424
7025,131,6600,0.0086118467152118,0.877913
7022,18,950,0.0062258578836917,1.14088
7018,48,2422,0.0038947153370827,0.918393
7018,115,5782,0.0051929806359112,0.429093
7025,487,24365,0.004364488646388,1.5140189099999999
7025,80,4025,0.0080852517858147,0.441847
7019,405,20264,0.0022512699943035,0.608357
7019,405,20271,0.018644131720066,0.899731
7025,21,1072,0.0007941073854453,1.03858
7022,272,13614,0.0124056963250041,1.19525743522
7021,291,14561,0.0108516886830329,1.3080550625999998
7022,56,2803,0.0080881426110863,1.66481
7019,97,4866,0.0065825898200273,0.851291
7019,97,4880,0.0645742937922477,0.52619
7019,97,4885,0.0027711594011634,1.1597
7021,339,16995,0.0055366922169923,0.926113
7020,1137,56882,0.0018497690325602,1.7536920494000001
7020,862,43137,0.0043857768177986,1.41909861
7020,857,42852,0.0064332182519137,0.6250869701999999
7020,1309,65459,0.0060460637323558,0.710724
7020,987,49364,0.0033567587379366,0.948667
7020,1311,65573,0.005618704482913,0.98144
7020,1311,65579,0.0052554481662809,1.0833
7022,5,269,0.0050469366833567,0.61131
7021,776,38846,0.0042757210321724,1.4401148607999998
7023,10,540,0.0479332916438579,1.01291
7020,1290,64546,0.0075701526366174,0.3846008088
7022,147,7364,0.0054955049417912,1.02703
7130,69,3499,0.0098336208611726,1.210273792
7020,1173,58655,0.0042831129394471,1.2344758470000001
7022,80,4045,0.0035688318312168,0.631982
7019,572,28612,0.0050859116017818,1.0494506624
7019,357,17889,0.0035785543732345,1.07124
7023,331,16570,0.0031360401771962,1.1274207576
7019,55,2779,0.0045011397451162,1.06852
7019,55,2797,0.0038911246228963,1.1807323115
7020,881,44089,0.0015342838596552,1.02914281638
7021,375,18759,0.0622014887630939,1.19595
7019,519,25954,0.0048602260649204,0.854244
7019,519,25968,0.002489983337,1.03892
7025,386,19320,0.0080987541005015,1.25647
7025,386,19346,0.0047620763070881,1.25647
7023,1046,52308,0.0098138470202684,0.96617
7025,507,25368,0.0033798632211983,1.3175952126000001
7025,143,7189,0.006104330997914,0.533573
7126,27,1379,0.0046039680019021,1.05764
7126,30,1530,0.0026391062419861,0.963861
7020,612,30612,0.0029785139486193,1.018
7020,612,30614,0.0018658201443031,0.8385455548399999
7020,895,44762,0.004937769845128,1.03113
7020,1479,73961,0.0018352535553276,1.199824992
7020,1479,73996,0.0085900295525789,1.02873424041
7025,161,8060,0.0070683886297047,0.92674
7020,1628,81418,0.0108635807409882,1.1429397270000001
7025,72,3622,0.0043927831575274,0.90248
7023,332,16601,0.0039757443591952,1.06882
7025,340,17028,0.0070968149229884,0.972473
7019,243,12197,0.0068006194196641,1.45871
7123,29,1474,0.0025349692441523,1.0881863183000002
7023,174,8741,0.0060966317541897,0.73332490066
7025,344,17231,0.0049939514137804,1.1731804315199998
7019,393,19693,0.0043382588773965,0.466661
7020,740,37016,0.0034354105591773,0.452286
7020,740,37018,0.0042396741919219,0.68861894724
7022,50,2520,0.0030283359810709,0.877851
7021,820,41035,0.0038236500695347,0.903954
7021,820,41045,0.0069679548032581,1.0038
7020,1244,62242,0.0027207965031266,0.819458
7018,235,11771,0.0838924050331115,0.47776
7020,780,39030,0.0013680603587999,0.371338
7020,709,35481,0.003982120193541,1.02238
7020,721,36099,0.0045236279256641,0.64499278954
7020,1797,89879,0.0021249125711619,2.5316516277000004e-09
7020,486,24350,0.0057247313670814,0.9044722663200001
7025,358,17943,0.0037840625736862,0.486726
7023,554,27740,0.0794304832816124,0.79985069424
7025,574,28721,0.0194473229348659,1.1248
7020,1146,57337,0.0145242195576429,1.3306144808
7023,754,37736,0.0026741647161543,0.60223824496
7025,217,10892,0.0095193069428205,1.1521689599
7019,54,2726,0.1470879018306732,0.989782
7025,362,18112,0.002997581847012,1.30063
7020,606,30332,0.0049715158529579,1.08623
7020,790,39507,0.0017984707374125,0.99639210132
7020,790,39527,0.0048435656353831,1.1985495000000002
7019,135,6752,0.007135150488466,0.90254240648
7019,408,20418,0.0091441357508301,1.03696968876
7019,228,11424,0.0058584669604897,0.9223
7020,550,27529,0.2148870974779129,0.985282
7020,1473,73671,0.0031012133695185,1.05587
7020,1163,58184,0.0063023488037288,2.496894104
7018,268,13419,0.0047662071883678,1.31678924089
7020,635,31754,0.0115605359897017,1.249186737
7020,972,48634,0.0054814447648823,1.11101
7125,1,62,0.0042195892892777,0.877913
7125,4,240,0.0018813306232914,1.10941
7125,7,362,0.0034431032836437,1.01656
7020,841,42087,0.0092289606109261,1.4605700998
7025,254,12749,0.0113114174455404,1.08091
7019,283,14177,0.0051612239331007,0.497628
7021,676,33837,0.0089675113558769,0.49823100940000004
7020,1695,84778,0.0070468853227794,1.00839
7020,1787,89373,0.0113128796219825,0.663258
7020,1787,89379,0.0016083860537037,0.378872
7022,217,10886,0.0031714329961687,1.09214
7019,167,8387,0.001208989531733,1.01059
7021,666,33332,0.0846626013517379,1.2006144250000002
7018,65,3272,0.0044286390766501,0.98747980365
7021,318,15910,0.0060413111932575,1.33186
7021,730,36513,0.005288706626743,1.02542
7021,730,36542,0.0027214295696467,1.4135658948
7020,1937,96864,0.0106082828715443,0.987212
7020,658,32920,0.0043093897402286,1.04889
7020,658,32923,0.0181196518242359,0.889587
7020,1242,62144,0.0021693562157452,0.5209288205
7020,922,46114,0.0044943504035472,0.847444
7020,922,46141,0.0042817913927137,10.270402353
7021,322,16113,0.0061125205829739,1.5452895739
7018,263,13161,0.0024890962522476,0.55208557994
7019,414,20705,0.0055864588357508,7.0001043062999994e-09
7019,414,20738,0.0069722551852464,1.1163552459300001
7025,477,23884,0.0024894669186323,0.661301
7018,214,10729,0.0143855344504117,1.03684
7020,644,32213,0.0071995626203715,1.13276
7018,120,6024,0.0095592997968196,1.09395
7020,499,24988,0.003857935545966,0.893516
7020,499,24996,0.0039615961723029,0.877913
7025,86,4311,0.0129807312041521,0.877913
7025,86,4335,0.0041706738993525,2.22294
7020,764,38249,0.0602806769311428,0.69279575409
7020,1659,82969,0.0031601546797901,1.03541
7020,1207,60393,0.0039585549384355,1.01251
7020,1460,73047,0.0034041146282106,0.536316
7020,947,47377,0.0033234418369829,0.86595
7025,49,2470,0.0040535945445299,0.7460805714700001
7021,218,10937,0.0038124127313494,1.10648172086
7025,515,25758,0.0032677319832146,1.04279
7025,515,25771,0.0163104943931102,1.14923768225
7025,98,4930,0.0041457735933363,2.6670025980000003
7022,263,13165,0.0056709786877036,1.1225465771099998
7020,1139,56954,0.0043873614631593,1.13595
7020,682,34115,0.0116128399968147,0.843426
7025,19,972,0.0058943033218383,1.2383307027
7025,529,26484,0.0040711741894483,0.99175
7020,645,32260,0.0083362432196736,1.1191374907
7020,645,32298,0.0063155912794172,0.842907
7019,12,606,0.0040466664358973,0.430658
7020,1647,82393,0.3548741042613983,1.2373255898
7020,1329,66467,0.0029912013560533,1.04748
7020,1329,66491,0.0023580549750477,0.496197
7020,799,39980,0.0123175336048007,0.75492951408
7020,1250,62506,0.00373887992464,0.500265
7020,1250,62517,0.0155766205862164,1.2183361758
7020,676,33817,0.0030340377707034,0.721642
7020,854,42723,0.0042383037507534,0.635983
7022,244,12250,0.0031975687015801,0.67724384162
7025,73,3677,0.0039116153493523,0.77862085136
7019,435,21783,0.0049280445091426,0.574803
7021,279,13966,0.0082970513030886,0.6834807916200001
7025,205,10292,0.0038447782862931,0.945401
7022,261,13052,0.0108234202489256,1.13527
7022,261,13073,0.0065269749611616,1.03585
7022,261,13084,0.0027229958213865,1.08481
7018,66,3324,0.0282991342246532,0.0019827500939999998
7025,196,9807,0.2567344903945923,1.09402
7025,196,9836,0.0240331813693046,3.1997004886
7019,556,27812,0.0230762362480163,0.538157
7019,556,27816,0.0043623321689665,8.2024677042e-05
7021,731,36553,0.0042498889379203,1.0287
7021,615,30754,0.0053637186065316,1.02253
7019,233,11698,0.0060353470034897,1.07826836733
7025,516,25844,0.0042925793677568,0.452849
7019,528,26412,0.0085641955956816,0.48761
7021,734,36747,0.0030993092805147,0.936662
7020,1389,69483,0.0037619739305227,7.540356497669999e-07
7025,250,12514,0.0069162561558187,0.045343025
7023,76,3810,0.505561113357544,1.367083611
7022,281,14054,0.00525011587888,1.0039
7019,125,6270,0.0071045579388737,1.09033
7025,327,16368,0.0451110303401947,1.37571089441
7020,1009,50455,0.0020379091147333,1.00582
7123,22,1109,0.0034712709020823,0.52993779464
7023,902,45141,0.0059493910521268,0.99331
7019,348,17441,0.0037090375553816,0.861569
7020,771,38577,0.0047663175500929,1.15114297345
7021,374,18702,0.0210206601768732,1.1833952699999999
7019,156,7847,0.0835636779665947,0.89678
7019,425,21299,0.0408085584640502,0.55672806566
7022,249,12463,0.0046429652720689,1.2231963405
7018,1,99,0.0154954334720969,1.03809
7025,38,1907,0.0047064577229321,1.1443193239
7019,333,16661,0.0032110642641782,0.7911301010239999
7020,1814,90738,0.0524472892284393,1.00543
7020,1116,55806,0.0040577128529548,1.31833
7019,438,21940,0.0034896966535598,0.667649
7019,438,21945,0.0060129850171506,1.15484
7023,747,37366,0.0077463430352509,1.19848320468
7021,501,25078,0.0033705828245729,1.3216
7021,501,25083,0.0047228406183421,0.5802290451700001
7021,501,25090,0.0042779915966093,1.09568
7025,543,27199,0.0026394126471132,0.860607
7025,122,6104,0.0052710659801959,0.879245
7021,53,2652,0.0024829911999404,0.71653054644
7020,1209,60458,0.005766924470663,1.13497
7019,489,24487,0.0031770621426403,2.0089564818
7022,109,5478,0.003307009814307,1.14728
7018,53,2655,0.3722720146179199,1.24082870256
7018,53,2676,0.0042420905083417,0.79504998759
7025,347,17377,0.0249745361506938,1.2458909354
7025,347,17381,0.0051946491003036,0.971267
7020,704,35242,0.0116934664547443,1.03679
7020,1347,67365,0.0027883544098585,1.52542
7025,518,25901,0.0056253233924508,1.1929005459
7020,1002,50138,0.0024031398352235,1.11894
7020,1855,92761,0.0034081179182976,0.865225
7018,171,8557,0.0044173379428684,1.1389
7020,665,33279,0.0311870872974395,0.988938
7020,755,37800,0.0048972172662615,0.47360442584
7019,89,4475,0.0049419156275689,0.406987
7020,1466,73342,0.0067682601511478,1.03984
7020,628,31444,0.0138591295108199,0.6294262639600001
7025,297,14869,0.0048883412964642,1.2475549850399998
7025,297,14880,0.0037787938490509,1.05055
7018,84,4221,0.0032232857774943,0.42282687727999996
7020,959,47959,0.0054082795977592,1.2795555189999999
7020,1402,70108,0.0044826143421232,0.961513
7020,1441,72078,0.003897288814187,0.77859
7021,125,6263,0.0022135414183139,0.58304
7021,125,6280,0.0039166347123682,1.03636
7018,61,3054,0.0067549091763794,1.2001700235000001
7019,318,15941,0.212628036737442,0.449921
7020,1268,63441,0.0146964015439152,1.2272318142000003
7020,991,49564,0.0041010333225131,1.1316350748
7130,57,2887,0.0047540268860757,1.04691
7018,270,13543,0.0431924164295196,1.01084280325
7020,537,26881,0.0028706246521323,1.2541668678
7023,574,28739,0.0109859742224216,0.63276501618
7020,733,36693,0.0041905930265784,0.996187
7020,579,28976,0.0054094986990094,1.09632
7020,923,46153,0.0022881068289279,0.836078
7021,536,26811,0.0084582390263676,1.4717943555000002
7020,1770,88514,0.0047416649758815,1.38141
7019,278,13910,0.004219691734761,0.868942
7020,1707,85379,0.0097628375515341,1.1423029095
7018,104,5233,0.0065282671712338,0.528019
7025,185,9293,0.0039691319689154,0.6395639475599999
7025,206,10310,0.0060771396383643,1.01765
7025,372,18637,0.0049669137224555,0.987132
7018,264,13216,0.0122691541910171,0.451731
7020,1312,65640,0.0069532939232885,1.0
7020,1947,97382,0.0041184201836586,0.752451
7023,1392,69620,0.003849548054859,1.2250245139000002
7018,236,11850,0.0041533238254487,1.8623121928000002
7020,1259,62990,0.0205134227871894,0.98315954114
7023,724,36218,0.0541507564485073,1.03255
7025,36,1804,0.0049158185720443,0.702841
7021,577,28877,0.0073313484899699,1.05536
7020,1291,64557,0.0062490222044289,1.2929669514
7020,1696,84835,0.0030019672121852,1.213020276
7023,233,11667,0.0042011188343167,1.04198
7021,290,14514,0.0045317239128053,1.0993592220800001
7022,42,2113,0.0033283999655395,0.57412893016
7022,42,2149,0.0559914894402027,1.2594820786
7020,1605,80269,0.8602197766304016,1.23817
7021,738,36916,0.0025504273362457,1.09491
7025,480,24014,0.0052274307236075,1.04785
7025,480,24035,0.0009777913801372,0.506553
7025,96,4812,0.0057430486194789,0.031304088377
7020,902,45108,0.0073664570227265,0.531271
7020,679,33979,0.0031227711588144,1.1484957599999999
7020,679,33991,0.0013955705799162,0.984936
7020,718,35904,0.0022011632099747,1.2986280916000001e-06
7020,818,40910,0.0104078529402613,1.2594851437999999
7025,601,30079,0.0059026442468166,0.258328
7023,888,44441,0.003775616409257,0.566539
7022,132,6650,0.0028088907711207,0.973665
7025,614,30732,0.0161417443305253,4.5812152696e-05
7025,508,25423,0.0070962365716695,0.464723
7020,1170,58505,0.0080676525831222,1.12339
7020,1217,60891,0.0028721373528242,0.75326730336
7018,256,12813,0.0049136709421873,0.701334
7018,256,12836,0.0380984097719192,1.18564283082
7020,914,45730,0.00495968433097,0.667899
7021,670,33509,0.0068442770279943,2.5012793869200003
7020,1589,79470,0.0051518972031772,1.034
7020,235,11792,0.0126630179584026,9.239417499179999e-05
7020,235,11797,0.0164404865354299,0.913219
7023,1370,68540,0.0087838526815176,1.01349
7018,70,3536,0.0077815079130232,0.99638
7020,966,48345,0.0230935756117105,0.940453
7025,44,2242,0.0028736344538629,0.846593
7023,988,49445,0.0031264547724276,1.05517842996
7023,118,5945,0.004727765917778,0.545016
7021,34,1711,0.0031737778335809,1.04779
7020,1450,72531,0.0032604171428829,0.508015
7023,358,17935,0.0049072080291807,1.03519
7019,301,15098,0.0012890740763396,1.11156
7019,215,10755,0.0042548007331788,1.232069952
7023,378,18936,0.0050361989997327,1.0284
7025,491,24578,0.004822839051485,1.3530327471999999
7023,4,239,0.0054081520065665,0.823633
7020,1803,90156,0.0403871200978755,0.7207748230800001
7022,192,9618,0.0056395549327135,0.670914113406
7021,550,27511,0.0121020963415503,0.699308
7022,140,7023,0.0067214961163699,0.778888284
7022,140,7050,0.0145986136049032,0.836293
7020,1061,53054,0.0011259999591857,0.665009
7025,181,9070,0.0041106925345957,1.2817666728
7025,181,9075,0.004998464602977,0.257675
7023,713,35674,0.0035054984036833,0.553279
7023,713,35696,0.0063554951921105,0.87662574945
7020,649,32464,0.0050511499866843,1.1454
7025,447,22382,0.0041224411688745,0.647511
7025,447,22397,0.004424656741321,0.42762
7018,156,7829,0.0217155292630195,1.4781146331999997
7022,105,5261,0.0037889925297349,1.1740875615000002
7025,609,30462,0.0025500340852886,0.815479
7025,609,30466,0.0049067744985222,0.884981
7021,655,32799,0.0042931628413498,1.1543445573
7025,314,15734,0.0053782076574862,0.6022882944000001
7020,1580,79041,0.0051798997446894,0.696268
7025,249,12452,0.004785937257111,0.989369
7021,81,4057,0.010866449214518,0.59713338926
7018,89,4500,0.0030104664620012,0.964039
7022,239,11983,0.0035816468298435,0.52536
7020,1741,87070,0.1162086874246597,0.96866195805
7019,477,23895,0.002527633216232,0.956204
7019,249,12489,0.0062484322115778,1.24104827468
7025,290,14530,0.0051421304233372,1.2321137016
7020,1625,81289,0.0046442500315606,1.110310051
7018,121,6099,0.0025552266743034,0.93848
7025,367,18379,0.0053912475705146,0.795422
7018,28,1425,0.0047046672552824,0.668983
7018,28,1430,0.0048906640149652,1.27317
7020,599,29953,0.0039651654660701,0.3502474162
7020,599,29967,0.003330243518576,0.944694
7019,424,21212,0.0155645161867141,0.59350960746
7019,424,21237,0.0050947717390954,0.819925
7020,654,32719,0.003865496488288,1.01035
7019,15,761,0.0060611921362578,0.918488
7019,287,14357,0.0074285240843892,1.01656
7019,66,3331,0.0032781774643808,1.1956553640899998
7019,57,2873,0.0057822666130959,1.02871
7020,1372,68632,0.0026174024678766,1.04442
7021,401,20063,0.0064721736125648,1.10885
7021,0,38,0.0098714623600244,1.01703500688
7128,60,3038,0.0025528082624077,1.00096
7020,1405,70275,0.0027001169510185,1.13050692315
7020,1340,67048,0.003697101259604,1.0143523104
7021,112,5601,0.0032816519960761,0.895243
7130,78,3935,0.0034148632548749,1.217458785
7019,388,19433,0.0037217303179204,0.406415
7019,131,6566,0.0035115864593535,1.0492
7025,441,22055,0.0053787864744663,0.957272
7019,86,4348,0.0073377881199121,1.21783
7019,397,19892,0.0059085618704557,1.0
7023,387,19400,0.0031478372402489,1.12915
7018,71,3571,0.0039837853983044,1.0
7025,608,30402,0.0260057188570499,1.05908892864
7025,608,30426,0.0926570817828178,1.07924
7020,1569,78460,0.0034003832843154,0.338445
7020,1569,78490,0.0065931375138461,1.03149
7020,598,29931,0.0022860732860863,0.871662
7020,1483,74157,0.0066713420674204,1.07348
7025,35,1795,0.0090921316295862,1.1698722925999998
7019,525,26272,0.0162945352494716,0.814892
7019,523,26159,0.0052533592097461,1.0
7020,1289,64475,0.0059354393742978,1.941015718e-05
7023,8,434,0.0100098559632897,0.58977607
7020,968,48432,0.0043215337209403,1.30553
7020,990,49526,0.0037370834033936,0.49565348105
7018,103,5154,0.0028512200806289,0.76559265328
7020,936,46821,0.0023699111770838,0.9750737877300001
7020,1615,80754,0.0094982841983437,0.6749055621
7022,92,4629,0.8917334675788879,1.20295865242
7019,499,24963,0.0252505745738744,0.879846
7020,1292,64608,0.0041273850947618,0.50559863422
7025,425,21279,0.0044118450023233,0.775798
7018,572,28607,0.0047628474421799,0.950377
7023,53,2664,0.480240136384964,0.674456
7018,466,23307,0.005922517273575,1.0
7018,821,41051,0.005230558104813,1.2248306687000001
7132,47,2360,0.0027336876373738,0.6014115975000001
7136,5,277,0.0041753151454031,1.0
7023,157,7900,0.0049746190197765,1.0759821920000001
7026,514,25719,0.004016944207251,0.984743
7026,514,25740,0.0112602273002266,2.0516943408
7021,213,10651,0.0211703870445489,0.85122
7021,9,451,0.004785026423633,1.3898050963000002
7136,66,3327,0.004371500108391,1.2378187288
7018,493,24677,0.0190039314329624,0.950428
7023,1124,56246,0.0036639138124883,0.92179
7026,744,37233,0.017212051898241,0.489396
7026,559,28000,0.0015068062348291,0.87511803736
7023,1774,88722,0.0085999509319663,0.989383
7021,783,39198,0.0038432229775935,1.69202
7026,236,11805,0.0047548660077154,1.09435
7018,394,19708,0.0051246457733213,1.10457
7023,1822,91137,0.0029673918616026,1.1403338624400001
7020,1878,93923,0.0045548770576715,0.820203
7026,508,25434,0.0070382324047386,0.623589
7049,34,1747,0.0038637544494122,1.05722
7023,495,24792,0.0031582564115524,0.6828479469000001
7131,71,3561,0.0047616083174943,0.669891
7018,323,16191,0.0059383553452789,0.966455
7023,931,46566,0.0030895993113517,1.07409
7023,1495,74768,0.0039607277140021,1.05817
7026,36,1803,0.005482773296535,1.02216
7026,775,38771,0.0017495645442977,0.60317018993
7026,775,38779,0.0033040111884474,0.96786
7026,775,38796,0.0052514006383717,0.824165
7023,1660,83043,0.0176154933869838,1.06474
7023,1660,83049,0.0065616811625659,1.0598
7023,1316,65826,0.0034385449253022,0.929034
7023,1316,65827,0.0035559982061386,0.228889
7026,266,13310,0.0059746918268501,0.947607
7021,706,35334,0.1353738009929657,0.400758
7023,1386,69339,0.0059153181500732,0.9571312792800001
7018,946,47334,0.0037302048876881,0.749857
7023,11,590,0.0034792553633451,0.818835
7026,225,11257,0.0065868687815964,1.07357
7023,34,1703,0.0060713323764503,1.01564
7018,793,39654,0.0028807027265429,0.538971
7026,501,25051,0.0043013300746679,0.6169885928100001
7021,495,24782,0.0434735678136348,0.76148655942
7023,1635,81784,0.0037105120718479,0.959794
7023,1635,81787,0.0035550806205719,0.335987
7023,1234,61747,0.0146763576194643,1.00589
7023,829,41492,0.0047799856401979,0.0001162360384
7026,325,16253,0.0072244722396135,1.18158158702
7021,242,12107,0.0125198643654584,0.928703
7021,242,12141,0.0052005732432007,0.9079347833600001
7026,331,16559,0.0029440594371408,1.05169
7023,1172,58628,0.0056194951757788,1.0
7023,984,49212,0.0053642350248992,0.938901
7134,32,1622,0.0050377859733998,0.711823
7018,670,33519,0.892532229423523,1.1640636671999998
7021,229,11452,0.0054197036661207,0.57677526528
7023,197,9875,0.3281976580619812,1.04318
7023,197,9885,0.0237161014229059,0.923572
7018,364,18221,0.0735820010304451,0.674703
7023,1730,86530,0.0068776942789554,1.1619787939
7023,1005,50296,0.0025149683933705,0.964964
7049,104,5206,0.0033062163274735,1.04845
7026,294,14704,0.009500877931714,0.8255224937400001
7026,388,19409,0.0068280342966318,0.992682
7023,1776,88826,0.0054248385131359,1.0407
7023,82,4119,0.0119107402861118,0.959465
7026,168,8422,0.0148298516869544,1.05507
7026,168,8440,0.0022911406122148,0.824048
7018,912,45638,0.0024751424789428,0.414946
7018,920,46047,0.0061289444565773,0.932076
7023,1785,89251,0.0037702750414609,0.792438
7021,546,27309,0.0073535568080842,0.86753480346
7049,57,2877,0.0059838709421455,1.1664355359999998
7026,466,23329,0.0085782399401068,1.0732
7026,466,23348,0.0044987490400671,1.0732
7021,379,18992,0.1353650540113449,0.74078907255
7018,490,24528,0.0035064246039837,1.03919
7018,490,24537,0.005132014863193,0.970273
7023,1238,61924,0.0047276536934077,0.749429
7023,1385,69252,0.0041936244815588,0.979354
7026,206,10335,0.0049706436693668,0.676001
7018,718,35917,0.535416305065155,1.01905
7023,1756,87816,0.0036564401816576,1.5491720054999998
7049,207,10399,0.00419850833714,0.8530606226999999
7020,1884,94217,0.0047010579146444,1.05692363034
7023,612,30615,0.0036798126529902,0.82752258784
7018,579,28971,0.0037614698521792,1.04747
7023,1435,71799,0.0066992351785302,1.0853
7023,1456,72802,0.0063346521928906,0.0063332328018
7026,2,110,0.003343871096149,0.966385
7026,2,144,0.0030227552633732,1.03893
7026,335,16780,0.0045006102882325,1.4434821864000003
7023,1184,59228,0.0063610891811549,1.02312
7023,481,24087,0.0414139479398727,1.02263
7026,154,7712,0.0020664553157985,0.996262
7026,601,30087,0.0051447413861751,0.7962579346399999
7023,664,33216,0.0109069719910621,1.10003
7023,1399,69972,0.050024639815092,0.8507040542600001
7049,126,6330,0.0031071514822542,1.03053
7023,621,31078,0.0042212922126054,0.8342501702999999
7023,621,31091,0.0152380708605051,1.7922129042000003
7023,1539,76963,0.0536580644547939,1.03805
7023,793,39668,0.0660936310887336,0.942326
7018,292,14643,0.0111163137480616,1.8757349883999999
7023,183,9166,0.0041810506954789,1.2572116199999999
7023,55,2798,0.0064141997136175,1.0
7023,602,30134,0.997464656829834,0.530803
7023,986,49338,0.0038217394612729,7.7010346499999995
7018,906,45313,0.0035720716696232,1.09818
7026,391,19576,0.0313323773443698,0.70979315736
7018,786,39341,0.0044330074451863,1.22077
7021,488,24440,0.4042247831821441,0.6666792843200001
7026,50,2521,0.0050142174586653,1.1421408131
7026,94,4714,0.0094052357599139,1.01171
7023,1603,80192,0.0057816025801002,0.81998792096
7023,738,36922,0.010072898119688,3.32241
7023,753,37689,0.0046612983569502,0.712553
7023,1711,85599,0.0252298340201377,1.1411360352
7023,1466,73303,0.0059494702145457,1.2231091404
7023,371,18561,0.0490298420190811,1.07449864794
7049,84,4219,0.0041976710781455,1.15
7023,1670,83527,0.0041830223053693,1.10608
7026,396,19802,0.0068127177655696,1.2404798235
7026,660,33002,0.0126421749591827,1.15634
7026,660,33043,0.1251666992902755,0.450038
7049,109,5472,0.0063581345602869,0.6005591147400001
7049,109,5476,0.0054400437511503,0.948976
7049,40,2009,0.0036204245407134,0.520281
7021,586,29343,0.0025232201442122,1.03647
7026,192,9631,0.003868392901495,1.0
7049,83,4164,0.0037716329097747,0.977726
7021,822,41108,0.0053331716917455,1.03891
7023,1272,63604,0.1810411065816879,1.20908
7023,1053,52675,0.0088773826137185,1.113499184
7018,715,35798,0.0028162233065813,0.8247325463999999
7023,1627,81392,0.0041645946912467,0.512802
7143,36,1829,0.0047037559561431,1.15143
7143,40,2030,0.0021762144751846,0.649074
7023,930,46526,0.0230524707585573,0.000773495841222
7026,459,22979,0.0351419039070606,0.867066
7018,406,20347,0.0152569944038987,1.5089081864
7018,436,21848,0.0071305003948509,0.57885
7021,349,17475,0.0040893452242016,0.00197881729872
7026,667,33352,0.0129037722945213,1.2502591248
7018,413,20686,0.0040934062562882,0.1680849165
7023,1011,50575,0.0027048885822296,0.459152
7023,895,44772,0.0043369880877435,1.13576
7026,768,38430,0.002832498634234,1.01601279045
7026,722,36101,0.0048657362349331,0.0176186436704
7021,849,42477,0.0053457072935998,1.1726685459
7021,853,42654,0.0083295758813619,1.20125258475
7021,853,42662,0.0035597742535173,1.02741
7026,320,16031,0.0058366004377603,1.16616
7021,37,1889,0.0065506803803145,1.03287084051
7018,601,30072,0.040127296000719,0.972358
7026,727,36379,0.0053057637996971,0.972663
7023,970,48540,0.0066341767087578,1.38374
7021,832,41636,0.0027033661026507,1.2583333296
7023,1271,63567,0.0031863707117736,0.949037
7023,1271,63580,0.0029196483083069,1.1298645204
7023,209,10451,0.0081323208287358,1.09056
7026,372,18616,0.0034939171746373,0.558292
7026,372,18643,0.0160111244767904,0.920026
7021,435,21761,0.0036004062276333,0.531977
7021,435,21764,0.0036091823130846,1.03248
7026,734,36745,0.0049633402377367,1.1157112547
7021,93,4698,0.0095286993309855,0.61824022358
7018,737,36854,0.0022826436907052,0.59921453064
7023,1613,80662,0.0059767225757241,1.02542
7049,35,1784,0.0027596121653914,1.85628279
7023,1618,80924,0.0053398357704281,1.3375716312
7023,1618,80943,0.0042874058708548,0.944163
7026,243,12188,0.0037652812898159,0.990048
7026,243,12189,0.0041193766519427,1.0389
7049,529,26499,0.0047315610572695,1.04738
7018,958,47920,0.0175227280706167,1.07493
7026,379,18993,0.0070261359214782,0.923001
7026,293,14700,0.011008040048182,0.722859
7020,1886,94346,0.0050415019504725,0.85045
7018,612,30612,0.1525248885154724,1.09726
7018,812,40629,0.0021093927789479,1.2104
7023,586,29346,0.0117693208158016,0.64247567895
7026,12,636,0.0171212293207645,5.04781354518e-06
7018,381,19052,0.0047993008047342,1.2151427184
7018,381,19097,0.0218078196048736,0.816097
7021,788,39435,0.005025201011449,0.486154
7018,313,15688,0.0036899084225296,1.7099011385999998
7026,312,15648,0.0055242381058633,0.840609
7018,770,38545,0.0038806372322142,1.08818
7023,1245,62290,0.0112315947189927,0.9207078618399999
7021,457,22888,0.0063977921381592,0.850275
7021,271,13600,0.0051372637972235,0.787569
7018,598,29928,0.0185308493673801,0.937413
7026,868,43421,0.0042465766891837,1.21924195974
7026,486,24303,0.004375725518912,1.69682
7018,824,41207,0.0075276009738445,0.64348985812
7026,761,38077,0.0051186806522309,0.998277
7026,13,692,0.0080291610211133,0.733854
7023,932,46623,0.0030200865585356,1.0
7026,618,30912,0.0027991055976599,1.0014
7026,618,30931,0.0040001603774726,1.061
7026,618,30950,0.0046993065625429,1.0
7018,326,16310,0.0023799831978976,1.0
7132,12,612,0.0041430220007896,10.30950415
7018,830,41501,0.0047959950752556,2.0097719937
7023,1698,84935,0.0118923522531986,0.9963512622
7018,459,22976,0.0024151592515408,1.7612390838000003
7023,457,22877,0.0015070056542754,1.08234
7023,715,35779,0.003996305167675,0.878336
7049,93,4683,0.0037457037251442,1.4454027249999999
7026,877,43896,0.0055266539566218,1.0887842139300001
7018,596,29849,0.0024339037481695,1.17072
7018,720,36031,0.0044998554512858,0.753902
7021,184,9212,0.0063869766891002,1.00277
7026,653,32659,0.0058161807246506,1.1308367824999999
7018,763,38197,0.0021156519651412,0.43969
7026,560,28008,0.0050207474268972,5.21897526442
7143,51,2597,0.0027156879659742,0.486679
7026,866,43350,0.0069889510050415,0.884686
7049,225,11281,0.0143611934036016,0.844123
7021,759,37971,0.0061189783737063,1.08306
7023,388,19420,0.0079093044623732,0.8421959046
7023,388,19434,0.0061672502197325,0.005366874432000001
7023,694,34730,0.0092922924086451,0.664048
7018,610,30529,0.0057724830694496,1.04588
7026,799,39976,0.0024687743280082,1.03288
7018,848,42412,0.0042882952839136,1.22177
7023,1679,83955,0.0035016825422644,1.1903697878400001
7023,1672,83601,0.0069009684957563,0.86609
7026,688,34424,0.0029641699511557,1.6855907232
7026,826,41320,0.0032827551476657,0.549666
7026,703,35180,0.0058741145767271,0.889544
7026,703,35182,0.0047144051641225,0.79015214472
7021,527,26383,0.0035544810816645,1.1723915497
7021,527,26393,0.0097670061513781,1.03384
7023,1686,84330,0.005221745930612,1.2095479500000001
7021,363,18181,0.0056958980858325,1.3144731929999998
7049,528,26428,0.0070078051649034,1.02291
7026,398,19911,0.0055607282556593,0.889755
7026,774,38735,0.0045471820048987,0.975135
7021,46,2313,0.0021346777211874,0.75856
7023,723,36192,0.0317150019109249,0.65884
7018,932,46607,0.0025701406411826,0.328035
7018,932,46646,0.2143326997756958,0.930985
7018,932,46648,0.0427286960184574,0.897896
7023,1193,59677,0.0032546101137995,0.496715
7026,828,41425,0.0053314436227083,1.2453102684
7026,265,13295,0.0062237428501248,0.0029185959600000005
7021,684,34232,0.0063834018073976,0.978272
7023,1216,60832,0.0060775368474423,1.04265
7023,1625,81284,0.9053061008453368,0.736243
7021,526,26312,0.0013888749526813,1.2442188543200001
7026,741,37073,0.023714518174529,0.678887
7018,377,18896,0.0035922604147344,0.759311
7142,28,1424,0.1653469353914261,1.1017007803999999
7021,293,14680,0.0031293123029172,0.6179201796
7026,134,6739,0.0068615712225437,1.3725426845
7049,217,10863,0.0028501630295068,2.31207442744e-06
7023,1602,80121,0.0145758166909217,0.00012533088645000001
7026,543,27164,0.00362288672477,0.883603
7026,543,27174,0.942458152770996,1.43287
7023,1854,92726,0.0016129460418596,0.472067
7134,21,1068,0.068911887705326,0.940822
7020,1867,93360,0.0041471240110695,0.9243258686399999
7018,286,14314,0.0036891179624944,1.04496
7023,1748,87418,0.0064473995007574,0.31814
7026,497,24886,0.0109353419393301,0.564498
7023,1154,57712,0.0065438849851489,0.989577
7023,1154,57720,0.0285157654434442,0.544406
7049,51,2568,0.0069315182045102,0.939921
7018,695,34792,0.0027224388904869,0.634463
7021,121,6077,0.005132277496159,0.738583
7023,1788,89432,0.0048001897521317,1.0337774188
7018,776,38837,0.0048015592619776,1.18438757
7026,182,9120,0.0042285746894776,1.0941
7026,815,40784,0.0041808639653027,1.04345
7026,582,29124,0.0024411887861788,1.01196
7026,685,34253,0.0056396061554551,0.66799
7026,685,34262,0.0036482168361544,0.9312232014
7023,1031,51567,0.0043972851708531,1.03368
7026,519,25963,0.0036545523907989,0.657379
7023,1726,86311,0.004444814287126,0.446417
7021,395,19783,0.0039258487522602,1.287032292
7023,1743,87152,0.0042773983441293,0.976132
7026,355,17776,0.0032849416602402,1.18281
7026,355,17777,0.0076173916459083,0.947084
7026,222,11149,0.0042880265973508,1.01929
7023,766,38321,0.0046858727000653,0.414784
7023,766,38325,0.0131080821156501,1.02816
7018,909,45452,0.0158721227198839,0.477759106664
7018,582,29150,0.0093926703557372,1.07959231982
7018,816,40807,0.0061456165276467,0.973186
7023,1347,67365,0.0645613372325897,1.01403
7026,99,4980,0.0097014466300606,0.86351
7026,21,1068,0.0078109730966389,0.64665
7023,1071,53554,0.0042349523864686,1.13897956627
7023,1071,53598,0.0061316201463341,1.3026984646000002
7018,967,48355,0.0165042057633399,1.02981
7018,815,40798,0.0050945850089192,1.16135587428
7026,705,35298,0.0047801970504224,1.09109
7026,180,9010,0.0045558111742138,0.8925451308599999
7026,180,9021,0.0063327434472739,1.02276
7023,815,40759,0.0042746388353407,0.652033
7023,815,40770,0.0034577222540974,1.303861804
7018,644,32229,0.0044867801479995,1.349402094
7018,316,15840,0.0036063503939658,0.86132284518
7023,1153,57658,0.0061394828371703,0.490694
7023,1153,57681,0.2557916641235351,1.67608150926
7023,797,39866,0.00324641703628,1.09057
7021,343,17197,0.0050556384958326,1.04456
7021,607,30371,0.008984656073153,0.24210431817
7021,352,17604,0.0172761417925357,1.1674052754
7018,976,48819,0.8620956540107727,0.817947
7023,1289,64467,0.0062202489934861,1.01064
7023,1289,64472,0.0039286208339035,1.2352614638e-06
7018,420,21012,0.0020951461046934,1.0442
7021,142,7116,0.0058871209621429,0.554039
7023,871,43567,0.0033892435021698,0.630505
7026,565,28298,0.0044323466718196,1.15916
7018,658,32918,0.0041688899509608,1.1181175603
7018,853,42678,0.0033733530435711,1.09987
7026,467,23383,0.0047723134048283,0.976365
7026,467,23394,0.0023144215811043,1.19494
7018,803,40178,0.0103713134303689,1.00967
7026,306,15344,0.0073186056688427,0.965916
7026,484,24229,0.01879109069705,1.0514635762
7026,33,1655,0.3695975244045257,0.807866
7023,1944,97247,0.0080776028335094,1.10231
7023,427,21398,0.0040944810025393,0.792099
7023,1323,66193,0.0057554366067051,0.9805666105699998
7023,287,14400,0.0038192570209503,1.2238623156
7018,597,29860,0.0037773277144879,0.877913
7018,479,23952,0.0061450423672795,1.00645
7018,479,23958,0.0011828183196485,1.3381266086999999
7021,579,28981,0.0145318629220128,0.69684190539
7021,107,5378,0.0024911027867347,0.014147768566
7023,1175,58757,0.0034487089142203,0.960954
7023,1175,58793,0.0034877769649028,1.00478
7026,59,2970,0.0054689473472535,0.497488
7026,59,2972,0.0018923212774097,0.918376
7026,59,3000,0.0172830056399106,0.954044
7021,651,32580,0.0043333489447832,0.924663
7018,522,26141,0.0032972388435155,1.11445
7023,1221,61085,0.0271103531122207,1.16868
7018,676,33832,0.007464203517884,1.28729
7023,604,30215,0.009316629730165,1.16591945184
7021,459,22975,0.0041374303400516,0.5898876128
7023,1352,67647,0.8502587676048279,1.29925
7023,976,48831,0.0044703613966703,1.08121
7049,91,4562,0.0315739326179027,1.0941
7049,223,11152,0.0030229950789362,1.09954
7049,223,11184,0.0169645585119724,0.435362
7018,859,42969,0.0051251491531729,0.592433
7026,91,4571,0.0100239282473921,0.699655
7021,567,28357,0.0675064995884895,0.697328
7021,567,28397,0.0041868994012475,1.213848552
7023,685,34261,0.0055545535869896,0.9572284146
7026,28,1427,0.0159947089850902,1.2894007888
7023,900,45013,0.0052466476336121,0.414436
7023,675,33752,0.00536505645141,1.4470246114999998
7023,1772,88621,0.0046122707426548,1.1481739749
7018,603,30152,0.0021837998647242,1.211217651
7023,1307,65400,0.0072141890414059,0.664032
7026,463,23185,0.0035979629028588,1.02657
7023,23,1191,0.0051911314949393,1.12501
7023,1531,76593,0.0089786844328045,0.700064
7023,1508,75431,0.0018070241203531,0.749476
7021,131,6569,0.0040939659811556,0.99685
7026,490,24515,0.0169199015945196,0.949865
7023,476,23810,0.0039113368839025,1.18005
7131,28,1446,0.0032760312315076,0.541327
7023,512,25607,0.0122342370450496,0.63512453225
7023,965,48300,0.0059770764783024,1.07388114148
7049,102,5102,0.0050326762720942,0.892527
7023,1666,83338,0.0034960333723574,0.965023
7026,109,5493,0.0071168006397783,0.427658
7026,411,20568,0.0122458944097161,0.964749
7018,904,45231,0.0032291754614561,0.864793
7026,850,42501,0.0053867879323661,0.7034639806799999
7049,71,3553,0.0045684985816478,0.53469933128
7049,71,3554,0.0041809510439634,1.07777
7049,147,7375,0.0026230646762996,1.2595255296
7023,1925,96294,0.0071138297207653,1.09595851369
7023,318,15910,0.1315286755561828,0.494519
7023,881,44060,0.0061203995719552,1.2563649848
7026,407,20358,0.0044863680377602,1.0
7023,519,25951,0.008624879643321,0.932754
7021,606,30301,0.0045354664325714,0.757831
7023,1559,77970,0.0031931658741086,1.44251
7023,305,15288,0.0095089534297585,0.014955062135999998
7023,43,2167,0.0040941722691059,1.0
7023,1138,56907,0.0051019745878875,1.0880836715
7023,894,44710,0.0037960209883749,1.22962
7023,165,8254,0.004956766963005,0.549746
7023,165,8286,0.0041867224499583,0.09162909920300001
7023,115,5780,0.001106746844016,0.468577
7018,878,43922,0.0052928570657968,0.33781
7018,893,44687,0.0030048459302634,1.0
7023,1489,74456,0.003861897625029,0.591664
7023,1502,75132,0.3614555299282074,7.712415338
7023,1357,67899,0.0052483300678431,0.613223
7023,1357,67900,0.0046123820357024,0.408852
7023,769,38462,0.0043101096525788,1.1487549688
7018,632,31645,0.0036949270870536,1.0861
7021,829,41484,0.005307616200298,0.603096
7018,913,45662,0.0130124278366565,0.202517
7023,1076,53839,0.1053257808089256,0.332011
7023,703,35199,0.0030557054560631,1.10635
7141,21,1088,0.0033070459030568,1.11392
7026,591,29596,0.020852105692029,1.1418141166
7026,840,42015,0.005707690026611,1.06846
7023,1296,64825,0.0049058506265282,1.2309124843
7023,117,5864,0.0051018414087593,1.1243
7023,117,5891,0.0139257675036787,0.590013
7144,16,822,0.0051530362106859,1.3981281347
7018,615,30783,0.0070746690034866,1.2104993893
7021,422,21111,0.0159978326410055,0.778509
7023,785,39276,0.0104199601337313,1.06931034852
7026,41,2053,0.0121222315356135,1.00927
7026,862,43136,0.0178187284618616,1.3889456076
7026,862,43142,0.0573211722075939,1.06982
7023,1691,84593,0.0259555373340845,0.97397
7026,697,34851,0.0061210575513541,1.08693
7023,1411,70584,0.0064774919301271,0.059487414754
7026,760,38020,0.004479132592678,6.086006088679999e-05
7021,399,19981,0.0031562889926135,0.66232259842
7026,561,28089,0.0076486603356897,0.533781
7023,337,16869,0.0045901909470558,1.45985
7026,241,12074,0.006566644180566,1.09289
7023,1795,89759,0.0049335262738168,0.67354353415
7023,1574,78715,0.0053940792568027,1.13373632109
7023,374,18704,0.0107784857973456,1.04612
7018,870,43515,0.0045093451626598,1.27347
7023,273,13655,0.3636615872383117,1.06803
7026,532,26633,0.0039437413215637,0.725831
7026,532,26642,0.0041845422238111,0.888888
7026,532,26647,0.0041824225336313,1.3602820139999998
7023,1608,80444,0.005928287282586,0.92179
7026,349,17465,0.0112800300121307,0.919262
7026,349,17485,0.0041221105493605,0.966763
7021,161,8057,0.0042128362692892,1.2641352768
7023,955,47764,0.0060626030899584,1.24672349
7023,12,625,0.003975854255259,0.614707
7026,371,18585,0.0647667720913887,1.2018482974
7023,1248,62413,0.0022091707214713,1.04737
7026,776,38834,0.0169855169951915,1.3122082255999998
7023,1256,62805,0.0540057346224784,0.66721637384
7023,1256,62832,0.0030779468361288,2.54634008377
7018,802,40119,0.0013336144620552,0.714017
7023,1131,56580,0.0048046885058283,1.08391
7023,514,25715,0.9607937932014464,1.2719651314
7026,46,2325,0.0032653301022946,0.558161
7021,101,5091,0.0116733042523264,0.583895
7018,500,25033,0.0036695825401693,1.04464
7018,753,37652,0.0680866464972496,1.02227
7026,326,16312,0.0040241135284304,1.0
7023,1409,70470,0.0291438195854425,1.05591
7026,611,30587,0.0040244478732347,0.978797
7018,931,46569,0.011853746138513,1.05898674432
7026,470,23514,0.014383153989911,1.07116
7026,235,11790,0.0042875073850154,0.723625
7021,687,34381,0.0023203217424452,0.937329
7018,957,47870,0.005600924603641,1.1770924746
7018,957,47876,0.0052663851529359,1.00001
7018,957,47877,0.0061132446862757,1.0377
7023,1940,97045,0.0045487801544368,4.3812253266
7023,1829,91477,0.0029288253281265,0.7372864876299999
7023,1829,91488,0.014421971514821,0.998758
7021,333,16688,0.0046523208729922,0.61316
7018,836,41811,0.0025826476048678,1.1559524938399999
7026,777,38875,0.0029811856802552,0.875864
7023,1022,51137,0.0052576647140085,0.647006
7026,220,11019,0.0041768457740545,1.06075
7018,297,14887,0.0167745612561702,1.09823109903
7021,11,560,0.0025785756297409,0.377402
7049,197,9866,0.0051730759441852,0.833882
7023,382,19145,0.0045438054949045,0.481505
7021,484,24220,0.0060231396928429,0.362191
7021,484,24226,0.0055173076689243,1.1509414956
7021,196,9822,0.0035877251066267,0.950611
7023,1824,91216,0.0021703464444726,1.07654
7018,592,29643,0.0049372520297765,0.999694
7021,189,9478,0.0053791692480444,0.956918
7021,189,9495,0.0076311486773192,1.01408
7018,935,46778,0.0034785596653819,0.627521
7021,715,35758,0.0045336820185184,0.939884
7021,715,35761,0.003398181637749,1.3741703352999999
7021,715,35791,0.0057840486988425,0.490995
7049,101,5098,0.0048067225143313,1.0809111048000002
7026,181,9073,0.0033751700539141,1.03154
7025,302,15133,0.0073720477521419,0.9099491612399999
7023,1720,86047,0.0219583641737699,1.00539
7023,360,18021,0.0019347693305462,1.3080418109999998
7023,1922,96125,0.0011055736104026,0.892318
7018,659,32997,0.0061314748600125,0.12124745336000001
7023,780,39049,0.0017520806286484,1.1968847694
7026,433,21655,0.0174426808953285,1.32762590116
7021,175,8760,0.0308331903070211,1.00887
7023,1470,73519,0.0039267567917704,0.826512
7021,777,38895,0.003872231580317,1.23603
7021,621,31066,0.0037044095806777,0.893026
7021,29,1465,0.006556402426213,0.6372477377100001
7021,29,1486,0.003831613343209,0.992527
7021,512,25610,0.0062560671940445,1.26757
7021,418,20913,0.1119942292571067,0.906368
7021,494,24743,0.0046657277271151,1.03368
7018,645,32253,0.022869661450386,0.57234344488
7026,155,7758,0.0016898271860554,1.07540807778
7023,1791,89587,0.0038528079167008,0.697864
7020,1875,93769,0.0126620391383767,1.2850525707
7026,545,27252,0.0052827424369752,1.15799224155
7021,818,40906,0.0080285649746656,1.09247
7021,818,40913,0.0046541867777705,1.2337941288
7049,48,2419,0.0103549547493457,0.9471798056
7018,414,20723,0.0490045547485351,0.273604
7018,327,16358,0.0039884690195322,1.10782091908
7021,511,25567,0.0053818463347852,0.742193
7021,511,25595,0.0035823020152747,1.4125175316
7026,200,10048,0.004266838543117,1.0005
7023,777,38878,0.006923281121999,0.79435767927
7023,393,19664,0.0396488271653652,0.959064
7021,613,30674,0.004447900224477,0.864464
7026,188,9425,0.0504303164780139,0.799424
7026,188,9439,0.0052450927905738,1.09758
7018,360,18016,0.0052018319256603,0.821954
7018,768,38431,0.0024538345169276,1.2685218576
7023,1924,96232,0.0028102770447731,1.03256
7026,534,26723,0.0158327091485261,0.891529
7026,659,32962,0.0054314392618834,1.2989710202
7023,1910,95518,0.0134231513366103,1.276499785
7018,504,25237,0.0051806098781526,0.9667137656200001
7023,1163,58154,0.0055866120383143,1.09860374624
7023,1857,92863,0.0052149360999464,1.0213585434
7023,1857,92890,0.0036099313292652,0.67519551414
7023,1246,62329,0.0043425946496427,0.7664938125
7026,739,36976,0.047264389693737,0.536537
7018,690,34511,0.0026257105637341,0.65649
7049,184,9240,0.0074425940401852,1.10895
7023,1573,78669,0.0034147028345614,1.46545
7023,1573,78697,0.002638935809955,0.959196
7023,1936,96838,0.0471412204205989,0.782236
7026,56,2804,0.004778865724802,0.614292
7018,502,25131,0.0106325391680002,1.1998063038
7018,502,25132,0.0048872767947614,0.968924
7023,1503,75185,0.009358418174088,0.979331
7049,153,7678,0.0061882785521447,0.953208
7018,734,36706,0.382455050945282,0.897091
7146,41,2080,0.0043621752411127,0.58871
7018,745,37287,0.016309767961502,1.00395
7026,234,11707,0.013666826300323,1.4701893547
7026,234,11747,0.0476503148674964,0.966134
7026,439,21964,0.0153598673641681,1.09757964628
7023,845,42268,0.0091007184237241,0.927809
7026,616,30824,0.0052524344064295,0.8945222023999999
7023,502,25127,0.0855255424976348,0.769347
7023,502,25148,0.005678869318217,0.995502
7021,629,31485,0.0032569183968007,1.05428
7023,45,2263,0.0011708751553669,0.828342
7023,1297,64878,0.0126206949353218,0.186233665824
7026,807,40355,0.0037747481837868,0.518421
7026,807,40378,0.0244251955300569,1.00321
7018,934,46728,0.0122845182195305,1.0166966192
7021,377,18872,0.0031907868105918,1.21403
7023,1896,94833,0.0946845486760139,1.12777
7026,668,33426,0.0025183020625263,1.00003
7018,879,43976,0.511611819267273,1.02051
7018,367,18392,0.0052034459076821,0.594314
7023,369,18477,0.0066061858087778,0.853815
7023,1629,81476,0.0037059832829982,1.01984
7023,449,22459,0.0021829043980687,1.09565
7018,706,35305,0.0051734512671828,0.76477608198
7023,283,14166,0.0035551632754504,1.53615
7023,1482,74137,0.0030513519886881,0.64795017216
7023,1189,59466,0.0052832933142781,0.50708946055
7018,699,34974,0.0046057822182774,1.3386219366
7049,133,6687,0.0038733186665922,1.24726
7023,952,47606,0.0045584738254547,0.880462
7018,483,24151,0.0042733447626233,5.881020166800001
7023,1703,85171,0.014855895191431,1.2988434802
7021,757,37888,0.0031608797144144,1.04073
7021,133,6693,0.0043848589994013,2.14316699778
7023,810,40542,0.010711757466197,0.9363644803
7021,443,22155,0.0030266274698078,0.531551
7021,118,5932,0.0058104684576392,0.8751642109600001
7023,1201,60073,0.0026503256522119,0.928991
7023,1197,59869,0.0039975149556994,0.24036900089999996
7023,844,42201,0.0050100986845791,1.0
7018,924,46221,0.0032742519397288,1.03069
7025,301,15080,0.006340108346194,0.956288
7023,1356,67834,0.0050497413612902,0.974692
7023,605,30291,0.0074853124096989,1.10271347382
7023,605,30293,0.0056218700483441,0.95103027648
7049,20,1013,0.0040953289717435,1.03836
7021,191,9583,0.0035533127374947,2.9281245840000003e-13
7021,191,9590,0.0125269284471869,1.1987786864
7021,771,38559,0.0023821161594241,0.964115
7021,468,23436,0.0030038175173103,1.09894
7026,666,33345,0.0042550233192741,0.860544
7023,1285,64287,0.0036330875009298,0.968182
7026,394,19705,0.0023418155033141,0.9468752622599999
7026,394,19715,0.0036799490917474,0.5396298336600001
7026,786,39338,0.0107372552156448,0.6094390860000001
7145,6,302,0.0031277481466531,1.2602524796
7023,1027,51371,0.0040295715443789,0.7143615891999999
7023,582,29131,0.0032318532466888,0.92179
7018,370,18509,0.0054536936804652,1.13653
7049,129,6467,0.0053387135267257,0.877913
7023,885,44286,0.0078509850427508,0.993616
7018,321,16071,0.0029543442651629,0.513731
7018,321,16072,0.0039816116914153,1.02576
7023,1729,86474,0.0053628105670213,1.2553623501
7023,1293,64665,0.0084263617172837,0.74559875252
7023,1293,64671,0.0036077490076422,0.911064
7018,881,44090,0.0058831484057009,1.09582
7023,1222,61140,0.0046260366216301,0.8230398837
7023,1390,69532,0.0112781319767236,1.15028
7023,626,31327,0.0129330242052674,0.419142
7023,1274,63706,0.0173538494855165,1.00404
7023,1505,75278,0.0369263850152492,0.649784
7026,337,16885,0.0035580836702138,0.744161
7021,427,21365,0.0039298594929277,1.3826633964
7023,1475,73753,0.0047657182440161,1.02647
7023,1475,73789,0.004549647681415,0.9403379257900001
7026,867,43385,0.0072680744342505,0.719552
7018,534,26721,0.0023971311748027,5.26135064386
7018,534,26736,0.0023403528612107,0.996932
7018,534,26739,0.0041451375000178,1.223095194
7021,806,40305,0.0871997252106666,0.810427
7021,419,20954,0.0672315880656242,1.2510276338
7021,165,8276,0.0009522421169094,1.14516752832
7023,852,42631,0.004878687672317,0.796454
7023,852,42647,0.0057001505047082,0.902344
7018,475,23761,0.0083623239770531,1.0
7021,523,26170,0.0149438008666038,1.2305424831
7021,523,26194,0.4265659153461456,1.0
7023,168,8436,0.0064966543577611,0.565106
7023,879,43964,0.0050344984047114,1.08351
7026,837,41864,0.0017183446325361,0.510655
7023,1681,84097,0.0129504213109612,1.19734
7023,513,25682,0.0045408993028104,1.25058
7023,1278,63917,0.0014074133941903,0.528009
7023,1278,63934,0.0065437797456979,1.136489702
7023,1745,87262,0.0065867570228874,1.03512987518
7023,1745,87271,0.0046599204652011,1.06311
7026,518,25926,0.0041701649315655,5.576463213
7026,620,31035,0.007195480633527,0.898421
7023,1118,55935,0.0020110271871089,0.60532190862
7023,1667,83381,0.0058264746330678,1.16761
7144,41,2058,0.0053028003312647,2.079340356
7023,1434,71748,0.0042581963352859,0.556906
7026,375,18755,0.0239969212561845,0.673362
7049,1381,69069,0.0028877214062958,0.6938319395
7018,798,39937,0.0050294403918087,1.01082
7026,517,25900,0.0101978294551372,1.10835
7018,347,17395,0.0109110223129391,0.96967324958
7023,1471,73597,0.0067809144966304,1.00205
7023,1734,86708,0.0040002381429076,1.04973
7023,1734,86724,0.0220033191144466,0.927271
7018,844,42230,0.0199414826929569,1.2158076216000002
7026,167,8395,0.0185759216547012,0.957864
7026,656,32801,0.0041070319712162,1.02453
7023,1441,72080,0.0029619103297591,0.430532
7026,389,19478,0.0073316609486937,0.50300445384
7018,884,44231,0.0044069592840969,0.905964
7023,1775,88766,0.0055667082779109,0.9076550074199999
7018,556,27837,0.0135863106697797,1.34252
7021,767,38390,0.0046783881261944,0.925491
7023,1589,79466,0.0034986855462193,0.48316
7143,25,1262,0.0057047549635171,1.29861176319
7023,1368,68427,0.0057641915045678,0.671436
7023,673,33658,0.0049853604286909,2.0847937572
7023,673,33660,0.0432419255375862,0.951423
7023,673,33678,0.008197003044188,5.4114074709599995
7023,299,14984,0.0106479600071907,0.440526
7023,1346,67328,0.0156350601464509,0.43195
7141,8,446,0.0049487347714602,0.91034
7026,474,23742,0.001931918784976,1.2244838132
7021,816,40845,0.0115116918459534,0.95883
7018,341,17087,0.0338536947965621,1.03519
7023,227,11400,0.0316773951053619,0.973475
7018,916,45813,0.014132329262793,1.02119
7023,1697,84881,0.0046839429996907,0.92179
7018,387,19372,0.0033557135611772,0.700613
7018,387,19398,0.0027410266920924,0.53899797574
7018,540,27047,0.0007913264562375,1.06438832772
7023,938,46923,0.0063004619441926,1.0
7023,463,23165,0.0067991539835929,0.7247748908400001
7023,1879,93984,0.00361835421063,1.6897
7026,723,36170,0.0046951938420534,1.12261474532
7023,913,45694,0.0041150520555675,1.1794119786
7023,608,30436,0.0023853182792663,1.02486
7023,1913,95670,0.0599848181009292,1.5482437452
7018,372,18610,0.0114253545179963,0.30189379064000005
7018,372,18621,0.0044594760984182,1.0838546768
7023,1253,62691,0.470859944820404,0.935854
7018,539,26993,0.0060883536934852,0.975066
7026,400,20010,0.0058394484221935,1.14247
7026,400,20043,0.0067567657679319,1.01076021508
7021,538,26907,0.0057084430009126,0.985506
7018,470,23508,0.0051128123886883,1.00076
7018,470,23521,0.0698309168219566,0.548437
7026,805,40253,0.0050017880275845,1.03805
7023,912,45608,0.0052298065274953,1.02333
7023,322,16144,0.006176998373121,0.867999
7023,744,37237,0.0040533947758376,0.953436
7026,757,37887,0.0109630459919571,1.2157162400000001
7026,71,3587,0.0041903546079993,0.0009479977192
7023,1086,54307,0.0098337410017848,0.64433025286
7023,569,28497,0.0175791159272193,0.963469
7026,706,35325,0.0861470103263855,0.787858
7018,322,16141,0.007707133423537,0.00614155372
7023,1372,68601,0.0044240867719054,0.523617
7049,219,10954,0.00434001814574,0.58616082178
7049,1385,69277,0.004043489228934,0.780593
7023,1100,55025,0.0030085493344813,1.1749084289999998
7023,618,30917,0.0224310718476772,1.04742
7023,1448,72412,0.0053173000924289,1.2957035460000002
7023,1448,72439,0.2318434566259384,1.03051
7023,472,23635,0.0707492008805275,0.877344
7021,439,21969,0.0276783611625432,1.2216585744
7023,1431,71582,0.0040481467731297,5.16941521404e-12
7145,34,1741,0.0024960392620414,1.11121
7049,212,10626,0.0051477728411555,1.04411
7021,786,39335,0.0076804771088063,0.985317
7026,246,12307,0.0053816800937056,1.0155095566e-07
7021,354,17730,0.0111603401601314,1.2070226432
7023,908,45428,0.0080088106915354,0.98369
7023,1683,84196,0.0069335764274001,1.08078
7023,1122,56139,0.0010681918356567,0.454411
7021,129,6453,0.015496808104217,1.00686
7018,520,26041,0.0030026293825358,0.574693
7018,520,26046,0.0063291131518781,0.595774
7026,415,20767,0.013197373598814,1.1562098723999998
7026,415,20775,0.0071233101189136,1.0
7023,1746,87346,0.0042623896151781,0.67215187644
7026,804,40210,0.0711502507328987,0.67507
7023,1609,80463,0.0159678552299737,0.807017
7026,255,12768,0.0064266864210367,0.495217
7023,1880,94027,0.0045694895088672,1.2242448315
7018,593,29662,0.0064161177724599,1.09515
7023,1428,71411,0.0083364406600594,1.2472694352
7023,1393,69653,0.0018131238175556,1.12935
7023,1393,69698,0.0060343402437865,1.2893852935999999
7023,78,3903,0.0027206181548535,0.99979468992
7023,78,3924,0.0040504774078726,1.03312
7023,1610,80510,0.0039509255439043,1.00155
7023,268,13422,0.0540919937193393,1.15398
7023,1633,81679,0.003405278082937,1.06628
7021,437,21875,0.0023309984244406,0.434605
7023,1354,67703,0.003478862112388,9.2308048014
7021,71,3578,0.0060920561663806,1.0208
7026,855,42780,0.0046827802434563,1.0
7026,332,16642,0.0027056427206844,0.919939
7023,1728,86433,0.0031250193715095,1.02493
7049,163,8175,0.004008347634226,1.11277
7023,1442,72137,0.0071889017708599,0.80048
7021,791,39569,0.0176367796957492,1.1589891802099999e-07
7018,480,24019,0.0147307245060801,1.0
7018,495,24769,0.0057522286660969,0.936237
7018,495,24786,0.0037378040142357,1.0995051541999998
7026,529,26491,0.0047090607695281,0.941041
7026,529,26496,0.0419516488909721,1.27473
7026,783,39160,0.0231196638196706,1.03226
7021,351,17582,0.0023089994210749,1.23818
7134,50,2523,0.0047074295580387,0.955582
7018,619,30984,0.0308975912630558,1.2148581922000001
7018,558,27922,0.0088863149285316,0.9438
7018,565,28269,0.0040306113660335,0.665137
7018,600,30005,0.0597718022763729,1.00249
7018,516,25849,0.0050743212923407,1.04396
7018,864,43204,0.0040170680731534,0.92727
7026,105,5277,0.0058533060364425,1.32412711646
7023,549,27480,0.0024863509461283,1.159523226
7021,649,32457,0.0052515803836286,0.951335
7023,308,15441,0.0040032104589045,1.33074
7018,973,48673,0.0080861318856477,0.70151
7021,598,29922,0.0288135781884193,1.00091
7018,796,39811,0.0061980951577425,0.911091
7021,773,38675,0.0033441495615988,1.15805433578
7020,1872,93606,0.0021834748331457,1.0
7020,1872,93635,0.0161379892379045,1.08805053669
7023,1816,90809,0.006279107183218,1.2195730854
7023,1816,90847,0.0269481223076581,0.35438
7023,862,43137,0.0547465048730373,1.0788109993500001
7023,862,43150,0.0077497451566159,1.5239062242
7018,309,15487,0.004393764771521,1.03243
7021,329,16464,0.00578905781731,0.762494
7018,354,17740,0.0173449162393808,0.684102
7023,866,43317,0.0037371576763689,1.19893
7023,866,43339,0.0063924775458872,0.7953340192499999
7023,1418,70908,0.0040708510205149,1.7734
7023,557,27896,0.0069867959246039,0.844077601675
7026,445,22253,0.0029449637513607,0.644385
7026,445,22256,0.0053237425163388,0.644385
7023,250,12544,0.008579347282648,0.663486
7023,858,42932,0.007804375141859,1.329290448
7023,128,6423,0.0026111295446753,1.10615
7023,424,21236,0.0062818839214742,0.941625
7021,286,14311,0.0028827348724007,1.0
7023,854,42707,0.0081419916823506,0.99550039274
7018,639,31963,0.0058748661540448,0.566807
7018,308,15420,0.0040603480301797,0.974393
7018,308,15441,0.0030275988392531,1.5686747301000001
7021,634,31750,0.0027107838541269,1.1603168841999998
7021,41,2084,0.0365815684199333,0.438767
7023,1713,85692,0.0158903524279594,1.0482
7021,724,36248,0.0123557122424244,0.888619
7021,724,36249,0.0218032132834196,1.1233019187000002
7023,1735,86788,0.0060334997251629,1.15689387885
7026,307,15355,0.0039239320904016,0.9841890663
7023,1893,94692,0.0038990909233689,1.23951
7026,69,3478,0.0297146923840045,1.2306830752
7023,127,6389,0.0067320629023015,0.66767910872
7021,643,32178,0.0041430494748055,0.459731481
7023,1097,54860,0.0068077505566179,1.13229
7026,269,13461,0.0887489020824432,1.02191
7023,1596,79804,0.006288927514106,0.939989
7023,572,28627,0.0048349639400839,1.09434
7023,1704,85223,0.0068970154970884,1.1813501964
7023,1704,85239,0.005764789879322,0.753199
7023,1364,68235,0.0050781816244125,1.1854
7023,1803,90158,0.0025484201032668,0.5802663464400001
7026,227,11360,0.0063539142720401,1.08646
7026,227,11388,0.0062529346905648,1.06615
7026,227,11400,0.0052940798923373,0.950781
7018,533,26669,0.1328247785568237,0.835554
7026,258,12906,0.0064601744525134,0.460992
7023,1512,75630,0.0030364273115992,1.1747766898
7023,1512,75650,0.0033320717047899,1.15627
7023,1406,70312,0.0045910929329693,1.00951
7023,1859,92960,0.0020349826663732,1.05118
7018,847,42358,0.0024507769849151,1.2515887768999998
7018,463,23154,0.0038372324779629,1.11838
7049,90,4537,0.0017606111941859,1.01622
7023,1257,62879,0.0046357233077287,1.02809
7023,1750,87547,0.0045838947407901,0.00026110854914
7018,914,45709,0.0055026682093739,1.0
7026,53,2687,0.0039064618758857,0.824965
7023,702,35130,0.9742068648338318,1.50528112075
7026,141,7073,0.0048816660419106,0.956538
7023,927,46363,0.00675217108801,0.53701
7023,1408,70439,0.0035984346177428,0.699634
7023,1545,77286,0.0076305428519845,0.9685822453999999
7023,1545,77290,0.004162770230323,0.787411
7023,534,26704,0.0490572527050972,0.7124437520200001
7136,39,1964,0.0019017760641872,2.39356
7023,1513,75672,0.0054977806285023,0.614165
7023,1439,71958,0.003188599133864,1.2543101676
7023,1439,71974,0.0063725709915161,0.64651
7026,215,10765,0.0061780409887433,0.952722
7018,317,15885,0.0175534822046756,0.834557
7018,317,15891,0.0043477122671902,1.03364
7023,1933,96664,0.0041808360256254,1.2179516021999999
7134,62,3126,0.0366244167089462,0.984273
7023,897,44861,0.0346171595156192,1.00627
7026,482,24108,0.0031032410915941,1.5304372434
7023,493,24690,0.0034178050700575,0.55322593564
7023,503,25187,0.0062453094869852,0.988943
7023,66,3329,0.0056862202472984,1.01891296634e-11
7023,1173,58657,0.0082436958327889,1.0064
7018,653,32699,0.00683567347005,1.25963
7023,949,47461,0.005622514989227,0.553257
7023,949,47483,0.8151507377624512,0.000791778371088
7023,758,37910,0.006898877210915,0.71213991288
7023,758,37913,0.0045103556476533,2.51694501282e-07
7018,424,21241,0.0254624430090188,0.947033
7023,607,30372,0.0032031424343585,0.466401
7023,1283,64198,0.0052859527058899,1.00685
7026,322,16115,0.0024641484487801,1.07349513933
7023,509,25462,0.0044301254674792,0.938552
7023,269,13490,0.0034257599618285,1.4391133194
7018,964,48211,0.0090503664687275,1.03418
7021,815,40761,0.0046447706408798,0.959671
7023,1141,57068,0.0057632243260741,1.48609
7023,1644,82220,0.0048367325216531,1.07427020148
7026,632,31624,0.0049645933322608,1.1198
7018,410,20520,0.0056943967938423,1.15509
7023,752,37603,0.0058040618896484,0.539723
7023,597,29870,0.0057432586327195,0.277985050464
7026,572,28638,0.0163761805742979,1.396185504
7021,45,2275,0.00393299292773,0.6639427194799999
7018,331,16591,0.0044723991304636,0.0005560827254999999
7144,47,2356,0.0108279846608638,1.10931
7023,206,10333,0.0094094686210155,0.9842218822200001
7023,483,24171,0.0034172760788351,0.629543
7021,245,12287,0.0066383988596498,1.07597
7021,299,14989,0.0027663169894367,0.877136
7023,1595,79771,0.0037053551059216,1.0493641827
7023,1315,65767,0.0078218402341008,1.6042751164
7049,208,10401,0.0042333942838013,1.04749
7021,648,32409,0.0062691331841051,0.560954
7021,648,32439,0.0031718276441097,5.5164940999999996e-14
7018,794,39725,0.0031401587184518,0.52877
7018,794,39728,0.0063961073756217,0.517877
7023,539,26970,0.0021774636115878,1.35119
7019,140,7037,0.0049693817272782,0.00027567388549499996
7049,67,3379,0.025861082598567,1.13131
7026,157,7854,0.0047774259001016,1.2509
7018,423,21152,0.0023937844671308,1.03582
7018,423,21176,0.0036314104218035,0.9725755957400001
7026,213,10690,0.0081019839271903,0.880388
7023,445,22286,0.0363881811499595,0.707241
7049,27,1392,0.0080136694014072,1.43294529042
7049,1389,69481,0.0039258855395019,0.8517221415
7023,1872,93637,0.004252600017935,1.0
7021,366,18324,0.06305443495512,1.05552692168
7023,825,41258,0.0026686531491577,0.50074
7021,164,8213,0.0042048227041959,0.986406
7021,164,8238,0.0047569149173796,0.907714
7023,1077,53863,0.0027278414927423,1.2306
7023,1304,65213,0.0118164718151092,1.83967
7023,935,46773,0.0090283695608377,0.47299
7018,518,25937,0.006858900655061,0.801207
7021,517,25853,0.0054452940821647,0.453812
7021,667,33364,0.0063597941771149,1.5562542071999999
7026,690,34502,0.0034641919191926,0.89236909824
7023,265,13289,0.3537798821926117,1.3065202180000002
7020,1883,94155,0.0054512936621904,0.9559371327999999
7026,695,34779,0.0022088300902396,1.4918136711
7023,1243,62197,0.0023119873367249,1.10679
7021,845,42265,0.0160158947110176,1.06609
7021,845,42282,0.0125911766663193,0.73683912472
7018,713,35671,0.004482144024223,1.01511
7026,806,40318,0.0053544514812529,1.06858
7026,817,40875,0.0040221116505563,0.704783
7026,65,3259,0.0314045548439025,1.1662112592
7026,65,3284,0.0039640073664486,0.936439
7026,165,8280,0.0054228454828262,0.91048736285
7021,74,3745,0.0069255507551133,0.023897172502299998
7049,64,3220,0.0097092101350426,1.04743
7023,1192,59616,0.0057461368851363,0.9281886412800001
7018,623,31190,0.0039889519102871,0.7613294781000001
7021,79,3991,0.0057452404871582,1.0911
7018,837,41893,0.0089990012347698,0.485734
7026,549,27488,0.0038860766217112,0.904684
7026,291,14574,0.3965809941291809,0.996922
7021,479,23962,0.006224438548088,3.10825876446
7018,461,23054,0.0035566771402955,1.00769
7139,79,3991,0.0017880524974316,1.30654854765
7023,256,12814,0.004268433433026,1.7514715017800002
7023,1155,57759,0.0035384728107601,1.01502
7023,831,41595,0.0063861208036541,0.276946
7023,742,37150,0.0039036569651216,0.696417
7023,1662,83130,0.0038858032785356,0.926748
7023,526,26310,0.004214558750391,1.2401975946
7021,808,40436,0.0282699968665838,0.662241
7023,1287,64356,0.0026328845415264,0.598737
7026,567,28397,0.0126902982592582,0.952048
7026,853,42661,0.0062083639204502,1.03167
7026,665,33255,0.0041251671500504,0.787873
7023,886,44325,0.0149208093062043,1.66051
7018,785,39260,0.6489005088806152,1.1992268160000001
7139,17,891,0.0083208372816443,0.995416
7023,1553,77651,0.0064496635459363,0.501824
7018,343,17167,0.0415993332862854,0.896738
7136,61,3080,0.0031429436057806,0.777836
7018,338,16908,0.0103575652465224,0.984037
7023,634,31744,0.003434493439272,1.2451094352
7023,1102,55102,0.0014024114934727,0.9640418508599999
7018,922,46139,0.0046097976155579,0.994266
7023,285,14262,0.0068206177093088,1.220515472
7023,1583,79152,0.0024399221874773,1.14232
7023,1583,79175,0.0041577396914362,1.244184802
7021,224,11218,0.0048432857729494,1.1695926729000001
7018,827,41396,0.0099131595343351,1.3467529063199999
7018,417,20872,0.0048871077597141,1.1138
7018,417,20880,0.4194788038730621,1.05225
7018,417,20897,0.0034101218916475,1.05764
7026,95,4761,0.0501349829137325,0.884579
7026,95,4775,0.0032838613260537,1.2285848034
7026,95,4782,0.0039520212449133,0.968059
7023,456,22813,0.0062435665167868,0.578106
7026,226,11301,0.0016289056511595,0.846455
7025,306,15324,0.0086244717240333,0.642651
7023,820,41003,0.0051849102601408,1.04744
7018,411,20559,0.0158683992922306,1.2198853967999999
7023,1359,67960,0.0020880477968603,1.0408874949
7026,509,25458,0.0040680584497749,1.01065
7026,645,32263,0.0044710300862789,1.0228616512400002
7049,31,1552,0.0026017543859779,0.599553
7023,351,17587,0.0032861719373613,1.00202
7023,351,17600,0.0028393096290528,0.498891
7023,1823,91160,0.0124930404126644,0.978531
7018,809,40495,0.0048989155329763,1.40452
7018,594,29703,0.004990323446691,0.981731
7049,26,1320,0.007234948221594,0.678555
7021,54,2730,0.0050409282557666,7.377437603999999e-08
7026,160,8050,0.0021787185687571,1.0376
7018,782,39115,0.0157409515231847,1.08484
7026,755,37778,0.0190273113548755,1.0263
7026,755,37797,0.0041112778708338,1.02729
7021,691,34596,0.0017475511413067,0.513546
7023,751,37593,0.0036359245423227,0.959234
7023,364,18224,0.0031892037950456,0.6224468715399999
7023,364,18231,0.0040219202637672,1.50926
7023,585,29277,0.0280518382787704,0.542499
7023,826,41304,0.0019953439477831,0.748176
7023,376,18820,0.0043301819823682,1.49753
7026,487,24353,0.0061474256217479,1.02201
7026,810,40533,0.0009377742535434,0.618299
7026,257,12851,0.0040296385996043,0.907757
7026,257,12883,0.0024766393471509,1.2998156569000001
7026,257,12890,0.0072500822134315,1.81983
7026,710,35511,0.0119372904300689,1.0
7023,295,14788,0.00455989735201,0.772415
7023,142,7105,0.0038944135885685,1.06081
7023,893,44687,0.0154549675062298,0.853097
7021,657,32867,0.0025721744168549,0.508267
7023,690,34513,0.0025728642940521,1.3283957022
7026,432,21630,0.006799160502851,1.1110820989399999
7023,1732,86629,0.0079282857477664,1.01295
7018,856,42802,0.0045119510032236,1.05182
7018,856,42840,0.0058548464439809,1.1095044471
7026,568,28429,0.0040174359455704,0.5734289859999999
7023,1380,69003,0.0226463433355093,0.972832
7026,712,35624,0.0081257233396172,1.41640786518
7023,189,9477,0.0044355420395731,0.956339
7049,103,5154,0.0119735142216086,0.707451
7026,843,42188,0.0069924006238579,6.791093535059999e-11
7026,819,41000,0.0035258634015917,0.81670054905
7018,855,42800,0.0050908429548144,1.0753991908
7023,1907,95371,0.0053133121691644,0.635968
7023,1907,95387,0.004665776155889,1.66244
7023,1907,95392,0.0035131790209561,1.04976
7026,742,37116,0.0064304145053029,0.54678033728
7023,1488,74446,0.0054709971882402,0.877598
7018,521,26077,0.0118008647114038,1.0
7018,328,16447,0.0182071365416049,0.510343
7023,1085,54289,0.0033139248844236,1.01905
7026,144,7223,0.0108787883073091,0.89045
7021,618,30916,0.0019524185918271,1.0983
7026,524,26228,0.0049237417988479,0.967829
7023,230,11525,0.0057750204578042,0.648039
7023,1387,69371,0.0038995745126158,0.832352
7021,626,31303,0.0030743221286684,1.3832299758
7021,626,31306,0.0068662390112876,0.81164411664
7021,626,31314,0.0093337781727314,1.2437217518400001
7023,1497,74900,0.0064493706449866,0.89442241862
7026,297,14853,0.0059072370640933,0.657618
7023,1226,61345,0.0063810753636062,0.6445
7023,352,17627,0.0015032520750537,1.0
7023,1744,87249,0.0046141035854816,1.0
7049,119,5988,0.1953717172145843,1.0399705205
7023,1569,78454,0.0063256062567234,1.19813
7026,176,8812,0.004214871674776,0.939458
7021,105,5276,0.0039087631739676,0.524046
7023,619,30967,0.0064481049776077,0.79905664332
7023,619,30973,0.0208897516131401,0.483626
7023,49,2460,0.003173166885972,0.890405
7018,918,45923,0.0048317485488951,1.0449
7026,513,25692,0.049970619380474,1.13839870716
7026,513,25697,-999999.9,1.37537
