mass,mu_obs,mu_exp,mu_exp_minus2,mu_exp_minus1,mu_exp_plus1,mu_exp_plus2,epsilon_squared_obs,epsilon_squared_exp,epsilon_squared_exp_minus2,epsilon_squared_exp_minus1,epsilon_squared_exp_plus1,epsilon_squared_exp_plus2,factor,scan,cls_results,mu_median_bayes,mu_90_bayes,epsilon_squared_90_bayes,post_data,post_pred,prior_pred,model
0.01,1.4865107286007577,1.1626076675126376,0.5324641557915463,0.754999650056427,1.9198053735238396,3.218018031434854,6.950350437684626e-09,6.146661115265331e-09,4.159756097870522e-09,4.95331621148165e-09,7.898621077399697e-09,1.0226261992171787e-08,3.2497156110063384e-05,"[0.0, 0.10101010101010101, 0.20202020202020202, 0.30303030303030304, 0.40404040404040403, 0.5050505050505051, 0.6060606060606061, 0.7070707070707071, 0.8080808080808081, 0.9090909090909091, 1.0101010101010102, 1.1111111111111112, 1.2121212121212122, 1.3131313131313131, 1.4141414141414141, 1.5151515151515151, 1.6161616161616161, 1.7171717171717171, 1.8181818181818181, 1.9191919191919191, 2.0202020202020203, 2.121212121212121, 2.2222222222222223, 2.323232323232323, 2.4242424242424243, 2.525252525252525, 2.6262626262626263, 2.727272727272727, 2.8282828282828283, 2.929292929292929, 3.0303030303030303, 3.131313131313131, 3.2323232323232323, 3.3333333333333335, 3.4343434343434343, 3.5353535353535355, 3.6363636363636362, 3.7373737373737375, 3.8383838383838382, 3.9393939393939394, 4.040404040404041, 4.141414141414141, 4.242424242424242, 4.343434343434343, 4.444444444444445, 4.545454545454545, 4.646464646464646, 4.747474747474747, 4.848484848484849, 4.94949494949495, 5.05050505050505, 5.151515151515151, 5.252525252525253, 5.353535353535354, 5.454545454545454, 5.555555555555555, 5.656565656565657, 5.757575757575758, 5.858585858585858, 5.959595959595959, 6.0606060606060606, 6.161616161616162, 6.262626262626262, 6.363636363636363, 6.4646464646464645, 6.565656565656566, 6.666666666666667, 6.767676767676767, 6.8686868686868685, 6.96969696969697, 7.070707070707071, 7.171717171717171, 7.2727272727272725, 7.373737373737374, 7.474747474747475, 7.575757575757575, 7.6767676767676765, 7.777777777777778, 7.878787878787879, 7.979797979797979, 8.080808080808081, 8.181818181818182, 8.282828282828282, 8.383838383838384, 8.484848484848484, 8.585858585858587, 8.686868686868687, 8.787878787878787, 8.88888888888889, 8.98989898989899, 9.09090909090909, 9.191919191919192, 9.292929292929292, 9.393939393939394, 9.494949494949495, 9.595959595959595, 9.696969696969697, 9.797979797979798, 9.8989898989899, 10.0]","[(array(1.), [array(1.), array(1.), array(1.), array(1.), array(1.)]), (array(0.8820404), [array(0.66214837), array(0.76468836), array(0.86626509), array(0.94750857), array(0.98899389)]), (array(0.7927462), [array(0.43095136), array(0.57446317), array(0.73856223), array(0.88830626), array(0.97433361)]), (array(0.72489363), [array(0.27670254), array(0.42504965), array(0.62048726), array(0.82387681), array(0.95555644)]), (array(0.65434874), [array(0.17592524), array(0.31061145), array(0.51448258), array(0.75608399), array(0.9324034)]), (array(0.56939896), [array(0.11115998), array(0.22481638), array(0.42178474), array(0.68694503), array(0.90486852)]), (array(0.48986227), [array(0.0700392), array(0.16161172), array(0.34255958), array(0.61840218), array(0.87320876)]), (array(0.41722907), [array(0.04413689), array(0.1156808), array(0.27614903), array(0.55213583), array(0.83791202)]), (array(0.35233278), [array(0.02788696), array(0.08263357), array(0.22135602), array(0.48944844), array(0.79963292)]), (array(0.29542061), [array(0.01769911), array(0.05901146), array(0.17670768), array(0.43122455), array(0.75911309)]), (array(0.24627866), [array(0.01129793), array(0.04218694), array(0.14066433), array(0.37795668), array(0.71710577)]), (array(0.20437626), [array(0.00725857), array(0.03021822), array(0.11176174), array(0.32981326), array(0.67431895)]), (array(0.16899953), [array(0.00469487), array(0.02169887), array(0.08869117), array(0.28672287), array(0.63138171)]), (array(0.1393598), [array(0.00305703), array(0.01562408), array(0.07033139), array(0.24845469), array(0.58883135)]), (array(0.11467037), [array(0.00200347), array(0.01128169), array(0.05574865), array(0.21468311), array(0.547113)]), (array(0.09419407), [array(0.00132109), array(0.00816896), array(0.0441801), array(0.18503552), array(0.50658692)]), (array(0.07726821), [array(0.00087622), array(0.00593121), array(0.03501), array(0.15912444), array(0.46753814)]), (array(0.063313), [array(0.00058437), array(0.00431796), array(0.02774522), array(0.13656803), array(0.43018688)]), (array(0.05183078), [array(0.00039181), array(0.00315184), array(0.0219926), array(0.11700236), array(0.39469798)]), (array(0.04239972), [array(0.00026408), array(0.00230688), array(0.01743965), array(0.1000885), array(0.36119049)]), (array(0.03466547), [array(0.00017893), array(0.00169333), array(0.01383842), array(0.08551627), array(0.32974665)]), (array(0.02833161), [array(0.0001219), array(0.00124684), array(0.01099124), array(0.07299997), array(0.30040701)]), (array(0.02315071), [array(8.3493086e-05), array(0.00092097), array(0.00873927), array(0.06227197), array(0.27315615)]), (array(0.01891796), [array(5.74873169e-05), array(0.00068241), array(0.00695695), array(0.05309261), array(0.2479487)]), (array(0.0154636), [array(3.97866453e-05), array(0.00050726), array(0.00554528), array(0.04525017), array(0.22471865)]), (array(0.01264556), [array(2.76775221e-05), array(0.00037827), array(0.0044263), array(0.03855886), array(0.20338492)]), (array(0.01034684), [array(1.93517006e-05), array(0.000283), array(0.00353845), array(0.03285579), array(0.1838533)]), (array(0.0084716), [array(1.35974965e-05), array(0.0002124), array(0.0028331), array(0.02799817), array(0.16601777)]), (array(0.00694156), [array(9.60038785e-06), array(0.00015992), array(0.00227194), array(0.02386252), array(0.14976818)]), (array(0.00569286), [array(6.81007976e-06), array(0.00012078), array(0.00182486), array(0.02034259), array(0.13499375)]), (array(0.00467321), [array(4.85281758e-06), array(9.15012618e-05), array(0.00146813), array(0.01734722), array(0.12158506)]), (array(0.00384001), [array(3.47344363e-06), array(6.95267808e-05), array(0.00118305), array(0.01479835), array(0.10943565)]), (array(0.00315863), [array(2.49688626e-06), array(5.29852908e-05), array(0.00095489), array(0.01262933), array(0.09844324)]), (array(0.00260092), [array(1.80243124e-06), array(4.04960064e-05), array(0.00077199), array(0.01078329), array(0.08851049)]), (array(0.00214403), [array(1.30644441e-06), array(3.10383208e-05), array(0.00062514), array(0.00921179), array(0.07954557)]), (array(0.00176936), [array(9.50709491e-07), array(2.38555209e-05), array(0.00050704), array(0.00787362), array(0.0714624)]), (array(0.00146182), [array(6.9451815e-07), array(1.83848527e-05), array(0.00041192), array(0.00673373), array(0.06418083)]), (array(0.00120911), [array(5.09276636e-07), array(1.42065268e-05), array(0.00033518), array(0.00576236), array(0.05762658)]), (array(0.00100124), [array(3.74813652e-07), array(1.10064822e-05), array(0.00027316), array(0.00493422), array(0.05173111)]), (array(0.00083007), [array(2.76838973e-07), array(8.5490687e-06), array(0.00022298), array(0.00422784), array(0.04643143)]), (array(0.00068896), [array(2.05186766e-07), array(6.65695961e-06), array(0.00018229), array(0.00362501), array(0.04166985)]), (array(0.00057251), [array(1.52596047e-07), array(5.19633977e-06), array(0.00014926), array(0.00311025), array(0.03739368)]), (array(0.00047629), [array(1.13860199e-07), array(4.0659478e-06), array(0.0001224), array(0.00267045), array(0.03355493)]), (array(0.00039671), [array(8.52313805e-08), array(3.18894718e-06), array(0.00010053), array(0.00229445), array(0.03010998)]), (array(0.00033081), [array(6.4001702e-08), array(2.50687829e-06), array(8.26860923e-05), array(0.00197281), array(0.02701927)]), (array(0.00027617), [array(4.82075048e-08), array(1.97514603e-06), array(6.81104942e-05), array(0.00169748), array(0.02424698)]), (array(0.00023082), [array(3.64197355e-08), array(1.55964353e-06), array(5.61857004e-05), array(0.00146163), array(0.02176075)]), (array(0.00019314), [array(2.75947799e-08), array(1.2342192e-06), array(4.64151256e-05), array(0.00125948), array(0.01953134)]), (array(0.00016179), [array(2.09679125e-08), array(9.78771294e-07), array(3.83978537e-05), array(0.00108609), array(0.01753242)]), (array(0.00013569), [array(1.59769066e-08), array(7.77810411e-07), array(3.18097133e-05), array(0.00093725), array(0.01574025)]), (array(0.00011392), [array(1.22070783e-08), array(6.19372818e-07), array(2.63881998e-05), array(0.00080941), array(0.01413348)]), (array(9.57526362e-05), [array(9.35158151e-09), array(4.94195439e-07), array(2.19204012e-05), array(0.00069953), array(0.01269292)]), (array(8.05701773e-05), [array(7.18268529e-09), array(3.95090609e-07), array(1.82334072e-05), array(0.00060501), array(0.01140134)]), (array(6.78689226e-05), [array(5.53085054e-09), array(3.16467836e-07), array(1.51865664e-05), array(0.00052364), array(0.01024325)]), (array(5.72316375e-05), [array(4.26949044e-09), array(2.53969359e-07), array(1.26653065e-05), array(0.00045356), array(0.00920477)]), (array(4.83131547e-05), [array(3.3038149e-09), array(2.0419087e-07), array(1.0576163e-05), array(0.00039314), array(0.00827345)]), (array(4.08276089e-05), [array(2.56264359e-09), array(1.64467236e-07), array(8.84278296e-06), array(0.00034102), array(0.00743812)]), (array(3.45379926e-05), [array(1.99237729e-09), array(1.32707594e-07), array(7.40270376e-06), array(0.00029602), array(0.00668878)]), (array(2.92475869e-05), [array(1.55254629e-09), array(1.07268219e-07), array(6.20475463e-06), array(0.00025715), array(0.00601647)]), (array(2.47929371e-05), [array(1.21251343e-09), array(8.68542939e-08), array(5.20695797e-06), array(0.00022354), array(0.00541317)]), (array(2.10380774e-05), [array(9.49024993e-10), array(7.04438082e-08), array(4.37483057e-06), array(0.00019447), array(0.00487169)]), (array(1.78697876e-05), [array(7.44386596e-10), array(5.72285079e-08), array(3.68000764e-06), array(0.0001693), array(0.0043856)]), (array(1.5193686e-05), [array(5.85100563e-10), array(4.65679546e-08), array(3.09912592e-06), array(0.00014749), array(0.00394913)]), (array(1.29310099e-05), [array(4.60845506e-10), array(3.79537257e-08), array(2.61291643e-06), array(0.00012858), array(0.00355714)]), (array(1.10159626e-05), [array(3.63710394e-10), array(3.09814783e-08), array(2.2054678e-06), array(0.00011217), array(0.003205)]), (array(9.39351966e-06), [array(2.87616912e-10), array(2.53290158e-08), array(1.86362194e-06), array(9.79228017e-05), array(0.00288858)]), (array(8.01761743e-06), [array(2.27884578e-10), array(2.07391684e-08), array(1.5764855e-06), array(8.55452061e-05), array(0.0026042)]), (array(6.8496539e-06), [array(1.80901116e-10), array(1.70063039e-08), array(1.33502854e-06), array(7.47831786e-05), array(0.00234854)]), (array(5.85724664e-06), [array(1.43872487e-10), array(1.39657115e-08), array(1.13175632e-06), array(6.54193438e-05), array(0.00211864)]), (array(5.01320302e-06), [array(1.1463292e-10), array(1.14852389e-08), array(9.6044097e-07), array(5.72664271e-05), array(0.00191184)]), (array(4.2946652e-06), [array(9.15000609e-11), array(9.45867662e-09), array(8.15900994e-07), array(5.01629665e-05), array(0.00172577)]), (array(3.68240016e-06), [array(7.31643553e-11), array(7.80052615e-09), array(6.9382037e-07), array(4.39696592e-05), array(0.00155831)]), (array(3.16020841e-06), [array(5.86043708e-11), array(6.44185088e-09), array(5.90599844e-07), array(3.85662397e-05), array(0.00140755)]), (array(2.71443241e-06), [array(4.70218071e-11), array(5.32697952e-09), array(5.03234414e-07), array(3.38488052e-05), array(0.00127179)]), (array(2.33354671e-06), [array(3.77915198e-11), array(4.41088279e-09), array(4.29212304e-07), array(2.97275248e-05), array(0.00114949)]), (array(2.0078152e-06), [array(3.04230237e-11), array(3.65708375e-09), array(3.66431694e-07), array(2.6124682e-05), array(0.00103929)]), (array(1.72900523e-06), [array(2.45307609e-11), array(3.03598931e-09), array(3.13131885e-07), array(2.29729974e-05), array(0.00093997)]), (array(1.49014973e-06), [array(1.98110833e-11), array(2.52355479e-09), array(2.67836266e-07), array(2.02141838e-05), array(0.00085041)]), (array(1.28534715e-06), [array(1.6024418e-11), array(2.10021548e-09), array(2.29305172e-07), array(1.77977119e-05), array(0.00076964)]), (array(1.10959279e-06), [array(1.29814053e-11), array(1.75002892e-09), array(1.96496732e-07), array(1.56797475e-05), array(0.00069677)]), (array(9.5863962e-07), [array(1.05321114e-11), array(1.45998605e-09), array(1.6853441e-07), array(1.38222398e-05), array(0.000631)]), (array(8.28879844e-07), [array(8.55761414e-12), array(1.21945671e-09), array(1.44679997e-07), array(1.21921367e-05), array(0.00057163)]), (array(7.17246342e-07), [array(6.96342238e-12), array(1.01974206e-09), array(1.24311087e-07), array(1.07607046e-05), array(0.00051802)]), (array(6.21128616e-07), [array(5.67434155e-12), array(8.53715404e-10), array(1.06902505e-07), array(9.50295704e-06), array(0.00046958)]), (array(5.38303775e-07), [array(4.63042481e-12), array(7.15529077e-10), array(9.2010553e-08), array(8.39714295e-06), array(0.00042582)]), (array(4.66876603e-07), [array(3.78380734e-12), array(6.00379086e-10), array(7.9260048e-08), array(7.42431902e-06), array(0.00038626)]), (array(4.052303e-07), [array(3.0962108e-12), array(5.04313824e-10), array(6.83334409e-08), array(6.56797727e-06), array(0.00035049)]), (array(3.5198401e-07), [array(2.53697415e-12), array(4.24078543e-10), array(5.89616871e-08), array(5.81372141e-06), array(0.00031814)]), (array(3.05957841e-07), [array(2.08150055e-12), array(3.56989202e-10), array(5.09166309e-08), array(5.14898962e-06), array(0.00028887)]), (array(2.66142518e-07), [array(1.71002763e-12), array(3.00829617e-10), array(4.40046046e-08), array(4.56281339e-06), array(0.00026237)]), (array(2.31674052e-07), [array(1.40665377e-12), array(2.53767713e-10), array(3.8061066e-08), array(4.04560978e-06), array(0.00023838)]), (array(2.01812232e-07), [array(1.15856488e-12), array(2.14287124e-10), array(3.29460884e-08), array(3.58900101e-06), array(0.00021666)]), (array(1.75922355e-07), [array(9.55419986e-13), array(1.81131307e-10), array(2.85405709e-08), array(3.18565843e-06), array(0.00019698)]), (array(1.53459841e-07), [array(7.88862125e-13), array(1.53257831e-10), array(2.47430509e-08), array(2.82916747e-06), array(0.00017914)]), (array(1.33956942e-07), [array(6.52127999e-13), array(1.29800868e-10), array(2.14670112e-08), array(2.51390984e-06), array(0.00016297)]), (array(1.17011666e-07), [array(5.39736615e-13), array(1.10040484e-10), array(1.86386175e-08), array(2.23496198e-06), array(0.00014831)]), (array(1.0227826e-07), [array(4.47240086e-13), array(9.33773795e-11), array(1.61948038e-08), array(1.98800657e-06), array(0.00013501)]), (array(8.94590983e-08), [array(3.71024038e-13), array(7.93121298e-11), array(1.40816565e-08), array(1.76925559e-06), array(0.00012294)]), (array(7.82978026e-08), [array(3.08147536e-13), array(6.74280873e-11), array(1.2253047e-08), array(1.57538352e-06), array(0.00011199)]), (array(6.857336e-08), [array(2.56214492e-13), array(5.73772917e-11), array(1.06694755e-08), array(1.40346919e-06), array(0.00010204)])]",0.6380591244699636,1.5649669463021854,7.1314076563516755e-09,"Inference data with groups:
	> posterior
	> sample_stats
	> observed_data","Inference data with groups:
	> posterior_predictive
	> observed_data","Inference data with groups:
	> prior
	> prior_predictive
	> observed_data",<pyhf.pdf.Model object at 0x7f4f576c4940>
0.02,1.316759828311782,1.0887409946242992,0.496081626936708,0.7032661193571483,1.8029883640217264,3.0266574589876387,1.687005853664552e-08,1.5340008248235015e-08,1.0354756165190269e-08,1.2328866582449103e-08,1.9740573573063993e-08,2.557672544354577e-08,0.0002161357514944321,"[0.0, 0.10101010101010101, 0.20202020202020202, 0.30303030303030304, 0.40404040404040403, 0.5050505050505051, 0.6060606060606061, 0.7070707070707071, 0.8080808080808081, 0.9090909090909091, 1.0101010101010102, 1.1111111111111112, 1.2121212121212122, 1.3131313131313131, 1.4141414141414141, 1.5151515151515151, 1.6161616161616161, 1.7171717171717171, 1.8181818181818181, 1.9191919191919191, 2.0202020202020203, 2.121212121212121, 2.2222222222222223, 2.323232323232323, 2.4242424242424243, 2.525252525252525, 2.6262626262626263, 2.727272727272727, 2.8282828282828283, 2.929292929292929, 3.0303030303030303, 3.131313131313131, 3.2323232323232323, 3.3333333333333335, 3.4343434343434343, 3.5353535353535355, 3.6363636363636362, 3.7373737373737375, 3.8383838383838382, 3.9393939393939394, 4.040404040404041, 4.141414141414141, 4.242424242424242, 4.343434343434343, 4.444444444444445, 4.545454545454545, 4.646464646464646, 4.747474747474747, 4.848484848484849, 4.94949494949495, 5.05050505050505, 5.151515151515151, 5.252525252525253, 5.353535353535354, 5.454545454545454, 5.555555555555555, 5.656565656565657, 5.757575757575758, 5.858585858585858, 5.959595959595959, 6.0606060606060606, 6.161616161616162, 6.262626262626262, 6.363636363636363, 6.4646464646464645, 6.565656565656566, 6.666666666666667, 6.767676767676767, 6.8686868686868685, 6.96969696969697, 7.070707070707071, 7.171717171717171, 7.2727272727272725, 7.373737373737374, 7.474747474747475, 7.575757575757575, 7.6767676767676765, 7.777777777777778, 7.878787878787879, 7.979797979797979, 8.080808080808081, 8.181818181818182, 8.282828282828282, 8.383838383838384, 8.484848484848484, 8.585858585858587, 8.686868686868687, 8.787878787878787, 8.88888888888889, 8.98989898989899, 9.09090909090909, 9.191919191919192, 9.292929292929292, 9.393939393939394, 9.494949494949495, 9.595959595959595, 9.696969696969697, 9.797979797979798, 9.8989898989899, 10.0]","[(array(1.), [array(1.), array(1.), array(1.), array(1.), array(1.)]), (array(0.87478812), [array(0.64242304), array(0.74959725), array(0.85686605), array(0.9434752), array(0.98807145)]), (array(0.78192791), [array(0.40493028), array(0.55084472), array(0.72110973), array(0.87942038), array(0.97192237)]), (array(0.69597834), [array(0.25156881), array(0.39810401), array(0.59696812), array(0.80973151), array(0.95102202)]), (array(0.59763355), [array(0.15474974), array(0.28393637), array(0.48712326), array(0.736747), array(0.92511861)]), (array(0.50617999), [array(0.09466496), array(0.20054216), array(0.39269809), array(0.66292603), array(0.89429573)]), (array(0.42361283), [array(0.05781587), array(0.14072782), array(0.31350471), array(0.590543), array(0.85896841)]), (array(0.35095722), [array(0.0353721), array(0.09840593), array(0.24842207), array(0.52146253), array(0.81982153)]), (array(0.28839197), [array(0.0217356), array(0.06873689), array(0.19578831), array(0.45702414), array(0.77770951)]), (array(0.23546044), [array(0.01343935), array(0.04804994), array(0.15373437), array(0.39803516), array(0.73354729)]), (array(0.19130125), [array(0.00837057), array(0.03365764), array(0.12042293), array(0.34484249), array(0.68821924)]), (array(0.15485261), [array(0.0052542), array(0.02364262), array(0.09419044), array(0.2974434), array(0.6425204)]), (array(0.12500641), [array(0.00332388), array(0.01666076), array(0.07361016), array(0.25559981), array(0.59712988)]), (array(0.10070767), [array(0.00211867), array(0.01177975), array(0.05750159), array(0.21893393), array(0.55260671)]), (array(0.08100772), [array(0.00136018), array(0.00835624), array(0.04491055), array(0.18699847), array(0.50939819)]), (array(0.06508476), [array(0.00087916), array(0.00594679), array(0.0350771), array(0.15932351), array(0.46785289)]), (array(0.05224408), [array(0.0005719), array(0.00424538), array(0.02740141), array(0.13544586), array(0.42823492)]), (array(0.04190764), [array(0.00037431), array(0.00304017), array(0.0214125), array(0.11492601), array(0.39073727)]), (array(0.03359973), [array(0.00024646), array(0.002184), array(0.01674175), array(0.09735742), array(0.35549452)]), (array(0.02693154), [array(0.00016328), array(0.00157427), array(0.01310121), array(0.08237106), array(0.32259512)]), (array(0.02158615), [array(0.00010884), array(0.00113887), array(0.01026434), array(0.06962822), array(0.29207149)]), (array(0.01730589), [array(7.29985923e-05), array(0.00082687), array(0.00805229), array(0.05881637), array(0.26389192)]), (array(0.01388171), [array(4.92508469e-05), array(0.00060252), array(0.00632601), array(0.04965932), array(0.23799128)]), (array(0.0111428), [array(3.34239678e-05), array(0.00044065), array(0.00497755), array(0.04191585), array(0.21428121)]), (array(0.00895177), [array(2.28151987e-05), array(0.00032345), array(0.00392315), array(0.03537652), array(0.19265667)]), (array(0.00719851), [array(1.56626561e-05), array(0.00023831), array(0.0030976), array(0.0298592), array(0.1729966)]), (array(0.00579495), [array(1.08120987e-05), array(0.00017621), array(0.0024502), array(0.02520669), array(0.15517019)]), (array(0.00467065), [array(7.50391408e-06), array(0.00013076), array(0.00194167), array(0.02128486), array(0.1390446)]), (array(0.00376924), [array(5.23516613e-06), array(9.73730923e-05), array(0.00154154), array(0.01797957), array(0.1244881)]), (array(0.00304578), [array(3.67088959e-06), array(7.27595435e-05), array(0.00122614), array(0.01519406), array(0.11137237)]), (array(0.00246449), [array(2.58669907e-06), array(5.45505601e-05), array(0.0009771), array(0.01284642), array(0.09957419)]), (array(0.00199688), [array(1.83143655e-06), array(4.10332858e-05), array(0.00078009), array(0.01086747), array(0.08897657)]), (array(0.00162025), [array(1.30271378e-06), array(3.09649786e-05), array(0.00062396), array(0.00919885), array(0.0794695)]), (array(0.00131651), [array(9.3080612e-07), array(2.34408017e-05), array(0.00050001), array(0.00779141), array(0.07095032)]), (array(0.00107123), [array(6.67985115e-07), array(1.77996549e-05), array(0.00040141), array(0.00660375), array(0.06332389)]), (array(0.0008729), [array(4.81412857e-07), array(1.35568433e-05), array(0.00032284), array(0.00560108), array(0.05650249)]), (array(0.00071231), [array(3.48385603e-07), array(1.03558218e-05), array(0.00026012), array(0.00475413), array(0.0504057)]), (array(0.00058209), [array(2.53130518e-07), array(7.93343381e-06), array(0.00020996), array(0.00403829), array(0.04496004)]), (array(0.00047636), [array(1.84638686e-07), array(6.09481794e-06), array(0.00016977), array(0.00343289), array(0.04009865)]), (array(0.00039039), [array(1.35191288e-07), array(4.69522137e-06), array(0.00013752), array(0.00292055), array(0.03576085)]), (array(0.00032039), [array(9.93523683e-08), array(3.62677637e-06), array(0.00011158), array(0.00248667), array(0.03189177)]), (array(0.00026331), [array(7.32771646e-08), array(2.80885352e-06), array(9.06896941e-05), array(0.00211897), array(0.02844185)]), (array(0.00021671), [array(5.42349216e-08), array(2.18100131e-06), array(7.38340595e-05), array(0.00180712), array(0.02536649)]), (array(0.0001786), [array(4.02781949e-08), array(1.69776263e-06), array(6.021068e-05), array(0.00154245), array(0.02262557)]), (array(0.00014739), [array(3.00125854e-08), array(1.32485474e-06), array(4.91810656e-05), array(0.00131764), array(0.02018307)]), (array(0.00012181), [array(2.24358732e-08), array(1.03635116e-06), array(4.02364722e-05), array(0.00112654), array(0.01800673)]), (array(0.0001008), [array(1.68249372e-08), array(8.12588152e-07), array(3.2970772e-05), array(0.00096396), array(0.01606765)]), (array(8.352574e-05), [array(1.26561345e-08), array(6.38612189e-07), array(2.70592309e-05), array(0.00082554), array(0.01434)]), (array(6.93041144e-05), [array(9.54889662e-09), array(5.03020725e-07), array(2.22417363e-05), array(0.00070759), array(0.0128007)]), (array(5.75792863e-05), [array(7.22567495e-09), array(3.97096465e-07), array(1.83095969e-05), array(0.000607), array(0.01142915)]), (array(4.79000073e-05), [array(5.48335764e-09), array(3.14157734e-07), array(1.50950931e-05), array(0.00052115), array(0.01020696)]), (array(3.98988454e-05), [array(4.1728061e-09), array(2.49070053e-07), array(1.24632029e-05), array(0.00044781), array(0.00911776)]), (array(3.32762133e-05), [array(3.18416384e-09), array(1.97878542e-07), array(1.03050663e-05), array(0.00038512), array(0.00814694)]), (array(2.77875103e-05), [array(2.43624485e-09), array(1.57529181e-07), array(8.53275889e-06), array(0.00033147), array(0.0072815)]), (array(2.32327558e-05), [array(1.86886811e-09), array(1.25658192e-07), array(7.07516014e-06), array(0.00028554), array(0.00650987)]), (array(1.94482452e-05), [array(1.43728559e-09), array(1.00431679e-07), array(5.87464601e-06), array(0.00024617), array(0.00582175)]), (array(1.62997955e-05), [array(1.10812773e-09), array(8.04237142e-08), array(4.88446055e-06), array(0.0002124), array(0.00520796)]), (array(1.36772615e-05), [array(8.56436703e-10), array(6.45230357e-08), array(4.06660435e-06), array(0.00018341), array(0.00466035)]), (array(1.14901271e-05), [array(6.63493356e-10), array(5.18617244e-08), array(3.39014861e-06), array(0.00015851), array(0.00417167)]), (array(9.66390107e-06), [array(5.1521875e-10), array(4.1760462e-08), array(2.82988183e-06), array(0.0001371), array(0.00373546)]), (array(8.13721112e-06), [array(4.00995179e-10), array(3.36864259e-08), array(2.36522259e-06), array(0.00011867), array(0.00334598)]), (array(6.85942412e-06), [array(3.12793925e-10), array(2.72208291e-08), array(1.97934454e-06), array(0.0001028), array(0.00299814)]), (array(5.78871642e-06), [array(2.44528388e-10), array(2.20338614e-08), array(1.65847251e-06), array(8.91224134e-05), array(0.00268738)]), (array(4.89049724e-06), [array(1.91572259e-10), array(1.78652455e-08), array(1.39131181e-06), array(7.73242361e-05), array(0.00240968)]), (array(4.13612622e-06), [array(1.5040059e-10), array(1.45091903e-08), array(1.16858957e-06), array(6.7139295e-05), array(0.00216144)]), (array(3.50185471e-06), [array(1.18320991e-10), array(1.18026682e-08), array(9.82682056e-07), array(5.83401268e-05), array(0.00193946)]), (array(2.96797408e-06), [array(9.32721345e-11), array(9.6162911e-09), array(8.27313243e-07), array(5.0732296e-05), array(0.00174091)]), (array(2.51810372e-06), [array(7.36720445e-11), array(7.8471704e-09), array(6.97309031e-07), array(4.41494372e-05), array(0.00156325)]), (array(2.13861552e-06), [array(5.83039104e-11), array(6.41334746e-09), array(5.88398605e-07), array(3.84491134e-05), array(0.00140423)]), (array(1.8181576e-06), [array(4.62296594e-11), array(5.2494167e-09), array(4.97051947e-07), array(3.35092681e-05), array(0.00126185)]), (array(1.54726344e-06), [array(3.67245205e-11), array(4.30309194e-09), array(4.20347672e-07), array(2.92252317e-05), array(0.00113432)]), (array(1.31802986e-06), [array(2.92273149e-11), array(3.53250323e-09), array(3.55865065e-07), array(2.55071763e-05), array(0.00102006)]), (array(1.12385136e-06), [array(2.33025982e-11), array(2.90406401e-09), array(3.01595688e-07), array(2.22779473e-05), array(0.00091765)]), (array(9.59200737e-07), [array(1.86117831e-11), array(2.39078719e-09), array(2.55871081e-07), array(1.9471222e-05), array(0.00082582)]), (array(8.19449002e-07), [array(1.48910773e-11), array(1.97095531e-09), array(2.17303739e-07), array(1.70299577e-05), array(0.00074346)]), (array(7.00714104e-07), [array(1.1934527e-11), array(1.62706091e-09), array(1.84738194e-07), array(1.49050425e-05), array(0.00066956)]), (array(5.99736919e-07), [array(9.58102857e-12), array(1.34496929e-09), array(1.57211179e-07), array(1.30541665e-05), array(0.00060323)]), (array(5.1377937e-07), [array(7.7043173e-12), array(1.11325093e-09), array(1.33918718e-07), array(1.14408529e-05), array(0.00054368)]), (array(4.40538041e-07), [array(6.20524408e-12), array(9.22649449e-10), array(1.14188997e-07), array(1.00336282e-05), array(0.00049018)]), (array(3.78073345e-07), [array(5.00580813e-12), array(7.6565727e-10), array(9.74600143e-08), array(8.80531769e-06), array(0.00044211)]), (array(3.24750394e-07), [array(4.04453322e-12), array(6.36176171e-10), array(8.32611032e-08), array(7.73244007e-06), array(0.00039891)]), (array(2.79189754e-07), [array(3.27287977e-12), array(5.29245497e-10), array(7.11976523e-08), array(6.79469096e-06), array(0.00036006)]), (array(2.40226376e-07), [array(2.65245491e-12), array(4.40824209e-10), array(6.09384609e-08), array(5.97450062e-06), array(0.00032511)]), (array(2.06875315e-07), [array(2.15283843e-12), array(3.67615729e-10), array(5.22052475e-08), array(5.25665445e-06), array(0.00029366)]), (array(1.78303063e-07), [array(1.74988607e-12), array(3.06927078e-10), array(4.47639487e-08), array(4.62796807e-06), array(0.00026535)]), (array(1.53803658e-07), [array(1.4244025e-12), array(2.56555346e-10), array(3.84174879e-08), array(4.07700838e-06), array(0.00023986)]), (array(1.32778516e-07), [array(1.16110169e-12), array(2.14696084e-10), array(3.29997585e-08), array(3.59385392e-06), array(0.00021689)]), (array(1.14719672e-07), [array(9.47791072e-13), array(1.79869291e-10), array(2.83706184e-08), array(3.16988931e-06), array(0.0001962)]), (array(9.91956516e-08), [array(7.74729749e-13), array(1.50859459e-10), array(2.44117072e-08), array(2.79762773e-06), array(0.00017754)]), (array(8.58396294e-08), [array(6.34123481e-13), array(1.26667054e-10), array(2.10229671e-08), array(2.47055911e-06), array(0.00016072)]), (array(7.43394561e-08), [array(5.19725861e-13), array(1.0646908e-10), array(1.81197268e-08), array(2.18301855e-06), array(0.00014554)]), (array(6.44292723e-08), [array(4.26523489e-13), array(8.95870843e-11), array(1.56302706e-08), array(1.93007379e-06), array(0.00013184)]), (array(5.58824423e-08), [array(3.50486208e-13), array(7.54610218e-11), array(1.34937892e-08), array(1.70742663e-06), array(0.00011948)]), (array(4.85056044e-08), [array(2.8836977e-13), array(6.36280806e-11), array(1.16586801e-08), array(1.51132977e-06), array(0.00010831)]), (array(4.21336462e-08), [array(2.37559061e-13), array(5.37054013e-11), array(1.00811224e-08), array(1.33851507e-06), array(9.82184722e-05)]), (array(3.66254473e-08), [array(1.9594221e-13), array(4.53757201e-11), array(8.72384165e-09), array(1.18612741e-06), array(8.9099846e-05)]), (array(3.1860299e-08), [array(1.61812195e-13), array(3.83759953e-11), array(7.55513035e-09), array(1.05167399e-06), array(8.08558907e-05)]), (array(2.77348769e-08), [array(1.33786928e-13), array(3.24878111e-11), array(6.54797983e-09), array(9.32975458e-07), array(7.34000771e-05)]), (array(2.41606415e-08), [array(1.10745947e-13), array(2.75296197e-11), array(5.67936624e-09), array(8.28125677e-07), array(6.66546909e-05)]), (array(2.10616778e-08), [array(9.17796272e-14), array(2.33503393e-11), array(4.92964367e-09), array(7.35456166e-07), array(6.0549895e-05)])]",0.5630547675598158,1.372676612784128,1.722453167035113e-08,"Inference data with groups:
	> posterior
	> sample_stats
	> observed_data","Inference data with groups:
	> posterior_predictive
	> observed_data","Inference data with groups:
	> prior
	> prior_predictive
	> observed_data",<pyhf.pdf.Model object at 0x7f4f41bc6340>
0.03,1.1074035187966267,1.0010620831355486,0.4601681781507357,0.6503858716755764,1.6638417606425402,2.7996022239612053,3.410976482530223e-08,3.24306969212833e-08,2.1987915885626568e-08,2.6140345583483803e-08,4.181015578562125e-08,5.423428768007908e-08,0.0010506342418901925,"[0.0, 0.10101010101010101, 0.20202020202020202, 0.30303030303030304, 0.40404040404040403, 0.5050505050505051, 0.6060606060606061, 0.7070707070707071, 0.8080808080808081, 0.9090909090909091, 1.0101010101010102, 1.1111111111111112, 1.2121212121212122, 1.3131313131313131, 1.4141414141414141, 1.5151515151515151, 1.6161616161616161, 1.7171717171717171, 1.8181818181818181, 1.9191919191919191, 2.0202020202020203, 2.121212121212121, 2.2222222222222223, 2.323232323232323, 2.4242424242424243, 2.525252525252525, 2.6262626262626263, 2.727272727272727, 2.8282828282828283, 2.929292929292929, 3.0303030303030303, 3.131313131313131, 3.2323232323232323, 3.3333333333333335, 3.4343434343434343, 3.5353535353535355, 3.6363636363636362, 3.7373737373737375, 3.8383838383838382, 3.9393939393939394, 4.040404040404041, 4.141414141414141, 4.242424242424242, 4.343434343434343, 4.444444444444445, 4.545454545454545, 4.646464646464646, 4.747474747474747, 4.848484848484849, 4.94949494949495, 5.05050505050505, 5.151515151515151, 5.252525252525253, 5.353535353535354, 5.454545454545454, 5.555555555555555, 5.656565656565657, 5.757575757575758, 5.858585858585858, 5.959595959595959, 6.0606060606060606, 6.161616161616162, 6.262626262626262, 6.363636363636363, 6.4646464646464645, 6.565656565656566, 6.666666666666667, 6.767676767676767, 6.8686868686868685, 6.96969696969697, 7.070707070707071, 7.171717171717171, 7.2727272727272725, 7.373737373737374, 7.474747474747475, 7.575757575757575, 7.6767676767676765, 7.777777777777778, 7.878787878787879, 7.979797979797979, 8.080808080808081, 8.181818181818182, 8.282828282828282, 8.383838383838384, 8.484848484848484, 8.585858585858587, 8.686868686868687, 8.787878787878787, 8.88888888888889, 8.98989898989899, 9.09090909090909, 9.191919191919192, 9.292929292929292, 9.393939393939394, 9.494949494949495, 9.595959595959595, 9.696969696969697, 9.797979797979798, 9.8989898989899, 10.0]","[(array(1.), [array(1.), array(1.), array(1.), array(1.), array(1.)]), (array(0.8652044), [array(0.61658538), array(0.72955032), array(0.84420375), array(0.93796454), array(0.9867933)]), (array(0.7416217), [array(0.37200455), array(0.52013501), array(0.69779061), array(0.86721922), array(0.96851983)]), (array(0.62013827), [array(0.22093466), array(0.36394613), array(0.5659575), array(0.79033064), array(0.94455232)]), (array(0.50978268), [array(0.12992555), array(0.25105833), array(0.45166496), array(0.71039172), array(0.91467583)]), (array(0.41302696), [array(0.07607016), array(0.17149574), array(0.35574718), array(0.63052597), array(0.87914911)]), (array(0.33071705), [array(0.04455436), array(0.11647685), array(0.27738475), array(0.55345747), array(0.83866535)]), (array(0.26241005), [array(0.02620486), array(0.07892877), array(0.21471326), array(0.48124187), array(0.79422957)]), (array(0.20681896), [array(0.01551953), array(0.05350608), array(0.16538599), array(0.41518105), array(0.7469956)]), (array(0.1622354), [array(0.00927055), array(0.0363537), array(0.12699821), array(0.35589198), array(0.69811558)]), (array(0.12685374), [array(0.00558973), array(0.02478316), array(0.09734662), array(0.30346117), array(0.64863543)]), (array(0.09897677), [array(0.00340234), array(0.0169616), array(0.07454917), array(0.2576192), array(0.59944435)]), (array(0.07711792), [array(0.00208994), array(0.01165615), array(0.05706876), array(0.21788965), array(0.55126396)]), (array(0.06003194), [array(0.00129492), array(0.0080428), array(0.0436852), array(0.18369785), array(0.50465998)]), (array(0.04670462), [array(0.00080886), array(0.00557152), array(0.03344639), array(0.15444104), array(0.46006192)]), (array(0.03632432), [array(0.00050912), array(0.00387441), array(0.02561681), array(0.12953044), array(0.4177845)]), (array(0.02824843), [array(0.00032281), array(0.0027045), array(0.01963144), array(0.10841415), array(0.37804762)]), (array(0.02197161), [array(0.00020616), array(0.00189524), array(0.0150576), array(0.09058883), array(0.34099524)]), (array(0.01709795), [array(0.00013263), array(0.00133374), array(0.01156418), array(0.07560295), array(0.30670963)]), (array(0.01331702), [array(8.59539894e-05), array(0.00094267), array(0.00889508), array(0.06304266), array(0.27518785)]), (array(0.01038402), [array(5.61037986e-05), array(0.00066917), array(0.00685368), array(0.05253796), array(0.2463611)]), (array(0.00810754), [array(3.68764929e-05), array(0.00047708), array(0.00529052), array(0.0437683), array(0.22012492)]), (array(0.00633939), [array(2.44058874e-05), array(0.00034162), array(0.00409205), array(0.03645841), array(0.19635019)]), (array(0.00496489), [array(1.62621712e-05), array(0.0002457), array(0.0031718), array(0.03037235), array(0.17488799)]), (array(0.0038952), [array(1.09071435e-05), array(0.00017747), array(0.00246385), array(0.02530838), array(0.15557392)]), (array(0.00306153), [array(7.36207057e-06), array(0.00012874), array(0.00191813), array(0.02109638), array(0.13824023)]), (array(0.00241076), [array(4.9998373e-06), array(9.37689553e-05), array(0.0014966), array(0.01759356), array(0.12272088)]), (array(0.00190191), [array(3.41579909e-06), array(6.85766435e-05), array(0.0011703), array(0.01468049), array(0.10885493)]), (array(0.00150333), [array(2.34706931e-06), array(5.03511014e-05), array(0.00091719), array(0.01225748), array(0.09648878)]), (array(0.00119056), [array(1.62172234e-06), array(3.71122311e-05), array(0.00072041), array(0.01024151), array(0.08547772)]), (array(0.00094468), [array(1.12659229e-06), array(2.74574537e-05), array(0.00056709), array(0.00856354), array(0.07568678)]), (array(0.00075103), [array(7.8672528e-07), array(2.03891571e-05), array(0.00044739), array(0.0071662), array(0.06699117)]), (array(0.00059822), [array(5.52172428e-07), array(1.51948113e-05), array(0.00035371), array(0.0060019), array(0.05927634)]), (array(0.00047742), [array(3.89451576e-07), array(1.13634471e-05), array(0.00028025), array(0.00503115), array(0.0524377)]), (array(0.00038173), [array(2.75990708e-07), array(8.52720146e-06), array(0.00022252), array(0.0042212), array(0.0463803)]), (array(0.0003058), [array(1.96487688e-07), array(6.42019524e-06), array(0.00017705), array(0.00354492), array(0.0410183)]), (array(0.00024543), [array(1.40513013e-07), array(4.84953349e-06), array(0.00014116), array(0.00297979), array(0.03627436)]), (array(0.00019734), [array(1.00920854e-07), array(3.67474601e-06), array(0.00011277), array(0.00250716), array(0.03207906)]), (array(0.00015897), [array(7.27903452e-08), array(2.79316762e-06), array(9.0278249e-05), array(0.00211153), array(0.02837024)]), (array(0.00012828), [array(5.27160301e-08), array(2.12949485e-06), array(7.2412196e-05), array(0.00178008), array(0.02509236)]), (array(0.00010371), [array(3.83298813e-08), array(1.62830127e-06), array(5.81946798e-05), array(0.00150214), array(0.02219593)]), (array(8.39896636e-05), [array(2.79775675e-08), array(1.24865103e-06), array(4.68580659e-05), array(0.00126885), array(0.01963691)]), (array(6.81376302e-05), [array(2.0498118e-08), array(9.60209759e-07), array(3.78008447e-05), array(0.00107286), array(0.01737617)]), (array(5.53721355e-05), [array(1.50731942e-08), array(7.40425463e-07), array(3.05507099e-05), array(0.00090804), array(0.015379)]), (array(4.50741905e-05), [array(1.11234983e-08), array(5.72478487e-07), array(2.47360556e-05), array(0.00076931), array(0.01361463)]), (array(3.67524515e-05), [array(8.23723539e-09), array(4.43785241e-07), array(2.00639164e-05), array(0.00065242), array(0.01205585)]), (array(3.00161983e-05), [array(6.12049318e-09), array(3.44902681e-07), array(1.63028697e-05), array(0.00055384), array(0.01067854)]), (array(2.45541762e-05), [array(4.56266446e-09), array(2.68723247e-07), array(1.32697445e-05), array(0.00047062), array(0.00946143)]), (array(2.01179965e-05), [array(3.41225662e-09), array(2.09881745e-07), array(1.08192843e-05), array(0.00040029), array(0.00838571)]), (array(1.65090916e-05), [array(2.5598886e-09), array(1.64316577e-07), array(8.83607585e-06), array(0.00034081), array(0.00743475)]), (array(1.35684506e-05), [array(1.92629691e-09), array(1.28944459e-07), array(7.22824671e-06), array(0.00029045), array(0.00659392)]), (array(1.11685193e-05), [array(1.45383779e-09), array(1.01418361e-07), array(5.92252666e-06), array(0.00024777), array(0.00585027)]), (array(9.2068053e-06), [array(1.10044477e-09), array(7.99469369e-08), array(4.86037463e-06), array(0.00021156), array(0.00519241)]), (array(7.60081602e-06), [array(8.35314886e-10), array(6.31593666e-08), array(3.99493265e-06), array(0.00018082), array(0.00461026)]), (array(6.28404739e-06), [array(6.35818414e-10), array(5.00039659e-08), array(3.28862811e-06), array(0.00015469), array(0.00409497)]), (array(5.20279621e-06), [array(4.85276352e-10), array(3.96718568e-08), array(2.71128053e-06), array(0.00013246), array(0.0036387)]), (array(4.31362782e-06), [array(3.71356937e-10), array(3.15393876e-08), array(2.23860554e-06), array(0.00011352), array(0.00323457)]), (array(3.5813562e-06), [array(2.84914473e-10), array(2.51245601e-08), array(1.8510297e-06), array(9.7388454e-05), array(0.0028765)]), (array(2.97743318e-06), [array(2.19145777e-10), array(2.00539783e-08), array(1.53275021e-06), array(8.36217991e-05), array(0.00255912)]), (array(2.47866044e-06), [array(1.68975308e-10), array(1.60377114e-08), array(1.2709875e-06), array(7.18657775e-05), array(0.00227771)]), (array(2.06615811e-06), [array(1.30605566e-10), array(1.28501284e-08), array(1.05539012e-06), array(6.18175046e-05), array(0.0020281)]), (array(1.72453793e-06), [array(1.01187282e-10), array(1.03152481e-08), array(8.77559898e-07), array(5.32210718e-05), array(0.00180661)]), (array(1.44123887e-06), [array(7.85767866e-11), array(8.2955165e-09), array(7.30672723e-07), array(4.58600625e-05), array(0.00160999)]), (array(1.20599276e-06), [array(6.11569279e-11), array(6.68318667e-09), array(6.09174886e-07), array(3.95512851e-05), array(0.00143539)]), (array(1.01039371e-06), [array(4.77045476e-11), array(5.39368345e-09), array(5.08539687e-07), array(3.41395295e-05), array(0.00128028)]), (array(8.47550534e-07), [array(3.72921094e-11), array(4.36048454e-09), array(4.25071985e-07), array(2.94931723e-05), array(0.00114242)]), (array(7.11805938e-07), [array(2.92144758e-11), array(3.53116175e-09), array(3.55750962e-07), array(2.55004894e-05), array(0.00101985)]), (array(5.9850916e-07), [array(2.29342621e-11), array(2.8643136e-09), array(2.98103485e-07), array(2.20665622e-05), array(0.00091083)]), (array(5.03831721e-07), [array(1.80409366e-11), array(2.32718292e-09), array(2.50101896e-07), array(1.91106762e-05), array(0.00081381)]), (array(4.24617794e-07), [array(1.42201309e-11), array(1.89380243e-09), array(2.1008139e-07), array(1.65641322e-05), array(0.00072745)]), (array(3.5826262e-07), [array(1.12305687e-11), array(1.54355051e-09), array(1.76673327e-07), array(1.43684145e-05), array(0.00065053)]), (array(3.02613429e-07), [array(8.88662914e-12), array(1.26001833e-09), array(1.48750766e-07), array(1.24736219e-05), array(0.000582)]), (array(2.55888719e-07), [array(7.0452063e-12), array(1.0301276e-09), array(1.25384709e-07), array(1.08371745e-05), array(0.00052092)]), (array(2.16612528e-07), [array(5.59572529e-12), array(8.43435642e-10), array(1.05808261e-07), array(9.42270374e-06), array(0.00046645)]), (array(1.83560225e-07), [array(4.45256386e-12), array(6.91589747e-10), array(8.93875132e-08), array(8.19911985e-06), array(0.00041785)]), (array(1.55714673e-07), [array(3.54928252e-12), array(5.67897603e-10), array(7.55978144e-08), array(7.13982317e-06), array(0.00037448)]), (array(1.32229981e-07), [array(2.8342205e-12), array(4.66988269e-10), array(6.40043885e-08), array(6.22203671e-06), array(0.00033576)]), (array(1.12401828e-07), [array(2.26712543e-12), array(3.84543958e-10), array(5.42464611e-08), array(5.42623816e-06), array(0.00030117)]), (array(9.5643098e-08), [array(1.81657399e-12), array(3.17088277e-10), array(4.60243366e-08), array(4.73568436e-06), array(0.00027026)]), (array(8.14637849e-08), [array(1.457986e-12), array(2.61817601e-10), array(3.90887291e-08), array(4.1360017e-06), array(0.00024262)]), (array(6.94544824e-08), [array(1.17209761e-12), array(2.16467389e-10), array(3.32320407e-08), array(3.61484117e-06), array(0.0002179)]), (array(5.92727061e-08), [array(9.43782996e-13), array(1.79205724e-10), array(2.82811861e-08), array(3.16158467e-06), array(0.00019579)]), (array(5.06316754e-08), [array(7.61143553e-13), array(1.48548419e-10), array(2.40916868e-08), array(2.76709504e-06), array(0.00017599)]), (array(4.32909635e-08), [array(6.14802028e-13), array(1.23291179e-10), array(2.05427982e-08), array(2.42350263e-06), array(0.00015826)]), (array(3.70487982e-08), [array(4.97356079e-13), array(1.02455569e-10), array(1.75335228e-08), array(2.12402678e-06), array(0.00014238)]), (array(3.17356566e-08), [array(4.02950633e-13), array(8.52452565e-11), array(1.49792489e-08), array(1.86281682e-06), array(0.00012814)]), (array(2.72089658e-08), [array(3.26947369e-13), array(7.10113577e-11), array(1.2809038e-08), array(1.63482301e-06), array(0.00011537)]), (array(2.33486851e-08), [array(2.6566541e-13), array(5.92243602e-11), array(1.09633442e-08), array(1.43568295e-06), array(0.00010392)]), (array(2.00536699e-08), [array(2.16178825e-13), array(4.94515726e-11), array(9.39213197e-09), array(1.26162527e-06), array(9.36454077e-05)]), (array(1.72385677e-08), [array(1.76158007e-13), array(4.13389488e-11), array(8.05331375e-09), array(1.10938716e-06), array(8.4419111e-05)]), (array(1.48313093e-08), [array(1.43745095e-13), array(3.45963992e-11), array(6.91144902e-09), array(9.76143615e-07), array(7.61324516e-05)]), (array(1.27709731e-08), [array(1.1745617e-13), array(2.89859421e-11), array(5.93666672e-09), array(8.59447191e-07), array(6.86866959e-05)]), (array(1.10060107e-08), [array(9.61040025e-14), array(2.4312062e-11), array(5.10375942e-09), array(7.57175403e-07), array(6.19937718e-05)]), (array(9.49276406e-09), [array(7.8737397e-14), array(2.04139552e-11), array(4.39143872e-09), array(6.67486845e-07), array(5.59751237e-05)]), (array(8.19422279e-09), [array(6.45930563e-14), array(1.71591892e-11), array(3.78170604e-09), array(5.8878256e-07), array(5.05606372e-05)]), (array(7.07898239e-09), [array(5.30575615e-14), array(1.4438564e-11), array(3.25932982e-09), array(5.19673199e-07), array(4.56877098e-05)]), (array(6.12036547e-09), [array(4.36372217e-14), array(1.21619282e-11), array(2.81140783e-09), array(4.58950709e-07), array(4.13004239e-05)]), (array(5.29569705e-09), [array(3.59341284e-14), array(1.02547656e-11), array(2.4270005e-09), array(4.05563943e-07), array(3.73488114e-05)]), (array(4.58568228e-09), [array(2.96271134e-14), array(8.65541074e-12), array(2.09682346e-09), array(3.58597627e-07), array(3.37882005e-05)]), (array(3.9738891e-09), [array(2.44566068e-14), array(7.31277803e-12), array(1.81299103e-09), array(3.17254433e-07), array(3.05786511e-05)])]",0.4597256705739716,1.1802620928142067,3.521397122046285e-08,"Inference data with groups:
	> posterior
	> sample_stats
	> observed_data","Inference data with groups:
	> posterior_predictive
	> observed_data","Inference data with groups:
	> prior
	> prior_predictive
	> observed_data",<pyhf.pdf.Model object at 0x7f4f40c39730>
0.04,1.210523238193047,1.0395472563140595,0.4754823880063528,0.6734607326933739,1.7263664050831693,2.91277987267195,6.836645188640081e-08,6.335466430261013e-08,4.2847322999094945e-08,5.0993240948627094e-08,8.164375369571488e-08,1.0604991097645314e-07,0.003861116908843828,"[0.0, 0.10101010101010101, 0.20202020202020202, 0.30303030303030304, 0.40404040404040403, 0.5050505050505051, 0.6060606060606061, 0.7070707070707071, 0.8080808080808081, 0.9090909090909091, 1.0101010101010102, 1.1111111111111112, 1.2121212121212122, 1.3131313131313131, 1.4141414141414141, 1.5151515151515151, 1.6161616161616161, 1.7171717171717171, 1.8181818181818181, 1.9191919191919191, 2.0202020202020203, 2.121212121212121, 2.2222222222222223, 2.323232323232323, 2.4242424242424243, 2.525252525252525, 2.6262626262626263, 2.727272727272727, 2.8282828282828283, 2.929292929292929, 3.0303030303030303, 3.131313131313131, 3.2323232323232323, 3.3333333333333335, 3.4343434343434343, 3.5353535353535355, 3.6363636363636362, 3.7373737373737375, 3.8383838383838382, 3.9393939393939394, 4.040404040404041, 4.141414141414141, 4.242424242424242, 4.343434343434343, 4.444444444444445, 4.545454545454545, 4.646464646464646, 4.747474747474747, 4.848484848484849, 4.94949494949495, 5.05050505050505, 5.151515151515151, 5.252525252525253, 5.353535353535354, 5.454545454545454, 5.555555555555555, 5.656565656565657, 5.757575757575758, 5.858585858585858, 5.959595959595959, 6.0606060606060606, 6.161616161616162, 6.262626262626262, 6.363636363636363, 6.4646464646464645, 6.565656565656566, 6.666666666666667, 6.767676767676767, 6.8686868686868685, 6.96969696969697, 7.070707070707071, 7.171717171717171, 7.2727272727272725, 7.373737373737374, 7.474747474747475, 7.575757575757575, 7.6767676767676765, 7.777777777777778, 7.878787878787879, 7.979797979797979, 8.080808080808081, 8.181818181818182, 8.282828282828282, 8.383838383838384, 8.484848484848484, 8.585858585858587, 8.686868686868687, 8.787878787878787, 8.88888888888889, 8.98989898989899, 9.09090909090909, 9.191919191919192, 9.292929292929292, 9.393939393939394, 9.494949494949495, 9.595959595959595, 9.696969696969697, 9.797979797979798, 9.8989898989899, 10.0]","[(array(1.), [array(1.), array(1.), array(1.), array(1.), array(1.)]), (array(0.86913073), [array(0.6271386), array(0.73777754), array(0.84942511), array(0.94024767), array(0.98732536)]), (array(0.77221429), [array(0.38536314), array(0.53271086), array(0.70742848), array(0.8723084), array(0.96995201)]), (array(0.66033595), [array(0.23328749), array(0.3779067), array(0.57880189), array(0.79847306), array(0.94730328)]), (array(0.55551849), [array(0.13988167), array(0.26447401), array(0.46638191), array(0.72151572), array(0.91915713)]), (array(0.46070012), [array(0.08349394), array(0.18333355), array(0.37111487), array(0.64427252), array(0.88570283)]), (array(0.37750082), [array(0.04982952), array(0.12635285), array(0.29243791), array(0.56926746), array(0.84751557)]), (array(0.30634586), [array(0.02984143), array(0.0868588), array(0.22879213), array(0.49846565), array(0.80546054)]), (array(0.24674883), [array(0.01798088), array(0.05970911), array(0.17811383), array(0.43317729), array(0.76055832)]), (array(0.1976421), [array(0.01091962), array(0.0411212), array(0.13822025), array(0.37409479), array(0.71385367)]), (array(0.15767453), [array(0.00668948), array(0.02840527), array(0.10705999), array(0.32141153), array(0.66631744)]), (array(0.12543466), [array(0.00413495), array(0.01969318), array(0.08284195), array(0.27496884), array(0.61879271)]), (array(0.09959116), [array(0.0025785), array(0.01370654), array(0.06407539), array(0.23439002), array(0.57197732)]), (array(0.07896456), [array(0.00162146), array(0.00957736), array(0.0495573), array(0.19918324), array(0.52642866)]), (array(0.06255079), [array(0.00102773), array(0.0067179), array(0.03833561), array(0.16881182), array(0.48257887)]), (array(0.04951671), [array(0.00065627), array(0.00472976), array(0.02966546), array(0.14273779), array(0.44075222)]), (array(0.03918236), [array(0.00042204), array(0.00334215), array(0.02296813), array(0.12044769), array(0.40118299)]), (array(0.03099856), [array(0.00027326), array(0.00237026), array(0.0177956), array(0.10146594), array(0.36403121)]), (array(0.02452477), [array(0.00017814), array(0.00168737), array(0.01380181), array(0.08536153), array(0.32939806)]), (array(0.01940889), [array(0.00011694), array(0.0012061), array(0.01071896), array(0.07174637), array(0.29733102)]), (array(0.01536948), [array(7.72863273e-05), array(0.00086563), array(0.00833761), array(0.06026322), array(0.26780222)]), (array(0.01218159), [array(5.14204946e-05), array(0.00062381), array(0.00649613), array(0.05059577), array(0.24073852)]), (array(0.00966503), [array(3.44342928e-05), array(0.00045138), array(0.00507042), array(0.04246938), array(0.21603948)]), (array(0.00767745), [array(2.32073935e-05), array(0.00032796), array(0.00396521), array(0.03564731), array(0.19358576)]), (array(0.00610665), [array(1.57395734e-05), array(0.00023926), array(0.00310718), array(0.02992567), array(0.17324238)]), (array(0.00486425), [array(1.07400751e-05), array(0.00017525), array(0.00243982), array(0.02512929), array(0.15486243)]), (array(0.00388057), [array(7.37200227e-06), array(0.00012888), array(0.00191979), array(0.02110964), array(0.13829693)]), (array(0.00310072), [array(5.08915812e-06), array(9.51405869e-05), array(0.00151375), array(0.01774125), array(0.12339882)]), (array(0.00248161), [array(3.53272508e-06), array(7.05008704e-05), array(0.00119608), array(0.01491844), array(0.11002549)]), (array(0.00198938), [array(2.46547906e-06), array(5.24355112e-05), array(0.00094706), array(0.01255241), array(0.09804074)]), (array(0.00159744), [array(1.72960662e-06), array(3.91400838e-05), array(0.00075144), array(0.01056866), array(0.08731592)]), (array(0.00128487), [array(1.21948809e-06), array(2.93188055e-05), array(0.00059746), array(0.00890477), array(0.07773069)]), (array(0.0010352), [array(8.64021778e-07), array(2.2037525e-05), array(0.000476), array(0.0075085), array(0.06917335)]), (array(0.00083544), [array(6.15069238e-07), array(1.66201778e-05), array(0.00038001), array(0.00633617), array(0.06154094)]), (array(0.00067537), [array(4.39859122e-07), array(1.25756352e-05), array(0.00030398), array(0.00535126), array(0.05473905)]), (array(0.00054688), [array(3.15961303e-07), array(9.54577829e-06), array(0.00024365), array(0.00452327), array(0.04868155)]), (array(0.00044357), [array(2.2794394e-07), array(7.26853213e-06), array(0.00019567), array(0.00382669), array(0.04329017)]), (array(0.00036037), [array(1.65135848e-07), array(5.55141297e-06), array(0.00015745), array(0.00324025), array(0.03849403)]), (array(0.00029326), [array(1.20121707e-07), array(4.25255836e-06), array(0.00012693), array(0.00274613), array(0.03422917)]), (array(0.00023904), [array(8.77239697e-08), array(3.26705411e-06), array(0.00010252), array(0.00232947), array(0.030438)]), (array(0.00019515), [array(6.43107493e-08), array(2.5170505e-06), array(8.29586547e-05), array(0.00197784), array(0.02706877)]), (array(0.00015958), [array(4.73228863e-08), array(1.94459088e-06), array(6.72513348e-05), array(0.00168083), array(0.02407513)]), (array(0.00013069), [array(3.49491766e-08), array(1.50638958e-06), array(5.46157594e-05), array(0.00142975), array(0.02141556)]), (array(0.00010721), [array(2.59022948e-08), array(1.17001653e-06), array(4.44324778e-05), array(0.0012173), array(0.01905299)]), (array(8.80729433e-05), [array(1.92634603e-08), array(9.1110006e-07), array(3.62106438e-05), array(0.00103738), array(0.01695433)]), (array(7.24649098e-05), [array(1.43742747e-08), array(7.11269345e-07), array(2.95605742e-05), array(0.00088487), array(0.0150901)]), (array(5.971223e-05), [array(1.07610711e-08), array(5.56636146e-07), array(2.41723149e-05), array(0.00075549), array(0.01343404)]), (array(4.92765647e-05), [array(8.08177588e-09), array(4.36670807e-07), array(1.97988685e-05), array(0.00064562), array(0.01196278)]), (array(4.07239976e-05), [array(6.0884261e-09), array(3.43367537e-07), array(1.62430424e-05), array(0.00055223), array(0.01065556)]), (array(3.37042339e-05), [array(4.60062397e-09), array(2.70622714e-07), array(1.33471201e-05), array(0.00047279), array(0.00949392)]), (array(2.79340459e-05), [array(3.4866607e-09), array(2.13770375e-07), array(1.09847307e-05), array(0.00040514), array(0.00846148)]), (array(2.31840772e-05), [array(2.65004272e-09), array(1.69234168e-07), array(9.05443971e-06), array(0.00034749), array(0.00754369)]), (array(1.92683128e-05), [array(2.0198375e-09), array(1.34265829e-07), array(7.47468557e-06), array(0.00029831), array(0.00672764)]), (array(1.60356606e-05), [array(1.54373082e-09), array(1.06748098e-07), array(6.1797728e-06), array(0.00025632), array(0.00600189)]), (array(1.33632092e-05), [array(1.18301588e-09), array(8.50458064e-08), array(5.11669573e-06), array(0.00022044), array(0.00535629)]), (array(1.11508243e-05), [array(9.08963938e-10), array(6.7893037e-08), array(4.24261499e-06), array(0.00018975), array(0.00478182)]), (array(9.31680737e-06), [array(7.00186979e-10), array(5.43074263e-08), array(3.52285115e-06), array(0.00016347), array(0.00427051)]), (array(7.79440468e-06), [array(5.40714249e-10), array(4.35248689e-08), array(2.9292841e-06), array(0.00014095), array(0.00381528)]), (array(6.52899478e-06), [array(4.18585232e-10), array(3.49496689e-08), array(2.43907566e-06), array(0.00012164), array(0.00340985)]), (array(5.47582079e-06), [array(3.24817316e-10), array(2.81164009e-08), array(2.033649e-06), array(0.00010507), array(0.00304865)]), (array(4.59815677e-06), [array(2.52645192e-10), array(2.26606021e-08), array(1.69786851e-06), array(9.08286304e-05), array(0.00272676)]), (array(3.86582448e-06), [array(1.96959923e-10), array(1.8296283e-08), array(1.41938492e-06), array(7.85839848e-05), array(0.00243981)]), (array(3.25399358e-06), [array(1.53892899e-10), array(1.47985427e-08), array(1.18810609e-06), array(6.80462699e-05), array(0.0021839)]), (array(2.74220499e-06), [array(1.20507255e-10), array(1.19901724e-08), array(9.95773282e-07), array(5.89698749e-05), array(0.00195561)]), (array(2.31357928e-06), [array(9.45674453e-11), array(9.73123241e-09), array(8.35616318e-07), array(5.11455519e-05), array(0.00175187)]), (array(1.95417244e-06), [array(7.43678575e-11), array(7.91102519e-09), array(7.02079433e-07), array(4.43949836e-05), array(0.00156998)]), (array(1.65244962e-06), [array(5.86037697e-11), array(6.44179387e-09), array(5.90595443e-07), array(3.85660056e-05), array(0.00140755)]), (array(1.39885733e-06), [array(4.62748083e-11), array(5.25384239e-09), array(4.97405111e-07), array(3.35286854e-05), array(0.00126242)]), (array(1.18547282e-06), [array(3.66121512e-11), array(4.29171498e-09), array(4.19409969e-07), array(2.91719814e-05), array(0.00113271)]), (array(1.00571744e-06), [array(2.9023557e-11), array(3.51120411e-09), array(3.54052601e-07), array(2.54009103e-05), array(0.00101674)]), (array(8.54122072e-07), [array(2.30517851e-11), array(2.87700604e-09), array(2.99219391e-07), array(2.21341591e-05), array(0.00091301)]), (array(7.26134366e-07), [array(1.83430376e-11), array(2.36087715e-09), array(2.53161179e-07), array(1.93020583e-05), array(0.0008202)]), (array(6.17960516e-07), [array(1.46229644e-11), array(1.94018289e-09), array(2.14428549e-07), array(1.68448653e-05), array(0.00073711)]), (array(5.26435173e-07), [array(1.16783699e-11), array(1.59675273e-09), array(1.81818924e-07), array(1.47113084e-05), array(0.00066271)]), (array(4.48914214e-07), [array(9.34323469e-12), array(1.31597526e-09), array(1.54333266e-07), array(1.28573489e-05), array(0.00059606)]), (array(3.83186362e-07), [array(7.48800434e-12), array(1.08608068e-09), array(1.31140503e-07), array(1.12451236e-05), array(0.00053633)]), (array(3.2740036e-07), [array(6.01141066e-12), array(8.97577091e-10), array(1.11548882e-07), array(9.84208432e-06), array(0.00048278)]), (array(2.80004353e-07), [array(4.83407882e-12), array(7.42789599e-10), array(9.49811044e-08), array(8.62017036e-06), array(0.00043474)]), (array(2.39696275e-07), [array(3.89372821e-12), array(6.15509848e-10), array(8.09555663e-08), array(7.55522568e-06), array(0.00039165)]), (array(2.05382213e-07), [array(3.14137387e-12), array(5.1070486e-10), array(6.90696813e-08), array(6.62641391e-06), array(0.00035296)]), (array(1.76142721e-07), [array(2.53842046e-12), array(4.24288886e-10), array(5.89865902e-08), array(5.81575282e-06), array(0.00031823)]), (array(1.51203139e-07), [array(2.05440288e-12), array(3.52940194e-10), array(5.04241086e-08), array(5.10771144e-06), array(0.00028702)]), (array(1.29911059e-07), [array(1.66523024e-12), array(2.93954235e-10), array(4.31455874e-08), array(4.48886573e-06), array(0.00025898)]), (array(1.1171603e-07), [array(1.35181852e-12), array(2.45125794e-10), array(3.69523455e-08), array(3.94760393e-06), array(0.00023377)]), (array(9.61532249e-08), [array(1.0990236e-12), array(2.04654243e-10), array(3.16773954e-08), array(3.47387442e-06), array(0.00021109)]), (array(8.2829731e-08), [array(8.94807375e-13), array(1.71067259e-10), array(2.71802368e-08), array(3.05896965e-06), array(0.00019069)]), (array(7.14130881e-08), [array(7.29584599e-13), array(1.43159311e-10), array(2.33425298e-08), array(2.6953409e-06), array(0.00017233)]), (array(6.16217133e-08), [array(5.95710494e-13), array(1.19941975e-10), array(2.00644948e-08), array(2.37643926e-06), array(0.00015579)]), (array(5.32168786e-08), [array(4.87077524e-13), array(1.00603673e-10), array(1.72619026e-08), array(2.0965779e-06), array(0.0001409)]), (array(4.5996016e-08), [array(3.98800682e-13), array(8.44775571e-11), array(1.48636377e-08), array(1.85082111e-06), array(0.00012748)]), (array(3.97870376e-08), [array(3.2696255e-13), array(7.10142403e-11), array(1.28094836e-08), array(1.63487047e-06), array(0.00011538)]), (array(3.44436507e-08), [array(2.68420563e-13), array(5.97612328e-11), array(1.10485084e-08), array(1.44499104e-06), array(0.00010446)]), (array(2.98413586e-08), [array(2.20648168e-13), array(5.03450578e-11), array(9.53754117e-09), array(1.27793e-06), array(9.46197547e-05)]), (array(2.58741205e-08), [array(1.81611344e-13), array(4.24571344e-11), array(8.2399631e-09), array(1.13085343e-06), array(8.57348366e-05)]), (array(2.24515328e-08), [array(1.49670146e-13), array(3.58421846e-11), array(7.12468268e-09), array(1.00129062e-06), array(7.77129561e-05)]), (array(1.9496448e-08), [array(1.23500556e-13), array(3.0288799e-11), array(6.16528094e-09), array(8.87086567e-07), array(7.04675673e-05)]), (array(1.69430162e-08), [array(1.02031893e-13), array(2.56216482e-11), array(5.33928094e-09), array(7.86359497e-07), array(6.39210382e-05)]), (array(1.47348951e-08), [array(8.43972711e-14), array(2.16951882e-11), array(4.6275478e-09), array(6.97465841e-07), array(5.80037501e-05)]), (array(1.28239205e-08), [array(6.98937959e-14), array(1.83884532e-11), array(4.01377545e-09), array(6.18968953e-07), array(5.26532357e-05)]), (array(1.11688422e-08), [array(5.79507405e-14), array(1.5600786e-11), array(3.48405508e-09), array(5.49612122e-07), array(4.78134132e-05)])]",0.5146161761520865,1.286935965626689,7.049120666778565e-08,"Inference data with groups:
	> posterior
	> sample_stats
	> observed_data","Inference data with groups:
	> posterior_predictive
	> observed_data","Inference data with groups:
	> prior
	> prior_predictive
	> observed_data",<pyhf.pdf.Model object at 0x7f4f41a24580>
0.05,1.2287213602599112,1.0451663983925525,0.4769163213593969,0.6759416097565752,1.740214700139271,2.9454678575839592,1.2300371302506804e-07,1.13444706730634e-07,7.663243226249526e-08,9.123177154695663e-08,1.4638377198298656e-07,1.9044459927038338e-07,0.012313543092270217,"[0.0, 0.10101010101010101, 0.20202020202020202, 0.30303030303030304, 0.40404040404040403, 0.5050505050505051, 0.6060606060606061, 0.7070707070707071, 0.8080808080808081, 0.9090909090909091, 1.0101010101010102, 1.1111111111111112, 1.2121212121212122, 1.3131313131313131, 1.4141414141414141, 1.5151515151515151, 1.6161616161616161, 1.7171717171717171, 1.8181818181818181, 1.9191919191919191, 2.0202020202020203, 2.121212121212121, 2.2222222222222223, 2.323232323232323, 2.4242424242424243, 2.525252525252525, 2.6262626262626263, 2.727272727272727, 2.8282828282828283, 2.929292929292929, 3.0303030303030303, 3.131313131313131, 3.2323232323232323, 3.3333333333333335, 3.4343434343434343, 3.5353535353535355, 3.6363636363636362, 3.7373737373737375, 3.8383838383838382, 3.9393939393939394, 4.040404040404041, 4.141414141414141, 4.242424242424242, 4.343434343434343, 4.444444444444445, 4.545454545454545, 4.646464646464646, 4.747474747474747, 4.848484848484849, 4.94949494949495, 5.05050505050505, 5.151515151515151, 5.252525252525253, 5.353535353535354, 5.454545454545454, 5.555555555555555, 5.656565656565657, 5.757575757575758, 5.858585858585858, 5.959595959595959, 6.0606060606060606, 6.161616161616162, 6.262626262626262, 6.363636363636363, 6.4646464646464645, 6.565656565656566, 6.666666666666667, 6.767676767676767, 6.8686868686868685, 6.96969696969697, 7.070707070707071, 7.171717171717171, 7.2727272727272725, 7.373737373737374, 7.474747474747475, 7.575757575757575, 7.6767676767676765, 7.777777777777778, 7.878787878787879, 7.979797979797979, 8.080808080808081, 8.181818181818182, 8.282828282828282, 8.383838383838384, 8.484848484848484, 8.585858585858587, 8.686868686868687, 8.787878787878787, 8.88888888888889, 8.98989898989899, 9.09090909090909, 9.191919191919192, 9.292929292929292, 9.393939393939394, 9.494949494949495, 9.595959595959595, 9.696969696969697, 9.797979797979798, 9.8989898989899, 10.0]","[(array(1.), [array(1.), array(1.), array(1.), array(1.), array(1.)]), (array(0.86945379), [array(0.62800892), array(0.7384536), array(0.84985262), array(0.94043394), array(0.98736861)]), (array(0.77412856), [array(0.3864826), array(0.53375737), array(0.70822489), array(0.87272599), array(0.97006871)]), (array(0.66706436), [array(0.23436966), array(0.37911732), array(0.57990439), array(0.79916484), array(0.94753461)]), (array(0.56301775), [array(0.1408126), array(0.26571209), array(0.46772231), array(0.72251558), array(0.91955461)]), (array(0.46841824), [array(0.08424405), array(0.18451092), array(0.37261926), array(0.64559694), array(0.88632423)]), (array(0.38503575), [array(0.05040875), array(0.1274177), array(0.29403153), array(0.5709107), array(0.84841858)]), (array(0.31343253), [array(0.03027565), array(0.08778655), array(0.23040583), array(0.50039953), array(0.80669567)]), (array(0.25323455), [array(0.01829971), array(0.06049485), array(0.17969022), array(0.43535635), array(0.76216359)]), (array(0.20345899), [array(0.01115047), array(0.04177269), array(0.13971696), array(0.37646392), array(0.71585223)]), (array(0.16281336), [array(0.00685515), array(0.02893706), array(0.10844955), array(0.32391322), array(0.66871775)]), (array(0.12992345), [array(0.00425325), array(0.02012238), array(0.0841096), array(0.27754845), array(0.62159035)]), (array(0.10347894), [array(0.00266274), array(0.01405007), array(0.06521577), array(0.23699827), array(0.57515659)]), (array(0.08230997), [array(0.00168139), array(0.00985065), array(0.05057169), array(0.20177753), array(0.52996468)]), (array(0.06541486), [array(0.00107036), array(0.00693425), array(0.03922945), array(0.17135617), array(0.48643876)]), (array(0.05195859), [array(0.0006866), array(0.00490038), array(0.03044674), array(0.14520267), array(0.44489668)]), (array(0.04125703), [array(0.00044363), array(0.00347625), array(0.02364608), array(0.1228092), array(0.40556693)]), (array(0.03275578), [array(0.00028864), array(0.00247531), array(0.01837991), array(0.10370514), array(0.36860446)]), (array(0.02600878), [array(0.00018909), array(0.00176939), array(0.01430204), array(0.08746347), array(0.33410525)]), (array(0.02065868), [array(0.00012474), array(0.00126996), array(0.01114466), array(0.07370159), array(0.30211693)]), (array(0.01641923), [array(8.28532697e-05), array(0.00091531), array(0.00869845), array(0.06206928), array(0.2726198)]), (array(0.0130616), [array(5.54024973e-05), array(0.00066243), array(0.00680093), array(0.05225361), array(0.24554411)]), (array(0.01040178), [array(3.72888765e-05), array(0.00048138), array(0.0053271), array(0.04398248), array(0.22079321)]), (array(0.00829357), [array(2.52583224e-05), array(0.00035126), array(0.00418076), array(0.03702104), array(0.19825181)]), (array(0.00662142), [array(1.72171143e-05), array(0.00025736), array(0.00328782), array(0.03116742), array(0.17779152)]), (array(0.00529401), [array(1.18078007e-05), array(0.00018933), array(0.00259101), array(0.02624766), array(0.15927163)]), (array(0.00423922), [array(8.14599057e-06), array(0.00013984), array(0.00204617), array(0.02211367), array(0.14254787)]), (array(0.00340001), [array(5.65198876e-06), array(0.00010368), array(0.00161932), array(0.01864008), array(0.12747749)]), (array(0.00273136), [array(3.9433061e-06), array(7.71676779e-05), array(0.00128421), array(0.01572112), array(0.11392184)]), (array(0.00219783), [array(2.7659467e-06), array(5.76452984e-05), array(0.0010206), array(0.01326765), array(0.1017482)]), (array(0.00177146), [array(1.95018868e-06), array(4.32172707e-05), array(0.00081279), array(0.01120477), array(0.09083094)]), (array(0.0014302), [array(1.38193379e-06), array(3.25145254e-05), array(0.00064864), array(0.00946955), array(0.08105233)]), (array(0.00115662), [array(9.84027584e-07), array(2.45463421e-05), array(0.0005187), array(0.00800923), array(0.07230287)]), (array(0.00093694), [array(7.03997531e-07), array(1.85929682e-05), array(0.00041564), array(0.00677954), array(0.06448142)]), (array(0.00076025), [array(5.059595e-07), array(1.41295132e-05), array(0.00033372), array(0.00574341), array(0.05749504)]), (array(0.00061791), [array(3.65242092e-07), array(1.07717712e-05), array(0.00026848), array(0.00486978), array(0.05125874)]), (array(0.00050306), [array(2.64794378e-07), array(8.23748238e-06), array(0.00021641), array(0.00413263), array(0.04569515)]), (array(0.00041022), [array(1.92772193e-07), array(6.31853288e-06), array(0.00017478), array(0.00351017), array(0.04073406)]), (array(0.00033507), [array(1.40907747e-07), array(4.86094006e-06), array(0.00014143), array(0.00298414), array(0.03631193)]), (array(0.00027412), [array(1.03402154e-07), array(3.75038101e-06), array(0.00011465), array(0.00253924), array(0.03237144)]), (array(0.00022462), [array(7.6169322e-08), array(2.90169312e-06), array(9.31157819e-05), array(0.00216265), array(0.028861)]), (array(0.00018435), [array(5.63170674e-08), array(2.2512275e-06), array(7.57622458e-05), array(0.0018436), array(0.02573425)]), (array(0.00015153), [array(4.17892645e-08), array(1.75126021e-06), array(6.17525425e-05), array(0.00157307), array(0.0229496)]), (array(0.00012475), [array(3.11179933e-08), array(1.36589734e-06), array(5.04216004e-05), array(0.00134347), array(0.0204698)]), (array(0.00010286), [array(2.32508945e-08), array(1.06805851e-06), array(4.12406543e-05), array(0.00114845), array(0.01826155)]), (array(8.49326919e-05), [array(1.74304862e-08), array(8.37251325e-07), array(3.37885026e-05), array(0.00098264), array(0.01629508)]), (array(7.02367954e-05), [array(1.31094282e-08), array(6.57924385e-07), array(2.77290311e-05), array(0.00084155), array(0.01454384)]), (array(5.81685964e-05), [array(9.8906771e-09), array(5.18240489e-07), array(2.27934708e-05), array(0.00072137), array(0.01298414)]), (array(4.82433769e-05), [array(7.4851683e-09), array(4.09165257e-07), array(1.87665409e-05), array(0.00061892), array(0.01159487)]), (array(4.00685082e-05), [array(5.68168236e-09), array(3.23784294e-07), array(1.54754813e-05), array(0.0005315), array(0.01035723)]), (array(3.33254636e-05), [array(4.32533709e-09), array(2.56791516e-07), array(1.27814048e-05), array(0.00045685), array(0.00925448)]), (array(2.77554317e-05), [array(3.30217241e-09), array(2.04104458e-07), array(1.0572462e-05), array(0.00039303), array(0.00827173)]), (array(2.31478048e-05), [array(2.52805486e-09), array(1.62573918e-07), array(8.75841581e-06), array(0.00033843), array(0.00739573)]), (array(1.93309524e-05), [array(1.94066942e-09), array(1.29764576e-07), array(7.2663428e-06), array(0.00029167), array(0.00661472)]), (array(1.61647626e-05), [array(1.49371359e-09), array(1.0378851e-07), array(6.03721065e-06), array(0.00025159), array(0.00591821)]), (array(1.35347286e-05), [array(1.15267577e-09), array(8.31786306e-08), array(5.02315209e-06), array(0.00021721), array(0.00529689)]), (array(1.13471325e-05), [array(8.91754704e-10), array(6.67922014e-08), array(4.18528997e-06), array(0.00018769), array(0.00474249)]), (array(9.52512147e-06), [array(6.91603788e-10), array(5.37370685e-08), array(3.49199749e-06), array(0.00016232), array(0.00424767)]), (array(8.0056139e-06), [array(5.37674045e-10), array(4.33151241e-08), array(2.91750423e-06), array(0.0001405), array(0.00380588)]), (array(6.73675209e-06), [array(4.18993785e-10), array(3.49789163e-08), array(2.44078012e-06), array(0.00012171), array(0.00341131)]), (array(5.6758432e-06), [array(3.27265767e-10), array(2.82981812e-08), array(2.04463558e-06), array(0.00010553), array(0.00305881)]), (array(4.7876946e-06), [array(2.56198493e-10), array(2.29340523e-08), array(1.71499959e-06), array(9.15680803e-05), array(0.00274377)]), (array(4.04325496e-06), [array(2.01008658e-10), array(1.86190849e-08), array(1.44033636e-06), array(7.95209186e-05), array(0.00246214)]), (array(3.41851101e-06), [array(1.58050231e-10), array(1.51417755e-08), array(1.21117483e-06), array(6.9114529e-05), array(0.00221027)]), (array(2.89358811e-06), [array(1.24536927e-10), array(1.23345171e-08), array(1.0197273e-06), array(6.01179785e-05), array(0.00198493)]), (array(2.45201511e-06), [array(9.83343074e-11), array(1.00642376e-08), array(8.59581675e-07), array(5.23338762e-05), array(0.00178327)]), (array(2.08012387e-06), [array(7.780324e-11), array(8.22507427e-09), array(7.25450683e-07), array(4.5593337e-05), array(0.00160273)]), (array(1.7665583e-06), [array(6.16819784e-11), array(6.73265147e-09), array(6.12968491e-07), array(3.97517439e-05), array(0.00144104)]), (array(1.50187128e-06), [array(4.89970573e-11), array(5.51959892e-09), array(5.18525546e-07), array(3.46851734e-05), array(0.00129617)]), (array(1.27819393e-06), [array(3.89956513e-11), array(4.53202045e-09), array(4.3913308e-07), array(3.02873208e-05), array(0.00116633)]), (array(1.08896407e-06), [array(3.10943017e-11), array(3.72672566e-09), array(3.72313352e-07), array(2.64669342e-05), array(0.00104991)]), (array(9.28702594e-07), [array(2.48398149e-11), array(3.0690419e-09), array(3.16009529e-07), array(2.31456154e-05), array(0.00094548)]), (array(7.92829792e-07), [array(1.98794219e-11), array(2.53108632e-09), array(2.68511977e-07), array(2.0255953e-05), array(0.00085179)]), (array(6.77512351e-07), [array(1.59379471e-11), array(2.09039843e-09), array(2.28397868e-07), array(1.77399367e-05), array(0.00076768)]), (array(5.79538662e-07), [array(1.2800297e-11), array(1.72885535e-09), array(1.94481567e-07), array(1.55476044e-05), array(0.00069215)]), (array(4.9621473e-07), [array(1.0298003e-11), array(1.43181051e-09), array(1.65773907e-07), array(1.36358932e-05), array(0.0006243)]), (array(4.25278226e-07), [array(8.2988509e-12), array(1.18740769e-09), array(1.41448618e-07), array(1.19676561e-05), array(0.00056332)]), (array(3.64827215e-07), [array(6.69887382e-12), array(9.86033855e-10), array(1.20814637e-07), array(1.05108214e-05), array(0.0005085)]), (array(3.13261042e-07), [array(5.41616539e-12), array(8.19883331e-10), array(1.03293371e-07), array(9.2376823e-06), array(0.00045919)]), (array(2.69231002e-07), [array(4.38607387e-12), array(6.82607853e-10), array(8.83997785e-08), array(8.12428052e-06), array(0.00041483)]), (array(2.31599693e-07), [array(3.55747357e-12), array(5.69036776e-10), array(7.57267878e-08), array(7.14988386e-06), array(0.0003749)]), (array(1.99406765e-07), [array(2.88986549e-12), array(4.74952953e-10), array(6.49324395e-08), array(6.29654292e-06), array(0.00033895)]), (array(1.71840546e-07), [array(2.35110674e-12), array(3.96911273e-10), array(5.572908e-08), array(5.54870023e-06), array(0.00030656)]), (array(1.48214312e-07), [array(1.91564374e-12), array(3.32093587e-10), array(4.78745045e-08), array(4.89286397e-06), array(0.00027737)]), (array(1.27946483e-07), [array(1.56312533e-12), array(2.78191206e-10), array(4.11645362e-08), array(4.31732339e-06), array(0.00025106)]), (array(1.10544014e-07), [array(1.2773182e-12), array(2.33310496e-10), array(3.54269105e-08), array(3.81190957e-06), array(0.00022733)]), (array(9.55886283e-08), [array(1.04525049e-12), array(1.95895896e-10), array(3.05161042e-08), array(3.36778337e-06), array(0.00020593)]), (array(8.27249642e-08), [array(8.56539989e-13), array(1.64667912e-10), array(2.63090642e-08), array(2.97725668e-06), array(0.00018661)]), (array(7.1650865e-08), [array(7.02863758e-13), array(1.3857273e-10), array(2.27016313e-08), array(2.63363774e-06), array(0.00016916)]), (array(6.21092581e-08), [array(5.77539114e-13), array(1.16741287e-10), array(1.96055508e-08), array(2.33109797e-06), array(0.00015341)]), (array(5.3881147e-08), [array(4.75192021e-13), array(9.84559593e-11), array(1.69459689e-08), array(2.06455703e-06), array(0.00013917)]), (array(4.67798173e-08), [array(3.91494127e-13), array(8.3123416e-11), array(1.46593342e-08), array(1.82958352e-06), array(0.0001263)]), (array(4.06459356e-08), [array(3.22954318e-13), array(7.02525331e-11), array(1.2691646e-08), array(1.62231026e-06), array(0.00011466)]), (array(3.53434072e-08), [array(2.66752183e-13), array(5.94362146e-11), array(1.09969641e-08), array(1.43935893e-06), array(0.00010414)]), (array(3.07558866e-08), [array(2.20606108e-13), array(5.03366602e-11), array(9.53617626e-09), array(1.27777715e-06), array(9.46106323e-05)]), (array(2.67838233e-08), [array(1.82667614e-13), array(4.26732229e-11), array(8.27595037e-09), array(1.1349828e-06), array(8.59873563e-05)]), (array(2.33419635e-08), [array(1.51437016e-13), array(3.62124659e-11), array(7.18785393e-09), array(1.0087161e-06), array(7.81781213e-05)]), (array(2.03572346e-08), [array(1.25695927e-13), array(3.0760001e-11), array(6.2476126e-09), array(8.96998173e-07), array(7.11034825e-05)]), (array(1.77669515e-08), [array(1.0445312e-13), array(2.61537689e-11), array(5.43448284e-09), array(7.98094913e-07), array(6.46919941e-05)]), (array(1.55172932e-08), [array(8.69010836e-14), array(2.22585109e-11), array(4.7307226e-09), array(7.10485739e-07), array(5.88793787e-05)])]",0.525416467934863,1.2766881904715097,1.2538163760600439e-07,"Inference data with groups:
	> posterior
	> sample_stats
	> observed_data","Inference data with groups:
	> posterior_predictive
	> observed_data","Inference data with groups:
	> prior
	> prior_predictive
	> observed_data",<pyhf.pdf.Model object at 0x7f4f48d55a00>
0.06,1.2396610488358106,1.0648278048514421,0.4844377774706911,0.6871683742569371,1.7741499065800228,3.0050045392482545,2.2586454982710626e-07,2.0933231968781958e-07,1.4119379003856712e-07,1.681621209961955e-07,2.7020398572868786e-07,3.516569141408574e-07,0.041152212466875795,"[0.0, 0.10101010101010101, 0.20202020202020202, 0.30303030303030304, 0.40404040404040403, 0.5050505050505051, 0.6060606060606061, 0.7070707070707071, 0.8080808080808081, 0.9090909090909091, 1.0101010101010102, 1.1111111111111112, 1.2121212121212122, 1.3131313131313131, 1.4141414141414141, 1.5151515151515151, 1.6161616161616161, 1.7171717171717171, 1.8181818181818181, 1.9191919191919191, 2.0202020202020203, 2.121212121212121, 2.2222222222222223, 2.323232323232323, 2.4242424242424243, 2.525252525252525, 2.6262626262626263, 2.727272727272727, 2.8282828282828283, 2.929292929292929, 3.0303030303030303, 3.131313131313131, 3.2323232323232323, 3.3333333333333335, 3.4343434343434343, 3.5353535353535355, 3.6363636363636362, 3.7373737373737375, 3.8383838383838382, 3.9393939393939394, 4.040404040404041, 4.141414141414141, 4.242424242424242, 4.343434343434343, 4.444444444444445, 4.545454545454545, 4.646464646464646, 4.747474747474747, 4.848484848484849, 4.94949494949495, 5.05050505050505, 5.151515151515151, 5.252525252525253, 5.353535353535354, 5.454545454545454, 5.555555555555555, 5.656565656565657, 5.757575757575758, 5.858585858585858, 5.959595959595959, 6.0606060606060606, 6.161616161616162, 6.262626262626262, 6.363636363636363, 6.4646464646464645, 6.565656565656566, 6.666666666666667, 6.767676767676767, 6.8686868686868685, 6.96969696969697, 7.070707070707071, 7.171717171717171, 7.2727272727272725, 7.373737373737374, 7.474747474747475, 7.575757575757575, 7.6767676767676765, 7.777777777777778, 7.878787878787879, 7.979797979797979, 8.080808080808081, 8.181818181818182, 8.282828282828282, 8.383838383838384, 8.484848484848484, 8.585858585858587, 8.686868686868687, 8.787878787878787, 8.88888888888889, 8.98989898989899, 9.09090909090909, 9.191919191919192, 9.292929292929292, 9.393939393939394, 9.494949494949495, 9.595959595959595, 9.696969696969697, 9.797979797979798, 9.8989898989899, 10.0]","[(array(1.), [array(1.), array(1.), array(1.), array(1.), array(1.)]), (array(0.87142776), [array(0.63333339), array(0.7425816), array(0.85245795), array(0.94156687), array(0.98763117)]), (array(0.77572531), [array(0.39330469), array(0.54011086), array(0.71304181), array(0.87524219), array(0.97076919)]), (array(0.66565597), [array(0.24076193), array(0.38622904), array(0.58634546), array(0.80318424), array(0.94887135)]), (array(0.56236794), [array(0.14603714), array(0.27261086), array(0.47513817), array(0.72800812), array(0.92172266)]), (array(0.46865937), [array(0.08819674), array(0.19066153), array(0.38041059), array(0.65239727), array(0.88948748)]), (array(0.38610229), [array(0.05325921), array(0.13260544), array(0.30171772), array(0.57875712), array(0.85268752)]), (array(0.31515031), [array(0.03226984), array(0.09199923), array(0.23765056), array(0.50898404), array(0.81211691)]), (array(0.25539407), [array(0.01966915), array(0.06382763), array(0.18629331), array(0.44437039), array(0.76872179)]), (array(0.20586319), [array(0.01208102), array(0.04436309), array(0.14558741), array(0.38563057), array(0.72348083)]), (array(0.16530124), [array(0.00748431), array(0.030927), array(0.11357339), array(0.33300372), array(0.67731338)]), (array(0.13237623), [array(0.00467805), array(0.02163953), array(0.08852077), array(0.28638571), array(0.63102617)]), (array(0.10581642), [array(0.00294982), array(0.01520131), array(0.06897426), array(0.24545309), array(0.58529328)]), (array(0.08448305), [array(0.00187582), array(0.01072169), array(0.05374856), array(0.2097612), array(0.54065788)]), (array(0.06739755), [array(0.00120242), array(0.00759216), array(0.04189773), array(0.17881276), array(0.49754467)]), (array(0.0537412), [array(0.00077659), array(0.0053968), array(0.03267621), array(0.15210182), array(0.45627545)]), (array(0.04284082), [array(0.00050515), array(0.00385062), array(0.02550073), array(0.12914021), array(0.41708535)]), (array(0.03414904), [array(0.00033083), array(0.00275754), array(0.01991678), array(0.10947189), array(0.3801373)]), (array(0.02722396), [array(0.00021811), array(0.00198209), array(0.01557103), array(0.09268026), array(0.34553558)]), (array(0.02171053), [array(0.00014476), array(0.00143025), array(0.01218909), array(0.07839088), array(0.31333845)]), (array(0.01732374), [array(9.67282297e-05), array(0.00103623), array(0.00955644), array(0.06626405), array(0.28355058)]), (array(0.01383506), [array(6.50557488e-05), array(0.00075378), array(0.00750481), array(0.05599053), array(0.25611835)]), (array(0.01106052), [array(4.40331778e-05), array(0.00055051), array(0.00590395), array(0.0472994), array(0.23095862)]), (array(0.00885272), [array(2.99898584e-05), array(0.00040365), array(0.00465314), array(0.03995558), array(0.20796837)]), (array(0.00709468), [array(2.05505794e-05), array(0.00029715), array(0.00367446), array(0.03375635), array(0.18703126)]), (array(0.00569363), [array(1.41668092e-05), array(0.00021962), array(0.00290748), array(0.02852673), array(0.16801942)]), (array(0.00457602), [array(9.82280549e-06), array(0.00016294), array(0.00230528), array(0.02411626), array(0.15079738)]), (array(0.0036835), [array(6.84909666e-06), array(0.00012135), array(0.00183154), array(0.02039698), array(0.13522963)]), (array(0.00296975), [array(4.80160861e-06), array(9.07083983e-05), array(0.00145813), array(0.01726043), array(0.12118341)]), (array(0.00239816), [array(3.3839225e-06), array(6.80499639e-05), array(0.00116322), array(0.01461484), array(0.10853069)]), (array(0.00193972), [array(2.39696344e-06), array(5.12316884e-05), array(0.00092984), array(0.01238273), array(0.09714953)]), (array(0.00157149), [array(1.70623992e-06), array(3.87028524e-05), array(0.00074478), array(0.01049876), array(0.08692495)]), (array(0.00127524), [array(1.22036437e-06), array(2.93362402e-05), array(0.00059774), array(0.00890792), array(0.07774943)]), (array(0.00103653), [array(8.76891174e-07), array(2.2309386e-05), array(0.00048068), array(0.0075639), array(0.06952314)]), (array(0.00084388), [array(6.32917307e-07), array(1.70199177e-05), array(0.0003873), array(0.00642773), array(0.0621539)]), (array(0.00068816), [array(4.588118e-07), array(1.30250702e-05), array(0.00031266), array(0.00546666), array(0.05555707)]), (array(0.00056208), [array(3.34004394e-07), array(9.99821338e-06), array(0.00025288), array(0.00465316), array(0.0496552)]), (array(0.00045983), [array(2.4414385e-07), array(7.69754571e-06), array(0.00020492), array(0.00396408), array(0.04437777)]), (array(0.00037678), [array(1.79169377e-07), array(5.94344883e-06), array(0.00016636), array(0.00337995), array(0.03966067)]), (array(0.00030922), [array(1.31994748e-07), array(4.60204502e-06), array(0.00013531), array(0.0028844), array(0.03544588)]), (array(0.00025417), [array(9.76061242e-08), array(3.57322212e-06), array(0.00011024), array(0.00246367), array(0.03168093)]), (array(0.00020924), [array(7.24401626e-08), array(2.78187364e-06), array(8.9981725e-05), array(0.00210617), array(0.02831852)]), (array(0.00017252), [array(5.39535734e-08), array(2.1714786e-06), array(7.35716753e-05), array(0.00180214), array(0.02531609)]), (array(0.00014245), [array(4.03234502e-08), array(1.69936951e-06), array(6.02571271e-05), array(0.00154338), array(0.02263538)]), (array(0.0001178), [array(3.02379091e-08), array(1.33324023e-06), array(4.94351105e-05), array(0.00132294), array(0.02024206)]), (array(9.75604514e-05), [array(2.27490875e-08), array(1.04855777e-06), array(4.06237381e-05), array(0.001135), array(0.01810534)]), (array(8.0913852e-05), [array(1.71694798e-08), array(8.26637839e-07), array(3.34371642e-05), array(0.00097463), array(0.01619767)]), (array(6.7203512e-05), [array(1.29985916e-08), array(6.53212141e-07), array(2.75659389e-05), array(0.00083766), array(0.01449441)]), (array(5.58949335e-05), [array(9.87068322e-09), array(5.17352437e-07), array(2.27613608e-05), array(0.00072057), array(0.01297352)]), (array(4.65538565e-05), [array(7.51756225e-09), array(4.10667261e-07), array(1.88232351e-05), array(0.0006204), array(0.01161531)]), (array(3.88269599e-05), [array(5.74188351e-09), array(3.26696082e-07), array(1.55901316e-05), array(0.00053462), array(0.0104022)]), (array(3.24262431e-05), [array(4.39793556e-09), array(2.60451867e-07), array(1.29316425e-05), array(0.0004611), array(0.00931851)]), (array(2.71167218e-05), [array(3.37777999e-09), array(2.08075493e-07), array(1.07422485e-05), array(0.00039803), array(0.00835025)]), (array(2.2706316e-05), [array(2.60120013e-09), array(1.66573183e-07), array(8.93642212e-06), array(0.00034389), array(0.00748495)]), (array(1.90378033e-05), [array(2.00839465e-09), array(1.33616893e-07), array(7.4447264e-06), array(0.00029736), array(0.00671149)]), (array(1.59823073e-05), [array(1.55464457e-09), array(1.07391954e-07), array(6.21069458e-06), array(0.00025735), array(0.00601994)]), (array(1.34340367e-05), [array(1.20640975e-09), array(8.64806224e-08), array(5.188335e-06), array(0.0002229), array(0.00540147)]), (array(1.13060273e-05), [array(9.3846042e-10), array(6.9772718e-08), array(4.34012729e-06), array(0.00019323), array(0.00484822)]), (array(9.52669222e-06), [array(7.31764139e-10), array(5.63969877e-08), array(3.63541508e-06), array(0.00016765), array(0.00435315)]), (array(8.03702115e-06), [array(5.71923143e-10), array(4.56681772e-08), array(3.04911088e-06), array(0.00014557), array(0.00391003)]), (array(6.78830534e-06), [array(4.48016373e-10), array(3.70461978e-08), array(2.5606547e-06), array(0.0001265), array(0.00351329)]), (array(5.74028462e-06), [array(3.51737492e-10), array(3.01044604e-08), array(2.15317055e-06), array(0.00011002), array(0.00315795)]), (array(4.85963675e-06), [array(2.76752555e-10), array(2.4505345e-08), array(1.8127867e-06), array(9.5761107e-05), array(0.00283959)]), (array(4.11875143e-06), [array(2.1821928e-10), array(1.99811055e-08), array(1.52808418e-06), array(8.34159513e-05), array(0.00255428)]), (array(3.49471285e-06), [array(1.7242653e-10), array(1.63189915e-08), array(1.28964984e-06), array(7.27188984e-05), array(0.00229849)]), (array(2.96848338e-06), [array(1.36523093e-10), array(1.33496229e-08), array(1.08971296e-06), array(6.34425076e-05), array(0.0020691)]), (array(2.52422514e-06), [array(1.08313178e-10), array(1.09378923e-08), array(9.21849766e-07), array(5.5391719e-05), array(0.0018633)]), (array(2.14874677e-06), [array(8.61018702e-11), array(8.97583713e-09), array(7.80743288e-07), array(4.83991312e-05), array(0.00167861)]), (array(1.83104697e-06), [array(6.85777358e-11), array(7.37701631e-09), array(6.61985885e-07), array(4.2320919e-05), array(0.0015128)]), (array(1.56194012e-06), [array(5.47238688e-11), array(6.07210437e-09), array(5.61919517e-07), array(3.70334431e-05), array(0.00136389)]), (array(1.33374747e-06), [array(4.37499797e-11), array(5.00540228e-09), array(4.77504141e-07), array(3.24303219e-05), array(0.00123011)]), (array(1.14004209e-06), [array(3.50405667e-11), array(4.1320818e-09), array(4.06210074e-07), array(2.84199497e-05), array(0.00110988)]), (array(9.75439493e-07), [array(2.81152476e-11), array(3.41600306e-09), array(3.45929705e-07), array(2.49233834e-05), array(0.00100178)]), (array(8.3542211e-07), [array(2.25982971e-11), array(2.82797993e-09), array(2.94904698e-07), array(2.18725279e-05), array(0.00090456)]), (array(7.16195831e-07), [array(1.81952723e-11), array(2.34440603e-09), array(2.51666547e-07), array(1.92086118e-05), array(0.00081708)]), (array(6.14571109e-07), [array(1.46749543e-11), array(1.94615597e-09), array(2.14987197e-07), array(1.68808647e-05), array(0.00073835)]), (array(5.27863243e-07), [array(1.18554224e-11), array(1.6177109e-09), array(1.83838522e-07), array(1.48453977e-05), array(0.00066746)]), (array(4.53810029e-07), [array(9.59326539e-12), array(1.34645866e-09), array(1.57358748e-07), array(1.30642407e-05), array(0.0006036)]), (array(3.90503233e-07), [array(7.77521681e-12), array(1.12213382e-09), array(1.34824713e-07), array(1.15045199e-05), array(0.00054606)]), (array(3.36331593e-07), [array(6.31165093e-12), array(9.36368245e-10), array(1.15628866e-07), array(1.01377514e-05), array(0.00049419)]), (array(2.89933149e-07), [array(5.13151953e-12), array(7.82330421e-10), array(9.92602178e-08), array(8.93923693e-06), array(0.00044742)]), (array(2.50155509e-07), [array(4.17839996e-12), array(6.54435153e-10), array(8.52885133e-08), array(7.88754458e-06), array(0.00040523)]), (array(2.16022583e-07), [array(3.40740535e-12), array(5.48109633e-10), array(7.3351081e-08), array(6.96406319e-06), array(0.00036716)]), (array(1.86706795e-07), [array(2.78276332e-12), array(4.59604523e-10), array(6.31418705e-08), array(6.15261794e-06), array(0.00033278)]), (array(1.61505791e-07), [array(2.27592044e-12), array(3.85841939e-10), array(5.44024021e-08), array(5.43914647e-06), array(0.00030174)]), (array(1.39822883e-07), [array(1.86404206e-12), array(3.24290991e-10), array(4.69140529e-08), array(4.81140679e-06), array(0.00027369)]), (array(1.21150688e-07), [array(1.52884047e-12), array(2.72868305e-10), array(4.04917839e-08), array(4.25873934e-06), array(0.00024834)]), (array(1.05057327e-07), [array(1.25564356e-12), array(2.29856283e-10), array(3.49787774e-08), array(3.77185221e-06), array(0.00022543)]), (array(9.11748277e-08), [array(1.03266357e-12), array(1.93837395e-10), array(3.02420456e-08), array(3.34264408e-06), array(0.0002047)]), (array(7.91894944e-08), [array(8.50413727e-13), array(1.6364002e-10), array(2.61686666e-08), array(2.96404405e-06), array(0.00018594)]), (array(6.88334877e-08), [array(7.01247736e-13), array(1.38294626e-10), array(2.26626706e-08), array(2.62987708e-06), array(0.00016897)]), (array(5.98779669e-08), [array(5.78993375e-13), array(1.16997913e-10), array(1.96424162e-08), array(2.33474681e-06), array(0.0001536)]), (array(5.21273084e-08), [array(4.78660898e-13), array(9.90834937e-11), array(1.70383848e-08), array(2.07393422e-06), array(0.00013968)]), (array(4.54140684e-08), [array(3.9621059e-13), array(8.39978965e-11), array(1.47913252e-08), array(1.8433099e-06), array(0.00012706)]), (array(3.95948147e-08), [array(3.28367098e-13), array(7.12808712e-11), array(1.28506881e-08), array(1.63925776e-06), array(0.00011563)]), (array(3.45465794e-08), [array(2.72471271e-13), array(6.05492854e-11), array(1.11733158e-08), array(1.45860995e-06), array(0.00010526)]), (array(3.0163846e-08), [array(2.26360875e-13), array(5.14837695e-11), array(9.72231756e-09), array(1.2985884e-06), array(9.58506613e-05)]), (array(2.63559983e-08), [array(1.88275538e-13), array(4.38178464e-11), array(8.46613889e-09), array(1.15675606e-06), array(8.73157941e-05)]), (array(2.30451508e-08), [array(1.56780041e-13), array(3.73289066e-11), array(7.37776286e-09), array(1.03097342e-06), array(7.95683265e-05)]), (array(2.01643058e-08), [array(1.30702738e-13), array(3.18307896e-11), array(6.43403913e-09), array(9.19361149e-07), array(7.25331341e-05)])]",0.5323048166786135,1.300866718905811,2.3137316959297489e-07,"Inference data with groups:
	> posterior
	> sample_stats
	> observed_data","Inference data with groups:
	> posterior_predictive
	> observed_data","Inference data with groups:
	> prior
	> prior_predictive
	> observed_data",<pyhf.pdf.Model object at 0x7f4f440c7160>
0.07,1.2975454164142246,1.0843866839698408,0.4909903510049928,0.697448399645357,1.8126513994776847,3.0883761111811583,4.395919552575806e-07,4.01865329985445e-07,2.7041135900420653e-07,3.222882654815596e-07,5.195718310106076e-07,6.781933770712569e-07,0.14892818754753553,"[0.0, 0.10101010101010101, 0.20202020202020202, 0.30303030303030304, 0.40404040404040403, 0.5050505050505051, 0.6060606060606061, 0.7070707070707071, 0.8080808080808081, 0.9090909090909091, 1.0101010101010102, 1.1111111111111112, 1.2121212121212122, 1.3131313131313131, 1.4141414141414141, 1.5151515151515151, 1.6161616161616161, 1.7171717171717171, 1.8181818181818181, 1.9191919191919191, 2.0202020202020203, 2.121212121212121, 2.2222222222222223, 2.323232323232323, 2.4242424242424243, 2.525252525252525, 2.6262626262626263, 2.727272727272727, 2.8282828282828283, 2.929292929292929, 3.0303030303030303, 3.131313131313131, 3.2323232323232323, 3.3333333333333335, 3.4343434343434343, 3.5353535353535355, 3.6363636363636362, 3.7373737373737375, 3.8383838383838382, 3.9393939393939394, 4.040404040404041, 4.141414141414141, 4.242424242424242, 4.343434343434343, 4.444444444444445, 4.545454545454545, 4.646464646464646, 4.747474747474747, 4.848484848484849, 4.94949494949495, 5.05050505050505, 5.151515151515151, 5.252525252525253, 5.353535353535354, 5.454545454545454, 5.555555555555555, 5.656565656565657, 5.757575757575758, 5.858585858585858, 5.959595959595959, 6.0606060606060606, 6.161616161616162, 6.262626262626262, 6.363636363636363, 6.4646464646464645, 6.565656565656566, 6.666666666666667, 6.767676767676767, 6.8686868686868685, 6.96969696969697, 7.070707070707071, 7.171717171717171, 7.2727272727272725, 7.373737373737374, 7.474747474747475, 7.575757575757575, 7.6767676767676765, 7.777777777777778, 7.878787878787879, 7.979797979797979, 8.080808080808081, 8.181818181818182, 8.282828282828282, 8.383838383838384, 8.484848484848484, 8.585858585858587, 8.686868686868687, 8.787878787878787, 8.88888888888889, 8.98989898989899, 9.09090909090909, 9.191919191919192, 9.292929292929292, 9.393939393939394, 9.494949494949495, 9.595959595959595, 9.696969696969697, 9.797979797979798, 9.8989898989899, 10.0]","[(array(1.), [array(1.), array(1.), array(1.), array(1.), array(1.)]), (array(0.87302063), [array(0.63763803), array(0.74590896), array(0.8545517), array(0.94247462), array(0.98784091)]), (array(0.77941665), [array(0.39896133), array(0.54534809), array(0.71698917), array(0.87729208), array(0.97133652)]), (array(0.68416393), [array(0.24622271), array(0.39225235), array(0.59175397), array(0.80653035), array(0.94997462)]), (array(0.58403448), [array(0.15064986), array(0.27863407), array(0.48154087), array(0.73269755), array(0.92355311)]), (array(0.49194818), [array(0.09180972), array(0.19620783), array(0.38734179), array(0.65836536), array(0.89222619)]), (array(0.40970509), [array(0.05595832), array(0.13744098), array(0.30877016), array(0.58584404), array(0.85648296)]), (array(0.33806041), [array(0.03422549), array(0.0960578), array(0.24450744), array(0.51696596), array(0.81706887)]), (array(0.27691731), [array(0.02105878), array(0.06714399), array(0.19273643), array(0.45299543), array(0.77487522)]), (array(0.22558476), [array(0.01305696), array(0.04702266), array(0.15148779), array(0.39465003), array(0.73082892)]), (array(0.1830296), [array(0.00816542), array(0.0330326), array(0.11887263), array(0.34219314), array(0.68580633)]), (array(0.14808106), [array(0.00515219), array(0.0232922), array(0.09321053), array(0.29555541), array(0.6405818)]), (array(0.11957312), [array(0.00327982), array(0.01649106), array(0.07307806), array(0.25445026), array(0.59580632)]), (array(0.09642883), [array(0.0021058), array(0.01172445), array(0.05730812), array(0.21846759), array(0.55200762)]), (array(0.07770003), [array(0.00136304), array(0.00836987), array(0.04496352), array(0.18714028), array(0.50960054)]), (array(0.06257774), [array(0.00088904), array(0.00599896), array(0.03530136), array(0.1599877), array(0.46890128)]), (array(0.05038587), [array(0.00058409), array(0.00431629), array(0.02773736), array(0.13654242), array(0.43014244)]), (array(0.04056672), [array(0.00038638), array(0.00311732), array(0.02181393), array(0.11636508), array(0.39348662)]), (array(0.03266455), [array(0.0002573), array(0.00225982), array(0.01717357), array(0.09905209), array(0.35903901)]), (array(0.02630894), [array(0.00017246), array(0.00164441), array(0.01353725), array(0.0842388), array(0.32685881)]), (array(0.0211999), [array(0.00011636), array(0.00120135), array(0.01068707), array(0.07159882), array(0.29696721)]), (array(0.01709438), [array(7.90195646e-05), array(0.00088118), array(0.00845107), array(0.06083395), array(0.26933212)]), (array(0.01379625), [array(5.39991154e-05), array(0.00064888), array(0.00669456), array(0.0516779), array(0.24388357)]), (array(0.01114627), [array(3.71268643e-05), array(0.00047969), array(0.00531275), array(0.0438985), array(0.22053137)]), (array(0.00901572), [array(2.56789227e-05), array(0.00035599), array(0.0042241), array(0.0372945), array(0.19917144)]), (array(0.00730152), [array(1.78650249e-05), array(0.00026521), array(0.00336512), array(0.03169226), array(0.17969076)]), (array(0.00592111), [array(1.24998182e-05), array(0.00019833), array(0.00268619), array(0.0269416), array(0.16196798)]), (array(0.00480843), [array(8.79418241e-06), array(0.00014887), array(0.00214854), array(0.02291344), array(0.14587785)]), (array(0.00391059), [array(6.22013649e-06), array(0.00011215), array(0.00172195), array(0.01949768), array(0.13129656)]), (array(0.00318517), [array(4.42222858e-06), array(8.47839928e-05), array(0.00138282), array(0.01660073), array(0.11810376)]), (array(0.00259825), [array(3.15970514e-06), array(6.43189013e-05), array(0.00111268), array(0.01414309), array(0.10618403)]), (array(0.00212273), [array(2.268539e-06), array(4.89581597e-05), array(0.00089707), array(0.01205737), array(0.09542776)]), (array(0.00173689), [array(1.63634009e-06), array(3.73883848e-05), array(0.00072465), array(0.01028652), array(0.08573185)]), (array(0.00142337), [array(1.18567234e-06), array(2.86442681e-05), array(0.0005865), array(0.00878222), array(0.07699994)]), (array(0.00116823), [array(8.62896868e-07), array(2.20137279e-05), array(0.00047559), array(0.00750364), array(0.0691426)]), (array(0.00096029), [array(6.30663404e-07), array(1.69695473e-05), array(0.00038638), array(0.00641624), array(0.06207717)]), (array(0.00079057), [array(4.62834036e-07), array(1.31200342e-05), array(0.00031448), array(0.00549083), array(0.05572765)]), (array(0.00065182), [array(3.41026982e-07), array(1.01731631e-05), array(0.00025643), array(0.00470274), array(0.0500244)]), (array(0.00053823), [array(2.52253274e-07), array(7.91047088e-06), array(0.00020947), array(0.0040311), array(0.04490383)]), (array(0.0004451), [array(1.87292892e-07), array(6.16800233e-06), array(0.00017142), array(0.00345829), array(0.04030804)]), (array(0.00036862), [array(1.39570936e-07), array(4.82228875e-06), array(0.00014052), array(0.00296939), array(0.03618442)]), (array(0.00030573), [array(1.04379267e-07), array(3.78008234e-06), array(0.00011539), array(0.00255177), array(0.0324853)]), (array(0.00025393), [array(7.83313663e-08), array(2.97071605e-06), array(9.49096209e-05), array(0.00219477), array(0.02916754)]), (array(0.00021121), [array(5.89819049e-08), array(2.34049143e-06), array(7.8196376e-05), array(0.00188933), array(0.02619218)]), (array(0.00017593), [array(4.45578713e-08), array(1.84847629e-06), array(6.45314839e-05), array(0.0016278), array(0.02352409)]), (array(0.00014674), [array(3.37687376e-08), array(1.46337992e-06), array(5.33400551e-05), array(0.00140368), array(0.02113161)]), (array(0.00012256), [array(2.56717092e-08), array(1.16121828e-06), array(4.41591894e-05), array(0.00121145), array(0.01898628)]), (array(0.00010251), [array(1.95753507e-08), array(9.23551918e-07), array(3.6615338e-05), array(0.00104644), array(0.01706248)]), (array(8.58503342e-05), [array(1.49708453e-08), array(7.36169461e-07), array(3.04066375e-05), array(0.00090468), array(0.01533723)]), (array(7.19937417e-05), [array(1.14824038e-08), array(5.8808722e-07), array(2.52886628e-05), array(0.00078279), array(0.01378987)]), (array(6.04522701e-05), [array(8.83159043e-09), array(4.7079632e-07), array(2.1063232e-05), array(0.00067789), array(0.0124019)]), (array(5.0826238e-05), [array(6.81138467e-09), array(3.77687049e-07), array(1.75693378e-05), array(0.00058755), array(0.01115672)]), (array(4.27871373e-05), [array(5.26737342e-09), array(3.03612595e-07), array(1.46759672e-05), array(0.00050967), array(0.01003945)]), (array(3.60645844e-05), [array(4.08402381e-09), array(2.44555814e-07), array(1.22763485e-05), array(0.00044248), array(0.00903677)]), (array(3.04357247e-05), [array(3.17462014e-09), array(1.97373512e-07), array(1.02833103e-05), array(0.00038447), array(0.00813673)]), (array(2.57166306e-05), [array(2.47388601e-09), array(1.59600897e-07), array(8.62558242e-06), array(0.00033434), array(0.00732865)]), (array(2.17552922e-05), [array(1.93253638e-09), array(1.29300605e-07), array(7.24479566e-06), array(0.00029098), array(0.00660296)]), (array(1.84259183e-05), [array(1.51325417e-09), array(1.04946494e-07), array(6.09307424e-06), array(0.00025345), array(0.0059511)]), (array(1.56242658e-05), [array(1.18770673e-09), array(8.5333847e-08), array(5.1310942e-06), array(0.00022094), array(0.00536539)]), (array(1.32638447e-05), [array(9.34323816e-10), array(6.95096448e-08), array(4.32650752e-06), array(0.00019275), array(0.00483898)]), (array(1.12727941e-05), [array(7.36639438e-10), array(5.67184031e-08), array(3.65266522e-06), array(0.00016829), array(0.00436572)]), (array(9.59133334e-06), [array(5.82051009e-10), array(4.63599928e-08), array(3.08758099e-06), array(0.00014704), array(0.00394013)]), (array(8.16967283e-06), [array(4.6088816e-10), array(3.79567369e-08), array(2.61308947e-06), array(0.00012858), array(0.00355728)]), (array(6.96629302e-06), [array(3.65711854e-10), array(3.11276729e-08), array(2.21416093e-06), array(0.00011252), array(0.00321277)]), (array(5.94652759e-06), [array(2.90785459e-10), array(2.55683817e-08), array(1.87834252e-06), array(9.85465435e-05), array(0.00290267)]), (array(5.08139695e-06), [array(2.31674531e-10), array(2.10351472e-08), array(1.59530239e-06), array(8.6369444e-05), array(0.00262344)]), (array(4.34664566e-06), [array(1.84943123e-10), array(1.7332486e-08), array(1.35645666e-06), array(7.57530755e-05), array(0.00237194)]), (array(3.72194852e-06), [array(1.47922864e-10), array(1.43033188e-08), array(1.15466442e-06), array(6.64903309e-05), array(0.00214532)]), (array(3.19025338e-06), [array(1.18536778e-10), array(1.18211969e-08), array(9.83977218e-07), array(5.84025033e-05), array(0.00194106)]), (array(2.73723755e-06), [array(9.51646287e-11), array(9.78414918e-09), array(8.3943347e-07), array(5.13352673e-05), array(0.0017569)]), (array(2.35085702e-06), [array(7.65397573e-11), array(8.10980351e-09), array(7.16889579e-07), array(4.51552528e-05), array(0.00159078)]), (array(2.02097232e-06), [array(6.16698079e-11), array(6.73150557e-09), array(6.1288066e-07), array(3.97471055e-05), array(0.00144091)]), (array(1.73903807e-06), [array(4.97757123e-11), array(5.59523048e-09), array(5.24505829e-07), array(3.50109784e-05), array(0.00130563)]), (array(1.49784412e-06), [array(4.02445907e-11), array(4.65711735e-09), array(4.49333381e-07), array(3.0860377e-05), array(0.00118348)]), (array(1.29130043e-06), [array(3.25933439e-11), array(3.88150066e-09), array(3.85322529e-07), array(2.72203201e-05), array(0.00107316)]), (array(1.11425756e-06), [array(2.64404153e-11), array(3.23933234e-09), array(3.30758469e-07), array(2.40257541e-05), array(0.00097348)]), (array(9.62356653e-07), [array(2.14838747e-11), array(2.70691807e-09), array(2.84198702e-07), array(2.12202004e-05), array(0.00088337)]), (array(8.31904262e-07), [array(1.74843406e-11), array(2.26490017e-09), array(2.44428322e-07), array(1.87545833e-05), array(0.0008019)]), (array(7.19767516e-07), [array(1.42516766e-11), array(1.89744087e-09), array(2.10423016e-07), array(1.65862328e-05), array(0.00072821)]), (array(6.23286295e-07), [array(1.16345807e-11), array(1.59156264e-09), array(1.81318149e-07), array(1.46780173e-05), array(0.00066153)]), (array(5.40199695e-07), [array(9.51244124e-12), array(1.33661661e-09), array(1.56383104e-07), array(1.29976039e-05), array(0.00060118)]), (array(4.68584102e-07), [array(7.78894084e-12), array(1.12385202e-09), array(1.34999829e-07), array(1.15168167e-05), array(0.00054652)]), (array(4.06801361e-07), [array(6.38703053e-12), array(9.46067924e-10), array(1.16644931e-07), array(1.0211085e-05), array(0.00049702)]), (array(3.53454958e-07), [array(5.24497024e-12), array(7.97330457e-10), array(1.00874718e-07), array(9.05896654e-06), array(0.00045216)]), (array(3.07353356e-07), [array(4.31320535e-12), array(6.72743367e-10), array(8.73126782e-08), array(8.04173717e-06), array(0.00041149)]), (array(2.67478844e-07), [array(3.55189492e-12), array(5.68260962e-10), array(7.5638957e-08), array(7.14303287e-06), array(0.00037462)]), (array(2.32961419e-07), [array(2.92895767e-12), array(4.80536188e-10), array(6.55815857e-08), array(6.34854446e-06), array(0.00034117)]), (array(2.03056673e-07), [array(2.41851881e-12), array(4.06796272e-10), array(5.69090654e-08), array(5.64574992e-06), array(0.00031081)]), (array(1.77127055e-07), [array(1.9996769e-12), array(3.44741276e-10), array(4.94241533e-08), array(5.02368381e-06), array(0.00028326)]), (array(1.54626044e-07), [array(1.65552229e-12), array(2.92461098e-10), array(4.29586346e-08), array(4.47273769e-06), array(0.00025824)]), (array(1.35084751e-07), [array(1.37235397e-12), array(2.48367421e-10), array(3.73689102e-08), array(3.98448633e-06), array(0.00023551)]), (array(1.18100534e-07), [array(1.1390544e-12), array(2.11137909e-10), array(3.25322817e-08), array(3.55153738e-06), array(0.00021485)]), (array(1.03327336e-07), [array(9.46588841e-13), array(1.79670291e-10), array(2.83438033e-08), array(3.16739976e-06), array(0.00019608)]), (array(9.04674809e-08), [array(7.87605741e-13), array(1.5304484e-10), array(2.47136568e-08), array(2.82637251e-06), array(0.000179)]), (array(7.92646951e-08), [array(6.56113117e-13), array(1.30492983e-10), array(2.15648646e-08), array(2.52344199e-06), array(0.00016347)]), (array(6.94981625e-08), [array(5.47221536e-13), array(1.11371931e-10), array(1.88314239e-08), array(2.25419893e-06), array(0.00014933)]), (array(6.09774607e-08), [array(4.56934853e-13), array(9.51433217e-11), array(1.64566682e-08), array(2.01476087e-06), array(0.00013647)]), (array(5.35382511e-08), [array(3.81983533e-13), array(8.135592e-11), array(1.43919288e-08), array(1.80170953e-06), array(0.00012475)]), (array(4.70385698e-08), [array(3.1968842e-13), array(6.96310018e-11), array(1.25953553e-08), array(1.61203193e-06), array(0.00011408)]), (array(4.13557509e-08), [array(2.67851388e-13), array(5.96503804e-11), array(1.1030933e-08), array(1.44307113e-06), array(0.00010435)])]",0.5842142745249597,1.3958551757046231,4.5594098455451034e-07,"Inference data with groups:
	> posterior
	> sample_stats
	> observed_data","Inference data with groups:
	> posterior_predictive
	> observed_data","Inference data with groups:
	> prior
	> prior_predictive
	> observed_data",<pyhf.pdf.Model object at 0x7f4f413ffd60>
0.08,1.2645153093922732,1.0559437126396596,0.4783614201139885,0.6794373605394123,1.7731925547772889,3.035832847732634,7.076255746048604e-07,6.466389476628239e-07,4.3523072628489704e-07,5.186999267680802e-07,8.379525448969782e-07,1.096428718953238e-06,0.39598884261473427,"[0.0, 0.10101010101010101, 0.20202020202020202, 0.30303030303030304, 0.40404040404040403, 0.5050505050505051, 0.6060606060606061, 0.7070707070707071, 0.8080808080808081, 0.9090909090909091, 1.0101010101010102, 1.1111111111111112, 1.2121212121212122, 1.3131313131313131, 1.4141414141414141, 1.5151515151515151, 1.6161616161616161, 1.7171717171717171, 1.8181818181818181, 1.9191919191919191, 2.0202020202020203, 2.121212121212121, 2.2222222222222223, 2.323232323232323, 2.4242424242424243, 2.525252525252525, 2.6262626262626263, 2.727272727272727, 2.8282828282828283, 2.929292929292929, 3.0303030303030303, 3.131313131313131, 3.2323232323232323, 3.3333333333333335, 3.4343434343434343, 3.5353535353535355, 3.6363636363636362, 3.7373737373737375, 3.8383838383838382, 3.9393939393939394, 4.040404040404041, 4.141414141414141, 4.242424242424242, 4.343434343434343, 4.444444444444445, 4.545454545454545, 4.646464646464646, 4.747474747474747, 4.848484848484849, 4.94949494949495, 5.05050505050505, 5.151515151515151, 5.252525252525253, 5.353535353535354, 5.454545454545454, 5.555555555555555, 5.656565656565657, 5.757575757575758, 5.858585858585858, 5.959595959595959, 6.0606060606060606, 6.161616161616162, 6.262626262626262, 6.363636363636363, 6.4646464646464645, 6.565656565656566, 6.666666666666667, 6.767676767676767, 6.8686868686868685, 6.96969696969697, 7.070707070707071, 7.171717171717171, 7.2727272727272725, 7.373737373737374, 7.474747474747475, 7.575757575757575, 7.6767676767676765, 7.777777777777778, 7.878787878787879, 7.979797979797979, 8.080808080808081, 8.181818181818182, 8.282828282828282, 8.383838383838384, 8.484848484848484, 8.585858585858587, 8.686868686868687, 8.787878787878787, 8.88888888888889, 8.98989898989899, 9.09090909090909, 9.191919191919192, 9.292929292929292, 9.393939393939394, 9.494949494949495, 9.595959595959595, 9.696969696969697, 9.797979797979798, 9.8989898989899, 10.0]","[(array(1.), [array(1.), array(1.), array(1.), array(1.), array(1.)]), (array(0.86955194), [array(0.6282734), array(0.73865897), array(0.84998244), array(0.94049048), array(0.98738174)]), (array(0.77433835), [array(0.38697531), array(0.53421762), array(0.70857488), array(0.87290936), array(0.97011991)]), (array(0.67645094), [array(0.23505741), array(0.3798857), array(0.58060323), array(0.79960276), array(0.94768086)]), (array(0.57393811), [array(0.14161191), array(0.26677295), array(0.46886852), array(0.72336885), array(0.91989313)]), (array(0.48017699), [array(0.08505693), array(0.18578311), array(0.37424008), array(0.64701971), array(0.88698983)]), (array(0.39705902), [array(0.05115876), array(0.12879107), array(0.29607876), array(0.57301334), array(0.84956949)]), (array(0.32527367), [array(0.03092055), array(0.08915742), array(0.23277807), array(0.50322795), array(0.80849291)]), (array(0.26456858), [array(0.01882699), array(0.06178605), array(0.18226418), array(0.4388917), array(0.76475147)]), (array(0.21406968), [array(0.01156659), array(0.04293796), array(0.14237341), array(0.38063642), array(0.71934503)]), (array(0.17257573), [array(0.00717561), array(0.02995631), array(0.1110886), array(0.32862127), array(0.67319404)]), (array(0.13878346), [array(0.00449597), array(0.02099369), array(0.0866559), array(0.28267558), array(0.62709238)]), (array(0.11143373), [array(0.00284452), array(0.01478239), array(0.0676175), array(0.2424255), array(0.5816927)]), (array(0.08939075), [array(0.00181649), array(0.01045829), array(0.05279664), array(0.20739083), array(0.53751223)]), (array(0.07167352), [array(0.00117024), array(0.00743347), array(0.0412607), array(0.17705089), array(0.49494768)]), (array(0.05745817), [array(0.00076017), array(0.00530723), array(0.03227852), array(0.15088527), array(0.45429213)]), (array(0.04606498), [array(0.00049766), array(0.00380561), array(0.02528056), array(0.12839818), array(0.41575253)]), (array(0.03693989), [array(0.00032823), array(0.00274037), array(0.01982461), array(0.10913084), array(0.37946476)]), (array(0.02963448), [array(0.00021804), array(0.00198154), array(0.0155678), array(0.09266719), array(0.34550738)]), (array(0.02378756), [array(0.00014586), array(0.00143888), array(0.01224445), array(0.07863539), array(0.31391399)]), (array(0.01910895), [array(9.8264026e-05), array(0.00104938), array(0.00964815), array(0.06670464), array(0.28467859)]), (array(0.01536535), [array(6.66532462e-05), array(0.00076862), array(0.00761704), array(0.05657531), array(0.25774222)]), (array(0.01236973), [array(4.55107151e-05), array(0.00056536), array(0.00602543), array(0.04798418), array(0.2330158)]), (array(0.00997106), [array(3.12738927e-05), array(0.00041758), array(0.00477609), array(0.04070353), array(0.2103932)]), (array(0.00804861), [array(2.16247514e-05), array(0.0003097), array(0.0037937), array(0.03453731), array(0.1897573)]), (array(0.00650627), [array(1.50438673e-05), array(0.00023062), array(0.00301985), array(0.02931739), array(0.17098445)]), (array(0.00526749), [array(1.05275185e-05), array(0.00017242), array(0.00240905), array(0.02489911), array(0.15394483)]), (array(0.00427134), [array(7.40900487e-06), array(0.00012941), array(0.00192594), array(0.02115897), array(0.13850767)]), (array(0.00346923), [array(5.24293429e-06), array(9.7491541e-05), array(0.00154301), array(0.01799215), array(0.12454541)]), (array(0.00282239), [array(3.72981354e-06), array(7.37180132e-05), array(0.00123883), array(0.01530986), array(0.1119354)]), (array(0.00229995), [array(2.66697817e-06), array(5.5941285e-05), array(0.00099671), array(0.01303699), array(0.10056105)]), (array(0.00187731), [array(1.91644828e-06), array(4.25992572e-05), array(0.00080357), array(0.0111101), array(0.09031258)]), (array(0.00153487), [array(1.38372077e-06), array(3.25492924e-05), array(0.00064919), array(0.00947556), array(0.08108727)]), (array(0.00125696), [array(1.00370768e-06), array(2.49524395e-05), array(0.00052552), array(0.00808818), array(0.07278988)]), (array(0.00103106), [array(7.31322333e-07), array(1.91901504e-05), array(0.00042626), array(0.00690978), array(0.06533229)]), (array(0.00084713), [array(5.35171136e-07), array(1.48047727e-05), array(0.00034643), array(0.00590817), array(0.05863353)]), (array(0.00069713), [array(3.93279353e-07), array(1.14564081e-05), array(0.00028209), array(0.00505618), array(0.05261944)]), (array(0.00057461), [array(2.90187889e-07), array(8.89170709e-06), array(0.00023014), array(0.00433092), array(0.04722232)]), (array(0.00047438), [array(2.14968775e-07), array(6.92117921e-06), array(0.0001881), array(0.00371303), array(0.04238055)]), (array(0.00039224), [array(1.59860045e-07), array(5.40259778e-06), array(0.00015403), array(0.00318618), array(0.03803818)]), (array(0.00032483), [array(1.19323487e-07), array(4.22886107e-06), array(0.00012636), array(0.00273659), array(0.03414454)]), (array(0.00026941), [array(8.93899254e-08), array(3.319053e-06), array(0.00010384), array(0.0023526), array(0.03065381)]), (array(0.00022379), [array(6.72025187e-08), array(2.61184966e-06), array(8.548858e-05), array(0.00202436), array(0.02752463)]), (array(0.00018617), [array(5.06963084e-08), array(2.06062749e-06), array(7.05005947e-05), array(0.00174352), array(0.02471972)]), (array(0.00015511), [array(3.83724821e-08), array(1.62982609e-06), array(5.82391104e-05), array(0.00150303), array(0.02220547)]), (array(0.00012942), [array(2.91391547e-08), array(1.29225319e-06), array(4.81904402e-05), array(0.0012969), array(0.01995167)]), (array(0.00010813), [array(2.21977892e-08), array(1.02705433e-06), array(3.99409431e-05), array(0.00112007), array(0.01793117)]), (array(9.04814178e-05), [array(1.69621913e-08), array(8.18190488e-07), array(3.31569265e-05), array(0.00096822), array(0.01611965)]), (array(7.5816423e-05), [array(1.30004639e-08), array(6.53291794e-07), array(2.75686976e-05), array(0.00083772), array(0.01449525)]), (array(6.36160446e-05), [array(9.99325531e-09), array(5.22792213e-07), array(2.29578918e-05), array(0.00072546), array(0.01303842)]), (array(5.3451574e-05), [array(7.70360906e-09), array(4.19274321e-07), array(1.91473869e-05), array(0.00062881), array(0.01173162)]), (array(4.49713435e-05), [array(5.95510923e-09), array(3.36971768e-07), array(1.59932603e-05), array(0.00054551), array(0.01055917)]), (array(3.78864493e-05), [array(4.61597859e-09), array(2.71390364e-07), array(1.33783627e-05), array(0.00047367), array(0.00950701)]), (array(3.19591984e-05), [array(3.58746618e-09), array(2.19018704e-07), array(1.12071739e-05), array(0.00041164), array(0.00856257)]), (array(2.69937448e-05), [array(2.79533789e-09), array(1.77106595e-07), array(9.40167913e-06), array(0.00035805), array(0.0077146)]), (array(2.28284892e-05), [array(2.18361857e-09), array(1.43494912e-07), array(7.89805448e-06), array(0.0003117), array(0.00695305)]), (array(1.93298986e-05), [array(1.70997472e-09), array(1.16484624e-07), array(6.64400086e-06), array(0.00027157), array(0.0062689)]), (array(1.63874767e-05), [array(1.34229639e-09), array(9.47357033e-08), array(5.59659385e-06), array(0.00023682), array(0.00565411)]), (array(1.39096617e-05), [array(1.05615887e-09), array(7.71889202e-08), array(4.7205479e-06), array(0.00020668), array(0.00510148)]), (array(1.18204775e-05), [array(8.32931441e-10), array(6.3005168e-08), array(3.98681152e-06), array(0.00018052), array(0.00460456)]), (array(1.00567948e-05), [array(6.58364382e-10), array(5.15183027e-08), array(3.37142949e-06), array(0.00015781), array(0.0041576)]), (array(8.56608835e-06), [array(5.21529786e-10), array(4.21983835e-08), array(2.85461914e-06), array(0.00013806), array(0.00375543)]), (array(7.30459815e-06), [array(4.14025416e-10), array(3.46229584e-08), array(2.42001932e-06), array(0.00012088), array(0.00339344)]), (array(6.23581867e-06), [array(3.29374549e-10), array(2.84545853e-08), array(2.05407891e-06), array(0.00010592), array(0.00306752)]), (array(5.32925747e-06), [array(2.6257232e-10), array(2.34231953e-08), array(1.74555812e-06), array(9.28834461e-05), array(0.00277395)]), (array(4.55941201e-06), [array(2.09741836e-10), array(1.93122242e-08), array(1.48512115e-06), array(8.15146148e-05), array(0.00250944)]), (array(3.90492647e-06), [array(1.67872819e-10), array(1.5947684e-08), array(1.2650029e-06), array(7.1591675e-05), array(0.00227102)]), (array(3.34789548e-06), [array(1.34622425e-10), array(1.31895316e-08), array(1.0787358e-06), array(6.29239113e-05), array(0.00205604)]), (array(2.87328809e-06), [array(1.08163129e-10), array(1.09248425e-08), array(9.20925849e-07), array(5.53466498e-05), array(0.00186213)]), (array(2.46847132e-06), [array(8.70661803e-11), array(9.06239621e-09), array(7.87068415e-07), array(4.87175825e-05), array(0.00168716)]), (array(2.122815e-06), [array(7.02121538e-11), array(7.52837582e-09), array(6.73396714e-07), array(4.29136289e-05), array(0.00152921)]), (array(1.82736375e-06), [array(5.67220927e-11), array(6.2629445e-09), array(5.76756878e-07), array(3.782825e-05), array(0.00138658)]), (array(1.57456439e-06), [array(4.59044124e-11), array(5.21751669e-09), array(4.94504947e-07), array(3.33691533e-05), array(0.00125774)]), (array(1.35803916e-06), [array(3.721383e-11), array(4.35257646e-09), array(4.24421622e-07), array(2.94563207e-05), array(0.00114131)]), (array(1.17239687e-06), [array(3.02195511e-11), array(3.63593258e-09), array(3.64641816e-07), array(2.60203231e-05), array(0.00103605)]), (array(1.01307503e-06), [array(2.45805568e-11), array(3.04131873e-09), array(3.13596214e-07), array(2.30008708e-05), array(0.00094086)]), (array(8.76208495e-07), [array(2.00263715e-11), array(2.54726948e-09), array(2.69962815e-07), array(2.03455702e-05), array(0.00085474)]), (array(7.58519125e-07), [array(1.63420593e-11), array(2.13621547e-09), array(2.32626629e-07), array(1.80088528e-05), array(0.00077679)]), (array(6.57223907e-07), [array(1.33565035e-11), array(1.79375485e-09), array(2.00646217e-07), array(1.59510582e-05), array(0.00070622)]), (array(5.69957531e-07), [array(1.09332208e-11), array(1.50806432e-09), array(1.73225742e-07), array(1.41376398e-05), array(0.0006423)]), (array(4.94707696e-07), [array(8.9631567e-12), array(1.26942342e-09), array(1.49691721e-07), array(1.25384841e-05), array(0.00058439)]), (array(4.29760678e-07), [array(7.35901884e-12), array(1.069829e-09), array(1.29473577e-07), array(1.11273219e-05), array(0.00053189)]), (array(3.73655563e-07), [array(6.05081319e-12), array(9.02682503e-10), array(1.12087397e-07), array(9.88122086e-06), array(0.00048429)]), (array(3.25145691e-07), [array(4.9823197e-12), array(7.62535806e-10), array(9.71223206e-08), array(8.78014643e-06), array(0.00044111)]), (array(2.83166216e-07), [array(4.10830724e-12), array(6.4488464e-10), array(8.42291593e-08), array(7.80658415e-06), array(0.00040193)]), (array(2.46806721e-07), [array(3.3923246e-12), array(5.45999906e-10), array(7.3110816e-08), array(6.94521057e-06), array(0.00036637)]), (array(2.15288052e-07), [array(2.80494947e-12), array(4.62790282e-10), array(6.3514266e-08), array(6.18261047e-06), array(0.00033407)]), (array(1.87942794e-07), [array(2.32239486e-12), array(3.9268976e-10), array(5.52237963e-08), array(5.50703059e-06), array(0.00030473)]), (array(1.64198705e-07), [array(1.92540002e-12), array(3.33565684e-10), array(4.80553255e-08), array(4.90816703e-06), array(0.00027806)]), (array(1.43564701e-07), [array(1.59834492e-12), array(2.8364329e-10), array(4.1851607e-08), array(4.3769799e-06), array(0.00025382)]), (array(1.25618943e-07), [array(1.32854301e-12), array(2.41443822e-10), array(3.6478188e-08), array(3.90553302e-06), array(0.00023178)]), (array(1.09998786e-07), [array(1.1056751e-12), array(2.05733673e-10), array(3.18199989e-08), array(3.48685467e-06), array(0.00021172)]), (array(9.63921737e-08), [array(9.21335107e-13), array(1.75482473e-10), array(2.77784617e-08), array(3.114816e-06), array(0.00019347)]), (array(8.45303509e-08), [array(7.68665795e-13), array(1.49828623e-10), array(2.42690533e-08), array(2.78402598e-06), array(0.00017685)]), (array(7.41816677e-08), [array(6.42065209e-13), array(1.28050768e-10), array(2.12192302e-08), array(2.48973907e-06), array(0.00016172)]), (array(6.51462755e-08), [array(5.36950686e-13), array(1.09544304e-10), array(1.85666779e-08), array(2.22777554e-06), array(0.00014793)]), (array(5.72516243e-08), [array(4.49568187e-13), array(9.38018981e-11), array(1.625782e-08), array(1.9944516e-06), array(0.00013536)]), (array(5.03486075e-08), [array(3.76838231e-13), array(8.03973442e-11), array(1.42465495e-08), array(1.78651819e-06), array(0.00012391)]), (array(4.43082747e-08), [array(3.16231641e-13), array(6.89722582e-11), array(1.24931622e-08), array(1.60110888e-06), array(0.00011346)]), (array(3.90190124e-08), [array(2.65668055e-13), array(5.9224876e-11), array(1.09634261e-08), array(1.43569191e-06), array(0.00010392)])]",0.5171556990650279,1.2928164071214892,7.155004351985941e-07,"Inference data with groups:
	> posterior
	> sample_stats
	> observed_data","Inference data with groups:
	> posterior_predictive
	> observed_data","Inference data with groups:
	> prior
	> prior_predictive
	> observed_data",<pyhf.pdf.Model object at 0x7f4f41111520>
0.09,1.2051708363870173,1.049152672671004,0.47511030579464797,0.6749250083190538,1.764737484401072,3.027220281968173,1.2303220342591014e-06,1.147925863135637e-06,7.724879624519894e-07,9.207087179902295e-07,1.4887937961285165e-06,1.949918713952509e-06,1.2559981226573262,"[0.0, 0.10101010101010101, 0.20202020202020202, 0.30303030303030304, 0.40404040404040403, 0.5050505050505051, 0.6060606060606061, 0.7070707070707071, 0.8080808080808081, 0.9090909090909091, 1.0101010101010102, 1.1111111111111112, 1.2121212121212122, 1.3131313131313131, 1.4141414141414141, 1.5151515151515151, 1.6161616161616161, 1.7171717171717171, 1.8181818181818181, 1.9191919191919191, 2.0202020202020203, 2.121212121212121, 2.2222222222222223, 2.323232323232323, 2.4242424242424243, 2.525252525252525, 2.6262626262626263, 2.727272727272727, 2.8282828282828283, 2.929292929292929, 3.0303030303030303, 3.131313131313131, 3.2323232323232323, 3.3333333333333335, 3.4343434343434343, 3.5353535353535355, 3.6363636363636362, 3.7373737373737375, 3.8383838383838382, 3.9393939393939394, 4.040404040404041, 4.141414141414141, 4.242424242424242, 4.343434343434343, 4.444444444444445, 4.545454545454545, 4.646464646464646, 4.747474747474747, 4.848484848484849, 4.94949494949495, 5.05050505050505, 5.151515151515151, 5.252525252525253, 5.353535353535354, 5.454545454545454, 5.555555555555555, 5.656565656565657, 5.757575757575758, 5.858585858585858, 5.959595959595959, 6.0606060606060606, 6.161616161616162, 6.262626262626262, 6.363636363636363, 6.4646464646464645, 6.565656565656566, 6.666666666666667, 6.767676767676767, 6.8686868686868685, 6.96969696969697, 7.070707070707071, 7.171717171717171, 7.2727272727272725, 7.373737373737374, 7.474747474747475, 7.575757575757575, 7.6767676767676765, 7.777777777777778, 7.878787878787879, 7.979797979797979, 8.080808080808081, 8.181818181818182, 8.282828282828282, 8.383838383838384, 8.484848484848484, 8.585858585858587, 8.686868686868687, 8.787878787878787, 8.88888888888889, 8.98989898989899, 9.09090909090909, 9.191919191919192, 9.292929292929292, 9.393939393939394, 9.494949494949495, 9.595959595959595, 9.696969696969697, 9.797979797979798, 9.8989898989899, 10.0]","[(array(1.), [array(1.), array(1.), array(1.), array(1.), array(1.)]), (array(0.86861286), [array(0.62574409), array(0.73669353), array(0.84873913), array(0.93994858), array(0.98725587)]), (array(0.76585996), [array(0.38382398), array(0.53127017), array(0.70633069), array(0.87173205), array(0.96979075)]), (array(0.65209847), [array(0.2322006), array(0.37668883), array(0.57769098), array(0.79777487), array(0.94706943)]), (array(0.54643885), [array(0.13936068), array(0.26377996), array(0.46562921), array(0.72095329), array(0.91893315)]), (array(0.45170533), [array(0.0834182), array(0.18321449), array(0.3709625), array(0.64413817), array(0.8856397)]), (array(0.36927788), [array(0.05002274), array(0.12670847), array(0.29297073), array(0.56981751), array(0.84781819)]), (array(0.29930405), [array(0.03015659), array(0.08753256), array(0.22996472), array(0.4998717), array(0.80635907)]), (array(0.24105094), [array(0.01832253), array(0.06055094), array(0.17980245), array(0.43551109), array(0.76227729)]), (array(0.19327108), [array(0.01123678), array(0.04201533), array(0.14027227), array(0.37733955), array(0.71658808)]), (array(0.15450446), [array(0.00696097), array(0.02927495), array(0.1093279), array(0.32548641), array(0.67021943)]), (array(0.12328835), [array(0.00435641), array(0.0204942), array(0.08520057), array(0.279754), array(0.62396662)]), (array(0.09827915), [array(0.00275369), array(0.01441794), array(0.06642713), array(0.23974661), array(0.57847973)]), (array(0.07830739), [array(0.00175724), array(0.01019318), array(0.05183095), array(0.20496726), array(0.53427067)]), (array(0.06238975), [array(0.00113148), array(0.00724097), array(0.04048245), array(0.17488302), array(0.49172941)]), (array(0.04971742), [array(0.00073473), array(0.00516762), array(0.03165472), array(0.14896489), array(0.45114145)]), (array(0.03963454), [array(0.00048091), array(0.00370442), array(0.02478283), array(0.12671136), array(0.41270593)]), (array(0.03161389), [array(0.00031717), array(0.00266705), array(0.01942898), array(0.10766013), array(0.37655104)]), (array(0.02523401), [array(0.0002107), array(0.00192839), array(0.01525432), array(0.09139317), array(0.34274796)]), (array(0.02015907), [array(0.00014098), array(0.00140034), array(0.01199668), array(0.07753794), array(0.31132344)]), (array(0.01612187), [array(9.50023809e-05), array(0.0010214), array(0.00945265), array(0.06576368), array(0.28226501)]), (array(0.01290955), [array(6.44639321e-05), array(0.00074827), array(0.00746294), array(0.05577165), array(0.25550844)]), (array(0.01035211), [array(4.4034642e-05), array(0.00055053), array(0.00590407), array(0.04730008), array(0.23096069)]), (array(0.00831387), [array(3.02742587e-05), array(0.00040675), array(0.00468055), array(0.04012287), array(0.20851248)]), (array(0.00668749), [array(2.09447455e-05), array(0.00030177), array(0.00371849), array(0.03404566), array(0.1880443)]), (array(0.00538813), [array(1.45792129e-05), array(0.00022481), array(0.00296064), array(0.02890195), array(0.16943083)]), (array(0.00434865), [array(1.02086222e-05), array(0.00016814), array(0.00236243), array(0.0245487), array(0.15254118)]), (array(0.00351588), [array(7.18921751e-06), array(0.00012626), array(0.00188922), array(0.02086389), array(0.137244)]), (array(0.00284764), [array(5.09083826e-06), array(9.51663442e-05), array(0.00151407), array(0.01774401), array(0.12341148)]), (array(0.00231052), [array(3.62415123e-06), array(7.19972651e-05), array(0.00121602), array(0.01510148), array(0.110921)]), (array(0.00187804), [array(2.59330278e-06), array(5.4665255e-05), array(0.00097872), array(0.01286222), array(0.09965621)]), (array(0.00152922), [array(1.86489647e-06), array(4.16511751e-05), array(0.00078938), array(0.01096368), array(0.08950766)]), (array(0.00124739), [array(1.34753286e-06), array(3.18436489e-05), array(0.00063799), array(0.00935305), array(0.08037319)]), (array(0.00101927), [array(9.78225791e-07), array(2.44263488e-05), array(0.00051668), array(0.00798579), array(0.07215798)]), (array(0.00083432), [array(7.13329443e-07), array(1.87973665e-05), array(0.00041928), array(0.00682431), array(0.06477457)]), (array(0.00068411), [array(5.22434387e-07), array(1.45111575e-05), array(0.00034092), array(0.00583692), array(0.05814258)]), (array(0.0005619), [array(3.8424312e-07), array(1.12367016e-05), array(0.00027774), array(0.00499688), array(0.05218841)]), (array(0.00046229), [array(2.837651e-07), array(8.72719163e-06), array(0.00022671), array(0.00428163), array(0.04684496)]), (array(0.00038098), [array(2.10396461e-07), array(6.79793677e-06), array(0.0001854), array(0.00367214), array(0.04205114)]), (array(0.00031449), [array(1.56601506e-07), array(5.31027212e-06), array(0.0001519), array(0.00315234), array(0.03775155)]), (array(0.00026002), [array(1.16999784e-07), array(4.15972441e-06), array(0.00012468), array(0.00270865), array(0.03389601)]), (array(0.00021534), [array(8.77325068e-08), array(3.26732099e-06), array(0.00010253), array(0.00232959), array(0.03043911)]), (array(0.00017861), [array(6.60203001e-08), array(2.57317626e-06), array(8.44586977e-05), array(0.00200546), array(0.02733986)]), (array(0.00014838), [array(4.98531174e-08), array(2.03174519e-06), array(6.96952192e-05), array(0.00172805), array(0.02456129)]), (array(0.00012346), [array(3.77714468e-08), array(1.60828754e-06), array(5.76107718e-05), array(0.0014904), array(0.02207018)]), (array(0.00010288), [array(2.87112191e-08), array(1.27622298e-06), array(4.7701607e-05), array(0.00128663), array(0.01983666)]), (array(8.58616396e-05), [array(2.18936535e-08), array(1.01515508e-06), array(3.95619487e-05), array(0.00111175), array(0.01783391)]), (array(7.17624396e-05), [array(1.67466091e-08), array(8.09387766e-07), array(3.28643215e-05), array(0.00096152), array(0.01603785)]), (array(6.00655039e-05), [array(1.28482057e-08), array(6.46808303e-07), array(2.73439486e-05), array(0.00083235), array(0.01442692)]), (array(5.03469211e-05), [array(9.88624464e-09), array(5.1804364e-07), array(2.2786354e-05), array(0.00072119), array(0.01298179)]), (array(4.22601114e-05), [array(7.62888631e-09), array(4.15821362e-07), array(1.90174924e-05), array(0.00062544), array(0.01168512)]), (array(3.55212699e-05), [array(5.90338025e-09), array(3.34484169e-07), array(1.58958763e-05), array(0.00054289), array(0.01052141)]), (array(2.98976315e-05), [array(4.58057815e-09), array(2.69619937e-07), array(1.33062838e-05), array(0.00047164), array(0.00947678)]), (array(2.51979971e-05), [array(3.5636168e-09), array(2.1777907e-07), array(1.11547209e-05), array(0.00041011), array(0.00853881)]), (array(2.12650708e-05), [array(2.77961845e-09), array(1.76257934e-07), array(9.36438062e-06), array(0.00035692), array(0.00769638)]), (array(1.79692524e-05), [array(2.1735828e-09), array(1.4293248e-07), array(7.87239491e-06), array(0.00031089), array(0.00693954)]), (array(1.52036025e-05), [array(1.70387738e-09), array(1.16130111e-07), array(6.62722119e-06), array(0.00027103), array(0.00625939)]), (array(1.28797502e-05), [array(1.33889607e-09), array(9.45307095e-08), array(5.58653329e-06), array(0.00023648), array(0.00564798)]), (array(1.09245636e-05), [array(1.0545761e-09), array(7.70900343e-08), array(4.71551857e-06), array(0.0002065), array(0.00509819)]), (array(9.27743525e-06), [array(8.32546452e-10), array(6.29802548e-08), array(3.9854991e-06), array(0.00018048), array(0.00460364)]), (array(7.88806644e-06), [array(6.58743432e-10), array(5.15436963e-08), array(3.37281436e-06), array(0.00015786), array(0.00415864)]), (array(6.71465605e-06), [array(5.22372064e-10), array(4.22567701e-08), array(2.85791395e-06), array(0.00013819), array(0.00375808)]), (array(5.72241711e-06), [array(4.15124792e-10), array(3.47017765e-08), array(2.4246194e-06), array(0.00012106), array(0.00339741)]), (array(4.88236105e-06), [array(3.30592102e-10), array(2.85448225e-08), array(2.05952324e-06), array(0.00010615), array(0.00307253)]), (array(4.170299e-06), [array(2.63816515e-10), array(2.35184766e-08), array(1.75149814e-06), array(9.31385899e-05), array(0.00277979)]), (array(3.56602063e-06), [array(2.10954341e-10), array(1.94081273e-08), array(1.49129623e-06), array(8.17885635e-05), array(0.00251591)]), (array(3.05261795e-06), [array(1.69018335e-10), array(1.60412232e-08), array(1.27122084e-06), array(7.18764593e-05), array(0.00227797)]), (array(2.61592781e-06), [array(1.35681462e-10), array(1.32787727e-08), array(1.0848576e-06), array(6.32132525e-05), array(0.00206333)]), (array(2.24407129e-06), [array(1.09126837e-10), array(1.10086116e-08), array(9.26853499e-07), array(5.56356503e-05), array(0.00186964)]), (array(1.92707307e-06), [array(8.79327262e-11), array(9.14006421e-09), array(7.92735415e-07), array(4.90024752e-05), array(0.00169479)]), (array(1.65654627e-06), [array(7.0984169e-11), array(7.59969738e-09), array(6.78760561e-07), array(4.31915676e-05), array(0.00153689)]), (array(1.42543078e-06), [array(5.74049073e-11), array(6.32793929e-09), array(5.81793218e-07), array(3.80971363e-05), array(0.00139424)]), (array(1.22777661e-06), [array(4.65048354e-11), array(5.27638132e-09), array(4.99202939e-07), array(3.36274906e-05), array(0.00126531)]), (array(1.05856336e-06), [array(3.77393372e-11), array(4.40562111e-09), array(4.28780404e-07), array(2.97030984e-05), array(0.00114876)]), (array(9.13550169e-07), [array(3.06777433e-11), array(3.68353451e-09), array(3.68667707e-07), array(2.6254917e-05), array(0.00104334)]), (array(7.89150549e-07), [array(2.49788158e-11), array(3.08388919e-09), array(3.17300561e-07), array(2.32229625e-05), array(0.00094795)]), (array(6.82328109e-07), [array(2.0371655e-11), array(2.58523066e-09), array(2.73360353e-07), array(2.05550809e-05), array(0.00086162)]), (array(5.90509293e-07), [array(1.66407888e-11), array(2.16998478e-09), array(2.35734241e-07), array(1.82058902e-05), array(0.00078345)]), (array(5.11510487e-07), [array(1.36145138e-11), array(1.82373425e-09), array(2.03481978e-07), array(1.61358717e-05), array(0.00071264)]), (array(4.43476973e-07), [array(1.11557506e-11), array(1.53463371e-09), array(1.75808215e-07), array(1.43105845e-05), array(0.00064847)]), (array(3.84831696e-07), [array(9.15486795e-12), array(1.29293688e-09), array(1.52039441e-07), array(1.26999919e-05), array(0.00059031)]), (array(3.34232308e-07), [array(7.52402941e-12), array(1.09061293e-09), array(1.31604679e-07), array(1.1277878e-05), array(0.00053756)]), (array(2.90535081e-07), [array(6.19273959e-12), array(9.21035205e-10), array(1.14019355e-07), array(1.00213449e-05), array(0.00048971)]), (array(2.52764535e-07), [array(5.10432369e-12), array(7.78728112e-10), array(9.88717814e-08), array(8.91037828e-06), array(0.00044628)]), (array(2.20087832e-07), [array(4.2131416e-12), array(6.5916094e-10), array(8.58118228e-08), array(7.92747099e-06), array(0.00040685)]), (array(1.91793251e-07), [array(3.48237917e-12), array(5.58579807e-10), array(7.4541388e-08), array(7.05729871e-06), array(0.00037105)]), (array(1.67271957e-07), [array(2.8822933e-12), array(4.73870321e-10), array(6.48064307e-08), array(6.28643788e-06), array(0.00033851)]), (array(1.46002647e-07), [array(2.38881561e-12), array(4.02445282e-10), array(5.63902252e-08), array(5.6031218e-06), array(0.00030895)]), (array(1.27538544e-07), [array(1.98243937e-12), array(3.42152692e-10), array(4.91076998e-08), array(4.99702905e-06), array(0.00028206)]), (array(1.11496369e-07), [array(1.64733052e-12), array(2.91200264e-10), array(4.28006557e-08), array(4.45909949e-06), array(0.00025761)]), (array(9.75470324e-08), [array(1.3706169e-12), array(2.48093463e-10), array(3.73337371e-08), array(3.98137494e-06), array(0.00023536)]), (array(8.54077166e-08), [array(1.14181858e-12), array(2.11584506e-10), array(3.25910205e-08), array(3.55686031e-06), array(0.00021511)]), (array(7.48351363e-08), [array(9.52390881e-13), array(1.80630374e-10), array(2.84731327e-08), array(3.17940312e-06), array(0.00019667)]), (array(6.56198421e-08), [array(7.95356929e-13), array(1.54358173e-10), array(2.48948084e-08), array(2.84358828e-06), array(0.00017987)]), (array(5.75813529e-08), [array(6.65011948e-13), array(1.3203653e-10), array(2.17828197e-08), array(2.54464665e-06), array(0.00016457)]), (array(5.05640152e-08), [array(5.56684826e-13), array(1.13051942e-10), array(1.90742207e-08), array(2.27837529e-06), array(0.00015062)]), (array(4.4433473e-08), [array(4.66545523e-13), array(9.68891929e-11), array(1.67148535e-08), array(2.04106768e-06), array(0.0001379)]), (array(3.90736627e-08), [array(3.91449642e-13), array(8.31151615e-11), array(1.46580873e-08), array(1.82945375e-06), array(0.00012629)]), (array(3.438423e-08), [array(3.28811909e-13), array(7.1365281e-11), array(1.28637279e-08), array(1.64064568e-06), array(0.0001157)]), (array(3.02783399e-08), [array(2.76504175e-13), array(6.13323906e-11), array(1.1297105e-08), array(1.47209222e-06), array(0.00010604)])]",0.5180067367326211,1.30400761138169,1.279777758763711e-06,"Inference data with groups:
	> posterior
	> sample_stats
	> observed_data","Inference data with groups:
	> posterior_predictive
	> observed_data","Inference data with groups:
	> prior
	> prior_predictive
	> observed_data",<pyhf.pdf.Model object at 0x7f4f419eb910>
0.1,1.2318481095391813,1.0791135627368884,0.48964779489811683,0.6950615597951467,1.8005793190278914,3.0583729119161136,1.8981210939761975e-06,1.776556035318789e-06,1.1967053604633955e-06,1.4257946152405455e-06,2.2948349933296638e-06,2.990821914112206e-06,2.9247629309957563,"[0.0, 0.10101010101010101, 0.20202020202020202, 0.30303030303030304, 0.40404040404040403, 0.5050505050505051, 0.6060606060606061, 0.7070707070707071, 0.8080808080808081, 0.9090909090909091, 1.0101010101010102, 1.1111111111111112, 1.2121212121212122, 1.3131313131313131, 1.4141414141414141, 1.5151515151515151, 1.6161616161616161, 1.7171717171717171, 1.8181818181818181, 1.9191919191919191, 2.0202020202020203, 2.121212121212121, 2.2222222222222223, 2.323232323232323, 2.4242424242424243, 2.525252525252525, 2.6262626262626263, 2.727272727272727, 2.8282828282828283, 2.929292929292929, 3.0303030303030303, 3.131313131313131, 3.2323232323232323, 3.3333333333333335, 3.4343434343434343, 3.5353535353535355, 3.6363636363636362, 3.7373737373737375, 3.8383838383838382, 3.9393939393939394, 4.040404040404041, 4.141414141414141, 4.242424242424242, 4.343434343434343, 4.444444444444445, 4.545454545454545, 4.646464646464646, 4.747474747474747, 4.848484848484849, 4.94949494949495, 5.05050505050505, 5.151515151515151, 5.252525252525253, 5.353535353535354, 5.454545454545454, 5.555555555555555, 5.656565656565657, 5.757575757575758, 5.858585858585858, 5.959595959595959, 6.0606060606060606, 6.161616161616162, 6.262626262626262, 6.363636363636363, 6.4646464646464645, 6.565656565656566, 6.666666666666667, 6.767676767676767, 6.8686868686868685, 6.96969696969697, 7.070707070707071, 7.171717171717171, 7.2727272727272725, 7.373737373737374, 7.474747474747475, 7.575757575757575, 7.6767676767676765, 7.777777777777778, 7.878787878787879, 7.979797979797979, 8.080808080808081, 8.181818181818182, 8.282828282828282, 8.383838383838384, 8.484848484848484, 8.585858585858587, 8.686868686868687, 8.787878787878787, 8.88888888888889, 8.98989898989899, 9.09090909090909, 9.191919191919192, 9.292929292929292, 9.393939393939394, 9.494949494949495, 9.595959595959595, 9.696969696969697, 9.797979797979798, 9.8989898989899, 10.0]","[(array(1.), [array(1.), array(1.), array(1.), array(1.), array(1.)]), (array(0.87279069), [array(0.63701618), array(0.74542883), array(0.85424992), array(0.94234393), array(0.98781075)]), (array(0.76942636), [array(0.39804954), array(0.54450577), array(0.71635571), array(0.87696385), array(0.97124588)]), (array(0.65808131), [array(0.2452496), array(0.39118245), array(0.59079637), array(0.80593981), array(0.94978054)]), (array(0.55448691), [array(0.14975116), array(0.27746542), array(0.48030374), array(0.73179522), array(0.92320236)]), (array(0.46115362), [array(0.09104864), array(0.19504532), array(0.38589627), array(0.65712694), array(0.89166074)]), (array(0.37937953), [array(0.05534994), array(0.13635732), array(0.30719881), array(0.58427416), array(0.85564708)]), (array(0.30939685), [array(0.03375816), array(0.0950942), array(0.24289001), array(0.5150954), array(0.81591596)]), (array(0.25063994), [array(0.02070949), array(0.06631634), array(0.19113991), array(0.45087355), array(0.77337227)]), (array(0.20204316), [array(0.01280064), array(0.04632954), array(0.14996194), array(0.39233566), array(0.7289581)]), (array(0.16230249), [array(0.00797953), array(0.03246264), array(0.11745005), array(0.33974673), array(0.6835642)]), (array(0.13007016), [array(0.0050183), array(0.02282959), array(0.09190931), array(0.29303365), array(0.63797722)]), (array(0.1040776), [array(0.00318375), array(0.01611906), array(0.07190537), array(0.25190323), array(0.59285807)]), (array(0.08319854), [array(0.00203699), array(0.0114273), array(0.05626359), array(0.21593779), array(0.54874228)]), (array(0.06647037), [array(0.00131376), array(0.00813368), array(0.04404193), array(0.18466269), array(0.50605076)]), (array(0.05309062), [array(0.00085374), array(0.00581192), array(0.03449464), array(0.15759031), array(0.46510433)]), (array(0.04240102), [array(0.00055878), array(0.00416862), array(0.02703596), array(0.13424705), array(0.42613906)]), (array(0.03386718), [array(0.00036822), array(0.00300103), array(0.02120778), array(0.1141882), array(0.38932014)]), (array(0.02705819), [array(0.00024425), array(0.00216845), array(0.01665264), array(0.09700569), array(0.35475469)]), (array(0.02162799), [array(0.00016309), array(0.0015728), array(0.01309197), array(0.08233126), array(0.32250373)]), (array(0.01729928), [array(0.00010961), array(0.00114531), array(0.01030822), array(0.06983408), array(0.29258615)]), (array(0.01384963), [array(7.41523601e-05), array(0.00083734), array(0.00812973), array(0.05921076), array(0.26496239)]), (array(0.01110031), [array(5.04795049e-05), array(0.0006146), array(0.00642271), array(0.05019265), array(0.23955882)]), (array(0.00890772), [array(3.45752253e-05), array(0.00045288), array(0.00508329), array(0.04254582), array(0.21628145)]), (array(0.00715769), [array(2.38242827e-05), array(0.00033501), array(0.00403081), array(0.03606782), array(0.19502239)]), (array(0.00575964), [array(1.65132913e-05), array(0.00024878), array(0.00320256), array(0.03058402), array(0.17566414)]), (array(0.00464163), [array(1.15115137e-05), array(0.00018545), array(0.0025496), array(0.02594338), array(0.15807989)]), (array(0.00374654), [array(8.06928678e-06), array(0.00013876), array(0.00203386), array(0.02201666), array(0.14214062)]), (array(0.00302893), [array(5.68674192e-06), array(0.00010421), array(0.0016257), array(0.0186939), array(0.12771918)]), (array(0.00245275), [array(4.02849017e-06), array(7.85343727e-05), array(0.00130206), array(0.01588175), array(0.11469223)]), (array(0.00198943), [array(2.86813208e-06), array(5.9393027e-05), array(0.00104493), array(0.0135011), array(0.10294173)]), (array(0.00161629), [array(2.05193986e-06), array(4.50694693e-05), array(0.00084024), array(0.01148501), array(0.09235585)]), (array(0.00131529), [array(1.4749331e-06), array(3.43134655e-05), array(0.00067697), array(0.00977691), array(0.08282958)]), (array(0.00107211), [array(1.065022e-06), array(2.62087586e-05), array(0.00054648), array(0.00832902), array(0.07426501)]), (array(0.00087532), [array(7.72436037e-07), array(2.00813784e-05), array(0.00044199), array(0.007101), array(0.06657139)]), (array(0.00071581), [array(5.62633791e-07), array(1.54337713e-05), array(0.00035816), array(0.00605883), array(0.05966506)]), (array(0.00058631), [array(4.11521584e-07), array(1.18973243e-05), array(0.00029076), array(0.0051738), array(0.05346921)]), (array(0.00048101), [array(3.02210467e-07), array(9.19799934e-06), array(0.00023649), array(0.00442169), array(0.0479136)]), (array(0.00039525), [array(2.22805328e-07), array(7.13138043e-06), array(0.00019269), array(0.00378208), array(0.04293424)]), (array(0.00032529), [array(1.64889019e-07), array(5.54446864e-06), array(0.00015729), array(0.00323774), array(0.03847293)]), (array(0.00026812), [array(1.22478891e-07), array(4.32238517e-06), array(0.00012861), array(0.00277411), array(0.03447692)]), (array(0.00022134), [array(9.13038874e-08), array(3.37859537e-06), array(0.00010535), array(0.00237891), array(0.0308985)]), (array(0.000183), [array(6.83019107e-08), array(2.64771341e-06), array(8.64409804e-05), array(0.00204178), array(0.02769456)]), (array(0.00015153), [array(5.12685275e-08), array(2.0801834e-06), array(7.1044664e-05), array(0.00175395), array(0.02482627)]), (array(0.00012566), [array(3.86103537e-08), array(1.63833528e-06), array(5.84869064e-05), array(0.001508), array(0.02225864)]), (array(0.00010435), [array(2.91711686e-08), array(1.29345088e-06), array(4.82269168e-05), array(0.00129767), array(0.01996023)]), (array(8.67833458e-05), [array(2.21087533e-08), array(1.02357353e-06), array(3.98301648e-05), array(0.00111764), array(0.01790279)]), (array(7.22751449e-05), [array(1.68074389e-08), array(8.11873399e-07), array(3.29470048e-05), array(0.00096342), array(0.016061)]), (array(6.02763984e-05), [array(1.28153611e-08), array(6.45408123e-07), array(2.72953567e-05), array(0.00083119), array(0.01441212)]), (array(5.03388235e-05), [array(9.79987412e-09), array(5.14205101e-07), array(2.26474781e-05), array(0.00071773), array(0.0129358)]), (array(4.20966651e-05), [array(7.51518366e-09), array(4.10557008e-07), array(1.88190748e-05), array(0.00062029), array(0.01161381)]), (array(3.5251101e-05), [array(5.77907659e-09), array(3.28492665e-07), array(1.56607785e-05), array(0.00053653), array(0.01042983)]), (array(2.95576308e-05), [array(4.45603379e-09), array(2.63374445e-07), array(1.30513247e-05), array(0.00046447), array(0.00936929)]), (array(2.4815908e-05), [array(3.44494416e-09), array(2.11591694e-07), array(1.08921033e-05), array(0.00040243), array(0.00841912)]), (array(2.08615282e-05), [array(2.67013434e-09), array(1.70326608e-07), array(9.10279471e-06), array(0.00034897), array(0.00756765)]), (array(1.75593877e-05), [array(2.07479777e-09), array(1.37375017e-07), array(7.61787347e-06), array(0.00030286), array(0.00680447)]), (array(1.47983033e-05), [array(1.6161643e-09), array(1.11008783e-07), array(6.383797e-06), array(0.00026306), array(0.00612025)]), (array(1.24866507e-05), [array(1.2619406e-09), array(8.98700604e-08), array(5.35675096e-06), array(0.00022867), array(0.00550667)]), (array(1.05488166e-05), [array(9.87672593e-10), array(7.28894719e-08), array(4.50081959e-06), array(0.00019894), array(0.00495628)]), (array(8.92231657e-06), [array(7.7479317e-10), array(5.92231171e-08), array(3.78652243e-06), array(0.00017321), array(0.00446245)]), (array(7.55544933e-06), [array(6.09166538e-10), array(4.82036042e-08), array(3.18962389e-06), array(0.00015094), array(0.00401922)]), (array(6.40537241e-06), [array(4.80002251e-10), array(3.93020411e-08), array(2.69017079e-06), array(0.00013163), array(0.0036213)]), (array(5.43654119e-06), [array(3.79042102e-10), array(3.20984333e-08), array(2.2717112e-06), array(0.00011488), array(0.00326394)]), (array(4.61942708e-06), [array(2.99950096e-10), array(2.62586107e-08), array(1.92066124e-06), array(0.00010033), array(0.00294292)]), (array(3.92946807e-06), [array(2.37853192e-10), array(2.15161851e-08), array(1.62579014e-06), array(8.77007838e-05), array(0.00265443)]), (array(3.34620663e-06), [array(1.88994458e-10), array(1.76583964e-08), array(1.37779985e-06), array(7.67161005e-05), array(0.00239509)]), (array(2.85258235e-06), [array(1.50470548e-10), array(1.45149959e-08), array(1.16898179e-06), array(6.71575516e-05), array(0.00216189)]), (array(2.43435151e-06), [array(1.20032563e-10), array(1.1949502e-08), array(9.92936635e-07), array(5.8833558e-05), array(0.00195212)]), (array(2.07960761e-06), [array(9.59345723e-11), array(9.85230504e-09), array(8.44344901e-07), array(5.15791214e-05), array(0.00176335)]), (array(1.77838582e-06), [array(7.68180917e-11), array(8.13521956e-09), array(7.18778917e-07), array(4.525202e-05), array(0.00159343)]), (array(1.52233645e-06), [array(6.1623811e-11), array(6.72717447e-09), array(6.12548667e-07), array(3.97295717e-05), array(0.00144041)]), (array(1.30445499e-06), [array(4.95239246e-11), array(5.5707923e-09), array(5.2257491e-07), array(3.49058606e-05), array(0.00130258)]), (array(1.11885854e-06), [array(3.98701864e-11), array(4.61967354e-09), array(4.46284926e-07), array(3.06893768e-05), array(0.00117837)]), (array(9.60600568e-07), [array(3.21539175e-11), array(3.83623446e-09), array(3.81526561e-07), array(2.7000995e-05), array(0.00106641)]), (array(8.25517267e-07), [array(2.59751485e-11), array(3.18998241e-09), array(3.26497272e-07), array(2.37722448e-05), array(0.00096544)]), (array(7.10099696e-07), [array(2.10187658e-11), array(2.65613876e-09), array(2.79685552e-07), array(2.09438308e-05), array(0.00087435)]), (array(6.11387611e-07), [array(1.70360256e-11), array(2.21453641e-09), array(2.39822429e-07), array(1.84643634e-05), array(0.00079216)]), (array(5.26880964e-07), [array(1.38302029e-11), array(1.8487367e-09), array(2.05841355e-07), array(1.62892732e-05), array(0.00071795)]), (array(4.54466063e-07), [array(1.12454179e-11), array(1.54531928e-09), array(1.76844841e-07), array(1.43798734e-05), array(0.00065094)]), (array(3.92354027e-07), [array(9.15793189e-12), array(1.29331213e-09), array(1.52076853e-07), array(1.27025619e-05), array(0.0005904)]), (array(3.39029288e-07), [array(7.46934029e-12), array(1.08373143e-09), array(1.30899783e-07), array(1.1228129e-05), array(0.00053569)]), (array(2.93206505e-07), [array(6.10124904e-12), array(9.09210996e-10), array(1.12775331e-07), array(9.93116658e-06), array(0.00048622)]), (array(2.537945e-07), [array(4.99109472e-12), array(7.63702181e-10), array(9.72485291e-08), array(8.7895557e-06), array(0.00044149)]), (array(2.19865991e-07), [array(4.08886388e-12), array(6.42231536e-10), array(8.39344473e-08), array(7.78402834e-06), array(0.00040101)]), (array(1.90632212e-07), [array(3.35450749e-12), array(5.40703958e-10), array(7.25070628e-08), array(6.8977872e-06), array(0.00036438)]), (array(1.65421567e-07), [array(2.75590287e-12), array(4.55743059e-10), array(6.26899611e-08), array(6.11617882e-06), array(0.00033122)]), (array(1.43661662e-07), [array(2.26724326e-12), array(3.84561352e-10), array(5.42485513e-08), array(5.42641123e-06), array(0.00030118)]), (array(1.24864212e-07), [array(1.86776263e-12), array(3.24854513e-10), array(4.69835353e-08), array(4.81730954e-06), array(0.00027396)]), (array(1.08612269e-07), [array(1.54072445e-12), array(2.74715112e-10), array(4.07254208e-08), array(4.27910406e-06), array(0.00024929)]), (array(9.45494936e-08), [array(1.27262091e-12), array(2.3256256e-10), array(3.53299619e-08), array(3.8032512e-06), array(0.00022692)]), (array(8.23710495e-08), [array(1.05253084e-12), array(1.97085069e-10), array(3.06742283e-08), array(3.38227003e-06), array(0.00020663)]), (array(7.18159357e-08), [array(8.71612892e-13), array(1.6719286e-10), array(2.66533894e-08), array(3.00960876e-06), array(0.00018823)]), (array(6.26604733e-08), [array(7.22697628e-13), array(1.4197929e-10), array(2.31779368e-08), array(2.67952294e-06), array(0.00017152)]), (array(5.47127991e-08), [array(5.99964547e-13), array(1.20689444e-10), array(2.01714113e-08), array(2.38697616e-06), array(0.00015635)]), (array(4.78082511e-08), [array(4.98680482e-13), array(1.02693827e-10), array(1.75684156e-08), array(2.12754758e-06), array(0.00014257)]), (array(4.18053155e-08), [array(4.14991326e-13), array(8.74669634e-11), array(1.53129696e-08), array(1.8973548e-06), array(0.00013004)]), (array(3.65822781e-08), [array(3.45754441e-13), array(7.45697082e-11), array(1.33571113e-08), array(1.6929861e-06), array(0.00011866)]), (array(3.20344233e-08), [array(2.88403833e-13), array(6.36346532e-11), array(1.16597125e-08), array(1.51144151e-06), array(0.00010831)]), (array(2.80715419e-08), [array(2.40841536e-13), array(5.43540673e-11), array(1.01854746e-08), array(1.35008149e-06), array(9.8901714e-05)]), (array(2.46158685e-08), [array(2.0134999e-13), array(4.6469923e-11), array(8.904076e-09), array(1.20658219e-06), array(9.03370187e-05)])]",0.4927591934667621,1.2860978601201072,1.93946676870532e-06,"Inference data with groups:
	> posterior
	> sample_stats
	> observed_data","Inference data with groups:
	> posterior_predictive
	> observed_data","Inference data with groups:
	> prior
	> prior_predictive
	> observed_data",<pyhf.pdf.Model object at 0x7f4f40a7d5b0>
0.2,1.4787340020490227,1.2096314644591444,0.5394920584991234,0.7712163560843924,2.0803692453845386,3.6636397538165464,2.6195364837056788e-05,2.3692231055825544e-05,1.5822385077416746e-05,1.8917665309810003e-05,3.107059959897502e-05,4.123213311781339e-05,464.0436603173223,"[0.0, 0.10101010101010101, 0.20202020202020202, 0.30303030303030304, 0.40404040404040403, 0.5050505050505051, 0.6060606060606061, 0.7070707070707071, 0.8080808080808081, 0.9090909090909091, 1.0101010101010102, 1.1111111111111112, 1.2121212121212122, 1.3131313131313131, 1.4141414141414141, 1.5151515151515151, 1.6161616161616161, 1.7171717171717171, 1.8181818181818181, 1.9191919191919191, 2.0202020202020203, 2.121212121212121, 2.2222222222222223, 2.323232323232323, 2.4242424242424243, 2.525252525252525, 2.6262626262626263, 2.727272727272727, 2.8282828282828283, 2.929292929292929, 3.0303030303030303, 3.131313131313131, 3.2323232323232323, 3.3333333333333335, 3.4343434343434343, 3.5353535353535355, 3.6363636363636362, 3.7373737373737375, 3.8383838383838382, 3.9393939393939394, 4.040404040404041, 4.141414141414141, 4.242424242424242, 4.343434343434343, 4.444444444444445, 4.545454545454545, 4.646464646464646, 4.747474747474747, 4.848484848484849, 4.94949494949495, 5.05050505050505, 5.151515151515151, 5.252525252525253, 5.353535353535354, 5.454545454545454, 5.555555555555555, 5.656565656565657, 5.757575757575758, 5.858585858585858, 5.959595959595959, 6.0606060606060606, 6.161616161616162, 6.262626262626262, 6.363636363636363, 6.4646464646464645, 6.565656565656566, 6.666666666666667, 6.767676767676767, 6.8686868686868685, 6.96969696969697, 7.070707070707071, 7.171717171717171, 7.2727272727272725, 7.373737373737374, 7.474747474747475, 7.575757575757575, 7.6767676767676765, 7.777777777777778, 7.878787878787879, 7.979797979797979, 8.080808080808081, 8.181818181818182, 8.282828282828282, 8.383838383838384, 8.484848484848484, 8.585858585858587, 8.686868686868687, 8.787878787878787, 8.88888888888889, 8.98989898989899, 9.09090909090909, 9.191919191919192, 9.292929292929292, 9.393939393939394, 9.494949494949495, 9.595959595959595, 9.696969696969697, 9.797979797979798, 9.8989898989899, 10.0]","[(array(1.), [array(1.), array(1.), array(1.), array(1.), array(1.)]), (array(0.88217386), [array(0.66251272), array(0.76496542), array(0.8664366), array(0.94758172), array(0.98901052)]), (array(0.79314333), [array(0.43191588), array(0.57532824), array(0.73919384), array(0.888624), array(0.9744188)]), (array(0.71789363), [array(0.27844562), array(0.42688555), array(0.6220614), array(0.82480675), array(0.95584922)]), (array(0.62600926), [array(0.17834979), array(0.31359478), array(0.51747094), array(0.75814643), array(0.933162)]), (array(0.53986605), [array(0.11398857), array(0.22885893), array(0.42648805), array(0.69071529), array(0.90647924)]), (array(0.4612316), [array(0.07296292), array(0.16643498), array(0.34903716), array(0.62439605), array(0.87616463)]), (array(0.39106293), [array(0.04691104), array(0.12092984), array(0.28423444), array(0.56071712), array(0.84276595)]), (array(0.32961285), [array(0.03036249), array(0.08797164), array(0.23072697), array(0.50078343), array(0.80694025)]), (array(0.27660118), [array(0.0198122), array(0.06417199), array(0.18696812), array(0.44528149), array(0.76937737)]), (array(0.2314004), [array(0.01304489), array(0.04699011), array(0.1514163), array(0.39454188), array(0.73074172)]), (array(0.19319623), [array(0.00867007), array(0.03456296), array(0.12265073), array(0.34861969), array(0.69163232)]), (array(0.16110969), [array(0.00581678), array(0.025545), array(0.09942758), array(0.30737758), array(0.65256362)]), (array(0.13427908), [array(0.00393838), array(0.01897309), array(0.08069453), array(0.27055649), array(0.61396094)]), (array(0.11190764), [array(0.00269003), array(0.01416077), array(0.06558133), array(0.23783004), array(0.57616522)]), (array(0.09328644), [array(0.00185267), array(0.01061916), array(0.05337889), array(0.20884285), array(0.53944204)]), (array(0.07780054), [array(0.00128596), array(0.00799951), array(0.04351481), array(0.18323582), array(0.50399231)]), (array(0.06492595), [array(0.00089915), array(0.0060522), array(0.03552961), array(0.16066196), array(0.46996279)]), (array(0.05422115), [array(0.00063302), array(0.00459775), array(0.0290554), array(0.14079516), array(0.4374555)]), (array(0.04531714), [array(0.00044853), array(0.0035065), array(0.02379797), array(0.12333471), array(0.40653591)]), (array(0.03790694), [array(0.00031975), array(0.00268423), array(0.01952199), array(0.10800688), array(0.37723999)]), (array(0.03173598), [array(0.00022927), array(0.00206216), array(0.016039), array(0.09456475), array(0.34957996)]), (array(0.02659347), [array(0.0001653), array(0.00158976), array(0.01319791), array(0.08278716), array(0.32354932)]), (array(0.02230505), [array(0.00011981), array(0.00122976), array(0.01087736), array(0.07247701), array(0.29912709)]), (array(0.01872645), [array(8.73032011e-05), array(0.00095452), array(0.00897971), array(0.06345938), array(0.27628132)]), (array(0.01573813), [array(6.39412697e-05), array(0.00074338), array(0.00742584), array(0.05557731), array(0.25496597)]), (array(0.01324096), [array(4.70637778e-05), array(0.00058086), array(0.00615142), array(0.04868957), array(0.23512065)]), (array(0.01115285), [array(3.48080746e-05), array(0.00045534), array(0.0051045), array(0.0426717), array(0.21667951)]), (array(0.00940537), [array(2.58645948e-05), array(0.00035807), array(0.00424314), array(0.03741438), array(0.19957362)]), (array(0.00794147), [array(1.93072026e-05), array(0.00028247), array(0.00353334), array(0.03282174), array(0.18373241)]), (array(0.00671386), [array(1.44769604e-05), array(0.00022352), array(0.00294752), array(0.0288095), array(0.16908379)]), (array(0.00568329), [array(1.09025385e-05), array(0.00017741), array(0.00246319), array(0.02530347), array(0.15555442)]), (array(0.00481721), [array(8.24552428e-06), array(0.00014123), array(0.00206209), array(0.02223878), array(0.143072)]), (array(0.00408856), [array(6.26165706e-06), array(0.00011276), array(0.00172931), array(0.01955859), array(0.13156521)]), (array(0.00347478), [array(4.7740003e-06), array(9.0280288e-05), array(0.00145273), array(0.01721343), array(0.12096554)]), (array(0.00295713), [array(3.6537823e-06), array(7.24807417e-05), array(0.00122244), array(0.01516025), array(0.11120765)]), (array(0.00251996), [array(2.8068349e-06), array(5.83460257e-05), array(0.00103037), array(0.01336162), array(0.10222959)]), (array(0.00215028), [array(2.16398665e-06), array(4.70899287e-05), array(0.0008699), array(0.011785), array(0.09397287)]), (array(0.00183724), [array(1.67420119e-06), array(3.81015921e-05), array(0.00073559), array(0.01040207), array(0.08638255)]), (array(0.00157182), [array(1.29966118e-06), array(3.09049382e-05), array(0.000623), array(0.00918825), array(0.07940715)]), (array(0.00134647), [array(1.01222766e-06), array(2.51278098e-05), array(0.00052846), array(0.00812211), array(0.07299862)]), (array(0.00115489), [array(7.90878767e-07), array(2.04784346e-05), array(0.00044895), array(0.00718503), array(0.06711218)]), (array(0.00099181), [array(6.19848076e-07), array(1.6727405e-05), array(0.00038197), array(0.00636082), array(0.06170627)]), (array(0.00085282), [array(4.8726576e-07), array(1.36938418e-05), array(0.00032545), array(0.00563536), array(0.05674229)]), (array(0.00073419), [array(3.84162655e-07), array(1.12347412e-05), array(0.0002777), array(0.00499635), array(0.05218455)]), (array(0.00063283), [array(3.03737091e-07), array(9.23674156e-06), array(0.00023729), array(0.00443308), array(0.04800002)]), (array(0.00054611), [array(2.40813194e-07), array(7.60974732e-06), array(0.00020304), array(0.00393622), array(0.04415826)]), (array(0.00047182), [array(1.91438938e-07), array(6.28197224e-06), array(0.00017397), array(0.00349762), array(0.04063116)]), (array(0.00040811), [array(1.52586776e-07), array(5.19607549e-06), array(0.00014926), array(0.00311015), array(0.03739285)]), (array(0.0003534), [array(1.21929967e-07), array(4.30614458e-06), array(0.00012822), array(0.00276762), array(0.03441951)]), (array(0.00030636), [array(9.76747831e-08), array(3.57533075e-06), array(0.0001103), array(0.00246458), array(0.03168926)]), (array(0.00026588), [array(7.84342101e-08), array(2.97399143e-06), array(9.49945403e-05), array(0.00219629), array(0.02918198)]), (array(0.000231), [array(6.3132554e-08), array(2.47822716e-06), array(8.19172269e-05), array(0.00195859), array(0.02687918)]), (array(0.00020091), [array(5.09331647e-08), array(2.06872653e-06), array(7.07260408e-05), array(0.00174784), array(0.02476392)]), (array(0.00017492), [array(4.11834853e-08), array(1.72985164e-06), array(6.11366264e-05), array(0.00156086), array(0.02282062)]), (array(0.00015245), [array(3.33731542e-08), array(1.44891277e-06), array(5.29093415e-05), array(0.00139484), array(0.02103503)]), (array(0.000133), [array(2.71019518e-08), array(1.2155912e-06), array(4.58419364e-05), array(0.00124733), array(0.01939404)]), (array(0.00011615), [array(2.20552162e-08), array(1.02147945e-06), array(3.97634855e-05), array(0.00111617), array(0.01788568)]), (array(0.00010153), [array(1.79849221e-08), array(8.59713666e-07), array(3.45293352e-05), array(0.00099948), array(0.01649895)]), (array(8.88425798e-05), [array(1.46950848e-08), array(7.24679437e-07), array(3.00169013e-05), array(0.00089557), array(0.01522378)]), (array(7.78128004e-05), [array(1.20304661e-08), array(6.11775701e-07), array(2.61221655e-05), array(0.000803), array(0.01405095)]), (array(6.82165674e-05), [array(9.86781072e-09), array(5.17224829e-07), array(2.2756746e-05), array(0.00072046), array(0.01297199)]), (array(5.98592662e-05), [array(8.10903235e-09), array(4.379197e-07), array(1.9845453e-05), array(0.00064681), array(0.01197918)]), (array(5.25738186e-05), [array(6.67589601e-09), array(3.71300099e-07), array(1.73242368e-05), array(0.00058107), array(0.0110654)]), (array(4.62166295e-05), [array(5.5058639e-09), array(3.15252845e-07), array(1.51384715e-05), array(0.00052233), array(0.01022418)]), (array(4.06641554e-05), [array(4.54883683e-09), array(2.68030719e-07), array(1.32415096e-05), array(0.00046983), array(0.00944956)]), (array(3.58099915e-05), [array(3.76459613e-09), array(2.28186715e-07), array(1.15934704e-05), array(0.00042286), array(0.00873608)]), (array(3.15623991e-05), [array(3.12078769e-09), array(1.94520466e-07), array(1.01602171e-05), array(0.00038081), array(0.00807876)]), (array(2.78422019e-05), [array(2.59133181e-09), array(1.66034632e-07), array(8.91249607e-06), array(0.00034315), array(0.00747301)]), (array(2.45809981e-05), [array(2.15516448e-09), array(1.41899245e-07), array(7.82520933e-06), array(0.0003094), array(0.00691464)]), (array(2.17196325e-05), [array(1.79523994e-09), array(1.21422562e-07), array(6.87680023e-06), array(0.00027914), array(0.00639981)]), (array(1.92068989e-05), [array(1.49773777e-09), array(1.04027169e-07), array(6.048733e-06), array(0.00025198), array(0.005925)]), (array(1.69984272e-05), [array(1.25143181e-09), array(8.92303721e-08), array(5.32505204e-06), array(0.00022759), array(0.00548698)]), (array(1.50557337e-05), [array(1.04718653e-09), array(7.66280688e-08), array(4.69200812e-06), array(0.00020568), array(0.00508278)]), (array(1.33454095e-05), [array(8.77554437e-10), array(6.58814711e-08), array(4.13774071e-06), array(0.00018598), array(0.0047097)]), (array(1.18384232e-05), [array(7.36453469e-10), array(5.67061485e-08), array(3.65200783e-06), array(0.00016826), array(0.00436525)]), (array(1.0509525e-05), [array(6.18908173e-10), array(4.88629792e-08), array(3.22595627e-06), array(0.00015231), array(0.00404713)]), (array(9.33673368e-06), [array(5.20841444e-10), array(4.21506575e-08), array(2.85192533e-06), array(0.00013795), array(0.00375326)]), (array(8.30089609e-06), [array(4.38906849e-10), array(3.63994912e-08), array(2.52327982e-06), array(0.00012501), array(0.00348171)]), (array(7.38530928e-06), [array(3.70353175e-10), array(3.14662469e-08), array(2.23426695e-06), array(0.00011335), array(0.00323071)]), (array(6.57539336e-06), [array(3.12914994e-10), array(2.72298716e-08), array(1.97989434e-06), array(0.00010282), array(0.00299865)]), (array(5.85841167e-06), [array(2.64723961e-10), array(2.35879286e-08), array(1.75582536e-06), array(9.33243487e-05), array(0.00278404)]), (array(5.22322769e-06), [array(2.24236838e-10), array(2.04536256e-08), array(1.55828936e-06), array(8.47462836e-05), array(0.00258551)]), (array(4.66009601e-06), [array(1.90177016e-10), array(1.77533377e-08), array(1.38400494e-06), array(7.69955211e-05), array(0.0024018)]), (array(4.16048146e-06), [array(1.61486875e-10), array(1.54245331e-08), array(1.23011375e-06), array(6.99885325e-05), array(0.00223176)]), (array(3.71690296e-06), [array(1.37288956e-10), array(1.34140408e-08), array(1.09412381e-06), array(6.36505996e-05), array(0.00207433)]), (array(3.32279765e-06), [array(1.16854225e-10), array(1.16765956e-08), array(9.73860592e-07), array(5.79148438e-05), array(0.00192854)]), (array(2.97240403e-06), [array(9.95761134e-11), array(1.01736193e-08), array(8.67424923e-07), array(5.27213698e-05), array(0.00179348)]), (array(2.6606599e-06), [array(8.49492557e-11), array(8.87219536e-09), array(7.73156705e-07), array(4.80165049e-05), array(0.00166833)]), (array(2.38311407e-06), [array(7.25520312e-11), array(7.74420782e-09), array(6.8960361e-07), array(4.37521263e-05), array(0.00155233)]), (array(2.13584968e-06), [array(6.20322187e-11), array(6.7656146e-09), array(6.15494014e-07), array(3.98850626e-05), array(0.00144479)]), (array(1.91541743e-06), [array(5.3095183e-11), array(5.91583497e-09), array(5.49713563e-07), array(3.63765613e-05), array(0.00134505)]), (array(1.71877752e-06), [array(4.54941475e-11), array(5.17723313e-09), array(4.91284977e-07), array(3.31918189e-05), array(0.00125254)]), (array(1.54324903e-06), [array(3.90221558e-11), array(4.53468093e-09), array(4.39350482e-07), array(3.02995609e-05), array(0.00116669)]), (array(1.38646591e-06), [array(3.35054315e-11), array(3.97518824e-09), array(3.93156618e-07), array(2.76716692e-05), array(0.00108702)]), (array(1.24633839e-06), [array(2.87978762e-11), array(3.48758919e-09), array(3.52041014e-07), array(2.52828488e-05), array(0.00101305)]), (array(1.12101957e-06), [array(2.47765158e-11), array(3.06227685e-09), array(3.1542095e-07), array(2.31103332e-05), array(0.00094436)]), (array(1.00887588e-06), [array(2.13377166e-11), array(2.69097738e-09), array(2.8278339e-07), array(2.11336211e-05), array(0.00088055)]), (array(9.08461569e-07), [array(1.83940407e-11), array(2.36655815e-09), array(2.53676304e-07), array(1.93342405e-05), array(0.00082127)]), (array(8.18496202e-07), [array(1.58716306e-11), array(2.08286456e-09), array(2.27701122e-07), array(1.76955403e-05), array(0.00076617)])]",0.6520178188099994,1.635406341698035,2.754813868317999e-05,"Inference data with groups:
	> posterior
	> sample_stats
	> observed_data","Inference data with groups:
	> posterior_predictive
	> observed_data","Inference data with groups:
	> prior
	> prior_predictive
	> observed_data",<pyhf.pdf.Model object at 0x7f4f4110dca0>
0.3,1.7485110489569187,1.303706209449432,0.5736145236432293,0.8211260902443306,2.2732753685153333,4.077400280609825,0.00033945140967584945,0.00029311179365833017,0.0001944256213343885,0.0002326206965432117,0.00038705211878666386,0.0005183643196633494,65900.21813111256,"[0.0, 0.10101010101010101, 0.20202020202020202, 0.30303030303030304, 0.40404040404040403, 0.5050505050505051, 0.6060606060606061, 0.7070707070707071, 0.8080808080808081, 0.9090909090909091, 1.0101010101010102, 1.1111111111111112, 1.2121212121212122, 1.3131313131313131, 1.4141414141414141, 1.5151515151515151, 1.6161616161616161, 1.7171717171717171, 1.8181818181818181, 1.9191919191919191, 2.0202020202020203, 2.121212121212121, 2.2222222222222223, 2.323232323232323, 2.4242424242424243, 2.525252525252525, 2.6262626262626263, 2.727272727272727, 2.8282828282828283, 2.929292929292929, 3.0303030303030303, 3.131313131313131, 3.2323232323232323, 3.3333333333333335, 3.4343434343434343, 3.5353535353535355, 3.6363636363636362, 3.7373737373737375, 3.8383838383838382, 3.9393939393939394, 4.040404040404041, 4.141414141414141, 4.242424242424242, 4.343434343434343, 4.444444444444445, 4.545454545454545, 4.646464646464646, 4.747474747474747, 4.848484848484849, 4.94949494949495, 5.05050505050505, 5.151515151515151, 5.252525252525253, 5.353535353535354, 5.454545454545454, 5.555555555555555, 5.656565656565657, 5.757575757575758, 5.858585858585858, 5.959595959595959, 6.0606060606060606, 6.161616161616162, 6.262626262626262, 6.363636363636363, 6.4646464646464645, 6.565656565656566, 6.666666666666667, 6.767676767676767, 6.8686868686868685, 6.96969696969697, 7.070707070707071, 7.171717171717171, 7.2727272727272725, 7.373737373737374, 7.474747474747475, 7.575757575757575, 7.6767676767676765, 7.777777777777778, 7.878787878787879, 7.979797979797979, 8.080808080808081, 8.181818181818182, 8.282828282828282, 8.383838383838384, 8.484848484848484, 8.585858585858587, 8.686868686868687, 8.787878787878787, 8.88888888888889, 8.98989898989899, 9.09090909090909, 9.191919191919192, 9.292929292929292, 9.393939393939394, 9.494949494949495, 9.595959595959595, 9.696969696969697, 9.797979797979798, 9.8989898989899, 10.0]","[(array(1.), [array(1.), array(1.), array(1.), array(1.), array(1.)]), (array(0.88791943), [array(0.67824424), array(0.77687115), array(0.87377168), array(0.9506954), array(0.98971493)]), (array(0.80197162), [array(0.45352238), array(0.59452106), array(0.75307308), array(0.89553947), array(0.9762552)]), (array(0.7359722), [array(0.30033086), array(0.44959926), array(0.64125303), array(0.83597999), array(0.95931619)]), (array(0.68517816), [array(0.19782172), array(0.33707656), array(0.54052558), array(0.77374367), array(0.93878618)]), (array(0.61764435), [array(0.13011564), array(0.25131756), array(0.45195276), array(0.71061186), array(0.91476557)]), (array(0.54398397), [array(0.08574858), array(0.18686254), array(0.37561151), array(0.64822022), array(0.88754989)]), (array(0.4755212), [array(0.05677241), array(0.13888549), array(0.31085669), array(0.58792063), array(0.85758438)]), (array(0.41313697), [array(0.03783888), array(0.10338376), array(0.25659964), array(0.53071887), array(0.82540554)]), (array(0.35721771), [array(0.02542274), array(0.07718317), array(0.21154165), array(0.47727148), array(0.79158066)]), (array(0.30775506), [array(0.01723217), array(0.05784855), array(0.17434993), array(0.42793099), array(0.75666113)]), (array(0.2644581), [array(0.01178808), array(0.0435536), array(0.14376644), array(0.38280821), array(0.7211495)]), (array(0.22685983), [array(0.00813832), array(0.0329497), array(0.11866626), array(0.34183915), array(0.68548274)]), (array(0.19440273), [array(0.00566912), array(0.02505041), array(0.09807904), array(0.30484417), array(0.65002717)]), (array(0.16650184), [array(0.00398311), array(0.01913772), array(0.08118781), array(0.27157482), array(0.61508133)]), (array(0.1425861), [array(0.00282134), array(0.01468967), array(0.06731556), array(0.24174803), array(0.58088259)]), (array(0.12212407), [array(0.00201375), array(0.01132642), array(0.05590705), array(0.21506959), array(0.54761556)]), (array(0.10463535), [array(0.00144763), array(0.00877069), array(0.04650957), array(0.19124916), array(0.51542035)]), (array(0.08969511), [array(0.00104764), array(0.00681922), array(0.03875527), array(0.1700094), array(0.48440021)]), (array(0.07693292), [array(0.00076293), array(0.00532231), array(0.0323456), array(0.15109088), array(0.45462801)]), (array(0.06602898), [array(0.00055886), array(0.00416909), array(0.0270382), array(0.13425441), array(0.42615197)]), (array(0.05670903), [array(0.00041164), array(0.00327703), array(0.02263615), array(0.11928157), array(0.39900002)]), (array(0.04873886), [array(0.00030479), array(0.00258435), array(0.01897916), array(0.10597432), array(0.37318389)]), (array(0.04191904), [array(0.0002268), array(0.00204456), array(0.01593656), array(0.09415396), array(0.34870206)]), (array(0.03607998), [array(0.00016958), array(0.0016225), array(0.01340157), array(0.08365995), array(0.32554273)]), (array(0.03107755), [array(0.00012739), array(0.00129146), array(0.01128673), array(0.07434822), array(0.30368554)]), (array(0.02678932), [array(9.61257921e-05), array(0.00103106), array(0.0095203), array(0.06609003), array(0.28310402)]), (array(0.02311123), [array(7.28649404e-05), array(0.00082565), array(0.00804329), array(0.05877043), array(0.26376701)]), (array(0.01995466), [array(5.5480201e-05), array(0.00066317), array(0.00680679), array(0.05228522), array(0.24563505)]), (array(0.01724395), [array(4.24261091e-05), array(0.00053425), array(0.00576993), array(0.04653857), array(0.22865674)]), (array(0.01491472), [array(3.25790155e-05), array(0.00043162), array(0.00489901), array(0.04144516), array(0.2127778)]), (array(0.01291219), [array(2.51183159e-05), array(0.00034968), array(0.00416627), array(0.03692942), array(0.197943)]), (array(0.01118969), [array(1.94416592e-05), array(0.00028407), array(0.00354877), array(0.03292448), array(0.18409704)]), (array(0.00970714), [array(1.51047252e-05), array(0.00023138), array(0.00302755), array(0.02937124), array(0.17118516)]), (array(0.0084299), [array(1.17782113e-05), array(0.00018895), array(0.00258689), array(0.02621747), array(0.15915365)]), (array(0.00732844), [array(9.21694467e-06), array(0.00015469), array(0.00221376), array(0.02341705), array(0.14795028)]), (array(0.00637762), [array(7.23758106e-06), array(0.00012695), array(0.00189733), array(0.02092925), array(0.13752455)]), (array(0.005556), [array(5.70238775e-06), array(0.00010444), array(0.00162857), array(0.01871807), array(0.12782762)]), (array(0.0048453), [array(4.50745593e-06), array(8.61228791e-05), array(0.00139994), array(0.0167516), array(0.11881225)]), (array(0.00422993), [array(3.57416138e-06), array(7.11799437e-05), array(0.00120514), array(0.01500172), array(0.11043345)]), (array(0.00369655), [array(2.84277993e-06), array(5.89604958e-05), array(0.00103892), array(0.01344361), array(0.10264856)]), (array(0.00323378), [array(2.26777058e-06), array(4.89444869e-05), array(0.00089687), array(0.0120554), array(0.09541725)]), (array(0.00283186), [array(1.81427957e-06), array(4.07156661e-05), array(0.0007753), array(0.01081777), array(0.08870153)]), (array(0.00248244), [array(1.45553286e-06), array(3.39399162e-05), array(0.00067111), array(0.00971368), array(0.08246561)]), (array(0.00217835), [array(1.17089534e-06), array(2.83484322e-05), array(0.00058168), array(0.00872808), array(0.07667595)]), (array(0.00191342), [array(9.4440725e-07), array(2.37243712e-05), array(0.00050482), array(0.00784769), array(0.07130108)]), (array(0.00168238), [array(7.63684607e-07), array(1.98923858e-05), array(0.00043867), array(0.00706076), array(0.06631159)]), (array(0.00148068), [array(6.19087341e-07), array(1.67103453e-05), array(0.00038166), array(0.0063569), array(0.06168001)]), (array(0.00130442), [array(5.03087921e-07), array(1.40627731e-05), array(0.00033246), array(0.00572695), array(0.05738068)]), (array(0.00115024), [array(4.09790659e-07), array(1.18556348e-05), array(0.00028995), array(0.00516275), array(0.05338971)]), (array(0.00101523), [array(3.34564345e-07), array(1.00121861e-05), array(0.00025317), array(0.00465714), array(0.04968484)]), (array(0.0008969), [array(2.73760643e-07), array(8.46965819e-06), array(0.00022131), array(0.00420371), array(0.04624537)]), (array(0.00079309), [array(2.24497472e-07), array(7.17660317e-06), array(0.00019368), array(0.00379683), array(0.04305205)]), (array(0.00070192), [array(1.84491887e-07), array(6.0907651e-06), array(0.00016968), array(0.00343148), array(0.04008701)]), (array(0.00062178), [array(1.51930746e-07), array(5.17736744e-06), array(0.00014882), array(0.0031032), array(0.03733363)]), (array(0.00055128), [array(1.25370313e-07), array(4.40773241e-06), array(0.00013067), array(0.00280806), array(0.0347765)]), (array(0.00048919), [array(1.03658112e-07), array(3.75816588e-06), array(0.00011484), array(0.00254253), array(0.03240134)]), (array(0.00043446), [array(8.58719043e-08), array(3.20905405e-06), array(0.00010104), array(0.0023035), array(0.03019487)]), (array(0.00038618), [array(7.127193e-08), array(2.74413088e-06), array(8.89890692e-05), array(0.00208818), array(0.02814481)]), (array(0.00034355), [array(5.92634184e-08), array(2.34988226e-06), array(7.84513934e-05), array(0.00189411), array(0.02623976)]), (array(0.00030587), [array(4.93670788e-08), array(2.01506051e-06), array(6.92289618e-05), array(0.00171907), array(0.02446917)]), (array(0.00027255), [array(4.11958199e-08), array(1.73028806e-06), array(6.11491966e-05), array(0.00156111), array(0.02282326)]), (array(0.00024304), [array(3.44363348e-08), array(1.48773331e-06), array(5.40632663e-05), array(0.00141847), array(0.02129297)]), (array(0.0002169), [array(2.88344956e-08), array(1.28084475e-06), array(4.78426651e-05), array(0.0012896), array(0.0198699)]), (array(0.00019372), [array(2.41837519e-08), array(1.10413305e-06), array(4.23763146e-05), array(0.00117308), array(0.01854629)]), (array(0.00017315), [array(2.03158768e-08), array(9.52991243e-07), array(3.75680839e-05), array(0.00106768), array(0.01731494)]), (array(0.00015488), [array(1.70935902e-08), array(8.23547099e-07), array(3.33346927e-05), array(0.00097229), array(0.01616918)]), (array(0.00013864), [array(1.44046438e-08), array(7.12540807e-07), array(2.96039088e-05), array(0.00088589), array(0.01510284)]), (array(0.00012419), [array(1.21570853e-08), array(6.17224096e-07), array(2.63130181e-05), array(0.0008076), array(0.0141102)]), (array(0.00011133), [array(1.02754473e-08), array(5.35276515e-07), array(2.34075113e-05), array(0.00073662), array(0.01318596)]), (array(9.98659962e-05), [array(8.69768208e-09), array(4.64736145e-07), array(2.08399656e-05), array(0.00067223), array(0.01232524)]), (array(8.96475568e-05), [array(7.37267053e-09), array(4.03941211e-07), array(1.85690574e-05), array(0.00061378), array(0.01152347)]), (array(8.05298494e-05), [array(6.25825269e-09), array(3.51483565e-07), array(1.65587919e-05), array(0.0005607), array(0.01077646)]), (array(7.23883615e-05), [array(5.31956438e-09), array(3.06166763e-07), array(1.47777242e-05), array(0.00051246), array(0.01008031)]), (array(6.51133422e-05), [array(4.5277504e-09), array(2.66974027e-07), array(1.31984019e-05), array(0.00046861), array(0.00943141)]), (array(5.86079626e-05), [array(3.85887963e-09), array(2.33039651e-07), array(1.17968159e-05), array(0.00042873), array(0.00882641)]), (array(5.27867282e-05), [array(3.29307461e-09), array(2.03625697e-07), array(1.05519522e-05), array(0.00039242), array(0.00826221)]), (array(4.75740922e-05), [array(2.81379887e-09), array(1.7810234e-07), array(9.44540135e-06), array(0.00035937), array(0.00773593)]), (array(4.29032462e-05), [array(2.40727404e-09), array(1.55931367e-07), array(8.46102033e-06), array(0.00032925), array(0.00724492)]), (array(3.87150639e-05), [array(2.06200241e-09), array(1.36652285e-07), array(7.58464105e-06), array(0.0003018), array(0.0067867)]), (array(3.49571778e-05), [array(1.76837509e-09), array(1.19870632e-07), array(6.80381748e-06), array(0.00027677), array(0.00635898)]), (array(3.15831721e-05), [array(1.51834999e-09), array(1.05248106e-07), array(6.10760681e-06), array(0.00025393), array(0.00595963)]), (array(2.85518754e-05), [array(1.30518671e-09), array(9.2494238e-08), array(5.48637956e-06), array(0.00023308), array(0.0055867)]), (array(2.58267416e-05), [array(1.12322781e-09), array(8.13593423e-08), array(4.93165464e-06), array(0.00021404), array(0.00523834)]), (array(2.33753069e-05), [array(9.67718312e-10), array(7.16285527e-08), array(4.43595625e-06), array(0.00019664), array(0.00491286)]), (array(2.11687129e-05), [array(8.34656258e-10), array(6.31167628e-08), array(3.99268919e-06), array(0.00018074), array(0.00460869)]), (array(1.91812886e-05), [array(7.20668999e-10), array(5.56643324e-08), array(3.5960304e-06), array(0.00016619), array(0.00432436)]), (array(1.7390182e-05), [array(6.22910475e-10), array(4.91334368e-08), array(3.24083442e-06), array(0.00015288), array(0.00405852)]), (array(1.57750368e-05), [array(5.38975922e-10), array(4.34049623e-08), array(2.92255099e-06), array(0.00014069), array(0.00380991)]), (array(1.43177074e-05), [array(4.66830855e-10), array(3.83758593e-08), array(2.63715299e-06), array(0.00012953), array(0.00357735)]), (array(1.30020083e-05), [array(4.04751922e-10), array(3.39568863e-08), array(2.38107358e-06), array(0.00011931), array(0.00335976)]), (array(1.18134922e-05), [array(3.51277529e-10), array(3.00706823e-08), array(2.15115121e-06), array(0.00010994), array(0.00315612)]), (array(1.07392556e-05), [array(3.0516659e-10), array(2.66501197e-08), array(1.94458147e-06), array(0.00010134), array(0.00296551)]), (array(9.76776582e-06), [array(2.65364011e-10), array(2.36368944e-08), array(1.75887489e-06), array(9.34552042e-05), array(0.00278703)]), (array(8.88870899e-06), [array(2.30971691e-10), array(2.09803115e-08), array(1.59181957e-06), array(8.62170333e-05), array(0.00261989)]), (array(8.09285606e-06), [array(2.01224602e-10), array(1.86362756e-08), array(1.44145041e-06), array(7.95706615e-05), array(0.00246332)]), (array(7.37194252e-06), [array(1.7546994e-10), array(1.65663656e-08), array(1.30601834e-06), array(7.34651417e-05), array(0.00231663)]), (array(6.71856298e-06), [array(1.53150053e-10), array(1.47370741e-08), array(1.18396544e-06), array(6.7854093e-05), array(0.00217915)]), (array(6.1260794e-06), [array(1.33788518e-10), array(1.3119191e-08), array(1.07390571e-06), array(6.26953926e-05), array(0.00205028)]), (array(5.5885363e-06), [array(1.16977363e-10), array(1.16871883e-08), array(9.74602378e-07), array(5.79506344e-05), array(0.00192946)])]",0.7332206895854885,1.8196787847582594,0.00034629067103248264,"Inference data with groups:
	> posterior
	> sample_stats
	> observed_data","Inference data with groups:
	> posterior_predictive
	> observed_data","Inference data with groups:
	> prior
	> prior_predictive
	> observed_data",<pyhf.pdf.Model object at 0x7f4f417662b0>
0.4,0.2741149389276353,0.32557959952136073,0.153534177457096,0.1981462585198619,0.5890780395937256,1.1240852375153545,0.009636939820927967,0.010502710314520434,0.007212325654274287,0.008193429717900477,0.014127301410130643,0.019515173502425258,338801706.596168,"[0.0, 0.10101010101010101, 0.20202020202020202, 0.30303030303030304, 0.40404040404040403, 0.5050505050505051, 0.6060606060606061, 0.7070707070707071, 0.8080808080808081, 0.9090909090909091, 1.0101010101010102, 1.1111111111111112, 1.2121212121212122, 1.3131313131313131, 1.4141414141414141, 1.5151515151515151, 1.6161616161616161, 1.7171717171717171, 1.8181818181818181, 1.9191919191919191, 2.0202020202020203, 2.121212121212121, 2.2222222222222223, 2.323232323232323, 2.4242424242424243, 2.525252525252525, 2.6262626262626263, 2.727272727272727, 2.8282828282828283, 2.929292929292929, 3.0303030303030303, 3.131313131313131, 3.2323232323232323, 3.3333333333333335, 3.4343434343434343, 3.5353535353535355, 3.6363636363636362, 3.7373737373737375, 3.8383838383838382, 3.9393939393939394, 4.040404040404041, 4.141414141414141, 4.242424242424242, 4.343434343434343, 4.444444444444445, 4.545454545454545, 4.646464646464646, 4.747474747474747, 4.848484848484849, 4.94949494949495, 5.05050505050505, 5.151515151515151, 5.252525252525253, 5.353535353535354, 5.454545454545454, 5.555555555555555, 5.656565656565657, 5.757575757575758, 5.858585858585858, 5.959595959595959, 6.0606060606060606, 6.161616161616162, 6.262626262626262, 6.363636363636363, 6.4646464646464645, 6.565656565656566, 6.666666666666667, 6.767676767676767, 6.8686868686868685, 6.96969696969697, 7.070707070707071, 7.171717171717171, 7.2727272727272725, 7.373737373737374, 7.474747474747475, 7.575757575757575, 7.6767676767676765, 7.777777777777778, 7.878787878787879, 7.979797979797979, 8.080808080808081, 8.181818181818182, 8.282828282828282, 8.383838383838384, 8.484848484848484, 8.585858585858587, 8.686868686868687, 8.787878787878787, 8.88888888888889, 8.98989898989899, 9.09090909090909, 9.191919191919192, 9.292929292929292, 9.393939393939394, 9.494949494949495, 9.595959595959595, 9.696969696969697, 9.797979797979798, 9.8989898989899, 10.0]","[(array(1.), [array(1.), array(1.), array(1.), array(1.), array(1.)]), (array(0.42153387), [array(0.17351571), array(0.3076328), array(0.51148504), array(0.75400558), array(0.93163538)]), (array(0.16897934), [array(0.03213618), array(0.09171928), array(0.23717321), array(0.50842325), array(0.81176581)]), (array(0.07233414), [array(0.00737196), array(0.03057494), array(0.11267534), array(0.33142536), array(0.67583498)]), (array(0.03301341), [array(0.00201302), array(0.01132326), array(0.05589587), array(0.21504234), array(0.54758015)]), (array(0.01589051), [array(0.00062315), array(0.00454141), array(0.02879347), array(0.13995617), array(0.43602328)]), (array(0.00802456), [array(0.00021374), array(0.00195047), array(0.01538479), array(0.09192457), array(0.3439014)]), (array(0.00422378), [array(7.97912894e-05), array(0.00088807), array(0.00850126), array(0.06108557), array(0.27000439)]), (array(0.00230555), [array(3.19534159e-05), array(0.0004249), array(0.00484034), array(0.04109193), array(0.21164447)]), (array(0.00129968), [array(1.35891585e-05), array(0.0002123), array(0.002832), array(0.02799033), array(0.16598797)]), (array(0.00075387), [array(6.08725907e-06), array(0.00011018), array(0.00169827), array(0.0193012), array(0.13042761)]), (array(0.00044858), [array(2.85285171e-06), array(5.91324139e-05), array(0.00104131), array(0.01346648), array(0.10276526)]), (array(0.00027313), [array(1.39136228e-06), array(3.26978723e-05), array(0.00065154), array(0.00950121), array(0.08123634)]), (array(0.00016978), [array(7.0305596e-07), array(1.85723186e-05), array(0.00041527), array(0.006775), array(0.06445169)]), (array(0.00010754), [array(3.66674489e-07), array(1.08069628e-05), array(0.00026918), array(0.00487947), array(0.05132997)]), (array(6.92908454e-05), [array(1.9675372e-07), array(6.42746181e-06), array(0.00017721), array(0.0035474), array(0.04103851)]), (array(4.53518627e-05), [array(1.08326933e-07), array(3.89961453e-06), array(0.00011833), array(0.00260181), array(0.03293822)]), (array(3.01143516e-05), [array(6.10533316e-08), array(2.40942173e-06), array(8.00636693e-05), array(0.00192419), array(0.02653886)]), (array(2.02642322e-05), [array(3.51534162e-08), array(1.51380711e-06), array(5.48350601e-05), array(0.00143421), array(0.02146405)]), (array(1.38051216e-05), [array(2.06419083e-08), array(9.65898029e-07), array(3.79840304e-05), array(0.00107692), array(0.01742423)]), (array(9.51319734e-06), [array(1.23421042e-08), array(6.25169403e-07), array(2.65907757e-05), array(0.00081429), array(0.01419607)]), (array(6.62601294e-06), [array(7.50407964e-09), array(4.10042238e-07), array(1.87996478e-05), array(0.00061978), array(0.01160681)]), (array(4.66139312e-06), [array(4.63396633e-09), array(2.72289156e-07), array(1.34149223e-05), array(0.00047469), array(0.00952231)]), (array(3.31012997e-06), [array(2.90329164e-09), array(1.82915448e-07), array(9.6561305e-06), array(0.00036573), array(0.00783813)]), (array(2.371344e-06), [array(1.84371826e-09), array(1.24214264e-07), array(7.00767376e-06), array(0.00028336), array(0.00647258)]), (array(1.71293745e-06), [array(1.18574176e-09), array(8.5213209e-08), array(5.12506482e-06), array(0.00022073), array(0.00536158)]), (array(1.24704734e-06), [array(7.71684079e-10), array(5.90197052e-08), array(3.77568866e-06), array(0.00017282), array(0.00445467)]), (array(9.14604889e-07), [array(5.07850985e-10), array(4.12482185e-08), array(2.80088985e-06), array(0.00013597), array(0.00371196)]), (array(6.75497647e-07), [array(3.37755064e-10), array(2.90747255e-08), array(2.09143576e-06), array(0.00010747), array(0.00310181)]), (array(5.02224385e-07), [array(2.26872636e-10), array(2.06600207e-08), array(1.57144606e-06), array(8.53241294e-05), array(0.00259903)]), (array(3.75761224e-07), [array(1.53831222e-10), array(1.47934407e-08), array(1.18776252e-06), array(6.80303291e-05), array(0.00218351)]), (array(2.8283546e-07), [array(1.05238728e-10), array(1.06699896e-08), array(9.02845638e-07), array(5.44628886e-05), array(0.00183911)]), (array(2.14111907e-07), [array(7.26070973e-11), array(7.74927523e-09), array(6.89983231e-07), array(4.37717206e-05), array(0.00155287)]), (array(1.6297439e-07), [array(5.04979622e-11), array(5.66523562e-09), array(5.30029566e-07), array(3.5311277e-05), array(0.00131433)]), (array(1.24699218e-07), [array(3.53909727e-11), array(4.16775882e-09), array(4.09167177e-07), array(2.8588823e-05), array(0.00111502)]), (array(9.58904998e-08), [array(2.49850322e-11), array(3.08455292e-09), array(3.17358252e-07), array(2.32264175e-05), array(0.00094806)]), (array(7.40906123e-08), [array(1.7762008e-11), array(2.29600442e-09), array(2.47264774e-07), array(1.89328e-05), array(0.00080787)]), (array(5.75096607e-08), [array(1.27114434e-11), array(1.71845246e-09), array(1.93490066e-07), array(1.54824942e-05), array(0.00068987)]), (array(4.48361423e-08), [array(9.15511158e-12), array(1.29296672e-09), array(1.52042416e-07), array(1.27001963e-05), array(0.00059032)]), (array(3.51034915e-08), [array(6.63409451e-12), array(9.77752714e-10), array(1.19952841e-07), array(1.04490289e-05), array(0.00050614)]), (array(2.75953747e-08), [array(4.83548303e-12), array(7.42977022e-10), array(9.50014688e-08), array(8.62169491e-06), array(0.00043481)]), (array(2.17780926e-08), [array(3.54434752e-12), array(5.67211098e-10), array(7.55200714e-08), array(7.13375726e-06), array(0.00037423)]), (array(1.72519581e-08), [array(2.61201008e-12), array(4.3497058e-10), array(6.02487804e-08), array(5.91851351e-06), array(0.00032269)]), (array(1.37161721e-08), [array(1.93493133e-12), array(3.35002886e-10), array(4.82317438e-08), array(4.92308764e-06), array(0.00027874)]), (array(1.09432918e-08), [array(1.44053463e-12), array(2.59085124e-10), array(3.87404366e-08), array(4.10541386e-06), array(0.00024119)]), (array(8.76053949e-09), [array(1.07762947e-12), array(2.01176507e-10), array(3.12171821e-08), array(3.43191406e-06), array(0.00020905)]), (array(7.0360961e-09), [array(8.09892766e-13), array(1.56816609e-10), array(2.52332926e-08), array(2.87569791e-06), array(0.0001815)]), (array(5.66896196e-09), [array(6.1140187e-13), array(1.22695689e-10), array(2.04578978e-08), array(2.4151627e-06), array(0.00015782)]), (array(4.58143445e-09), [array(4.63553417e-13), array(9.63461485e-11), array(1.66346202e-08), array(2.03290016e-06), array(0.00013745)]), (array(3.71349762e-09), [array(3.52925691e-13), array(7.5919939e-11), array(1.35640692e-08), array(1.71484223e-06), array(0.00011989)]), (array(3.01861831e-09), [array(2.69784289e-13), array(6.00267097e-11), array(1.10905798e-08), array(1.44958476e-06), array(0.00010473)]), (array(2.46058438e-09), [array(2.07034486e-13), array(4.76161014e-11), array(9.09221268e-09), array(1.22785928e-06), array(9.16194362e-05)]), (array(2.0111146e-09), [array(1.59480302e-13), array(3.78912959e-11), array(7.47311468e-09), array(1.04211221e-06), array(8.02617929e-05)]), (array(1.64804496e-09), [array(1.23298577e-13), array(3.02453946e-11), array(6.15768778e-09), array(8.86171344e-07), array(7.04087764e-05)]), (array(1.35394739e-09), [array(9.56635734e-14), array(2.42143648e-11), array(5.08611739e-09), array(7.54980414e-07), array(6.18482279e-05)]), (array(1.11507309e-09), [array(7.44776255e-14), array(1.94420755e-11), array(4.21092882e-09), array(6.44387038e-07), array(5.43997076e-05)]), (array(9.20541671e-10), [array(5.81769751e-14), array(1.56542178e-11), array(3.49432817e-09), array(5.50973001e-07), array(4.79094895e-05)]), (array(7.6171617e-10), [array(4.55910919e-14), array(1.2638759e-11), array(2.90613937e-09), array(4.71917812e-07), array(4.22463784e-05)]), (array(6.31720317e-10), [array(3.58403099e-14), array(1.02312445e-11), array(2.42219996e-09), array(4.04888889e-07), array(3.72982214e-05)]), (array(5.25063667e-10), [array(2.82610074e-14), array(8.30369883e-12), array(2.02310921e-09), array(3.47952909e-07), array(3.29689892e-05)]), (array(4.37350028e-10), [array(2.23506683e-14), array(6.75621216e-12), array(1.69324741e-09), array(2.99503968e-07), array(2.91763239e-05)]), (array(3.65049779e-10), [array(1.7727394e-14), array(5.510542e-12), array(1.42000626e-09), array(2.58205365e-07), array(2.58494858e-05)]), (array(3.05321518e-10), [array(1.40999249e-14), array(4.50522715e-12), array(1.19318215e-09), array(2.22942168e-07), array(2.29276199e-05)]), (array(2.55871978e-10), [array(1.12453672e-14), array(3.69184564e-12), array(1.00449702e-09), array(1.92782571e-07), array(2.0358297e-05)]), (array(2.14845622e-10), [array(8.99257788e-15), array(3.03213871e-12), array(8.47218794e-10), array(1.669463e-07), array(1.80962818e-05)]), (array(1.80737421e-10), [array(7.20972243e-15), array(2.49579282e-12), array(7.15859716e-10), array(1.44778728e-07), array(1.61024899e-05)]), (array(1.52323724e-10), [array(5.794926e-15), array(2.05872407e-12), array(6.05936075e-10), array(1.25729621e-07), array(1.43431041e-05)]), (array(1.28607348e-10), [array(4.66922324e-15), array(1.70174718e-12), array(5.13776312e-10), array(1.09335656e-07), array(1.27888253e-05)]), (array(1.08773814e-10), [array(3.77122314e-15), array(1.4095394e-12), array(4.36367336e-10), array(9.52059981e-08), array(1.14142343e-05)]), (array(9.21564073e-11), [array(3.0530587e-15), array(1.16983209e-12), array(3.71231169e-10), array(8.3010397e-08), array(1.01972496e-05)]), (array(7.82081854e-11), [array(2.47730094e-15), array(9.72777478e-13), array(3.16325613e-10), array(7.24693085e-08), array(9.11866327e-06)]), (array(6.64795259e-11), [array(2.01460368e-15), array(8.1045273e-13), array(2.69964395e-10), array(6.33457592e-08), array(8.16175024e-06)]), (array(5.66000398e-11), [array(1.64189297e-15), array(6.76467683e-13), array(2.30752077e-10), array(5.54384815e-08), array(7.31192316e-06)]), (array(4.82640023e-11), [array(1.34098061e-15), array(5.65657245e-13), array(1.97531859e-10), array(4.85763028e-08), array(6.55644815e-06)]), (array(4.12185668e-11), [array(1.09749218e-15), array(4.73837015e-13), array(1.69342899e-10), array(4.26134107e-08), array(5.884195e-06)]), (array(3.52542181e-11), [array(9.00038847e-16), array(3.97609679e-13), array(1.45385639e-10), array(3.74254075e-08), array(5.2854239e-06)]), (array(3.01970209e-11), [array(7.39575038e-16), array(3.34211053e-13), array(1.24993526e-10), array(3.29060071e-08), array(4.75160198e-06)]), (array(2.59023135e-11), [array(6.08899218e-16), array(2.81387451e-13), array(1.07609917e-10), array(2.89642704e-08), array(4.2752458e-06)]), (array(2.22495648e-11), [array(5.02264412e-16), array(2.37297611e-13), array(9.27691361e-11), array(2.55222752e-08), array(3.84978472e-06)]), (array(1.91381731e-11), [array(4.15073925e-16), array(2.00434229e-13), array(8.00809508e-11), array(2.25131609e-08), array(3.46944343e-06)]), (array(1.64840272e-11), [array(3.43642937e-16), array(1.69561003e-13), array(6.92178153e-11), array(1.98794822e-08), array(3.12914057e-06)]), (array(1.42166843e-11), [array(2.85011057e-16), array(1.43661942e-13), array(5.99043426e-11), array(1.75718145e-08), array(2.82440041e-06)]), (array(1.22770523e-11), [array(2.36794863e-16), array(1.2190057e-13), array(5.19086395e-11), array(1.55475808e-08), array(2.55127693e-06)]), (array(1.06154808e-11), [array(1.97071388e-16), array(1.0358693e-13), array(4.50351262e-11), array(1.37700542e-08), array(2.30628744e-06)]), (array(9.19018686e-12), [array(1.64286008e-16), array(8.81509121e-14), array(3.91186027e-11), array(1.22075155e-08), array(2.08635535e-06)]), (array(7.9659535e-12), [array(1.3717934e-16), array(7.51206029e-14), array(3.40193184e-11), array(1.08325359e-08), array(1.88876007e-06)]), (array(6.91305328e-12), [array(1.14729168e-16), array(6.41046998e-14), array(2.96188781e-11), array(9.62136815e-09), array(1.71109361e-06)]), (array(6.00635519e-12), [array(9.6104187e-17), array(5.47781988e-14), array(2.58168362e-11), array(8.55342805e-09), array(1.55122268e-06)]), (array(5.22458287e-12), [array(8.06270595e-17), array(4.68707103e-14), array(2.25278526e-11), array(7.6108521e-09), array(1.40725557e-06)]), (array(4.54969788e-12), [array(6.77448882e-17), array(4.01569235e-14), array(1.96793236e-11), array(6.77812072e-09), array(1.27751338e-06)]), (array(3.96638522e-12), [array(5.7005521e-17), array(3.44487855e-14), array(1.7209394e-11), array(6.04173464e-09), array(1.16050465e-06)]), (array(3.46162452e-12), [array(4.80385495e-17), array(2.95891027e-14), array(1.50652988e-11), array(5.3899399e-09), array(1.05490342e-06)]), (array(3.02433103e-12), [array(4.05399918e-17), array(2.54462719e-14), array(1.3201966e-11), array(4.81249048e-09), array(9.59529722e-07)]), (array(2.6450556e-12), [array(3.42599558e-17), array(2.190995e-14), array(1.15808469e-11), array(4.3004455e-09), array(8.73332725e-07)]), (array(2.31573271e-12), [array(2.89926693e-17), array(1.88874837e-14), array(1.01689298e-11), array(3.84599485e-09), array(7.95375775e-07)]), (array(2.02946912e-12), [array(2.45684116e-17), array(1.63009612e-14), array(8.93790996e-12), array(3.44230913e-09), array(7.24823337e-07)]), (array(1.78036611e-12), [array(2.08469701e-17), array(1.40847737e-14), array(7.86348892e-12), array(3.0834105e-09), array(6.60929472e-07)]), (array(1.56336973e-12), [array(1.77123258e-17), array(1.21835955e-14), array(6.92478233e-12), array(2.76406123e-09), array(6.03027702e-07)]), (array(1.37414463e-12), [array(1.50683274e-17), array(1.05507074e-14), array(6.10381873e-12), array(2.47966739e-09), array(5.5052205e-07)]), (array(1.20896743e-12), [array(1.28351749e-17), array(9.14660987e-15), array(5.38511787e-12), array(2.22619677e-09), array(5.02879339e-07)])]",0.09595546475522285,0.30869555650529024,0.010226758106196027,"Inference data with groups:
	> posterior
	> sample_stats
	> observed_data","Inference data with groups:
	> posterior_predictive
	> observed_data","Inference data with groups:
	> prior
	> prior_predictive
	> observed_data",<pyhf.pdf.Model object at 0x7f4f414a6d30>
