mass,mu_obs,mu_exp,mu_exp_minus2,mu_exp_minus1,mu_exp_plus1,mu_exp_plus2,epsilon_squared_obs,epsilon_squared_exp,epsilon_squared_exp_minus2,epsilon_squared_exp_minus1,epsilon_squared_exp_plus1,epsilon_squared_exp_plus2,factor,scan,cls_results,mu_median_bayes,mu_90_bayes,epsilon_squared_90_bayes,post_data,post_pred,prior_pred,model
0.01,1.6325356192195004,1.7293556839441382,0.7832374423060585,1.1134507434755987,2.8822770704517553,4.8634749334246985,4.276619484819363e-09,4.401608790020726e-09,2.962211050757387e-09,3.5318705894688095e-09,5.682469860086259e-09,7.381465910772439e-09,1.1203108834268902e-05,"[0.0, 0.10101010101010101, 0.20202020202020202, 0.30303030303030304, 0.40404040404040403, 0.5050505050505051, 0.6060606060606061, 0.7070707070707071, 0.8080808080808081, 0.9090909090909091, 1.0101010101010102, 1.1111111111111112, 1.2121212121212122, 1.3131313131313131, 1.4141414141414141, 1.5151515151515151, 1.6161616161616161, 1.7171717171717171, 1.8181818181818181, 1.9191919191919191, 2.0202020202020203, 2.121212121212121, 2.2222222222222223, 2.323232323232323, 2.4242424242424243, 2.525252525252525, 2.6262626262626263, 2.727272727272727, 2.8282828282828283, 2.929292929292929, 3.0303030303030303, 3.131313131313131, 3.2323232323232323, 3.3333333333333335, 3.4343434343434343, 3.5353535353535355, 3.6363636363636362, 3.7373737373737375, 3.8383838383838382, 3.9393939393939394, 4.040404040404041, 4.141414141414141, 4.242424242424242, 4.343434343434343, 4.444444444444445, 4.545454545454545, 4.646464646464646, 4.747474747474747, 4.848484848484849, 4.94949494949495, 5.05050505050505, 5.151515151515151, 5.252525252525253, 5.353535353535354, 5.454545454545454, 5.555555555555555, 5.656565656565657, 5.757575757575758, 5.858585858585858, 5.959595959595959, 6.0606060606060606, 6.161616161616162, 6.262626262626262, 6.363636363636363, 6.4646464646464645, 6.565656565656566, 6.666666666666667, 6.767676767676767, 6.8686868686868685, 6.96969696969697, 7.070707070707071, 7.171717171717171, 7.2727272727272725, 7.373737373737374, 7.474747474747475, 7.575757575757575, 7.6767676767676765, 7.777777777777778, 7.878787878787879, 7.979797979797979, 8.080808080808081, 8.181818181818182, 8.282828282828282, 8.383838383838384, 8.484848484848484, 8.585858585858587, 8.686868686868687, 8.787878787878787, 8.88888888888889, 8.98989898989899, 9.09090909090909, 9.191919191919192, 9.292929292929292, 9.393939393939394, 9.494949494949495, 9.595959595959595, 9.696969696969697, 9.797979797979798, 9.8989898989899, 10.0]","[(array(1.), [array(1.), array(1.), array(1.), array(1.), array(1.)]), (array(0.90042257), [array(0.75588772), array(0.83408858), array(0.90810221), array(0.96488983), array(0.99284318)]), (array(0.80454918), [array(0.56702897), array(0.69015446), array(0.81870608), array(0.92659334), array(0.98409041)]), (array(0.71370971), [array(0.42261998), array(0.56696046), array(0.73306198), array(0.88552805), array(0.97358574)]), (array(0.62891351), [array(0.31332732), array(0.4628072), array(0.65218036), array(0.84220898), array(0.96120857)]), (array(0.55083773), [array(0.23133866), array(0.3757216), array(0.57680741), array(0.79721875), array(0.94688289)]), (array(0.47984434), [array(0.17028733), array(0.30361996), array(0.50742451), array(0.75117465), array(0.93058352)]), (array(0.41601572), [array(0.12510029), array(0.24443565), array(0.44426529), array(0.70469515), array(0.91233862)]), (array(0.35920387), [array(0.09181302), array(0.19621287), array(0.38734804), array(0.65837072), array(0.89222863)]), (array(0.30908346), [array(0.06737694), array(0.15716538), array(0.33651425), array(0.61273901), array(0.87038139)]), (array(0.26520452), [array(0.04947986), array(0.12570825), array(0.29147052), array(0.56826716), array(0.84696433)]), (array(0.22703966), [array(0.0363879), array(0.10046768), array(0.25182872), array(0.52534079), array(0.82217456)]), (array(0.19402494), [array(0.02681316), array(0.08027617), array(0.21714287), array(0.48426041), array(0.79622821)]), (array(0.16559165), [array(0.0198062), array(0.06415756), array(0.18693986), array(0.44524337), array(0.76934997)]), (array(0.14118996), [array(0.01467117), array(0.05130663), array(0.16074385), array(0.40843037), array(0.74176366)]), (array(0.120305), [array(0.01090038), array(0.04106674), array(0.13809476), array(0.37389554), array(0.71368507)]), (array(0.10246629), [array(0.00812442), array(0.03290719), array(0.11856035), array(0.34165738), array(0.68531647)]), (array(0.08725191), [array(0.00607497), array(0.02640209), array(0.10174379), array(0.31169032), array(0.65684329)]), (array(0.07428908), [array(0.00455718), array(0.02121153), array(0.08728703), array(0.28393538), array(0.62843256)]), (array(0.06325212), [array(0.00342948), array(0.01706524), array(0.07487141), array(0.25830952), array(0.60023247)]), (array(0.0538589), [array(0.00258884), array(0.01374887), array(0.06421639), array(0.23471364), array(0.57237316)]), (array(0.04586651), [array(0.00196013), array(0.01109257), array(0.05507672), array(0.21303827), array(0.54496715)]), (array(0.03906678), [array(0.00148841), array(0.00896189), array(0.04723946), array(0.1931689), array(0.51811129)]), (array(0.03328186), [array(0.00113336), array(0.00725032), array(0.04052042), array(0.17498919), array(0.4918876)]), (array(0.02836018), [array(0.00086532), array(0.00587344), array(0.03476081), array(0.15838381), array(0.466365)]), (array(0.0241727), [array(0.00066238), array(0.00476425), array(0.02982407), array(0.14324026), array(0.44160055)]), (array(0.0206097), [array(0.0005083), array(0.0038695), array(0.02559287), array(0.12945002), array(0.41764051)]), (array(0.01757794), [array(0.00039102), array(0.0031468), array(0.02196658), array(0.11690968), array(0.39452205)]), (array(0.0149982), [array(0.00030152), array(0.00256237), array(0.01885893), array(0.1055212), array(0.3722738)]), (array(0.01280322), [array(0.00023306), array(0.00208921), array(0.01619598), array(0.09519238), array(0.35091733)]), (array(0.0109356), [array(0.00018058), array(0.00170574), array(0.01391442), array(0.08583708), array(0.33046832)]), (array(0.0093461), [array(0.00014026), array(0.00139465), array(0.01195995), array(0.07737458), array(0.31093621)]), (array(0.00799274), [array(0.00010921), array(0.00114195), array(0.01028532), array(0.06972671), array(0.29231782)]), (array(0.00683988), [array(8.52386897e-05), array(0.00093638), array(0.00884998), array(0.06282008), array(0.27460233)]), (array(0.00585734), [array(6.66853044e-05), array(0.00076892), array(0.00761928), array(0.05658695), array(0.25777448)]), (array(0.00501952), [array(5.22917583e-05), array(0.00063231), array(0.00656362), array(0.05096503), array(0.24181525)]), (array(0.00430473), [array(4.10992409e-05), array(0.00052072), array(0.00565772), array(0.04589714), array(0.22670254)]), (array(0.00369458), [array(3.23758754e-05), array(0.00042944), array(0.00488001), array(0.04133091), array(0.21241171)]), (array(0.00317341), [array(2.55617158e-05), array(0.00035467), array(0.00421205), array(0.03721857), array(0.19891638)]), (array(0.00272794), [array(2.02270268e-05), array(0.00029335), array(0.00363807), array(0.03351642), array(0.18618824)]), (array(0.0023469), [array(1.60409547e-05), array(0.00024298), array(0.00314454), array(0.03018431), array(0.1741965)]), (array(0.00202071), [array(1.27487189e-05), array(0.00020154), array(0.00271992), array(0.02718575), array(0.16290966)]), (array(0.00174127), [array(1.01536734e-05), array(0.00016741), array(0.00235434), array(0.02448769), array(0.15229594)]), (array(0.0015017), [array(8.10368914e-06), array(0.00013925), array(0.00203938), array(0.02206023), array(0.14232364)]), (array(0.00129614), [array(6.48079031e-06), array(0.00011598), array(0.00176785), array(0.01987634), array(0.1329613)]), (array(0.00111962), [array(5.19328326e-06), array(9.67338953e-05), array(0.00153359), array(0.01791159), array(0.12417798)]), (array(0.00096793), [array(4.1697348e-06), array(8.07887839e-05), array(0.00133135), array(0.01614399), array(0.11594341)]), (array(0.00083746), [array(3.35437128e-06), array(6.75608878e-05), array(0.00115663), array(0.01455367), array(0.10822809)]), (array(0.00072516), [array(2.70354968e-06), array(5.65722891e-05), array(0.00100557), array(0.01312277), array(0.10100343)]), (array(0.00062843), [array(2.18304518e-06), array(4.74316837e-05), array(0.00087489), array(0.01183517), array(0.09424183)]), (array(0.00054503), [array(1.76596142e-06), array(3.98182357e-05), array(0.00076174), array(0.01067641), array(0.08791671)]), (array(0.00047307), [array(1.43111703e-06), array(3.34685198e-05), array(0.0006637), array(0.00963344), array(0.08200257)]), (array(0.00041094), [array(1.16179694e-06), array(2.81659513e-05), array(0.0005787), array(0.00869456), array(0.07647501)]), (array(0.00035724), [array(9.44783873e-07), array(2.37322131e-05), array(0.00050495), array(0.00784924), array(0.07131074)]), (array(0.0003108), [array(7.69605664e-07), array(2.00202962e-05), array(0.00044092), array(0.00708801), array(0.0664876)]), (array(0.00027061), [array(6.27948863e-07), array(1.69088406e-05), array(0.00038527), array(0.00640238), array(0.0619845)]), (array(0.00023579), [array(5.13201357e-07), array(1.42975344e-05), array(0.00033689), array(0.0057847), array(0.05778146)]), (array(0.00020561), [array(4.20093387e-07), array(1.21033337e-05), array(0.00029479), array(0.00522813), array(0.05385953)]), (array(0.00017943), [array(3.44418313e-07), array(1.02574274e-05), array(0.00025814), array(0.00472649), array(0.05020082)]), (array(0.0001567), [array(2.82811427e-07), array(8.70270997e-06), array(0.00022619), array(0.00427427), array(0.04678843)]), (array(0.00013695), [array(2.32576741e-07), array(7.39173401e-06), array(0.00019834), array(0.00386648), array(0.04360642)]), (array(0.00011977), [array(1.91550283e-07), array(6.28502719e-06), array(0.00017403), array(0.00349867), array(0.04063977)]), (array(0.00010483), [array(1.57992096e-07), array(5.34971146e-06), array(0.00015281), array(0.00316682), array(0.03787436)]), (array(9.1812201e-05), [array(1.30500778e-07), array(4.55836805e-06), array(0.00013427), array(0.00286735), array(0.03529691)]), (array(8.04707869e-05), [array(1.07945717e-07), array(3.88810361e-06), array(0.00011805), array(0.00259702), array(0.03289496)]), (array(7.0579944e-05), [array(8.94132537e-08), array(3.31978e-06), array(0.00010386), array(0.00235292), array(0.03065682)]), (array(6.19479088e-05), [array(7.41639239e-08), array(2.837382e-06), array(9.14368515e-05), array(0.00213245), array(0.02857151)]), (array(5.44090778e-05), [array(6.15981655e-08), array(2.42748795e-06), array(8.05513447e-05), array(0.00193326), array(0.02662877)]), (array(4.7820306e-05), [array(5.12291891e-08), array(2.07884013e-06), array(7.10073244e-05), array(0.00175323), array(0.02481897)]), (array(4.20578148e-05), [array(4.26611701e-08), array(1.78198576e-06), array(6.26339784e-05), array(0.00159049), array(0.02313312)]), (array(3.70144604e-05), [array(3.55716644e-08), array(1.52897532e-06), array(5.52828712e-05), array(0.00144332), array(0.0215628)]), (array(3.25974449e-05), [array(2.96977085e-08), array(1.31311951e-06), array(4.88250219e-05), array(0.0013102), array(0.02010015)]), (array(2.87263325e-05), [array(2.48244892e-08), array(1.12878183e-06), array(4.31482339e-05), array(0.00118974), array(0.01873782)]), (array(2.53313522e-05), [array(2.0776282e-08), array(9.7120808e-07), array(3.81548523e-05), array(0.00108071), array(0.01746896)]), (array(2.23519407e-05), [array(1.74091345e-08), array(8.36384038e-07), array(3.37598243e-05), array(0.00098199), array(0.01628714)]), (array(1.97354891e-05), [array(1.46049567e-08), array(7.20916731e-07), array(2.9889022e-05), array(0.00089258), array(0.01518641)]), (array(1.74362666e-05), [array(1.22667411e-08), array(6.21935346e-07), array(2.64777969e-05), array(0.00081157), array(0.01416119)]), (array(1.54144924e-05), [array(1.03146912e-08), array(5.37008403e-07), array(2.34697308e-05), array(0.00073816), array(0.01320628)]), (array(1.3635538e-05), [array(8.68308058e-09), array(4.64074461e-07), array(2.08155558e-05), array(0.00067161), array(0.01231683)]), (array(1.20692387e-05), [array(7.31770031e-09), array(4.01384066e-07), array(1.84722199e-05), array(0.00061125), array(0.01148834)]), (array(1.06893004e-05), [array(6.17378347e-09), array(3.47451093e-07), array(1.64020789e-05), array(0.0005565), array(0.01071658)]), (array(9.47278729e-06), [array(5.21431322e-09), array(3.01011884e-07), array(1.45721962e-05), array(0.00050682), array(0.00999765)]), (array(8.39967909e-06), [array(4.40864267e-09), array(2.60990922e-07), array(1.29537354e-05), array(0.00046172), array(0.0093279)]), (array(7.45248921e-06), [array(3.73136747e-09), array(2.26471964e-07), array(1.15214343e-05), array(0.00042077), array(0.00870392)]), (array(6.61593373e-06), [array(3.1614033e-09), array(1.96673725e-07), array(1.0253148e-05), array(0.00038358), array(0.00812255)]), (array(5.87664519e-06), [array(2.68123023e-09), array(1.7092939e-07), array(9.1294521e-06), array(0.00034978), array(0.00758084)]), (array(5.22292472e-06), [array(2.27627302e-09), array(1.48669327e-07), array(8.13329823e-06), array(0.00031906), array(0.00707606)]), (array(4.64452708e-06), [array(1.93439194e-09), array(1.29406487e-07), array(7.24971408e-06), array(0.00029114), array(0.00660565)]), (array(4.13247439e-06), [array(1.64546428e-09), array(1.12724066e-07), array(6.46554279e-06), array(0.00026574), array(0.00616723)]), (array(3.67889428e-06), [array(1.40103963e-09), array(9.82650635e-08), array(5.76921584e-06), array(0.00024263), array(0.00575859)]), (array(3.27687951e-06), [array(1.19405569e-09), array(8.57234334e-08), array(5.15055521e-06), array(0.00022161), array(0.00537768)]), (array(2.92036583e-06), [array(1.01860386e-09), array(7.48365936e-08), array(4.60060104e-06), array(0.00020246), array(0.00502258)]), (array(2.60402582e-06), [array(8.69735284e-10), array(6.5379061e-08), array(4.11146118e-06), array(0.00018503), array(0.00469151)]), (array(2.32317652e-06), [array(7.43300627e-10), array(5.71570506e-08), array(3.67617996e-06), array(0.00016915), array(0.00438282)]), (array(2.07369898e-06), [array(6.35817171e-10), array(5.00038822e-08), array(3.28862352e-06), array(0.00015469), array(0.00409496)]), (array(1.85196816e-06), [array(5.44358692e-10), array(4.37760728e-08), array(2.94337965e-06), array(0.0001415), array(0.00382651)]), (array(1.65479178e-06), [array(4.66464023e-10), array(3.83500103e-08), array(2.63567019e-06), array(0.00012948), array(0.00357611)]), (array(1.47935707e-06), [array(4.00061031e-10), array(3.36191163e-08), array(2.36127439e-06), array(0.00011851), array(0.00334255)]), (array(1.32318414e-06), [array(3.43403391e-10), array(2.94914277e-08), array(2.11646181e-06), array(0.00010851), array(0.00312465)]), (array(1.18408537e-06), [array(2.95017899e-10), array(2.58875309e-08), array(1.89793356e-06), array(9.9375131e-05), array(0.00292135)])]",0.6510768342256059,1.8220208746334008,4.517997139975611e-09,"Inference data with groups:
	> posterior
	> sample_stats
	> observed_data","Inference data with groups:
	> posterior_predictive
	> observed_data","Inference data with groups:
	> prior
	> prior_predictive
	> observed_data",<pyhf.pdf.Model object at 0x7fd06c36afa0>
0.02,1.514237253429352,1.6703186121044482,0.7562088048796605,1.076383454951469,2.7849410369295624,4.706139935130805,1.0578147072889797e-08,1.1109954948656404e-08,7.475383928663968e-09,8.918588874659927e-09,1.434566351420309e-08,1.8648549426464435e-08,7.389673926081866e-05,"[0.0, 0.10101010101010101, 0.20202020202020202, 0.30303030303030304, 0.40404040404040403, 0.5050505050505051, 0.6060606060606061, 0.7070707070707071, 0.8080808080808081, 0.9090909090909091, 1.0101010101010102, 1.1111111111111112, 1.2121212121212122, 1.3131313131313131, 1.4141414141414141, 1.5151515151515151, 1.6161616161616161, 1.7171717171717171, 1.8181818181818181, 1.9191919191919191, 2.0202020202020203, 2.121212121212121, 2.2222222222222223, 2.323232323232323, 2.4242424242424243, 2.525252525252525, 2.6262626262626263, 2.727272727272727, 2.8282828282828283, 2.929292929292929, 3.0303030303030303, 3.131313131313131, 3.2323232323232323, 3.3333333333333335, 3.4343434343434343, 3.5353535353535355, 3.6363636363636362, 3.7373737373737375, 3.8383838383838382, 3.9393939393939394, 4.040404040404041, 4.141414141414141, 4.242424242424242, 4.343434343434343, 4.444444444444445, 4.545454545454545, 4.646464646464646, 4.747474747474747, 4.848484848484849, 4.94949494949495, 5.05050505050505, 5.151515151515151, 5.252525252525253, 5.353535353535354, 5.454545454545454, 5.555555555555555, 5.656565656565657, 5.757575757575758, 5.858585858585858, 5.959595959595959, 6.0606060606060606, 6.161616161616162, 6.262626262626262, 6.363636363636363, 6.4646464646464645, 6.565656565656566, 6.666666666666667, 6.767676767676767, 6.8686868686868685, 6.96969696969697, 7.070707070707071, 7.171717171717171, 7.2727272727272725, 7.373737373737374, 7.474747474747475, 7.575757575757575, 7.6767676767676765, 7.777777777777778, 7.878787878787879, 7.979797979797979, 8.080808080808081, 8.181818181818182, 8.282828282828282, 8.383838383838384, 8.484848484848484, 8.585858585858587, 8.686868686868687, 8.787878787878787, 8.88888888888889, 8.98989898989899, 9.09090909090909, 9.191919191919192, 9.292929292929292, 9.393939393939394, 9.494949494949495, 9.595959595959595, 9.696969696969697, 9.797979797979798, 9.8989898989899, 10.0]","[(array(1.), [array(1.), array(1.), array(1.), array(1.), array(1.)]), (array(0.88976262), [array(0.74776279), array(0.82821546), array(0.90464617), array(0.96348861), array(0.99254041)]), (array(0.78515142), [array(0.55463997), array(0.68009892), array(0.81206195), array(0.92356859), array(0.98335654)]), (array(0.68754774), [array(0.40861365), array(0.55422162), array(0.72363002), array(0.88071637), array(0.97227754)]), (array(0.59789159), [array(0.29939067), array(0.4486359), array(0.64044946), array(0.83551816), array(0.95917474)]), (array(0.51669729), [array(0.2184463), array(0.3611015), array(0.56331023), array(0.78863322), array(0.94397228)]), (array(0.44410035), [array(0.15891586), array(0.28927658), array(0.49269576), array(0.74075346), array(0.92665376)]), (array(0.37992437), [array(0.11540133), array(0.23086585), array(0.42880894), array(0.69256454), array(0.9072645)]), (array(0.32375551), [array(0.08374178), array(0.18372293), array(0.37161287), array(0.64471135), array(0.88590892)]), (array(0.27501598), [array(0.0607831), array(0.14591241), array(0.32087946), array(0.59777079), array(0.86274369)]), (array(0.23302993), [array(0.04416752), array(0.11573929), array(0.27623994), array(0.55223319), array(0.83796759)]), (array(0.19707875), [array(0.03215258), array(0.09175365), array(0.23723184), array(0.50849217), array(0.81180898)]), (array(0.16644408), [array(0.02346258), array(0.0727396), array(0.20334093), array(0.46684332), array(0.78451325)]), (array(0.14043859), [array(0.01717031), array(0.05769383), array(0.17403492), array(0.4274891), array(0.75633076)]), (array(0.11842592), [array(0.01260553), array(0.0457994), array(0.14878931), array(0.39054855), array(0.7275066)]), (array(0.0998317), [array(0.00928568), array(0.03639842), array(0.1271058), array(0.35607033), array(0.69827315)]), (array(0.08414763), [array(0.00686405), array(0.02896553), array(0.10852368), array(0.32404622), array(0.66884495)]), (array(0.07093051), [array(0.00509181), array(0.02308395), array(0.09262587), array(0.29442443), array(0.63941584)]), (array(0.05979839), [array(0.00379029), array(0.01842462), array(0.07904093), array(0.26712146), array(0.61015807)]), (array(0.05042482), [array(0.00283105), array(0.01472852), array(0.06744215), array(0.24203223), array(0.58122263)]), (array(0.04253252), [array(0.00212154), array(0.01179209), array(0.05754471), array(0.21903778), array(0.55274)]), (array(0.03588696), [array(0.0015949), array(0.00945551), array(0.04910214), array(0.19801179), array(0.52482188)]), (array(0.03029036), [array(0.00120265), array(0.00759329), array(0.04190224), array(0.1788252), array(0.49756294)]), (array(0.02557623), [array(0.00090953), array(0.00610674), array(0.03576286), array(0.16134918), array(0.47104186)]), (array(0.0216046), [array(0.0006898), array(0.00491826), array(0.03052815), array(0.14545808), array(0.44532371)]), (array(0.01825787), [array(0.00052458), array(0.00396665), array(0.02606498), array(0.13103069), array(0.42046095)]), (array(0.01543723), [array(0.00039999), array(0.00320363), array(0.02225972), array(0.11795143), array(0.39649511)]), (array(0.01305973), [array(0.00030578), array(0.00259101), array(0.01901551), array(0.1061111), array(0.37345819)]), (array(0.0110556), [array(0.00023437), array(0.00209851), array(0.0162498), array(0.09540708), array(0.35137372)]), (array(0.0093657), [array(0.0001801), array(0.00170213), array(0.01389229), array(0.08574372), array(0.33025846)]), (array(0.00794012), [array(0.00013876), array(0.00138275), array(0.01188301), array(0.0770318), array(0.31012232)]), (array(0.00673682), [array(0.0001072), array(0.00112506), array(0.01017014), array(0.06918529), array(0.29096154)]), (array(0.00572052), [array(8.30243811e-05), array(0.00091682), array(0.00870938), array(0.06212358), array(0.27276358)]), (array(0.00486159), [array(6.44661283e-05), array(0.00074829), array(0.0074631), array(0.05577246), array(0.25551071)]), (array(0.0041352), [array(5.0181335e-05), array(0.00061168), array(0.00639933), array(0.05006395), array(0.23918129)]), (array(0.00352048), [array(3.91582549e-05), array(0.00050078), array(0.00549092), array(0.04493587), array(0.22375017)]), (array(0.00299988), [array(3.06311451e-05), array(0.00041062), array(0.0047148), array(0.04033147), array(0.20918954)]), (array(0.00255862), [array(2.4018987e-05), array(0.00033722), array(0.00405138), array(0.0361992), array(0.19546972)]), (array(0.0021843), [array(1.8879349e-05), array(0.00027738), array(0.00348396), array(0.03249198), array(0.18255874)]), (array(0.00186648), [array(1.48744355e-05), array(0.0002285), array(0.00299834), array(0.02916678), array(0.1704223)]), (array(0.00159639), [array(1.174613e-05), array(0.00018853), array(0.00258242), array(0.02618469), array(0.15902549)]), (array(0.00136666), [array(9.29672856e-06), array(0.00015578), array(0.00222594), array(0.0235106), array(0.14833323)]), (array(0.00117107), [array(7.37440432e-06), array(0.00012891), array(0.00192019), array(0.02111285), array(0.13831064)]), (array(0.0010044), [array(5.86227344e-06), array(0.00010683), array(0.00165774), array(0.01896293), array(0.12892326)]), (array(0.00086225), [array(4.67012896e-06), array(8.86654374e-05), array(0.00143229), array(0.01703521), array(0.12013733)]), (array(0.0007409), [array(3.72818195e-06), array(7.36915113e-05), array(0.00123848), array(0.01530666), array(0.1119199)]), (array(0.0006372), [array(2.98231099e-06), array(6.13324486e-05), array(0.00107175), array(0.0137566), array(0.10423902)]), (array(0.00054852), [array(2.39044615e-06), array(5.1116855e-05), array(0.00092819), array(0.01236645), array(0.09706379)]), (array(0.0004726), [array(1.91980996e-06), array(4.26609199e-05), array(0.0008045), array(0.01111957), array(0.09036452)]), (array(0.00040755), [array(1.54480694e-06), array(3.56516733e-05), array(0.00069783), array(0.01000104), array(0.08411268)]), (array(0.00035177), [array(1.2454054e-06), array(2.98335305e-05), array(0.00060578), array(0.00899747), array(0.07828102)]), (array(0.00030389), [array(1.00589376e-06), array(2.49974616e-05), array(0.00052628), array(0.0080969), array(0.07284356)]), (array(0.00026275), [array(8.13922739e-07), array(2.09722704e-05), array(0.00045756), array(0.00728859), array(0.06777556)]), (array(0.00022738), [array(6.5976424e-07), array(1.76175194e-05), array(0.00039813), array(0.00656293), array(0.06305354)]), (array(0.00019694), [array(5.35740479e-07), array(1.48178689e-05), array(0.00034667), array(0.00591133), array(0.05865528)]), (array(0.00017072), [array(4.35778799e-07), array(1.24784419e-05), array(0.0003021), array(0.00532608), array(0.05455976)]), (array(0.00014811), [array(3.5506666e-07), array(1.05210881e-05), array(0.00026345), array(0.0048003), array(0.05074713)]), (array(0.0001286), [array(2.8978269e-07), array(8.88134672e-06), array(0.00022992), array(0.00432782), array(0.04719868)]), (array(0.00011176), [array(2.36886684e-07), array(7.50597606e-06), array(0.0002008), array(0.00390313), array(0.04389681)]), (array(9.71984285e-05), [array(1.93955356e-07), array(6.35094189e-06), array(0.00017551), array(0.00352127), array(0.04082497)]), (array(8.46029378e-05), [array(1.59053569e-07), array(5.37977724e-06), array(0.0001535), array(0.00317784), array(0.03796761)]), (array(7.36981634e-05), [array(1.30633144e-07), array(4.56224122e-06), array(0.00013436), array(0.00286887), array(0.03531016)]), (array(6.42494133e-05), [array(1.07453415e-07), array(3.8732284e-06), array(0.00011768), array(0.00259082), array(0.03283896)]), (array(5.60556287e-05), [array(8.85181166e-08), array(3.29186173e-06), array(0.00010315), array(0.00234052), array(0.03054121)]), (array(4.89444174e-05), [array(7.30261012e-08), array(2.80076611e-06), array(9.04776156e-05), array(0.00211514), array(0.02840496)]), (array(4.27678385e-05), [array(6.03319269e-08), array(2.38545987e-06), array(7.94157471e-05), array(0.00191212), array(0.02641901)]), (array(3.73988291e-05), [array(4.99147362e-08), array(2.03385854e-06), array(6.97542241e-05), array(0.00172918), array(0.02457293)]), (array(3.27281627e-05), [array(4.13535249e-08), array(1.73586606e-06), array(6.13098063e-05), array(0.0015643), array(0.02285695)]), (array(2.86618732e-05), [array(3.43074446e-08), array(1.48303748e-06), array(5.3923994e-05), array(0.00141563), array(0.02126197)]), (array(2.51190539e-05), [array(2.85001061e-08), array(1.26830069e-06), array(4.74595897e-05), array(0.00128154), array(0.01977952)]), (array(2.20299853e-05), [array(2.37070341e-08), array(1.08572625e-06), array(4.17977439e-05), array(0.00116055), array(0.01840167)]), (array(1.93345406e-05), [array(1.97456428e-08), array(9.30337282e-07), array(3.68354341e-05), array(0.00105136), array(0.01712107)]), (array(1.69808243e-05), [array(1.64671909e-08), array(7.9795167e-07), array(3.24832894e-05), array(0.00095277), array(0.01593084)]), (array(1.49240093e-05), [array(1.37503277e-08), array(6.85051181e-07), array(2.86637256e-05), array(0.00086374), array(0.0148246)]), (array(1.31253441e-05), [array(1.14959054e-08), array(5.8867289e-07), array(2.53093444e-05), array(0.00078329), array(0.0137964)]), (array(1.15513031e-05), [array(9.62279964e-09), array(5.0631881e-07), array(2.23615542e-05), array(0.00071059), array(0.01284071)]), (array(1.01728594e-05), [array(8.06453936e-09), array(4.3588069e-07), array(1.9769384e-05), array(0.00064486), array(0.01195239)]), (array(8.96486236e-06), [array(6.76658402e-09), array(3.75577342e-07), array(1.74884616e-05), array(0.00058541), array(0.01112665)]), (array(7.90550283e-06), [array(5.68412074e-09), array(3.23902325e-07), array(1.54801323e-05), array(0.00053163), array(0.01035905)]), (array(6.97585551e-06), [array(4.78027981e-09), array(2.79580273e-07), array(1.37106999e-05), array(0.00048296), array(0.00964546)]), (array(6.15948516e-06), [array(4.02468627e-09), array(2.41530349e-07), array(1.21507699e-05), array(0.00043889), array(0.00898203)]), (array(5.44210866e-06), [array(3.39228312e-09), array(2.08835663e-07), array(1.07746839e-05), array(0.00039898), array(0.00836519)]), (array(4.81130406e-06), [array(2.86237365e-09), array(1.80717635e-07), array(9.5600295e-06), array(0.00036283), array(0.00779164)]), (array(4.2562603e-06), [array(2.41784089e-09), array(1.56514492e-07), array(8.4872165e-06), array(0.00033006), array(0.00725829)]), (array(3.76756159e-06), [array(2.04451085e-09), array(1.35663198e-07), array(7.53911063e-06), array(0.00030036), array(0.00676229)]), (array(3.33700155e-06), [array(1.73063204e-09), array(1.17684278e-07), array(6.70071593e-06), array(0.00027342), array(0.00630097)]), (array(2.95742291e-06), [array(1.46644952e-09), array(1.02169022e-07), array(5.95889914e-06), array(0.00024898), array(0.00587188)]), (array(2.62257901e-06), [array(1.24385619e-09), array(8.87687342e-08), array(5.3021515e-06), array(0.00022681), array(0.00547272)]), (array(2.32701425e-06), [array(1.05610629e-09), array(7.71856354e-08), array(4.72038086e-06), array(0.00020667), array(0.00510137)]), (array(2.06596064e-06), [array(8.97580411e-10), array(6.71652082e-08), array(4.20473218e-06), array(0.00018839), array(0.00475586)]), (array(1.8352484e-06), [array(7.63592044e-10), array(5.84897155e-08), array(3.7474309e-06), array(0.00017178), array(0.00443435)]), (array(1.63122844e-06), [array(6.50228299e-10), array(5.09727234e-08), array(3.341647e-06), array(0.00015669), array(0.00413514)]), (array(1.45070525e-06), [array(5.54218524e-10), array(4.44544599e-08), array(2.9813764e-06), array(0.00014297), array(0.00385666)]), (array(1.2908787e-06), [array(4.72825942e-10), array(3.87978872e-08), array(2.66133807e-06), array(0.00013049), array(0.00359744)]), (array(1.14929354e-06), [array(4.0375801e-10), array(3.3885367e-08), array(2.37688411e-06), array(0.00011914), array(0.00335612)]), (array(1.02379554e-06), [array(3.45092268e-10), array(2.96158297e-08), array(2.12392143e-06), array(0.00010881), array(0.00313143)]), (array(9.1249346e-07), [array(2.95214945e-10), array(2.59023731e-08), array(1.89884365e-06), array(9.94135807e-05), array(0.00292221)]), (array(8.13725722e-07), [array(2.52769745e-10), array(2.26701967e-08), array(1.69847018e-06), array(9.08546261e-05), array(0.00272736)]), (array(7.26031896e-07), [array(2.16616112e-10), array(1.98549044e-08), array(1.5199968e-06), array(8.30588682e-05), array(0.00254588)]), (array(6.48127296e-07), [array(1.85793341e-10), array(1.74009662e-08), array(1.3609468e-06), array(7.5955924e-05), array(0.00237682)])]",0.5604759835515138,1.6425588606092774,1.1017247562027058e-08,"Inference data with groups:
	> posterior
	> sample_stats
	> observed_data","Inference data with groups:
	> posterior_predictive
	> observed_data","Inference data with groups:
	> prior
	> prior_predictive
	> observed_data",<pyhf.pdf.Model object at 0x7fd010b98a30>
0.03,1.391752049114747,1.595996088189783,0.7192983602814178,1.0266515416322013,2.6669322105589974,4.517520773575737,2.256639358232734e-08,2.4165575096542916e-08,1.6223171485479803e-08,1.938173965205447e-08,3.123828710405911e-08,4.065662302293936e-08,0.00036590003200384635,"[0.0, 0.10101010101010101, 0.20202020202020202, 0.30303030303030304, 0.40404040404040403, 0.5050505050505051, 0.6060606060606061, 0.7070707070707071, 0.8080808080808081, 0.9090909090909091, 1.0101010101010102, 1.1111111111111112, 1.2121212121212122, 1.3131313131313131, 1.4141414141414141, 1.5151515151515151, 1.6161616161616161, 1.7171717171717171, 1.8181818181818181, 1.9191919191919191, 2.0202020202020203, 2.121212121212121, 2.2222222222222223, 2.323232323232323, 2.4242424242424243, 2.525252525252525, 2.6262626262626263, 2.727272727272727, 2.8282828282828283, 2.929292929292929, 3.0303030303030303, 3.131313131313131, 3.2323232323232323, 3.3333333333333335, 3.4343434343434343, 3.5353535353535355, 3.6363636363636362, 3.7373737373737375, 3.8383838383838382, 3.9393939393939394, 4.040404040404041, 4.141414141414141, 4.242424242424242, 4.343434343434343, 4.444444444444445, 4.545454545454545, 4.646464646464646, 4.747474747474747, 4.848484848484849, 4.94949494949495, 5.05050505050505, 5.151515151515151, 5.252525252525253, 5.353535353535354, 5.454545454545454, 5.555555555555555, 5.656565656565657, 5.757575757575758, 5.858585858585858, 5.959595959595959, 6.0606060606060606, 6.161616161616162, 6.262626262626262, 6.363636363636363, 6.4646464646464645, 6.565656565656566, 6.666666666666667, 6.767676767676767, 6.8686868686868685, 6.96969696969697, 7.070707070707071, 7.171717171717171, 7.2727272727272725, 7.373737373737374, 7.474747474747475, 7.575757575757575, 7.6767676767676765, 7.777777777777778, 7.878787878787879, 7.979797979797979, 8.080808080808081, 8.181818181818182, 8.282828282828282, 8.383838383838384, 8.484848484848484, 8.585858585858587, 8.686868686868687, 8.787878787878787, 8.88888888888889, 8.98989898989899, 9.09090909090909, 9.191919191919192, 9.292929292929292, 9.393939393939394, 9.494949494949495, 9.595959595959595, 9.696969696969697, 9.797979797979798, 9.8989898989899, 10.0]","[(array(0.99999199), [array(0.99997616), array(0.99998468), array(0.99999199), array(0.99999711), array(0.99999945)]), (array(0.87680131), [array(0.73691109), array(0.82033101), array(0.89998272), array(0.96158814), array(0.99212765)]), (array(0.7618792), [array(0.53831984), array(0.66671909), array(0.80313212), array(0.91946222), array(0.98235017)]), (array(0.65661132), [array(0.39043153), array(0.53744007), array(0.71102073), array(0.87418843), array(0.97047639)]), (array(0.56176652), [array(0.28157334), array(0.43016963), array(0.62486851), array(0.82645994), array(0.9563681)]), (array(0.47756936), [array(0.20221995), array(0.34226941), array(0.54551669), array(0.77704895), array(0.93995272)]), (array(0.4037976), [array(0.14482834), array(0.27102205), array(0.47343816), array(0.72675485), array(0.92123026)]), (array(0.3398946), [array(0.10357382), array(0.21380697), array(0.40877749), array(0.67635632), array(0.90027446)]), (array(0.28507919), [array(0.0740512), array(0.16821494), array(0.35140713), array(0.62657021), array(0.8772276)]), (array(0.23844318), [array(0.05298578), array(0.13211151), array(0.30099136), array(0.57802115), array(0.8522901)]), (array(0.19903131), [array(0.03797748), array(0.10366057), array(0.2570497), array(0.53122303), array(0.82570653)]), (array(0.16590107), [array(0.02728698), array(0.08131963), array(0.21901359), array(0.48657119), array(0.79774941)]), (array(0.13816422), [array(0.01966526), array(0.06381827), array(0.18627495), array(0.44434558), array(0.76870392)]), (array(0.11501156), [array(0.01422138), array(0.05012644), array(0.15822297), array(0.40472037), array(0.73885377)]), (array(0.09572506), [array(0.0103229), array(0.03941982), array(0.13427115), array(0.36777911), array(0.70847062)]), (array(0.07968016), [array(0.00752219), array(0.03104536), array(0.11387452), array(0.33353158), array(0.6778065)]), (array(0.0663419), [array(0.00550288), array(0.02448967), array(0.0965392), array(0.30193074), array(0.64708943)]), (array(0.05525713), [array(0.00404136), array(0.01935142), array(0.08182605), array(0.27288817), array(0.61652163)]), (array(0.04604522), [array(0.00297933), array(0.01531806), array(0.06935025), array(0.24628733), array(0.58627975)]), (array(0.03838827), [array(0.00220452), array(0.01214664), array(0.05877802), array(0.22199366), array(0.55651557)]), (array(0.03202173), [array(0.00163701), array(0.00964852), array(0.04982226), array(0.19986305), array(0.52735822)]), (array(0.02672605), [array(0.00121975), array(0.00767718), array(0.04223737), array(0.17974757), array(0.49891589)]), (array(0.02231925), [array(0.00091182), array(0.00611874), array(0.0358141), array(0.16149992), array(0.47127816)]), (array(0.0186506), [array(0.00068378), array(0.00488456), array(0.03037467), array(0.14497635), array(0.44451793)]), (array(0.01559524), [array(0.00051432), array(0.00390552), array(0.0257683), array(0.13003868), array(0.41869322)]), (array(0.0130498), [array(0.000388), array(0.00312762), array(0.02186728), array(0.11655559), array(0.39384913)]), (array(0.01092863), [array(0.00029355), array(0.00250859), array(0.01856357), array(0.10440347), array(0.3700196)]), (array(0.0091603), [array(0.00022272), array(0.00201529), array(0.0157657), array(0.09346667), array(0.34722864)]), (array(0.00768517), [array(0.00016947), array(0.00162167), array(0.01339642), array(0.08363793), array(0.32549257)]), (array(0.0064538), [array(0.00012933), array(0.00130718), array(0.01139017), array(0.07481729), array(0.30481908)]), (array(0.0054251), [array(9.89813744e-05), array(0.00105551), array(0.00969079), array(0.06690896), array(0.28520043)]), (array(0.00456499), [array(7.59684594e-05), array(0.00085377), array(0.00825063), array(0.05982393), array(0.26661985)]), (array(0.00384523), [array(5.84680129e-05), array(0.00069177), array(0.00702953), array(0.05348083), array(0.24905525)]), (array(0.00324241), [array(4.51220517e-05), array(0.00056146), array(0.00599363), array(0.04780537), array(0.23247996)]), (array(0.00273707), [array(3.49162658e-05), array(0.00045648), array(0.00511434), array(0.04273001), array(0.21686374)]), (array(0.00231301), [array(2.7090842e-05), array(0.00037176), array(0.00436756), array(0.03819351), array(0.20217379)]), (array(0.0019568), [array(2.10748174e-05), array(0.00030329), array(0.00373295), array(0.03414042), array(0.18837531)]), (array(0.00165727), [array(1.64374382e-05), array(0.00024785), array(0.00319329), array(0.03052028), array(0.17543067)]), (array(0.00140513), [array(1.28531574e-05), array(0.00020288), array(0.002734), array(0.02728737), array(0.16330056)]), (array(0.00119264), [array(1.00755208e-05), array(0.00016635), array(0.00234281), array(0.02440059), array(0.15194538)]), (array(0.00101339), [array(7.9174326e-06), array(0.00013662), array(0.00200934), array(0.02182305), array(0.14132564)]), (array(0.00086201), [array(6.23645773e-06), array(0.00011239), array(0.00172485), array(0.01952165), array(0.13140232)]), (array(0.00073403), [array(4.92386963e-06), array(9.25987755e-05), array(0.00148193), array(0.01746678), array(0.12213714)]), (array(0.00062571), [array(3.89644717e-06), array(7.6413545e-05), array(0.00127433), array(0.01563193), array(0.11349279)]), (array(0.00053394), [array(3.09032379e-06), array(6.31546225e-05), array(0.00109677), array(0.01399339), array(0.1054331)]), (array(0.0004561), [array(2.45635949e-06), array(5.22756353e-05), array(0.00094478), array(0.01252998), array(0.09792317)]), (array(0.00039002), [array(1.95664912e-06), array(4.33353833e-05), array(0.00081455), array(0.0112228), array(0.09092946)]), (array(0.00033385), [array(1.56188086e-06), array(3.59770003e-05), array(0.00070288), array(0.01005497), array(0.08441985)]), (array(0.00028606), [array(1.24933332e-06), array(2.99113723e-05), array(0.00060703), array(0.00901143), array(0.07836372)]), (array(0.00024535), [array(1.00134996e-06), array(2.4903863e-05), array(0.00052471), array(0.00807877), array(0.07273189)]), (array(0.00021065), [array(8.04179619e-07), array(2.07637784e-05), array(0.00045393), array(0.007245), array(0.06749671)]), (array(0.00018104), [array(6.47087073e-07), array(1.73358719e-05), array(0.00039303), array(0.00649946), array(0.06263199)]), (array(0.00015573), [array(5.21672852e-07), array(1.4493563e-05), array(0.00034059), array(0.00583263), array(0.05811297)]), (array(0.0001341), [array(4.21350399e-07), array(1.21334826e-05), array(0.00029538), array(0.00523605), array(0.05391631)]), (array(0.00011557), [array(3.4094355e-07), array(1.01710883e-05), array(0.00025639), array(0.00470215), array(0.05002005)]), (array(9.97048204e-05), [array(2.76375864e-07), array(8.53713174e-06), array(0.00022273), array(0.00422422), array(0.04640353)]), (array(8.6093573e-05), [array(2.24430281e-07), array(7.17480858e-06), array(0.00019364), array(0.00379624), array(0.04304739)]), (array(7.44084468e-05), [array(1.82562685e-07), array(6.03745264e-06), array(0.00016848), array(0.00341289), array(0.03993345)]), (array(6.43673799e-05), [array(1.48757133e-07), array(5.08667253e-06), array(0.00014671), array(0.00306938), array(0.03704472)]), (array(5.57309865e-05), [array(1.2141291e-07), array(4.29083566e-06), array(0.00012785), array(0.00276149), array(0.03436528)]), (array(4.82958962e-05), [array(9.92567839e-08), array(3.62384903e-06), array(0.00011151), array(0.00248541), array(0.03188029)]), (array(4.18891628e-05), [array(8.12738316e-08), array(3.06415201e-06), array(9.73249628e-05), array(0.00223779), array(0.02957588)]), (array(3.63635503e-05), [array(6.66536098e-08), array(2.59390745e-06), array(8.50111478e-05), array(0.0020156), array(0.02743911)]), (array(3.15936279e-05), [array(5.47478407e-08), array(2.19834121e-06), array(7.43112647e-05), array(0.00181617), array(0.02545793)]), (array(2.74724114e-05), [array(4.50369292e-08), array(1.8651967e-06), array(6.50065634e-05), array(0.0016371), array(0.02362112)]), (array(2.39085696e-05), [array(3.71036971e-08), array(1.58429307e-06), array(5.69088811e-05), array(0.00147625), array(0.02191823)]), (array(2.0824064e-05), [array(3.06126562e-08), array(1.34716435e-06), array(4.98562807e-05), array(0.00133172), array(0.02033955)]), (array(1.815215e-05), [array(2.52935182e-08), array(1.14676048e-06), array(4.37092501e-05), array(0.0012018), array(0.01887603)]), (array(1.58356901e-05), [array(2.09281639e-08), array(9.7720342e-07), array(3.83475081e-05), array(0.00108497), array(0.01751929)]), (array(1.38257271e-05), [array(1.73402848e-08), array(8.33586271e-07), array(3.36672733e-05), array(0.00097988), array(0.01626152)]), (array(1.20802744e-05), [array(1.43871359e-08), array(7.11807856e-07), array(2.95789297e-05), array(0.0008853), array(0.0150955)]), (array(1.0563292e-05), [array(1.19529628e-08), array(6.08436308e-07), array(2.60050335e-05), array(0.00080016), array(0.01401449)]), (array(9.24381704e-06), [array(9.94375051e-09), array(5.20596444e-07), array(2.28786076e-05), array(0.00072349), array(0.01301227)]), (array(8.09522486e-06), [array(8.28302305e-09), array(4.4587666e-07), array(2.01416832e-05), array(0.00065441), array(0.01208305)]), (array(7.09460189e-06), [array(6.90847721e-09), array(3.82251872e-07), array(1.77440498e-05), array(0.00059216), array(0.01122147)]), (array(6.22221133e-06), [array(5.76928024e-09), array(3.28019633e-07), array(1.56421843e-05), array(0.00053603), array(0.01042257)]), (array(5.46103845e-06), [array(4.82389719e-09), array(2.81747138e-07), array(1.37983323e-05), array(0.0004854), array(0.00968172)]), (array(4.79640292e-06), [array(4.03834134e-09), array(2.42227187e-07), array(1.21797187e-05), array(0.00043972), array(0.00899467)]), (array(4.21562805e-06), [array(3.38476299e-09), array(2.08441563e-07), array(1.07578709e-05), array(0.00039849), array(0.00835745)]), (array(3.70775842e-06), [array(2.84030932e-09), array(1.79530522e-07), array(9.5080354e-06), array(0.00036126), array(0.00776641)]), (array(3.26331852e-06), [array(2.38620211e-09), array(1.54767366e-07), array(8.40867685e-06), array(0.00032763), array(0.00721814)]), (array(2.87410628e-06), [array(2.00699036e-09), array(1.33537216e-07), array(7.44104619e-06), array(0.00029724), array(0.0067095)]), (array(2.53301634e-06), [array(1.68994384e-09), array(1.15319267e-07), array(6.58880863e-06), array(0.00026977), array(0.00623758)]), (array(2.23388863e-06), [array(1.42456018e-09), array(9.96719554e-08), array(5.83772278e-06), array(0.00024493), array(0.00579968)]), (array(1.97137842e-06), [array(1.20216388e-09), array(8.62205208e-08), array(5.17536383e-06), array(0.00022246), array(0.00539331)]), (array(1.74084495e-06), [array(1.01557933e-09), array(7.46465914e-08), array(4.59088431e-06), array(0.00020212), array(0.00501615)]), (array(1.53825561e-06), [array(8.58864112e-10), array(6.46794333e-08), array(4.07480744e-06), array(0.00018371), array(0.00466606)]), (array(1.36010367e-06), [array(7.27091001e-10), array(5.60886034e-08), array(3.61884836e-06), array(0.00016703), array(0.00434106)]), (array(1.20333741e-06), [array(6.1616954e-10), array(4.86777665e-08), array(3.21575937e-06), array(0.00015193), array(0.00403931)]), (array(1.06529919e-06), [array(5.2269988e-10), array(4.22794905e-08), array(2.85919588e-06), array(0.00013824), array(0.00375912)]), (array(9.43672865e-07), [array(4.43852855e-10), array(3.67508605e-08), array(2.54360028e-06), array(0.00012582), array(0.0034989)]), (array(8.3643847e-07), [array(3.77271448e-10), array(3.19697772e-08), array(2.26410115e-06), array(0.00011457), array(0.00325721)]), (array(7.41833108e-07), [array(3.2098975e-10), array(2.78318317e-08), array(2.01642581e-06), array(0.00010435), array(0.00303269)]), (array(6.58317154e-07), [array(2.73366199e-10), array(2.42476626e-08), array(1.79682432e-06), array(9.50798242e-05), array(0.0028241)]), (array(5.84545062e-07), [array(2.33028556e-10), array(2.1140721e-08), array(1.6020035e-06), array(8.66625019e-05), array(0.00263027)]), (array(5.19340088e-07), [array(1.98828454e-10), array(1.84453765e-08), array(1.42906944e-06), array(7.90174101e-05), array(0.00245015)]), (array(4.61672422e-07), [array(1.6980383e-10), array(1.61053117e-08), array(1.27547758e-06), array(7.20712607e-05), array(0.00228272)]), (array(4.10640242e-07), [array(1.45147846e-10), array(1.407216e-08), array(1.13898912e-06), array(6.57579468e-05), array(0.00212708)]), (array(3.65453284e-07), [array(1.24183131e-10), array(1.23043486e-08), array(1.01763311e-06), array(6.00178189e-05), array(0.00198238)]), (array(3.25418589e-07), [array(1.06340415e-10), array(1.07661148e-08), array(9.09673386e-07), array(5.47970333e-05), array(0.00184782)])]",0.5346458074491077,1.462124614741727,2.3129882043097617e-08,"Inference data with groups:
	> posterior
	> sample_stats
	> observed_data","Inference data with groups:
	> posterior_predictive
	> observed_data","Inference data with groups:
	> prior
	> prior_predictive
	> observed_data",<pyhf.pdf.Model object at 0x7fd00623d700>
0.04,1.4900758951617796,1.639843897157015,0.7398744609700769,1.0552486843641935,2.743652119550858,4.657905371855921,4.481543128726015e-08,4.701372250589132e-08,3.1579293086428766e-08,3.7713843568013236e-08,6.081180690295386e-08,7.923530177679324e-08,0.0013478661643909614,"[0.0, 0.10101010101010101, 0.20202020202020202, 0.30303030303030304, 0.40404040404040403, 0.5050505050505051, 0.6060606060606061, 0.7070707070707071, 0.8080808080808081, 0.9090909090909091, 1.0101010101010102, 1.1111111111111112, 1.2121212121212122, 1.3131313131313131, 1.4141414141414141, 1.5151515151515151, 1.6161616161616161, 1.7171717171717171, 1.8181818181818181, 1.9191919191919191, 2.0202020202020203, 2.121212121212121, 2.2222222222222223, 2.323232323232323, 2.4242424242424243, 2.525252525252525, 2.6262626262626263, 2.727272727272727, 2.8282828282828283, 2.929292929292929, 3.0303030303030303, 3.131313131313131, 3.2323232323232323, 3.3333333333333335, 3.4343434343434343, 3.5353535353535355, 3.6363636363636362, 3.7373737373737375, 3.8383838383838382, 3.9393939393939394, 4.040404040404041, 4.141414141414141, 4.242424242424242, 4.343434343434343, 4.444444444444445, 4.545454545454545, 4.646464646464646, 4.747474747474747, 4.848484848484849, 4.94949494949495, 5.05050505050505, 5.151515151515151, 5.252525252525253, 5.353535353535354, 5.454545454545454, 5.555555555555555, 5.656565656565657, 5.757575757575758, 5.858585858585858, 5.959595959595959, 6.0606060606060606, 6.161616161616162, 6.262626262626262, 6.363636363636363, 6.4646464646464645, 6.565656565656566, 6.666666666666667, 6.767676767676767, 6.8686868686868685, 6.96969696969697, 7.070707070707071, 7.171717171717171, 7.2727272727272725, 7.373737373737374, 7.474747474747475, 7.575757575757575, 7.6767676767676765, 7.777777777777778, 7.878787878787879, 7.979797979797979, 8.080808080808081, 8.181818181818182, 8.282828282828282, 8.383838383838384, 8.484848484848484, 8.585858585858587, 8.686868686868687, 8.787878787878787, 8.88888888888889, 8.98989898989899, 9.09090909090909, 9.191919191919192, 9.292929292929292, 9.393939393939394, 9.494949494949495, 9.595959595959595, 9.696969696969697, 9.797979797979798, 9.8989898989899, 10.0]","[(array(0.99999117), [array(0.99997374), array(0.99998313), array(0.99999117), array(0.99999682), array(0.99999939)]), (array(0.88767465), [array(0.74259825), array(0.82446888), array(0.90243359), array(0.96258833), array(0.99234518)]), (array(0.781194), [array(0.54689878), array(0.67377164), array(0.80785189), array(0.92163849), array(0.98288497)]), (array(0.68204219), [array(0.4000256), array(0.54633037), array(0.7177272), array(0.87767414), array(0.97144192)]), (array(0.59121296), [array(0.29101744), array(0.440008), array(0.63321208), array(0.83133526), array(0.95788632)]), (array(0.50923006), [array(0.2108652), array(0.35236516), array(0.55511439), array(0.78333562), array(0.94214734)]), (array(0.43620383), [array(0.15237699), array(0.28087351), array(0.4839047), array(0.73441668), array(0.92421943)]), (array(0.37190992), [array(0.1099507), array(0.223078), array(0.41975041), array(0.68530475), array(0.90416368)]), (array(0.31587469), [array(0.07931027), array(0.17670483), array(0.36256475), array(0.63667379), array(0.8821037)]), (array(0.26745792), [array(0.05724647), array(0.13972375), array(0.31206336), array(0.58911741), array(0.85821696)]), (array(0.22592522), [array(0.04138393), array(0.11037401), array(0.26782109), array(0.54313104), array(0.83272281)]), (array(0.19050739), [array(0.02998406), array(0.08716396), array(0.22932366), array(0.49910354), array(0.80586851)]), (array(0.16044519), [array(0.02178575), array(0.06885437), array(0.19601232), array(0.45731844), array(0.77791557)]), (array(0.13502017), [array(0.01588044), array(0.05443171), array(0.16731858), array(0.41796116), array(0.749127)]), (array(0.11357394), [array(0.01161679), array(0.04307777), array(0.14269038), array(0.38113158), array(0.71975725)]), (array(0.09551752), [array(0.00852939), array(0.03413875), array(0.1216094), array(0.34685848), array(0.69004482)]), (array(0.08033379), [array(0.00628621), array(0.02709636), array(0.10360135), array(0.31511467), array(0.66020759)]), (array(0.06757516), [array(0.00465048), array(0.02154215), array(0.0882408), array(0.28583108), array(0.63044061)]), (array(0.05685831), [array(0.00345317), array(0.01715558), array(0.07515178), array(0.25890904), array(0.60091566)]), (array(0.04785745), [array(0.0025734), array(0.01368567), array(0.06400583), array(0.23423027), array(0.57178178)]), (array(0.04029724), [array(0.00192447), array(0.01093618), array(0.0545184), array(0.2116649), array(0.54316677)]), (array(0.03394585), [array(0.00144403), array(0.00875371), array(0.04644452), array(0.19107745), array(0.51517881)]), (array(0.02860857), [array(0.00108702), array(0.00701825), array(0.03957425), array(0.17233125), array(0.48790838)]), (array(0.02412213), [array(0.00082082), array(0.00563586), array(0.03372822), array(0.15529162), array(0.46143)]), (array(0.0203497), [array(0.00062165), array(0.00453284), array(0.02875354), array(0.13982802), array(0.43580407)]), (array(0.01717671), [array(0.00047217), array(0.0036513), array(0.02452003), array(0.12581548), array(0.41107828)]), (array(0.01450719), [array(0.00035964), array(0.00294569), array(0.020917), array(0.11313558), array(0.38728937)]), (array(0.0122608), [array(0.00027469), array(0.00238005), array(0.01785036), array(0.10167693), array(0.36446447)]), (array(0.01037009), [array(0.00021037), array(0.00192601), array(0.01524017), array(0.09133545), array(0.34262246)]), (array(0.00877801), [array(0.00016156), array(0.00156107), array(0.01301855), array(0.08201452), array(0.32177551)]), (array(0.00743664), [array(0.00012442), array(0.00126739), array(0.01112763), array(0.07362388), array(0.30192795)]), (array(0.00630573), [array(9.60806871e-05), array(0.00103067), array(0.00951759), array(0.06607697), array(0.28307049)]), (array(0.00535156), [array(7.43958875e-05), array(0.00083955), array(0.00814601), array(0.05929352), array(0.26518658)]), (array(0.00454592), [array(5.77575004e-05), array(0.00068499), array(0.00697699), array(0.05319996), array(0.24825508)]), (array(0.00386518), [array(4.4956794e-05), array(0.0005598), array(0.00598008), array(0.04772906), array(0.23225099)]), (array(0.00328954), [array(3.50826914e-05), array(0.00045824), array(0.00512945), array(0.0428195), array(0.21714624)]), (array(0.00280237), [array(2.74465656e-05), array(0.00037571), array(0.00440323), array(0.03841559), array(0.20291059)]), (array(0.0023897), [array(2.15263651e-05), array(0.00030855), array(0.00378288), array(0.03446675), array(0.1895121)]), (array(0.00203982), [array(1.692493e-05), array(0.00025381), array(0.0032526), array(0.03092695), array(0.17691675)]), (array(0.00174288), [array(1.33393486e-05), array(0.00020911), array(0.00279897), array(0.02775427), array(0.16508872)]), (array(0.00149063), [array(1.05383328e-05), array(0.00017256), array(0.00241062), array(0.02491089), array(0.15399186)]), (array(0.00127615), [array(8.34482617e-06), array(0.00014262), array(0.00207789), array(0.02236274), array(0.14359014)]), (array(0.00109359), [array(6.62292286e-06), array(0.00011806), array(0.00179259), array(0.02007919), array(0.13384791)]), (array(0.00093806), [array(5.26803468e-06), array(9.78740473e-05), array(0.00154775), array(0.01803271), array(0.12473017)]), (array(0.00080543), [array(4.19946611e-06), array(8.12615081e-05), array(0.00133747), array(0.01619856), array(0.11620276)]), (array(0.00069221), [array(3.35479953e-06), array(6.75679811e-05), array(0.00115673), array(0.01455456), array(0.10823249)]), (array(0.00059548), [array(2.68563574e-06), array(5.62633987e-05), array(0.00100124), array(0.01308083), array(0.10078729)]), (array(0.00051274), [array(2.15435461e-06), array(4.69170005e-05), array(0.00086737), array(0.01175955), array(0.09383629)]), (array(0.00044192), [array(1.73164531e-06), array(3.91781806e-05), array(0.00075202), array(0.01057474), array(0.08734986)]), (array(0.00038123), [array(1.39461602e-06), array(3.2761093e-05), array(0.00065254), array(0.00951211), array(0.08129964)]), (array(0.00032918), [array(1.1253494e-06), array(2.7432369e-05), array(0.00056668), array(0.00855887), array(0.07565863)]), (array(0.00028449), [array(9.09788719e-07), array(2.30011628e-05), array(0.00049252), array(0.00770357), array(0.0704011)]), (array(0.00024609), [array(7.36882269e-07), array(1.93111788e-05), array(0.00042841), array(0.00693596), array(0.06550267)]), (array(0.00021307), [array(5.97921574e-07), array(1.62342114e-05), array(0.00037294), array(0.00624689), array(0.06094021)]), (array(0.00018464), [array(4.86030675e-07), array(1.36649561e-05), array(0.0003249), array(0.00562814), array(0.05669185)]), (array(0.00016014), [array(3.95768955e-07), array(1.15167865e-05), array(0.00028328), array(0.0050724), array(0.052737)]), (array(0.00013901), [array(3.22822549e-07), array(9.71833475e-06), array(0.00024718), array(0.0045731), array(0.04905619)]), (array(0.00012077), [array(2.6376429e-07), array(8.21072377e-06), array(0.00021585), array(0.00412438), array(0.04563113)]), (array(0.00010502), [array(2.15866222e-07), array(6.94531666e-06), array(0.00018863), array(0.003721), array(0.04244464)]), (array(9.13932221e-05), [array(1.76952319e-07), array(5.88186828e-06), array(0.00016497), array(0.00335825), array(0.03948056)]), (array(7.96022009e-05), [array(1.45284163e-07), array(4.98704965e-06), array(0.00014439), array(0.00303195), array(0.03672377)]), (array(6.9388959e-05), [array(1.19469688e-07), array(4.23320339e-06), array(0.00012646), array(0.00273834), array(0.03416007)]), (array(6.05348773e-05), [array(9.83926616e-08), array(3.59736335e-06), array(0.00011085), array(0.00247405), array(0.0317762)]), (array(5.28526637e-05), [array(8.11560562e-08), array(3.06042298e-06), array(9.72288466e-05), array(0.00223608), array(0.02955972)]), (array(4.61817132e-05), [array(6.7038028e-08), array(2.60647548e-06), array(8.53456435e-05), array(0.00202174), array(0.02749905)]), (array(4.0384165e-05), [array(5.54564455e-08), array(2.22225297e-06), array(7.49681346e-05), array(0.00182861), array(0.02558334)]), (array(3.5341593e-05), [array(4.59412043e-08), array(1.89667989e-06), array(6.58988776e-05), array(0.00165453), array(0.02380247)]), (array(3.0952174e-05), [array(3.81119866e-08), array(1.62049779e-06), array(5.79671754e-05), array(0.00149757), array(0.02214701)]), (array(2.71282843e-05), [array(3.16606066e-08), array(1.38595774e-06), array(5.10253395e-05), array(0.00135599), array(0.02060815)]), (array(2.37944566e-05), [array(2.63369301e-08), array(1.18656653e-06), array(4.49454945e-05), array(0.00122825), array(0.0191777)]), (array(2.08856379e-05), [array(2.19376165e-08), array(1.01687675e-06), array(3.9616836e-05), array(0.00111295), array(0.01784802)]), (array(1.83457063e-05), [array(1.82971082e-08), array(8.72312998e-07), array(3.49432799e-05), array(0.00100885), array(0.016612)]), (array(1.61262043e-05), [array(1.52804023e-08), array(7.49027902e-07), array(3.08414448e-05), array(0.00091481), array(0.01546301)]), (array(1.41852583e-05), [array(1.27772465e-08), array(6.43782574e-07), array(2.72389191e-05), array(0.00082984), array(0.01439491)]), (array(1.24866546e-05), [array(1.06974672e-08), array(5.53847343e-07), array(2.40727714e-05), array(0.00075304), array(0.01340195)]), (array(1.09990491e-05), [array(8.96720605e-09), array(4.76919157e-07), array(2.12882703e-05), array(0.00068359), array(0.01247881)]), (array(9.69529132e-06), [array(7.52588051e-09), array(4.1105279e-07), array(1.8837781e-05), array(0.00062077), array(0.01162054)]), (array(8.55184456e-06), [array(6.32372794e-09), array(3.54603486e-07), array(1.66798156e-05), array(0.00056393), array(0.01082254)]), (array(7.5482892e-06), [array(5.31981624e-09), array(3.06179079e-07), array(1.47782145e-05), array(0.00051248), array(0.01008051)]), (array(6.66689618e-06), [array(4.48043082e-09), array(2.64599966e-07), array(1.31014395e-05), array(0.00046588), array(0.00939049)]), (array(5.89226085e-06), [array(3.77776467e-09), array(2.28865631e-07), array(1.16219645e-05), array(0.00042368), array(0.00874878)]), (array(5.21098805e-06), [array(3.18885284e-09), array(1.98126589e-07), array(1.03157481e-05), array(0.00038543), array(0.00815195)]), (array(4.61142139e-06), [array(2.69470455e-09), array(1.71660869e-07), array(9.16177855e-06), array(0.00035076), array(0.00759682)]), (array(4.08340999e-06), [array(2.27959529e-09), array(1.48854265e-07), array(8.14167889e-06), array(0.00031933), array(0.00708041)]), (array(3.61810766e-06), [array(1.93048866e-09), array(1.29183742e-07), array(7.23936629e-06), array(0.00029081), array(0.0066)]), (array(3.20779957e-06), [array(1.63656333e-09), array(1.12203474e-07), array(6.44075606e-06), array(0.00026493), array(0.00615301)]), (array(2.84575282e-06), [array(1.38882567e-09), array(9.75330885e-08), array(5.73350528e-06), array(0.00024143), array(0.00573708)]), (array(2.52608728e-06), [array(1.17979207e-09), array(8.48477501e-08), array(5.10679043e-06), array(0.0002201), array(0.00535002)]), (array(2.24366397e-06), [array(1.00322797e-09), array(7.38697972e-08), array(4.55111411e-06), array(0.00020072), array(0.00498978)]), (array(1.99398859e-06), [array(8.53933321e-10), array(6.43616745e-08), array(4.05813731e-06), array(0.00018311), array(0.00465445)]), (array(1.77312791e-06), [array(7.27565917e-10), array(5.61199569e-08), array(3.62053342e-06), array(0.0001671), array(0.00434229)]), (array(1.57763743e-06), [array(6.20495751e-10), array(4.89702913e-08), array(3.23186131e-06), array(0.00015254), array(0.00405165)]), (array(1.40449862e-06), [array(5.29684797e-10), array(4.27631105e-08), array(2.88645476e-06), array(0.0001393), array(0.00378102)]), (array(1.25106446e-06), [array(4.52587664e-10), array(3.73699991e-08), array(2.57932618e-06), array(0.00012724), array(0.00352899)]), (array(1.11501225e-06), [array(3.87069395e-10), array(3.2680608e-08), array(2.30608268e-06), array(0.00011627), array(0.00329426)]), (array(9.9430251e-07), [array(3.31337348e-10), array(2.86000316e-08), array(2.06285276e-06), array(0.00010628), array(0.00307559)]), (array(8.87143315e-07), [array(2.83884724e-10), array(2.50465797e-08), array(1.84622241e-06), array(9.71842653e-05), array(0.00287188)]), (array(7.91959339e-07), [array(2.43443671e-10), array(2.19498793e-08), array(1.65317932e-06), array(8.88925524e-05), array(0.00268206)]), (array(7.07364436e-07), [array(2.08946279e-10), array(1.92492563e-08), array(1.48106394e-06), array(8.13344983e-05), array(0.00250518)]), (array(6.32138682e-07), [array(1.7949215e-10), array(1.68923584e-08), array(1.32752693e-06), array(7.44429046e-05), array(0.00234031)])]",0.5643097821457073,1.638877000509993,4.699986017623848e-08,"Inference data with groups:
	> posterior
	> sample_stats
	> observed_data","Inference data with groups:
	> posterior_predictive
	> observed_data","Inference data with groups:
	> prior
	> prior_predictive
	> observed_data",<pyhf.pdf.Model object at 0x7fd00677b1c0>
0.05,1.4886462749432456,1.6539683585199974,0.7448900777207665,1.0627428887030763,2.7738509897987496,4.725469645167217,8.034691914304106e-08,8.469096270080536e-08,5.68354844024014e-08,6.788714971489285e-08,1.096768666796655e-07,1.4315151875915887e-07,0.004336575803425496,"[0.0, 0.10101010101010101, 0.20202020202020202, 0.30303030303030304, 0.40404040404040403, 0.5050505050505051, 0.6060606060606061, 0.7070707070707071, 0.8080808080808081, 0.9090909090909091, 1.0101010101010102, 1.1111111111111112, 1.2121212121212122, 1.3131313131313131, 1.4141414141414141, 1.5151515151515151, 1.6161616161616161, 1.7171717171717171, 1.8181818181818181, 1.9191919191919191, 2.0202020202020203, 2.121212121212121, 2.2222222222222223, 2.323232323232323, 2.4242424242424243, 2.525252525252525, 2.6262626262626263, 2.727272727272727, 2.8282828282828283, 2.929292929292929, 3.0303030303030303, 3.131313131313131, 3.2323232323232323, 3.3333333333333335, 3.4343434343434343, 3.5353535353535355, 3.6363636363636362, 3.7373737373737375, 3.8383838383838382, 3.9393939393939394, 4.040404040404041, 4.141414141414141, 4.242424242424242, 4.343434343434343, 4.444444444444445, 4.545454545454545, 4.646464646464646, 4.747474747474747, 4.848484848484849, 4.94949494949495, 5.05050505050505, 5.151515151515151, 5.252525252525253, 5.353535353535354, 5.454545454545454, 5.555555555555555, 5.656565656565657, 5.757575757575758, 5.858585858585858, 5.959595959595959, 6.0606060606060606, 6.161616161616162, 6.262626262626262, 6.363636363636363, 6.4646464646464645, 6.565656565656566, 6.666666666666667, 6.767676767676767, 6.8686868686868685, 6.96969696969697, 7.070707070707071, 7.171717171717171, 7.2727272727272725, 7.373737373737374, 7.474747474747475, 7.575757575757575, 7.6767676767676765, 7.777777777777778, 7.878787878787879, 7.979797979797979, 8.080808080808081, 8.181818181818182, 8.282828282828282, 8.383838383838384, 8.484848484848484, 8.585858585858587, 8.686868686868687, 8.787878787878787, 8.88888888888889, 8.98989898989899, 9.09090909090909, 9.191919191919192, 9.292929292929292, 9.393939393939394, 9.494949494949495, 9.595959595959595, 9.696969696969697, 9.797979797979798, 9.8989898989899, 10.0]","[(array(1.), [array(1.), array(1.), array(1.), array(1.), array(1.)]), (array(0.88653359), [array(0.74389706), array(0.82541208), array(0.90299119), array(0.96281545), array(0.99239448)]), (array(0.77928445), [array(0.54886816), array(0.67538457), array(0.80892728), array(0.9221325), array(0.98300591)]), (array(0.67968664), [array(0.40225273), array(0.54838279), array(0.71926694), array(0.87847001), array(0.97166116)]), (array(0.58867346), [array(0.29324548), array(0.44231238), array(0.63515227), array(0.83246077), array(0.95823429)]), (array(0.50670568), [array(0.21294662), array(0.35477439), array(0.55738456), array(0.78480947), array(0.94265729)]), (array(0.4338341), [array(0.15423773), array(0.28327677), array(0.48643153), array(0.73624718), array(0.92492613)]), (array(0.36978235), [array(0.11156403), array(0.22539585), array(0.42246127), array(0.68748924), array(0.90510182)]), (array(0.31403456), [array(0.08067818), array(0.17888396), array(0.36539076), array(0.6391989), array(0.88330615)]), (array(0.2659186), [array(0.058387), array(0.14173193), array(0.31494182), array(0.59196014), array(0.85971317)]), (array(0.22467788), [array(0.04232284), array(0.11219534), array(0.27069727), array(0.54626044), array(0.83453744)]), (array(0.18952923), [array(0.03074954), array(0.08879472), array(0.23215184), array(0.50248296), array(0.80802059)]), (array(0.15970592), [array(0.02240533), array(0.07029943), array(0.19875604), array(0.46090778), array(0.78041804)]), (array(0.13448668), [array(0.01637924), array(0.05570154), array(0.16995025), array(0.42171898), array(0.75198669)]), (array(0.11321343), [array(0.01201684), array(0.04418619), array(0.1451905), array(0.38501698), array(0.7229753)]), (array(0.0952993), [array(0.0088494), array(0.03510109), array(0.12396529), array(0.35083225), array(0.69361699)]), (array(0.08023044), [array(0.00654183), array(0.02792847), array(0.10580653), array(0.31914114), array(0.66412579)]), (array(0.06756269), [array(0.00485448), array(0.02225927), array(0.09029294), array(0.2898773), array(0.63469242)]), (array(0.05691617), [array(0.00361594), array(0.017772), array(0.07705217), array(0.26294582), array(0.60548559)]), (array(0.04796837), [array(0.00270329), array(0.01421446), array(0.06575831), array(0.238232), array(0.57665174)]), (array(0.04044688), [array(0.00202817), array(0.01138908), array(0.05612862), array(0.21560941), array(0.54831649)]), (array(0.03412244), [array(0.00152687), array(0.00914112), array(0.04791932), array(0.19494575), array(0.52058623)]), (array(0.02880256), [array(0.00115326), array(0.0073493), array(0.0409212), array(0.17610728), array(0.49354998)]), (array(0.02432585), [array(0.00087382), array(0.00591851), array(0.03495528), array(0.15896196), array(0.46728108)]), (array(0.02055708), [array(0.0006641), array(0.00477399), array(0.02986877), array(0.14338167), array(0.44183896)]), (array(0.01738299), [array(0.0005062), array(0.00385691), array(0.02553144), array(0.12924352), array(0.41727058)]), (array(0.01470873), [array(0.00038694), array(0.00312088), array(0.02183238), array(0.11643096), array(0.39361202)]), (array(0.01245482), [array(0.0002966), array(0.00252924), array(0.0186772), array(0.10483425), array(0.37088996)]), (array(0.01055465), [array(0.00022798), array(0.00205297), array(0.01598558), array(0.09435064), array(0.34912265)]), (array(0.00895195), [array(0.00017571), array(0.00166905), array(0.01368921), array(0.08488462), array(0.32832161)]), (array(0.00759931), [array(0.0001358), array(0.00135917), array(0.01172997), array(0.07634767), array(0.30849241)]), (array(0.00645691), [array(0.00010525), array(0.00110868), array(0.01005793), array(0.06865585), array(0.28963013)]), (array(0.00549131), [array(8.17888481e-05), array(0.00090586), array(0.00863025), array(0.06172992), array(0.27171984)]), (array(0.0046745), [array(6.37263115e-05), array(0.00074137), array(0.00741055), array(0.0554971), array(0.2547418)]), (array(0.00398301), [array(4.97817878e-05), array(0.00060775), array(0.00636792), array(0.04989077), array(0.23867252)]), (array(0.00339712), [array(3.89879055e-05), array(0.00049902), array(0.00547613), array(0.04485014), array(0.22348547)]), (array(0.00290031), [array(3.06112201e-05), array(0.00041041), array(0.00471289), array(0.04031986), array(0.2091519)]), (array(0.00247863), [array(2.40940064e-05), array(0.00033808), array(0.00405928), array(0.03624965), array(0.19564131)]), (array(0.00212039), [array(1.90109539e-05), array(0.00027895), array(0.0034992), array(0.03259387), array(0.18292195)]), (array(0.00181575), [array(1.50365375e-05), array(0.00023053), array(0.00301892), array(0.02931089), array(0.17096023)]), (array(0.00155644), [array(1.19211578e-05), array(0.00019081), array(0.00260674), array(0.02636291), array(0.1597215)]), (array(0.00133548), [array(9.47313935e-06), array(0.00015819), array(0.00225273), array(0.02371583), array(0.14917114)]), (array(0.00114703), [array(7.54488805e-06), array(0.00013134), array(0.00194844), array(0.02133892), array(0.13927481)]), (array(0.00098614), [array(6.02246424e-06), array(0.00010922), array(0.00168666), array(0.01920451), array(0.12999871)]), (array(0.00084864), [array(4.81767969e-06), array(9.09573942e-05), array(0.00146127), array(0.01728772), array(0.1213098)]), (array(0.00073102), [array(3.86210513e-06), array(7.58597888e-05), array(0.00126706), array(0.01556619), array(0.11317592)]), (array(0.00063031), [array(3.10251215e-06), array(6.33594985e-05), array(0.00109958), array(0.01401982), array(0.10556591)]), (array(0.00054399), [array(2.49739582e-06), array(5.29942001e-05), array(0.00095502), array(0.01263058), array(0.09844974)]), (array(0.00046993), [array(2.01431666e-06), array(4.43865894e-05), array(0.00083015), array(0.01138229), array(0.09179853)]), (array(0.00040633), [array(1.62785818e-06), array(3.72282018e-05), array(0.00072219), array(0.01026043), array(0.08558459)]), (array(0.00035166), [array(1.31806485e-06), array(3.12665334e-05), array(0.00062879), array(0.00925198), array(0.0797815)]), (array(0.00030463), [array(1.06923123e-06), array(2.62945263e-05), array(0.0005479), array(0.00834528), array(0.07436405)]), (array(0.00026413), [array(8.68970226e-07), array(2.21421431e-05), array(0.0004778), array(0.00752985), array(0.06930828)]), (array(0.00022921), [array(7.0749069e-07), array(1.86695348e-05), array(0.000417), array(0.00679633), array(0.06459147)]), (array(0.00019909), [array(5.77037116e-07), array(1.57615127e-05), array(0.00036423), array(0.00613631), array(0.06019209)]), (array(0.00017307), [array(4.71453622e-07), array(1.33230612e-05), array(0.00031838), array(0.00554226), array(0.05608977)]), (array(0.00015059), [array(3.85844174e-07), array(1.12756939e-05), array(0.00027851), array(0.00500744), array(0.05226529)]), (array(0.00013114), [array(3.16306791e-07), array(9.55448237e-06), array(0.00024383), array(0.00452579), array(0.04870055)]), (array(0.00011429), [array(2.59725819e-07), array(8.10564371e-06), array(0.00021362), array(0.0040919), array(0.04537848)]), (array(9.96958006e-05), [array(2.13608287e-07), array(6.88455539e-06), array(0.0001873), array(0.00370091), array(0.04228303)]), (array(8.70347221e-05), [array(1.75956274e-07), array(5.85416008e-06), array(0.00016434), array(0.00334846), array(0.03939915)]), (array(7.60433322e-05), [array(1.4516513e-07), array(4.98362814e-06), array(0.00014431), array(0.00303066), array(0.03671268)]), (array(6.64933698e-05), [array(1.1994397e-07), array(4.24728403e-06), array(0.0001268), array(0.00274401), array(0.03421036)]), (array(5.81888804e-05), [array(9.92525001e-08), array(3.62371782e-06), array(0.0001115), array(0.00248536), array(0.03187978)]), (array(5.09614664e-05), [array(8.22506947e-08), array(3.09504738e-06), array(9.81204145e-05), array(0.0022519), array(0.02970928)]), (array(4.46662988e-05), [array(6.82592449e-08), array(2.64632336e-06), array(8.64041135e-05), array(0.00204111), array(0.027688)]), (array(3.91787047e-05), [array(5.67278339e-08), array(2.2650312e-06), array(7.61398671e-05), array(0.00185072), array(0.02580575)]), (array(3.43912696e-05), [array(4.72098947e-08), array(1.94068143e-06), array(6.71412201e-05), array(0.00167869), array(0.02405302)]), (array(3.02113677e-05), [array(3.93424637e-08), array(1.66447148e-06), array(5.92464794e-05), array(0.00152321), array(0.02242094)]), (array(2.65590586e-05), [array(3.28300545e-08), array(1.42900552e-06), array(5.23153181e-05), array(0.00138263), array(0.02090121)]), (array(2.33652911e-05), [array(2.74317368e-08), array(1.22806243e-06), array(4.6225863e-05), array(0.00125547), array(0.0194861)]), (array(2.05703708e-05), [array(2.29507576e-08), array(1.05640306e-06), array(4.08721867e-05), array(0.00114042), array(0.01816838)]), (array(1.81226498e-05), [array(1.92261967e-08), array(9.0961022e-07), array(3.61621534e-05), array(0.00103629), array(0.01694133)]), (array(1.59774019e-05), [array(1.6126244e-08), array(7.83955544e-07), array(3.20155651e-05), array(0.000942), array(0.01579869)]), (array(1.40958693e-05), [array(1.35427749e-08), array(6.76288555e-07), array(2.83625632e-05), array(0.0008566), array(0.0147346)]), (array(1.24444354e-05), [array(1.13869663e-08), array(5.83944237e-07), array(2.51422538e-05), array(0.00077922), array(0.01374361)]), (array(1.09939205e-05), [array(9.58574343e-09), array(5.04665592e-07), array(2.23015116e-05), array(0.00070909), array(0.01282067)]), (array(9.71897675e-06), [array(8.0789092e-09), array(4.36539417e-07), array(1.97939662e-05), array(0.00064549), array(0.01196105)]), (array(8.59756765e-06), [array(6.81680343e-09), array(3.77942078e-07), array(1.75791088e-05), array(0.00058781), array(0.01116035)]), (array(7.61052058e-06), [array(5.75840317e-09), array(3.27494273e-07), array(1.56215275e-05), array(0.00053547), array(0.01041449)]), (array(6.7411422e-06), [array(4.86977569e-09), array(2.84023083e-07), array(1.38902448e-05), array(0.00048796), array(0.00971964)]), (array(5.97488681e-06), [array(4.12281589e-09), array(2.46530075e-07), array(1.23581434e-05), array(0.00044482), array(0.00907229)]), (array(5.29907045e-06), [array(3.4942159e-09), array(2.14164524e-07), array(1.10014699e-05), array(0.00040563), array(0.00846911)]), (array(4.70262495e-06), [array(2.96462112e-09), array(1.86200824e-07), array(9.79940263e-06), array(0.00037003), array(0.00790706)]), (array(4.17588455e-06), [array(2.51793993e-09), array(1.62019506e-07), array(8.73367792e-06), array(0.00033767), array(0.00738327)]), (array(3.71040252e-06), [array(2.14077709e-09), array(1.41091209e-07), array(7.78826571e-06), array(0.00030824), array(0.0068951)]), (array(3.29879205e-06), [array(1.82196822e-09), array(1.22963137e-07), array(6.94908647e-06), array(0.00028147), array(0.00644007)]), (array(2.93458853e-06), [array(1.5521973e-09), array(1.07247637e-07), array(6.20376645e-06), array(0.00025712), array(0.0060159)]), (array(2.61213086e-06), [array(1.3236815e-09), array(9.36125178e-08), array(5.54142383e-06), array(0.00023495), array(0.00562044)]), (array(2.32645777e-06), [array(1.12991121e-09), array(8.17728581e-08), array(4.95248264e-06), array(0.00021476), array(0.00525171)]), (array(2.07321862e-06), [array(9.65435618e-10), array(7.14840635e-08), array(4.42851094e-06), array(0.00019638), array(0.00490786)]), (array(1.84859561e-06), [array(8.25685389e-10), array(6.25359777e-08), array(3.96207964e-06), array(0.00017962), array(0.00458718)]), (array(1.64923619e-06), [array(7.0682573e-10), array(5.47478677e-08), array(3.54663874e-06), array(0.00016436), array(0.00428807)]), (array(1.47219456e-06), [array(6.05634941e-10), array(4.79641816e-08), array(3.17641034e-06), array(0.00015043), array(0.00400904)]), (array(1.31488057e-06), [array(5.19403388e-10), array(4.20509204e-08), array(2.84629417e-06), array(0.00013773), array(0.00374872)]), (array(1.17501532e-06), [array(4.45849722e-10), array(3.68925576e-08), array(2.55178556e-06), array(0.00012615), array(0.00350581)]), (array(1.05059247e-06), [array(3.83051157e-10), array(3.23894096e-08), array(2.2889035e-06), array(0.00011558), array(0.00327913)]), (array(9.39844559e-07), [array(3.29385469e-10), array(2.84553948e-08), array(2.05412777e-06), array(0.00010592), array(0.00306756)]), (array(8.41213593e-07), [array(2.83482595e-10), array(2.50161163e-08), array(1.84434374e-06), array(9.71044399e-05), array(0.00287007)]), (array(7.53325302e-07), [array(2.44184271e-10), array(2.20072246e-08), array(1.65679402e-06), array(8.90495398e-05), array(0.0026857)])]",0.562537966106122,1.578871449653514,8.274597105168785e-08,"Inference data with groups:
	> posterior
	> sample_stats
	> observed_data","Inference data with groups:
	> posterior_predictive
	> observed_data","Inference data with groups:
	> prior
	> prior_predictive
	> observed_data",<pyhf.pdf.Model object at 0x7fd00beb8850>
0.06,1.5621018768832495,1.7030796838377986,0.7673063688710033,1.09339856041933,2.8587865153065053,4.8742966007591715,1.512710878717184e-07,1.579496751976887e-07,1.0601947627956967e-07,1.2655826194687786e-07,2.0464074844073305e-07,2.672127824321475e-07,0.014648815397078874,"[0.0, 0.10101010101010101, 0.20202020202020202, 0.30303030303030304, 0.40404040404040403, 0.5050505050505051, 0.6060606060606061, 0.7070707070707071, 0.8080808080808081, 0.9090909090909091, 1.0101010101010102, 1.1111111111111112, 1.2121212121212122, 1.3131313131313131, 1.4141414141414141, 1.5151515151515151, 1.6161616161616161, 1.7171717171717171, 1.8181818181818181, 1.9191919191919191, 2.0202020202020203, 2.121212121212121, 2.2222222222222223, 2.323232323232323, 2.4242424242424243, 2.525252525252525, 2.6262626262626263, 2.727272727272727, 2.8282828282828283, 2.929292929292929, 3.0303030303030303, 3.131313131313131, 3.2323232323232323, 3.3333333333333335, 3.4343434343434343, 3.5353535353535355, 3.6363636363636362, 3.7373737373737375, 3.8383838383838382, 3.9393939393939394, 4.040404040404041, 4.141414141414141, 4.242424242424242, 4.343434343434343, 4.444444444444445, 4.545454545454545, 4.646464646464646, 4.747474747474747, 4.848484848484849, 4.94949494949495, 5.05050505050505, 5.151515151515151, 5.252525252525253, 5.353535353535354, 5.454545454545454, 5.555555555555555, 5.656565656565657, 5.757575757575758, 5.858585858585858, 5.959595959595959, 6.0606060606060606, 6.161616161616162, 6.262626262626262, 6.363636363636363, 6.4646464646464645, 6.565656565656566, 6.666666666666667, 6.767676767676767, 6.8686868686868685, 6.96969696969697, 7.070707070707071, 7.171717171717171, 7.2727272727272725, 7.373737373737374, 7.474747474747475, 7.575757575757575, 7.6767676767676765, 7.777777777777778, 7.878787878787879, 7.979797979797979, 8.080808080808081, 8.181818181818182, 8.282828282828282, 8.383838383838384, 8.484848484848484, 8.585858585858587, 8.686868686868687, 8.787878787878787, 8.88888888888889, 8.98989898989899, 9.09090909090909, 9.191919191919192, 9.292929292929292, 9.393939393939394, 9.494949494949495, 9.595959595959595, 9.696969696969697, 9.797979797979798, 9.8989898989899, 10.0]","[(array(nan), [array(1.), array(1.), array(1.), array(1.), array(1.)]), (array(0.89321306), [array(0.75045571), array(0.83016489), array(0.90579498), array(0.96395507), array(0.99264134)]), (array(0.79140081), [array(0.55881625), array(0.68349823), array(0.81431439), array(0.92459691), array(0.98360674)]), (array(0.6959697), [array(0.41344241), array(0.55863151), array(0.72690857), array(0.88239577), array(0.972736)]), (array(0.6079065), [array(0.30432662), array(0.4536815), array(0.64464818), array(0.83792551), array(0.95991034)]), (array(0.52778731), [array(0.22315357), array(0.3664734), array(0.56830078), array(0.79182761), array(0.94506198)]), (array(0.45581735), [array(0.163207), array(0.29472838), array(0.49833434), array(0.74477156), array(0.92817975)]), (array(0.39189296), [array(0.11919054), array(0.23620982), array(0.43494436), array(0.69741793), array(0.9093106)]), (array(0.33567178), [array(0.08700963), array(0.18882361), array(0.37809415), array(0.6503857), array(0.88855653)]), (array(0.28664322), [array(0.06355089), array(0.15067929), array(0.32756294), array(0.60422724), array(0.86606776)]), (array(0.24419256), [array(0.04647917), array(0.12011889), array(0.28299481), array(0.55941154), array(0.84203313)]), (array(0.20765436), [array(0.03406236), array(0.09572188), array(0.24394432), array(0.51631556), array(0.81666852)]), (array(0.17635522), [array(0.02502717), array(0.07629449), array(0.20991638), array(0.47522353), array(0.79020536)]), (array(0.14964414), [array(0.01844392), array(0.06084899), array(0.18039821), array(0.43633156), array(0.76287949)]), (array(0.12691318), [array(0.01363738), array(0.04857879), array(0.15488413), array(0.39975741), array(0.73492217)]), (array(0.10760913), [array(0.01011882), array(0.03883197), array(0.13289268), array(0.36555199), array(0.70655297)]), (array(0.09123867), [array(0.00753518), array(0.03108592), array(0.11397762), array(0.33371214), array(0.67797503)]), (array(0.07736867), [array(0.00563163), array(0.02492432), array(0.09773381), array(0.30419291), array(0.64937242)]), (array(0.06562326), [array(0.00422414), array(0.02001703), array(0.08379927), array(0.27691864), array(0.62090914)]), (array(0.05567917), [array(0.00317961), array(0.01610296), array(0.07185443), array(0.25179215), array(0.59272899)]), (array(0.0472602), [array(0.00240159), array(0.01297605), array(0.06161982), array(0.22870254), array(0.56495667)]), (array(0.04013137), [array(0.00181997), array(0.01047377), array(0.05285278), array(0.20753113), array(0.53769909)]), (array(0.03409347), [array(0.00138361), array(0.00846786), array(0.04534356), array(0.18815575), array(0.51104659)]), (array(0.02897797), [array(0.00105511), array(0.00685709), array(0.03891165), array(0.17045429), array(0.48507476)]), (array(0.02464246), [array(0.00080698), array(0.00556141), array(0.03340205), array(0.15430695), array(0.45984582)]), (array(0.0209667), [array(0.00061897), array(0.00451747), array(0.0286819), array(0.1395979), array(0.43541013)]), (array(0.01784921), [array(0.00047607), array(0.00367501), array(0.02463747), array(0.1262163), array(0.41180731)]), (array(0.01520432), [array(0.00036714), array(0.0029941), array(0.02117148), array(0.11405708), array(0.38906775)]), (array(0.01295974), [array(0.00028389), array(0.00244297), array(0.01820074), array(0.10302134), array(0.3672137)]), (array(0.01105443), [array(0.00022008), array(0.00199625), array(0.01565415), array(0.09301645), array(0.34626029)]), (array(0.00943651), [array(0.00017105), array(0.00163369), array(0.01347093), array(0.08395612), array(0.32621671)]), (array(0.00806187), [array(0.0001333), array(0.00133909), array(0.01159914), array(0.0757603), array(0.30708703)]), (array(0.00689319), [array(0.00010414), array(0.00109936), array(0.0099939), array(0.06835277), array(0.28886566)]), (array(0.00589889), [array(8.15756799e-05), array(0.00090397), array(0.00861655), array(0.06166163), array(0.27153844)]), (array(0.00505236), [array(6.40577e-05), array(0.00074447), array(0.00743412), array(0.05562069), array(0.25508712)]), (array(0.0043311), [array(5.04251105e-05), array(0.00061407), array(0.00641845), array(0.0501692), array(0.23949009)]), (array(0.00371611), [array(3.97895769e-05), array(0.00050729), array(0.00554553), array(0.04525162), array(0.22472314)]), (array(0.00319136), [array(3.1471907e-05), array(0.00041972), array(0.00479487), array(0.04081723), array(0.21076005)]), (array(0.00274324), [array(2.49513933e-05), array(0.0003478), array(0.00414896), array(0.03681978), array(0.19757304)]), (array(0.00236022), [array(1.98277708e-05), array(0.00028864), array(0.00359285), array(0.03321722), array(0.18513326)]), (array(0.00203257), [array(1.57923266e-05), array(0.00023991), array(0.00311374), array(0.02997115), array(0.17341041)]), (array(0.00175201), [array(1.2606399e-05), array(0.00019971), array(0.00270066), array(0.02704649), array(0.16237296)]), (array(0.00151158), [array(1.00852922e-05), array(0.00016649), array(0.00234425), array(0.0244115), array(0.15198933)]), (array(0.00130533), [array(8.08571676e-06), array(0.00013899), array(0.0020365), array(0.02203748), array(0.1422281)]), (array(0.00112825), [array(6.49623616e-06), array(0.00011621), array(0.00177055), array(0.0198985), array(0.13305835)]), (array(0.00097608), [array(5.22997349e-06), array(9.72938966e-05), array(0.00154055), array(0.01797116), array(0.12444975)]), (array(0.00084519), [array(4.21903567e-06), array(8.15723226e-05), array(0.00134149), array(0.01623436), array(0.11637272)]), (array(0.0007325), [array(3.41024076e-06), array(6.84848716e-05), array(0.00116907), array(0.01466907), array(0.10879855)]), (array(0.0006354), [array(2.76183409e-06), array(5.75747132e-05), array(0.00101961), array(0.01325816), array(0.10169949)]), (array(0.00055165), [array(2.24095978e-06), array(4.84668997e-05), array(0.00088995), array(0.0119862), array(0.0950488)]), (array(0.00047936), [array(1.8217035e-06), array(4.08531684e-05), array(0.00077738), array(0.0108393), array(0.08882077)]), (array(0.0004169), [array(1.48358548e-06), array(3.44797812e-05), array(0.00067957), array(0.00980497), array(0.08299081)]), (array(0.00036288), [array(1.21038373e-06), array(2.91375288e-05), array(0.00059452), array(0.00887196), array(0.07753538)]), (array(0.00031613), [array(9.89222646e-07), array(2.46536806e-05), array(0.00052051), array(0.00803015), array(0.07243209)]), (array(0.00027564), [array(8.09861475e-07), array(2.08854175e-05), array(0.00045605), array(0.00727045), array(0.06765961)]), (array(0.00024053), [array(6.64138647e-07), array(1.77144846e-05), array(0.00039988), array(0.00658469), array(0.06319769)]), (array(0.00021006), [array(5.45536856e-07), array(1.50428323e-05), array(0.00035088), array(0.0059655), array(0.05902712)]), (array(0.0001836), [array(4.48841734e-07), array(1.2789054e-05), array(0.00030811), array(0.00540627), array(0.05512973)]), (array(0.0001606), [array(3.69873261e-07), array(1.08854659e-05), array(0.00027075), array(0.00490106), array(0.05148835)]), (array(0.00014059), [array(3.05274383e-07), array(9.27572083e-06), array(0.00023809), array(0.00444452), array(0.04808675)]), (array(0.00012318), [array(2.5234408e-07), array(7.91284849e-06), array(0.00020952), array(0.00403185), array(0.04490966)]), (array(0.000108), [array(2.08905036e-07), array(6.75763904e-06), array(0.00018451), array(0.00365871), array(0.04194265)]), (array(9.47636043e-05), [array(1.73199203e-07), array(5.77732473e-06), array(0.0001626), array(0.00332122), array(0.03917217)]), (array(8.32134157e-05), [array(1.43804536e-07), array(4.94448534e-06), array(0.00014339), array(0.00301587), array(0.03658547)]), (array(7.31254995e-05), [array(1.19568779e-07), array(4.23614603e-06), array(0.00012653), array(0.00273953), array(0.03417059)]), (array(6.43079013e-05), [array(9.95567097e-08), array(3.63303291e-06), array(0.00011174), array(0.00248935), array(0.03191628)]), (array(5.65947394e-05), [array(8.30080754e-08), array(3.11895946e-06), array(9.87349981e-05), array(0.00226278), array(0.029812)]), (array(4.98425646e-05), [array(6.93037608e-08), array(2.68031266e-06), array(8.73045021e-05), array(0.00205754), array(0.02784785)]), (array(4.39272126e-05), [array(5.79388484e-08), array(2.30563246e-06), array(7.7247997e-05), array(0.00187156), array(0.02601459)]), (array(3.87411273e-05), [array(4.85008831e-08), array(1.98525924e-06), array(6.83942928e-05), array(0.00170296), array(0.02430352)]), (array(3.41910671e-05), [array(4.06524431e-08), array(1.7110423e-06), array(6.05942773e-05), array(0.00155009), array(0.02270654)]), (array(3.01961332e-05), [array(3.41170568e-08), array(1.47609591e-06), array(5.3717961e-05), array(0.00141141), array(0.02121605)]), (array(2.6686083e-05), [array(2.86678615e-08), array(1.27459669e-06), array(4.76519491e-05), array(0.00128559), array(0.01982495)]), (array(2.35998742e-05), [array(2.41184299e-08), array(1.10161433e-06), array(4.22972534e-05), array(0.00117137), array(0.01852658)]), (array(2.08844259e-05), [array(2.03153438e-08), array(9.52970115e-07), array(3.75674021e-05), array(0.00106767), array(0.01731476)]), (array(1.84935396e-05), [array(1.71321655e-08), array(8.25118419e-07), array(3.33867978e-05), array(0.00097348), array(0.01618367)]), (array(1.63869793e-05), [array(1.44645565e-08), array(7.15047925e-07), array(2.96893154e-05), array(0.0008879), array(0.01512791)]), (array(1.45296744e-05), [array(1.22262919e-08), array(6.20198262e-07), array(2.64170684e-05), array(0.00081011), array(0.01414241)]), (array(1.28910346e-05), [array(1.03460216e-08), array(5.38390313e-07), array(2.35193505e-05), array(0.00073939), array(0.01322246)]), (array(1.14443577e-05), [array(8.76462594e-09), array(4.67767572e-07), array(2.09517147e-05), array(0.00067506), array(0.01236366)]), (array(1.01663189e-05), [array(7.43305492e-09), array(4.06746803e-07), array(1.86751744e-05), array(0.00061654), array(0.01156188)]), (array(9.03652832e-06), [array(6.3105614e-09), array(3.53976499e-07), array(1.665551e-05), array(0.00056328), array(0.01081329)]), (array(8.03715e-06), [array(5.36325307e-09), array(3.08301866e-07), array(1.48626676e-05), array(0.00051479), array(0.01011433)]), (array(7.15257024e-06), [array(4.56290365e-09), array(2.68735224e-07), array(1.32702327e-05), array(0.00047063), array(0.00946164)]), (array(6.3691117e-06), [array(3.88597761e-09), array(2.34431057e-07), array(1.18549768e-05), array(0.0004304), array(0.00885212)]), (array(5.67478468e-06), [array(3.31282635e-09), array(2.04664853e-07), array(1.05964581e-05), array(0.00039374), array(0.00828286)]), (array(5.05907198e-06), [array(2.82702729e-09), array(1.78815242e-07), array(9.47667737e-06), array(0.00036031), array(0.00775116)]), (array(4.51274182e-06), [array(2.414838e-09), array(1.56348818e-07), array(8.47977558e-06), array(0.00032983), array(0.0072545)]), (array(4.02768523e-06), [array(2.06474543e-09), array(1.36807279e-07), array(7.59177052e-06), array(0.00030203), array(0.00679051)]), (array(3.59677485e-06), [array(1.76709356e-09), array(1.19796513e-07), array(6.8003277e-06), array(0.00027666), array(0.00635702)]), (array(3.21374203e-06), [array(1.5137746e-09), array(1.04977305e-07), array(6.09455912e-06), array(0.0002535), array(0.00595197)]), (array(2.87306975e-06), [array(1.29797338e-09), array(9.20574463e-08), array(5.4648481e-06), array(0.00023235), array(0.00557346)]), (array(2.56989959e-06), [array(1.11395498e-09), array(8.07850045e-08), array(4.9026957e-06), array(0.00021303), array(0.00521971)]), (array(2.29995007e-06), [array(9.56888398e-10), array(7.0942593e-08), array(4.40058644e-06), array(0.00019539), array(0.00488907)]), (array(2.05944612e-06), [array(8.22699741e-10), array(6.23424765e-08), array(3.9518705e-06), array(0.00017925), array(0.00457999)]), (array(1.84505688e-06), [array(7.07950023e-10), array(5.48223973e-08), array(3.55066071e-06), array(0.0001645), array(0.00429103)]), (array(1.65384179e-06), [array(6.09733228e-10), array(4.82420035e-08), array(3.19174207e-06), array(0.00015102), array(0.00402085)]), (array(1.48320321e-06), [array(5.25591244e-10), array(4.24797963e-08), array(2.8704924e-06), array(0.00013868), array(0.00376821)]), (array(1.33084505e-06), [array(4.53442733e-10), array(3.74305136e-08), array(2.58281259e-06), array(0.00012738), array(0.00353192)]), (array(1.19473655e-06), [array(3.91523661e-10), array(3.30028909e-08), array(2.32506544e-06), array(0.00011704), array(0.00331092)])]",0.6031141574999033,1.700033029068086,1.5780833315055076e-07,"Inference data with groups:
	> posterior
	> sample_stats
	> observed_data","Inference data with groups:
	> posterior_predictive
	> observed_data","Inference data with groups:
	> prior
	> prior_predictive
	> observed_data",<pyhf.pdf.Model object at 0x7fd001d30820>
0.07,1.6307700119641826,1.728494186666662,0.77616493142572,1.1065066072482352,2.9116657372837134,4.989597737005263,2.9468903512769413e-07,3.0339022224003937e-07,2.0330339299406714e-07,2.4274183141935594e-07,3.9376614733050374e-07,5.154664283393988e-07,0.05325191583569461,"[0.0, 0.10101010101010101, 0.20202020202020202, 0.30303030303030304, 0.40404040404040403, 0.5050505050505051, 0.6060606060606061, 0.7070707070707071, 0.8080808080808081, 0.9090909090909091, 1.0101010101010102, 1.1111111111111112, 1.2121212121212122, 1.3131313131313131, 1.4141414141414141, 1.5151515151515151, 1.6161616161616161, 1.7171717171717171, 1.8181818181818181, 1.9191919191919191, 2.0202020202020203, 2.121212121212121, 2.2222222222222223, 2.323232323232323, 2.4242424242424243, 2.525252525252525, 2.6262626262626263, 2.727272727272727, 2.8282828282828283, 2.929292929292929, 3.0303030303030303, 3.131313131313131, 3.2323232323232323, 3.3333333333333335, 3.4343434343434343, 3.5353535353535355, 3.6363636363636362, 3.7373737373737375, 3.8383838383838382, 3.9393939393939394, 4.040404040404041, 4.141414141414141, 4.242424242424242, 4.343434343434343, 4.444444444444445, 4.545454545454545, 4.646464646464646, 4.747474747474747, 4.848484848484849, 4.94949494949495, 5.05050505050505, 5.151515151515151, 5.252525252525253, 5.353535353535354, 5.454545454545454, 5.555555555555555, 5.656565656565657, 5.757575757575758, 5.858585858585858, 5.959595959595959, 6.0606060606060606, 6.161616161616162, 6.262626262626262, 6.363636363636363, 6.4646464646464645, 6.565656565656566, 6.666666666666667, 6.767676767676767, 6.8686868686868685, 6.96969696969697, 7.070707070707071, 7.171717171717171, 7.2727272727272725, 7.373737373737374, 7.474747474747475, 7.575757575757575, 7.6767676767676765, 7.777777777777778, 7.878787878787879, 7.979797979797979, 8.080808080808081, 8.181818181818182, 8.282828282828282, 8.383838383838384, 8.484848484848484, 8.585858585858587, 8.686868686868687, 8.787878787878787, 8.88888888888889, 8.98989898989899, 9.09090909090909, 9.191919191919192, 9.292929292929292, 9.393939393939394, 9.494949494949495, 9.595959595959595, 9.696969696969697, 9.797979797979798, 9.8989898989899, 10.0]","[(array(1.), [array(1.), array(1.), array(1.), array(1.), array(1.)]), (array(0.8994965), [array(0.75274087), array(0.83181692), array(0.90676724), array(0.9643493), array(0.99272654)]), (array(0.80271883), [array(0.56235939), array(0.68637449), array(0.81621515), array(0.92546237), array(0.98381675)]), (array(0.71110735), [array(0.41752754), array(0.56234732), array(0.72966003), array(0.88379952), array(0.97311768)]), (array(0.62574052), [array(0.308483), array(0.45790749), array(0.64814604), array(0.83992029), array(0.96051661)]), (array(0.54732444), [array(0.22709405), array(0.37094012), array(0.57242261), array(0.79444827), array(0.94594998)]), (array(0.4762158), [array(0.16677543), array(0.29922552), array(0.50294812), array(0.7480329), array(0.92940837)]), (array(0.41246864), [array(0.1223199), array(0.24058173), array(0.43991657), array(0.70131418), array(0.91093774)]), (array(0.35589285), [array(0.08969003), array(0.19296244), array(0.38329672), array(0.65489157), array(0.89063632)]), (array(0.30611667), [array(0.06580638), array(0.15451696), array(0.33287861), array(0.6093003), array(0.86864803)]), (array(0.26264593), [array(0.04835163), array(0.12361893), array(0.28832079), array(0.56499557), array(0.8451533)]), (array(0.22491576), [array(0.03560095), array(0.09887192), array(0.2491945), array(0.52234471), array(0.82035848)]), (array(0.19233294), [array(0.02628161), array(0.07909926), array(0.21502157), array(0.48162601), array(0.79448464)]), (array(0.16430809), [array(0.01946086), array(0.063325), array(0.18530589), array(0.44303389), array(0.76775771)]), (array(0.14027832), [array(0.01445838), array(0.05074953), array(0.15955655), array(0.40668694), array(0.7403993)]), (array(0.11972189), [array(0.01077974), array(0.04072467), array(0.13730512), array(0.37263967), array(0.71262058)]), (array(0.10216595), [array(0.00806629), array(0.03272908), array(0.11811615), array(0.34089406), array(0.68461741)]), (array(0.08718941), [array(0.006058), array(0.02634604), array(0.10159311), array(0.31141121), array(0.65656776)]), (array(0.07442221), [array(0.0045663), array(0.02124391), array(0.08738065), array(0.2841219), array(0.6286306)]), (array(0.06354246), [array(0.00345422), array(0.01715955), array(0.07516409), array(0.25893532), array(0.60094559)]), (array(0.0542723), [array(0.00262207), array(0.01388456), array(0.06466746), array(0.23574676), array(0.57363422)]), (array(0.04637317), [array(0.00199711), array(0.011254), array(0.05565047), array(0.2144433), array(0.54680086)]), (array(0.03964108), [array(0.00152605), array(0.00913729), array(0.04790485), array(0.19490804), array(0.52053386)]), (array(0.03390209), [array(0.00116975), array(0.00743103), array(0.04125088), array(0.17702362), array(0.49490737)]), (array(0.02900812), [array(0.00089934), array(0.00605319), array(0.03553387), array(0.16067452), array(0.46998255)]), (array(0.02483329), [array(0.00069345), array(0.00493865), array(0.0306209), array(0.1457487), array(0.44580905)]), (array(0.02127063), [array(0.00053619), array(0.00403558), array(0.0263979), array(0.13213866), array(0.4224261)]), (array(0.01822926), [array(0.00041573), array(0.00330267), array(0.02276709), array(0.11974228), array(0.39986392)]), (array(0.01563201), [array(0.00032318), array(0.00270695), array(0.01964463), array(0.10846317), array(0.37814472)]), (array(0.01341332), [array(0.00025188), array(0.00222201), array(0.01695872), array(0.09821088), array(0.35728372)]), (array(0.01151749), [array(0.00019682), array(0.00182669), array(0.0146478), array(0.08890092), array(0.33729009)]), (array(0.00989701), [array(0.00015419), array(0.00150401), array(0.01265915), array(0.08045478), array(0.31816804)]), (array(0.00851115), [array(0.0001211), array(0.00124028), array(0.01094755), array(0.07279959), array(0.29991714)]), (array(0.00732518), [array(9.53533246e-05), array(0.00102442), array(0.00947382), array(0.06586589), array(0.28252799)]), (array(0.00630957), [array(7.52682377e-05), array(0.00084744), array(0.00820416), array(0.0595886), array(0.26598471)]), (array(0.00543923), [array(5.95586527e-05), array(0.00070213), array(0.00710968), array(0.05390791), array(0.25026818)]), (array(0.00469284), [array(4.72405312e-05), array(0.00058262), array(0.00616565), array(0.04876895), array(0.23535663)]), (array(0.0040523), [array(3.75579543e-05), array(0.00048419), array(0.00535088), array(0.04412145), array(0.22122607)]), (array(0.00350219), [array(2.99288319e-05), array(0.00040299), array(0.00464724), array(0.03991956), array(0.20785108)]), (array(0.0030294), [array(2.39036094e-05), array(0.00033591), array(0.0040392), array(0.03612142), array(0.19520499)]), (array(0.00262274), [array(1.91342161e-05), array(0.00028041), array(0.00351343), array(0.03268893), array(0.18326036)]), (array(0.00227266), [array(1.53503415e-05), array(0.00023443), array(0.00305851), array(0.02958733), array(0.1719889)]), (array(0.00197103), [array(1.2341446e-05), array(0.00019628), array(0.00266459), array(0.02678479), array(0.16136125)]), (array(0.00171093), [array(9.94339373e-06), array(0.00016457), array(0.00232323), array(0.02425245), array(0.15134796)]), (array(0.00148644), [array(8.02793944e-06), array(0.00013818), array(0.0020272), array(0.02196415), array(0.14191988)]), (array(0.00129251), [array(6.49464438e-06), array(0.00011618), array(0.00177027), array(0.01989622), array(0.13304836)]), (array(0.00112485), [array(5.26465561e-06), array(9.78225733e-05), array(0.00154711), array(0.01802725), array(0.12470534)]), (array(0.00097976), [array(4.27592243e-06), array(8.24743155e-05), array(0.00135313), array(0.0163379), array(0.11686348)]), (array(0.00085411), [array(3.4795045e-06), array(6.96265105e-05), array(0.00118439), array(0.01481068), array(0.10949629)]), (array(0.00074519), [array(2.83671626e-06), array(5.88569393e-05), array(0.00103748), array(0.01342982), array(0.10257815)]), (array(0.00065071), [array(2.31690605e-06), array(4.98170955e-05), array(0.00090949), array(0.01218106), array(0.09608435)]), (array(0.00056866), [array(1.89574116e-06), array(4.22189966e-05), array(0.00079789), array(0.01105154), array(0.08999117)]), (array(0.00049737), [array(1.55386084e-06), array(3.58242667e-05), array(0.00070051), array(0.01002967), array(0.08427587)]), (array(0.00043536), [array(1.27582912e-06), array(3.04353221e-05), array(0.00061547), array(0.00910498), array(0.07891671)]), (array(0.00038139), [array(1.04931405e-06), array(2.58881582e-05), array(0.00054115), array(0.00826804), array(0.07389297)]), (array(0.00033437), [array(8.64443719e-07), array(2.20464497e-05), array(0.00047616), array(0.00751033), array(0.06918488)]), (array(0.00029338), [array(7.133001e-07), array(1.87967246e-05), array(0.00041927), array(0.00682417), array(0.06477366)]), (array(0.00025761), [array(5.895202e-07), array(1.60444068e-05), array(0.00036945), array(0.00620265), array(0.06064148)]), (array(0.00022637), [array(4.87980887e-07), array(1.37105611e-05), array(0.00032577), array(0.00563953), array(0.05677145)]), (array(0.00019907), [array(4.04549712e-07), array(1.172922e-05), array(0.00028746), array(0.00512917), array(0.05314757)]), (array(0.0001752), [array(3.35887274e-07), array(1.00451819e-05), array(0.00025384), array(0.00466651), array(0.04975471)]), (array(0.0001543), [array(2.79290222e-07), array(8.61219485e-06), array(0.0002243), array(0.00424696), array(0.04657859)]), (array(0.00013599), [array(2.32566276e-07), array(7.39145616e-06), array(0.00019833), array(0.00386639), array(0.04360571)]), (array(0.00011994), [array(1.93934552e-07), array(6.35037232e-06), array(0.00017549), array(0.00352108), array(0.04082337)]), (array(0.00010586), [array(1.61945925e-07), array(5.4615317e-06), array(0.00015539), array(0.00320766), array(0.0382196)]), (array(9.35045421e-05), [array(1.35419275e-07), array(4.70185281e-06), array(0.00013767), array(0.00292311), array(0.03578313)]), (array(8.26449043e-05), [array(1.13390352e-07), array(4.05187709e-06), array(0.00012206), array(0.00266468), array(0.03350335)]), (array(7.30968575e-05), [array(9.50707031e-08), array(3.49518097e-06), array(0.00010829), array(0.00242991), array(0.0313703)]), (array(6.46959644e-05), [array(7.98146092e-08), array(3.01788645e-06), array(9.61308237e-05), array(0.00221655), array(0.02937462)]), (array(5.729915e-05), [array(6.70924311e-08), array(2.60825316e-06), array(8.53929306e-05), array(0.0020226), array(0.02750752)]), (array(5.07818307e-05), [array(5.64690822e-08), array(2.25633783e-06), array(7.5902099e-05), array(0.00184624), array(0.02576075)]), (array(4.50354434e-05), [array(4.75866207e-08), array(1.95371005e-06), array(6.75080219e-05), array(0.00168581), array(0.02412658)]), (array(3.99653131e-05), [array(4.01501387e-08), array(1.69321415e-06), array(6.00791599e-05), array(0.00153983), array(0.02259775)]), (array(3.54888146e-05), [array(3.39163125e-08), array(1.46876997e-06), array(5.35003181e-05), array(0.00140696), array(0.02116746)]), (array(3.15337864e-05), [array(2.8684096e-08), array(1.27520568e-06), array(4.76705455e-05), array(0.00128598), array(0.01982933)]), (array(2.80371618e-05), [array(2.42871449e-08), array(1.10811752e-06), array(4.25013147e-05), array(0.00117578), array(0.01857742)]), (array(2.49437693e-05), [array(2.05876376e-08), array(9.63751855e-07), array(3.79149387e-05), array(0.00107539), array(0.01740612)]), (array(2.2205336e-05), [array(1.74712318e-08), array(8.38905907e-07), array(3.38431987e-05), array(0.00098389), array(0.0163102)]), (array(1.97795695e-05), [array(1.48429386e-08), array(7.30844211e-07), array(3.02261499e-05), array(0.00090047), array(0.01528477)]), (array(1.76294036e-05), [array(1.26237448e-08), array(6.37228121e-07), array(2.70110841e-05), array(0.00082439), array(0.01432526)]), (array(1.57223271e-05), [array(1.07478412e-08), array(5.56056276e-07), array(2.41516246e-05), array(0.00075498), array(0.01342737)]), (array(1.40298049e-05), [array(9.16034769e-09), array(4.85614332e-07), array(2.16069407e-05), array(0.00069164), array(0.0125871)]), (array(1.2526774e-05), [array(7.81544102e-09), array(4.24432397e-07), array(1.93410604e-05), array(0.00063382), array(0.0118007)]), (array(1.11912067e-05), [array(6.67481332e-09), array(3.7124898e-07), array(1.73222721e-05), array(0.00058102), array(0.01106467)]), (array(1.00037301e-05), [array(5.70640164e-09), array(3.24980481e-07), array(1.55226032e-05), array(0.00053278), array(0.01037573)]), (array(8.94729468e-06), [array(4.88333754e-09), array(2.84695227e-07), array(1.39173633e-05), array(0.00048871), array(0.00973081)]), (array(8.00688574e-06), [array(4.18307957e-09), array(2.49591462e-07), array(1.24847457e-05), array(0.00044843), array(0.00912706)]), (array(7.16927232e-06), [array(3.58669468e-09), array(2.18978623e-07), array(1.12054788e-05), array(0.00041159), array(0.0085618)]), (array(6.42278722e-06), [array(3.07826257e-09), array(1.92261392e-07), array(1.00625212e-05), array(0.0003779), array(0.00803253)]), (array(5.75713525e-06), [array(2.64438142e-09), array(1.6892612e-07), array(9.04079445e-06), array(0.00034708), array(0.00753691)]), (array(5.16322705e-06), [array(2.2737571e-09), array(1.48529248e-07), array(8.12694921e-06), array(0.00031887), array(0.00707276)]), (array(4.63303308e-06), [array(1.95686132e-09), array(1.30687415e-07), array(7.30915966e-06), array(0.00029304), array(0.00663804)]), (array(4.15945549e-06), [array(1.68564663e-09), array(1.15068995e-07), array(6.57694274e-06), array(0.00026939), array(0.00623083)]), (array(3.73621632e-06), [array(1.45330947e-09), array(1.01386894e-07), array(5.92100093e-06), array(0.00024772), array(0.00584937)]), (array(3.35775946e-06), [array(1.25409211e-09), array(8.93923848e-08), array(5.33308411e-06), array(0.00022786), array(0.00549197)]), (array(3.0191647e-06), [array(1.08311689e-09), array(7.88698034e-08), array(4.80586737e-06), array(0.00020966), array(0.00515709)]), (array(2.7160724e-06), [array(9.36247545e-10), array(6.96320085e-08), array(4.33284362e-06), array(0.00019297), array(0.00484328)]), (array(2.44461733e-06), [array(8.09973011e-10), array(6.15164805e-08), array(3.90822899e-06), array(0.00017766), array(0.00454917)]), (array(2.20137058e-06), [array(7.01309977e-10), array(5.43819736e-08), array(3.52687966e-06), array(0.00016362), array(0.00427349)]), (array(1.98328863e-06), [array(6.0772111e-10), array(4.81056369e-08), array(3.18421852e-06), array(0.00015073), array(0.00401506)])]",0.6215520738904263,1.7176089340774037,3.024334082010898e-07,"Inference data with groups:
	> posterior
	> sample_stats
	> observed_data","Inference data with groups:
	> posterior_predictive
	> observed_data","Inference data with groups:
	> prior
	> prior_predictive
	> observed_data",<pyhf.pdf.Model object at 0x7fd0020dc670>
0.08,1.57216766065982,1.7350725453315663,0.7770672387247928,1.1084109002733713,2.932240504180167,5.052156274458287,4.675193846596764e-07,4.911441915063694e-07,3.286847034314391e-07,3.92555066870131e-07,6.384839544226109e-07,8.380859908844448e-07,0.1390273954247535,"[0.0, 0.10101010101010101, 0.20202020202020202, 0.30303030303030304, 0.40404040404040403, 0.5050505050505051, 0.6060606060606061, 0.7070707070707071, 0.8080808080808081, 0.9090909090909091, 1.0101010101010102, 1.1111111111111112, 1.2121212121212122, 1.3131313131313131, 1.4141414141414141, 1.5151515151515151, 1.6161616161616161, 1.7171717171717171, 1.8181818181818181, 1.9191919191919191, 2.0202020202020203, 2.121212121212121, 2.2222222222222223, 2.323232323232323, 2.4242424242424243, 2.525252525252525, 2.6262626262626263, 2.727272727272727, 2.8282828282828283, 2.929292929292929, 3.0303030303030303, 3.131313131313131, 3.2323232323232323, 3.3333333333333335, 3.4343434343434343, 3.5353535353535355, 3.6363636363636362, 3.7373737373737375, 3.8383838383838382, 3.9393939393939394, 4.040404040404041, 4.141414141414141, 4.242424242424242, 4.343434343434343, 4.444444444444445, 4.545454545454545, 4.646464646464646, 4.747474747474747, 4.848484848484849, 4.94949494949495, 5.05050505050505, 5.151515151515151, 5.252525252525253, 5.353535353535354, 5.454545454545454, 5.555555555555555, 5.656565656565657, 5.757575757575758, 5.858585858585858, 5.959595959595959, 6.0606060606060606, 6.161616161616162, 6.262626262626262, 6.363636363636363, 6.4646464646464645, 6.565656565656566, 6.666666666666667, 6.767676767676767, 6.8686868686868685, 6.96969696969697, 7.070707070707071, 7.171717171717171, 7.2727272727272725, 7.373737373737374, 7.474747474747475, 7.575757575757575, 7.6767676767676765, 7.777777777777778, 7.878787878787879, 7.979797979797979, 8.080808080808081, 8.181818181818182, 8.282828282828282, 8.383838383838384, 8.484848484848484, 8.585858585858587, 8.686868686868687, 8.787878787878787, 8.88888888888889, 8.98989898989899, 9.09090909090909, 9.191919191919192, 9.292929292929292, 9.393939393939394, 9.494949494949495, 9.595959595959595, 9.696969696969697, 9.797979797979798, 9.8989898989899, 10.0]","[(array(0.99999097), [array(0.99997314), array(0.99998274), array(0.99999097), array(0.99999674), array(0.99999937)]), (array(0.89211777), [array(0.75298475), array(0.8319931), array(0.90687086), array(0.96439129), array(0.99273561)]), (array(0.78965108), [array(0.5626881), array(0.68664097), array(0.81639102), array(0.92554234), array(0.98383613)]), (array(0.69394064), [array(0.41787174), array(0.56265978), array(0.72989094), array(0.88391709), array(0.97314958)]), (array(0.60589775), [array(0.30882013), array(0.45824936), array(0.64842826), array(0.84008082), array(0.96056527)]), (array(0.52601819), [array(0.22741922), array(0.37130752), array(0.57276053), array(0.79466241), array(0.9460223)]), (array(0.45443103), [array(0.1670888), array(0.29961889), array(0.50335011), array(0.74831593), array(0.92951457)]), (array(0.39096571), [array(0.12262108), array(0.24100056), array(0.44039072), array(0.70168402), array(0.91109148)]), (array(0.33522584), [array(0.08997721), array(0.19340354), array(0.38384827), array(0.65536675), array(0.89085449)]), (array(0.28666074), [array(0.06607687), array(0.15497445), array(0.33350852), array(0.60989788), array(0.86895016)]), (array(0.24462886), [array(0.0486027), array(0.12408513), array(0.28902549), array(0.5657295), array(0.84556067)]), (array(0.20844962), [array(0.03583051), array(0.09933847), array(0.24996641), array(0.52322464), array(0.82089306)]), (array(0.17744344), [array(0.02648853), array(0.0795582), array(0.21585021), array(0.48265688), array(0.79516811)]), (array(0.15095965), [array(0.01964498), array(0.0637694), array(0.18617906), array(0.44421595), array(0.76861053)]), (array(0.12839507), [array(0.01462039), array(0.05117387), array(0.16046135), array(0.40801618), array(0.74144001)]), (array(0.10920322), [array(0.01092095), array(0.04112496), array(0.13822891), array(0.37410854), array(0.7138653)]), (array(0.09289875), [array(0.00818839), array(0.03310277), array(0.11904718), array(0.34249229), array(0.68607957)]), (array(0.07905636), [array(0.00616289), array(0.02669179), array(0.10252089), array(0.31312655), array(0.65825795)]), (array(0.06730754), [array(0.00465592), array(0.02156137), array(0.08829609), array(0.28594068), array(0.6305564)]), (array(0.05733559), [array(0.00353046), array(0.01744917), array(0.07605963), array(0.26084325), array(0.60311188)]), (array(0.04886992), [array(0.00268671), array(0.01414732), array(0.06553697), array(0.23772923), array(0.57604311)]), (array(0.04168037), [array(0.00205175), array(0.01149125), array(0.05648909), array(0.21648566), array(0.54945166)]), (array(0.0355717), [array(0.00157213), array(0.00935063), array(0.04870891), array(0.19699601), array(0.52342347)]), (array(0.03037863), [array(0.00120853), array(0.00762217), array(0.04201774), array(0.17914342), array(0.49803022)]), (array(0.02596139), [array(0.00093193), array(0.00622389), array(0.03626175), array(0.16281298), array(0.47333081)]), (array(0.02220186), [array(0.0007208), array(0.00509066), array(0.03130878), array(0.14789342), array(0.44937277)]), (array(0.0190002), [array(0.00055911), array(0.00417059), array(0.02704538), array(0.13427802), array(0.42619334)]), (array(0.01627204), [array(0.00043491), array(0.0034223), array(0.02337425), array(0.1218655), array(0.40382089)]), (array(0.01394606), [array(0.00033923), array(0.00281271), array(0.02021201), array(0.11056034), array(0.38227593)]), (array(0.01196192), [array(0.00026529), array(0.00231531), array(0.01748715), array(0.10027294), array(0.36157209)]), (array(0.01026857), [array(0.00020802), array(0.00190884), array(0.01513839), array(0.09091961), array(0.34171703)]), (array(0.0088226), [array(0.00016353), array(0.00157619), array(0.01311317), array(0.08242259), array(0.32271343)]), (array(0.00758697), [array(0.00012888), array(0.00130358), array(0.01136647), array(0.07470993), array(0.30455996)]), (array(0.0065303), [array(0.00010184), array(0.00107985), array(0.00985946), array(0.06771432), array(0.2872497)]), (array(0.0056259), [array(8.06750039e-05), array(0.00089596), array(0.00855849), array(0.06137185), array(0.27076764)]), (array(0.00485118), [array(6.40654157e-05), array(0.00074454), array(0.00743467), array(0.05562356), array(0.25509515)]), (array(0.00418698), [array(5.09979026e-05), array(0.00061968), array(0.00646322), array(0.05041529), array(0.24021092)]), (array(0.00361706), [array(4.06914817e-05), array(0.00051655), array(0.00562295), array(0.04569751), array(0.22609178)]), (array(0.00312763), [array(3.25429806e-05), array(0.00043123), array(0.00489565), array(0.04142492), array(0.21271299)]), (array(0.00270696), [array(2.60852978e-05), array(0.00036055), array(0.0042657), array(0.0375562), array(0.20004871)]), (array(0.00234508), [array(2.09557341e-05), array(0.0003019), array(0.00371972), array(0.03405368), array(0.18807233)]), (array(0.00203347), [array(1.68719368e-05), array(0.00025316), array(0.00324618), array(0.03088308), array(0.17675683)]), (array(0.00176491), [array(1.36134038e-05), array(0.00021261), array(0.00283519), array(0.02801311), array(0.16607457)]), (array(0.00153323), [array(1.10074803e-05), array(0.0001788), array(0.00247821), array(0.02541518), array(0.15599722)]), (array(0.00133319), [array(8.91883671e-06), array(0.00015059), array(0.00216789), array(0.02306334), array(0.14649667)]), (array(0.0011603), [array(7.241156e-06), array(0.000127), array(0.00189793), array(0.02093407), array(0.13754523)]), (array(0.00101073), [array(5.89071609e-06), array(0.00010726), array(0.00166289), array(0.01900609), array(0.12911581)]), (array(0.00088123), [array(4.80142284e-06), array(9.07055192e-05), array(0.0014581), array(0.01726012), array(0.12118194)]), (array(0.00076899), [array(3.92098966e-06), array(7.68087324e-05), array(0.00127951), array(0.01567871), array(0.11371798)]), (array(0.00067164), [array(3.20795264e-06), array(6.51257633e-05), array(0.00112366), array(0.01424612), array(0.1066991)]), (array(0.00058711), [array(2.62935879e-06), array(5.52905479e-05), array(0.00098755), array(0.01294809), array(0.10010135)]), (array(0.00051366), [array(2.15896267e-06), array(4.69997485e-05), array(0.00086858), array(0.01177173), array(0.09390169)]), (array(0.00044978), [array(1.77581608e-06), array(4.00016259e-05), array(0.00076451), array(0.01070541), array(0.08807802)]), (array(0.00039417), [array(1.4631643e-06), array(3.40869646e-05), array(0.00067342), array(0.0097386), array(0.0826092)]), (array(0.00034572), [array(1.2075793e-06), array(2.90816409e-05), array(0.00059361), array(0.00886182), array(0.07747501)]), (array(0.00030347), [array(9.98277754e-07), array(2.48405356e-05), array(0.00052365), array(0.00806648), array(0.07265619)]), (array(0.0002666), [array(8.26582549e-07), array(2.1242521e-05), array(0.00046226), array(0.00734482), array(0.06813438)]), (array(0.00023439), [array(6.85498894e-07), array(1.81863761e-05), array(0.00040836), array(0.00668985), array(0.06389215)]), (array(0.00020624), [array(5.69376995e-07), array(1.55873899e-05), array(0.000361), array(0.00609523), array(0.05991295)]), (array(0.00018161), [array(4.73645089e-07), array(1.33745764e-05), array(0.00031936), array(0.00555526), array(0.0561811)]), (array(0.00016004), [array(3.9459708e-07), array(1.14883741e-05), array(0.00028272), array(0.00506477), array(0.05268173)]), (array(0.00014114), [array(3.29223252e-07), array(9.87874253e-06), array(0.00025045), array(0.0046191), array(0.04940079)]), (array(0.00012457), [array(2.75075183e-07), array(8.50358743e-06), array(0.00022202), array(0.00421403), array(0.046325)]), (array(0.00011002), [array(2.30157655e-07), array(7.32745484e-06), array(0.00019695), array(0.00384575), array(0.04344182)]), (array(9.72484379e-05), [array(1.92842034e-07), array(6.32044688e-06), array(0.00017483), array(0.00351082), array(0.04073943)]), (array(8.60182861e-05), [array(1.61796668e-07), array(5.45731889e-06), array(0.00015529), array(0.00320613), array(0.03820667)]), (array(7.6139508e-05), [array(1.35931199e-07), array(4.71673634e-06), array(0.00013803), array(0.00292886), array(0.03583305)]), (array(6.7443014e-05), [array(1.14351091e-07), array(4.08063844e-06), array(0.00012276), array(0.00267645), array(0.03360867)]), (array(5.97816821e-05), [array(9.63215696e-08), array(3.53372565e-06), array(0.00010925), array(0.00244662), array(0.03152423)]), (array(5.30273562e-05), [array(8.12380677e-08), array(3.06301974e-06), array(9.72957809e-05), array(0.00223727), array(0.02957098)]), (array(4.706834e-05), [array(6.86024081e-08), array(2.6574995e-06), array(8.67004216e-05), array(0.00204652), array(0.02774069)]), (array(4.18072216e-05), [array(5.80035004e-08), array(2.3077961e-06), array(7.73069422e-05), array(0.00187266), array(0.02602565)]), (array(3.71589755e-05), [array(4.9101587e-08), array(2.00593544e-06), array(6.89736438e-05), array(0.00171415), array(0.0244186)]), (array(3.30493286e-05), [array(4.1615456e-08), array(1.7451229e-06), array(6.15761236e-05), array(0.00156957), array(0.02291272)]), (array(2.94133551e-05), [array(3.53120594e-08), array(1.51956389e-06), array(5.50051182e-05), array(0.00143767), array(0.0215016)]), (array(2.6194257e-05), [array(2.99980043e-08), array(1.32431175e-06), array(4.91646048e-05), array(0.0013173), array(0.02017924)]), (array(2.33423094e-05), [array(2.55125862e-08), array(1.15513939e-06), array(4.39701391e-05), array(0.0012074), array(0.01894002)]), (array(2.08139477e-05), [array(2.17220838e-08), array(1.00843082e-06), array(3.93474084e-05), array(0.00110703), array(0.01777865)]), (array(1.8570976e-05), [array(1.85150817e-08), array(8.81089801e-07), array(3.52309731e-05), array(0.00101534), array(0.0166902)]), (array(1.65798811e-05), [array(1.57986284e-08), array(7.70462454e-07), array(3.15631687e-05), array(0.00093155), array(0.01567003)]), (array(1.48112347e-05), [array(1.34950776e-08), array(6.74271849e-07), array(2.82931485e-05), array(0.00085496), array(0.01471379)]), (array(1.32391898e-05), [array(1.15394858e-08), array(5.90562585e-07), array(2.53760485e-05), array(0.00078491), array(0.01381743)]), (array(1.18410039e-05), [array(9.87746713e-09), array(5.17653784e-07), array(2.2772258e-05), array(0.00072084), array(0.01297712)]), (array(1.05966765e-05), [array(8.46342154e-09), array(4.54099205e-07), array(2.04467819e-05), array(0.00066221), array(0.01218932)]), (array(9.48859456e-06), [array(7.25906833e-09), array(3.98653289e-07), array(1.83686821e-05), array(0.00060855), array(0.01145068)]), (array(8.50123934e-06), [array(6.23223505e-09), array(3.50242413e-07), array(1.65105924e-05), array(0.00055941), array(0.01075807)]), (array(7.62092795e-06), [array(5.35585021e-09), array(3.07940272e-07), array(1.48482893e-05), array(0.0005144), array(0.01010858)]), (array(6.83558826e-06), [array(4.60710866e-09), array(2.70946962e-07), array(1.33603186e-05), array(0.00047316), array(0.00949945)]), (array(6.1345622e-06), [array(3.96677751e-09), array(2.38571135e-07), array(1.20276668e-05), array(0.00043536), array(0.00892813)]), (array(5.508434e-06), [array(3.41861851e-09), array(2.10214743e-07), array(1.08334735e-05), array(0.00040071), array(0.00839222)]), (array(4.94888003e-06), [array(2.94890675e-09), array(1.85360011e-07), array(9.76277886e-06), array(0.00036893), array(0.00788948)]), (array(4.44853738e-06), [array(2.5460291e-09), array(1.63558279e-07), array(8.80230111e-06), array(0.00033978), array(0.0074178)]), (array(4.00088893e-06), [array(2.20014882e-09), array(1.44420461e-07), array(7.94024165e-06), array(0.00031302), array(0.00697522)]), (array(3.60016253e-06), [array(1.90292509e-09), array(1.27608852e-07), array(7.16611329e-06), array(0.00028846), array(0.0065599)]), (array(3.24124271e-06), [array(1.64727822e-09), array(1.12830106e-07), array(6.47058915e-06), array(0.0002659), array(0.00617012)]), (array(2.91959321e-06), [array(1.42719282e-09), array(9.982921e-08), array(5.84536954e-06), array(0.00024519), array(0.00580426)]), (array(2.63118892e-06), [array(1.23755268e-09), array(8.83842949e-08), array(5.28306468e-06), array(0.00022615), array(0.00546082)]), (array(2.37245622e-06), [array(1.07400205e-09), array(7.83021807e-08), array(4.77709131e-06), array(0.00020866), array(0.00513838)]), (array(2.14022041e-06), [array(9.32828982e-10), array(6.94145363e-08), array(4.32158139e-06), array(0.00019257), array(0.00483564)]), (array(1.93165952e-06), [array(8.1086711e-10), array(6.15745721e-08), array(3.91130156e-06), array(0.00017778), array(0.00455134)])]",0.6221972633593261,1.7297328721584273,4.903878628155108e-07,"Inference data with groups:
	> posterior
	> sample_stats
	> observed_data","Inference data with groups:
	> posterior_predictive
	> observed_data","Inference data with groups:
	> prior
	> prior_predictive
	> observed_data",<pyhf.pdf.Model object at 0x7fd00c4423a0>
0.09,1.5388081148559887,1.7175314228438157,0.7691748057815723,1.0980606507394932,2.909073191553938,5.020973977740777,8.25065229100673e-07,8.716625686078753e-07,5.833222956324901e-07,6.969621851868312e-07,1.1344186951890752e-06,1.4903560546933411e-06,0.44237655474974763,"[0.0, 0.10101010101010101, 0.20202020202020202, 0.30303030303030304, 0.40404040404040403, 0.5050505050505051, 0.6060606060606061, 0.7070707070707071, 0.8080808080808081, 0.9090909090909091, 1.0101010101010102, 1.1111111111111112, 1.2121212121212122, 1.3131313131313131, 1.4141414141414141, 1.5151515151515151, 1.6161616161616161, 1.7171717171717171, 1.8181818181818181, 1.9191919191919191, 2.0202020202020203, 2.121212121212121, 2.2222222222222223, 2.323232323232323, 2.4242424242424243, 2.525252525252525, 2.6262626262626263, 2.727272727272727, 2.8282828282828283, 2.929292929292929, 3.0303030303030303, 3.131313131313131, 3.2323232323232323, 3.3333333333333335, 3.4343434343434343, 3.5353535353535355, 3.6363636363636362, 3.7373737373737375, 3.8383838383838382, 3.9393939393939394, 4.040404040404041, 4.141414141414141, 4.242424242424242, 4.343434343434343, 4.444444444444445, 4.545454545454545, 4.646464646464646, 4.747474747474747, 4.848484848484849, 4.94949494949495, 5.05050505050505, 5.151515151515151, 5.252525252525253, 5.353535353535354, 5.454545454545454, 5.555555555555555, 5.656565656565657, 5.757575757575758, 5.858585858585858, 5.959595959595959, 6.0606060606060606, 6.161616161616162, 6.262626262626262, 6.363636363636363, 6.4646464646464645, 6.565656565656566, 6.666666666666667, 6.767676767676767, 6.8686868686868685, 6.96969696969697, 7.070707070707071, 7.171717171717171, 7.2727272727272725, 7.373737373737374, 7.474747474747475, 7.575757575757575, 7.6767676767676765, 7.777777777777778, 7.878787878787879, 7.979797979797979, 8.080808080808081, 8.181818181818182, 8.282828282828282, 8.383838383838384, 8.484848484848484, 8.585858585858587, 8.686868686868687, 8.787878787878787, 8.88888888888889, 8.98989898989899, 9.09090909090909, 9.191919191919192, 9.292929292929292, 9.393939393939394, 9.494949494949495, 9.595959595959595, 9.696969696969697, 9.797979797979798, 9.8989898989899, 10.0]","[(array(1.), [array(1.), array(1.), array(1.), array(1.), array(1.)]), (array(0.88897345), [array(0.75051053), array(0.83020454), array(0.90581833), array(0.96396454), array(0.99264339)]), (array(0.78395658), [array(0.55893036), array(0.68359097), array(0.81437575), array(0.92462488), array(0.98361353)]), (array(0.68630572), [array(0.41364514), array(0.55881623), array(0.72704559), array(0.88246579), array(0.97275507)]), (array(0.5969057), [array(0.30463917), array(0.45400001), array(0.6449124), array(0.83807654), array(0.95995634)]), (array(0.51619462), [array(0.22357585), array(0.36695337), array(0.5687449), array(0.79211074), array(0.94515818)]), (array(0.44422449), [array(0.16372078), array(0.2953779), array(0.49900278), array(0.74524552), array(0.92835886)]), (array(0.38073924), [array(0.11976689), array(0.23701779), array(0.43586643), array(0.69814295), array(0.90961442)]), (array(0.32525746), [array(0.08761675), array(0.18976456), array(0.37928132), array(0.65141769), array(0.88903463)]), (array(0.27715027), [array(0.06415975), array(0.15171931), array(0.32900913), array(0.60561281), array(0.86677524)]), (array(0.23570848), [array(0.04706653), array(0.12122127), array(0.28467909), array(0.56118456), array(0.84302783)]), (array(0.200196), [array(0.03461179), array(0.09685143), array(0.24583473), array(0.5184954), array(0.81800812)]), (array(0.16989014), [array(0.02552868), array(0.0774205), array(0.21197447), array(0.47781534), array(0.79194485)]), (array(0.14410818), [array(0.01889283), array(0.06194654), array(0.18258272), array(0.43932728), array(0.7650689)]), (array(0.12222439), [array(0.01403301), array(0.04962915), array(0.15715429), array(0.403138), array(0.7376051)]), (array(0.10367778), [array(0.0104632), array(0.03982218), array(0.13521044), array(0.36928992), array(0.70976569)]), (array(0.08797421), [array(0.00783204), array(0.03200798), array(0.11630903), array(0.33777376), array(0.68174607)]), (array(0.0746841), [array(0.00588557), array(0.02577429), array(0.10004976), array(0.30854081), array(0.65372265)]), (array(0.0634377), [array(0.00444004), array(0.02079399), array(0.08607544), array(0.28151308), array(0.62585162)]), (array(0.05391922), [array(0.00336229), array(0.01680825), array(0.07407121), array(0.25659278), array(0.59826962)]), (array(0.04586028), [array(0.00255557), array(0.01361257), array(0.06376189), array(0.23366938), array(0.57109449)]), (array(0.03903373), [array(0.00194936), array(0.01104539), array(0.05490854), array(0.21262521), array(0.5444265)]), (array(0.03324773), [array(0.00149208), array(0.00897904), array(0.04730468), array(0.19333982), array(0.51835003)]), (array(0.02834055), [array(0.00114586), array(0.00731254), array(0.04077255), array(0.17569311), array(0.49293499)]), (array(0.02417593), [array(0.00088278), array(0.00596593), array(0.03515943), array(0.15956753), array(0.46823838)]), (array(0.02063911), [array(0.0006822), array(0.00487573), array(0.03033435), array(0.14484965), array(0.44430573)]), (array(0.01763344), [array(0.00052875), array(0.00399148), array(0.0261851), array(0.13143107), array(0.4211722)]), (array(0.01507747), [array(0.000411), array(0.00327302), array(0.02261562), array(0.11920925), array(0.39886425)]), (array(0.01290256), [array(0.00032036), array(0.00268825), array(0.01954367), array(0.10808762), array(0.37740025)]), (array(0.01105081), [array(0.00025038), array(0.00221151), array(0.01689887), array(0.09797588), array(0.3567919)]), (array(0.00947334), [array(0.00019622), array(0.00182223), array(0.01462097), array(0.08878985), array(0.33704498)]), (array(0.00812859), [array(0.00015417), array(0.00150389), array(0.01265839), array(0.08045148), array(0.31816036)]), (array(0.00698131), [array(0.00012145), array(0.0012432), array(0.01096697), array(0.07288869), array(0.30013506)]), (array(0.00600168), [array(9.59318231e-05), array(0.00102939), array(0.00950864), array(0.06603385), array(0.28295974)]), (array(0.00516446), [array(7.59659805e-05), array(0.00085374), array(0.00825046), array(0.0598231), array(0.26661761)]), (array(0.0044483), [array(6.03058321e-05), array(0.0007092), array(0.00716424), array(0.05419774), array(0.25108868)]), (array(0.00383514), [array(4.79908107e-05), array(0.00059007), array(0.00622581), array(0.0491039), array(0.23635037)]), (array(0.0033097), [array(3.82818756e-05), array(0.00049171), array(0.00541452), array(0.04449241), array(0.22237839)]), (array(0.00285903), [array(3.06086295e-05), array(0.00041038), array(0.00471264), array(0.04031836), array(0.20914701)]), (array(0.00247214), [array(2.45296725e-05), array(0.00034302), array(0.004105), array(0.03654083), array(0.19662955)]), (array(0.00213969), [array(1.97024329e-05), array(0.00028716), array(0.00357858), array(0.03312256), array(0.18479863)]), (array(0.00185374), [array(1.58603957e-05), array(0.00024075), array(0.00312219), array(0.0300297), array(0.17362657)]), (array(0.00160756), [array(1.2795507e-05), array(0.00020214), array(0.00272624), array(0.02723133), array(0.16308509)]), (array(0.0013954), [array(1.03449681e-05), array(0.00016997), array(0.00238243), array(0.02469928), array(0.15314537)]), (array(0.00121238), [array(8.38124091e-06), array(0.00014313), array(0.00208367), array(0.02240799), array(0.14377897)]), (array(0.00105435), [array(6.80416115e-06), array(0.0001207), array(0.00182384), array(0.02033432), array(0.13495788)]), (array(0.00091777), [array(5.53488441e-06), array(0.00010192), array(0.00159769), array(0.01845736), array(0.12665479)]), (array(0.00079961), [array(4.51119229e-06), array(8.61814675e-05), array(0.00140069), array(0.01675818), array(0.11884309)]), (array(0.00069729), [array(3.68387321e-06), array(7.29709807e-05), array(0.00122895), array(0.01521966), array(0.111497)]), (array(0.00060861), [array(3.01391417e-06), array(6.18668291e-05), array(0.0010791), array(0.01382636), array(0.10459163)]), (array(0.00053168), [array(2.470318e-06), array(5.25202992e-05), array(0.00094827), array(0.0125643), array(0.098103)]), (array(0.00046488), [array(2.02840206e-06), array(4.4642515e-05), array(0.00083393), array(0.01142087), array(0.09200806)]), (array(0.00040682), [array(1.66847035e-06), array(3.79938258e-05), array(0.00073394), array(0.01038467), array(0.08628474)]), (array(0.00035632), [array(1.3747724e-06), array(3.2375115e-05), array(0.00064643), array(0.00944543), array(0.08091195)]), (array(0.00031235), [array(1.13468633e-06), array(2.76206918e-05), array(0.00056977), array(0.00859385), array(0.07586954)]), (array(0.00027403), [array(9.38078404e-07), array(2.35925118e-05), array(0.00050258), array(0.00782155), array(0.07113831)]), (array(0.00024061), [array(7.76795565e-07), array(2.01753845e-05), array(0.00044364), array(0.00712096), array(0.06670004)]), (array(0.00021144), [array(6.44265761e-07), array(1.72730603e-05), array(0.00039189), array(0.00648524), array(0.06253739)]), (array(0.00018596), [array(5.35181336e-07), array(1.48050073e-05), array(0.00034643), array(0.00590822), array(0.05863392)]), (array(0.00016368), [array(4.45247777e-07), array(1.27037543e-05), array(0.00030646), array(0.00538433), array(0.05497407)]), (array(0.00014418), [array(3.70983994e-07), array(1.09126978e-05), array(0.00027129), array(0.00490854), array(0.05154312)]), (array(0.0001271), [array(3.09563179e-07), array(9.38428974e-06), array(0.00024033), array(0.00447629), array(0.04832714)]), (array(0.00011213), [array(2.58685824e-07), array(8.07853835e-06), array(0.00021305), array(0.00408349), array(0.04531298)]), (array(9.90009794e-05), [array(2.16478116e-07), array(6.96176418e-06), array(0.00018899), array(0.00372642), array(0.04248824)]), (array(8.74736521e-05), [array(1.81410621e-07), array(6.00557066e-06), array(0.00016776), array(0.00340174), array(0.03984123)]), (array(7.73458873e-05), [array(1.52232819e-07), array(5.18598335e-06), array(0.00014902), array(0.0031064), array(0.03736092)]), (array(6.84408472e-05), [array(1.27920617e-07), array(4.48273809e-06), array(0.00013246), array(0.00283768), array(0.03503694)]), (array(6.06049081e-05), [array(1.07634097e-07), array(3.87868911e-06), array(0.00011782), array(0.0025931), array(0.03285953)]), (array(5.37044897e-05), [array(9.06831578e-08), array(3.35930764e-06), array(0.00010486), array(0.00237041), array(0.03081952)]), (array(4.76233412e-05), [array(7.64999186e-08), array(2.91226806e-06), array(9.3391153e-05), array(0.00216759), array(0.02890824)]), (array(4.22602193e-05), [array(6.46164696e-08), array(2.52710531e-06), array(8.32278605e-05), array(0.0019828), array(0.0271176)]), (array(3.752688e-05), [array(5.46467116e-08), array(2.19492452e-06), array(7.4217293e-05), array(0.00181439), array(0.02543995)]), (array(3.33463474e-05), [array(4.62715743e-08), array(1.90815682e-06), array(6.62234498e-05), array(0.00166085), array(0.02386814)]), (array(2.96514201e-05), [array(3.92269978e-08), array(1.66035464e-06), array(5.91269882e-05), array(0.00152082), array(0.02239547)]), (array(2.63833853e-05), [array(3.32941369e-08), array(1.44601967e-06), array(5.28231101e-05), array(0.00139307), array(0.02101564)]), (array(2.34909061e-05), [array(2.82913661e-08), array(1.26045818e-06), array(4.72197257e-05), array(0.00127648), array(0.01972275)]), (array(2.09290608e-05), [array(2.40677401e-08), array(1.09965905e-06), array(4.22358549e-05), array(0.00117004), array(0.01851127)]), (array(1.86585107e-05), [array(2.04976432e-08), array(9.60190967e-07), array(3.78002392e-05), array(0.00107284), array(0.01737601)]), (array(1.66447809e-05), [array(1.74763985e-08), array(8.39115672e-07), array(3.38501316e-05), array(0.00098404), array(0.01631212)]), (array(1.48576362e-05), [array(1.49166643e-08), array(7.3391458e-07), array(3.03302432e-05), array(0.0009029), array(0.01531504)]), (array(1.32705379e-05), [array(1.2745469e-08), array(6.42426713e-07), array(2.71918244e-05), array(0.00082872), array(0.01438053)]), (array(1.18601858e-05), [array(1.09017695e-08), array(5.62796115e-07), array(2.43918624e-05), array(0.00076088), array(0.01350459)]), (array(1.06060876e-05), [array(9.3344375e-09), array(4.93427275e-07), array(2.18923819e-05), array(0.00069882), array(0.01268349)]), (array(9.49022768e-06), [array(8.00059681e-09), array(4.32947279e-07), array(1.9659833e-05), array(0.00064204), array(0.01191373)]), (array(8.4967469e-06), [array(6.8642478e-09), array(3.80173662e-07), array(1.76645569e-05), array(0.00059006), array(0.01119205)]), (array(7.6116767e-06), [array(5.89512812e-09), array(3.3408702e-07), array(1.58803167e-05), array(0.00054247), array(0.01051537)]), (array(6.82270533e-06), [array(5.06776941e-09), array(2.93807775e-07), array(1.42838899e-05), array(0.00049887), array(0.00988083)]), (array(6.11897389e-06), [array(4.36071255e-09), array(2.58576284e-07), array(1.28547079e-05), array(0.00045892), array(0.00928576)]), (array(5.49089848e-06), [array(3.75585614e-09), array(2.27735917e-07), array(1.1574542e-05), array(0.00042231), array(0.00872764)]), (array(4.93001486e-06), [array(3.23791403e-09), array(2.00718591e-07), array(1.04272272e-05), array(0.00038874), array(0.00820412)]), (array(4.42884276e-06), [array(2.79396325e-09), array(1.7703241e-07), array(9.39841999e-06), array(0.00035795), array(0.00771301)]), (array(3.98076719e-06), [array(2.4130668e-09), array(1.56251084e-07), array(8.4753854e-06), array(0.0003297), array(0.00725225)]), (array(3.57993458e-06), [array(2.08595855e-09), array(1.38004871e-07), array(7.64681e-06), array(0.00030377), array(0.00681992)]), (array(3.22116188e-06), [array(1.8047797e-09), array(1.21972812e-07), array(6.90263734e-06), array(0.00027997), array(0.00641422)]), (array(2.89985685e-06), [array(1.56285814e-09), array(1.07876066e-07), array(6.23392302e-06), array(0.00025811), array(0.00603347)]), (array(2.61194819e-06), [array(1.35452341e-09), array(9.54721886e-08), array(5.63270725e-06), array(0.00023804), array(0.00567608)]), (array(2.35382424e-06), [array(1.17495149e-09), array(8.45502156e-08), array(5.09190237e-06), array(0.00021959), array(0.00534059)]), (array(2.12227912e-06), [array(1.02003437e-09), array(7.49264299e-08), array(4.60519379e-06), array(0.00020263), array(0.00502562)]), (array(1.91446548e-06), [array(8.86270334e-10), array(6.64407193e-08), array(4.16695247e-06), array(0.00018703), array(0.00472987)]), (array(1.72785283e-06), [array(7.70671592e-10), array(5.89534372e-08), array(3.77215782e-06), array(0.00017269), array(0.00445214)])]",0.566691816557388,1.7052365063007047,8.685370750237447e-07,"Inference data with groups:
	> posterior
	> sample_stats
	> observed_data","Inference data with groups:
	> posterior_predictive
	> observed_data","Inference data with groups:
	> prior
	> prior_predictive
	> observed_data",<pyhf.pdf.Model object at 0x7fd008e406a0>
0.1,1.6327458197147513,1.78697316607222,0.8017862062140969,1.1474466103222771,3.000501286169382,5.123303391495366,1.3011808704140534e-06,1.3612484399055551e-06,9.118169680545955e-07,1.0907987289142002e-06,1.7639053934242106e-06,2.304907053048718e-06,1.0369474765075568,"[0.0, 0.10101010101010101, 0.20202020202020202, 0.30303030303030304, 0.40404040404040403, 0.5050505050505051, 0.6060606060606061, 0.7070707070707071, 0.8080808080808081, 0.9090909090909091, 1.0101010101010102, 1.1111111111111112, 1.2121212121212122, 1.3131313131313131, 1.4141414141414141, 1.5151515151515151, 1.6161616161616161, 1.7171717171717171, 1.8181818181818181, 1.9191919191919191, 2.0202020202020203, 2.121212121212121, 2.2222222222222223, 2.323232323232323, 2.4242424242424243, 2.525252525252525, 2.6262626262626263, 2.727272727272727, 2.8282828282828283, 2.929292929292929, 3.0303030303030303, 3.131313131313131, 3.2323232323232323, 3.3333333333333335, 3.4343434343434343, 3.5353535353535355, 3.6363636363636362, 3.7373737373737375, 3.8383838383838382, 3.9393939393939394, 4.040404040404041, 4.141414141414141, 4.242424242424242, 4.343434343434343, 4.444444444444445, 4.545454545454545, 4.646464646464646, 4.747474747474747, 4.848484848484849, 4.94949494949495, 5.05050505050505, 5.151515151515151, 5.252525252525253, 5.353535353535354, 5.454545454545454, 5.555555555555555, 5.656565656565657, 5.757575757575758, 5.858585858585858, 5.959595959595959, 6.0606060606060606, 6.161616161616162, 6.262626262626262, 6.363636363636363, 6.4646464646464645, 6.565656565656566, 6.666666666666667, 6.767676767676767, 6.8686868686868685, 6.96969696969697, 7.070707070707071, 7.171717171717171, 7.2727272727272725, 7.373737373737374, 7.474747474747475, 7.575757575757575, 7.6767676767676765, 7.777777777777778, 7.878787878787879, 7.979797979797979, 8.080808080808081, 8.181818181818182, 8.282828282828282, 8.383838383838384, 8.484848484848484, 8.585858585858587, 8.686868686868687, 8.787878787878787, 8.88888888888889, 8.98989898989899, 9.09090909090909, 9.191919191919192, 9.292929292929292, 9.393939393939394, 9.494949494949495, 9.595959595959595, 9.696969696969697, 9.797979797979798, 9.8989898989899, 10.0]","[(array(nan), [array(1.), array(1.), array(1.), array(1.), array(1.)]), (array(0.89744616), [array(0.76095145), array(0.83773601), array(0.91024098), array(0.96575392), array(0.99302923)]), (array(0.79950003), [array(0.57486554), array(0.69647105), array(0.82285085), array(0.9284672), array(0.98454191)]), (array(0.70739196), [array(0.43165516), array(0.57509447), array(0.73902321), array(0.88853819), array(0.9743958)]), (array(0.62200477), [array(0.32253628), array(0.4720469), array(0.65972727), array(0.84645618), array(0.96248242)]), (array(0.54387564), [array(0.24009753), array(0.38549296), array(0.58568159), array(0.80277171), array(0.94873473)]), (array(0.47322642), [array(0.17825422), array(0.31347744), array(0.51735366), array(0.75806567), array(0.93313236)]), (array(0.4100108), [array(0.13212415), array(0.25404913), array(0.45497698), array(0.71291878), array(0.91570342)]), (array(0.35396994), [array(0.09786509), array(0.205351), array(0.39858078), array(0.66788434), array(0.896523)]), (array(0.30468942), [array(0.07250205), array(0.16567871), array(0.3480269), array(0.62346621), array(0.87570853)]), (array(0.2616524), [array(0.05376252), array(0.13351266), array(0.30304893), array(0.58010298), array(0.85341267)]), (array(0.22428544), [array(0.03993004), array(0.1075294), array(0.26329024), array(0.53815874), array(0.82981467)]), (array(0.19199594), [array(0.0297198), array(0.08659821), array(0.22833767), array(0.49791956), array(0.80511082)]), (array(0.16420045), [array(0.02217717), array(0.0697686), array(0.19775069), array(0.45959586), array(0.77950567)]), (array(0.14034449), [array(0.01659668), array(0.05625177), array(0.17108368), array(0.42332763), array(0.75320347)]), (array(0.11991538), [array(0.0124592), array(0.04540032), array(0.14790334), array(0.38919338), array(0.72640188)]), (array(0.10244912), [array(0.00938374), array(0.03668778), array(0.12780088), array(0.35722071), array(0.69928783)]), (array(0.08753219), [array(0.00709099), array(0.02968833), array(0.11039779), array(0.32739425), array(0.67203253)]), (array(0.07480119), [array(0.00537635), array(0.02405994), array(0.09535109), array(0.29966746), array(0.64479171)]), (array(0.06393973), [array(0.00408982), array(0.01952861), array(0.08235349), array(0.27396991), array(0.617704)]), (array(0.05467435), [array(0.00312123), array(0.01587546), array(0.07113272), array(0.25021472), array(0.59089152)]), (array(0.04677004), [array(0.00238955), array(0.01292586), array(0.06144949), array(0.22830434), array(0.56446054)]), (array(0.04002562), [array(0.00183497), array(0.01054056), array(0.05309474), array(0.2081351), array(0.53850255)]), (array(0.03426933), [array(0.00141326), array(0.00860851), array(0.04588668), array(0.18960076), array(0.51309552)]), (array(0.02935481), [array(0.00109156), array(0.00704108), array(0.03966774), array(0.17259503), array(0.48830502)]), (array(0.02515747), [array(0.0008454), array(0.00576745), array(0.03430168), array(0.15701354), array(0.46418552)]), (array(0.02157134), [array(0.00065648), array(0.00473094), array(0.02967093), array(0.14275513), array(0.44078152)]), (array(0.0185063), [array(0.00051108), array(0.00388616), array(0.02567406), array(0.12972266), array(0.41812843)]), (array(0.01588572), [array(0.00039888), array(0.00319664), array(0.02222371), array(0.11782375), array(0.39625382)]), (array(0.01364443), [array(0.00031207), array(0.00263307), array(0.01924465), array(0.10697109), array(0.37517835)]), (array(0.01172699), [array(0.00024474), array(0.00217184), array(0.01667208), array(0.0970825), array(0.35491636)]), (array(0.01008615), [array(0.00019239), array(0.00179389), array(0.01445024), array(0.08808113), array(0.33547711)]), (array(0.00868133), [array(0.0001516), array(0.00148382), array(0.01253112), array(0.07989539), array(0.31686541)]), (array(0.0074779), [array(0.00011974), array(0.00122915), array(0.01087328), array(0.07245824), array(0.29908106)]), (array(0.00644632), [array(9.48023198e-05), array(0.00101967), array(0.00944056), array(0.06570531), array(0.28211473)]), (array(0.00556145), [array(7.52325913e-05), array(0.00084712), array(0.00820179), array(0.05957659), array(0.26595225)]), (array(0.00480189), [array(5.98384786e-05), array(0.00070478), array(0.00713014), array(0.05401671), array(0.25057644)]), (array(0.00414946), [array(4.77006994e-05), array(0.00058719), array(0.00620259), array(0.04897476), array(0.23596762)]), (array(0.00358865), [array(3.8108588e-05), array(0.00048991), array(0.00539933), array(0.044404), array(0.22210416)]), (array(0.00310625), [array(3.05113014e-05), array(0.00040932), array(0.00470332), array(0.04026159), array(0.20896288)]), (array(0.00269099), [array(2.44808575e-05), array(0.00034247), array(0.0040999), array(0.03650836), array(0.19651952)]), (array(0.00233323), [array(1.96838618e-05), array(0.00028694), array(0.00357646), array(0.03310851), array(0.18474891)]), (array(0.00202476), [array(1.58598641e-05), array(0.00024074), array(0.00312213), array(0.03002924), array(0.17362489)]), (array(0.00175857), [array(1.28049049e-05), array(0.00020226), array(0.0027275), array(0.02724048), array(0.16312026)]), (array(0.00152866), [array(1.03591231e-05), array(0.00017016), array(0.0023845), array(0.02471485), array(0.15320775)]), (array(0.00132993), [array(8.39695164e-06), array(0.00014335), array(0.00208616), array(0.02242748), array(0.14386025)]), (array(0.00115801), [array(6.81954289e-06), array(0.00012092), array(0.00182648), array(0.0203558), array(0.13505106)]), (array(0.00100914), [array(5.54890295e-06), array(0.00010213), array(0.00160029), array(0.01847935), array(0.12675396)]), (array(0.00088014), [array(4.52335788e-06), array(8.63721685e-05), array(0.00140312), array(0.01677957), array(0.11894334)]), (array(0.00076826), [array(3.6940337e-06), array(7.31363473e-05), array(0.00123114), array(0.01523967), array(0.11159431)]), (array(0.00067114), [array(3.02211885e-06), array(6.20053941e-05), array(0.00108101), array(0.01384441), array(0.10468273)]), (array(0.00058677), [array(2.47672459e-06), array(5.2632509e-05), array(0.00094987), array(0.01258002), array(0.09818529)]), (array(0.00051342), [array(2.03322202e-06), array(4.47300175e-05), array(0.00083523), array(0.01143404), array(0.09207951)]), (array(0.00044959), [array(1.67193183e-06), array(3.80589257e-05), array(0.00073494), array(0.01039519), array(0.08634385)]), (array(0.000394), [array(1.37709881e-06), array(3.24204174e-05), array(0.00064715), array(0.00945328), array(0.08095761)]), (array(0.00034555), [array(1.13608528e-06), array(2.76488844e-05), array(0.00057024), array(0.00859908), array(0.07590103)]), (array(0.0003033), [array(9.38734745e-07), array(2.36061938e-05), array(0.00050281), array(0.00782427), array(0.07115523)]), (array(0.00026641), [array(7.76869641e-07), array(2.0176981e-05), array(0.00044367), array(0.0071213), array(0.06670222)]), (array(0.00023418), [array(6.43893806e-07), array(1.72647757e-05), array(0.00039174), array(0.00648336), array(0.06252489)]), (array(0.00020601), [array(5.34477088e-07), array(1.47888046e-05), array(0.00034613), array(0.00590431), array(0.05860699)]), (array(0.00018135), [array(4.44304667e-07), array(1.26813507e-05), array(0.00030603), array(0.00537856), array(0.05493308)]), (array(0.00015977), [array(3.69877691e-07), array(1.08855746e-05), array(0.00027075), array(0.00490109), array(0.05148857)]), (array(0.00014085), [array(3.08354071e-07), array(9.35370795e-06), array(0.0002397), array(0.00446736), array(0.0482596)]), (array(0.00012426), [array(2.57421395e-07), array(8.04555854e-06), array(0.00021235), array(0.00407325), array(0.04523311)]), (array(0.00010971), [array(2.15195112e-07), array(6.92726832e-06), array(0.00018824), array(0.00371504), array(0.04239673)]), (array(9.69220328e-05), [array(1.8013689e-07), array(5.97028192e-06), array(0.00016697), array(0.00338937), array(0.0397388)]), (array(8.56858617e-05), [array(1.50989021e-07), array(5.15048848e-06), array(0.0001482), array(0.00309321), array(0.03724832)]), (array(7.58037458e-05), [array(1.26721628e-07), array(4.44750667e-06), array(0.00013162), array(0.00282379), array(0.03491493)]), (array(6.71063642e-05), [array(1.06490107e-07), array(3.8440886e-06), array(0.00011697), array(0.00257865), array(0.03272887)]), (array(5.94463271e-05), [array(8.96007478e-08), array(3.32562184e-06), array(0.00010401), array(0.00235551), array(0.03068093)]), (array(5.26952394e-05), [array(7.54829413e-08), array(2.87971334e-06), array(9.25427982e-05), array(0.00215236), array(0.02876249)]), (array(4.67411694e-05), [array(6.36666489e-08), array(2.495841e-06), array(8.23901059e-05), array(0.00196734), array(0.02696541)]), (array(4.14864658e-05), [array(5.37641239e-08), array(2.16506179e-06), array(7.33947437e-05), array(0.00179878), array(0.02528206)]), (array(3.68458743e-05), [array(4.54550546e-08), array(1.87976678e-06), array(6.54198753e-05), array(0.00164518), array(0.02370527)]), (array(3.27449058e-05), [array(3.84744711e-08), array(1.6334755e-06), array(5.83454153e-05), array(0.00150516), array(0.02222829)]), (array(2.91184354e-05), [array(3.26028851e-08), array(1.42066295e-06), array(5.20659097e-05), array(0.00137749), array(0.02084482)]), (array(2.59094779e-05), [array(2.7658243e-08), array(1.2366141e-06), array(4.64886974e-05), array(0.00126104), array(0.01954891)]), (array(2.30681513e-05), [array(2.34893324e-08), array(1.07730081e-06), array(4.15322934e-05), array(0.00115479), array(0.01833501)]), (array(2.05507383e-05), [array(1.99704076e-08), array(9.39278898e-07), array(3.71250113e-05), array(0.00105782), array(0.0171979)]), (array(1.83189119e-05), [array(1.69967544e-08), array(8.19600125e-07), array(3.32037283e-05), array(0.00096929), array(0.0161327)]), (array(1.63390466e-05), [array(1.44810859e-08), array(7.1573933e-07), array(2.97128587e-05), array(0.00088845), array(0.01513482)]), (array(1.45816182e-05), [array(1.2350522e-08), array(6.25530445e-07), array(2.66033816e-05), array(0.0008146), array(0.01419996)]), (array(1.30206881e-05), [array(1.05441566e-08), array(5.47114489e-07), array(2.38320654e-05), array(0.00074711), array(0.01332412)]), (array(1.1633453e-05), [array(9.01102453e-09), array(4.78894395e-07), array(2.13607543e-05), array(0.00068542), array(0.01250351)]), (array(1.03998516e-05), [array(7.70842953e-09), array(4.19496897e-07), array(1.91557531e-05), array(0.00062902), array(0.01173461)]), (array(9.30222409e-06), [array(6.60056011e-09), array(3.67740075e-07), array(1.71872861e-05), array(0.00057744), array(0.01101413)]), (array(8.32501469e-06), [array(5.65734589e-09), array(3.22605845e-07), array(1.54290272e-05), array(0.00053024), array(0.01033896)]), (array(7.45451176e-06), [array(4.85350823e-09), array(2.83216464e-07), array(1.38576854e-05), array(0.00048705), array(0.00970622)]), (array(6.67862198e-06), [array(4.16777306e-09), array(2.48814538e-07), array(1.2452643e-05), array(0.00044751), array(0.0091132)]), (array(5.98667246e-06), [array(3.58221735e-09), array(2.18745991e-07), array(1.11956391e-05), array(0.0004113), array(0.00855735)]), (array(5.36923809e-06), [array(3.08172446e-09), array(1.92445475e-07), array(1.00704897e-05), array(0.00037814), array(0.00803631)]), (array(4.81799061e-06), [array(2.65353141e-09), array(1.69423948e-07), array(9.06284399e-06), array(0.00034775), array(0.00754786)]), (array(4.3255664e-06), [array(2.28685119e-09), array(1.49258031e-07), array(8.15996952e-06), array(0.0003199), array(0.00708991)]), (array(3.88545095e-06), [array(1.97255719e-09), array(1.31580886e-07), array(7.350563e-06), array(0.00029436), array(0.00666053)]), (array(3.49187747e-06), [array(1.70292005e-09), array(1.16074432e-07), array(6.624585e-06), array(0.00027094), array(0.0062579)]), (array(3.13973807e-06), [array(1.47138688e-09), array(1.02462633e-07), array(5.97311301e-06), array(0.00024946), array(0.00588031)]), (array(2.8245058e-06), [array(1.27239688e-09), array(9.05057631e-08), array(5.38821333e-06), array(0.00022974), array(0.00552617)]), (array(2.54216635e-06), [array(1.10122646e-09), array(7.99954688e-08), array(4.86282752e-06), array(0.00021165), array(0.00519399)]), (array(2.28915788e-06), [array(9.53859374e-10), array(7.07505309e-08), array(4.39067261e-06), array(0.00019503), array(0.00488239)]), (array(2.06231831e-06), [array(8.26877482e-10), array(6.26132089e-08), array(3.96615283e-06), array(0.00017977), array(0.00459004)])]",0.6057365610780217,1.6748269548011223,1.3178420179854106e-06,"Inference data with groups:
	> posterior
	> sample_stats
	> observed_data","Inference data with groups:
	> posterior_predictive
	> observed_data","Inference data with groups:
	> prior
	> prior_predictive
	> observed_data",<pyhf.pdf.Model object at 0x7fd00ba586a0>
0.2,1.8039956697728876,2.0934774046528557,0.9231383733758999,1.3257568758152318,3.606315982879511,6.370111917900409,1.718269409853028e-05,1.8510052562408728e-05,1.2291557446333954e-05,1.4730091927449915e-05,2.4294356572408117e-05,3.228843863238132e-05,163.66168801327387,"[0.0, 0.10101010101010101, 0.20202020202020202, 0.30303030303030304, 0.40404040404040403, 0.5050505050505051, 0.6060606060606061, 0.7070707070707071, 0.8080808080808081, 0.9090909090909091, 1.0101010101010102, 1.1111111111111112, 1.2121212121212122, 1.3131313131313131, 1.4141414141414141, 1.5151515151515151, 1.6161616161616161, 1.7171717171717171, 1.8181818181818181, 1.9191919191919191, 2.0202020202020203, 2.121212121212121, 2.2222222222222223, 2.323232323232323, 2.4242424242424243, 2.525252525252525, 2.6262626262626263, 2.727272727272727, 2.8282828282828283, 2.929292929292929, 3.0303030303030303, 3.131313131313131, 3.2323232323232323, 3.3333333333333335, 3.4343434343434343, 3.5353535353535355, 3.6363636363636362, 3.7373737373737375, 3.8383838383838382, 3.9393939393939394, 4.040404040404041, 4.141414141414141, 4.242424242424242, 4.343434343434343, 4.444444444444445, 4.545454545454545, 4.646464646464646, 4.747474747474747, 4.848484848484849, 4.94949494949495, 5.05050505050505, 5.151515151515151, 5.252525252525253, 5.353535353535354, 5.454545454545454, 5.555555555555555, 5.656565656565657, 5.757575757575758, 5.858585858585858, 5.959595959595959, 6.0606060606060606, 6.161616161616162, 6.262626262626262, 6.363636363636363, 6.4646464646464645, 6.565656565656566, 6.666666666666667, 6.767676767676767, 6.8686868686868685, 6.96969696969697, 7.070707070707071, 7.171717171717171, 7.2727272727272725, 7.373737373737374, 7.474747474747475, 7.575757575757575, 7.6767676767676765, 7.777777777777778, 7.878787878787879, 7.979797979797979, 8.080808080808081, 8.181818181818182, 8.282828282828282, 8.383838383838384, 8.484848484848484, 8.585858585858587, 8.686868686868687, 8.787878787878787, 8.88888888888889, 8.98989898989899, 9.09090909090909, 9.191919191919192, 9.292929292929292, 9.393939393939394, 9.494949494949495, 9.595959595959595, 9.696969696969697, 9.797979797979798, 9.8989898989899, 10.0]","[(array(1.), [array(1.), array(1.), array(1.), array(1.), array(1.)]), (array(0.90123772), [array(0.78852244), array(0.85742569), array(0.92168802), array(0.97033927), array(0.99400812)]), (array(0.80766389), [array(0.61813665), array(0.73076313), array(0.84497564), array(0.93830302), array(0.98687241)]), (array(0.72009606), [array(0.48220229), array(0.6194729), array(0.77074597), array(0.90416427), array(0.9784985)]), (array(0.63907686), [array(0.37468635), array(0.52267283), array(0.69974566), array(0.86825693), array(0.96881337)]), (array(0.56488894), [array(0.29027624), array(0.43924002), array(0.6325643), array(0.83095879), array(0.95776972)]), (array(0.49758521), [array(0.22441645), array(0.36790789), array(0.56962724), array(0.79267271), array(0.94534893)]), (array(0.4370282), [array(0.17328805), array(0.30735066), array(0.51120037), array(0.75380771), array(0.93156207)]), (array(0.382933), [array(0.13375059), array(0.25625113), array(0.4574039), array(0.71476173), array(0.91644926)]), (array(0.33490926), [array(0.10326326), array(0.21335085), array(0.40823215), array(0.67590709), array(0.90007724)]), (array(0.29249915), [array(0.07979835), array(0.1774837), array(0.36357656), array(0.63757942), array(0.8825357)]), (array(0.25520973), [array(0.06175588), array(0.14759523), array(0.32324929), array(0.60007019), array(0.86393272)]), (array(0.22253865), [array(0.04788516), array(0.12275085), array(0.28700569), array(0.56362287), array(0.84438969)]), (array(0.19399382), [array(0.03721586), array(0.10213574), array(0.25456447), array(0.52843223), array(0.82403632)]), (array(0.16910706), [array(0.02899955), array(0.08504885), array(0.22562444), array(0.49464585), array(0.80300572)]), (array(0.14744276), [array(0.02266164), array(0.07089392), array(0.19987857), array(0.46236816), array(0.78143058)]), (array(0.12860296), [array(0.0177623), array(0.05916819), array(0.1770241), array(0.43166473), array(0.75943941)]), (array(0.11222918), [array(0.01396568), array(0.04945098), array(0.15677043), array(0.40256822), array(0.73715437)]), (array(0.09800188), [array(0.01101551), array(0.04139225), array(0.13884398), array(0.3750837), array(0.71468926)]), (array(0.08563899), [array(0.00871634), array(0.03470211), array(0.12299132), array(0.3491941), array(0.69214859)]), (array(0.07489304), [array(0.006919), array(0.02914109), array(0.10898035), array(0.32486467), array(0.66962667)]), (array(0.06554812), [array(0.0055095), array(0.02451207), array(0.09660094), array(0.30204798), array(0.64720808)]), (array(0.05741662), [array(0.00440063), array(0.02065288), array(0.08566418), array(0.28068721), array(0.62496777)]), (array(0.05033592), [array(0.00352546), array(0.01743021), array(0.07600116), array(0.260719), array(0.60297116)]), (array(0.04416541), [array(0.00283255), array(0.01473454), array(0.06746176), array(0.24207624), array(0.58127526)]), (array(0.03878362), [array(0.00228224), array(0.01247582), array(0.05991297), array(0.22468983), array(0.55992905)]), (array(0.03408569), [array(0.00184384), array(0.01057995), array(0.05323724), array(0.20849024), array(0.53897426)]), (array(0.02998116), [array(0.00149356), array(0.00898594), array(0.04733095), array(0.19340863), array(0.51844608)]), (array(0.02639194), [array(0.00121287), array(0.00764346), array(0.0421028), array(0.17937754), array(0.49837367)]), (array(0.02325061), [array(0.00098733), array(0.00651094), array(0.03747251), array(0.16633175), array(0.47878095)]), (array(0.02049895), [array(0.00080561), array(0.00555401), array(0.03336954), array(0.1542086), array(0.45968726)]), (array(0.01808661), [array(0.00065882), array(0.00474418), array(0.02973182), array(0.14294814), array(0.44110756)]), (array(0.01597005), [array(0.00053995), array(0.00405779), array(0.02650483), array(0.13249335), array(0.42305315)]), (array(0.01411156), [array(0.00044345), array(0.00347517), array(0.02364063), array(0.12279031), array(0.40553207)]), (array(0.01247843), [array(0.00036494), array(0.00297992), array(0.02109707), array(0.11378807), array(0.38854944)]), (array(0.0110423), [array(0.00030093), array(0.00255838), array(0.01883707), array(0.10543868), array(0.37210783)]), (array(0.00977854), [array(0.00024861), array(0.00219909), array(0.01682798), array(0.0976971), array(0.35620764)]), (array(0.00866574), [array(0.00020578), array(0.00189247), array(0.01504108), array(0.09052109), array(0.34084726)]), (array(0.00768525), [array(0.00017063), array(0.00163048), array(0.01345102), array(0.08387116), array(0.3260235)]), (array(0.00682076), [array(0.00014174), array(0.00140636), array(0.01203548), array(0.07771036), array(0.31173168)]), (array(0.006058), [array(0.00011795), array(0.00121442), array(0.01077477), array(0.07200421), array(0.2979659)]), (array(0.00538452), [array(9.83198879e-05), array(0.00104986), array(0.00965148), array(0.06672059), array(0.28471934)]), (array(0.00478946), [array(8.2100249e-05), array(0.00090863), array(0.00865024), array(0.06182949), array(0.27198413)]), (array(0.0042633), [array(6.86726916e-05), array(0.00078728), array(0.00775734), array(0.05730231), array(0.25974984)]), (array(0.00379773), [array(5.75367335e-05), array(0.00068289), array(0.00696062), array(0.05311226), array(0.24800482)]), (array(0.00338549), [array(4.8285181e-05), array(0.00059298), array(0.00624932), array(0.04923444), array(0.23673682)]), (array(0.00302022), [array(4.05860562e-05), array(0.00051547), array(0.00561394), array(0.0456457), array(0.22593306)]), (array(0.00269635), [array(3.4168235e-05), array(0.00044856), array(0.00504607), array(0.04232457), array(0.21558051)]), (array(0.00240896), [array(2.88098092e-05), array(0.00039075), array(0.00453828), array(0.03925115), array(0.20566586)]), (array(0.00215378), [array(2.43288183e-05), array(0.00034075), array(0.00408396), array(0.03640697), array(0.19617568)]), (array(0.00192703), [array(2.05757824e-05), array(0.00029745), array(0.00367729), array(0.03377495), array(0.18709649)]), (array(0.00172539), [array(1.74276534e-05), array(0.00025992), array(0.00331306), array(0.03133921), array(0.17841471)]), (array(0.00154596), [array(1.47828689e-05), array(0.00022736), array(0.00298668), array(0.02908497), array(0.17011643)]), (array(0.00138617), [array(1.25575662e-05), array(0.00019908), array(0.00269404), array(0.0269985), array(0.16218774)]), (array(0.00124377), [array(1.06824232e-05), array(0.00017448), array(0.0024315), array(0.02506712), array(0.15461493)]), (array(0.00111676), [array(9.10000568e-06), array(0.00015308), array(0.00219584), array(0.02327909), array(0.14738441)]), (array(0.00100341), [array(7.76264536e-06), array(0.00013444), array(0.00198417), array(0.02162351), array(0.14048263)]), (array(0.00090217), [array(6.63074788e-06), array(0.00011817), array(0.00179394), array(0.02009029), array(0.1338963)]), (array(0.00081169), [array(5.67138045e-06), array(0.00010398), array(0.00162288), array(0.01867014), array(0.12761248)]), (array(0.00073076), [array(4.85710783e-06), array(9.15676161e-05), array(0.00146896), array(0.01735446), array(0.12161856)]), (array(0.00065833), [array(4.16503698e-06), array(8.0714032e-05), array(0.00133039), array(0.01613535), array(0.1159023)]), (array(0.00059346), [array(3.57603605e-06), array(7.1210632e-05), array(0.00120555), array(0.01500547), array(0.11045183)]), (array(0.00053532), [array(3.07409199e-06), array(6.28815487e-05), array(0.00109303), array(0.0139581), array(0.10525564)]), (array(0.00048317), [array(2.64578203e-06), array(5.55748438e-05), array(0.00099155), array(0.01298699), array(0.10030263)]), (array(0.00043638), [array(2.27983838e-06), array(4.91591177e-05), array(0.00089998), array(0.0120864), array(0.09558206)]), (array(0.00039436), [array(1.96678851e-06), array(4.35206136e-05), array(0.0008173), array(0.01125102), array(0.09108359)]), (array(0.0003566), [array(1.69865787e-06), array(3.85607479e-05), array(0.00074261), array(0.01047597), array(0.08679726)]), (array(0.00032264), [array(1.46872381e-06), array(3.41940027e-05), array(0.00067509), array(0.00975672), array(0.08271347)]), (array(0.00029209), [array(1.27131108e-06), array(3.03461171e-05), array(0.00061404), array(0.00908911), array(0.078823)]), (array(0.00026459), [array(1.1016224e-06), array(2.69525449e-05), array(0.00055878), array(0.00846927), array(0.07511701)]), (array(0.00023981), [array(9.55597222e-07), array(2.39571287e-05), array(0.00050876), array(0.00789367), array(0.07158699)]), (array(0.00021748), [array(8.29794144e-07), array(2.13109629e-05), array(0.00046345), array(0.00735901), array(0.06822479)]), (array(0.00019733), [array(7.21292795e-07), array(1.89714181e-05), array(0.00042238), array(0.00686228), array(0.06502261)]), (array(0.00017915), [array(6.27611843e-07), array(1.69013005e-05), array(0.00038514), array(0.00640065), array(0.06197297)]), (array(0.00016273), [array(5.46640403e-07), array(1.50681298e-05), array(0.00035135), array(0.00597157), array(0.05906871)]), (array(0.0001479), [array(4.76580565e-07), array(1.34435164e-05), array(0.00032068), array(0.00557262), array(0.05630298)]), (array(0.00013449), [array(4.15899154e-07), array(1.20026237e-05), array(0.00029283), array(0.00520162), array(0.05366924)]), (array(0.00012236), [array(3.63287237e-07), array(1.07237054e-05), array(0.00026752), array(0.00485651), array(0.05116122)]), (array(0.00011138), [array(3.17626035e-07), array(9.58770387e-06), array(0.00024451), array(0.00453541), array(0.04877295)]), (array(0.00010144), [array(2.77958205e-07), array(8.57790369e-06), array(0.00022358), array(0.00423658), array(0.04649873)]), (array(9.24356129e-05), [array(2.43463644e-07), array(7.67963165e-06), array(0.00020454), array(0.00395841), array(0.0443331)]), (array(8.42699271e-05), [array(2.1343904e-07), array(6.87999654e-06), array(0.0001872), array(0.0036994), array(0.04227087)]), (array(7.686344e-05), [array(1.87280597e-07), array(6.16766373e-06), array(0.00017141), array(0.00345818), array(0.04030708)]), (array(7.01420343e-05), [array(1.64469395e-07), array(5.53265889e-06), array(0.00015702), array(0.00323346), array(0.03843699)]), (array(6.40391734e-05), [array(1.44558997e-07), array(4.96619799e-06), array(0.0001439), array(0.00302408), array(0.03665611)]), (array(5.84950913e-05), [array(1.27164928e-07), array(4.46053919e-06), array(0.00013193), array(0.00282894), array(0.03496013)]), (array(5.34560712e-05), [array(1.11955741e-07), array(4.00885385e-06), array(0.00012101), array(0.00264702), array(0.03334497)]), (array(4.88738066e-05), [array(9.86454137e-08), array(3.60511428e-06), array(0.00011104), array(0.00247738), array(0.03180671)]), (array(4.47048305e-05), [array(8.69868875e-08), array(3.24399583e-06), array(0.00010193), array(0.00231917), array(0.03034165)]), (array(4.09100116e-05), [array(7.67665804e-08), array(2.92079241e-06), array(9.36129839e-05), array(0.00217157), array(0.02894625)]), (array(3.74540937e-05), [array(6.77995549e-08), array(2.63133769e-06), array(8.60064207e-05), array(0.00203384), array(0.02761714)]), (array(3.43053059e-05), [array(5.99256937e-08), array(2.37194598e-06), array(7.90497765e-05), array(0.00190529), array(0.02635111)]), (array(3.14349958e-05), [array(5.30061386e-08), array(2.13935111e-06), array(7.26847949e-05), array(0.00178527), array(0.02514511)]), (array(2.88173114e-05), [array(4.6920381e-08), array(1.93065745e-06), array(6.68586854e-05), array(0.00167321), array(0.02399624)]), (array(2.64289133e-05), [array(4.15637308e-08), array(1.74329565e-06), array(6.15235754e-05), array(0.00156853), array(0.02290172)]), (array(2.42487238e-05), [array(3.68452103e-08), array(1.57498608e-06), array(5.66360833e-05), array(0.00147074), array(0.02185894)]), (array(2.22576923e-05), [array(3.26856094e-08), array(1.423702e-06), array(5.2156797e-05), array(0.00137936), array(0.02086538)]), (array(2.04385936e-05), [array(2.90159596e-08), array(1.28764227e-06), array(4.80499517e-05), array(0.00129395), array(0.01991867)]), (array(1.87758461e-05), [array(2.57761447e-08), array(1.1652047e-06), array(4.42830627e-05), array(0.0012141), array(0.01901654)]), (array(1.72553472e-05), [array(2.29137212e-08), array(1.05496311e-06), array(4.0826612e-05), array(0.00113943), array(0.01815683)])]",0.6884626211363651,1.9723823885717637,1.7966731230841852e-05,"Inference data with groups:
	> posterior
	> sample_stats
	> observed_data","Inference data with groups:
	> posterior_predictive
	> observed_data","Inference data with groups:
	> prior
	> prior_predictive
	> observed_data",<pyhf.pdf.Model object at 0x7fd0095d30d0>
0.3,2.062021940423301,2.2893868534087822,0.9983035513519543,1.4393523406705533,3.996117562579595,7.179518224598883,0.00022102756384172472,0.0002328945835594813,0.00015379106484283978,0.00018466447477370233,0.00030769392665829653,0.0004124273399329833,23691.88368954934,"[0.0, 0.10101010101010101, 0.20202020202020202, 0.30303030303030304, 0.40404040404040403, 0.5050505050505051, 0.6060606060606061, 0.7070707070707071, 0.8080808080808081, 0.9090909090909091, 1.0101010101010102, 1.1111111111111112, 1.2121212121212122, 1.3131313131313131, 1.4141414141414141, 1.5151515151515151, 1.6161616161616161, 1.7171717171717171, 1.8181818181818181, 1.9191919191919191, 2.0202020202020203, 2.121212121212121, 2.2222222222222223, 2.323232323232323, 2.4242424242424243, 2.525252525252525, 2.6262626262626263, 2.727272727272727, 2.8282828282828283, 2.929292929292929, 3.0303030303030303, 3.131313131313131, 3.2323232323232323, 3.3333333333333335, 3.4343434343434343, 3.5353535353535355, 3.6363636363636362, 3.7373737373737375, 3.8383838383838382, 3.9393939393939394, 4.040404040404041, 4.141414141414141, 4.242424242424242, 4.343434343434343, 4.444444444444445, 4.545454545454545, 4.646464646464646, 4.747474747474747, 4.848484848484849, 4.94949494949495, 5.05050505050505, 5.151515151515151, 5.252525252525253, 5.353535353535354, 5.454545454545454, 5.555555555555555, 5.656565656565657, 5.757575757575758, 5.858585858585858, 5.959595959595959, 6.0606060606060606, 6.161616161616162, 6.262626262626262, 6.363636363636363, 6.4646464646464645, 6.565656565656566, 6.666666666666667, 6.767676767676767, 6.8686868686868685, 6.96969696969697, 7.070707070707071, 7.171717171717171, 7.2727272727272725, 7.373737373737374, 7.474747474747475, 7.575757575757575, 7.6767676767676765, 7.777777777777778, 7.878787878787879, 7.979797979797979, 8.080808080808081, 8.181818181818182, 8.282828282828282, 8.383838383838384, 8.484848484848484, 8.585858585858587, 8.686868686868687, 8.787878787878787, 8.88888888888889, 8.98989898989899, 9.09090909090909, 9.191919191919192, 9.292929292929292, 9.393939393939394, 9.494949494949495, 9.595959595959595, 9.696969696969697, 9.797979797979798, 9.8989898989899, 10.0]","[(array(1.), [array(1.), array(1.), array(1.), array(1.), array(1.)]), (array(0.91472648), [array(0.80252672), array(0.8673196), array(0.92737835), array(0.97259416), array(0.99448433)]), (array(0.83263154), [array(0.64075162), array(0.74831015), array(0.85605919), array(0.9431267), array(0.98799123)]), (array(0.754483), [array(0.50939427), array(0.64261473), array(0.78677956), array(0.91181841), array(0.98044591)]), (array(0.68086918), [array(0.40356985), array(0.5495946), array(0.72017457), array(0.87893839), array(0.97178998)]), (array(0.61219542), [array(0.3188925), array(0.46840248), array(0.65675994), array(0.84479154), array(0.96198473)]), (array(0.54869242), [array(0.25152349), array(0.39805459), array(0.59692425), array(0.80970468), array(0.95101327)]), (array(0.4904347), [array(0.19817566), array(0.33749589), array(0.54093002), array(0.77401243), array(0.93888137)]), (array(0.4373641), [array(0.15608628), array(0.28565474), array(0.48892177), array(0.73804396), array(0.92561705)]), (array(0.38931631), [array(0.12297016), array(0.24148559), array(0.44093934), array(0.70211158), array(0.91126906)]), (array(0.34604733), [array(0.09696243), array(0.2039997), array(0.396934), array(0.66650161), array(0.89590424)]), (array(0.30725807), [array(0.07655845), array(0.17228512), array(0.35678603), array(0.63146794), array(0.87960431)]), (array(0.27261595), [array(0.06055557), array(0.14551763), array(0.32032184), array(0.59722811), array(0.86246223)]), (array(0.24177298), [array(0.04800001), array(0.12296481), array(0.28733019), array(0.56396195), array(0.84457852)]), (array(0.21437965), [array(0.03813985), array(0.10398448), array(0.25757572), array(0.53181162), array(0.82605752)]), (array(0.19009594), [array(0.03038532), array(0.08802027), array(0.2308113), array(0.5008842), array(0.80700442)]), (array(0.16859846), [array(0.02427545), array(0.07459462), array(0.20678715), array(0.47125453), array(0.78752247)]), (array(0.14958542), [array(0.01945079), array(0.06330066), array(0.18525801), array(0.44296898), array(0.76771081)]), (array(0.13277929), [array(0.01563157), array(0.05379404), array(0.16598853), array(0.41604972), array(0.74766301)]), (array(0.11792758), [array(0.01260012), array(0.04578467), array(0.14875665), array(0.39049868), array(0.727466)]), (array(0.10480297), [array(0.01018714), array(0.03902912), array(0.1333558), array(0.36630155), array(0.70719951)]), (array(0.09320208), [array(0.00826077), array(0.03332359), array(0.11959565), array(0.34343087), array(0.68693556)]), (array(0.08294408), [array(0.00671827), array(0.02849795), array(0.10730279), array(0.32184981), array(0.66673906)]), (array(0.07386887), [array(0.00547942), array(0.02441019), array(0.09631999), array(0.30151417), array(0.64666755)]), (array(0.06583516), [array(0.00448145), array(0.02094192), array(0.08650561), array(0.28237494), array(0.62677188)]), (array(0.05871859), [array(0.00367513), array(0.01799441), array(0.07773258), array(0.26437995), array(0.60709657)]), (array(0.05240984), [array(0.00302174), array(0.01548531), array(0.06988726), array(0.24747531), array(0.58768035)]), (array(0.04681295), [array(0.00249077), array(0.01334587), array(0.0628683), array(0.23160655), array(0.56855663)]), (array(0.04184373), [array(0.00205807), array(0.01151861), array(0.05658544), array(0.21671946), array(0.54975403)]), (array(0.0374283), [array(0.00170452), array(0.00995546), array(0.05095843), array(0.20276074), array(0.53129683)]), (array(0.03350189), [array(0.00141487), array(0.00861612), array(0.04591597), array(0.18967848), array(0.51320544)]), (array(0.03000762), [array(0.00117698), array(0.00746677), array(0.04139472), array(0.17742249), array(0.49549679)]), (array(0.02689556), [array(0.00098112), array(0.00647897), array(0.03733848), array(0.16594454), array(0.47818477)]), (array(0.02412185), [array(0.0008195), array(0.00562879), array(0.03369731), array(0.15519847), array(0.46128041)]), (array(0.02164792), [array(0.00068582), array(0.00489602), array(0.03042687), array(0.1451403), array(0.44479233)]), (array(0.01943983), [array(0.00057502), array(0.00426357), array(0.02748776), array(0.13572824), array(0.42872701)]), (array(0.01746768), [array(0.00048299), array(0.00371701), array(0.02484499), array(0.12692275), array(0.41308901)]), (array(0.0157051), [array(0.0004064), array(0.00324407), array(0.02246739), array(0.11868631), array(0.39788101)]), (array(0.01412885), [array(0.00034253), array(0.00283433), array(0.02032725), array(0.11098358), array(0.38310434)]), (array(0.01271838), [array(0.00028917), array(0.00247893), array(0.01839989), array(0.10378122), array(0.36875889)]), (array(0.01145553), [array(0.00024452), array(0.00217031), array(0.01666331), array(0.09704785), array(0.35484344)]), (array(0.01032422), [array(0.00020708), array(0.00190202), array(0.0150979), array(0.09075392), array(0.34135566)]), (array(0.00931023), [array(0.00017565), array(0.00166855), array(0.01368617), array(0.08487171), array(0.32829242)]), (array(0.00840094), [array(0.00014921), array(0.00146518), array(0.01241247), array(0.07937513), array(0.31564968)]), (array(0.00758515), [array(0.00012694), array(0.00128784), array(0.01126285), array(0.07423972), array(0.30342282)]), (array(0.00685291), [array(0.00010815), array(0.00113307), array(0.01022481), array(0.06944254), array(0.29160661)]), (array(0.00619529), [array(9.22779132e-05), array(0.00099786), array(0.00928718), array(0.06496208), array(0.28019536)]), (array(0.00560431), [array(7.88492345e-05), array(0.00087965), array(0.00843997), array(0.06077821), array(0.26918301)]), (array(0.00507291), [array(6.74728071e-05), array(0.00077621), array(0.00767419), array(0.05687197), array(0.25856293)]), (array(0.00459476), [array(5.7820576e-05), array(0.0006856), array(0.00698167), array(0.05322498), array(0.24832644)]), (array(0.00416426), [array(4.96186993e-05), array(0.00060614), array(0.00635506), array(0.04981984), array(0.23846389)]), (array(0.0037764), [array(4.26388161e-05), array(0.00053641), array(0.00578778), array(0.04664026), array(0.22896541)]), (array(0.00342675), [array(3.66901631e-05), array(0.00047513), array(0.00527394), array(0.04367106), array(0.21982099)]), (array(0.00311134), [array(3.16131162e-05), array(0.00042124), array(0.00480823), array(0.04089804), array(0.21102053)]), (array(0.00282664), [array(2.72738838e-05), array(0.0003738), array(0.00438594), array(0.03830799), array(0.20255388)]), (array(0.0025695), [array(2.35601445e-05), array(0.00033199), array(0.00400281), array(0.03588857), array(0.19441089)]), (array(0.00233711), [array(2.03774549e-05), array(0.00029512), array(0.00365502), array(0.03362825), array(0.18658149)]), (array(0.00212698), [array(1.76462778e-05), array(0.00026257), array(0.00333915), array(0.03151633), array(0.17905564)]), (array(0.00193684), [array(1.52995277e-05), array(0.0002338), array(0.00305212), array(0.02954279), array(0.17182345)]), (array(0.0017647), [array(1.32805355e-05), array(0.00020836), array(0.00279116), array(0.02769832), array(0.16487511)]), (array(0.00160877), [array(1.15413636e-05), array(0.00018584), array(0.00255379), array(0.02597423), array(0.15820101)]), (array(0.00146744), [array(1.0041402e-05), array(0.00016589), array(0.00233776), array(0.02436244), array(0.15179169)]), (array(0.00133925), [array(8.74619908e-06), array(0.0001482), array(0.00214106), array(0.02285541), array(0.14563786)]), (array(0.00122294), [array(7.62648924e-06), array(0.0001325), array(0.00196187), array(0.02144611), array(0.13973048)]), (array(0.00111732), [array(6.65737213e-06), array(0.00011856), array(0.00179855), array(0.02012799), array(0.13406064)]), (array(0.00102137), [array(5.81762311e-06), array(0.00010617), array(0.00164962), array(0.01889493), array(0.12861957)]), (array(0.00093416), [array(5.08914039e-06), array(9.5140315e-05), array(0.00151374), array(0.01774122), array(0.12339868)]), (array(0.00085483), [array(4.45647632e-06), array(8.53225823e-05), array(0.00138971), array(0.01666155), array(0.11838967)]), (array(0.00078264), [array(3.90642101e-06), array(7.65742008e-05), array(0.00127644), array(0.01565096), array(0.11358443)]), (array(0.00071691), [array(3.42767063e-06), array(6.87725586e-05), array(0.00117294), array(0.01470485), array(0.10897511)]), (array(0.00065703), [array(3.0105389e-06), array(6.18098056e-05), array(0.00107832), array(0.01381893), array(0.1045541)]), (array(0.00060245), [array(2.64671541e-06), array(5.55909914e-05), array(0.00099178), array(0.01298919), array(0.10031404)]), (array(0.00055267), [array(2.32906176e-06), array(5.00324498e-05), array(0.0009126), array(0.01221192), array(0.09624779)]), (array(0.00050725), [array(2.05143901e-06), array(4.50603935e-05), array(0.0008401), array(0.01148365), array(0.09234848)]), (array(0.00046578), [array(1.8085617e-06), array(4.06096932e-05), array(0.00077371), array(0.01080115), array(0.08860945)]), (array(0.00042791), [array(1.59587403e-06), array(3.66228133e-05), array(0.00071286), array(0.0101614), array(0.08502428)]), (array(0.0003933), [array(1.40944475e-06), array(3.30488844e-05), array(0.00065709), array(0.00956161), array(0.08158678)]), (array(0.00036165), [array(1.24587777e-06), array(2.9842894e-05), array(0.00060593), array(0.00899915), array(0.07829098)]), (array(0.0003327), [array(1.10223621e-06), array(2.69649809e-05), array(0.00055899), array(0.0084716), array(0.07513112)]), (array(0.00030621), [array(9.7597757e-07), array(2.4379817e-05), array(0.0005159), array(0.00797669), array(0.07210167)]), (array(0.00028195), [array(8.64898483e-07), array(2.20560677e-05), array(0.00047632), array(0.00751229), array(0.0691973)]), (array(0.00025972), [array(7.67087534e-07), array(1.99659192e-05), array(0.00043996), array(0.00707643), array(0.06641286)]), (array(0.00023935), [array(6.80884875e-07), array(1.80846638e-05), array(0.00040654), array(0.00666728), array(0.06374344)]), (array(0.00022068), [array(6.04847705e-07), array(1.63903372e-05), array(0.0003758), array(0.00628311), array(0.06118428)]), (array(0.00020354), [array(5.37720675e-07), array(1.48633994e-05), array(0.00034752), array(0.00592232), array(0.05873082)]), (array(0.00018782), [array(4.78410427e-07), array(1.34864536e-05), array(0.0003215), array(0.00558342), array(0.0563787)]), (array(0.00017338), [array(4.25963831e-07), array(1.22440011e-05), array(0.00029754), array(0.00526501), array(0.05412368)]), (array(0.00016012), [array(3.7954923e-07), array(1.1122224e-05), array(0.00027547), array(0.00496579), array(0.05196175)]), (array(0.00014793), [array(3.38440269e-07), array(1.01087944e-05), array(0.00025513), array(0.00468454), array(0.04988902)]), (array(0.00013672), [array(3.0200216e-07), array(9.19271041e-06), array(0.00023638), array(0.00442013), array(0.04790178)]), (array(0.00012641), [array(2.69679055e-07), array(8.36413147e-06), array(0.00021909), array(0.0041715), array(0.04599645)]), (array(0.00011693), [array(2.40984571e-07), array(7.61426995e-06), array(0.00020313), array(0.00393766), array(0.0441696)]), (array(0.0001082), [array(2.15492294e-07), array(6.93526169e-06), array(0.00018841), array(0.00371768), array(0.04241796)]), (array(0.00010015), [array(1.9282817e-07), array(6.32006693e-06), array(0.00017482), array(0.00351069), array(0.04073836)]), (array(9.27450329e-05), [array(1.72663789e-07), array(5.76237975e-06), array(0.00016226), array(0.0033159), array(0.0391278)]), (array(8.59161687e-05), [array(1.54710585e-07), array(5.25654803e-06), array(0.00015066), array(0.00313254), array(0.03758338)]), (array(7.96194387e-05), [array(1.38714792e-07), array(4.79750246e-06), array(0.00013993), array(0.0029599), array(0.03610232)]), (array(7.38110632e-05), [array(1.24453066e-07), array(4.38069361e-06), array(0.00013002), array(0.00279733), array(0.03468197)]), (array(6.84510923e-05), [array(1.11728684e-07), array(4.00203614e-06), array(0.00012084), array(0.00264421), array(0.03331977)]), (array(6.35029729e-05), [array(1.00368234e-07), array(3.65785922e-06), array(0.00011235), array(0.00249996), array(0.03201329)])]",0.7774651455470671,2.1174851194941073,0.0002239803812064929,"Inference data with groups:
	> posterior
	> sample_stats
	> observed_data","Inference data with groups:
	> posterior_predictive
	> observed_data","Inference data with groups:
	> prior
	> prior_predictive
	> observed_data",<pyhf.pdf.Model object at 0x7fd006a18670>
0.4,0.09379597910137893,0.12258202270451866,0.09169996266914317,0.09415030313709569,0.20432601669660327,0.3944783490342166,0.007753328292316117,0.008863585826577324,0.007666208772452819,0.007767958988837572,0.01144347425766171,0.015900385312633082,640902735.7500637,"[0.0, 0.10101010101010101, 0.20202020202020202, 0.30303030303030304, 0.40404040404040403, 0.5050505050505051, 0.6060606060606061, 0.7070707070707071, 0.8080808080808081, 0.9090909090909091, 1.0101010101010102, 1.1111111111111112, 1.2121212121212122, 1.3131313131313131, 1.4141414141414141, 1.5151515151515151, 1.6161616161616161, 1.7171717171717171, 1.8181818181818181, 1.9191919191919191, 2.0202020202020203, 2.121212121212121, 2.2222222222222223, 2.323232323232323, 2.4242424242424243, 2.525252525252525, 2.6262626262626263, 2.727272727272727, 2.8282828282828283, 2.929292929292929, 3.0303030303030303, 3.131313131313131, 3.2323232323232323, 3.3333333333333335, 3.4343434343434343, 3.5353535353535355, 3.6363636363636362, 3.7373737373737375, 3.8383838383838382, 3.9393939393939394, 4.040404040404041, 4.141414141414141, 4.242424242424242, 4.343434343434343, 4.444444444444445, 4.545454545454545, 4.646464646464646, 4.747474747474747, 4.848484848484849, 4.94949494949495, 5.05050505050505, 5.151515151515151, 5.252525252525253, 5.353535353535354, 5.454545454545454, 5.555555555555555, 5.656565656565657, 5.757575757575758, 5.858585858585858, 5.959595959595959, 6.0606060606060606, 6.161616161616162, 6.262626262626262, 6.363636363636363, 6.4646464646464645, 6.565656565656566, 6.666666666666667, 6.767676767676767, 6.8686868686868685, 6.96969696969697, 7.070707070707071, 7.171717171717171, 7.2727272727272725, 7.373737373737374, 7.474747474747475, 7.575757575757575, 7.6767676767676765, 7.777777777777778, 7.878787878787879, 7.979797979797979, 8.080808080808081, 8.181818181818182, 8.282828282828282, 8.383838383838384, 8.484848484848484, 8.585858585858587, 8.686868686868687, 8.787878787878787, 8.88888888888889, 8.98989898989899, 9.09090909090909, 9.191919191919192, 9.292929292929292, 9.393939393939394, 9.494949494949495, 9.595959595959595, 9.696969696969697, 9.797979797979798, 9.8989898989899, 10.0]","[(array(1.), [array(1.), array(1.), array(1.), array(1.), array(1.)]), (array(0.03077838), [array(0.00862456), array(0.03442594), array(0.12231486), array(0.34805246), array(0.69112178)]), (array(0.0024648), [array(0.00027405), array(0.00237569), array(0.01782597), array(0.10158298), array(0.3642716)]), (array(0.00033089), [array(1.85536495e-05), array(0.00027348), array(0.00344608), array(0.03223799), array(0.18165125)]), (array(6.11881317e-05), [array(1.99186373e-06), array(4.39779576e-05), array(0.00082409), array(0.01132049), array(0.09146232)]), (array(1.41027958e-05), [array(2.92617109e-07), array(8.95376716e-06), array(0.00023143), array(0.00434941), array(0.04736355)]), (array(3.82220803e-06), [array(5.3991417e-08), array(2.17275995e-06), array(7.36069941e-05), array(0.00180281), array(0.02532288)]), (array(1.17391667e-06), [array(1.18517075e-08), array(6.04068371e-07), array(2.58516441e-05), array(0.00079645), array(0.01396663)]), (array(3.98457065e-07), [array(2.9847159e-09), array(1.87275029e-07), array(9.84614935e-06), array(0.00037143), array(0.00792946)]), (array(1.46816473e-07), [array(8.40564391e-10), array(6.34987576e-08), array(4.01279517e-06), array(0.00018147), array(0.00462278)]), (array(5.79499064e-08), [array(2.59788456e-10), array(2.32097681e-08), array(1.73223789e-06), array(9.23106616e-05), array(0.00276082)]), (array(2.42553244e-08), [array(8.68679936e-11), array(9.04461755e-09), array(7.85770087e-07), array(4.86522563e-05), array(0.00168541)]), (array(1.06802623e-08), [array(3.10796818e-11), array(3.72521115e-09), array(3.72185632e-07), array(2.64595132e-05), array(0.00104968)]), (array(4.91599731e-09), [array(1.17935073e-11), array(1.61038672e-09), array(1.8313321e-07), array(1.47986003e-05), array(0.0006658)]), (array(2.35312362e-09), [array(4.71262367e-12), array(7.26550905e-10), array(9.32136541e-08), array(8.48762614e-06), array(0.00042945)]), (array(1.16632729e-09), [array(1.9714785e-12), array(3.4050514e-10), array(4.89060984e-08), array(4.98003234e-06), array(0.0002813)]), (array(5.96460419e-10), [array(8.59234785e-13), array(1.65119754e-10), array(2.6370739e-08), array(2.98305692e-06), array(0.0001869)]), (array(3.13769263e-10), [array(3.88542034e-13), array(8.25753802e-11), array(1.45765117e-08), array(1.8209596e-06), array(0.00012582)]), (array(1.69348145e-10), [array(1.81656832e-13), array(4.24664434e-11), array(8.24151397e-09), array(1.13103145e-06), array(8.57457266e-05)]), (array(9.35665803e-11), [array(8.75485596e-14), array(2.24038508e-11), array(4.75728131e-09), array(7.13829583e-07), array(5.91037478e-05)]), (array(5.28186956e-11), [array(4.33811459e-14), array(1.20992404e-11), array(2.79891507e-09), array(4.57235367e-07), array(4.11749015e-05)]), (array(3.04118632e-11), [array(2.20507582e-14), array(6.67643903e-12), array(1.67597382e-09), array(2.969269e-07), array(2.89714214e-05)]), (array(1.78335118e-11), [array(1.14749993e-14), array(3.75813452e-12), array(1.02007494e-09), array(1.95304864e-07), array(2.05759476e-05)]), (array(1.06363751e-11), [array(6.10275253e-15), array(2.1548209e-12), array(6.30357665e-10), array(1.30005815e-07), array(1.47421474e-05)]), (array(6.44467381e-12), [array(3.31181258e-15), array(1.256902e-12), array(3.95082535e-10), array(8.75121213e-08), array(1.06500698e-05)]), (array(3.9627843e-12), [array(1.8313386e-15), array(7.44975857e-13), array(2.50920259e-10), array(5.95293379e-08), array(7.75415054e-06)]), (array(2.47047418e-12), [array(1.03060715e-15), array(4.48212171e-13), array(1.61350888e-10), array(4.08960167e-08), array(5.68751341e-06)]), (array(1.56015984e-12), [array(5.89592709e-16), array(2.73476494e-13), array(1.04971063e-10), array(2.83577866e-08), array(4.20096074e-06)]), (array(9.97310398e-13), [array(3.42535323e-16), array(1.69076766e-13), array(6.90454746e-11), array(1.98372216e-08), array(3.12361776e-06)]), (array(6.44849503e-13), [array(2.0190814e-16), array(1.0583802e-13), array(4.58880158e-11), array(1.39926977e-08), array(2.33726203e-06)]), (array(4.21477547e-13), [array(1.20651962e-16), array(6.7033075e-14), array(3.0797538e-11), array(9.94823325e-09), array(1.75940257e-06)]), (array(2.78306721e-13), [array(7.30324115e-17), array(4.29287396e-14), array(2.08622008e-11), array(7.12592476e-09), array(1.33201509e-06)]), (array(1.85554877e-13), [array(4.47501229e-17), array(2.77820134e-14), array(1.42568846e-11), array(5.14076308e-09), array(1.01397155e-06)]), (array(1.24854885e-13), [array(2.77390588e-17), array(1.8159399e-14), array(9.82468878e-12), array(3.73385466e-09), array(7.75906996e-07)]), (array(8.47471401e-14), [array(1.73840863e-17), array(1.19824429e-14), array(6.82443143e-12), array(2.72956798e-09), array(5.96709044e-07)]), (array(5.80026479e-14), [array(1.10087572e-17), array(7.97803302e-15), array(4.77644289e-12), array(2.00775222e-09), array(4.61097715e-07)]), (array(4.00132923e-14), [array(7.0409691e-18), array(5.35757278e-15), array(3.36730058e-12), array(1.48555202e-09), array(3.5794396e-07)]), (array(2.7812312e-14), [array(4.54602458e-18), array(3.62736011e-15), array(2.39032945e-12), array(1.10539385e-09), array(2.79092779e-07)]), (array(1.94715226e-14), [array(2.96174916e-18), array(2.47516537e-15), array(1.70805274e-12), array(8.26979659e-10), array(2.18533703e-07)]), (array(1.37263927e-14), [array(1.94628696e-18), array(1.70161055e-15), array(1.22825962e-12), array(6.21906322e-10), array(1.7181212e-07)]), (array(9.74045843e-15), [array(1.28956964e-18), array(1.17820331e-15), array(8.88608568e-13), array(4.70021325e-10), array(1.35608973e-07)]), (array(6.95584469e-15), [array(8.61211132e-19), array(8.21400146e-16), array(6.46629034e-13), array(3.56934011e-10), array(1.07438423e-07)]), (array(4.99754222e-15), [array(5.7950737e-19), array(5.76424623e-16), array(4.7317745e-13), array(2.72305628e-10), array(8.5429597e-08)]), (array(3.611559e-15), [array(3.92789117e-19), array(4.07070691e-16), array(3.48115146e-13), array(2.08664649e-10), array(6.8167744e-08)]), (array(2.62462037e-15), [array(2.68093384e-19), array(2.89221168e-16), array(2.57432541e-13), array(1.60581079e-10), array(5.45781385e-08)]), (array(1.91769463e-15), [array(1.84213437e-19), array(2.06691591e-16), array(1.91320818e-13), array(1.24087088e-10), array(4.38407389e-08)]), (array(1.40845693e-15), [array(1.27395607e-19), array(1.48543438e-16), array(1.42869876e-13), array(9.62681749e-11), array(3.53271912e-08)]), (array(1.03880753e-15), [array(8.8650551e-20), array(1.07332934e-16), array(1.07182689e-13), array(7.49727585e-11), array(2.8554049e-08)]), (array(7.6890176e-16), [array(6.20588901e-20), array(7.79609746e-17), array(8.07688782e-14), array(5.86047252e-11), array(2.31478741e-08)]), (array(5.71094859e-16), [array(4.36947627e-20), array(5.69123798e-17), array(6.11269269e-14), array(4.59744885e-11), array(1.88191041e-08)]), (array(4.256048e-16), [array(3.09364072e-20), array(4.17490147e-17), array(4.64544532e-14), array(3.61914321e-11), array(1.53423812e-08)]), (array(3.18219334e-16), [array(2.2021275e-20), array(3.07697844e-17), array(3.54461316e-14), array(2.85858572e-11), array(1.2541688e-08)]), (array(2.3868834e-16), [array(1.57568167e-20), array(2.27810554e-17), array(2.71519162e-14), array(2.2652056e-11), array(1.02790683e-08)]), (array(1.79590969e-16), [array(1.13311331e-20), array(1.69406573e-17), array(2.08770215e-14), array(1.80065938e-11), array(8.44603343e-09)]), (array(1.35535192e-16), [array(8.18815782e-21), array(1.26512303e-17), array(1.6110978e-14), array(1.43575948e-11), array(6.95699008e-09)]), (array(1.02589044e-16), [array(5.94483479e-21), array(9.48688047e-18), array(1.24770512e-14), array(1.14820277e-11), array(5.74419552e-09)]), (array(7.78752667e-17), [array(4.335808e-21), array(7.1424477e-18), array(9.69599359e-15), array(9.20883395e-12), array(4.75386982e-09)]), (array(5.92803097e-17), [array(3.17548343e-21), array(5.39703965e-18), array(7.55846985e-15), array(7.40507706e-12), array(3.94261188e-09)]), (array(4.52458363e-17), [array(2.3329152e-21), array(4.08918561e-18), array(5.90571274e-15), array(5.96591089e-12), array(3.27468979e-09)]), (array(3.46238388e-17), [array(1.71896389e-21), array(3.10619525e-18), array(4.62438787e-15), array(4.8150561e-12), array(2.72376301e-09)]), (array(2.6562878e-17), [array(1.27024084e-21), array(2.36542083e-18), array(3.62878208e-15), array(3.89303836e-12), array(2.26866767e-09)]), (array(2.04293287e-17), [array(9.41305479e-22), array(1.80573306e-18), array(2.85347438e-15), array(3.15300381e-12), array(1.89218906e-09)]), (array(1.57502952e-17), [array(6.99479205e-22), array(1.38179163e-18), array(2.24841156e-15), array(2.55796691e-12), array(1.58030227e-09)]), (array(1.21718398e-17), [array(5.21187553e-22), array(1.05987467e-18), array(1.77520779e-15), array(2.07867443e-12), array(1.32156326e-09)]), (array(9.42833524e-18), [array(3.89371657e-22), array(8.14833936e-19), array(1.40435672e-15), array(1.69194419e-12), array(1.10661947e-09)]), (array(7.3198756e-18), [array(2.91650352e-22), array(6.27865539e-19), array(1.11312599e-15), array(1.37937019e-12), array(9.27816007e-10)]), (array(5.6956315e-18), [array(2.19011059e-22), array(4.84873017e-19), array(8.8396303e-16), array(1.12631137e-12), array(7.78878075e-10)]), (array(4.44150095e-18), [array(1.64874366e-22), array(3.75262065e-19), array(7.03285186e-16), array(9.2110012e-13), array(6.5465464e-10)]), (array(3.47094838e-18), [array(1.24423558e-22), array(2.91050653e-19), array(5.60559287e-16), array(7.54421729e-13), array(5.50911046e-10)]), (array(2.71818181e-18), [array(9.41226039e-23), array(2.26210243e-19), array(4.47599809e-16), array(6.18826731e-13), array(4.64161037e-10)]), (array(2.13305871e-18), [array(7.1368596e-23), array(1.76176809e-19), array(3.58032486e-16), array(5.08347063e-13), array(3.91530475e-10)]), (array(1.67727255e-18), [array(5.42404039e-23), array(1.37486955e-19), array(2.86883455e-16), array(4.18193317e-13), array(3.30646603e-10)]), (array(1.32149065e-18), [array(4.13163944e-23), array(1.0750644e-19), array(2.30263871e-16), array(3.44515524e-13), array(2.79547922e-10)]), (array(1.04320034e-18), [array(3.15418662e-23), array(8.42271499e-20), array(1.85127267e-16), array(2.84213784e-13), array(2.36610752e-10)]), (array(8.25085157e-19), [array(2.41323759e-23), array(6.61148791e-20), array(1.49082504e-16), array(2.34788093e-13), array(2.00489282e-10)]), (array(6.5379512e-19), [array(1.85030475e-23), array(5.19949366e-20), array(1.20249262e-16), array(1.94219045e-13), array(1.70066582e-10)]), (array(5.19016833e-19), [array(1.42167441e-23), array(4.09659736e-20), array(9.71461666e-17), array(1.60872874e-13), array(1.44414485e-10)]), (array(4.1276572e-19), [array(1.09459731e-23), array(3.23349276e-20), array(7.86040216e-17), array(1.33425781e-13), array(1.22760723e-10)]), (array(3.28847083e-19), [array(8.44481715e-24), array(2.55678052e-20), array(6.36984002e-17), array(1.10803546e-13), array(1.04461986e-10)]), (array(2.62445328e-19), [array(6.52818061e-24), array(2.025231e-20), array(5.16970518e-17), array(9.21330743e-14), array(8.89816542e-11)]), (array(2.09809348e-19), [array(5.0564435e-24), array(1.60695026e-20), array(4.20190115e-17), array(7.67038006e-14), array(7.58716497e-11)]), (array(1.68011487e-19), [array(3.92405084e-24), array(1.27721646e-20), array(3.42025286e-17), array(6.39365501e-14), array(6.47573459e-11)]), (array(1.34762373e-19), [array(3.05102893e-24), array(1.01683052e-20), array(2.78799968e-17), array(5.33585833e-14), array(5.5325171e-11)]), (array(1.08268364e-19), [array(2.3766564e-24), array(8.10854115e-21), array(2.27582773e-17), array(4.45834974e-14), array(4.73123572e-11)]), (array(8.71215924e-20), [array(1.85473275e-24), array(6.47642533e-21), array(1.86032365e-17), array(3.72950247e-14), array(4.04984618e-11)]), (array(7.02149684e-20), [array(1.45003338e-24), array(5.18101891e-21), array(1.52275702e-17), array(3.12339518e-14), array(3.46983439e-11)]), (array(5.667636e-20), [array(1.13564751e-24), array(4.15117599e-21), array(1.24812033e-17), array(2.61875445e-14), array(2.97563408e-11)]), (array(4.58175129e-20), [array(8.90974979e-25), array(3.33113714e-21), array(1.02437041e-17), array(2.19809839e-14), array(2.55414334e-11)]), (array(3.70943396e-20), [array(7.00215437e-25), array(2.67712588e-21), array(8.41828292e-18), array(1.84704237e-14), array(2.19432273e-11)]), (array(3.00759868e-20), [array(5.51226802e-25), array(2.15471519e-21), array(6.92703607e-18), array(1.55373555e-14), array(1.88686123e-11)]), (array(2.44206949e-20), [array(4.34659925e-25), array(1.73678292e-21), array(5.70716227e-18), array(1.30840099e-14), array(1.6238961e-11)]), (array(1.98569297e-20), [array(3.43303573e-25), array(1.40192944e-21), array(4.70797057e-18), array(1.10296462e-14), array(1.3987828e-11)]), (array(1.61686006e-20), [array(2.71584803e-25), array(1.13324081e-21), array(3.88848116e-18), array(9.30749364e-15), array(1.20589938e-11)]), (array(1.31834657e-20), [array(2.15189095e-25), array(9.17327489e-22), array(3.21551974e-18), array(7.86227088e-15), array(1.04048467e-11)]), (array(1.07640174e-20), [array(1.70770243e-25), array(7.43573124e-22), array(2.66219364e-18), array(6.64815479e-15), array(8.98502547e-12)]), (array(8.80030547e-21), [array(1.3572849e-25), array(6.03547111e-22), array(2.20667266e-18), array(5.62711802e-15), array(7.76528197e-12)]), (array(7.20428464e-21), [array(1.08040529e-25), array(4.90544289e-22), array(1.8312123e-18), array(4.76756642e-15), array(6.71652787e-12)]), (array(5.9053439e-21), [array(8.61290115e-26), array(3.99223751e-22), array(1.52137001e-18), array(4.04322101e-15), array(5.81403388e-12)]), (array(4.84676939e-21), [array(6.87621965e-26), array(3.25324932e-22), array(1.26537543e-18), array(3.4321994e-15), array(5.03675709e-12)]), (array(3.9829436e-21), [array(5.49766399e-26), array(2.65444098e-22), array(1.05362365e-18), array(2.91626012e-15), array(4.36677503e-12)])]",0.020803962243210423,0.07182921292257631,0.006784949452195866,"Inference data with groups:
	> posterior
	> sample_stats
	> observed_data","Inference data with groups:
	> posterior_predictive
	> observed_data","Inference data with groups:
	> prior
	> prior_predictive
	> observed_data",<pyhf.pdf.Model object at 0x7fd006412610>
