run_number,subrun_number,event_number
14954,2,109
14954,94,4743
16387,37,1862
17149,52,2644
15780,103,5190
17122,154,7710
15149,67,3389
14766,58,2924
15367,117,5893
14399,110,5517
14399,161,8073
15447,21,1054
17501,9,499
15910,13,677
17118,28,1422
17484,172,8629
15345,161,8063
15348,260,13021
15722,175,8781
16222,153,7682
16952,67,3393
15348,195,9785
14956,113,5700
16935,206,10318
16752,63,3177
14603,148,7437
17517,173,8695
17371,65,3274
15933,230,11544
16038,145,7252
15366,60,3039
14913,53,2660
16199,126,6334
14607,262,13137
14410,143,7172
14390,97,4877
15954,97,4888
14743,48,2429
16038,99,4960
16499,220,11010
16420,30,1507
15102,40,2043
15102,88,4411
14874,233,11657
17312,179,8976
14619,8,435
15348,205,10297
15592,188,9413
15092,57,2883
15834,203,10158
15875,60,3019
14637,74,3737
14903,44,2221
14218,87,4396
14959,61,3071
14959,69,3452
16205,42,2120
14713,47,2395
14713,53,2654
16825,47,2376
15415,43,2159
17237,67,3386
16730,9,483
16730,52,2636
17307,52,2629
17307,79,3980
15136,15,762
16453,267,13364
15279,7,387
15967,70,3521
17271,16,846
16200,80,4046
14956,229,11471
17027,68,3413
14291,12,601
16583,127,6376
16583,164,8206
15145,5,258
15498,97,4856
14764,46,2346
16295,239,11960
17320,49,2469
15486,370,18522
14559,221,11062
16313,16,816
14641,98,4930
15123,0,31
15902,312,15639
15800,269,13478
14653,53,2661
14653,68,3429
14831,124,6215
14831,137,6881
14218,95,4791
14218,132,6607
15828,386,19312
15433,129,6484
14758,58,2946
14917,61,3054
16125,43,2196
16125,154,7720
16186,118,5939
17474,33,1694
14537,38,1922
14537,90,4541
17364,101,5092
17467,22,1138
14372,274,13724
14555,196,9828
14401,46,2323
14655,11,556
16411,228,11422
17260,13,657
17260,13,680
17260,53,2686
14914,280,14031
15073,86,4334
14912,245,12276
14227,114,5732
14239,40,2037
17144,40,2030
15894,160,8034
16446,138,6902
17206,252,12613
16801,55,2788
16894,172,8644
15251,139,6989
14890,116,5841
16946,22,1146
14944,65,3274
16468,105,5299
14890,53,2677
14828,55,2797
15426,75,3800
14985,45,2296
17482,5,279
15117,124,6222
15391,289,14472
16925,104,5215
16864,134,6714
14383,3,154
14383,25,1293
14383,25,1295
14546,69,3468
15466,170,8533
14729,177,8863
14367,86,4311
15092,80,4017
16459,59,2984
16232,135,6778
14760,45,2259
15484,335,16792
14965,102,5132
14884,165,8256
15801,192,9626
16749,30,1527
16749,67,3377
14231,0,48
14231,21,1065
15715,106,5342
17522,57,2868
14915,174,8714
14760,13,672
15975,133,6678
14760,53,2682
14401,38,1933
16821,124,6236
14464,201,10066
14139,239,11969
16453,94,4733
17388,10,507
17388,23,1162
17518,10,516
14971,59,2989
14971,103,5156
14956,56,2810
16141,44,2245
16731,78,3932
16731,276,13845
14569,29,1459
14342,130,6538
15949,119,5952
14117,18,928
14257,185,9295
17309,112,5614
14652,12,610
14245,51,2588
15450,50,2514
15450,230,11535
14549,33,1663
17111,209,10475
16874,66,3323
16736,51,2568
17313,228,11449
14806,4,208
14146,14,714
14140,36,1805
16266,242,12119
16387,91,4590
16387,155,7774
17352,312,15602
16040,67,3385
16978,476,23807
14642,73,3664
14878,156,7832
15528,174,8747
17332,32,1616
15828,69,3496
15689,18,917
15053,137,6895
14695,15,778
14196,61,3077
14270,223,11163
14609,203,10195
15330,18,912
14768,63,3178
14643,268,13431
17488,256,12849
16834,63,3193
14216,49,2496
16091,46,2304
16091,56,2847
14259,110,5515
14874,226,11344
16878,86,4340
16878,193,9665
16298,79,3986
14801,256,12836
15462,24,1226
16382,0,18
16382,11,565
16382,16,836
14719,3,184
14938,216,10809
16962,11,592
14610,300,15008
15689,114,5741
14873,305,15283
14942,44,2208
17467,101,5093
15292,41,2075
15457,199,9958
15799,272,13631
15783,316,15802
16312,68,3442
16125,30,1543
14277,174,8744
14277,197,9859
16666,104,5224
15875,35,1774
15859,87,4368
14149,9,453
14149,9,483
14149,134,6733
14877,187,9359
14315,4,231
14329,36,1839
14802,80,4010
16831,40,2037
14543,296,14847
14784,56,2807
15128,2,136
16963,113,5652
14393,25,1288
14795,27,1392
17524,90,4517
17536,3,152
14124,242,12113
14544,279,13986
17057,78,3950
16144,150,7525
14919,53,2690
16739,26,1330
14760,30,1537
17109,142,7118
17111,168,8442
15290,4,236
17522,65,3258
14798,12,608
14798,46,2303
17479,11,557
14401,143,7184
14682,1,68
14682,73,3699
15273,62,3128
14902,74,3734
14902,189,9464
14212,189,9479
14722,69,3453
14722,69,3484
17505,53,2698
16731,350,17526
14427,165,8265
14427,165,8284
15960,463,23170
15923,85,4297
14271,102,5127
16161,50,2531
14401,219,10980
14912,142,7108
14916,77,3851
16996,10,516
16963,95,4784
16088,71,3570
16067,106,5335
16199,43,2199
16199,50,2548
16883,101,5082
14743,119,5985
16122,283,14170
14436,159,7993
14206,92,4609
16352,475,23783
14798,29,1466
16685,59,2984
16125,222,11135
14243,89,4476
15872,4,238
16874,433,21688
17312,108,5435
17194,70,3534
16470,23,1186
14425,124,6218
16683,30,1526
16441,53,2665
16134,259,12960
16340,28,1433
14452,48,2401
14452,48,2437
14989,86,4311
16978,105,5261
16978,105,5286
16978,359,17962
16446,88,4401
16378,35,1755
16826,149,7489
16685,50,2525
16323,26,1310
15111,207,10396
15900,18,920
17356,11,575
14418,13,655
15975,22,1120
14401,145,7272
17491,23,1175
17240,255,12786
15006,10,528
16949,127,6357
16432,39,1986
16432,64,3244
14983,2,113
15946,58,2915
17055,295,14788
15683,20,1026
14716,85,4260
14985,22,1140
17556,66,3337
15529,240,12050
14279,297,14874
16817,23,1198
14936,2,129
14202,38,1917
17125,16,843
17125,49,2469
17043,109,5486
17228,49,2470
17228,49,2490
17228,51,2599
15878,17,860
14805,149,7460
16063,144,7236
15273,83,4163
15273,166,8337
14383,33,1682
14425,7,377
14425,162,8149
14712,118,5917
15246,74,3717
14556,77,3883
15422,112,5649
16935,82,4147
15801,108,5448
17532,11,597
15093,15,776
15093,15,786
16453,130,6518
16453,254,12723
16584,27,1397
15489,156,7810
17517,176,8848
14526,148,7415
17056,198,9933
16394,21,1092
16225,90,4533
16847,42,2145
16776,186,9305
16776,186,9337
14392,190,9520
14463,20,1028
16584,63,3168
16724,110,5540
15264,134,6741
14463,12,620
14463,169,8460
15516,94,4715
14556,304,15224
17534,132,6622
16992,39,1969
16992,59,2956
14257,195,9792
15355,44,2212
15355,44,2226
16301,81,4065
16301,135,6789
15061,153,7663
15061,153,7664
16290,76,3825
14884,24,1207
17193,33,1677
17137,104,5229
17523,32,1628
16117,82,4140
16888,465,23271
15410,42,2141
15967,46,2338
17391,17,879
14924,182,9111
16952,34,1718
14358,50,2550
16994,245,12252
16222,81,4082
17004,236,11822
15496,59,2974
17114,88,4424
14451,7,359
15486,181,9073
17023,235,11796
17504,31,1575
17504,31,1596
14611,3,163
16536,3,184
16536,94,4743
14569,47,2391
16858,64,3203
16858,105,5276
17453,45,2300
14558,252,12634
16720,105,5253
15479,222,11108
15927,89,4482
15133,11,589
15133,20,1036
17506,2,114
15923,309,15467
15504,18,936
17494,74,3707
16962,135,6782
14816,148,7446
16595,5,282
15590,316,15808
15960,88,4408
16683,45,2295
14452,70,3508
14452,119,5990
17195,116,5818
17458,132,6615
14549,84,4240
14965,132,6606
14369,116,5836
16685,156,7837
14261,22,1117
16038,95,4782
14556,22,1105
14888,23,1155
16453,230,11550
15949,25,1282
16008,169,8482
14866,10,508
14291,102,5105
14291,161,8075
14291,161,8094
14945,10,534
14945,24,1248
14410,105,5271
14878,121,6094
16888,88,4417
16080,48,2425
16087,23,1161
14917,39,1962
14702,1,69
14134,240,12013
14134,256,12847
15227,37,1858
16843,3,158
14814,144,7207
14998,199,9962
14998,204,10203
14468,0,42
16524,380,19018
14392,166,8344
16919,129,6451
16919,486,24302
14721,87,4356
14418,98,4946
14149,100,5050
14149,201,10068
16889,133,6682
16210,29,1493
17494,192,9613
15588,21,1070
15588,21,1098
14250,48,2438
14642,55,2763
14642,85,4285
14902,0,29
16588,59,2982
17205,210,10505
14376,81,4072
14272,40,2045
17287,5,283
16835,52,2611
16191,27,1376
15466,29,1480
16021,9,453
15228,18,907
16970,80,4043
16970,116,5814
16340,290,14545
14279,272,13602
15517,108,5447
16188,72,3608
15254,130,6546
14725,107,5357
14725,144,7246
16301,160,8038
17208,105,5286
15361,38,1914
15783,81,4093
15136,3,155
16428,133,6682
17303,4,233
16203,33,1656
15925,4,222
14749,294,14732
15590,318,15936
15877,124,6207
16312,20,1042
16312,89,4462
14903,222,11116
14644,26,1313
14644,50,2543
15291,24,1212
15291,305,15279
16298,53,2655
17055,447,22394
14274,61,3082
14545,117,5865
14541,202,10122
14464,117,5876
16420,41,2051
16994,129,6455
17361,346,17337
16173,208,10449
17451,58,2912
14802,32,1617
15160,73,3676
16731,317,15857
14455,172,8601
16405,11,590
16458,15,797
14356,45,2278
16934,106,5350
14410,235,11775
15426,102,5108
15403,107,5370
15403,114,5724
15727,12,634
15774,343,17170
16633,5,255
16633,8,410
16121,47,2362
17524,307,15387
14773,8,402
15954,327,16364
14261,12,617
17524,268,13422
15989,373,18696
14159,127,6377
14246,58,2931
16428,226,11328
16340,251,12558
14819,3,158
15106,192,9603
17497,223,11176
14153,32,1623
14807,201,10081
14644,224,11234
14816,13,682
16776,192,9601
16786,24,1223
16888,368,18410
14548,98,4919
15593,42,2112
15053,11,558
15877,61,3074
15877,189,9491
16634,13,690
16199,234,11710
14521,22,1137
14512,4,203
14921,37,1896
16509,6,319
14556,255,12796
16219,211,10565
16219,224,11214
14893,159,7999
14626,229,11463
14805,240,12031
14888,185,9251
16685,29,1481
15859,348,17411
14716,71,3552
14347,64,3219
15135,4,217
16668,88,4444
14818,116,5823
17535,16,811
17055,332,16612
16107,18,908
15478,356,17811
16826,202,10129
15987,51,2553
16078,14,701
14914,179,8955
14914,205,10296
14544,121,6091
16117,7,374
16117,51,2592
17419,68,3438
14218,2,136
14772,256,12850
14219,18,908
14790,37,1865
14790,70,3532
14796,72,3647
14796,105,5253
14760,131,6575
17271,88,4445
16826,352,17648
16890,79,3975
17560,57,2859
14770,106,5307
17305,10,515
16169,25,1264
14878,186,9332
17027,21,1095
14875,4,238
14805,37,1857
14644,81,4094
15589,223,11169
16935,187,9371
16744,260,13030
16744,270,13520
16685,146,7338
15073,142,7148
17313,150,7509
15390,6,337
16172,208,10411
16172,444,22212
14410,68,3427
14410,214,10745
15500,49,2478
17371,87,4377
14223,140,7027
14223,183,9168
15099,54,2737
15099,144,7216
16994,243,12179
17458,3,182
17458,114,5718
14327,35,1769
15588,216,10803
14891,128,6438
17260,31,1574
15500,120,6018
16904,3,166
15054,14,707
15961,85,4287
15099,47,2389
17268,5,295
16386,8,443
15061,46,2308
15762,214,10744
16310,323,16194
16466,100,5013
16960,226,11346
14271,166,8323
16071,11,598
16071,80,4048
14445,14,731
14541,38,1927
15966,98,4931
15966,379,18963
15061,232,11643
14812,300,15046
14886,2,125
14886,32,1611
15398,372,18606
15160,39,1974
14789,130,6524
14789,138,6929
14899,58,2947
14976,12,639
17139,39,1981
15377,92,4632
15009,0,35
15009,29,1497
14133,0,34
14138,68,3421
17534,136,6832
14985,99,4953
15591,150,7515
17309,89,4454
15031,17,866
17505,144,7216
16877,116,5838
14452,51,2580
15422,144,7210
14807,301,15071
14644,132,6636
14644,179,8993
14538,35,1789
16856,46,2337
14631,36,1807
16094,187,9356
15297,7,379
14772,18,912
14772,124,6232
16341,311,15581
16341,410,20536
14368,47,2374
14436,55,2761
14293,223,11152
14293,223,11190
16437,258,12912
16849,192,9610
14792,2,130
14900,26,1318
16466,18,919
15415,21,1083
15415,21,1086
17488,304,15244
14797,28,1423
15883,12,618
15160,175,8775
15160,370,18511
17132,92,4645
16469,38,1943
15528,175,8800
14654,86,4316
16199,313,15686
17482,118,5948
16993,176,8820
14216,53,2668
17004,235,11752
15466,147,7372
14269,149,7495
15415,94,4710
14553,170,8521
14117,30,1511
14117,39,1989
14641,141,7099
14807,63,3173
14558,118,5946
16666,97,4876
15528,210,10546
16793,27,1364
14537,117,5860
14758,193,9678
15677,84,4236
17457,75,3754
15282,96,4843
16867,30,1538
17083,47,2393
14881,119,5973
16023,212,10643
15780,40,2027
15502,82,4113
14597,136,6838
16551,194,9746
15236,0,29
15236,110,5505
14715,27,1372
15279,133,6696
17522,112,5607
14756,71,3554
14564,127,6397
17210,124,6226
17218,36,1801
16158,288,14446
17352,30,1522
17036,154,7750
16727,217,10883
17001,33,1661
17001,48,2401
14227,116,5835
17137,66,3344
14667,93,4664
14427,37,1890
17313,136,6831
17373,100,5046
17506,77,3865
15528,202,10117
15528,205,10276
15133,67,3378
14924,213,10689
16058,221,11083
14878,94,4750
16144,57,2882
14207,41,2085
16337,1,93
14410,7,399
14290,119,5967
14157,31,1593
15351,51,2580
14805,297,14892
15961,334,16706
15478,264,13240
17126,145,7258
16761,104,5247
15757,0,38
14771,262,13118
14771,262,13146
14338,279,13985
15713,108,5403
14195,202,10107
14195,202,10141
17495,76,3808
15428,66,3315
14245,47,2352
14135,50,2550
17239,24,1228
17489,251,12588
16370,0,44
16370,11,590
14377,181,9094
16944,158,7923
17365,9,500
16339,0,43
16668,61,3080
14363,175,8790
14631,151,7557
14631,169,8476
14637,86,4322
16312,212,10622
14981,143,7152
14981,250,12519
14741,289,14464
17451,10,516
15383,117,5851
16524,69,3464
14335,183,9187
14297,182,9127
14793,124,6221
14390,91,4598
16874,181,9061
15116,229,11474
15915,401,20074
15458,48,2416
16119,351,17591
17087,243,12197
14712,29,1466
14617,77,3889
14452,36,1827
14270,220,11006
17239,268,13449
15450,202,10124
15361,27,1352
15370,7,400
16826,189,9465
17036,248,12421
16022,284,14245
16022,389,19451
15877,133,6679
15151,308,15406
14545,3,159
14545,103,5154
16008,281,14068
15402,0,8
15402,15,788
17160,14,718
17552,87,4354
15330,105,5281
16400,29,1498
16451,14,704
14902,5,259
17524,236,11839
16094,120,6007
16422,7,352
15482,107,5381
14158,8,450
16036,453,22654
15466,55,2793
15361,97,4877
14243,26,1302
14243,53,2690
14243,111,5586
16119,386,19339
14746,144,7224
14746,294,14721
14207,21,1060
16186,173,8651
14467,114,5720
15129,42,2112
15129,42,2133
15593,47,2354
16951,131,6555
16951,167,8390
16711,72,3616
16472,86,4307
16472,93,4682
14202,100,5050
17065,23,1186
16298,21,1092
14551,301,15098
14174,181,9055
14913,176,8822
15800,156,7846
17043,39,1983
16036,220,11029
16052,160,8043
15916,534,26719
15403,142,7140
14139,31,1562
15254,79,3966
16089,449,22476
15588,107,5388
16524,217,10860
15496,32,1622
17173,0,5
15391,11,593
15391,173,8687
16041,188,9403
14993,106,5302
16824,17,865
16824,28,1440
14431,16,827
16910,75,3783
14542,169,8459
14542,226,11327
15496,91,4565
14329,229,11483
14799,65,3279
14774,84,4215
14774,84,4225
16075,2,144
16075,452,22645
14618,5,273
15097,140,7043
16471,127,6394
16448,70,3503
14925,270,13523
17489,146,7349
17489,166,8308
16469,23,1185
16469,54,2742
15862,234,11733
17077,65,3296
15302,15,792
16346,92,4624
16910,181,9063
16095,355,17794
14324,0,4
15348,34,1741
14583,27,1351
15382,39,1982
14590,46,2318
16874,117,5873
17373,110,5542
17373,167,8383
14611,97,4899
15785,304,15217
16888,542,27113
14788,86,4306
16856,12,619
17503,141,7078
16169,414,20748
17139,174,8729
16298,82,4139
15479,378,18907
16405,7,398
16405,26,1331
14609,232,11605
16205,484,24204
16031,28,1408
16805,77,3856
14990,80,4041
17312,67,3393
15529,68,3425
16075,391,19556
16075,462,23127
16329,16,819
15491,274,13739
15491,332,16634
15590,37,1894
16978,236,11836
15093,70,3506
15093,70,3536
16979,47,2368
14135,13,662
15369,9,481
15361,31,1581
14770,191,9591
16935,237,11889
16801,27,1354
16949,484,24210
14539,202,10106
15680,1,51
16858,83,4164
15383,236,11804
17518,30,1505
14672,20,1019
16417,25,1278
14272,46,2345
16101,155,7756
15138,58,2914
16529,40,2018
16006,58,2933
16823,136,6846
16823,138,6937
17394,6,323
14246,6,303
14246,6,314
15156,53,2674
14293,161,8082
16652,1,58
16652,1,96
16499,447,22362
17449,57,2900
17057,60,3028
15777,100,5039
14564,155,7757
17533,61,3089
14619,144,7211
14716,60,3046
14548,15,779
14548,185,9260
15301,92,4617
16846,52,2628
16421,61,3089
16424,285,14297
15093,98,4933
16853,140,7030
16506,71,3576
16473,47,2384
16970,26,1303
15106,169,8460
15264,148,7432
14772,81,4076
14216,106,5303
14216,106,5349
17475,78,3906
14607,15,767
14436,189,9459
17028,93,4675
14409,288,14424
14450,214,10717
15952,108,5447
14394,51,2565
14607,156,7826
16218,13,685
17470,107,5362
17251,12,640
17503,245,12270
15397,187,9357
14297,37,1862
14934,79,3965
15396,42,2146
14806,224,11232
14553,44,2244
14935,251,12552
15516,33,1655
14401,78,3906
16304,90,4525
15343,73,3686
17493,160,8025
17488,76,3814
14225,11,583
17361,274,13729
15014,71,3553
15150,14,739
16456,0,1
14759,17,877
15029,8,435
14643,241,12096
16522,11,554
14990,250,12542
15279,23,1193
15279,112,5646
14877,82,4139
14877,99,4957
14893,242,12113
15382,281,14093
15018,9,495
15018,12,621
15146,65,3288
15288,21,1078
14539,71,3591
16797,113,5670
14556,310,15515
14218,100,5005
14218,129,6463
16885,40,2014
16885,57,2873
16696,96,4812
16232,193,9684
15428,233,11668
14824,128,6427
14751,39,1955
16894,61,3092
16067,153,7683
16694,63,3181
16067,79,3977
16352,75,3794
17489,117,5862
17489,254,12727
17125,93,4681
17005,67,3376
15499,101,5074
17361,197,9892
16864,253,12655
16976,15,780
14909,121,6067
14909,135,6774
14909,135,6792
14909,135,6798
15402,49,2496
14764,119,5979
14724,16,822
17550,45,2264
16078,0,29
17307,70,3532
15970,144,7224
14407,35,1794
16218,18,935
14549,147,7358
14549,222,11146
16889,20,1001
15436,13,690
14329,201,10066
14771,216,10823
14984,2,122
14902,150,7507
15592,90,4504
15223,0,49
15223,36,1810
15014,14,706
14816,56,2812
14816,213,10690
14768,25,1277
14453,31,1591
15366,55,2788
16854,50,2531
16854,66,3328
17524,231,11588
14202,107,5353
14713,13,687
15930,14,748
15930,396,19845
14285,29,1465
14903,316,15840
16441,22,1112
16147,153,7686
16586,7,380
15683,82,4104
16666,111,5556
15345,281,14056
14263,30,1508
14263,209,10493
14220,26,1325
14220,56,2816
15416,81,4078
16586,86,4327
15396,149,7495
17413,237,11878
14406,26,1336
15099,199,9992
15099,199,9999
14129,30,1503
14129,30,1541
15486,70,3522
17090,29,1477
14959,194,9746
16304,94,4732
17451,91,4585
14212,116,5807
14607,73,3652
14455,141,7098
14455,155,7757
14372,278,13943
14706,18,932
17161,6,311
14915,14,732
14915,103,5155
14915,109,5470
14428,135,6761
14242,45,2295
15485,8,443
14795,57,2862
15442,106,5311
16486,179,8978
14559,161,8059
16089,309,15484
16022,473,23676
17474,72,3601
14901,31,1566
14901,133,6664
16036,110,5509
16036,364,18204
16952,19,992
15882,18,903
16807,31,1580
14784,77,3865
14784,92,4649
14159,226,11312
14987,20,1050
16715,97,4873
16219,287,14371
16115,90,4503
16160,115,5788
15323,10,545
14626,245,12297
17361,40,2049
14724,22,1134
16888,107,5376
16060,129,6462
14924,135,6784
15946,341,17079
14993,68,3420
16966,120,6027
16030,5,278
16030,5,286
16052,266,13325
14139,3,190
15315,98,4916
16802,194,9716
16802,258,12931
16802,347,17369
16008,192,9618
16850,0,35
14972,24,1228
14313,101,5078
15875,382,19108
14428,15,753
15486,63,3186
15916,56,2840
15397,133,6667
14981,71,3551
15778,177,8858
15902,64,3206
16134,521,26098
16341,186,9316
15520,21,1079
15520,80,4026
14916,31,1569
15282,57,2892
15383,218,10914
17140,72,3644
17140,96,4842
17073,123,6175
14548,151,7556
14548,188,9432
15774,376,18812
17044,40,2037
17011,237,11878
16744,207,10351
14974,21,1091
16489,127,6367
17398,145,7263
17498,22,1128
15986,250,12514
15147,136,6837
17239,144,7248
17328,67,3353
17536,25,1291
17536,25,1298
17536,27,1353
17470,9,470
14541,188,9413
14938,150,7539
14713,25,1294
15913,11,560
15877,99,4967
14793,137,6888
15328,219,10967
15328,227,11385
14949,20,1023
14949,20,1047
15495,19,968
15495,70,3540
14644,24,1246
14644,251,12575
14644,267,13356
16923,221,11085
14274,20,1048
16853,139,6964
14981,84,4214
14257,59,2978
15877,97,4860
14806,151,7552
16389,68,3449
16013,79,3994
16013,122,6109
15970,238,11935
16588,16,827
16588,55,2774
15234,3,186
15234,107,5364
15234,119,5952
14173,23,1156
14173,53,2686
16439,81,4082
16119,534,26742
14813,58,2931
14813,75,3763
16759,109,5457
14408,53,2664
15500,100,5036
14901,230,11502
14544,67,3384
14544,200,10049
15464,63,3155
14300,142,7118
14553,190,9539
14212,129,6491
14375,220,11013
14927,240,12008
15946,64,3226
17178,79,4000
15427,163,8166
14534,8,428
16184,28,1442
16839,36,1821
14760,24,1244
14807,7,376
16094,409,20456
14154,221,11054
14989,257,12870
14873,128,6418
14940,265,13277
14884,81,4074
17371,253,12697
16964,524,26213
16094,44,2225
16122,330,16511
17492,10,510
14878,50,2541
16312,48,2416
16312,150,7524
16150,138,6935
17449,23,1152
14985,71,3600
17339,208,10435
15482,118,5949
16472,6,332
15391,34,1727
15391,49,2472
16823,54,2720
15102,57,2892
14297,121,6056
15481,2,140
15481,7,374
16711,57,2865
14195,247,12399
15368,31,1577
15516,37,1859
16761,64,3232
14279,173,8665
15343,237,11882
15343,253,12659
14817,60,3028
14259,224,11220
16761,23,1156
16761,23,1165
14884,191,9554
14903,160,8009
17379,8,415
14968,34,1728
14924,141,7083
17371,273,13679
15498,133,6653
14935,120,6017
14664,60,3045
15361,182,9123
16075,8,407
14316,40,2004
14816,245,12253
15466,146,7328
15279,157,7876
16387,133,6690
14959,245,12259
15308,28,1434
14256,3,165
14279,18,947
17524,1,95
14212,246,12334
17333,27,1351
17333,35,1752
17522,11,553
17522,38,1904
16109,79,3977
16075,335,16793
15491,50,2539
15491,54,2710
15520,9,453
15057,66,3317
15057,80,4042
15057,85,4253
15774,484,24247
16141,245,12259
14134,116,5804
15970,438,21925
14715,12,637
16471,44,2240
14343,246,12338
15862,192,9647
15981,448,22401
14935,44,2204
14935,314,15749
16199,376,18847
15151,128,6424
15529,6,316
15529,76,3824
14259,25,1298
15450,220,11006
14664,145,7264
14985,60,3045
14915,188,9439
14736,292,14606
14223,111,5583
16807,159,7958
15792,231,11579
17503,84,4236
14870,275,13772
14376,4,222
14376,87,4358
14647,132,6621
15701,18,906
16715,112,5640
17249,186,9340
16845,79,4000
15464,158,7921
14775,101,5069
14125,22,1145
17340,5,284
15478,117,5869
16266,98,4908
16666,38,1913
16666,138,6918
14376,217,10897
15979,94,4721
14212,4,220
16051,206,10310
14149,11,557
14965,216,10838
15166,28,1443
16947,206,10346
14806,0,41
15931,17,862
14171,23,1170
14544,157,7855
14721,63,3172
17451,201,10057
16664,21,1077
16664,117,5866
14383,51,2575
17316,67,3384
16694,83,4195
15861,45,2259
14259,22,1135
17453,57,2874
14706,4,201
14706,57,2872
16494,14,716
14436,104,5248
14283,94,4706
14283,122,6127
17228,91,4574
14986,91,4572
16006,110,5522
16006,452,22650
14368,102,5103
14420,24,1249
16172,24,1242
14523,4,221
16960,147,7378
16026,44,2232
15061,12,604
14643,250,12549
14727,9,484
14824,197,9878
16529,46,2334
14139,225,11298
14139,233,11658
14749,130,6546
15353,80,4047
15930,501,25099
15527,18,924
15527,30,1543
16172,64,3202
16172,396,19831
14290,18,922
15931,338,16911
14884,62,3117
14884,223,11195
14775,19,963
14775,62,3115
15430,154,7711
15916,509,25471
16041,268,13433
16850,107,5379
15318,130,6539
17030,43,2200
14893,235,11763
16731,473,23687
15442,101,5062
14741,125,6274
14741,235,11760
14313,99,4960
14917,84,4213
14917,104,5237
14917,37,1888
16185,109,5465
16036,226,11314
15530,56,2833
14246,122,6106
14171,14,734
14754,7,359
17055,333,16685
15528,138,6907
14802,133,6656
14313,276,13805
14902,59,2977
14902,109,5466
15028,19,975
15028,25,1282
14396,0,29
14396,3,200
15785,324,16225
17100,190,9512
17137,103,5196
14587,22,1117
15471,35,1782
15986,196,9830
15053,159,7969
15983,198,9941
15484,205,10277
17482,96,4811
17410,30,1543
14907,109,5461
17144,139,6996
14401,189,9454
16172,379,18956
15014,68,3403
14202,45,2267
14637,180,9016
16525,12,636
16509,138,6920
16333,81,4096
14283,65,3265
17159,13,672
14539,145,7267
16095,12,607
14903,43,2180
16379,139,6979
16379,254,12736
16807,59,2994
15983,413,20697
14438,284,14202
17471,57,2883
14375,9,469
16381,36,1830
16159,131,6597
14995,1,76
14335,275,13790
14541,86,4302
16052,283,14180
17034,221,11054
15231,102,5104
16051,241,12072
14760,25,1266
14335,111,5564
14824,246,12341
15916,375,18767
15801,175,8786
15801,440,22009
16134,201,10053
14127,23,1189
14295,120,6009
14634,15,758
15919,39,1989
16439,75,3779
15592,56,2814
14940,51,2590
14940,155,7762
14139,57,2851
15486,133,6682
15154,226,11320
14336,94,4731
14632,93,4694
14790,54,2714
14790,143,7161
15292,60,3002
17034,155,7772
16058,278,13906
16058,281,14065
14925,36,1809
14925,50,2534
16994,140,7008
14956,2,121
14585,46,2305
17373,53,2679
14152,4,232
16530,7,389
15117,2,130
15146,74,3708
14274,42,2140
17251,222,11127
17111,91,4568
14873,161,8071
16394,33,1672
15701,372,18629
16935,346,17345
17028,184,9248
15489,207,10371
16428,375,18763
14743,138,6923
15383,169,8500
17389,34,1729
15701,138,6915
15097,196,9839
15343,13,686
14139,67,3371
14550,161,8094
14418,209,10456
15875,150,7516
16965,104,5238
14375,140,7034
17518,30,1505
17036,380,19017
14820,7,388
15708,50,2505
14828,142,7116
15517,104,5217
14134,261,13096
14675,80,4039
16387,34,1711
14903,153,7684
14464,255,12779
15954,334,16705
17275,11,576
16379,23,1192
17036,161,8063
15428,213,10659
14425,218,10939
16457,24,1234
14550,7,388
16795,169,8464
17034,106,5349
16761,215,10794
14469,21,1064
14123,14,707
14749,26,1303
17029,75,3781
14414,1,70
15279,140,7037
16391,29,1468
14873,73,3675
17301,56,2844
17301,74,3741
17301,89,4485
14195,257,12857
14798,34,1725
14798,42,2108
17440,69,3460
16818,118,5945
16853,112,5621
16853,180,9012
16431,17,882
14991,99,4987
14631,270,13502
15014,209,10465
17036,162,8116
16250,144,7223
16320,34,1707
16929,112,5643
16340,196,9821
17493,252,12621
15832,83,4167
17474,49,2458
15457,112,5643
17269,174,8713
14758,93,4664
16466,37,1883
16466,69,3474
15179,124,6224
16891,31,1584
16970,154,7732
14562,7,393
14227,111,5563
16919,412,20623
15396,66,3312
16341,274,13747
16583,138,6925
16266,352,17640
14899,22,1128
14202,52,2639
14202,131,6574
16834,115,5751
14935,81,4081
15227,31,1553
14751,25,1291
16966,57,2878
14881,107,5383
14942,170,8518
14942,172,8617
14774,29,1466
14280,54,2737
14527,43,2172
15092,104,5240
14912,239,11997
16424,85,4268
14367,71,3571
14529,53,2662
14545,79,3985
14545,93,4651
17372,12,643
16846,268,13428
14549,124,6249
14564,114,5743
16173,198,9901
17459,59,2981
14924,174,8706
16788,104,5204
15692,3,191
15463,506,25309
15092,1,97
17139,93,4686
16817,56,2816
17467,20,1050
17467,33,1700
14831,162,8116
16751,37,1899
15989,418,20902
14367,21,1094
14367,80,4032
16253,48,2437
14270,124,6221
16736,46,2311
16355,32,1628
15469,345,17281
16874,221,11057
14671,13,670
17457,156,7805
16544,136,6841
15149,69,3484
17174,18,923
17164,93,4671
16052,201,10095
16212,40,2001
14242,50,2533
15458,44,2226
14454,22,1146
14445,49,2461
16298,192,9609
16411,204,10248
14927,19,968
14805,207,10364
17495,213,10685
17495,213,10697
15983,380,19027
14388,82,4125
15147,74,3715
17491,37,1851
17004,276,13815
15146,18,935
17212,15,776
15415,91,4592
17471,25,1282
15266,59,2967
15975,50,2522
17356,126,6339
14463,175,8772
14463,191,9554
17361,3,180
14338,147,7366
16076,0,23
16823,123,6176
14157,175,8755
15407,114,5720
16125,87,4382
16125,149,7492
15166,305,15286
14164,28,1430
17237,231,11591
16138,16,816
16148,25,1288
17522,125,6261
14645,51,2567
17447,16,825
17447,52,2601
16186,187,9400
17489,36,1802
16975,264,13205
16975,264,13221
17194,13,690
14418,150,7514
16472,58,2929
15316,144,7238
15014,236,11842
17314,54,2710
16947,264,13224
14824,11,587
15878,19,995
15878,51,2578
15314,40,2047
14768,121,6054
17111,236,11849
17556,53,2691
15774,212,10609
15343,88,4438
16909,26,1343
16909,78,3916
14235,103,5153
15407,216,10848
14334,99,4998
14814,85,4273
15965,102,5144
17073,11,582
15927,119,5965
16994,146,7346
14369,111,5589
14909,75,3796
14816,111,5600
14816,123,6175
14816,262,13144
14824,196,9850
17087,217,10900
14645,42,2106
15061,83,4196
17552,220,11006
15324,19,986
15324,32,1643
15002,51,2556
14888,208,10430
14888,253,12669
14552,26,1326
14904,33,1689
14904,45,2293
16250,26,1337
15504,228,11409
16722,115,5777
15993,46,2323
14139,201,10062
16715,281,14081
16946,149,7478
14857,130,6521
16346,128,6443
15497,360,18038
14758,88,4450
15514,94,4701
14293,193,9651
16518,34,1736
14291,1,62
14531,69,3499
16949,354,17707
17169,130,6506
16570,95,4792
17371,247,12399
14154,147,7379
16929,96,4843
15163,29,1471
16008,94,4745
16891,28,1422
17100,107,5390
14956,82,4136
15397,195,9779
16292,33,1665
16023,499,24955
15425,218,10941
17414,141,7060
15927,53,2677
16036,436,21829
15086,170,8518
14335,42,2135
14335,57,2876
14335,149,7462
15267,31,1599
15489,102,5110
15489,102,5115
15273,136,6806
16134,325,16279
16134,499,24961
17028,138,6919
17028,138,6930
17309,68,3446
17309,174,8705
16499,429,21486
15762,302,15131
15054,52,2638
14148,149,7472
17249,260,13025
16199,191,9584
14143,67,3367
16307,17,885
16834,51,2578
16834,109,5467
14970,188,9423
15416,7,393
14807,101,5051
16889,59,2957
17031,24,1217
14802,141,7088
17389,45,2297
17470,133,6697
16741,359,17977
14873,145,7262
14907,213,10667
14907,231,11595
16467,23,1200
16467,71,3580
14291,97,4856
17232,65,3285
17488,329,16488
15677,356,17845
14985,44,2208
14985,130,6524
15466,10,504
15466,57,2876
14327,38,1904
14453,185,9267
14213,49,2483
14213,51,2562
15334,3,157
14127,44,2217
14127,48,2420
17150,15,793
14934,170,8547
15407,43,2188
17237,55,2773
14148,164,8224
14277,245,12296
15469,321,16077
14912,135,6756
14912,253,12688
14634,55,2785
15970,495,24754
15014,140,7041
16228,272,13603
15930,124,6246
16119,409,20460
14764,65,3281
17057,146,7313
17324,84,4204
16858,101,5058
14259,98,4935
14259,258,12913
14165,49,2473
17517,17,860
14527,51,2582
15151,215,10759
14912,292,14630
14903,94,4712
15767,18,921
16226,136,6830
15474,6,348
15244,10,519
14262,5,255
14968,26,1308
16715,377,18868
17057,35,1788
14918,37,1890
16122,48,2419
17478,181,9061
16410,166,8334
17397,36,1808
14585,40,2044
14900,44,2239
14884,70,3502
15917,497,24879
16161,47,2369
16573,213,10657
17469,32,1615
16065,27,1362
16453,75,3772
15713,158,7907
14802,38,1934
14802,168,8439
15933,91,4586
14445,62,3143
14671,4,237
16109,124,6239
16075,471,23582
14639,37,1889
15792,159,7995
15859,268,13427
17438,29,1491
15946,376,18805
16931,5,294
14682,58,2937
14539,194,9718
16693,70,3545
14956,155,7769
14956,176,8803
17380,56,2809
16818,70,3550
14316,17,896
15420,35,1773
14754,79,3998
14770,105,5259
15491,250,12543
14685,31,1551
16551,343,17197
14375,218,10940
14171,1,56
14990,230,11525
17162,68,3408
16769,141,7067
16769,155,7755
14959,143,7154
17364,24,1236
14724,45,2293
16252,209,10465
16315,45,2259
14551,96,4843
14218,149,7500
15790,49,2494
14455,293,14667
16147,30,1503
16119,54,2736
14317,108,5424
17280,9,500
16874,452,22646
15800,164,8208
15254,29,1494
14526,37,1855
17370,17,896
17406,82,4150
16169,381,19063
16199,148,7436
16925,46,2338
15442,81,4082
15442,187,9352
15299,43,2161
17552,173,8664
17552,60,3040
16879,4,231
14409,189,9483
14793,9,453
14793,78,3942
15592,22,1128
16295,84,4203
17484,76,3802
17484,182,9131
15411,121,6086
16379,87,4353
15960,382,19128
17040,2,142
15436,348,17413
16894,216,10850
16499,73,3696
14652,3,162
16122,351,17568
14218,114,5719
16526,27,1381
16526,27,1384
16160,82,4104
17162,61,3069
15677,260,13039
14993,190,9541
14949,71,3569
14807,154,7727
17137,181,9066
15314,21,1082
15314,32,1626
16840,81,4055
14541,3,183
14541,84,4216
14222,3,176
16094,258,12923
15113,20,1032
15966,132,6615
14410,151,7595
16266,260,13023
17452,20,1004
14259,177,8889
16210,125,6288
15161,183,9192
14824,121,6060
15491,287,14391
15238,24,1242
14990,208,10422
14729,129,6487
16341,230,11542
15981,481,24068
17404,4,224
17404,10,539
15398,258,12929
14276,16,836
17522,121,6078
15771,13,688
14580,107,5363
16585,64,3246
16888,419,20953
16888,419,20991
15590,194,9720
14949,15,764
14270,260,13043
14270,260,13046
15498,59,3000
15498,164,8209
15428,133,6689
16472,27,1362
15106,180,9009
16373,0,23
16544,28,1443
16544,104,5229
17134,35,1757
17440,143,7160
17478,73,3653
17098,100,5042
14979,53,2651
17239,214,10703
16040,32,1604
16693,123,6196
17132,125,6279
16167,238,11944
15870,41,2088
15870,231,11597
16141,91,4597
14194,52,2619
14194,73,3670
14260,110,5504
15336,10,507
16410,170,8510
15875,409,20453
16731,450,22522
16921,106,5333
16867,40,2035
14979,105,5267
15783,170,8516
14363,95,4793
14363,305,15271
14610,34,1724
14610,35,1754
15840,41,2084
14909,35,1768
14909,83,4186
14909,155,7783
16949,424,21236
15322,78,3926
16499,233,11658
14557,36,1843
14878,68,3440
14796,23,1200
17309,56,2826
15308,72,3608
14934,62,3115
14934,98,4948
17139,144,7247
14789,73,3661
16585,43,2200
14925,117,5867
14925,117,5885
16741,460,23041
17157,31,1575
15915,8,424
15915,326,16327
16023,426,21301
16420,52,2646
14139,40,2041
14745,138,6911
14439,43,2184
16446,350,17521
14260,177,8888
17111,225,11291
15114,74,3712
15114,122,6134
17555,4,231
17455,5,251
17482,68,3408
15960,129,6498
15960,280,14042
14553,83,4170
14220,22,1125
15794,175,8755
15697,0,36
16076,25,1284
16076,28,1441
16817,212,10632
14857,60,3047
14667,10,546
14543,88,4449
14543,241,12079
14883,32,1601
14463,14,722
14463,95,4772
16134,135,6761
14235,7,376
16060,100,5016
15469,267,13387
17371,302,15125
17371,360,18017
14733,19,981
16173,50,2538
17240,76,3811
14873,142,7145
15954,310,15542
14246,127,6356
14463,61,3062
17397,17,851
15828,496,24827
15504,218,10938
15682,45,2254
17134,76,3835
15872,56,2821
15592,144,7235
14916,45,2281
14278,26,1336
17407,66,3334
16544,113,5685
17132,210,10523
14662,215,10767
15774,350,17522
14436,197,9878
16313,91,4583
17371,549,27474
16352,154,7716
16352,265,13265
14257,35,1799
14812,94,4724
16176,62,3139
16227,288,14405
16160,100,5041
15482,94,4736
16389,99,4986
14654,103,5165
15463,471,23566
14219,44,2229
16231,37,1885
15511,247,12373
15677,318,15946
16431,199,9985
14549,191,9573
15115,28,1413
15115,96,4803
15115,96,4841
14763,24,1202
17559,119,5955
15989,67,3364
15529,264,13249
17232,31,1572
15118,40,2041
15118,193,9696
17494,114,5731
16944,1,65
16944,96,4848
16944,105,5260
14550,196,9828
15249,99,4961
15528,176,8806
16648,2,107
15930,295,14800
16141,220,11012
14915,25,1279
15877,14,748
14263,183,9190
16210,86,4332
14664,159,7986
14246,73,3660
14246,97,4851
15530,47,2382
16052,413,20668
15395,96,4816
16107,108,5426
17239,5,252
17239,132,6621
14901,108,5426
16923,31,1565
17547,19,982
16797,76,3828
15930,66,3334
15930,155,7778
14806,103,5168
14814,114,5724
15496,4,242
17070,146,7301
17448,32,1650
15291,266,13301
16008,429,21483
17521,62,3133
14772,238,11925
15961,66,3339
16184,39,1962
14553,240,12038
14218,92,4642
15416,33,1686
15484,247,12400
15323,38,1901
16322,10,549
17373,61,3072
14548,194,9729
15960,424,21223
15497,35,1768
17087,205,10298
16036,34,1734
16036,189,9466
16036,189,9488
16798,148,7426
14564,147,7364
16232,130,6512
15462,20,1038
14942,19,962
14376,145,7290
17056,77,3851
15348,274,13750
14425,115,5773
15052,15,761
15052,25,1278
15966,126,6349
15115,105,5296
16428,467,23367
14438,185,9296
16949,273,13685
17494,175,8784
14653,58,2916
16883,7,391
16117,52,2628
15713,19,983
14469,3,158
14417,13,676
14297,298,14908
16052,105,5287
15412,116,5817
15516,77,3859
14610,130,6537
17463,3,198
17028,181,9068
15931,5,261
17488,93,4658
16843,13,693
16854,43,2199
16752,61,3074
15486,345,17286
16520,77,3852
14148,200,10033
15322,52,2607
14377,217,10881
14377,217,10898
16826,183,9195
16826,418,20948
17005,180,9028
16952,114,5750
16952,122,6141
15500,181,9061
14729,167,8360
14965,57,2853
14257,80,4002
15369,196,9806
14263,2,110
14263,174,8729
14693,44,2249
16389,54,2702
16389,149,7499
15259,36,1803
14527,25,1262
15279,25,1260
15154,147,7392
15590,315,15754
16313,346,17347
15145,90,4537
17186,38,1910
17092,16,808
16394,51,2587
16317,35,1784
14774,40,2014
15249,60,3041
17132,337,16883
17400,49,2456
14891,119,5959
14453,174,8706
14585,17,855
16846,197,9890
14127,259,12954
16511,78,3937
14459,47,2369
14459,80,4035
16786,105,5281
14903,246,12338
16489,110,5547
14135,37,1894
14135,52,2639
14912,176,8801
15279,94,4715
14468,15,786
15901,70,3532
16092,174,8704
14774,208,10402
14550,282,14122
15484,278,13925
14277,315,15764
14609,300,15047
16746,50,2520
16841,92,4606
17282,68,3443
17552,44,2235
14139,216,10813
15917,16,850
16965,192,9629
14707,43,2152
16058,62,3140
15074,12,649
15790,35,1789
16964,266,13321
14914,31,1594
14368,73,3669
14368,145,7275
16378,120,6043
17087,282,14101
14818,1,70
17220,5,271
17220,48,2449
14741,182,9130
16963,203,10169
14934,168,8413
14313,225,11269
17100,54,2716
14148,195,9764
16379,99,4994
14200,0,14
15897,32,1610
14583,4,208
14216,75,3794
15416,102,5107
14886,92,4603
14886,127,6382
14886,130,6513
14907,78,3938
14990,125,6297
14390,104,5208
14390,120,6038
15423,31,1555
14807,94,4733
16666,157,7854
16852,240,12035
14634,146,7337
17401,89,4452
16442,122,6105
16442,165,8263
16544,133,6688
15345,272,13649
15516,115,5777
15591,104,5244
15591,159,7985
14174,64,3248
15859,318,15914
17169,178,8920
15527,10,517
15527,32,1635
14450,98,4931
15345,139,6989
15345,163,8180
16078,36,1817
16960,76,3802
16263,20,1042
16301,68,3441
17005,143,7160
17005,196,9835
15345,0,32
14539,143,7163
15801,453,22659
14938,245,12275
16446,347,17399
15473,85,4278
14590,11,575
14334,103,5154
16821,383,19190
14806,1,74
14902,33,1693
14637,44,2238
16514,77,3862
14553,43,2185
15861,19,971
15861,46,2325
16798,64,3247
15287,66,3345
14222,53,2695
14772,229,11482
14218,107,5372
14927,0,18
14997,53,2654
15382,147,7358
14959,301,15073
14790,207,10361
14335,189,9482
16584,12,631
14260,33,1692
14550,124,6218
14692,3,184
14603,26,1315
15167,130,6513
15167,171,8570
17494,106,5326
16952,78,3916
15368,86,4330
15762,142,7114
15762,253,12670
15930,1,56
17406,113,5694
14886,49,2488
16225,120,6029
14243,42,2135
16889,86,4348
15923,426,21335
15588,359,17982
16013,40,2031
17352,202,10126
17352,285,14263
16317,138,6933
16782,0,49
14736,7,368
17488,138,6920
14196,4,208
14196,4,234
15803,104,5229
15161,199,10000
14644,102,5117
14644,252,12631
16410,59,2959
16379,132,6637
14138,40,2028
14138,74,3747
14165,72,3650
17103,44,2225
16232,57,2877
14551,139,6962
14603,90,4513
14603,211,10578
15792,28,1414
14154,10,524
14154,69,3453
15391,244,12206
16978,410,20504
15774,452,22617
16109,52,2637
16425,54,2733
16874,403,20152
16850,2,126
16850,213,10666
16850,213,10690
16939,9,494
17056,140,7019
14644,168,8440
14644,219,10967
14298,12,633
16158,227,11394
14976,37,1869
14976,60,3029
14789,123,6198
17497,103,5179
17311,140,7019
15266,54,2732
15266,58,2918
16428,121,6070
16051,179,8963
17256,6,344
17256,20,1023
15246,65,3279
16027,7,375
16741,332,16617
16022,40,2048
15061,108,5447
14148,206,10348
15862,304,15216
15497,89,4491
17349,84,4248
14587,119,5969
17478,53,2667
14342,299,14975
14438,95,4770
15895,7,373
14795,17,856
15931,448,22447
14428,89,4493
17095,34,1742
14940,1,55
16746,61,3070
16530,15,772
16975,196,9847
14379,62,3145
15877,65,3253
15509,42,2107
16298,27,1397
17410,21,1070
15484,45,2274
15484,45,2296
14217,4,223
14623,223,11152
16834,233,11656
14975,198,9910
16883,32,1641
16104,43,2191
16504,113,5681
15776,1,88
16332,48,2408
14789,100,5049
16666,147,7381
16666,147,7389
14938,151,7594
16656,2,121
16570,92,4611
14772,265,13277
15120,40,2027
14991,10,511
14235,36,1837
15989,162,8112
14824,318,15927
15383,207,10386
16797,154,7730
14782,48,2437
16205,14,750
17101,78,3935
16067,118,5933
16203,72,3636
14799,85,4263
14134,76,3847
14390,11,595
15318,162,8141
16962,64,3203
16962,174,8717
15415,311,15594
16250,49,2487
15102,50,2522
15986,226,11346
16006,308,15443
14423,23,1192
16051,74,3744
14816,69,3481
16520,36,1843
16331,66,3346
16331,102,5116
15348,227,11369
14281,255,12768
14812,229,11488
14942,131,6590
14942,324,16209
16167,256,12803
16205,212,10615
16467,9,477
15910,194,9719
15297,223,11183
15271,19,975
15466,73,3662
17451,39,1960
14785,47,2359
14785,58,2905
14372,305,15262
16864,44,2247
16668,114,5708
16668,114,5750
14335,179,8963
15391,66,3347
16935,128,6432
16096,81,4053
14427,180,9034
15392,82,4116
14425,13,678
14590,102,5144
14590,102,5147
16467,79,3957
14159,193,9690
16847,134,6730
16524,29,1495
15021,13,655
14621,71,3560
15098,37,1891
14367,269,13485
14631,222,11107
17493,62,3109
15900,221,11069
15799,234,11715
15922,20,1028
14455,95,4769
14940,39,1962
14902,72,3608
15339,72,3640
14965,302,15125
16060,164,8215
17132,78,3908
17132,472,23643
17132,474,23724
14569,132,6608
16134,44,2237
16851,259,12996
14756,113,5651
14756,113,5698
16507,68,3417
14174,167,8371
14632,43,2171
17370,1,51
17467,108,5441
14820,22,1106
14290,135,6766
16006,448,22417
16006,471,23578
14342,192,9606
14342,192,9646
14124,207,10361
15464,66,3348
15295,1,82
15295,7,389
15353,124,6244
14980,32,1646
17011,347,17373
16751,158,7906
17313,229,11464
16322,36,1803
14877,216,10822
14467,137,6869
17338,53,2667
14642,29,1491
15530,55,2796
17237,58,2939
14746,17,898
14423,6,306
16583,281,14090
15792,73,3685
14968,31,1562
16540,17,865
16125,32,1607
16125,32,1648
16650,3,175
14924,194,9749
16685,150,7504
16731,140,7039
17156,95,4763
16411,232,11608
16965,250,12532
16965,324,16233
17308,29,1497
17552,235,11760
15484,236,11824
16348,6,311
16348,17,873
16552,39,1987
16036,47,2359
17101,81,4057
14888,13,698
14143,50,2516
15394,54,2719
14445,21,1080
15319,20,1001
16425,9,464
16425,17,856
16425,92,4630
14745,0,19
14745,130,6529
16122,391,19551
15495,0,37
17178,72,3629
17178,92,4612
14543,286,14324
15398,134,6736
15367,96,4841
16122,182,9119
16122,313,15660
16340,279,13984
16759,221,11084
15592,179,8959
14634,47,2375
16511,163,8165
17517,42,2128
15073,167,8363
14734,8,409
14935,319,15997
14935,319,15999
14450,129,6495
16852,93,4661
16585,56,2842
15986,91,4600
15554,62,3115
14209,49,2484
16828,32,1645
14904,43,2154
15449,49,2495
16524,335,16762
15398,241,12060
15915,419,20955
14257,183,9168
15902,84,4250
14925,172,8602
14771,33,1692
16846,18,913
16846,120,6012
16846,170,8534
14321,56,2835
15242,9,479
14948,241,12086
15591,193,9652
16172,400,20016
17231,1,68
15356,0,24
14942,17,878
14942,152,7621
14329,103,5152
16374,67,3394
15834,104,5219
15834,152,7645
16929,23,1194
14384,15,772
14741,78,3924
16964,304,15227
14464,182,9135
17452,98,4909
16586,119,5977
16232,189,9476
16750,111,5588
14813,2,134
16588,240,12046
16350,2,127
15946,411,20560
14222,0,36
16529,45,2282
17222,8,407
14220,54,2740
14209,140,7010
14376,34,1742
14891,31,1565
16978,144,7233
17156,101,5099
14526,111,5565
14546,111,5571
17372,80,4009
17372,90,4529
14551,143,7161
17070,71,3575
14790,55,2753
14790,55,2759
14888,54,2722
14445,66,3342
14687,3,178
14687,11,574
17250,39,1962
14295,94,4730
14295,101,5080
16920,55,2775
16036,232,11620
17083,104,5214
17056,340,17033
15432,155,7755
17128,51,2553
14452,101,5071
15677,371,18586
14886,8,436
16073,204,10237
17550,1,71
15423,27,1395
15161,43,2154
14342,156,7813
14342,156,7837
14342,222,11149
14915,37,1887
14369,94,4716
14801,278,13906
14464,203,10164
16006,455,22765
14942,87,4369
15924,22,1149
17489,116,5827
16951,129,6499
15588,52,2602
16141,36,1818
17011,320,16013
17492,42,2143
16553,69,3489
17034,182,9132
15478,37,1896
14644,243,12166
14805,153,7662
14805,153,7675
16551,400,20022
16727,50,2520
16727,308,15415
16403,5,269
17493,173,8675
16075,320,16026
14541,152,7645
14541,201,10094
14956,266,13321
17344,109,5500
15267,43,2165
15478,13,668
15478,106,5329
15484,101,5074
15987,64,3212
15987,119,5986
16075,98,4910
16052,448,22435
16052,461,23090
17552,158,7907
16888,267,13380
16540,35,1764
14585,51,2562
16721,34,1724
15530,23,1195
15530,165,8263
15074,59,2960
17267,160,8042
14937,32,1630
16586,145,7259
14432,7,380
16751,57,2883
15792,230,11517
16036,396,19819
15433,110,5530
16346,124,6247
15179,82,4125
15366,6,346
17452,5,263
14760,38,1946
14557,42,2107
14557,62,3122
16118,75,3797
14927,41,2080
16664,62,3126
17418,50,2550
15949,187,9387
14542,28,1416
14409,80,4024
16119,372,18623
16160,65,3268
16742,52,2618
16262,12,617
16262,64,3250
14392,219,10972
15970,255,12797
15970,520,26029
14291,31,1599
14291,53,2653
17239,143,7155
17239,143,7178
15256,7,355
15794,20,1003
14130,3,177
16008,309,15471
16028,454,22745
15957,73,3693
14746,302,15125
14283,13,660
14139,198,9930
14139,236,11841
17186,73,3661
17361,117,5887
15093,124,6232
15395,61,3068
16013,3,176
17410,58,2928
14290,191,9558
15440,6,316
17556,60,3009
14654,82,4125
15345,55,2783
14940,318,15914
14959,225,11293
14959,291,14582
14959,295,14797
17312,92,4614
17312,222,11133
14901,120,6047
16901,102,5104
16041,242,12115
14555,86,4313
14555,220,11021
17352,171,8551
15778,109,5489
17210,176,8841
15154,134,6712
15900,214,10730
16187,56,2828
16205,478,23940
14751,10,509
14149,25,1262
14149,43,2185
14356,75,3759
14356,263,13198
14165,37,1858
15591,15,779
14152,22,1112
16378,176,8845
15933,225,11267
16158,147,7397
14893,94,4717
16005,8,422
16934,66,3305
15921,100,5039
17239,216,10837
14377,33,1656
14377,245,12284
16583,265,13268
15497,3,186
16109,64,3207
16849,8,433
15166,78,3933
14545,15,783
17509,87,4355
17055,49,2497
16919,518,25919
14212,100,5036
14882,56,2849
17459,42,2110
16820,7,367
14975,51,2565
14975,68,3424
14899,148,7448
15774,353,17695
17408,65,3255
17267,91,4587
14922,1,80
15762,133,6686
15930,254,12703
16122,333,16664
16336,66,3341
16842,7,366
16842,36,1815
16842,42,2116
16075,29,1462
15877,107,5390
16446,124,6215
16242,233,11667
14279,103,5170
15497,244,12207
16387,5,293
16923,212,10606
16581,29,1465
17144,140,7046
14989,217,10886
14512,15,791
14512,22,1132
14343,42,2112
16552,89,4489
17070,7,377
14274,18,948
16909,94,4734
15339,192,9631
17493,81,4092
15437,15,752
17440,152,7636
14399,107,5394
14399,116,5850
16923,257,12880
14392,222,11120
16341,250,12545
14564,164,8242
14436,206,10327
14658,61,3080
17266,11,565
14548,32,1628
17474,1,87
14695,48,2414
14428,159,7974
16160,128,6417
14549,121,6079
15935,105,5289
17564,54,2742
16491,19,1000
15457,230,11527
16250,17,853
17489,156,7840
14729,121,6100
15430,155,7790
16013,160,8037
16013,202,10115
14673,43,2157
17287,134,6722
16203,254,12713
14336,64,3216
16410,122,6150
15355,1,97
14642,105,5299
14537,109,5473
14998,45,2293
17056,371,18574
16258,35,1796
17137,11,582
17344,48,2420
14743,5,275
14743,116,5820
14450,265,13269
16006,367,18368
16878,227,11397
14831,70,3502
16489,198,9901
17341,104,5246
14403,90,4513
14403,90,4537
15970,43,2173
15862,319,15957
16759,137,6854
14266,5,286
14266,20,1049
16802,199,9952
14445,103,5178
17364,34,1724
15427,108,5427
15427,140,7006
15981,364,18246
17503,106,5342
17440,85,4284
14220,19,954
14940,182,9105
14664,136,6840
14746,203,10193
14746,204,10222
14746,209,10475
16926,159,7982
14552,131,6555
14553,242,12122
17169,91,4570
16440,8,419
14747,8,405
15308,27,1369
16919,496,24845
14124,193,9685
16225,240,12015
14917,87,4369
14917,95,4797
15057,117,5895
15961,352,17616
14393,17,854
14298,22,1110
14298,27,1376
14298,27,1390
14278,45,2258
14278,53,2698
17308,43,2200
16499,291,14567
16874,387,19380
17327,171,8570
15270,40,2018
16331,62,3127
14467,108,5447
14467,255,12751
16993,163,8170
14569,194,9749
16950,72,3617
14751,38,1936
17309,51,2597
16444,115,5789
14377,91,4556
16685,117,5852
16685,117,5889
17361,213,10680
15064,36,1828
15318,28,1434
15683,1,71
14940,73,3663
14549,36,1811
14211,89,4479
15501,55,2761
15415,264,13247
14725,131,6586
16542,27,1381
16864,145,7289
16882,42,2114
14749,8,443
14209,57,2863
14209,124,6223
15463,419,20957
14625,5,297
14625,43,2185
14625,61,3055
14425,131,6600
14637,117,5887
16384,6,317
14891,69,3456
14891,129,6460
15497,91,4561
14886,27,1351
17265,6,347
16298,45,2256
16888,127,6389
16888,428,21437
16888,461,23081
16410,72,3609
16410,139,6983
14942,32,1647
17075,123,6160
15927,308,15441
16304,64,3210
16836,35,1762
16199,198,9932
14904,16,841
14902,86,4330
16198,79,3982
16198,152,7610
14151,118,5928
15465,88,4445
16203,253,12678
16769,65,3257
16051,53,2653
16051,270,13521
16222,20,1043
14157,100,5032
15343,132,6646
15960,161,8084
15960,528,26413
16340,175,8784
14970,82,4144
15511,200,10037
15511,261,13096
17132,512,25604
14143,61,3078
14870,176,8804
16231,47,2371
14754,94,4738
14754,94,4749
14619,152,7636
17383,504,25227
15762,57,2897
14409,226,11329
14409,226,11333
16532,49,2488
15140,95,4760
14527,62,3110
14609,256,12823
16518,62,3127
14358,21,1059
17361,340,17011
15153,132,6627
16693,227,11395
16094,385,19280
14938,210,10543
16142,16,839
16142,26,1313
17208,116,5815
16008,147,7370
16008,225,11260
16849,23,1161
16890,22,1131
14828,33,1662
16225,111,5551
14904,7,365
15960,430,21529
16527,39,1989
15073,36,1845
14805,127,6376
14279,48,2403
15054,3,193
15054,158,7938
16666,70,3529
14206,42,2103
14206,110,5524
14888,206,10337
16060,185,9254
16546,103,5178
14153,97,4890
16304,172,8601
16267,89,4474
14277,34,1718
14277,34,1722
16458,20,1027
16458,127,6387
15369,273,13678
14924,17,863
15428,106,5328
14277,324,16246
16303,113,5665
14376,25,1291
16089,229,11462
16089,274,13732
16834,240,12001
14431,63,3184
14770,159,7956
14770,234,11731
14770,263,13166
16364,0,11
15509,65,3265
16853,177,8877
16921,174,8706
14343,106,5314
14343,191,9569
14134,38,1933
14358,190,9508
14358,247,12374
15979,1,61
15858,15,785
16874,328,16406
14432,68,3438
14940,55,2799
16118,85,4290
15901,306,15316
17459,214,10740
14642,83,4181
14584,60,3027
14986,90,4505
14958,40,2033
14979,87,4383
16993,42,2107
14409,91,4582
14409,286,14318
14927,76,3847
14927,141,7074
16117,55,2787
16826,96,4806
17414,178,8907
14431,48,2409
17100,109,5459
16869,61,3064
16869,139,6997
17162,7,393
17255,13,656
14174,85,4267
14541,8,450
14541,177,8897
14541,207,10358
15355,0,47
17458,145,7278
16022,457,22862
14550,295,14759
15301,13,668
14521,90,4503
16119,63,3193
16119,63,3197
15928,11,564
14196,19,989
14805,12,637
17503,252,12630
14807,260,13044
14807,289,14485
15065,22,1131
16231,11,592
15554,89,4498
15466,0,12
14214,38,1902
14899,119,5996
14410,65,3268
14410,197,9893
17209,42,2124
16119,327,16388
16175,35,1772
16310,264,13244
16310,316,15808
14130,31,1585
16138,4,225
15880,52,2638
16134,365,18290
16166,10,538
16932,66,3307
17114,43,2152
17171,3,186
15981,455,22767
17336,0,2
16894,161,8053
16346,321,16071
17451,309,15487
15348,275,13792
15458,83,4176
15465,19,966
17125,110,5533
15940,75,3764
16579,51,2566
16504,56,2804
16363,0,1
15916,65,3297
16578,39,1978
16578,45,2292
15271,9,460
16883,138,6908
15251,107,5364
14376,180,9044
14713,45,2263
14407,28,1409
14438,257,12890
14438,257,12896
14816,285,14278
15933,168,8444
14899,99,4970
14899,233,11684
16857,3,170
15236,132,6637
16802,93,4665
16008,338,16935
14637,39,1999
14622,47,2387
16583,234,11726
16022,492,24622
14722,206,10306
15361,155,7772
14410,146,7336
15738,1,89
15439,43,2167
15466,241,12083
14246,128,6445
14246,140,7021
15463,356,17809
15335,124,6231
14997,57,2859
17036,356,17836
14126,1,92
17488,60,3040
14902,98,4919
14902,318,15933
14796,17,882
14796,25,1286
14639,36,1833
16846,229,11463
15930,68,3413
15930,151,7559
16013,21,1075
16159,26,1308
15113,118,5937
14824,297,14855
16125,244,12221
16387,165,8277
14907,86,4349
17208,44,2242
17004,167,8354
15073,102,5122
17471,53,2664
14369,2,129
15145,123,6160
14206,72,3631
17530,21,1083
16150,31,1586
14907,67,3378
16685,174,8746
15151,63,3192
16741,461,23069
14342,157,7859
17204,186,9331
15923,241,12058
15334,15,792
17457,66,3328
17056,239,11996
14212,157,7867
14134,33,1692
14134,172,8630
17555,43,2157
16975,228,11423
16878,59,2951
16878,66,3312
15940,47,2395
15941,6,317
17495,255,12776
15330,116,5836
16051,105,5295
16446,281,14060
14551,71,3566
14464,49,2451
14902,124,6231
15978,32,1632
16964,97,4887
16089,243,12174
16089,283,14171
16013,197,9894
16134,278,13909
14543,143,7190
16301,95,4763
15181,15,777
15369,61,3055
17493,6,323
15463,443,22174
16546,15,781
15800,63,3168
17476,10,503
17476,43,2168
17514,28,1449
14824,7,395
14824,163,8183
16776,141,7084
14259,164,8210
15473,231,11583
14918,82,4115
14918,135,6769
14912,118,5904
16583,102,5132
14336,41,2077
14336,102,5116
14873,195,9770
14774,261,13088
17488,115,5788
16431,196,9806
16731,272,13624
14467,89,4464
17533,26,1346
16978,168,8419
16751,36,1836
16073,266,13335
16052,211,10560
15351,33,1671
17400,66,3329
16028,62,3138
16878,213,10697
17447,48,2431
16888,511,25577
16841,65,3251
16841,80,4050
14130,20,1003
16685,79,3985
16685,79,3999
16685,136,6809
15407,276,13811
17190,3,199
17556,51,2552
17505,77,3900
15867,152,7610
15954,181,9091
16134,436,21826
14271,191,9577
16319,27,1395
15312,4,237
16858,127,6371
14546,151,7566
16317,130,6537
14981,229,11466
17394,7,353
17091,66,3305
16232,148,7418
14626,41,2091
14795,2,125
16735,29,1483
17156,55,2786
16305,19,959
16125,65,3277
15350,68,3402
16148,298,14948
16749,47,2360
15294,33,1695
14372,66,3334
15241,2,145
14123,67,3368
15530,156,7812
14980,88,4429
15469,149,7481
15469,149,7484
17339,51,2585
14734,148,7436
14742,32,1645
16693,251,12570
16916,96,4824
15940,123,6189
17191,17,864
17191,36,1823
16746,152,7612
16821,47,2371
14463,88,4443
17249,35,1756
14172,28,1410
14542,249,12497
14542,278,13924
15061,174,8722
14548,74,3714
14953,0,36
14953,11,573
15486,102,5127
15486,118,5941
16209,95,4769
14758,42,2144
15554,39,1952
16052,21,1056
15915,432,21645
15931,196,9824
15409,60,3009
15432,46,2307
15128,135,6754
15128,169,8453
16874,2,108
16874,48,2425
15436,162,8122
16978,472,23617
16962,49,2495
16962,144,7224
16172,272,13644
14450,292,14627
15002,89,4485
16942,35,1781
15590,183,9177
16509,71,3586
17011,45,2278
14409,4,239
14196,54,2741
16222,97,4880
14470,38,1935
16321,11,574
14134,8,430
14902,3,195
16874,113,5660
16874,491,24553
14376,140,7015
17134,46,2302
17103,62,3148
14909,115,5766
15471,46,2330
14980,112,5610
14805,134,6740
14729,116,5821
16807,38,1918
16292,90,4510
16860,1,79
14877,25,1259
14877,137,6891
16173,51,2586
14626,34,1733
16065,32,1640
14195,211,10560
17210,191,9573
14537,25,1271
16247,51,2570
17172,80,4005
14920,27,1361
14283,87,4356
17055,275,13778
14893,271,13593
14552,13,678
14623,227,11393
14245,90,4516
17057,114,5745
14726,107,5389
17306,37,1853
17424,19,975
15501,40,2014
16146,12,605
14749,7,371
14749,113,5658
14152,55,2764
14152,76,3828
14152,178,8945
16553,63,3176
14685,34,1746
14551,140,7028
14903,274,13720
15923,296,14834
15415,44,2217
14149,7,362
14149,194,9735
16986,102,5111
16310,240,12045
16323,10,528
14209,47,2355
14298,117,5880
16883,66,3309
14816,201,10065
16963,264,13203
15713,65,3262
15265,19,963
15265,25,1265
14749,191,9562
15458,100,5004
17132,336,16848
16668,63,3189
14734,102,5128
14734,226,11334
16935,16,803
16935,444,22220
14469,18,945
14469,138,6938
17195,95,4793
14956,14,702
14956,20,1036
14956,128,6402
17314,66,3330
17313,172,8630
16798,37,1881
15463,320,16031
15511,134,6724
14607,9,496
14607,168,8433
15948,43,2174
14768,143,7179
14609,119,5953
16144,27,1385
15946,311,15571
15946,311,15575
14814,123,6190
16471,61,3067
17134,44,2244
15943,68,3443
15701,222,11108
16524,89,4486
17146,47,2375
14468,23,1164
14897,158,7943
15931,514,25736
17120,33,1660
14692,30,1521
14692,30,1548
16023,375,18771
16023,377,18875
17394,235,11795
14758,171,8560
15497,8,411
15497,373,18692
16920,64,3248
16386,40,2005
15117,13,689
16529,49,2490
14902,184,9229
16696,175,8753
17460,7,382
15970,22,1137
14796,58,2950
15182,17,896
15182,85,4254
16994,20,1010
14989,308,15443
16714,54,2743
16205,247,12351
14279,47,2372
16169,248,12424
15093,73,3690
14741,251,12562
14967,106,5327
14721,118,5936
16468,98,4939
14356,66,3337
16786,78,3923
15689,256,12812
16869,34,1737
14734,32,1641
14734,71,3560
16250,153,7667
14938,239,11989
16472,7,388
17400,200,10008
15266,20,1024
15430,112,5618
14942,37,1899
14942,40,2020
14925,197,9891
17093,18,931
16867,213,10674
14557,102,5136
15422,123,6187
14970,107,5353
14559,4,241
14431,85,4273
16520,57,2893
17560,151,7568
14774,10,518
14541,194,9708
16585,190,9530
14610,160,8030
14877,6,318
15482,89,4453
14290,17,883
14368,250,12504
14772,144,7227
16122,474,23747
14223,30,1526
14223,64,3229
14954,34,1729
14954,39,1998
14748,7,400
17186,54,2725
14261,6,326
14642,109,5470
14134,16,846
16301,9,484
16301,103,5200
15397,38,1950
15397,61,3093
15391,30,1550
15909,197,9882
16926,66,3338
15250,82,4128
15413,78,3924
14279,214,10750
15447,80,4022
15328,163,8173
14652,187,9388
15422,161,8098
16187,52,2604
16187,53,2678
16715,332,16641
15140,70,3528
14989,37,1856
14362,8,445
14362,71,3569
16802,355,17790
16741,301,15095
14194,57,2875
16761,148,7447
16761,257,12880
14425,211,10562
16851,261,13098
14219,25,1281
15360,60,3040
14882,91,4566
14224,22,1120
17459,123,6199
16333,9,469
16333,31,1575
16464,15,773
14601,8,409
16473,97,4896
16473,97,4896
14601,8,409
16464,15,773
15955,14,743
14908,6,305
14908,7,356
17217,116,5849
14205,23,1189
14935,82,4124
15961,314,15714
15961,335,16753
14609,30,1507
14891,54,2735
14891,215,10799
15529,294,14725
16451,24,1205
16826,34,1717
14873,6,341
14873,126,6317
14225,22,1143
17488,43,2152
16835,28,1424
16742,37,1868
14623,49,2498
14623,77,3893
16668,92,4612
16947,16,828
16950,18,945
17353,26,1331
17271,121,6100
15486,230,11529
17458,149,7471
16576,7,400
17373,12,620
15152,43,2196
15152,57,2875
15436,320,16015
17447,122,6135
14886,166,8301
16749,23,1188
15343,302,15149
16949,353,17660
17435,48,2410
15031,28,1433
15291,12,622
14888,176,8842
15910,29,1470
14441,7,394
16864,239,11977
16715,197,9880
15965,394,19718
17306,52,2622
17344,27,1388
15828,14,727
17334,22,1143
17087,279,13999
15931,462,23137
15074,163,8187
15469,132,6620
14899,72,3620
15361,61,3089
15361,61,3097
15150,77,3852
14600,9,461
16481,42,2140
16839,29,1464
16444,87,4365
14874,0,36
16439,97,4896
15497,193,9675
14712,160,8028
14884,216,10822
14754,89,4490
15150,16,803
15150,62,3136
15150,71,3597
14418,4,213
15348,79,3962
14743,91,4597
16760,11,553
16022,76,3846
16226,35,1782
16330,27,1353
14273,5,275
16709,32,1622
15440,30,1521
16835,152,7637
14418,276,13818
14332,51,2575
16453,98,4949
14886,36,1839
15339,170,8524
14903,22,1136
14903,124,6203
17552,250,12519
15484,345,17253
14980,178,8929
14584,184,9221
16305,43,2152
15421,54,2708
15421,258,12915
14903,218,10933
14768,60,3018
16965,223,11189
16006,50,2548
16932,36,1802
16225,135,6781
16826,159,7956
16845,486,24335
14793,148,7421
15491,212,10625
14427,59,3000
15859,224,11222
14631,298,14908
14888,166,8308
17469,59,2967
14935,45,2279
14935,76,3850
14935,282,14106
14639,35,1757
14956,134,6747
15425,138,6947
14425,169,8493
17470,37,1864
17470,37,1880
17470,144,7205
14756,124,6233
14177,26,1336
14177,30,1501
16878,26,1345
15504,53,2674
14392,194,9737
15489,150,7540
16795,28,1430
16795,84,4233
14148,75,3787
15339,274,13709
16741,451,22597
16741,498,24925
14281,66,3317
15301,14,710
16585,13,668
14884,31,1593
16858,146,7317
16858,252,12605
16013,170,8544
15961,31,1555
14909,80,4025
16761,323,16179
16431,171,8571
16036,294,14733
16411,25,1280
17231,14,742
14611,189,9467
14989,20,1025
17534,102,5143
15149,107,5368
16022,133,6668
14938,62,3123
16058,91,4570
14644,111,5569
14157,16,826
15873,237,11858
17482,18,913
16506,196,9844
14927,98,4904
16458,56,2816
14283,55,2784
14174,109,5486
17413,160,8027
14985,2,107
16161,115,5786
16059,123,6187
17469,72,3603
14376,189,9469
14376,208,10408
14376,262,13105
14376,308,15403
15805,1,56
15923,469,23465
14568,16,846
14568,20,1014
17004,270,13513
16960,112,5611
16960,180,9001
16160,254,12744
15875,432,21620
14281,152,7626
17360,91,4574
15099,84,4235
15099,141,7070
14535,96,4830
14300,139,6997
14555,24,1223
14555,204,10211
17302,32,1645
14816,34,1750
16919,304,15231
16749,41,2060
16749,98,4930
14212,242,12127
16339,100,5018
15354,12,647
16888,457,22885
16147,92,4642
15966,222,11140
14223,225,11263
14152,269,13458
16036,54,2740
15382,13,654
17083,65,3260
14551,8,447
14908,0,25
14908,34,1724
16852,156,7817
14418,86,4315
15428,92,4626
14211,79,3983
14530,9,487
14142,13,684
15382,240,12017
16006,456,22834
16889,169,8451
17493,269,13464
16960,48,2447
16960,151,7579
16960,159,7953
14212,193,9661
15463,428,21446
14750,23,1194
14914,192,9604
16751,260,13041
17029,48,2408
15116,20,1024
14209,24,1218
16446,353,17666
15808,94,4702
14152,152,7636
14907,169,8466
17224,50,2545
14814,133,6654
16907,10,549
16481,44,2222
15460,49,2473
15460,85,4261
16134,491,24574
17419,61,3065
17419,63,3160
14899,155,7756
14935,269,13457
14857,176,8831
16793,78,3950
14468,43,2184
14816,178,8917
16809,95,4755
16950,63,3157
17530,117,5862
14915,59,3000
16524,390,19540
14216,65,3290
14428,80,4005
16759,188,9417
14619,95,4772
14123,53,2686
14245,158,7901
15970,50,2539
15428,172,8620
17459,44,2240
15960,439,21965
17093,117,5861
17394,168,8408
16765,14,703
14281,216,10849
14325,13,684
15876,57,2895
15876,60,3002
14772,155,7773
17413,182,9146
15484,3,176
14780,28,1424
16836,88,4446
14203,50,2535
17457,74,3749
14942,169,8452
14796,108,5421
17351,21,1097
14343,125,6264
14343,284,14205
14231,2,147
16305,17,888
14806,130,6527
16121,5,290
15715,21,1073
15486,197,9889
16757,11,589
16757,23,1163
16877,121,6080
14940,272,13603
14375,5,262
14886,169,8459
17077,175,8758
14223,231,11558
16200,105,5259
16200,124,6243
16759,120,6013
16267,119,5976
14824,120,6011
17559,20,1001
14329,284,14249
15792,222,11112
17435,2,112
16109,13,671
14746,0,17
14746,3,178
17308,93,4696
15960,333,16657
15010,14,720
14313,233,11652
15915,261,13061
17164,69,3452
16869,47,2352
15031,8,423
15254,87,4363
14139,175,8794
17387,6,319
15465,17,871
14922,4,215
14546,50,2538
14965,304,15240
14779,126,6317
16089,346,17308
17557,28,1433
15382,267,13353
15777,29,1452
15966,146,7318
15316,212,10628
14790,36,1839
16022,466,23314
16067,69,3474
15877,194,9720
15715,177,8880
16845,489,24490
14149,147,7367
16906,69,3481
16081,78,3911
15502,95,4778
14564,33,1665
14558,112,5647
15383,32,1619
15592,182,9138
17440,153,7655
14886,119,5972
15361,150,7526
15361,202,10140
16468,162,8113
16874,481,24095
16978,254,12704
16022,438,21927
17494,247,12370
14195,20,1018
17489,200,10029
14143,65,3277
14143,117,5889
14123,58,2931
14123,113,5657
16108,16,841
15715,78,3947
16524,365,18298
16038,11,587
15954,124,6225
16400,17,869
15422,158,7918
14938,39,1978
14938,197,9882
17075,108,5444
16116,22,1126
15500,103,5160
15720,16,844
14553,129,6488
16883,139,6990
15070,3,167
15070,4,229
15415,185,9259
16948,293,14698
16588,146,7348
14450,54,2704
14450,70,3535
16693,115,5770
17489,245,12280
15966,289,14480
17326,81,4057
14148,186,9323
14980,102,5108
14338,211,10573
14399,96,4814
14399,181,9055
14360,22,1148
15128,109,5469
17011,337,16884
15254,8,442
15398,192,9630
15246,174,8737
14880,124,6232
16047,12,605
14459,106,5341
14420,7,360
14693,42,2133
14990,30,1518
17469,89,4476
16923,176,8815
16036,331,16561
15383,91,4564
14774,18,949
14774,217,10876
17418,24,1229
15323,87,4392
14713,10,548
14453,26,1311
14453,50,2501
16878,216,10803
15482,87,4398
14989,32,1635
16817,223,11153
16023,51,2556
16023,68,3408
16023,68,3446
16021,164,8239
17137,218,10930
15915,282,14146
16115,147,7390
16064,1,96
14831,161,8088
15932,38,1906
17023,173,8666
14926,64,3237
14944,12,617
14944,59,2957
17328,31,1555
15382,274,13723
16839,78,3907
14891,135,6799
14558,155,7755
15351,24,1250
15970,31,1590
14814,181,9090
14980,7,391
14764,33,1661
14764,33,1665
16714,76,3813
14806,93,4688
14335,109,5470
14297,193,9670
15130,10,517
14774,77,3858
14774,120,6042
17055,132,6636
14957,24,1232
14957,72,3618
15800,106,5345
14122,35,1781
14399,117,5875
14270,269,13475
14388,64,3212
15590,365,18267
14609,273,13658
16023,475,23769
14301,185,9268
15591,120,6030
16951,75,3757
16951,75,3768
16951,108,5432
14959,45,2291
16858,136,6821
14793,119,5986
15975,5,271
15975,109,5467
14887,74,3708
17237,97,4871
17302,118,5934
14915,142,7145
16978,215,10778
16978,285,14288
15427,226,11317
14611,132,6616
14989,223,11195
17338,107,5387
14275,65,3275
15057,76,3844
15368,110,5534
14914,189,9480
14779,108,5410
14912,273,13657
14432,28,1423
16172,138,6909
16172,205,10259
15778,131,6563
16437,170,8515
16602,26,1337
14399,106,5342
14399,172,8639
16298,117,5874
15106,156,7837
16137,66,3327
17352,174,8749
14453,215,10765
16687,2,107
14891,221,11092
16858,114,5749
14736,97,4860
17139,191,9580
16493,26,1333
14934,105,5280
16776,35,1766
15702,13,691
14944,25,1269
16797,70,3545
16955,38,1925
17217,100,5035
15311,39,1987
15464,129,6471
17100,134,6709
17448,88,4434
14763,25,1288
14763,124,6227
15242,15,791
14768,187,9359
15554,47,2362
14224,47,2353
15894,177,8894
15794,211,10575
16028,225,11253
16028,474,23727
14369,107,5362
17307,48,2416
14493,3,161
15591,175,8762
15301,104,5219
14920,110,5516
14743,21,1094
17372,116,5831
15074,154,7725
14542,159,7987
14382,25,1253
16118,90,4545
16788,23,1190
16326,29,1479
16326,53,2659
16326,53,2663
15074,33,1678
16946,94,4708
14122,90,4547
15981,152,7625
14277,79,3998
16976,52,2607
14693,44,2249
14973,19,957
14759,1,90
14816,225,11265
14768,36,1820
16750,97,4882
16761,46,2302
14771,2,106
14589,1,96
16946,25,1263
17206,273,13693
14956,198,9924
14301,120,6016
14274,41,2097
14818,38,1915
15345,250,12501
14980,197,9890
15360,91,4593
17520,0,38
14775,22,1110
14643,27,1379
14643,213,10693
14388,76,3809
17508,21,1054
17196,4,221
15086,29,1466
16888,134,6717
14539,53,2651
14379,15,769
14379,36,1813
17324,63,3194
14825,1,73
14825,2,144
16621,4,237
17036,140,7034
15014,184,9246
14641,18,914
14654,128,6428
14654,231,11567
16583,243,12180
16052,106,5327
16052,449,22471
14707,33,1685
14707,59,2982
16340,333,16697
17240,166,8343
14123,0,11
14539,18,923
16058,257,12872
17413,267,13382
17413,322,16150
16536,52,2603
14552,132,6639
16424,146,7320
14172,27,1369
17004,92,4605
17360,108,5439
14301,177,8861
15966,68,3447
15065,14,742
14986,143,7193
14947,9,466
14947,12,620
17361,343,17156
16389,43,2164
16389,122,6129
14277,126,6321
14631,176,8849
15931,367,18355
14725,126,6336
14297,27,1363
14297,258,12922
16960,128,6449
14828,121,6064
16783,110,5519
15801,278,13920
16437,123,6179
15257,113,5686
16934,50,2522
16934,96,4807
15353,40,2043
15474,64,3250
14643,233,11683
15286,10,515
14559,79,3994
14559,146,7319
16913,7,372
16913,37,1855
16742,26,1305
15465,9,475
15465,12,646
14537,85,4262
15073,110,5522
14919,100,5021
14550,302,15130
17070,171,8596
17475,175,8779
16209,125,6267
17034,99,4960
15457,194,9731
16352,206,10328
16023,214,10746
16242,254,12734
15058,0,41
17557,132,6616
16092,17,872
17132,434,21704
14623,229,11452
15927,124,6226
16696,41,2080
17561,203,10186
14274,165,8283
16867,193,9674
15345,114,5714
16935,266,13323
14559,192,9613
16148,13,699
16986,103,5154
16788,19,991
15378,15,799
17371,319,15978
14636,164,8246
15416,50,2548
14824,281,14066
14673,24,1222
14673,42,2142
15529,210,10534
16428,377,18858
16314,56,2828
16845,86,4317
14586,28,1405
14632,20,1033
15163,44,2203
16011,15,798
14874,242,12109
15902,65,3270
14942,194,9720
16185,46,2326
16659,8,436
14418,74,3713
16463,6,335
15778,113,5685
17194,71,3562
16762,28,1412
14356,64,3212
16533,11,595
15762,72,3650
15762,323,16152
14467,256,12825
15361,18,908
15915,244,12230
15345,69,3493
15421,111,5591
14295,60,3006
14295,122,6140
15987,213,10692
15223,33,1656
15223,33,1681
14542,76,3821
16266,80,4046
15965,217,10871
14271,180,9009
16581,260,13046
14553,243,12185
14521,26,1316
17308,88,4413
17517,76,3837
16298,112,5625
16826,127,6378
17226,52,2601
14662,99,4951
14676,3,158
15343,245,12267
17339,263,13162
14227,47,2353
14427,233,11699
17111,147,7360
14542,123,6198
15799,41,2055
16808,8,429
16571,52,2644
16150,125,6252
14637,80,4027
14488,23,1186
16573,318,15904
17251,128,6418
17251,128,6446
16459,73,3671
17371,389,19456
15986,274,13706
17001,39,1971
14329,211,10577
15828,184,9249
15828,464,23211
14754,39,1963
16738,131,6557
16798,20,1043
16092,20,1045
15308,36,1814
17457,108,5417
15803,99,4951
14458,80,4027
14758,170,8521
14517,1,94
14907,8,421
17309,117,5882
14886,99,4991
15242,0,29
15242,43,2155
16947,1,93
17383,230,11538
17383,549,27452
14335,283,14168
14394,20,1047
17338,81,4069
14412,5,251
16067,208,10427
15297,256,12810
15297,265,13295
14335,16,805
17135,66,3309
16101,111,5584
17078,56,2807
17267,1,91
17046,76,3812
17075,12,627
16473,98,4948
16473,131,6553
16298,42,2142
17307,8,447
16232,60,3038
15432,127,6360
15432,240,12023
14272,22,1109
14622,45,2269
15783,122,6131
17124,69,3462
16378,139,7000
16378,274,13701
15035,3,187
15509,7,371
17142,14,707
15785,299,14977
17186,0,7
17186,52,2634
15915,101,5069
15491,17,899
14658,46,2320
17550,8,404
17550,59,2952
16122,47,2373
14564,96,4833
14564,103,5158
15590,240,12025
16935,71,3576
15500,40,2024
14925,212,10613
15316,27,1383
14870,56,2833
14870,56,2844
14870,311,15591
15981,191,9551
15920,3,163
15846,167,8391
15474,69,3480
14291,191,9566
15442,160,8046
15828,378,18915
17397,11,584
17195,6,314
17087,222,11106
14617,15,756
14438,80,4020
17361,218,10946
16041,286,14311
15529,138,6915
15801,33,1693
15421,62,3150
14535,20,1034
14971,117,5884
16437,126,6348
16378,136,6837
16948,208,10422
17400,197,9873
15156,7,380
17494,285,14274
14940,176,8846
14149,5,275
14824,126,6319
14948,146,7301
14747,4,246
16440,96,4824
14545,162,8142
16242,138,6939
15279,138,6936
14955,15,775
15489,1,55
14177,33,1697
14940,49,2458
16022,453,22686
16022,498,24925
14609,42,2139
16219,233,11681
15801,77,3891
14453,48,2434
16299,66,3347
16551,118,5918
16847,82,4134
16847,109,5473
16581,110,5527
14135,4,238
16425,4,202
16231,34,1701
16454,1,92
14337,17,856
17248,388,19402
16040,48,2416
15289,38,1946
16878,67,3358
16125,88,4418
16036,369,18478
15395,65,3255
16425,36,1818
14467,81,4067
16506,128,6430
15369,87,4398
15369,120,6029
15355,13,654
15355,69,3496
14985,136,6814
14899,178,8933
16963,34,1731
16852,36,1801
16852,101,5086
15002,30,1508
17451,7,389
15875,3,180
16744,61,3078
14291,221,11053
14291,221,11089
14467,43,2197
14212,24,1222
14212,60,3019
14899,128,6414
14873,188,9434
16847,46,2308
14725,12,614
16964,234,11713
15844,8,401
17475,68,3449
14551,221,11073
16886,67,3365
14740,16,832
17367,29,1498
14597,84,4242
15257,30,1504
15257,39,1989
15464,116,5843
15913,33,1676
16551,222,11131
14135,43,2184
14970,128,6409
14891,46,2346
16099,8,426
14746,76,3811
14746,199,9987
15783,304,15241
15102,43,2174
14939,12,615
16424,19,990
16023,305,15290
14965,256,12803
14641,142,7109
14749,132,6608
14269,172,8602
16203,186,9322
16741,77,3896
17002,23,1160
17229,22,1133
17172,33,1695
17520,13,699
15166,311,15584
17109,119,5964
17089,15,762
14195,12,636
14195,217,10894
15060,34,1736
15060,34,1743
14356,259,12969
15927,112,5605
16749,51,2562
14824,82,4101
17488,254,12740
17488,297,14852
17488,297,14862
14467,224,11231
14291,175,8770
15182,82,4131
14891,48,2413
14891,113,5700
16073,77,3853
16352,64,3247
17448,129,6485
17067,18,923
15803,33,1676
15919,37,1889
14458,113,5694
15111,191,9555
14367,262,13134
14597,137,6879
17410,9,494
17338,79,3965
15501,19,974
16722,149,7484
14873,19,977
14399,180,9044
14399,183,9153
14271,54,2717
14611,77,3890
15117,202,10143
15151,190,9514
17250,16,815
15960,344,17222
14275,111,5568
14336,75,3770
16935,435,21761
16826,398,19927
16095,24,1223
16386,20,1017
16761,39,1988
15710,7,353
16446,41,2083
16446,278,13916
16228,186,9305
16410,21,1100
16410,67,3384
16338,62,3135
16434,61,3072
17306,78,3927
14652,199,9963
14652,238,11904
15297,64,3216
15297,93,4698
15917,418,20921
14615,3,151
14615,33,1680
14874,139,6994
14874,161,8086
16218,24,1219
14721,7,382
16583,37,1876
17028,40,2040
15859,94,4722
15511,174,8734
14611,63,3155
16162,49,2489
15588,278,13903
14464,260,13048
14125,75,3790
17400,173,8653
17339,364,18205
16092,183,9192
17353,27,1357
15432,64,3235
14467,18,922
14467,51,2579
16518,42,2140
14824,58,2933
14367,1,51
14367,1,62
14367,118,5929
15931,264,13219
16664,70,3512
16666,184,9225
16440,19,986
17279,28,1420
16013,82,4140
17011,20,1005
14156,5,291
16744,93,4684
14368,213,10691
14368,241,12080
14368,293,14652
15799,251,12576
14368,75,3780
15460,43,2196
15243,52,2640
15293,68,3438
17478,166,8305
15917,187,9373
15428,222,11139
16948,134,6716
15267,132,6618
16022,44,2243
15348,175,8780
16440,129,6499
16891,136,6848
15339,185,9295
15780,44,2211
14557,70,3520
17195,46,2323
17453,62,3103
16746,38,1905
16746,114,5745
16583,110,5537
16583,214,10737
16583,272,13602
15966,50,2548
14721,18,907
14721,78,3909
17132,121,6064
17132,435,21799
14927,104,5203
14712,253,12667
17494,49,2494
17494,164,8234
15086,174,8738
15393,32,1626
14372,59,2990
15297,3,189
16340,368,18427
15398,365,18283
17489,41,2053
17056,189,9471
14988,7,376
14988,11,582
16021,395,19760
15504,208,10439
14564,94,4717
14967,52,2610
16022,363,18192
15231,137,6859
15092,51,2590
14409,48,2439
16023,74,3733
16802,299,14990
15391,234,11727
15149,28,1430
16172,164,8241
14453,13,657
16063,93,4680
17101,48,2445
17475,15,778
14899,194,9739
16467,115,5763
15160,224,11210
16434,39,1994
16059,125,6265
15086,94,4717
14647,79,3982
14647,103,5157
14647,131,6598
17077,9,474
15836,24,1243
16063,50,2541
16006,91,4596
16094,499,24995
17479,22,1130
17249,369,18460
14459,82,4121
15116,150,7510
15433,132,6635
16013,74,3743
16013,177,8875
17339,267,13370
14524,8,401
16517,92,4602
14959,150,7538
17249,102,5148
17249,157,7869
15368,36,1835
14235,11,572
14235,115,5760
14884,118,5946
15528,66,3338
16839,49,2494
17077,195,9779
14644,142,7109
17354,29,1499
17493,3,191
14812,151,7580
16158,473,23698
14401,142,7105
15801,444,22231
16148,1,100
14986,242,12137
15133,51,2568
15433,136,6818
14802,173,8683
16515,10,527
17492,72,3639
14467,149,7483
16058,254,12741
14623,11,593
14148,111,5554
16470,100,5006
17112,123,6152
17125,0,41
17125,106,5301
14882,17,895
14882,137,6856
14569,163,8155
16102,21,1078
15128,64,3206
14968,21,1065
15484,370,18528
14945,38,1915
14307,14,725
14664,36,1839
14664,40,2003
14664,40,2006
15737,10,522
14399,100,5038
16008,274,13727
14246,181,9092
17070,206,10329
14209,12,608
15875,301,15073
16067,150,7549
15148,0,3
17109,51,2572
15785,269,13478
16579,73,3664
16842,2,142
16842,88,4448
17357,48,2423
14212,19,997
14212,209,10455
14712,137,6899
14918,104,5210
15589,145,7287
15589,324,16235
14647,60,3023
14194,80,4017
14194,80,4021
14758,141,7064
15939,88,4431
15939,88,4438
16462,28,1442
16352,34,1744
15275,32,1615
15275,58,2910
16453,276,13834
16147,261,13070
16147,279,13999
15987,100,5033
17459,169,8499
17111,210,10516
14324,20,1023
16415,42,2132
17080,37,1886
15114,3,171
16533,13,686
16867,250,12513
14893,160,8007
14227,36,1809
14154,166,8303
14154,182,9122
15361,73,3655
14157,132,6649
16421,44,2215
16421,56,2844
16421,70,3519
14617,54,2735
16851,109,5463
14700,19,966
14700,22,1102
14243,78,3928
14329,138,6943
14329,138,6949
16076,16,844
14745,43,2167
14745,60,3006
15789,47,2368
16852,312,15607
14552,85,4294
14990,154,7724
14990,154,7732
17171,41,2090
17171,55,2787
14455,76,3803
16751,117,5865
14722,13,678
15377,54,2707
15254,100,5050
15254,171,8577
16394,14,707
17396,8,414
15966,358,17918
15954,189,9466
17556,141,7072
14641,81,4085
16021,480,24007
14989,141,7095
14989,262,13132
15933,322,16130
17055,124,6236
15262,125,6255
15262,158,7936
14749,70,3537
15054,51,2568
15970,254,12725
15486,365,18272
15083,0,27
14541,74,3744
14541,97,4877
15915,27,1368
15113,102,5146
16162,45,2255
14825,52,2640
14290,26,1330
14263,163,8179
16741,212,10641
16741,299,14972
14814,104,5223
15138,28,1444
15520,35,1781
17056,269,13484
14768,7,353
15147,84,4215
14641,3,152
14293,19,975
14235,70,3521
16473,54,2747
16228,286,14322
14643,54,2710
14643,147,7357
17488,229,11472
14634,73,3664
14634,162,8143
14891,67,3374
14891,75,3796
14904,42,2150
16964,286,14337
17517,82,4115
15902,261,13052
16506,76,3823
15140,212,10628
14153,36,1821
14153,56,2811
14153,56,2849
15014,103,5159
17093,131,6598
16685,172,8627
17132,350,17538
17237,33,1674
15916,337,16891
14763,82,4143
14546,30,1505
14133,23,1167
15921,171,8577
17136,15,777
14410,226,11345
14916,115,5781
14436,102,5138
14152,5,280
15054,46,2332
16006,157,7893
14955,151,7551
14998,132,6605
14734,181,9052
14734,206,10310
14664,240,12047
15497,188,9415
14553,161,8088
15554,223,11154
16222,103,5168
16222,104,5207
16222,118,5935
14938,190,9517
14938,281,14097
16458,31,1584
14877,29,1451
16125,195,9752
14134,21,1067
17428,16,832
17011,283,14199
14647,40,2002
16333,87,4362
14644,9,479
14152,232,11631
16544,52,2619
16332,14,702
15231,170,8524
16453,344,17250
16942,208,10429
17055,133,6695
16058,129,6475
16058,238,11920
15479,176,8843
16338,30,1533
16874,174,8749
14329,88,4426
14329,88,4444
16921,55,2791
14945,26,1336
17448,200,10010
14213,11,594
14213,36,1823
14363,4,249
14363,151,7566
15484,26,1331
14260,142,7143
14882,49,2468
14828,136,6821
15902,169,8453
16205,29,1454
16250,98,4939
15800,204,10225
14298,59,2974
14785,62,3107
17270,21,1079
14279,98,4933
14977,9,456
16169,49,2488
17137,179,8995
15369,212,10625
14875,3,151
14875,51,2599
15117,20,1031
14976,159,7997
15917,144,7229
15501,86,4310
17249,40,2049
16065,1,63
16826,55,2787
16573,93,4661
16573,127,6368
15800,172,8614
15588,380,19047
16923,85,4254
14261,64,3228
17474,38,1917
15917,539,26989
14634,115,5762
16935,541,27070
17552,237,11870
15082,55,2793
14298,51,2573
14807,111,5555
14807,147,7379
15916,43,2182
14907,201,10060
17249,119,5983
15504,121,6070
14986,48,2404
14802,25,1278
16840,12,619
16840,62,3116
14367,193,9661
14647,73,3673
16205,27,1359
16374,6,348
16374,23,1177
16172,380,19013
15242,0,29
15242,43,2155
16199,378,18942
17517,69,3481
15430,4,249
16950,132,6640
14807,111,5555
14807,147,7379
14877,217,10884
17356,1,61
14920,112,5624
17057,121,6084
15141,49,2467
17169,67,3364
15590,340,17011
14548,169,8460
15870,167,8363
15901,283,14156
14655,41,2061
17259,10,537
15323,41,2069
15323,62,3101
16826,99,4969
17125,69,3467
14927,196,9830
17112,138,6945
15946,399,19970
14775,8,414
14775,75,3763
14975,65,3261
15228,11,584
15875,164,8206
14259,55,2799
14171,43,2199
16317,28,1434
15348,223,11156
14127,133,6684
16134,237,11893
17210,216,10803
14652,7,381
14652,126,6322
17055,229,11451
14725,168,8426
16204,111,5556
16581,261,13052
15554,130,6544
15098,11,579
15098,47,2379
16586,2,124
14464,172,8621
14980,139,6969
15154,68,3426
14257,90,4509
14758,19,978
14919,89,4485
15079,67,3369
14290,293,14694
15457,122,6103
17164,67,3351
17164,126,6310
14986,64,3219
14986,130,6536
14816,173,8656
15589,291,14551
14583,84,4202
16209,304,15215
16209,379,18963
17132,463,23193
15273,6,326
16821,204,10240
15783,373,18694
16761,260,13009
15960,435,21772
15961,354,17720
15466,3,191
17132,475,23753
17398,183,9162
17452,6,341
16089,102,5134
14938,222,11107
16006,214,10744
14310,13,695
14772,241,12095
17343,16,847
15983,341,17096
14399,94,4717
14870,134,6748
14870,280,14011
15108,16,833
14154,29,1491
15589,219,10975
14801,228,11410
14801,244,12204
14948,136,6819
14297,81,4083
14553,133,6679
14553,300,15004
14921,61,3098
17125,1,63
15828,261,13065
16209,166,8329
15677,275,13797
14914,178,8936
14914,324,16216
16583,25,1262
16583,296,14823
14948,197,9875
17313,25,1298
16247,5,283
15927,320,16023
14218,18,949
16944,23,1182
14550,1,65
14550,107,5381
14335,260,13024
14274,6,306
16227,56,2824
16227,181,9092
15970,450,22521
16588,131,6598
16588,174,8720
16935,492,24644
17056,109,5458
14891,172,8640
15790,95,4776
15915,415,20790
16467,0,42
17545,25,1258
16466,61,3052
16428,159,7995
15262,88,4440
15009,21,1087
14907,123,6165
15877,53,2672
17414,119,5980
17186,13,666
15415,247,12389
16888,257,12885
15875,508,25418
16783,9,496
15923,502,25143
16023,464,23226
14934,108,5420
14734,184,9203
15955,62,3111
16378,111,5582
15767,7,361
16666,124,6219
16666,165,8284
14127,36,1837
14455,42,2140
14455,214,10717
15715,6,340
15792,203,10198
15902,447,22389
14958,33,1676
15106,112,5633
14807,250,12534
17502,25,1275
14553,152,7611
16847,147,7387
16840,51,2598
14368,62,3115
16851,117,5858
16851,117,5862
14934,0,3
17373,140,7032
16942,249,12493
14139,188,9410
15151,279,13990
14824,95,4762
17308,153,7700
17023,226,11309
14464,212,10627
16858,188,9432
14873,321,16062
15398,35,1798
14816,33,1660
17534,87,4377
17534,87,4394
16888,497,24899
15249,24,1212
15249,114,5709
14887,95,4751
14887,95,4757
14368,214,10709
16078,12,619
15875,188,9411
16459,71,3592
17055,252,12606
14541,203,10187
16888,474,23745
14143,139,6977
14242,40,2038
15498,64,3243
15498,110,5523
14245,84,4205
14245,120,6013
14632,102,5128
16776,90,4517
17454,24,1248
16426,14,712
14981,149,7451
16057,6,327
16008,173,8693
15910,6,344
14812,218,10907
14149,93,4697
16225,102,5115
16720,7,367
14902,27,1398
14807,166,8334
15382,126,6337
17469,63,3193
17469,95,4754
15086,187,9395
15116,102,5124
14764,58,2913
15403,9,500
17486,4,234
14557,99,4960
16882,35,1789
16694,146,7317
16694,146,7336
14544,5,293
14544,143,7159
16141,143,7165
14796,2,126
16818,5,290
15073,169,8475
15297,166,8331
16668,117,5885
14779,129,6464
14125,2,146
14607,40,2043
14410,134,6739
16218,85,4266
14743,77,3853
15017,201,10099
14878,126,6329
15767,3,184
14788,74,3717
14293,2,143
17114,36,1826
14472,5,268
17138,36,1843
14824,109,5467
14562,19,975
17328,113,5663
14899,231,11574
16150,144,7231
17240,7,351
17240,37,1890
15915,330,16524
17258,31,1556
15952,221,11075
17427,0,22
15981,322,16126
15343,211,10594
16964,481,24099
14261,47,2394
14901,5,259
16239,34,1738
14927,79,3963
16352,431,21558
15301,11,554
17322,2,115
17132,21,1074
17132,321,16094
16161,99,4985
17467,63,3173
17467,63,3198
15489,78,3939
15917,224,11206
16198,102,5106
16198,134,6710
14454,13,692
14342,100,5027
17204,116,5823
16148,229,11451
15316,250,12501
17208,214,10709
14887,43,2161
14887,52,2629
14270,61,3058
14270,61,3068
14438,26,1344
14667,74,3707
14409,188,9448
14553,262,13111
16586,112,5636
17448,177,8888
16147,12,614
16932,27,1394
14770,244,12237
14774,156,7825
14774,156,7840
14623,160,8020
14334,83,4169
14334,87,4399
15713,18,934
17489,27,1396
14213,37,1880
14335,130,6519
16858,90,4526
15061,201,10090
16433,63,3194
17177,31,1579
17177,56,2801
17470,46,2347
17238,5,266
14603,77,3862
14343,13,651
14367,48,2446
16396,4,244
14801,181,9092
15391,291,14594
16006,35,1782
16006,212,10629
17217,86,4308
14338,289,14466
14195,181,9100
16028,342,17125
14924,28,1436
16026,23,1184
16544,24,1231
15491,362,18117
14587,5,281
15917,391,19584
14790,167,8358
16000,4,239
15689,257,12890
14452,72,3621
15965,41,2055
17488,116,5830
16096,60,3034
16935,406,20332
15097,191,9553
17333,118,5923
16295,202,10113
14939,82,4103
16655,11,565
16225,180,9025
14635,18,938
15499,79,3982
17226,61,3080
15065,29,1483
14521,29,1475
17530,168,8420
15762,299,14996
14218,0,8
14218,138,6924
14297,194,9725
14297,223,11193
14297,263,13163
14455,174,8717
16254,0,1
14299,24,1228
16453,28,1417
16453,145,7280
15345,277,13883
16507,3,194
15267,95,4794
14623,271,13574
15882,141,7090
16722,118,5908
16431,177,8853
17119,91,4560
16579,82,4132
17028,265,13281
14154,41,2096
14463,82,4108
14463,137,6852
16307,93,4683
14551,224,11237
15834,53,2652
15834,53,2673
16028,185,9261
15592,183,9192
14756,50,2546
17364,18,945
17100,145,7300
16846,79,3978
14903,261,13056
15554,177,8869
17552,41,2062
14802,76,3842
14370,7,352
14471,13,663
16073,168,8430
15231,27,1367
15231,200,10011
17372,37,1880
15061,106,5322
14675,52,2633
14758,152,7602
16363,11,555
14965,32,1638
14637,4,236
16242,189,9454
15983,9,482
14884,187,9383
17259,10,537
16173,144,7210
16173,193,9696
16219,83,4171
14152,273,13681
14609,13,664
14609,66,3314
14268,25,1287
14268,55,2776
17056,290,14522
15403,136,6806
14459,92,4648
15901,283,14156
17132,505,25265
15166,297,14895
17556,36,1846
15931,363,18155
17475,138,6935
16869,50,2540
15061,43,2164
16141,30,1505
16141,35,1793
16096,84,4248
16096,94,4726
16096,94,4729
16096,94,4740
16226,11,552
14948,314,15726
16391,40,2035
15360,5,281
16168,48,2418
15377,87,4395
16158,521,26074
16169,124,6233
16313,288,14414
16298,72,3618
16298,136,6806
16206,54,2740
16312,69,3492
15792,131,6577
15871,61,3076
15498,116,5829
14605,8,431
15983,147,7370
14981,19,953
14981,63,3186
14981,135,6798
15428,28,1428
14356,129,6458
14745,17,889
14745,103,5184
16889,189,9461
16851,79,3954
14912,153,7658
14976,22,1148
14490,14,727
15122,172,8604
15099,18,933
15053,151,7553
14335,40,2044
14335,175,8758
15296,211,10567
15919,20,1003
15946,283,14178
14260,82,4131
15442,11,586
17313,143,7193
16122,412,20644
16834,177,8883
15429,63,3189
16232,44,2247
16255,42,2149
14272,6,345
14272,9,468
16067,91,4581
16415,43,2152
17458,133,6658
16144,56,2832
16303,65,3271
14734,85,4266
14806,183,9164
14806,183,9176
14771,256,12808
14300,35,1797
16420,43,2200
14597,124,6238
14597,146,7301
16841,12,626
15182,145,7261
14636,93,4661
16668,22,1109
16668,41,2083
17224,20,1041
14212,67,3387
14388,43,2183
14283,147,7389
14919,33,1651
14584,111,5564
14124,59,2962
16845,122,6113
16603,25,1281
14874,245,12257
14874,203,10164
14233,19,991
14233,23,1156
14279,230,11506
14942,240,12014
14873,220,11019
15957,62,3133
14816,187,9386
15954,119,5961
14452,82,4129
14603,13,694
14603,112,5621
16888,372,18638
16906,7,397
16471,86,4346
16119,430,21510
14526,67,3387
14526,156,7826
17444,30,1505
14662,24,1229
14662,48,2430
15432,257,12858
15432,257,12866
15803,42,2113
16852,56,2812
16947,124,6242
14771,277,13854
15933,119,5956
16934,46,2324
14828,89,4481
15271,24,1216
15927,106,5330
16158,226,11316
14218,81,4074
14218,209,10472
17237,284,14225
17091,4,234
16919,218,10925
16919,393,19682
16205,171,8598
16926,8,401
17488,309,15482
17494,244,12223
15733,3,177
17034,57,2863
17034,162,8102
17251,163,8162
14926,29,1499
14802,55,2775
14802,74,3701
14342,259,12997
14654,153,7684
15228,34,1702
16858,243,12168
14450,3,159
16440,117,5864
14664,263,13189
14436,121,6091
14436,191,9561
14458,53,2699
15930,210,10536
16301,240,12039
16301,255,12765
14770,201,10068
14903,130,6505
14202,43,2180
15715,182,9104
14607,76,3850
14590,75,3779
16363,1,69
15125,176,8816
14993,17,875
16489,220,11043
15051,10,541
14592,48,2408
17195,176,8829
17182,17,896
16826,118,5948
16826,258,12903
14876,65,3273
14971,61,3100
16746,119,5994
16468,87,4387
15125,11,584
15529,183,9162
15065,52,2610
15398,3,159
15517,26,1340
14161,84,4216
14161,97,4859
16935,543,27151
16368,2,112
14887,7,375
14887,57,2871
14887,118,5908
14799,109,5473
14799,111,5567
16227,144,7204
17033,129,6473
15163,64,3202
14372,47,2390
15082,78,3904
17511,39,1958
15160,52,2609
16262,40,2035
15790,58,2939
15484,158,7929
17413,49,2498
16058,255,12795
15118,123,6163
14610,99,4951
17534,135,6767
16826,99,4969
17517,264,13238
16428,264,13239
14325,34,1726
14325,73,3663
14290,100,5035
16588,186,9308
14159,67,3383
16646,9,475
16950,142,7113
14467,47,2369
14392,164,8221
14882,74,3704
17338,5,256
16504,44,2210
17239,86,4344
15959,32,1621
14529,7,377
16821,306,15333
17497,210,10504
17249,360,18043
14516,94,4716
16826,240,12049
14697,69,3478
14970,206,10307
16511,161,8090
16052,79,3982
16052,281,14090
16060,78,3945
14645,21,1092
14645,47,2398
15293,7,377
15498,16,812
15498,19,999
15591,108,5437
14342,11,590
14342,90,4529
14899,222,11129
14899,317,15875
15530,65,3293
17172,62,3106
17172,62,3114
14358,246,12343
14545,35,1752
14545,46,2349
14450,31,1595
15250,37,1853
14642,95,4781
14152,260,13024
15497,367,18372
14986,291,14579
14727,25,1266
14469,120,6034
16073,101,5052
15933,332,16641
14240,24,1236
15469,135,6792
16410,101,5077
15436,324,16217
15061,61,3085
17560,11,558
14802,75,3785
14802,132,6650
14802,181,9060
16856,71,3592
16159,95,4790
16159,146,7343
14831,104,5227
16735,39,1983
14891,121,6086
15917,94,4746
14159,176,8837
16243,203,10168
14270,221,11077
14270,221,11079
14716,112,5601
14376,30,1532
14408,5,270
14637,142,7111
15083,14,744
16722,32,1645
14903,24,1216
15389,14,745
14135,56,2847
16417,22,1113
16741,441,22064
16588,92,4613
16331,36,1805
14746,108,5401
17500,26,1314
17500,48,2423
15271,26,1336
16622,6,350
16622,7,353
14527,34,1738
15240,12,612
16963,17,873
16963,97,4898
17164,143,7167
14948,7,395
17249,351,17572
15275,52,2601
14790,161,8063
15897,58,2929
15910,240,12012
17110,70,3528
15141,59,2975
17561,92,4636
17561,120,6050
17209,59,2999
17530,172,8631
16976,140,7020
17398,5,278
14564,58,2914
15426,118,5919
16011,126,6340
14467,189,9469
16119,399,19955
16299,20,1048
16964,538,26943
14379,226,11347
16921,147,7392
16921,202,10121
17043,84,4237
17335,75,3754
15588,325,16262
15589,387,19398
14935,163,8179
15504,159,7973
15504,159,7976
15504,205,10276
14558,80,4033
14935,320,16014
15246,7,375
15246,81,4069
15246,128,6448
16013,129,6455
14548,28,1425
14548,70,3514
17476,32,1631
15867,29,1484
17283,47,2369
17217,42,2126
15983,337,16872
16949,474,23723
16089,112,5624
15983,418,20925
17036,88,4414
17357,14,731
16022,306,15323
15862,291,14551
14279,0,30
14569,142,7133
14427,202,10143
14427,217,10875
16894,108,5402
16506,44,2219
15443,45,2286
16188,204,10208
14191,188,9448
17122,103,5153
17122,107,5398
15146,67,3365
15463,228,11426
15382,236,11840
16925,114,5704
16925,142,7142
14270,164,8224
16355,22,1136
16319,4,223
14712,194,9747
16017,47,2377
14607,71,3567
15504,126,6309
15504,231,11586
14822,59,2978
15722,165,8284
14884,33,1684
14884,250,12533
14816,312,15641
15403,70,3513
17448,44,2210
15343,292,14648
16228,10,506
16094,51,2561
14957,7,384
14542,19,999
14542,30,1504
14542,182,9144
15930,232,11609
14152,142,7125
15863,54,2729
15918,8,409
15918,8,422
14320,42,2149
15346,0,14
17451,239,11984
14873,291,14557
14938,114,5707
17502,35,1772
17448,119,5951
17312,287,14371
14973,34,1731
16551,287,14353
14813,4,234
15797,53,2664
14546,140,7008
14546,178,8922
15484,263,13169
17320,53,2666
14332,3,177
16115,7,395
16346,184,9227
15828,278,13923
14358,207,10374
17116,97,4870
16088,69,3464
14677,18,906
14232,10,517
14987,22,1141
17497,79,3987
16313,112,5624
14464,251,12556
14151,28,1434
15361,21,1093
16585,248,12450
14986,295,14779
15327,11,580
14428,188,9446
16579,16,808
16579,16,827
16579,56,2811
14270,19,991
14404,16,816
16962,269,13479
16962,291,14571
16962,329,16477
15443,26,1321
17413,180,9025
15590,306,15323
14335,216,10835
17357,22,1113
16002,18,938
14956,26,1349
14956,62,3135
14956,62,3140
14942,57,2885
15397,93,4679
16962,322,16138
17529,13,659
14438,38,1914
16067,39,1972
16978,471,23588
15516,74,3727
16546,100,5046
14539,163,8151
14209,32,1639
14209,119,5960
14912,217,10877
16833,11,569
15054,163,8193
17109,0,13
17452,151,7554
16747,17,878
15166,160,8026
16038,433,21661
14148,134,6704
16544,145,7280
17177,66,3320
15520,93,4694
15152,77,3875
17205,67,3364
16444,61,3093
16011,149,7471
16011,188,9415
17500,16,825
15592,63,3163
15592,181,9066
14637,21,1097
14637,73,3653
16785,34,1706
15340,0,48
16986,2,126
15293,29,1452
15339,24,1222
16735,36,1823
15413,36,1828
14758,32,1612
14758,32,1618
14880,179,8960
16203,39,1954
14713,19,955
16310,285,14293
17267,57,2882
14636,174,8736
15863,52,2637
15017,74,3719
14902,171,8564
17100,226,11303
15497,88,4415
15166,362,18128
14206,159,7961
17556,12,613
15421,49,2461
17364,83,4189
14173,19,972
15528,276,13825
16067,147,7385
15960,458,22910
14721,150,7533
14549,6,325
16200,66,3318
17371,357,17859
14788,51,2576
14788,51,2595
16526,7,387
16526,30,1548
16714,8,430
16438,42,2108
14652,98,4944
14652,144,7247
17536,23,1162
15259,4,212
14544,58,2910
16167,236,11812
17495,2,136
14399,104,5210
15973,52,2638
15973,90,4537
17254,26,1319
15073,35,1781
15774,305,15261
14379,167,8363
14379,167,8369
15923,181,9093
15799,39,1965
14130,36,1810
14562,116,5822
17451,120,6012
14722,81,4064
14914,298,14917
16585,71,3596
16585,72,3602
15106,26,1334
15382,34,1701
16352,250,12540
16006,132,6632
15328,28,1430
15348,31,1594
15348,166,8312
17489,89,4477
17023,264,13207
14774,17,878
17414,182,9121
14195,100,5016
14662,22,1130
15291,32,1634
15291,261,13059
14745,36,1824
14770,111,5593
16073,81,4098
14747,19,993
16052,447,22400
15181,75,3774
16406,40,2012
16963,57,2863
16446,102,5121
16446,280,14016
16145,12,610
16145,65,3288
14555,22,1150
15952,148,7413
14541,19,1000
16693,91,4580
15360,27,1375
15360,174,8716
14471,12,639
17119,6,310
17162,36,1845
14438,42,2126
14802,68,3421
16006,141,7064
15436,291,14562
16515,15,786
17484,190,9525
15930,512,25649
16387,18,943
16387,74,3735
17493,265,13275
15350,77,3865
15031,16,828
15031,33,1675
14453,31,1591
14453,50,2501
16684,29,1457
14607,245,12293
14978,36,1836
17205,11,565
15474,21,1067
16339,236,11813
16612,0,33
14363,104,5206
17356,204,10246
15777,81,4057
14152,158,7904
14412,24,1212
15098,7,385
14281,28,1408
14877,51,2590
17493,26,1344
17467,58,2937
14893,157,7851
14376,52,2645
14956,239,11997
14356,158,7901
15032,3,153
14798,65,3284
16471,52,2620
15832,127,6383
14749,158,7904
17317,12,636
14548,25,1260
16231,109,5459
14468,95,4759
17194,68,3443
14965,78,3946
16944,280,14011
16504,70,3511
14275,126,6308
14654,119,5999
14607,128,6406
15961,109,5465
16970,10,537
14587,83,4173
15369,176,8817
15028,12,646
14456,62,3141
14688,27,1353
16186,127,6394
14153,28,1414
17093,61,3082
17093,125,6294
16664,80,4032
17509,46,2331
17509,57,2890
14799,70,3510
15983,48,2421
16186,225,11274
16186,275,13758
15794,164,8236
16428,245,12289
17191,40,2030
16405,18,948
14768,17,852
15262,9,453
16848,0,33
17325,48,2430
17325,51,2589
16821,132,6644
17036,186,9302
17036,349,17453
14379,26,1305
14428,46,2336
17400,159,7984
17459,100,5013
14372,111,5580
15078,5,292
14824,171,8572
16960,209,10480
14801,263,13183
17048,65,3293
14607,279,13960
16964,336,16847
14828,140,7010
17371,153,7672
17503,96,4802
17503,96,4833
14290,155,7768
14277,98,4923
17185,88,4424
16198,94,4742
14870,101,5069
16835,195,9787
15709,15,794
17371,391,19582
16453,151,7573
14151,30,1505
14828,72,3607
15901,112,5623
16036,87,4357
14375,17,870
16919,156,7812
16919,156,7835
15478,266,13329
16805,16,836
14801,172,8603
16668,135,6782
16344,71,3554
16348,33,1679
14954,77,3879
17070,177,8898
16107,136,6813
16107,131,6598
14310,10,531
14310,30,1524
14375,83,4162
14930,23,1159
16091,49,2473
14662,13,671
15360,33,1655
14749,164,8248
16203,181,9097
16759,13,658
15267,120,6028
16392,30,1523
16392,54,2739
14956,290,14524
17506,64,3227
17499,25,1278
14989,179,8966
17301,118,5913
14542,296,14804
14527,61,3083
16089,76,3801
15930,200,10006
16923,11,596
16923,223,11184
16468,9,455
14825,37,1886
15919,79,3954
15029,6,338
15092,50,2525
14897,144,7205
14805,251,12576
14807,38,1950
14807,222,11104
14229,32,1610
14903,15,770
15082,74,3707
17028,43,2170
14750,21,1070
16920,8,441
15097,212,10646
14537,89,4493
16963,130,6513
16172,188,9433
16864,205,10253
17484,128,6433
16209,7,390
15160,133,6680
16507,123,6159
15261,9,453
15421,27,1374
15421,116,5835
15774,48,2420
15975,79,3995
14745,5,279
17524,297,14876
14750,25,1251
15166,228,11410
16023,430,21538
14726,54,2703
17304,69,3459
14423,1,51
16481,82,4105
15801,474,23730
16218,16,801
15715,136,6820
14878,86,4325
16332,42,2125
15921,36,1830
15966,298,14915
17099,75,3793
14467,111,5596
16199,110,5512
16004,56,2832
14998,128,6406
16314,115,5774
15376,10,501
16290,86,4342
14159,93,4666
15341,16,805
14998,182,9139
14876,31,1576
17235,31,1555
15492,17,859
14907,101,5057
14539,23,1181
15478,139,6956
15478,294,14746
15969,8,410
14418,51,2575
15917,540,27017
14644,5,275
14953,9,474
14656,12,626
14367,207,10397
16738,8,420
16759,131,6557
16874,168,8427
15474,14,724
14359,11,589
16159,147,7378
15935,22,1130
15165,13,673
15353,70,3526
16352,102,5138
14632,95,4783
17563,13,694
17037,39,1984
15946,389,19479
15301,64,3223
14121,70,3508
15777,89,4465
14222,28,1447
14222,39,1992
14222,63,3151
14222,63,3154
15343,134,6741
15392,78,3918
14597,128,6443
14281,217,10864
16867,243,12177
16148,53,2660
16508,6,326
14641,4,206
17476,12,624
15410,110,5516
15983,120,6015
14543,227,11359
16052,45,2282
15243,76,3820
15927,144,7228
14920,54,2708
14965,239,11984
15870,293,14672
17545,66,3344
14553,266,13332
17356,82,4140
15834,125,6279
15834,132,6607
17470,127,6393
15017,5,298
15397,208,10404
16119,504,25204
17083,59,2991
14636,27,1388
14636,29,1487
17150,11,578
16743,118,5925
14653,56,2849
15426,58,2921
15060,0,32
15339,16,805
15295,40,2046
14640,15,771
15491,190,9503
14754,25,1282
17312,214,10710
14290,53,2651
14790,34,1703
14790,141,7087
16947,78,3938
15442,130,6517
17229,13,667
16092,45,2261
16092,110,5547
14970,20,1030
14893,215,10754
14774,58,2926
17517,289,14482
16683,33,1692
15751,43,2179
14736,26,1325
14736,213,10658
16315,72,3632
14297,234,11739
16668,23,1191
16668,42,2109
15356,24,1208
16499,202,10108
16802,292,14604
16072,6,334
14631,106,5337
16453,355,17781
14358,72,3641
14358,208,10439
16751,121,6100
14556,57,2897
17055,164,8204
16092,45,2261
16092,110,5547
14893,215,10754
15751,43,2179
14970,20,1030
16499,202,10108
15356,24,1208
16668,23,1191
16668,42,2109
14297,234,11739
17517,289,14482
16315,72,3632
14736,26,1325
14736,213,10658
14631,106,5337
16802,292,14604
16072,6,334
15430,158,7902
14358,72,3641
14358,208,10439
14774,58,2926
16453,355,17781
17055,164,8204
16751,121,6100
14556,57,2897
16683,33,1692
14736,26,1325
14736,213,10658
15430,158,7902
16379,95,4786
14299,67,3372
16107,123,6151
14211,26,1302
14329,298,14948
14294,3,160
14948,192,9636
17249,107,5391
17249,281,14060
14453,185,9267
15407,5,283
14979,79,3979
14455,75,3787
14123,3,180
14356,190,9519
17237,144,7235
14607,37,1898
16011,179,8968
15801,515,25768
16727,324,16217
14712,68,3408
14712,141,7085
14636,92,4601
14636,129,6493
14636,153,7661
15998,65,3278
14297,143,7179
16853,208,10441
15436,45,2257
16298,152,7613
16581,3,153
16581,215,10783
16879,8,439
14610,252,12633
16348,108,5404
15383,216,10826
16028,363,18185
16167,225,11254
17087,287,14360
15495,8,448
14641,146,7316
14654,7,389
14556,16,806
14556,151,7572
15391,258,12950
16204,64,3250
16955,7,353
16191,44,2221
16776,149,7496
15828,509,25483
14259,236,11821
16107,175,8766
14297,252,12619
16823,115,5756
14559,177,8857
15450,58,2906
15450,121,6092
15429,8,449
17556,57,2875
15471,39,1990
16080,8,438
16080,34,1712
14446,9,480
15368,48,2450
14925,278,13907
15528,40,2013
14936,8,435
14936,50,2520
14464,256,12840
15322,135,6794
15324,37,1898
17514,74,3725
15450,174,8727
14276,7,368
15088,0,14
15088,1,88
15913,24,1201
16858,27,1400
16858,175,8796
14427,65,3271
16833,35,1793
16544,32,1629
16544,82,4135
16544,129,6495
17220,40,2050
17169,357,17867
16916,93,4656
16916,163,8171
16836,98,4922
16071,145,7298
14377,63,3192
16532,26,1301
15851,17,881
14768,49,2495
14768,83,4157
15499,86,4341
15153,130,6529
16052,40,2001
16052,388,19406
14299,1,65
17495,127,6399
17440,90,4545
14223,194,9734
17317,30,1522
14654,181,9087
15961,292,14613
16660,1,64
16660,2,137
15350,177,8890
16769,7,356
14899,163,8151
14899,272,13634
15355,10,522
15528,193,9693
16975,89,4475
16975,210,10517
14690,12,644
14925,126,6349
14925,173,8689
14925,245,12269
14940,245,12295
14664,142,7103
14643,88,4429
14980,247,12357
14807,287,14364
14149,142,7108
16468,114,5711
14901,11,564
17044,154,7712
15252,32,1618
15291,119,5971
14356,237,11892
15407,249,12461
15316,260,13027
15262,3,166
14117,3,158
16853,244,12223
16751,149,7462
16119,283,14190
17495,37,1883
15509,149,7481
14545,120,6003
16818,19,991
14153,122,6112
15303,11,600
16903,19,951
16243,58,2904
16243,126,6331
16243,129,6473
14452,39,1955
17240,297,14870
14268,26,1310
14901,37,1885
16852,139,6951
14569,52,2615
14725,1,91
14990,143,7160
15011,12,614
14697,75,3756
16996,29,1456
14379,82,4138
17206,368,18437
15870,71,3566
14548,80,4009
17132,425,21253
14824,122,6107
14824,322,16129
15350,225,11253
15345,40,2041
14954,30,1541
17255,54,2713
14490,16,815
15966,374,18741
14559,162,8119
16058,66,3348
16494,29,1472
17169,354,17727
14533,7,356
15961,463,23200
15961,533,26657
17311,37,1870
16440,0,33
14774,166,8346
16722,65,3261
14893,137,6882
16304,115,5778
16304,162,8141
16075,468,23440
17478,9,463
17478,104,5245
15870,291,14590
17023,238,11930
16894,101,5065
14207,9,497
17118,18,931
16843,6,340
14805,85,4263
14133,36,1820
14133,37,1861
14743,20,1014
15155,40,2021
15479,362,18104
14936,57,2858
14293,16,828
14420,13,682
15989,260,13039
14915,144,7236
16978,412,20612
15801,323,16156
14436,213,10689
17401,110,5530
15486,71,3578
14356,151,7596
16150,100,5012
14455,30,1522
14802,248,12435
15426,4,233
14824,97,4873
14824,296,14832
16118,14,741
16118,29,1475
14143,151,7589
15484,170,8504
17509,9,464
15590,130,6509
14873,197,9895
15882,103,5172
14986,170,8503
16741,479,23987
14343,51,2595
16205,86,4342
14891,49,2476
17102,65,3275
17099,26,1328
14749,120,6013
14749,199,9958
17352,85,4295
15923,67,3371
14446,6,316
14446,6,321
17188,18,937
17552,128,6418
15348,174,8711
15498,117,5890
15498,165,8279
14551,207,10368
16243,193,9669
17005,1,52
17460,52,2648
16169,1,73
15428,137,6874
14938,29,1480
14245,174,8722
17280,38,1938
15491,86,4314
16506,81,4080
15511,108,5445
14358,2,120
14358,163,8158
17503,59,2965
17503,64,3223
17503,186,9322
17210,188,9435
17369,33,1672
17369,34,1747
16489,195,9764
14259,51,2564
14121,35,1771
16849,51,2553
15920,23,1180
17068,14,750
14558,88,4411
14558,131,6598
16551,256,12816
16741,112,5624
14372,214,10747
14825,39,1960
14664,88,4421
14664,125,6279
14664,147,7372
15989,228,11430
14269,106,5307
15966,437,21885
14704,5,279
14372,143,7157
14873,18,937
16346,143,7158
14611,93,4677
14920,55,2779
14920,136,6838
14812,250,12515
14886,105,5276
14934,146,7331
14206,99,4999
15482,163,8168
15529,320,16030
17307,44,2213
16386,14,728
16266,21,1058
14722,76,3836
15322,49,2481
14410,89,4467
17492,17,879
15430,171,8580
14954,43,2180
14989,304,15237
16439,108,5404
14127,194,9749
15873,252,12645
15873,252,12650
14899,287,14367
14636,32,1603
14636,70,3526
15264,35,1756
16158,462,23131
16518,37,1862
17557,53,2689
15002,18,942
15251,55,2760
16949,451,22552
16540,24,1241
14936,15,765
17529,22,1136
17534,30,1534
14122,79,3955
15167,69,3497
15167,96,4842
14228,6,340
14955,45,2281
14948,287,14369
16459,68,3410
14154,76,3802
14316,21,1054
16006,55,2785
16006,361,18094
14772,97,4889
14172,69,3496
15592,58,2932
16173,151,7561
14143,193,9651
14557,60,3015
14557,60,3037
16586,69,3470
16506,236,11839
14335,165,8292
14758,37,1852
14342,42,2105
17493,315,15758
14245,46,2341
14245,142,7107
14121,130,6508
14314,12,617
17157,48,2425
14736,45,2279
16727,128,6440
16727,348,17423
15228,118,5940
15262,128,6434
16109,114,5727
16489,234,11725
14463,71,3554
14774,186,9322
14623,247,12397
14553,253,12699
14553,269,13453
14310,18,950
15061,145,7253
16755,7,381
14555,92,4603
16148,17,878
14816,119,5982
15427,158,7919
14291,165,8283
14697,1,80
14697,1,92
14971,4,240
15989,26,1345
17122,158,7927
16042,91,4576
15959,52,2643
14281,31,1581
15345,248,12426
15061,191,9583
16453,218,10928
16453,329,16459
16693,136,6817
17503,207,10352
14171,45,2293
14225,5,291
14259,130,6509
16935,433,21690
14453,21,1062
16042,9,452
16042,68,3406
16052,232,11634
15353,62,3113
17073,40,2043
17494,246,12311
15862,188,9442
15875,170,8537
16514,1,74
14915,62,3138
14915,213,10676
16260,0,49
14435,3,163
16727,206,10336
17314,41,2080
15916,310,15534
16004,76,3831
17314,52,2633
14986,35,1787
14257,3,185
14257,72,3620
15716,0,49
15286,182,9101
14301,207,10393
14281,22,1102
14329,143,7162
16849,47,2371
17126,177,8855
15140,143,7183
15161,93,4655
15473,67,3398
16832,92,4626
15053,55,2768
14153,44,2211
17494,261,13070
14377,89,4494
14377,232,11608
14377,232,11639
15479,190,9516
14763,9,461
14775,24,1212
16874,447,22379
15801,495,24768
14824,43,2193
16387,214,10733
14269,19,994
14243,1,72
14227,86,4342
14227,120,6024
15350,23,1175
14377,130,6506
16468,5,265
14242,10,546
16094,251,12557
14409,179,8991
16668,29,1480
15002,91,4597
17030,27,1367
17030,86,4308
16467,246,12317
17056,253,12684
16923,318,15938
15915,459,22972
17265,193,9664
15958,1,55
14279,59,2985
17451,36,1814
16387,35,1788
17484,100,5032
14291,19,991
15227,90,4533
16432,25,1271
17093,52,2603
14174,125,6271
14418,185,9262
14375,170,8510
14260,7,389
16331,25,1288
16331,78,3950
14202,121,6066
17169,360,18023
15987,143,7183
16520,69,3452
15161,62,3131
14816,291,14581
14619,107,5399
14336,29,1455
14336,108,5448
14549,190,9539
14122,108,5418
14216,33,1693
14379,5,291
14343,132,6625
14343,224,11218
14712,214,10735
16853,99,4989
15328,27,1355
14539,85,4260
16975,200,10041
14993,0,14
14993,48,2416
14993,83,4153
15353,54,2729
16882,46,2329
16882,50,2523
14436,211,10553
14401,159,7967
16252,214,10737
14549,99,4997
14474,3,193
14368,239,11990
15128,45,2257
15128,66,3305
15254,161,8100
14543,207,10376
14543,214,10748
15128,7,353
17517,49,2461
14807,108,5402
14807,108,5413
14807,281,14075
14195,114,5725
17041,8,441
17041,82,4103
16446,285,14276
16446,325,16275
17559,88,4406
16448,21,1081
16089,306,15340
16089,490,24524
15901,173,8697
17448,209,10456
15392,42,2121
15550,8,448
16919,377,18859
14427,249,12456
14157,41,2079
15970,295,14776
16851,96,4801
16851,265,13267
16975,70,3538
14727,10,508
14915,18,904
14915,185,9271
14403,65,3262
14403,81,4073
14382,15,763
14382,27,1353
16122,527,26374
16006,75,3786
17269,3,177
14377,180,9035
15902,369,18498
15017,104,5208
15422,83,4189
15422,104,5213
14603,75,3785
14542,108,5405
14379,204,10245
16724,0,32
16724,58,2905
16063,56,2811
16845,416,20849
17029,250,12534
16821,322,16150
14211,18,932
14211,64,3250
16489,162,8142
14206,32,1602
14161,22,1136
14161,58,2941
16022,435,21771
14631,180,9037
16225,157,7873
14455,88,4419
16923,32,1629
16964,305,15276
15917,439,21963
17215,14,711
17494,267,13381
15086,1,53
15086,76,3816
15086,108,5415
16167,167,8364
14912,172,8610
14464,111,5583
15254,114,5722
14828,108,5419
14797,10,509
14644,87,4396
14644,104,5211
17459,163,8183
15234,125,6279
15234,176,8847
17435,64,3208
14642,40,2027
16253,4,229
14367,9,467
17324,33,1663
14788,61,3069
14788,72,3605
16874,130,6549
17413,216,10821
16092,223,11166
15762,309,15464
14553,113,5690
14810,12,626
14810,14,712
15909,142,7107
15116,143,7165
15116,230,11509
17498,12,621
15834,147,7355
14609,36,1808
16437,139,6962
15514,140,7040
14831,51,2573
14597,94,4747
14597,151,7565
14149,58,2923
15499,91,4559
16896,95,4765
15316,113,5665
15590,329,16474
15590,396,19826
16715,10,516
16901,59,2984
15478,353,17659
15420,5,288
17371,501,25073
16472,9,461
16364,22,1109
15496,28,1412
16295,254,12712
16846,320,16037
14203,4,234
14203,27,1395
14521,25,1269
14816,282,14137
15299,15,751
15299,20,1034
14551,285,14299
16620,10,543
17348,34,1716
14970,96,4832
16161,4,238
14754,19,988
16470,17,888
16188,173,8694
14358,7,371
14358,111,5598
15682,67,3390
16978,398,19906
16684,41,2100
16428,449,22489
16375,0,15
14621,110,5518
17475,127,6384
17475,180,9023
14174,50,2523
14195,194,9731
14955,65,3271
15382,46,2327
16415,25,1278
16415,46,2348
17083,31,1586
16668,94,4746
16350,20,1016
17131,10,532
15367,90,4533
16203,49,2491
14276,20,1038
14702,28,1401
14127,257,12875
16594,14,724
17270,13,665
14948,106,5336
16726,13,679
16839,64,3247
15161,23,1174
15161,193,9660
15152,87,4386
15286,12,620
16075,533,26678
14882,7,399
17132,83,4198
14555,30,1509
14418,184,9216
14418,256,12816
15428,174,8718
17560,52,2612
15348,46,2322
16769,28,1408
15715,67,3387
15715,145,7282
15430,5,294
14134,50,2511
17557,150,7544
15800,53,2698
15800,67,3360
16471,55,2763
16471,102,5148
16188,179,8967
17251,28,1439
17251,39,1974
15910,22,1105
14131,5,251
16935,365,18254
16104,107,5387
15316,172,8633
14772,12,610
14542,242,12150
17106,54,2719
15125,58,2904
14418,20,1027
14418,100,5039
14418,154,7730
17469,33,1691
14632,105,5254
15780,124,6225
15351,52,2619
15358,11,568
15975,163,8174
15478,333,16657
14916,18,934
14787,1,96
16947,198,9914
16947,251,12569
17024,22,1118
14139,263,13174
14214,25,1254
17039,20,1042
17155,84,4227
17155,99,4966
14921,39,1987
17451,84,4201
16588,104,5235
15426,38,1943
14938,146,7316
14938,146,7350
14938,183,9163
17451,278,13945
14165,67,3395
17139,131,6586
14798,13,672
15931,167,8373
14772,295,14800
14453,138,6912
16051,226,11327
16469,26,1340
14903,109,5458
14903,291,14594
16219,310,15513
14989,25,1278
14989,62,3124
14989,190,9511
14356,124,6228
14375,18,911
16769,51,2551
15484,50,2519
15396,162,8122
14609,249,12477
15122,212,10627
15590,84,4229
14149,127,6356
16797,24,1219
16797,151,7562
14878,9,462
14878,201,10091
15800,45,2300
14216,15,761
14216,61,3065
14216,107,5351
14550,194,9749
15520,109,5499
16426,10,523
16426,41,2078
17164,104,5212
16585,201,10090
14175,50,2501
16036,483,24175
15989,243,12199
15989,245,12277
14652,15,779
