run_number,subrun_number,event_number,signal_score,weight
15676,62,3125,0.9013326168060304,0.4580850005149841
14925,135,6763,0.0014777031028643,0.8105599880218506
15867,161,8059,0.010581131093204,0.16498621293260382
15873,316,15803,0.0388254895806312,0.289328008890152
15828,529,26485,0.0003974621940869,1.0325700044631958
14342,199,9992,0.0008273345883935,0.5481250286102295
15777,75,3773,0.0847971066832542,1.120815199421301
15857,1,63,0.1133287921547889,1.2281908375990866
15782,11,573,0.1514259427785873,1.433080932093361
15437,20,1006,0.0190075524151325,0.8731060028076172
17204,155,7784,0.055563561618328,0.6522459983825684
15013,172,8611,0.0507513619959354,1.0213600397109983
15592,42,2136,0.0450168848037719,1.3370914263218197
15700,6,327,0.0037960330955684,0.9935020208358764
15700,8,419,0.2136259824037552,1.3290281278750624
15828,142,7140,0.0499104186892509,1.2557007313704107
15886,3,172,0.0782345458865165,1.0396599769592283
15892,32,1625,0.0066376505419611,0.9305769801139832
15892,32,1645,0.0011776334140449,0.9883540272712708
15521,1,66,0.2069899886846542,0.4547640085220337
15907,51,2592,0.0053238430991768,0.9504899978637696
18923,124,6238,0.4744819402694702,0.7444999814033508
15491,26,1338,0.0433421619236469,1.2824128609479146
15473,7,389,0.6804328560829163,0.9842375744734824
15900,25,1278,0.0037254320923238,1.0324599742889404
18948,167,8393,0.0444475561380386,0.5319470167160034
15859,145,7263,0.0439194552600383,0.9931340217590332
15785,245,12269,0.1737994253635406,0.7749013307290511
15762,267,13374,0.0485749654471874,0.9325940012931824
15762,295,14765,0.0103994579985737,0.9066830277442932
15590,62,3103,0.0030298754572868,1.0463900566101074
15783,195,9798,0.1455322206020355,0.5741583084809782
15895,22,1127,0.037217941135168,1.3165500164031982
15715,45,2293,0.2043126374483108,0.6168408467740392
15872,75,3771,0.6674750447273254,1.124079942703247
15923,56,2831,0.0375386774539947,1.037750005722046
15923,439,21972,0.00099127960857,0.8779129981994629
15657,13,698,0.0034017683938145,1.5310499668121338
15657,21,1085,0.0108110820874571,1.334991292423382
15151,282,14139,0.0426220148801803,0.9934290051460266
15633,27,1390,0.0996883511543273,1.0497699975967407
15633,35,1757,0.0262486618012189,1.0711499452590942
15633,35,1800,0.0016181129030883,1.1520373389740257
15780,121,6057,0.0633498355746269,0.4800969958305359
15780,121,6100,0.0059870374388992,0.5019479990005493
15894,16,822,0.0100768357515335,0.9260299801826476
15921,17,872,0.0287180189043283,1.6403857762884402
18283,86,4346,0.3661626875400543,1.0397088165563702
15775,11,556,0.0053694196976721,0.7395769953727722
15766,32,1640,0.0904485210776329,1.228659987449646
15466,90,4519,0.1192378252744674,1.035640001296997
15466,178,8916,0.4566773772239685,1.4128600358963013
15466,182,9132,0.0060563650913536,1.0326800346374512
15910,71,3568,0.007698961533606,1.0879199504852295
15794,23,1197,0.0102496072649955,0.5396080017089844
15466,29,1459,0.0009901507291942,0.5794489618121901
15466,82,4113,0.1089814603328704,1.2131957913549485
15466,215,10800,0.0180835667997598,0.9573289752006532
15465,60,3014,0.2573589980602264,1.0583699941635132
15677,26,1323,0.0226329322904348,0.7827969789505005
15677,318,15941,0.0021577873267233,1.1903233811387537
15846,62,3132,0.0458413325250148,0.9473410248756408
15921,63,3152,0.7285791635513306,0.9503309726715088
14715,18,937,0.0062276166863739,0.5331264291457777
15504,201,10088,0.0209094788879156,0.6054990291595459
15466,175,8778,0.0287726446986198,1.155650019645691
15872,63,3151,0.0212059114128351,1.0917099714279177
15872,67,3370,0.0850346460938453,0.07874796760762852
15931,315,15790,0.0027334834448993,0.9957265244207747
15931,398,19903,0.000462722236989,1.0978399515151978
16286,357,17894,0.5086394548416138,1.054569959640503
15913,51,2582,0.1163630709052085,1.0323200225830078
15445,7,397,0.055938184261322,0.9297109842300416
15443,59,2959,0.1311840713024139,1.108430027961731
15442,190,9515,0.0014488084707409,1.137936090974243
15708,60,3006,0.0580813325941562,1.0272300243377686
15457,9,452,0.0211151465773582,0.9898930191993712
15779,46,2350,0.1115304455161094,1.1455199718475342
15677,370,18539,0.0038659663405269,0.9022600054740906
15458,8,429,0.025230050086975,0.9103469848632812
15780,89,4469,0.0926544219255447,1.1867648233784394
15828,375,18785,0.014402188360691,0.8832240104675293
15859,276,13835,0.0043828068301081,0.8644539713859558
15859,326,16323,0.1428874880075454,1.444820326271099
15632,16,822,0.0374548770487308,0.9960500001907348
15632,38,1950,0.0165195986628532,0.4913040101528168
15596,67,3356,0.0039726756513118,1.1847387921704498
15900,103,5197,0.0551556684076786,0.9851800203323364
15777,51,2564,0.0080284355208277,0.8779129981994629
15800,150,7549,0.0095332087948918,1.1520282819515442
15861,63,3189,0.07910718023777,1.5700000524520874
15709,62,3128,0.0097565976902842,0.5070580244064331
15647,7,370,0.001475149882026,0.8752650022506714
15783,12,619,0.0599477179348468,1.031922614881914
15504,54,2711,0.0366824306547641,1.4660909765730423
15803,83,4173,0.03682092577219,1.0131421661904907
15800,240,12038,0.0129446936771273,1.3527076600434924
15677,97,4876,0.2188928574323654,0.9994590282440186
15466,23,1183,0.0938535928726196,1.078760027885437
15700,50,2503,0.4374785721302032,1.3185700178146362
15794,185,9266,0.1731982678174972,1.0759175326185755
15509,19,971,0.0354940928518772,1.0889031047122588
15828,475,23754,0.0230281073600053,0.3637210130691528
15828,483,24192,0.0102502610534429,0.537231981754303
15589,3,178,0.072854958474636,0.9593219757080078
15783,10,509,0.0299271810799837,1.0158799886703491
15872,1,92,0.0553307496011257,1.2082500457763672
15878,80,4031,0.0064449692144989,1.0347000360488892
15832,14,720,0.0028793704695999,1.0892200469970703
17237,181,9077,0.0467620976269245,0.9812819957733154
17237,524,26248,0.0346185341477394,1.091230034828186
18233,328,16439,0.0013746238546445,0.5153030157089233
15900,44,2201,0.0053648934699594,1.2100058218666447
15489,104,5234,0.0251834355294704,1.0767687830878003
15808,25,1279,0.1654119044542312,0.6808704858369268
15808,88,4441,0.0039104581810534,1.3982759288324473
15466,252,12649,0.0108245583251118,1.0421500205993652
15702,34,1749,0.0246397629380226,0.9524459838867188
15921,156,7803,0.0837814435362815,0.8176500201225281
15592,31,1599,0.2097580283880233,1.0453399419784546
15910,132,6604,0.0471414402127265,1.317579984664917
15904,20,1008,0.0072688721120357,1.0
15904,43,2182,0.0484233126044273,0.988169014453888
15504,113,5652,0.0756504014134407,1.1613616098693456
15913,20,1035,0.0049755279906094,0.6572099924087524
15439,17,888,0.087013266980648,0.9352570176124572
15439,17,897,0.0387026667594909,3.537882475789303
15465,11,563,0.0267300959676504,0.9062209725379944
15465,77,3874,0.0447533354163169,1.0
15696,3,152,0.02584770321846,1.13160550228271
15702,30,1528,0.042606558650732,1.0081816426216579
15923,5,280,0.0088865831494331,4.211751713271724
15519,10,502,0.0401482209563255,1.0853574207769157
15689,92,4641,0.006743571255356,1.0095700025558472
15689,158,7949,0.0958633720874786,1.060479998588562
15794,41,2077,0.0303456746041774,1.2269599437713623
15923,363,18186,0.0492109693586826,0.4760729968547821
15783,182,9134,0.0275755189359188,1.085819959640503
15632,2,137,0.0062667182646691,1.0081000328063965
15792,189,9453,0.1055210828781127,1.0563100576400757
15778,23,1189,0.0116429263725876,0.5842289924621582
15863,4,235,0.0312071591615676,0.9457460045814514
15504,208,10413,0.0024707724805921,0.9389920234680176
15689,118,5907,0.5699989795684814,1.3590500354766846
15910,178,8929,0.0571739710867404,1.0522500276565552
15151,266,13312,0.0559086687862873,0.4342289865016937
15828,312,15633,0.0012856096727773,1.248191659744265
15918,28,1436,0.1697667092084884,1.2010003988723383
15751,4,248,0.0137442843988537,0.967432975769043
15751,33,1658,0.0072946073487401,1.2239700555801392
15677,39,1961,0.2003081291913986,0.9984980225563048
15828,140,7012,0.0297597032040357,1.038390040397644
15828,304,15203,0.5040997266769409,1.017109990119934
15828,304,15249,0.0185539685189723,1.010040044784546
15892,57,2890,0.0442276336252689,0.7093126151515179
15590,1,56,0.007285145111382,0.7523360252380371
18021,612,30620,0.0461886338889598,1.009269952774048
15923,425,21289,0.0629724413156509,0.6222299933433533
15777,9,476,0.0637829974293708,1.2126482542954309
15777,65,3277,0.0883861109614372,1.0053800344467163
15698,10,523,0.0059721069410443,0.5888986394252242
15766,28,1412,0.090738907456398,0.5542910870588287
15766,28,1417,0.026438919827342,1.3144297786066943
15766,43,2196,0.0069753462448716,0.7591990232467651
15871,51,2554,0.0093012023717165,1.2443599700927734
15871,66,3303,0.0034420941956341,0.9813179969787598
15871,66,3306,0.0395893603563308,1.3408199548721311
15876,33,1683,0.008112808689475,1.0201200246810913
14715,25,1265,0.0012041045119985,0.766294002532959
15466,33,1694,0.0263655465096235,0.6328489780426025
15800,233,11699,0.0145887192338705,1.003999948501587
15456,38,1934,0.0456231459975242,1.0378700494766235
15466,140,7010,0.0974746346473693,0.9918360114097596
15840,22,1101,0.0210773721337318,1.185379981994629
15709,29,1483,0.0282834097743034,1.220569491675576
15890,46,2348,0.1337158232927322,1.0736700296401978
16141,207,10386,0.5980207324028015,0.926472008228302
15715,40,2017,0.0190717317163944,4.575206488382889
15903,19,964,0.1189920604228973,1.2261397265146456
15903,57,2868,0.0531117208302021,0.6001859903335571
15451,27,1400,0.0137091670185327,1.3697500228881836
15923,29,1477,0.0062212129123508,0.5812375779307822
15632,3,176,0.409718781709671,0.8573610186576843
15829,32,1602,0.3989298045635223,0.8909969925880432
14745,153,7678,0.0155351422727108,0.9813479781150818
15832,37,1885,0.0011032583424821,2.098330339744692
15832,128,6424,0.0043527041561901,0.9668229818344116
15491,328,16405,0.8781251907348633,0.967859983444214
15907,94,4714,0.0230495296418666,1.1353169318624197
14897,156,7820,0.3742262721061706,0.18171494520679943
15590,350,17512,0.0400270372629165,0.4252659976482391
15923,84,4202,0.0688275694847107,0.9669589996337892
15592,117,5900,0.2198718786239624,0.507053017616272
15900,39,1996,0.0053542125970125,1.109254477621974
15466,272,13629,0.0109732104465365,0.6033200025558472
15900,38,1914,0.0610210932791233,1.0
16340,165,8271,0.03581253439188,0.7054650187492371
16340,165,8290,0.0115436520427465,0.5536739826202393
16340,286,14302,0.1037735939025878,4.1709238280071474
15808,4,214,0.0072659621946513,1.0530696194126963
16200,71,3563,0.0171567816287279,0.4806689918041229
15965,487,24383,0.0832971408963203,0.8616639971733093
18062,263,13200,0.0325001887977123,0.8927450180053711
18862,53,2687,0.366122841835022,1.2870767539461099
16199,158,7908,0.0481778942048549,1.0440000295639038
16075,32,1612,0.0083887428045272,1.0074299573898315
16770,116,5804,0.0036211519036442,1.0197399854660034
14225,55,2767,0.0237253457307815,1.023669958114624
15589,343,17200,0.0592465102672576,1.036139965057373
16776,12,610,0.0099828401580452,0.6002140045166016
16536,28,1423,0.0043188706040382,0.9379460215568542
15433,33,1675,0.0365545265376567,0.5036870241165161
15799,246,12314,0.2091002017259597,1.0415600538253784
16889,262,13106,0.0002826071286108,0.6163290143013
15264,19,991,0.0366401672363281,0.7026500105857849
16209,118,5942,0.0265272781252861,0.6126999855041504
16874,220,11048,0.0009283613762818,0.7193499803543091
15299,14,701,0.0176620092242956,0.980346977710724
15299,14,743,0.0074638575315475,0.7599223268817354
15966,171,8591,0.006938736885786,0.6205765713681544
16453,364,18209,0.509964644908905,0.16982557771125253
16453,384,19233,0.100067414343357,1.1062470089983094
16724,102,5108,0.0220612715929746,1.1118099689483645
18512,137,6864,0.0464198440313339,0.6081200242042542
18512,182,9117,0.0525590553879737,0.6671820282936096
15394,90,4507,0.0109464200213551,1.0371400117874146
14121,45,2295,0.0303761158138513,1.018839955329895
18677,283,14177,0.0066719013266265,0.6599756521101057
16150,39,1997,0.0057953842915594,0.4648729860782623
16150,235,11770,0.1115247756242752,1.0100959731305608
15249,17,889,0.046403881162405,0.562874972820282
15415,182,9114,0.0185451153665781,1.2833747642523574
16048,3,156,0.923242688179016,0.5233150124549866
16048,11,562,0.020634364336729,0.9920330047607422
16048,12,645,0.0029576765373349,1.0435099601745603
16147,215,10752,0.00193423894234,0.516381025314331
18032,344,17242,0.0399024002254009,6.6893782615615285
18770,10,520,0.041071530431509,1.359439213324265
17818,24,1219,0.2581594288349151,1.335229393961981
14123,83,4167,0.0102953389286994,1.1008700132369995
18634,19,955,0.0153355253860354,0.9405670166015624
18059,205,10252,0.1071958765387535,1.204859972000122
16949,136,6828,0.0008672435651533,0.5165969729423523
16514,13,666,0.0054939417168498,1.18498351648816
15989,504,25237,0.2960908412933349,1.0441471717956006
16571,26,1318,0.0063344631344079,1.055609941482544
15774,331,16555,0.0148244174197316,0.6096190214157104
14154,73,3681,0.0440519750118255,0.7890740036964417
16228,41,2089,0.2001146972179412,1.1826711393796072
16831,22,1144,0.0015214586164802,1.0204999446868896
15425,197,9892,0.0040753036737442,0.5252019762992859
18463,210,10512,0.0019533107988536,0.7516270279884338
18463,468,23422,0.0091673396527767,0.8779129981994629
16802,223,11166,0.0371745787560939,0.9217900037765504
18032,572,28649,0.7135170698165894,1.2306582693896784
16551,272,13603,0.4912605583667755,0.5092920064926147
16551,272,13645,0.0024516014382243,1.0
18677,253,12688,0.0009265988483093,1.1220200061798096
16853,10,516,0.0716690123081207,0.6284859776496887
15989,494,24719,0.0625433251261711,0.9794229865074158
18463,121,6059,0.0608937554061412,0.4933130145072937
18941,41,2097,0.0074581750668585,1.2477641907360066
18610,215,10795,0.0903900638222694,1.132789969444275
18610,234,11708,0.031595904380083,1.0824400186538696
15593,250,12548,0.1981837004423141,1.7831100225448608
18007,9,481,0.0107632270082831,1.2015617806318915
18007,9,498,0.4486060440540313,1.4893399477005005
15916,96,4804,0.7321265935897827,1.054569959640503
15916,380,19024,0.0030978100840002,0.9808430075645448
15771,44,2243,0.0139847751706838,0.6561211829805771
15771,44,2249,0.00848825648427,2.9105947687485236
16101,67,3364,0.1240912154316902,0.2765220105648041
17861,335,16769,0.0168271623551845,1.0999000072479248
18770,47,2355,0.0053962836973369,1.1525293908730208
15873,168,8445,0.0935259982943534,1.2157549672950838
18603,245,12256,0.0018425022717565,0.9199680089950562
15975,7,372,0.2381136864423751,1.0117704431285899
15975,98,4904,0.0027656853199005,0.8475040197372437
16964,167,8353,0.0317661762237548,1.2144633068018607
14174,160,8034,0.0184889137744903,1.0657800436019895
14174,175,8793,0.0262559335678815,1.1792900562286377
16889,32,1609,0.0375263802707195,0.8923779726028442
16889,32,1646,0.0736533105373382,0.8813539743423462
18265,7,397,0.0121617186814546,0.6566709876060486
15386,101,5072,0.208226129412651,0.5837739706039429
15774,116,5844,0.2801058292388916,0.8779129981994629
18527,412,20631,0.0131701780483126,1.049370050430298
17013,31,1582,0.0076135359704494,0.5151200294494629
16551,77,3897,0.2688224613666534,1.058500051498413
16551,122,6149,0.1460400074720382,0.91109299659729
18032,427,21395,0.1117011159658432,1.1537466860142302
18481,13,674,0.5397946238517761,1.0194300413131714
14148,180,9008,0.0625459775328636,1.029379963874817
15242,86,4325,0.0412628576159477,0.6137610077857971
16557,28,1419,0.1208356618881225,1.0015699863433838
18954,401,20077,0.0274012070149183,1.1459985672957487
16448,11,573,0.0120921796187758,2.6234191255222754
16906,68,3429,0.0077490736730396,0.0001323468377583605
18238,199,9960,0.1836362034082412,1.2653800249099731
15916,340,17020,0.0130986114963889,1.4057600498199463
15225,25,1265,0.1538639366626739,0.9217900037765504
18863,46,2308,0.0110186412930488,0.9965770244598388
18863,161,8088,0.0426408052444458,1.0037800073623655
15501,5,265,0.2218696475028991,0.7474309802055359
14154,7,363,0.0508584007620811,1.0
18957,103,5151,0.2333810180425644,1.0450899600982666
18957,355,17758,0.0395606718957424,0.8328359723091125
15634,75,3800,0.000195407148567,0.6003260016441345
16894,28,1448,0.0144098866730928,1.0483299493789673
16080,26,1322,0.0111210690811276,1.0484999418258667
16794,6,311,0.3174484372138977,0.8889660239219666
18219,34,1725,0.8306300640106201,0.4910419881343841
15949,232,11616,0.4223262965679168,1.1149956745514442
14157,100,5038,0.0465642251074314,0.5330529808998108
14186,9,477,0.0324094071984291,1.4037100076675415
14186,129,6466,0.0628651231527328,1.0084500312805176
16514,34,1728,0.0190730057656765,1.0347000360488892
16514,34,1742,0.0808674395084381,1.0191800594329834
18685,303,15184,0.0113494182005524,0.6800450086593628
15411,228,11441,0.024939464405179,0.8944429755210876
16845,47,2383,0.0040566236712038,0.9153860211372375
16845,249,12463,0.0148859051987528,0.4600208617711488
15282,67,3385,0.003855392569676,1.015820026397705
16845,387,19390,0.0315826535224914,1.1517599821090698
14149,196,9806,0.066123142838478,0.9620280265808104
16036,508,25443,0.0057061752304434,1.0844600200653076
14152,250,12541,0.0080380178987979,0.4920369982719421
15634,210,10530,0.0132044935598969,0.6388086385554601
18508,37,1871,0.0124833500012755,1.1390199661254885
16091,36,1815,0.0236392971128225,1.242130846316229
18678,22,1121,0.0014126698952168,1.1200799942016602
16946,110,5543,0.0228103995323181,0.6378589868545532
16169,358,17939,0.0226089265197515,1.301509976387024
16312,119,5965,0.1133599504828453,0.4736180007457733
18779,95,4787,0.0153867751359939,0.602133751617462
15917,141,7071,0.078207641839981,1.0501199960708618
18954,53,2682,0.0890951678156852,1.1743520051781644
18225,392,19622,0.2405744343996048,1.2188608830722103
18923,218,10908,0.0100830839946866,0.9034879574562851
15353,138,6921,0.0030683081131428,0.002490713368984285
18697,424,21213,0.0052607497200369,0.8822090029716492
17686,177,8884,0.1165066957473754,1.0618799924850464
15345,134,6735,0.5184580087661743,1.0920139123325256
16313,298,14946,0.35527503490448,1.225965479263209
14129,1,67,0.0062264651060104,0.7226589918136597
14129,32,1646,0.0010513849556446,1.19196733450039
18238,48,2432,0.0093207582831382,0.9110569953918456
18238,293,14679,0.0331210605800151,1.0596100091934204
18238,315,15794,0.0103758405894041,1.1060891783208715
16542,53,2679,0.0113063845783472,1.0
15402,46,2312,0.0012527530780062,1.27947998046875
18782,59,2997,0.0034306880552321,1.0
15877,80,4034,0.1270807087421417,1.0324499607086182
15251,15,760,0.0087516326457262,0.5968289971351624
15251,48,2428,0.0913351774215698,0.514648973941803
15398,301,15086,0.0118403593078255,0.5926570296287537
16336,94,4742,0.2792576551437378,0.3131009936332702
16336,102,5121,0.0014553352957591,1.438128963883514
18915,197,9859,0.0090933945029973,1.0746400356292725
15514,139,6974,0.3695159256458282,1.091040015220642
16949,53,2679,0.0080685140565037,0.9567610025405884
16851,292,14621,0.0545714199542999,0.9961140325950169
15901,269,13500,0.0588142126798629,0.9400659799575806
18623,31,1553,0.0067852898500859,0.5933861372271849
18233,176,8819,0.0457389429211616,0.4202820062637329
18676,400,20034,0.004975666757673,0.7831969857215881
15930,444,22218,0.0121940411627292,0.5031602464234766
15316,226,11334,0.0261625070124864,1.0383299589157104
15316,226,11341,0.0396482422947883,0.5078579783439636
18062,117,5858,0.076510913670063,0.6849340200424194
18062,250,12527,0.0136834010481834,1.0350712563418014
17048,64,3224,0.1744040846824646,1.1205464040799593
15640,210,10507,0.054468136280775,0.5022027042226753
17865,392,19623,0.0041866730898618,0.37342652244133845
16065,45,2278,0.0102319233119487,0.967203974723816
16065,55,2770,0.1931249797344207,1.2028999038848982
17035,21,1100,0.040718100965023,0.8752490282058716
15397,92,4638,0.0056505827233195,1.1196199655532837
15893,62,3112,0.0507283248007297,0.8610460162162781
17009,10,531,0.0232033319771289,1.0010499954223633
15283,40,2050,0.0158998016268014,0.3984079957008362
16583,237,11872,0.0095923226326704,1.0394200086593628
16797,17,858,0.3156723082065582,0.7771400213241577
15713,55,2794,0.0029574022628366,0.9740030169487
15713,75,3776,0.0286756046116352,0.9336749911308287
15713,75,3788,0.0316149406135082,0.7168459892272949
18577,44,2206,0.1013906896114349,0.8635299801826477
18246,33,1672,0.0119628058746457,1.3369576950192794
16963,221,11052,0.0110038360580801,1.1847566226351347
16038,74,3718,0.827861487865448,1.1305151513619196
16038,160,8029,0.0371585562825202,0.1252896304222304
18226,226,11339,0.0047257239930331,0.6232273134229871
18007,155,7764,0.0061869211494922,0.9998030066490172
15966,20,1033,0.0078044114634394,1.3180999755859375
16096,83,4155,0.8073578476905823,1.2315499782562256
15273,49,2494,0.0351106002926826,1.1774706971230484
16067,94,4727,0.0447646416723728,1.0455199480056765
16067,102,5119,0.095779076218605,1.2121599912643433
16067,136,6830,0.0323492959141731,1.0
18685,24,1234,0.0012548698578029,0.5485855457549214
18685,128,6422,0.0030190700199455,0.6011589765548706
16923,332,16616,0.0010665170848369,1.065559983253479
17865,274,13740,0.003126410068944,2.721543820046349
14161,78,3943,0.2690791487693786,1.6326899528503418
18007,29,1456,0.1788848638534546,0.975678026676178
18007,107,5381,0.0314478948712348,0.8024719953536987
15774,204,10212,0.0627176910638809,0.5657489895820618
18923,215,10774,0.0315744318068027,0.5927039980888367
16179,4,205,0.2945230007171631,0.9939529895782472
16110,29,1498,0.0006535822176374,0.010371252998275923
16172,102,5130,0.0333667993545532,1.1606750997860475
18863,166,8334,0.036607202142477,0.5996413118116095
16379,40,2025,0.0760139673948288,1.1092599312367781
16809,225,11269,0.0374808721244335,1.3878536960208407
16147,177,8884,0.0491163991391658,0.9389870166778564
16426,38,1917,0.2676662802696228,1.0
15920,92,4610,0.0265735201537609,1.0265899896621704
16515,0,50,0.042243268340826,1.1334323095213679
15262,162,8133,0.045113306492567,1.0446200370788574
15254,68,3434,0.0161757953464984,1.020050048828125
15915,181,9071,0.0097238700836896,1.0
18761,85,4289,0.9489984512329102,1.2409838882291524
15917,210,10524,0.012652083300054,1.0425000190734863
14127,241,12092,0.0102414609864354,1.0173100233078003
15436,284,14234,0.0252913031727075,0.8571680188179016
18242,188,9429,0.0130204539746046,1.1653356321750508
16158,360,18008,0.027773393318057,0.9932199716567992
18577,142,7143,0.0074185696430504,0.9644020199775696
15933,267,13359,0.0056806523352861,0.5378360152244568
15940,133,6685,0.0485892631113529,0.4219299852848053
15940,250,12505,0.0408906005322933,0.08817118984721614
18779,476,23847,0.0016788896173238,1.2939003682555492
16965,119,5971,0.3017835617065429,0.9680230021476746
16889,97,4859,0.0062609869055449,0.5006229877471924
16889,125,6280,0.1159593090415,0.5243020057678223
15954,273,13658,0.3141788244247436,0.8994889855384827
17861,190,9536,0.02904331125319,1.262464806529806
18519,65,3258,0.9960556030273438,0.9351990222930908
15882,51,2558,0.0278313569724559,1.0324900150299072
15403,127,6359,0.0741104930639267,1.2631004714409073
15593,217,10891,0.0013553970493376,0.958800971508026
17046,57,2863,0.0970097258687019,1.033910095503785
16312,201,10067,0.0143536226823925,0.9345359802246094
16312,273,13664,0.0335328094661235,0.6594709753990173
16586,19,997,0.0236241482198238,0.8438320159912109
16846,126,6327,0.9821489453315736,1.5353200435638428
15262,92,4605,0.006978157442063,0.4219459891319275
15262,93,4657,0.4148215651512146,1.3448948731777077
17019,78,3914,0.1045482605695724,1.0009499788284302
16051,67,3382,0.3996920883655548,1.0189900398254397
18238,34,1713,0.0511957667768001,1.1002899408340454
15875,84,4202,0.0011771724093705,0.8790040016174316
15983,220,11007,0.0815350040793418,0.973468005657196
18665,404,20219,0.0161952879279851,0.9941689968109132
16453,131,6582,0.0023215329274535,1.285159945487976
15554,1,72,0.1230164840817451,3.949814968786541
15554,42,2101,0.0917690843343734,0.484140008687973
15909,243,12178,0.0358238816261291,1.171839952468872
16283,80,4022,0.0027695663738995,1.0995598703776468
18050,17,900,0.0427853390574455,0.9855520129203796
15348,44,2224,0.0042102648876607,1.0
16884,34,1708,0.0172340273857116,0.6290889978408813
15447,105,5262,0.004535221029073,1.25451295314042
18760,72,3646,0.1593195348978042,0.8392900228500366
14157,11,586,0.0797541365027427,1.0288000106811523
15422,4,229,0.1474875062704086,1.0544300079345703
18779,179,8990,0.0138599649071693,1.7832468373831603
18779,446,22330,0.0167496744543313,0.8952109813690186
16043,52,2615,0.1629915833473205,1.1872131867951339
16356,40,2010,0.0548547357320785,0.8452995507579075
16356,40,2011,0.0035054301843047,0.9077590107917786
16744,210,10519,0.0356947481632232,1.1412018445682293
18468,85,4294,0.0327272042632103,0.9100379943847656
16964,120,6012,0.0005764974630437,3.8218439361590413
15469,293,14668,0.0017876974307,1.0178899765014648
16205,189,9479,0.5985820889472961,0.0011561713422673391
15335,101,5065,0.0873459726572036,1.1503700017929075
15361,38,1915,0.1591729074716568,1.028689980506897
15960,12,632,0.0253613851964473,0.954268991947174
18937,98,4902,0.0360921435058116,1.3966071551685102
18685,202,10146,0.0121665820479393,1.1922141165217397
16486,14,707,0.0164751205593347,0.9998800158500672
18748,323,16197,0.049357634037733,0.9217900037765504
16347,16,821,0.2659480571746826,2.6542117393262856
16347,19,959,0.0264792665839195,2.690311742940657e-29
15593,143,7172,0.0595169216394424,0.7471910119056702
18242,75,3777,0.114688329398632,0.6724530087178875
14148,154,7737,0.0020376872271299,1.3280400037765503
18685,96,4828,0.0260727312415838,0.8682889938354492
16410,96,4817,0.0114429900422692,0.5194069743156433
16272,293,14686,0.0142994513735175,1.0130939024432093
15593,136,6833,0.0042754774913191,1.7265508431173657
15593,155,7754,0.0477441437542438,1.100170016288757
18508,165,8265,0.0175415035337209,0.8940799832344055
15875,442,22133,0.020351780578494,0.9985610246658324
18251,71,3578,0.0375523678958416,0.4508669972419739
14298,74,3731,0.0074991867877542,0.6076210141181946
16843,80,4005,0.0745088383555412,0.49977966148989594
16843,145,7265,0.0141928335651755,0.9463531051345342
18233,279,13998,0.0255796015262603,0.9835370182991028
16094,144,7216,0.8878353834152222,1.2606600522994995
16338,7,375,0.1358107775449752,1.2459299564361572
15939,136,6820,0.0019599557854235,1.0205899477005005
15969,364,18237,0.2256105989217758,0.5708479881286621
18615,15,764,0.0276866201311349,0.5169029831886292
18615,185,9299,0.0587264150381088,1.020990014076233
15429,11,571,0.3258682191371918,1.1666165166051172
18754,51,2565,0.9247812032699584,1.3135037422677982
18874,191,9586,0.058689035475254,0.7379500269889832
15901,70,3548,0.1092416048049926,0.9657480120658876
17023,192,9602,0.8415099382400513,1.2349543983862077
18732,387,19375,0.992548167705536,0.9021549820899964
15875,49,2500,0.0928874686360359,0.8779129981994629
17028,15,763,0.3022770285606384,1.0474799871444702
15946,441,22078,0.1077131479978561,0.6821732566372205
18740,230,11528,0.0130204716697335,1.2930041787093955
14135,7,363,0.0091094393283128,3.1544803990854575
17056,321,16068,0.0844140201807022,0.8090498459604873
18685,111,5560,0.0270647816359996,0.6437348705889008
16491,20,1011,0.0651487112045288,4.5988334280586075e-07
15348,228,11440,0.0087123801931738,0.818701982498169
18732,87,4380,0.0004575734201353,0.4878059923648834
16964,41,2070,0.0353030040860176,1.1994099617004397
18677,234,11708,0.0049239238724112,1.157960057258606
18760,10,538,0.0173535104840993,1.1092000007629397
16295,72,3618,0.0050873854197561,1.087762248379818
16341,33,1686,0.0058683892711997,0.5657280087471008
16341,140,7024,0.0042148195207118,1.019279956817627
18760,170,8530,0.0180711466819047,0.9732670187950134
15228,95,4766,0.0092504415661096,1.2078595277299087
15897,42,2109,0.0187293067574501,1.2132045780062133
16473,148,7421,0.0074628149159252,1.0065399408340454
16446,259,12998,0.0068787233904004,1.0216399431228638
18687,88,4436,0.0446526668965816,1.1093499660491943
18687,491,24591,0.0069788843393325,1.2711900472640991
15801,375,18794,0.0301264207810163,0.8853387652715128
18048,333,16672,0.0613693296909332,0.963916003704071
16919,316,15850,0.2999444007873535,18.49944474584686
18743,215,10755,0.0243156123906373,0.841588020324707
18265,38,1923,0.0040415115654468,1.1865700483322144
18929,7,377,0.109154500067234,0.608568012714386
18268,54,2738,0.0056763254106044,1.203683314120724
14186,124,6208,0.0042858528904616,0.5764705641344036
16581,87,4358,0.0251608360558748,0.8209897862320759
15361,157,7854,0.0140741234645247,0.6366919875144958
15917,509,25457,0.0463664308190345,0.8717859983444214
15917,509,25477,0.0190413314849138,1.0935967440671772
16544,39,1962,0.0007766588823869,0.5978410243988037
18796,29,1477,0.0608350001275539,1.1069300174713137
16088,6,319,0.7210811376571655,0.45087937573124737
16088,6,323,0.0024535881821066,0.8006330132484436
18225,448,22418,0.0592367351055145,0.98370099067688
18862,411,20596,0.0096127837896347,0.7225840091705322
14186,227,11386,0.0580404512584209,0.2090770006179809
15308,91,4562,0.039076842367649,1.0307600498199463
18511,171,8597,0.0408131554722785,1.0727299451828003
18910,187,9378,0.0036573922261595,1.2005273399018535
18245,87,4358,0.0192440766841173,1.0415899753570557
18245,87,4384,0.225742682814598,0.6360809803009033
16842,72,3629,0.0107406172901391,1.0111099481582642
18272,154,7710,0.0127914221957325,0.7062500466435608
16499,324,16239,0.0204237699508667,1.284119963645935
15981,75,3784,0.1196941286325454,1.199489951133728
15713,206,10318,0.0048914947547018,1.1146114585779119
18719,159,7986,0.1030770763754844,0.7701749801635742
15323,86,4306,0.0176580138504505,1.3222299814224243
18512,206,10325,0.9993832111358644,1.095039963722229
18764,93,4677,0.0186541378498077,2.156658713820377
18740,34,1742,0.0003721522225532,0.7584360241889954
18732,475,23794,0.152615413069725,1.0125800371170044
18922,240,12004,0.1160279437899589,1.4804600477218628
16869,33,1659,0.0177002977579832,1.185434644505932
15851,134,6719,0.0673711448907852,0.595646987455801
16744,270,13532,0.0070339473895728,1.0243666271012586
16759,224,11201,0.0034726406447589,0.6817089915275574
18283,3,175,0.0156280901283025,1.1131000518798828
16118,40,2011,0.0947306081652641,1.1072900295257568
15530,159,7991,0.9096713662147522,0.9706680178642272
18242,65,3282,0.0375119745731353,1.0073815235838879
17036,44,2248,0.0354388356208801,1.0320199728012085
16071,70,3527,0.2345726788043975,1.0396500276304013
16874,497,24895,0.0063125635497272,1.018530011177063
17036,282,14116,0.0098636597394943,0.9102259874343872
15978,12,629,0.8929701447486877,0.6570590138435364
17004,153,7675,0.0374420024454593,1.0017006603118261
18756,35,1753,0.1769487261772155,1.0379899740219116
18771,39,1988,0.0018768749432638,0.6534550189971924
16458,39,1980,0.0020292240660637,1.048665179333739
18933,204,10231,0.0970767736434936,0.6384729743003845
15422,1,87,0.0796557590365409,1.03125
15682,41,2067,0.0156742464751005,0.9740710258483888
15502,34,1748,0.0302897430956363,0.9042090177536012
16092,7,351,0.8831823468208313,0.6331999897956848
15801,530,26524,0.0037069870159029,0.014488804537916325
15862,216,10804,0.0101109780371189,0.7962440252304077
16071,41,2072,0.1101426631212234,0.8678939938545227
15931,71,3565,0.0011179300490766,0.4399609863758087
16110,102,5113,0.0161507669836282,0.4420309960842132
18619,292,14606,0.0790297165513038,1.015570044517517
16557,93,4651,0.0093723135069012,1.1199100017547607
16557,158,7922,0.0017625977052375,1.2316361339361492
15928,20,1020,0.0222539845854043,1.6407999992370603
15928,62,3125,0.0447071604430675,1.38444347464997
15928,105,5261,0.0043826196342706,1.0082299709320068
15634,259,12965,0.0099752647802233,1.001330018043518
16440,106,5309,0.0025852776598185,1.0616999864578247
18926,73,3654,0.0063602309674024,0.8848031910391541
18034,77,3899,0.0691950842738151,1.3183499574661257
18233,269,13465,0.0025067983660846,0.7402635385012957
15246,39,1980,0.0525472834706306,1.1511399745941162
18515,141,7089,0.0294023733586072,0.0002791215520451269
16944,31,1557,0.0732895657420158,0.9687340259552002
16944,106,5306,0.0143279153853654,0.7816483456887795
16008,399,19982,0.0776435509324073,0.8181552696461409
16147,385,19298,0.0177863631397485,1.132830023765564
16175,87,4389,0.4750613272190094,0.4128580093383789
16107,141,7088,0.0553016737103462,1.0437500476837158
14122,33,1672,0.0035283588804304,0.8779129981994629
16586,16,827,0.2710781395435333,0.9879930019378662
15291,17,882,0.0108717288821935,0.9461010098457336
15291,286,14347,0.8913407325744629,0.4556469917297363
16203,79,3985,0.0424878410995006,0.6092810034751892
15511,21,1090,0.0023113703355193,1.508837735975045e-05
16965,327,16380,0.1065968573093414,0.5933550000190735
14159,110,5511,0.0049408609047532,1.2320400476455688
16847,37,1872,0.0402139835059642,0.9512050151824952
15295,50,2525,0.0118547352030873,0.9751799702644348
16317,118,5918,0.0218128021806478,1.721650004386902
15640,168,8433,0.0642605721950531,1.3517076295168096
18645,35,1751,0.0508493036031723,4.3804687669007656e-09
18639,181,9057,0.0338704325258731,0.028293544452607258
18903,73,3677,0.7754489183425903,1.2700157179625362
16060,142,7108,0.2253729104995727,0.5017325036790224
16060,193,9651,0.2692968547344208,1.0144699811935425
18760,130,6522,0.0905942171812057,0.862729012966156
18760,130,6541,0.0691856890916824,0.9679935279923129
15593,14,731,0.0396111942827701,0.5226079821586609
16006,201,10096,0.1726104915142059,1.1807399988174438
18911,85,4283,0.1592030674219131,0.4649980068206787
16104,34,1720,0.0179004780948162,0.5222809910774231
15291,261,13076,0.002987498184666,1.110159993171692
18054,320,16006,0.0786178708076477,0.8771870136260986
16730,19,951,0.0062605775892734,0.9838119745254515
15282,131,6560,0.0317565910518169,1.0217724260286332
15243,16,824,0.0085234399884939,0.5593349933624268
16761,151,7592,0.0051921014674007,0.8983629941940308
16874,267,13373,0.109426274895668,0.6618220210075378
16301,156,7843,0.0721201002597808,1.236171971362566
15297,192,9601,0.0018828024622052,0.5746989846229553
14124,44,2241,0.0564621463418006,0.5768479704856873
18923,574,28750,0.0044082039967179,0.905318021774292
14291,210,10505,0.0475573763251304,1.1442300081253052
16119,170,8513,0.4017479419708252,0.4532381589093006
15593,218,10923,0.0560560747981071,0.5095121793783157
18900,169,8457,0.0867654010653495,0.5397989749908447
15339,146,7307,0.0250324327498674,1.300882948200112
18514,175,8776,0.0066856243647634,1.0722691160454263
15279,42,2142,0.2120030373334884,1.0353100299835205
15447,66,3302,0.0407419353723526,0.8916239738464355
18694,6,307,0.0020295986905694,1.0378600358963013
16890,193,9653,0.0627206787467002,1.275472203566892
16890,193,9659,0.0972314998507499,1.001139998435974
15774,91,4565,0.2337312698364257,1.1969300508499146
18903,105,5253,0.0070851147174835,0.9937809705734252
18048,386,19350,0.0265496205538511,1.0506900548934937
16089,257,12880,0.0679901540279388,1.3189610905496352
16089,257,12882,0.0615682639181613,0.4679200053215027
16352,416,20817,0.0091393068432807,0.7641993954232618
16379,107,5379,0.0019245040602982,1.139009952545166
16379,232,11650,0.5607447028160095,1.5562800168991089
15316,62,3108,0.0304049011319875,3.044097181752156e-29
15316,237,11867,0.0008698794408701,1.1895686531836418
15339,2,131,0.0015563048655167,0.6355760097503662
15501,66,3326,0.0003693435864988,0.7660929016763233
16122,76,3812,0.0050965822301805,0.9922249913215636
16122,76,3814,0.0183278620243072,0.9193723387024588
16122,274,13727,0.0657910481095314,0.8870260933212819
16122,299,14990,0.0069099799729883,0.9337199926376344
16994,157,7897,0.003874730085954,1.035249948501587
18951,80,4015,0.0004714025708381,1.1732041869340577
18951,192,9649,0.0073730149306356,0.012065937573796336
18935,180,9029,0.6686922311782837,1.495519995689392
16555,70,3538,0.0176478195935487,0.4966549873352051
18918,137,6898,0.0184718333184719,0.550032286790934
15851,46,2315,0.0662760809063911,0.27782918832195946
16506,127,6385,0.0172838885337114,0.5292249917984009
16403,45,2282,0.0119378687813878,8.264595793717082e-10
16403,57,2895,0.0203231032937765,1.0424000024795532
16247,109,5484,0.0030723039526492,1.4217120119404996
16946,133,6686,0.1356617361307144,0.4826659858226776
15713,35,1771,0.2347059845924377,1.3921775304991684
15713,143,7160,0.0900354534387588,0.00014822651182716192
18242,114,5741,0.0147788040339946,1.014930009841919
18242,220,11044,0.0089462753385305,0.9354889988899232
16145,2,119,0.4267333149909973,1.0134999752044678
15917,316,15811,0.0022080400958657,1.206380009651184
16437,114,5709,0.0283395648002624,1.1817599534988403
16437,181,9064,0.0110444230958819,1.133195649181964
18574,154,7721,0.0110055999830365,1.2166199684143066
15330,88,4428,0.0116027081385254,1.1486400365829468
16692,11,574,0.0634645521640777,1.0410699844360352
16692,30,1502,0.0066435202024877,1.1612900495529177
16890,32,1638,0.0194596964865922,1.0665487840477397
18007,117,5873,0.0570878088474273,1.3283255733761905
15870,153,7696,0.0639360174536705,0.00048676266097694767
15870,229,11471,0.0137685257941484,1.1423606622603446
15397,7,399,0.0359727181494236,1.5105899572372437
18690,116,5802,0.0109144281595945,0.6886376022723084
15231,122,6135,0.0658558458089828,1.088230013847351
15231,123,6200,0.3118741810321808,0.7290441682273681
16317,6,334,0.1011558920145034,1.1057000160217283
16317,6,341,0.1478727459907531,0.5779139995574951
16250,75,3767,0.0189403388649225,0.8516759872436523
16923,159,7959,0.0161834564059972,1.0184500217437744
15875,223,11167,0.0228534042835235,0.8884570002555847
16008,307,15353,0.752399742603302,1.045830011367798
16008,307,15357,0.0581892952322959,1.1091965701658066
18957,140,7037,0.0015759704401716,0.9736120104789734
18615,48,2428,0.0148601727560162,0.968089997768402
16557,125,6253,0.0332732908427715,2.093433393936749
16825,26,1322,0.2437489926815033,1.2551797401477816
16514,71,3551,0.0841264501214027,0.3748717167289896
15943,3,166,0.6780267953872681,1.0326199531555176
18760,95,4765,0.023286148905754,1.1746885630830093
15391,288,14436,0.0067006791941821,1.1438499689102173
15927,277,13884,0.0127807511016726,0.6412870287895203
18007,112,5631,0.0025076353922486,0.8757330179214478
18007,112,5647,0.0006547206430695,3.656407891086417e-05
15514,82,4139,0.0532135441899299,0.7083899974822998
15514,100,5040,0.0723306015133857,0.6219189763069153
14124,220,11050,0.111948125064373,1.1403499841690063
18874,27,1383,0.0102950483560562,1.3238451038996573
16405,35,1754,0.0013128763530403,1.0466400384902954
18643,5,284,0.0032196901738643,0.785302996635437
18519,60,3015,0.0126276472583413,0.4032230079174042
16158,124,6239,0.0015737188514322,1.413140058517456
16158,334,16723,0.0045791273005306,1.0858935907162959
18492,60,3031,0.0026269610971212,0.844506025314331
18492,122,6113,0.0301247704774141,0.9098770022392272
15713,141,7068,0.4684956669807434,1.084678344090662
15713,141,7081,0.0782505422830581,1.2006008390732175
15946,268,13415,0.0039422502741217,1.0279770329117355
18947,183,9175,0.0013461853377521,0.8279970288276672
15676,65,3292,0.1586084216833114,0.7799479961395264
16119,270,13531,0.0348173528909683,0.6375719904899597
16119,291,14593,0.0141910249367356,0.6124780178070068
16446,241,12088,0.0415872521698474,0.9272649884223938
15464,167,8367,0.0305869299918413,0.7924559712409973
15464,263,13169,0.0706529915332794,1.2851929484774587
15318,180,9010,0.0758979618549346,1.08610999584198
15296,258,12935,0.0488931834697723,0.9805018612650827
16901,110,5508,0.0056739202700555,0.832198977470398
18795,263,13189,0.0923262909054756,0.8234429955482483
15510,29,1494,0.0105674872174859,0.9531310200691224
15510,30,1533,0.0045174844563007,0.9997190237045288
15510,32,1616,0.5121341943740845,0.5149949789047241
18499,135,6751,0.0051656085997819,0.614952027797699
16021,300,15045,0.0112207615748047,1.0386600494384766
15640,98,4917,0.0170911569148302,1.1100664498753758
15640,223,11155,0.1671002954244613,0.5803239941596985
16052,103,5195,0.0033887650351971,1.092900037765503
16565,2,119,0.2898940145969391,1.3724299669265747
16847,12,625,0.0959137231111526,0.8127449750900269
16586,29,1490,0.0005406978889368,0.7579389810562134
15484,25,1269,0.1046699061989784,1.209379878626919
18238,326,16350,0.0024826910812407,0.7167890071868896
18760,1,63,0.0049159843474626,0.7175920009613037
16214,73,3661,0.0522914715111255,0.9854739904403688
15952,126,6308,0.3978022038936615,0.8669260144233704
15862,331,16552,0.006383410654962,1.033560037612915
18740,78,3944,0.0269346106797456,1.0426199436187744
16075,11,599,0.270163744688034,0.9979429841041564
16075,25,1300,0.0251809246838092,0.9311280250549316
16075,231,11599,0.0693388879299163,0.9697160124778748
16196,108,5447,0.0807794481515884,1.0392400026321411
16028,350,17535,0.0591539926826953,0.9980599525035245
15897,2,140,0.011860572732985,1.057479977607727
15897,66,3313,0.2341663837432861,1.0153199434280396
15954,328,16427,0.0954875946044921,1.1647299528121948
18900,140,7023,0.2898596227169037,0.8364070057868958
18900,62,3127,0.0307919383049011,1.014559984207153
15676,57,2896,0.0137056214734911,0.9960169792175292
16267,75,3795,0.005307060200721,0.8287690281867981
18044,132,6608,0.1294007301330566,1.0115900039672852
15981,225,11270,0.035623051226139,1.145509958267212
15981,247,12384,0.00549330515787,1.0002700090408323
16041,215,10775,0.0060325814411044,1.0608999729156494
18717,56,2838,0.0480607524514198,1.1309876635919025
18717,89,4451,0.0420435257256031,0.4304400086402893
18929,44,2242,0.6571002006530762,1.2744799852371216
16731,438,21909,0.3040846288204193,1.0181699991226196
16731,438,21947,0.0205660909414291,1.164430022239685
16186,320,16005,0.181352436542511,0.5774449706077576
15916,321,16076,0.1036427691578865,0.6858810186386108
15927,78,3932,0.0994771793484687,0.955623984336853
18603,10,513,0.0192330665886402,1.3572504598672734
18748,99,4959,0.0302121713757514,1.0085699558258057
16276,18,913,0.2901932597160339,1.0350600481033323
16851,230,11548,0.9497950673103333,1.2935350157863754
15920,59,2971,0.2115686237812042,0.5903289914131165
15917,365,18270,0.189639151096344,0.5505217840054719
16089,171,8585,0.0040414710529148,1.2215413068970804
16112,68,3446,0.4464724361896515,1.3104856938326745
16186,324,16201,0.0013309562345966,1.1170063006451585
15486,82,4104,0.021649595350027,0.992317367435092
14151,75,3785,0.0104777542874217,1.033464634396779
14125,69,3479,0.1394866853952407,0.9216899871826172
18907,90,4535,0.0007845773943699,1.0549532447914984
18037,14,710,0.3373765647411346,1.3357920303168527
18037,31,1600,0.0560604222118854,0.6822999715805054
15433,115,5795,0.0804209560155868,0.786994993686676
15589,54,2737,0.0426284074783325,0.969078004360199
18527,243,12169,0.356039822101593,0.8126109838485718
18527,712,35604,0.0019403379410505,1.0839200019836426
15976,43,2164,0.0200863890349864,0.00015430059226266993
15422,49,2476,0.006219420582056,1.1634025668698222e-13
14297,255,12782,0.1323079764842987,0.7368829846382141
14183,4,218,0.1504577100276947,1.0486600399017334
15301,37,1870,0.0021732933819293,1.315060019493103
15981,380,19030,0.0283164605498313,0.6765660047531128
18794,313,15654,0.031478825956583,1.1318367249504035
15960,202,10108,0.0082086091861128,1.4122099876403809
15960,421,21077,0.0055827968753874,0.7159434966660427
15701,129,6485,0.0308978743851184,0.5974259972572327
15382,32,1615,0.0449983365833759,1.163538606937706
15382,133,6674,0.0033246821258217,0.938664972782135
16845,377,18866,0.0022809945512562,0.9102399945259094
16205,390,19507,0.0406408943235874,1.0
17759,28,1408,0.003594001987949,0.4473179876804352
16036,153,7699,0.0368267782032489,0.5059909820556641
18574,207,10387,0.0038268405478447,1.0734800461918326
16227,141,7095,0.2944685816764831,1.0302000045776367
16851,322,16143,0.150422602891922,1.0494210686483714
16851,356,17825,0.0070521426387131,0.5759180188179016
15877,203,10177,0.0192031413316726,1.080940008163452
15877,203,10190,0.0594052970409393,1.0194599628448486
15877,259,12977,0.7519829273223877,0.8334919810295105
16295,124,6223,0.0262637119740247,1.0480400323867798
16693,242,12129,0.0029812862630933,1.0910199880599976
15436,163,8158,0.0108058266341686,4.784197005669672e-05
16923,79,3972,0.2730125486850738,0.590927004814148
16210,191,9570,0.0046527907252311,0.6965876834468645
15593,219,10996,0.0036773295141756,0.6737101858379901
15328,77,3851,0.0014713436830788,1.0830399990081787
15328,150,7550,0.0407599620521068,1.2422000169754028
16403,15,798,0.2068113982677459,0.97113698720932
16403,24,1229,0.006568921264261,0.8413569927215576
18699,123,6168,0.1688752770423889,0.7835239768028259
16964,20,1048,0.0006065408815629,0.8954150080680847
16964,488,24407,0.082877479493618,0.5310940146446228
16964,488,24410,0.1331157088279724,0.9354590177536012
16826,350,17501,0.0352237746119499,1.0324900150299072
15930,198,9937,0.0287921726703643,0.19780367670871435
15980,26,1334,0.2449257224798202,0.9983140230178832
15917,127,6375,0.0190832819789648,0.8479291169186355
18235,205,10264,0.0025754463858902,1.0977599620819092
16022,83,4159,0.1095835790038108,1.429710030555725
16022,83,4170,0.8681361675262451,1.424425006973948
16152,89,4456,0.7262706756591797,1.2232962982787967
18863,26,1341,0.4983141124248504,0.9765419960021972
15989,256,12820,0.0829929858446121,0.4915449917316437
18770,22,1104,0.0218751244246959,1.0376399755477903
18761,39,1985,0.0117159932851791,0.5451740026473999
15902,111,5554,0.0116435466334223,1.2461695976928693
18781,110,5522,0.391165554523468,0.8118463211362581
16584,25,1287,0.0062925671227276,0.6628468142811172
18218,310,15546,0.0070084393955767,1.0012799501419067
15430,119,5991,0.003350640181452,1.041313535453753
18024,207,10359,0.0789803639054298,0.7060869932174683
16734,157,7854,0.0453363880515098,0.9918580055236816
14139,86,4330,0.0759476497769355,1.3948173698307187
16286,67,3376,0.4601111710071563,1.0113500356674194
18948,8,444,0.0063337245956063,1.053189992904663
18272,42,2126,0.1420013308525085,0.6058269739151001
15875,216,10829,0.1399710774421692,1.077080011367798
18846,16,846,0.0023896715138107,1.1069895739707647
15902,121,6076,0.0327282100915908,1.5304709145983395
16286,299,14965,0.0149074690416455,0.9710339903831482
14156,25,1296,0.061733204871416,1.0407899618148804
16298,51,2579,0.0056214751675724,0.5509529709815979
18242,18,932,0.2098452001810073,0.3440069854259491
18242,163,8180,0.0821446627378463,0.6310510039329529
15330,76,3840,0.0055365716107189,0.9165869951248168
16750,24,1226,0.1706366539001464,0.8791670203208923
16750,111,5570,0.2780466973781585,0.932558526765412
16849,152,7608,0.0061037498526275,1.0360599756240845
16738,220,11049,0.016397563740611,0.9565830230712892
17029,148,7449,0.1171290725469589,0.9056310057640076
15948,7,386,0.008297367952764,1.028730034828186
14138,16,828,0.0781368762254715,0.9078760147094728
17033,10,534,0.0172025188803672,1.038930058479309
16281,382,19124,0.0148792350664734,1.2613959413062759
15640,99,4964,0.0652804672718048,1.0281800031661987
17045,72,3611,0.0185501500964164,1.024459958076477
15634,56,2815,0.0045429277233779,1.0920699834823608
17956,114,5721,0.2761833965778351,0.8813899755477905
16122,300,15038,0.0886580124497413,0.9105929732322692
16458,73,3693,0.0117053259164094,1.1806800365447998
16458,101,5075,0.0104203000664711,0.9280030131340028
18750,175,8786,0.0213633179664611,0.9539849758148192
15328,116,5838,0.0276718605309724,1.0004700422286987
15940,47,2366,0.0411740988492965,0.7678595121544447
15940,227,11364,0.0518340766429901,1.0
16821,13,678,0.0018599398899823,0.6633250117301941
16821,44,2241,0.0665561407804489,1.0637034716821603
15345,24,1240,0.0004137100768275,1.1980597183698198
15969,514,25732,0.009768757969141,0.7053164608784357
16096,101,5065,0.0528969876468181,1.0019348788275548
16096,111,5565,0.0091500869020819,0.95940500497818
18748,15,789,0.0071033355779945,0.4954020082950592
16289,7,394,0.0703166723251342,1.4002799987792969
16947,273,13686,0.1260649710893631,0.5220929980278015
18795,230,11533,0.0234082341194152,1.165807187254984
18048,396,19803,0.0006619809428229,1.0332399606704712
15291,247,12393,0.3695271015167236,0.6239736280198827
18678,299,14993,0.2209032922983169,1.0896079517888777
16104,84,4204,0.0045185950584709,1.039430022239685
14206,121,6089,0.0236432012170553,1.001039981842041
15589,264,13221,0.2775432169437408,0.9471349716186525
15589,293,14700,0.0185896214097738,1.0481832214274784
16856,6,334,0.1086953803896904,1.0102299451828003
16856,47,2371,0.2553985118865967,1.1020039279927116
14297,137,6885,0.1194381043314933,0.4465500116348266
14297,189,9477,0.9723944664001464,1.4487243754428079
18748,241,12098,0.0380171611905097,1.2247282709628993
15530,16,841,0.109803132712841,3.2879992116284897e-17
15262,141,7089,0.0096447048708796,0.7959809899330139
18242,206,10344,0.1038011312484741,1.0332200527191162
17004,16,801,0.039992120116949,1.0694500207901
15353,61,3059,0.1748784929513931,1.0206899642944336
18514,33,1652,0.4142323732376098,0.9888047945014478
15223,14,737,0.0464894510805606,0.30876496289312877
15291,278,13927,0.0359055027365684,0.42329940147446626
18779,237,11892,0.2121956795454025,0.9776319861412048
18863,94,4716,0.0067255492322146,0.359807014465332
16271,36,1837,0.0588025152683258,1.4583200216293335
18632,181,9062,0.1429876387119293,1.0044201971195577
18764,7,384,0.0644606128334999,1.148503862488781
18740,127,6370,0.3908388316631317,1.805989980697632
16141,149,7464,0.0017459947848692,0.9243170022964478
18922,563,28182,0.0312431696802377,0.828777015209198
18677,115,5787,0.0123977372422814,1.0512299537658691
15316,93,4663,0.2427253127098083,1.0639100074768066
18212,66,3301,0.0152001669630408,0.9132736759536613
18212,66,3302,0.0261043161153793,1.2753880127468165
16272,15,774,0.0113922525197267,0.5394449830055237
14134,146,7310,0.0081634884700179,1.0962300300598145
15350,39,1964,0.9347561001777648,0.980576992034912
15324,36,1842,0.0060118250548839,0.9873070120811462
14211,21,1067,0.1371804624795913,1.9060318107067928
18786,14,747,0.0127483513206243,0.5100344513576438
16199,177,8886,0.0040212250314652,1.090590000152588
17699,50,2510,0.0011685616336762,1.044649958610535
15915,335,16756,0.0242996402084827,0.9217900037765504
15946,82,4111,0.0095909098163247,1.1278300285339355
15478,95,4761,0.0302518233656883,0.8910769820213318
18784,29,1464,0.0187962558120489,0.9217900037765504
15484,62,3134,0.0036043599247932,0.713746700814184
15484,163,8194,0.0103448936715722,0.9274179935455322
16147,193,9694,0.2061376422643661,0.9640579398273701
15403,208,10416,0.3115257322788238,1.1387156783843153
16453,286,14334,0.0078684641048312,0.977882981300354
18926,101,5070,0.0704232826828956,0.7070149779319763
18282,29,1470,0.0028570815920829,1.046180009841919
16950,16,828,0.4392915070056915,1.0861400199150069
15265,38,1907,0.0149696543812751,1.2212912048979376
15312,27,1374,0.0020393673330545,0.9301589727401732
18265,86,4304,0.0645917356014251,0.969219982624054
15286,74,3708,0.0193480402231216,1.0073399543762207
15875,311,15594,0.0184164196252822,1.02223002910614
18922,123,6179,0.5980203747749329,1.0658945411584
15368,229,11483,0.0088892159983515,0.9573919773101808
14149,35,1790,0.0070370729081332,0.5072474691518032
15343,2,134,0.3464987874031067,1.0
15343,239,11953,0.6634499430656433,1.1297745195110593
16106,62,3103,0.8178433775901794,0.9705730080604552
16106,62,3142,0.0038516349159181,1.0
16834,234,11720,0.0094361864030361,1.2464103168028373
16272,215,10781,0.2388408333063125,0.10057214904349099
16286,304,15206,0.076239489018917,0.782908022403717
16286,475,23758,0.0554573610424995,0.9252390265464784
15774,175,8772,0.0079944543540477,0.8338599863763818
15514,88,4447,0.0894876644015312,1.1081608744350433
14159,87,4393,0.1849750280380249,0.527163028717041
16527,2,106,0.0061619360931217,1.1482849109216033
15249,89,4456,0.1034862995147705,0.9046042806454011
16446,225,11281,0.0442988127470016,0.8309190273284912
16167,10,532,0.3854354918003082,1.100469946861267
16935,225,11280,0.0451180525124073,1.3669404461211345
15457,103,5173,0.0540237985551357,0.787527911181897
14122,90,4503,0.0539732314646244,0.9855160117149352
14122,90,4506,0.3288884460926056,1.736856949896293
18510,364,18237,0.0028833569958806,1.0181299448013306
15383,184,9209,0.0124932173639535,0.8618980050086975
15337,45,2288,0.0043797367252409,0.8693950176239014
16060,128,6402,0.0089396694675087,0.8030274404755886
16060,128,6413,0.0035637584514915,1.0396699905395508
15915,375,18788,0.1173025816679,1.067620038986206
18508,136,6806,0.0065225521102547,0.883778989315033
18492,339,16995,0.0342636778950691,1.333732396442613
15377,83,4198,0.1283400654792785,0.942122995853424
14206,11,567,0.1132280528545379,1.0538899898529053
15447,236,11833,0.0293002389371395,1.131890058517456
15243,54,2705,0.0996702015399932,0.5355150103569031
18054,306,15339,0.0167449153959751,0.9795600175857544
14244,29,1492,0.0318471528589725,0.9984800219535828
17865,275,13800,0.0102231968194246,1.160979986190796
16080,19,965,0.0210994277149438,1.26596999168396
15479,226,11314,0.0267278011888265,0.9957529902458192
16979,28,1414,0.0292948242276906,1.8046861241043075
16965,38,1936,0.0351662933826446,0.7329757602598407
18677,501,25051,0.0053321016021072,1.2178800106048584
18677,543,27185,0.0327253192663192,0.6889876480955195
16551,337,16851,0.0419636070728302,0.7727329730987549
15416,9,496,0.0029923010151833,1.0411574773570464
18574,69,3477,0.807388961315155,1.1504000425338743
16051,92,4623,0.0659065991640091,1.000309944152832
15397,14,728,0.7582089900970459,1.016669988632202
16890,159,7964,0.0089243296533823,1.0979100465774536
17043,117,5879,0.0097706308588385,1.0670613850441626
18044,176,8819,0.0187052562832832,0.5156869888305664
18900,42,2119,0.0763893723487854,0.7177799940109253
15498,6,344,0.0442034937441349,0.9437710046768188
16849,168,8413,0.5819919109344482,1.0552748351773145
16809,229,11472,0.0667879283428192,0.6484249830245972
16916,24,1224,0.0505424924194812,1.0053900480270386
15970,416,20822,0.1146353557705879,1.010010004043579
16313,66,3302,0.0258637722581625,1.021289944648743
16313,66,3331,0.0726483836770057,0.019860712896348602
16504,39,1990,0.0402388349175453,1.0563100576400757
15517,65,3298,0.0219779685139656,0.9677879810333252
16738,76,3835,0.0060308091342449,0.9392277769830313
16314,26,1308,0.0159203708171844,1.0743299722671509
18903,30,1549,0.1975177973508834,1.0279500484466553
16446,242,12142,0.0008155233808793,1.0337799787521362
15421,204,10207,0.1648920029401779,1.256022127528297
18754,75,3761,0.7383359670639038,1.2283501344093253
16992,49,2451,0.1151371598243713,1.0409300327301023
16125,141,7082,0.0112291863188147,1.068619966506958
18701,184,9224,0.0433202646672725,0.8930286940941556
18701,184,9236,0.0466120541095733,1.0093499422073364
15292,85,4260,0.8705371022224426,1.216132149091223
16158,82,4119,0.2423907816410064,0.7461869716644287
15227,21,1072,0.1470541507005691,1.0054800510406494
16031,9,481,0.0333019904792308,0.8877150524661985
16031,22,1116,0.3940264284610748,0.3287400007247925
15270,61,3052,0.0102089196443557,0.9459760189056396
18666,117,5864,0.0065004806965589,2.9290909744664764
15877,137,6879,0.004452564753592,1.0518048288470752
16891,110,5531,0.0190892778337001,1.2113379809775893
15238,83,4187,0.0279468838125467,1.0712721723881629
18795,89,4486,0.0198443569242954,5.011419104622348
17759,31,1588,0.0002595472033135,0.904769003391266
15252,18,921,0.0072609935887157,0.7908099889755249
16101,89,4455,0.0230142772197723,0.5661960244178772
15478,215,10800,0.0064269755966961,1.1322200298309326
16694,25,1271,0.015985494479537,0.8458210229873657
16694,302,15112,0.0529580786824226,0.7675349712371826
14123,136,6807,0.0502795949578285,0.5024530291557312
17044,84,4239,0.1993850916624069,1.6710200309753418
16867,184,9210,0.1258849948644638,0.6945880055427551
15254,147,7391,0.1585468798875808,1.2660977744501452
18048,413,20669,0.4072950780391693,0.7541400194168091
15634,191,9556,0.0672508478164672,1.0150799751281738
14246,19,968,0.0439187288284301,1.1658344453787848
16845,354,17730,0.0057100071571767,0.01426199633050711
16845,426,21330,0.0067655839957296,1.2358080090371004
16472,33,1684,0.0111926076933741,1.4152834618515584
14161,95,4786,0.019312348216772,0.5053689779939424
16403,10,512,0.0555593408644199,1.065475096765617
18903,82,4127,0.0060373758897185,0.2971409857273102
18903,91,4579,0.9334894418716432,0.5077880024909973
18903,242,12141,0.0870867371559143,1.0408300161361694
18685,139,6995,0.0073083038441836,1.2864196044672411
16125,17,871,0.01088254339993,1.0660899877548218
15377,85,4254,0.0084054106846451,0.9035530090332032
15588,227,11399,0.003858349751681,0.01848308010876851
15328,138,6919,0.0182599648833274,0.946308970451355
18928,186,9350,0.1170721873641014,1.1909908140506078
16869,50,2501,0.0015871011419221,0.609672877015754
15328,42,2126,0.0262739714235067,0.9890140295028688
16506,290,14510,0.0053332773968577,0.5644530057907104
16786,45,2287,0.1063309013843536,0.6369289755821228
18923,238,11923,0.0035247278865426,1.0687400102615356
18225,260,13002,0.0088422344997525,1.1927245109008382
18225,260,13032,0.3088250160217285,1.2353686358741527
18643,105,5256,0.8886894583702087,0.616595983505249
16573,229,11452,0.0280607864260673,1.0849775344863843
15634,29,1452,0.0182874165475368,0.9371979832649232
18732,536,26812,0.0509554594755172,0.6468560099601746
15348,85,4300,0.000938041426707,1.78243615631348
16169,82,4111,0.0062639452517032,0.6195970177650452
16159,24,1245,0.6318640112876892,2.5495207133399167
18929,9,481,0.0319130457937717,0.9170780181884766
15412,207,10398,0.3569679856300354,1.2038127770445328
16112,156,7832,0.0012890072539448,1.036229968070984
16823,24,1246,0.0342739596962928,1.1574314814850482
18653,151,7555,0.0382062122225761,0.767998993396759
16386,89,4474,0.1464103162288665,0.8534119725227356
15901,239,11985,0.0919254273176193,0.9364089965820312
14192,14,701,0.009963390417397,0.9407169818878174
18048,266,13317,0.0081099234521389,1.108489990234375
18048,266,13322,0.0538036227226257,0.7787629961967468
17023,322,16146,0.057255920022726,1.104509949684143
15983,250,12550,0.015980739146471,0.8703879714012146
18957,215,10778,0.3957290053367615,0.5083670020103455
18957,230,11501,0.0438924990594387,1.0754599571228027
18957,230,11545,0.0005362444208003,0.8342530131340027
15309,21,1076,0.0046663847751915,1.1669800281524658
15412,64,3218,0.0702997967600822,0.7785189747162349
16949,219,10961,0.0060038636438548,1.3607300519943235
18499,232,11603,0.0482015311717987,0.8664159774780273
16446,408,20411,0.0052508451044559,0.6720000923875347
14147,33,1656,0.0060580126009881,0.9085900187492372
18234,84,4243,0.010930985212326,1.0091500282287598
16965,64,3235,0.0308149848133325,0.6965299844741821
16011,180,9047,0.0167384948581457,0.7607733321365162
16992,24,1222,0.0021292017772793,8.64233398225577e-10
18781,15,757,0.0045068394392728,1.0006099939346311
18054,189,9477,0.0056435111910104,0.7966499924659729
18699,263,13163,0.116824559867382,0.672885000705719
16949,482,24145,0.0829982608556747,0.885584827292746
16303,72,3616,0.0151327885687351,1.079949975013733
16303,106,5323,0.3751458525657654,0.5748339891433716
15416,92,4632,0.0023110876791179,1.1877700090408323
16341,61,3069,0.029032114893198,1.0
16253,27,1387,0.268592894077301,0.45665441823803105
17005,155,7776,0.2457705289125442,0.4927200078964233
16759,18,950,0.0265358202159404,0.6827390193939209
16295,73,3680,0.4037260711193084,0.46806536504816876
15969,398,19914,0.0190443862229585,0.574379026889801
15969,471,23569,0.0095404740422964,0.35770995088675056
15940,225,11259,0.1483792066574096,1.2341164651930967
15368,215,10767,0.0264407228678464,0.8092769980430603
16782,11,573,0.0237414389848709,1.1998617411638435
18665,472,23629,0.0358767621219158,0.8023949082510595
18748,37,1878,0.0049130646511912,1.2480833745133424
18481,45,2293,0.0294438023120164,0.919734001159668
14186,82,4108,0.1226712316274643,1.1282355334239325
15528,134,6704,0.2644133269786834,1.022250056266785
18704,64,3245,0.0150773720815777,1.1187599897384644
18526,94,4713,0.0123420795425772,0.9693340063095092
14125,86,4336,0.4942873418331146,0.23968194533385653
14136,58,2945,0.0041967020370066,0.9799829721450806
15981,276,13810,0.016799746081233,1.0305099487304688
15981,296,14833,0.0063853859901428,1.0967799425125122
16944,90,4536,0.0806480050086975,1.0381799936294556
16944,240,12023,0.0355948433279991,0.6365209817886353
16944,299,14960,0.0053234295919537,1.0489100217819214
18924,22,1110,0.9051781296730042,1.0462000370025637
15463,382,19114,0.0442919395864009,5.1184120899780763e-05
16148,209,10467,0.0248753521591424,1.0127500295639038
16148,233,11692,0.0454198755323886,1.0197099447250366
18057,204,10238,0.0294674038887023,1.1510599851608276
15471,53,2684,0.008142308332026,0.5637459754943848
16926,191,9580,0.1036067381501197,1.0463217486604819
16926,226,11333,0.0184641145169734,0.9542009830474854
15634,175,8774,0.0137111591175198,0.9878469705581664
16198,122,6121,0.0119648063555359,1.50600004196167
18862,641,32080,0.2263219356536865,1.1414168421124344
14191,6,350,0.0269522108137607,1.255286909806301
16573,259,12960,0.0520838350057601,0.4461480844329202
15436,344,17239,9.998979658121244e-05,1.0125499963760376
15902,480,24009,0.0158950425684452,0.8986830115318298
14222,34,1702,0.1825825124979019,0.4817250072956085
14222,43,2153,0.0049348068423569,1.1747783074750373
16874,46,2339,0.0008008005679585,0.8156840205192566
14260,108,5436,0.1045988053083419,1.86040997505188
15287,40,2049,0.0264210421591997,0.631596028804779
16975,242,12112,0.0505559705197811,1.0485800504684448
14186,106,5309,0.1890392303466797,0.9217900037765504
18953,255,12751,0.0225869119167327,1.0066900253295898
16250,142,7132,0.0255007743835449,0.9926519989967346
18496,51,2594,0.6670049428939819,0.7685989737510681
18054,437,21880,0.0029530606698244,1.1411900520324707
18610,227,11387,0.0090186633169651,1.3264600038528442
18753,219,10986,0.0039176153950393,0.9545130133628844
15464,24,1220,0.0234007406979799,1.0
15961,145,7267,0.2773557603359222,1.0060100555419922
15228,42,2107,0.0039553637616336,0.5215870141983032
18044,446,22321,0.0076421601697802,0.7761120200157166
18527,502,25109,0.0204467494040727,1.0464999675750732
16051,77,3880,0.2771573066711426,1.0218199491500854
15396,81,4076,0.0030582717154175,1.1640840217108206
16304,35,1795,0.0233637504279613,0.09801130715167261
18472,16,844,0.109063982963562,0.8432000279426575
14191,133,6663,0.0537532158195972,1.0172969912406131
15983,185,9266,0.0090155620127916,0.9732980132102966
15436,202,10136,0.0071082413196563,1.0355700254440308
15231,120,6018,0.0235331766307353,0.7544909715652466
16058,181,9083,0.0797725394368171,0.33956872940783706
18692,288,14407,0.0100011182948946,0.9822760224342346
18692,288,14432,0.0342321060597896,0.8702200055122375
15389,35,1759,0.0068901143968105,0.5792040228843689
16894,7,358,0.0119512686505913,0.8171769976615906
16894,7,375,0.0059193880297243,1.035539984703064
15391,206,10337,0.0199973098933696,1.0233299732208252
18044,518,25910,0.0723402500152587,0.8855440020561218
16584,71,3571,0.132540613412857,1.1125773781832748
15970,291,14598,0.0069399657659232,0.8878049850463867
15640,62,3119,0.0273235104978084,1.0022499561309814
15981,475,23767,0.0096846986562013,0.955702006816864
15981,475,23800,0.6745585203170776,0.6337413204955027
16750,14,731,0.0065473052673041,1.0947110896324261
17011,163,8197,0.0568539276719093,1.165310025215149
18226,80,4048,0.8192635774612427,0.9649944526311387
16081,27,1400,0.0042902971617877,0.8011873778938252
16081,100,5003,0.0020502596162259,1.0693399906158447
15593,199,9976,0.0333412811160087,1.106510043144226
15877,151,7554,0.4386057257652282,0.4823749959468841
16676,241,12055,0.0076527115888893,1.0569499731063845
18510,239,11964,0.0378353334963321,0.5396119952201843
16109,66,3320,0.0633985102176666,1.0156099796295166
16109,66,3341,0.0017520029796287,1.0000799894332886
18253,64,3215,0.2124565690755844,0.9264469742774964
16744,6,337,0.0553106740117073,0.6543890237808228
15987,375,18755,0.0575038343667984,1.0348600149154663
18463,514,25706,0.0489618629217147,1.2769399881362915
18636,319,16000,0.0708798468112945,1.0347700119018557
18701,279,13995,0.0070331022143363,0.6697019934654236
16480,28,1409,0.027233550325036,1.080771101359588
15463,231,11585,0.0039081093855202,0.9217900037765504
15463,333,16651,0.0359624549746513,0.993906021118164
18765,309,15487,0.3194999694824219,0.5616364921104093
16834,210,10544,0.0016966711264103,2.2655398845672607
15386,104,5213,0.045749045908451,1.0181987616432837
16946,11,599,0.0168644152581691,0.4976379871368408
15920,101,5067,0.1396778374910354,1.0945593807117577
18037,15,790,0.1319131851196289,0.6245349462669765
18037,18,939,0.024489127099514,0.8721449971199036
16546,88,4435,0.029088407754898,1.0
15315,116,5828,0.5590945482254028,1.0146900415420532
18678,271,13591,0.0003703085531014,1.2518800497055054
14150,12,632,0.0009446879266761,1.0196399688720703
16222,6,301,0.0306637901812791,0.4438090026378631
15471,49,2474,0.8290985226631165,1.039520025253296
15236,9,489,0.0059003611095249,0.5268650034220457
16089,97,4892,0.0155727583914995,1.2587241711759847
18041,60,3031,0.0056083262898027,0.9976209998130798
18717,50,2547,0.0629302188754081,0.3732849955558777
15416,12,627,0.765478789806366,1.1436500549316406
15416,67,3365,0.1054755374789238,0.5252450108528137
14146,119,5971,0.0237756576389074,0.9762750267982484
16807,27,1352,0.0122417649254202,0.595429003238678
18922,290,14537,0.1262517720460891,1.3300645346712656
15588,253,12664,0.0092394482344388,1.0005700588226318
18750,137,6874,0.0768235400319099,0.7260630130767822
17048,2,120,0.0134193245321512,0.986735999584198
16199,4,219,0.0107636544853448,1.299350023269653
15428,6,304,0.0244846697896718,1.408769965171814
15428,6,307,0.0385240465402603,1.130200958122245
18794,340,17010,0.0056366836652159,1.0395100116729736
16115,18,918,0.038221351802349,1.0332399606704712
18644,129,6484,0.0104744024574756,0.6959440112113953
17036,172,8616,0.0123507846146821,1.0939300060272217
15335,265,13258,0.0559050291776657,0.5968959927558899
15870,89,4474,0.0136888734996318,1.01350998878479
18492,58,2932,0.434706836938858,1.0652899742126465
16283,159,7990,0.0129311988130211,0.005554640606182531
16317,9,455,0.0710210651159286,0.4071270024835982
17849,113,5657,0.003257745411247,0.8370402832231889
18492,444,22217,0.0135631496086716,1.1822671797803532
18225,247,12367,0.004345912951976,1.079259991645813
14246,0,50,0.0023542684502899,0.8201514550411275
16348,47,2355,0.0565555989742279,0.8779129981994629
15262,38,1946,0.0118393218144774,0.587149314718971
17036,92,4621,0.3144376873970032,0.7065871402143244
15254,130,6512,0.0137828225269913,0.923216998577118
18752,215,10754,0.0145664364099502,0.9821053792783517
15421,43,2179,0.0018960743909701,0.8790040016174316
18658,15,785,0.508269190788269,1.2043100595474243
15713,101,5064,0.0209087822586298,0.0006164083687522869
16058,240,12001,0.660596489906311,1.157979965209961
16058,240,12047,0.0070851286873221,1.057569980621338
18272,52,2649,0.0022188173606991,1.24278452953655
18272,86,4333,0.0358176603913307,0.821823000907898
16912,9,491,0.0026291932445019,0.36358183777679176
18952,94,4701,0.067015990614891,1.3724610583598036
17035,0,1,0.0801757350564003,0.4849370121955871
18032,41,2095,0.840581476688385,1.081380009651184
18032,271,13594,0.0083138840273022,0.6807299852371216
18714,185,9288,0.4222847819328308,0.9983880191224443
18781,92,4645,0.0015718663344159,0.9686359763145448
18781,138,6947,0.0543573163449764,1.1641577244616425e-05
15236,144,7239,0.0298358239233493,3.0955294949135654e-12
16199,29,1500,0.1710908412933349,0.025289929251296816
16298,19,994,0.0166385546326637,0.3486140072345733
16298,77,3877,0.2472578436136245,1.019819974899292
18929,305,15264,0.0158699620515108,0.6678339838981628
18915,337,16883,0.0900698751211166,1.036120057106018
15713,128,6418,0.0001431459968443,0.7305964044045652
16105,17,871,0.0088205756619572,0.5476409792900085
18225,132,6624,0.0048870611935853,0.9557679891586304
16888,117,5878,0.0037374100647866,8.807722251457316e-08
18050,32,1624,0.0168970730155706,1.2143480860950149
18574,329,16484,0.0032573970966041,0.641668975353241
15501,137,6854,0.0820517018437385,1.0488500595092771
16847,56,2807,0.0116400849074125,0.1389559095113366
18514,103,5166,0.28824183344841,1.3204248850000084
16920,70,3538,0.003075921209529,0.5004929900169373
15967,52,2610,0.0246082637459039,1.105430006980896
15875,89,4474,0.0056710266508162,0.5191789865493774
17139,287,14352,0.0022973215673118,0.9255170226097108
18008,87,4376,0.0180149190127849,1.2609843565136034
17559,9,474,0.0463318936526775,0.9394229964046303
17371,552,27625,0.0123419696465134,0.8449789951558841
17963,16,828,0.0177370719611644,0.960648000240326
14557,40,2017,0.0617211125791072,0.6102070212364197
14557,142,7124,0.228500947356224,1.0123599767684937
14874,195,9766,0.0705878362059593,0.7781829833984375
14874,195,9782,0.16309155523777,1.0354900360107422
14549,206,10302,0.0169098861515522,1.1331000328063965
14553,298,14949,0.6997848153114319,0.8779129981994629
17560,16,841,0.0066867293789982,0.8238070011138916
17560,122,6107,0.0325063802301883,0.682623028755188
17834,33,1667,0.2495049238204956,1.4823342137675437
17371,493,24671,0.001786314533092,1.059999942779541
17371,520,26029,0.0065734004601836,0.6113049983978271
14921,29,1481,0.0200991313904523,1.1725200414657593
14721,68,3420,0.003141788765788,1.2778507058962987
17158,112,5604,0.0280737858265638,0.976921021938324
14544,195,9787,0.0066660130396485,0.0476042825181266
14675,85,4254,0.1866002678871154,0.3116089999675751
17484,198,9934,0.0205929744988679,0.8216782842198428
14558,229,11454,0.0021570594981312,0.9245910048484802
17784,37,1885,0.0435512438416481,1.0089800357818604
17169,99,4967,0.0360255576670169,1.3270399570465088
17630,44,2204,0.0768025889992713,1.137410044670105
17789,30,1521,0.0047151590697467,0.8026859760284424
14607,79,3976,0.0111918421462178,1.0162299871444702
14607,138,6901,0.0022634207271039,1.1158499717712402
14774,207,10363,0.1342950165271759,6.170537378968256e-08
17468,2,136,0.0383092947304248,0.9912260174751282
14749,213,10665,0.064831830561161,1.095479965209961
17194,58,2909,0.0950634479522705,0.6336753040612138
17840,147,7360,0.0087013794109225,1.1523699760437012
14927,82,4143,0.010238985531032,1.0641000270843506
14927,136,6833,0.0239566713571548,1.0358500480651855
17125,45,2254,0.1254477500915527,2.483520030975342
17633,46,2335,0.0230604950338602,0.9120529890060424
17871,275,13793,0.2137079536914825,1.1755895157243401
17871,279,13962,0.0654303580522537,0.7607499957084656
17208,250,12522,0.0382174737751483,0.8818709850311279
17698,72,3624,0.001797949662432,1.3592356220544275
17566,69,3465,0.0415247678756713,0.4771519899368286
15013,183,9160,0.0022292856592684,0.314301997423172
15149,94,4745,0.062794305384159,0.5584750175476074
18011,42,2150,0.660814106464386,0.812004029750824
17580,6,339,0.024892633780837,1.0213600397109983
14392,273,13666,0.0335134342312812,1.0
14445,147,7385,0.0313930474221706,0.8779129981994629
17078,92,4610,0.0197563041001558,1.070180058479309
14559,218,10902,0.0047832238487899,1.1155200004577637
14736,204,10205,0.8860390186309814,0.9718300104141236
17206,532,26624,0.0801355317234993,1.0486799478530884
14279,254,12725,0.0187940374016761,0.8779129981994629
15106,14,706,0.0050792847760021,1.223270058631897
15106,190,9514,0.0334104299545288,1.181264166222661
17488,70,3540,0.0038471920415759,1.2066160005714721
14409,57,2874,0.8103145360946655,0.4546329975128174
14758,237,11857,0.0102458782494068,0.9606260061264038
14734,77,3891,0.2587163746356964,0.6514963019776019
17137,57,2867,0.0036017799284309,1.1416000127792358
17137,132,6613,0.0677714869379997,0.9745450019836426
17057,89,4488,0.0318603999912738,0.9501929879188538
15017,65,3276,0.1245610415935516,1.033460021018982
17719,10,521,0.0360232889652252,0.9102929830551147
15161,187,9382,0.0752316564321518,1.2281661989475197
14583,43,2189,0.0015720863593742,1.3417568264957538
14802,108,5449,0.005348133854568,0.9758170247077942
17524,257,12875,0.0399116091430187,1.0008699893951416
14967,110,5513,0.9474617838859558,1.120746564366755
17874,56,2826,0.0088518802076578,1.0997603691633915
17199,129,6469,0.0116276983171701,0.646996021270752
15106,78,3938,0.0390783175826072,1.04135000705719
17121,7,358,0.0073022418655455,1.0121599435806274
17989,56,2802,0.0169642474502325,1.154099941253662
17383,143,7152,0.0030974873807281,0.5217850208282471
18040,82,4123,0.0298003312200307,1.0407700538635254
14573,11,572,0.0576837994158268,1.372511625737275
17394,15,763,0.0134380999952554,0.948069989681244
17394,106,5349,0.0483683235943317,0.9385200142860411
17132,537,26874,0.1387289464473724,1.0173300504684448
14463,162,8117,0.0075545595027506,1.0189900398254397
14464,152,7635,0.019117584452033,0.5739669799804688
17974,13,695,0.0665793940424919,0.4216830134391784
17974,44,2235,0.0044337143190205,1.0
17270,0,48,0.0367495268583297,0.8947830200195312
17270,30,1514,0.0202591586858034,0.9617739915847778
18021,146,7322,0.0748752802610397,1.0127099752426147
14824,69,3484,0.0107961660251021,0.7265620231628418
14327,62,3112,0.5603030323982239,0.9284940066590506
14287,3,165,0.0220810901373624,1.0415799617767334
14287,7,383,0.0160579774528741,0.988054404844739
17114,137,6885,0.0040334085933864,1.0254199504852295
15074,28,1402,0.039674486964941,3.4185968005702416
14556,7,400,0.0011169229401275,0.7116407574305157
14556,32,1627,0.2694314420223236,0.9789936847853298
14556,180,9023,0.0351092107594013,1.0265100002288818
14785,7,382,0.0201095920056104,0.8643860220909119
14785,7,395,0.030582970008254,0.9852780103683472
17875,42,2106,0.0381649583578109,0.672277881016754
14377,122,6145,0.0052755055949091,0.6708182211409621
14219,122,6145,0.5120927095413208,1.0254000425338743
15160,167,8390,0.0403862223029136,0.9918889999389648
14764,44,2237,0.120854839682579,0.743598525422982
17594,59,2971,0.9660401940345764,0.5884060263633728
17488,130,6547,0.2153702676296234,0.8834699988365173
17249,34,1726,0.0886141806840896,0.7856990098953247
14369,90,4527,0.1830782741308212,1.209030032157898
14243,65,3278,0.009602284990251,1.064170002937317
15099,150,7507,0.3491940796375274,0.7313989996910095
17122,155,7790,0.0234755855053663,1.0428845824139898
14801,204,10244,0.014514684677124,1.029530048370361
15163,68,3438,0.0583561845123767,0.9253960251808168
15163,72,3615,0.0478466302156448,1.0426654989116741
14927,23,1179,0.0771257057785987,0.5959380269050598
14927,44,2217,0.0009564820793457,1.5302200317382812
14927,266,13313,0.0128881176933646,0.4373550117015838
17633,28,1414,0.0135739175602793,1.003440022468567
17398,216,10801,0.1641192138195037,1.6850228702377308
14592,41,2096,0.0807825624942779,0.5517330169677734
15116,100,5017,0.2415025681257248,1.057076023065598
14263,291,14563,0.0115797026082873,1.1855299472808838
14887,106,5316,0.1160011440515518,1.0366499423980713
14887,123,6155,0.068850390613079,0.892915153641276
17569,5,290,0.0166608765721321,1.2661700248718262
14959,195,9796,0.0129586765542626,0.988976001739502
14245,85,4270,0.0131583949550986,1.3072056289115608
14245,126,6311,0.005064227618277,1.03780996799469
17524,293,14651,0.342800498008728,1.0485800504684448
14796,19,993,0.0180661976337432,0.5896080136299133
17093,94,4729,0.0040268916636705,1.0140899419784546
15166,280,14019,0.1289215981960296,0.6518359780311584
17493,273,13651,0.0081520676612854,0.96628600358963
17493,315,15792,0.0194904264062643,0.9292370080947876
17493,322,16114,0.5124858021736145,1.1932040854961912
14212,46,2336,0.338016927242279,0.7889289855957031
14218,196,9818,0.0585069991648197,1.1228400468826294
14535,53,2680,0.0372237116098403,1.1787500381469729
14697,75,3795,0.0408630073070526,1.0
15145,117,5853,0.0861903205513954,0.7049559880361187
15145,135,6781,0.0368004702031612,3.8479336212701583
17100,6,324,0.0614963062107563,0.6102156870334169
17100,12,610,0.0018097845604643,1.2463869259983653
17100,92,4637,0.0831748321652412,0.8916500210762024
14887,11,583,0.3013043701648712,1.3377900123596191
14372,77,3887,0.019638642668724,1.372589945793152
14372,147,7366,0.0068064904771745,1.0382699966430664
14740,36,1808,0.0541425868868827,0.35090929332197257
14550,294,14745,0.0095427893102169,0.6109960079193115
17213,65,3272,0.0066430601291358,0.5188289880752563
14597,19,998,0.0324420854449272,0.5609340071678162
14597,149,7500,0.1779848635196685,1.5293400287628174
14812,310,15535,0.0250568650662899,0.4179269969463348
17156,5,292,0.0053549869917333,1.2673215622112082
17336,25,1273,0.0176889188587665,1.0351300239562988
17228,70,3542,0.0777867436408996,1.0681300163269043
14795,24,1216,0.0374551825225353,0.008193263218298531
14907,184,9225,0.0513648353517055,1.1405598124259342
14645,62,3150,0.878261387348175,1.0
14801,233,11685,0.0064395391382277,1.1827278205283847
17364,149,7494,0.0209435913711786,0.9882460236549376
17552,178,8943,0.0242466479539871,0.8779129981994629
17561,208,10416,0.3467984199523926,1.0
14623,293,14678,0.0226247068494558,0.9385210275650024
14274,139,6998,0.0741099417209625,1.1526199579238892
14274,168,8425,0.2809532284736633,0.37704654403405863
14615,3,198,0.0085415719076991,1.0160599946975708
14615,41,2070,0.0160143543034791,4.0454391458954765e-08
17965,81,4087,0.0051782391965389,1.1003338974354901
17972,57,2876,0.0081543661653995,0.6764192866119104
14336,2,116,0.00928445905447,0.7864810228347778
18021,132,6637,0.0111691849306225,0.7857930064201355
17693,103,5179,0.2894512414932251,0.9469069838523864
17458,53,2678,0.0134027628228068,1.293597235305441
14935,271,13574,0.0124464351683855,0.9385889768600464
14401,109,5485,0.7759363055229187,0.8790479898452759
17406,147,7387,0.1080416291952133,0.931086003780365
15051,13,680,0.1905141323804855,1.126960039138794
15128,228,11430,0.2000373750925064,1.0474900007247925
14551,160,8041,0.3579461276531219,1.7747526495871426
15222,8,446,0.067519724369049,1.1136000156402588
17237,480,24035,0.0331539437174797,0.9804250001907348
14980,207,10379,0.061240155249834,0.5109670162200928
15074,114,5719,0.0046336529776453,0.9144099950790404
14391,34,1749,0.00034531953861,1.172059018503461
17693,177,8857,0.0238219555467367,0.9863579869270324
14469,35,1758,0.3100446462631225,0.6168779730796814
14467,170,8524,0.0003726941358763,1.284190058708191
14664,217,10866,0.0100657390430569,1.1713579024600163
17840,198,9909,0.1178132817149162,1.276647551320167
17524,175,8751,0.0041496097110211,1.0406962047147774
14709,6,315,0.0564155764877796,1.1083699464797974
14737,32,1646,0.0281742326915264,0.4893099963665008
17693,336,16807,0.0119560500606894,1.0108400583267212
17444,29,1464,0.0224727932363748,0.9166365757236934
14367,3,186,0.0436979718506336,1.0
14801,112,5607,0.0104525797069072,1.266938099974226
14801,225,11285,0.0207495689392089,0.4620260000228882
17220,16,841,0.1640879064798355,1.0855656974383265
18021,524,26213,0.1086888909339904,1.0948768375059217
17195,19,982,0.0042735571041703,0.4329290091991424
14559,14,747,0.0319679901003837,0.9837589859962464
17067,30,1527,0.0056412662379443,0.8744879961013794
17067,31,1574,0.0637695640325546,0.8480979800224304
15113,68,3410,0.0611525252461433,1.1571799516677856
17218,21,1069,0.044629231095314,1.5353200435638428
17256,137,6890,0.1627790927886963,1.1272300481796265
18007,139,6997,0.0750915259122848,1.033509893741581
17495,216,10831,0.0258529987186193,1.0836100578308103
17367,152,7649,0.5369352698326111,1.275230050086975
14301,126,6327,0.0227686911821365,1.2338040641561463
14301,231,11552,0.0065329577773809,0.6729490160942078
17655,210,10533,0.0975848510861396,1.5835299491882324
14369,132,6629,0.005200664512813,1.05485999584198
14870,206,10310,0.052781518548727,0.7529739737510681
17240,455,22786,0.0031465955544263,1.2574900388717651
17383,193,9655,0.0028252941556274,1.0980900526046753
17383,253,12662,0.0178374480456113,0.0009158785750205727
17240,523,26195,0.018992006778717,0.5659599900245667
14544,248,12447,0.1956681609153747,1.224943039062481
17140,44,2238,0.1261907368898391,0.3857490122318268
15160,19,965,0.0027623944915831,0.5685030221939087
14539,144,7233,0.0033618928864598,0.8779129981994629
14902,40,2027,0.0063258758746087,0.9522370100021362
14644,285,14269,0.0285805985331535,1.2089900621724752
17414,82,4112,0.1405932009220123,1.2610088872564518
17955,151,7585,0.0221452116966247,0.026411736631584568
14619,2,118,0.0165678299963474,0.6274060010910034
17383,276,13826,0.0018856487004086,1.0297499895095823
17383,471,23582,0.0084823835641145,0.7609099745750427
17497,25,1291,0.4609256088733673,0.5943819880485535
17259,1,96,0.0388480313122272,0.8758209943771362
18011,86,4329,0.0348380431532859,1.2534172753362753
17637,59,2972,0.0124054932966828,0.5099570155143738
14686,96,4828,0.1490814983844757,1.0
15153,6,348,0.0132017843425273,0.963513970375061
17719,82,4112,0.0075276191346347,0.888696014881134
14219,141,7068,0.0470378026366233,1.2149499654769895
14219,141,7076,0.0511297583580017,1.3633717545480548
14463,136,6846,0.0042971288785338,1.047510027885437
17489,248,12414,0.0473218820989131,3.0357918694212596
17237,4,211,0.0095343021675944,0.7380689978599548
17237,471,23585,0.0658182948827743,1.024899959564209
17644,9,474,0.5384836196899414,0.7311829924583435
17644,27,1358,0.0306502114981412,0.6561899781227112
17644,36,1803,0.0137468446046113,0.6167870163917542
14263,18,932,0.0589987747371196,0.970700979232788
14569,144,7231,0.0214523095637559,1.049399971961975
14277,83,4156,0.013137724250555,0.8417919874191284
14277,241,12100,0.0461955666542053,1.0457340519867842
14555,189,9500,0.0058380812406539,0.957472026348114
17251,61,3058,0.0082962103188037,1.2494754152704386
14526,27,1359,0.0222294367849826,0.5877498639614771
17301,105,5266,0.024551048874855,0.9846010208129884
17985,86,4339,0.0043039871379733,0.4962320029735565
17849,207,10364,0.1057703047990799,1.1788661499650743
17835,156,7827,0.1322221159934997,1.037660002708435
14410,48,2442,0.9391346573829652,0.8599560260772705
14265,21,1100,0.0266094543039798,0.9834790229797364
14363,71,3580,0.0937877744436264,0.5593839883804321
14553,50,2535,0.4344825148582458,0.4900610148906708
14989,197,9898,0.0883188545703888,1.626389980316162
14911,18,907,0.0384446643292903,0.9430570006370544
17692,27,1385,0.0169021524488925,0.517765998840332
14641,11,574,0.0174558348953723,1.013069987297058
14641,11,591,0.0076146675273776,0.942579984664917
17851,36,1848,0.0124826030805706,0.5948600172996521
14986,59,2984,0.0273347217589616,1.2088403108051295
18021,333,16698,0.0118033550679683,1.0726699829101562
14343,155,7786,0.0143406018614768,0.8022519946098328
17973,10,511,0.01218266133219,0.8398956332257512
17973,52,2628,0.0027672944124788,0.9227972352107372
14553,105,5266,0.9636023044586182,0.9456570148468018
17621,15,786,0.0086769321933388,1.0
17621,123,6159,0.0172804482281208,0.9496300983324846
17829,240,12010,0.0071562062948942,1.0500099658966064
17644,0,3,0.2960996031761169,1.024399995803833
17644,32,1647,0.8665838837623596,2.140199899673462
17110,92,4602,0.0446471981704235,1.0252000093460083
15054,87,4368,0.0020803853403776,1.1459542159685872
17872,3,181,0.0531498566269874,1.1317299604415894
17121,25,1260,0.128398448228836,1.0072799921035769
14882,151,7554,0.0113520817831158,0.9360690116882324
14455,142,7103,0.012768524698913,1.0503699779510498
14643,148,7423,0.1762955337762832,0.5087050199508667
18007,28,1403,0.0794263780117034,1.0981099605560305
18007,28,1439,0.0582564361393451,1.944455310388385e-06
17345,11,594,0.0169009789824485,1.0947410205482127
17650,19,976,0.0051224213093519,1.0846941479479995
17650,21,1059,0.0755823254585266,1.1674249640914238
17389,86,4329,0.0876722857356071,0.9941160082817078
17960,66,3321,0.0292495470494031,1.4502164617293263
14812,116,5846,0.0021804959978908,1.0546400547027588
17414,178,8901,0.0170765426009893,0.6053329706192017
17312,113,5698,0.0204396545886993,1.2271314606726946
17210,185,9278,0.3876668512821197,1.153839945793152
17866,124,6246,0.0554726757109165,0.6181849837303162
17162,174,8744,0.0025060079060494,1.2852384921726385
14891,173,8651,0.0284524839371442,0.519491970539093
14798,25,1287,0.005863906815648,1.678380012512207
17409,13,696,0.0034056340809911,0.7241089940071106
17620,146,7348,0.0947701930999755,1.0459599494934082
14770,170,8505,0.0024360222741961,1.0305800437927246
14349,0,9,0.0614333860576152,1.102910041809082
15128,157,7852,0.0145037630572915,1.0
17824,43,2197,0.0113468011841177,0.9643750190734864
17418,21,1051,0.1834308952093124,0.05544073825733875
17678,61,3060,0.2099624872207641,0.9733494668171261
17128,43,2196,0.6428419351577759,1.2967047804108915
18021,106,5337,0.0349418483674526,1.04885995388031
18021,258,12946,0.0077047115191817,1.0964399576187134
14235,126,6318,0.0055928309448063,1.4026399850845337
15090,3,195,0.1905228793621063,0.9265170097351074
14749,196,9825,0.0044656782411038,1.014490008354187
17394,96,4830,0.0433756783604621,1.0562100410461426
17394,114,5744,0.0228002984076738,0.9445729851722716
14538,18,930,0.1981608718633651,0.5368930101394653
14337,66,3302,0.103564828634262,1.2427571494453673
15013,32,1615,0.0009718450601212,2.6033599376678467
18021,421,21088,0.0123141463845968,0.5132439732551575
18021,504,25211,0.1692373007535934,1.3161038738307411
18021,504,25232,0.001164445769973,1.1051700115203855
17137,22,1114,0.0107077155262231,1.1037700176239014
17137,206,10345,0.0208424367010593,0.8124108476185937
14764,73,3665,0.0127540063112974,1.6317100524902344
17394,197,9898,0.1496916562318802,1.2036933269471035
15167,99,4952,0.0013843930792063,1.2837254816444954
17975,226,11304,0.0029489987064152,1.1524800062179563
17363,2,132,0.0730390474200248,0.4710089862346649
15014,18,923,0.0060099218972027,1.0982199907302856
14597,2,142,0.00530765671283,0.5287010073661804
14320,19,993,0.0144955394789576,1.223413628586627
14468,88,4425,0.0022420836612582,1.2317999601364136
18010,130,6512,0.0257718842476606,1.0406337462331647e-05
17251,74,3738,0.0725522264838218,0.7804411941438332
17600,23,1157,0.0586110725998878,1.1464600563049316
17600,72,3608,0.3876829743385315,1.026479959487915
14455,59,2973,0.0145410932600498,0.6942448192747435
14445,48,2440,0.048824518918991,0.5959061815039276
17364,46,2305,0.0095224762335419,1.15024995803833
17364,54,2721,0.0112732406705617,1.0989425096825016
17205,175,8752,0.421785831451416,0.8281508244672297
14667,47,2362,0.2316928952932357,0.00021457755100769417
17655,307,15356,0.0193005613982677,0.6022279858589172
14409,0,33,0.0774228274822235,0.6334986336441943
14216,52,2611,0.0010669504990801,0.752373993396759
14901,9,462,0.2192223966121673,0.78016597032547
18005,61,3063,0.0056747621856629,1.0
18005,61,3098,0.3262760639190674,1.0
14828,87,4393,0.0030611283145844,1.1494416567678345
14828,147,7351,0.0115678450092673,0.9744634371698524
14521,36,1833,0.0245300196111202,0.6983894311080405
17960,27,1398,0.0014798885677009,1.2002269579099334
15117,124,6246,0.6946589350700378,1.728140385930501e-05
17349,5,285,0.0074126068502664,0.8947777224855713
17349,5,290,0.0126149542629718,0.4377650022506714
14830,42,2107,0.1148692592978477,4.234026824027751
14464,252,12641,0.017538258805871,1.0268499851226809
17172,70,3516,0.0534878112375736,0.940322995185852
17874,31,1566,0.0257200747728347,0.9796910285949708
14920,26,1306,0.0177413094788789,0.8612880110740662
17308,122,6105,0.0208477135747671,5.998940344955008e-10
14987,12,606,0.2178903520107269,1.0
17620,174,8719,0.0115754967555403,0.9938099980354308
14531,57,2888,0.0277634132653474,1.598289966583252
17641,34,1747,0.019652210175991,0.8697360157966614
14427,89,4464,0.0047737383283674,1.02606999874115
14427,251,12585,0.2662625014781952,0.6145320954436784
17655,216,10808,0.2580514848232269,1.1766799688339231
17855,133,6669,0.0056642252020537,1.2805163972206797
14439,15,760,0.013121098279953,0.8595920205116272
17111,201,10075,0.0044610616751015,1.0573300146875655
14816,17,891,0.0031413421966135,5.059765964942244
17990,76,3801,0.0155950281769037,0.5598744598948002
17840,39,1955,0.4631909132003784,1.137969970703125
14921,58,2932,0.216523990035057,0.6421939730644226
14445,75,3767,0.0074647939763963,1.5698227730858036
14445,121,6056,0.0701449513435363,0.639727571376909
17116,93,4682,0.0697479769587516,1.0223499536514282
17324,61,3086,0.0060889478772878,0.8564779758453369
14408,25,1268,0.0430131740868091,4.2016765576978505
14408,26,1347,0.1238371431827545,1.3321270841956192
17569,17,868,0.1335230618715286,1.2539499998092651
17478,83,4167,0.0845540538430213,0.6634690165519714
14427,56,2822,0.0092370957136154,0.998112976551056
17666,41,2056,0.775374174118042,1.08270001411438
17492,12,621,0.0119427870959043,0.8691610097885132
17132,408,20435,0.1897851377725601,0.8280249834060669
14269,111,5578,0.0296774506568908,0.9830740094184875
17415,76,3822,0.0280699618160724,0.6698309779167175
17415,292,14619,0.0718421041965484,0.5017420053482056
17415,292,14625,0.0009177369647659,0.7858999967575073
17361,361,18064,0.0798412933945655,0.9826306075491402
17165,17,896,0.0091543337330222,1.10453999042511
17165,69,3468,0.0238150041550397,1.2567616290664174
14467,204,10233,0.0488022789359092,0.9991989731788636
14270,199,9973,0.013121610507369,1.0
17169,50,2532,0.5665731430053711,0.6143620014190674
17095,102,5119,0.0178014039993286,1.1949064423597806
17619,14,728,0.4271939694881439,1.3408144571521916
17666,175,8776,0.1243185773491859,0.4306409955024719
17358,25,1287,0.0360595546662807,0.2705608489221091
14644,123,6174,0.3500604629516601,0.4780110120773315
14644,220,11028,0.0763764902949333,0.8779129981994629
14623,156,7813,0.0019416605355218,0.6410830020904541
17871,172,8634,0.0695225372910499,0.0005574615429507605
14903,128,6430,0.1355005353689193,0.9745540022850036
17992,11,583,0.0164952520281076,1.1590399742126465
17992,16,831,0.0025702738203108,1.0313800573349
17316,2,116,0.0846442356705665,1.0413700342178345
18039,162,8143,0.0457173623144626,0.5105149745941162
18001,6,341,0.0354084260761737,0.7017688240458355
17087,154,7716,0.2921667695045471,0.9217900037765504
17087,344,17213,0.051178753376007,0.7741682840192681
17978,132,6632,0.196683645248413,0.5633569955825806
18007,119,5974,0.0449147671461105,1.166867768358145
15097,72,3624,0.0066770385019481,1.1998249224823352
14959,187,9385,0.0198355391621589,0.5859649777412415
17199,140,7019,0.0168675128370523,0.5915799736976624
17696,207,10391,0.3740524649620056,1.0111395118237139
14445,15,778,0.0080697545781731,1.0354353307611106
17324,20,1015,0.0446975938975811,0.8621079921722412
14379,60,3049,0.0026382128708064,1.0454699993133545
17210,39,1962,0.004055899567902,0.6908190250396729
14626,203,10152,0.8284338116645813,0.9758120179176332
17208,2,108,0.0328751243650913,0.9013382117441608
14263,9,478,0.0983422547578811,0.7047065797575058
17379,14,715,0.0077856513671576,1.041200041770935
14818,21,1069,0.0925556719303131,0.7052118479322189
15154,177,8855,0.0208902712911367,1.0466400384902954
14409,25,1278,0.0379224680364131,2.8322020352861728
17128,55,2782,0.0237977132201194,0.9996560215950012
17128,55,2799,0.0311846677213907,1.484339952468872
14367,19,960,0.0057355496101081,1.0778599977493286
14367,287,14381,0.0236584972590208,0.5025340074439909
14878,0,47,0.1565071195363998,0.899599015712738
17641,128,6436,0.0120459627360105,1.0
14360,45,2279,0.007399805355817,0.9911069869995116
17152,23,1158,0.1711287200450897,0.5189499855041504
17561,139,6974,0.0127322105690836,0.00031668137216610157
17309,132,6611,0.021086249500513,1.371288714090042
14411,5,253,0.0214749500155448,0.8963209986686707
15111,40,2008,0.0294323973357677,0.659901908014092
17343,55,2778,0.1334879994392395,1.066540002822876
14417,19,986,0.0043255547061562,0.519428014755249
14417,20,1001,0.0024628767278045,1.2831444700442773
14468,95,4784,0.0294482242316007,1.0310268491358698
17517,53,2684,0.0401797816157341,0.901175022125244
17265,205,10269,0.0122299576178193,0.8779129981994629
14235,39,1971,0.0351470373570919,1.006700038909912
17559,116,5813,0.0098861455917358,0.8330029845237732
17987,164,8227,0.1256267726421356,0.6395379900932312
17544,6,304,0.0389340743422508,1.0500024503011927
17413,107,5355,0.1551426500082016,1.2775941804680429
17413,148,7450,0.0267756506800651,1.2426937210884719
14636,149,7469,0.0046894298866391,1.0
14549,61,3068,0.025612823665142,1.034809947013855
17335,30,1516,0.0015833692159503,0.5854049921035767
14259,98,4921,0.2629087269306183,0.967939019203186
14367,224,11243,0.0077257570810616,1.1554800271987915
14367,250,12527,0.0430268384516239,1.0766600370407104
17383,131,6575,0.7939774394035339,1.2723699808120728
14539,55,2770,0.0329095870256423,1.0
14692,52,2646,0.0185014326125383,2.226373057236657
18021,272,13622,0.0750613287091255,0.7268676684702271
14878,192,9615,0.0176836401224136,0.85760498046875
15111,237,11877,0.113488383591175,0.6575697450627302
15111,242,12116,0.3450075089931488,1.36503005027771
17972,183,9192,0.0217518471181392,0.6347879767417908
17972,257,12879,0.0083795292302966,1.1815500259399414
14631,297,14876,0.0265323817729949,0.8456799983978271
14805,81,4088,0.0016128600109368,1.040060043334961
14805,92,4602,0.0277311969548463,0.8809199929237366
17398,8,433,0.0128431823104619,1.01282000541687
17328,83,4180,0.0413317531347274,1.1341400146484375
14770,95,4784,0.0368893258273601,0.8779129981994629
14913,124,6235,0.2573031783103943,1.2709977026557056
14586,36,1811,0.1693690419197082,0.974711000919342
17534,37,1869,0.0850730761885643,6.707877815543325e-05
15118,88,4422,0.9210398197174072,1.0
15118,88,4446,0.3660413920879364,1.040410041809082
17144,130,6548,0.0009377362439408,0.9838929772377014
17070,263,13152,0.0309949200600385,1.0385899543762207
17304,74,3743,0.9442498683929444,1.0311100482940674
17304,77,3889,0.0696859061717987,0.6178980898618888
17985,248,12437,0.7119918465614319,0.9667919874191284
17985,346,17317,0.0036341855302453,1.3618099689483645
17469,31,1560,0.0037272360641509,0.976818025112152
17407,50,2513,0.0045485249720513,1.0502699613571167
17132,8,410,0.0501972064375877,0.9875334914323446
15106,189,9469,0.0151823461055755,1.003440022468567
17695,33,1660,0.1170167624950409,0.9991726412145073
17695,49,2454,0.0146933579817414,1.6848667270996032
17647,24,1208,0.0720043703913688,0.5438079833984375
17647,24,1247,0.6477119326591492,1.0183900594711304
14956,83,4152,0.0175834633409976,0.8796839714050293
14956,83,4169,0.0583303496241569,1.1065000295639038
17239,70,3525,0.0014232560060918,1.6754900217056274
14425,19,983,0.0307054165750741,0.6454166858827008
14425,59,2957,0.006037741433829,0.5599330067634583
17162,137,6897,0.0061731012538075,0.7085009813308716
17495,70,3514,0.4926463067531585,1.1817918775234728
17833,47,2371,0.1140458658337593,3.259865631098961
14909,40,2044,0.0059644971042871,1.0334199666976929
17840,225,11300,0.2021066844463348,1.0271199941635132
17140,88,4422,0.1002585589885711,0.7339569926261902
17561,65,3252,0.0609999522566795,1.1067215180838732
17653,52,2617,0.0313835106790065,1.176550030708313
14870,34,1706,0.053183127194643,1.082900047302246
17240,345,17261,0.0700138211250305,1.1351551427630537
17684,39,1962,0.1549677848815918,1.178856231251757
14912,37,1899,0.0047732964158058,0.5439860224723816
14642,98,4937,0.0214452240616083,0.7237842141055566
14259,47,2390,0.1179174110293388,1.1005471548313321
14259,49,2500,0.211300179362297,0.897668336026733
17352,105,5268,0.3160305023193359,0.5218409895896912
14290,298,14950,0.031329084187746,0.927770972251892
14580,15,772,0.149345263838768,1.0424284215296353
17846,24,1227,0.0084161963313817,0.9071980118751526
17111,62,3122,0.0183277633041143,0.7291290163993835
17111,62,3139,0.2467681020498275,1.0330050572555933
14335,255,12776,0.0111015113070607,0.8541229963302612
14882,1,95,0.0023351814597845,1.0
14219,100,5001,0.1000623255968093,1.0573099851608276
14219,145,7284,0.0035946529824286,0.6124870181083679
17974,90,4535,0.0647027418017387,1.1019916897819755
17986,90,4545,0.0088473930954933,0.6498917113422209
17327,162,8133,0.0003315857320558,1.3218271425168948
14551,288,14443,0.0037781063001602,0.9739199876785278
14362,34,1702,0.0775054693222045,0.7404698848744005
17488,25,1272,0.017379492521286,0.5710480213165283
17243,9,486,0.0011887578293681,1.1174590480235904
17243,9,489,0.0031311633065342,0.8902040123939514
17638,46,2350,0.0963864102959632,1.0574300289154053
14202,29,1486,0.0195744894444942,0.7810923735413766
17596,15,791,0.0407958664000034,0.838890016078949
14438,11,588,0.0820765197277069,1.0380799770355225
17316,33,1665,0.0131720919162034,1.0841699838638306
17316,101,5086,0.0525971949100494,1.3926299810409546
14805,237,11860,0.0114705692976713,0.6681205760951912
14223,4,223,0.0775260105729103,0.2909989953041076
14455,251,12581,0.0080872252583503,1.2566289425202513
14455,258,12946,0.0160346683114767,0.5980756704711894
17823,46,2348,0.0089738266542553,0.4843870103359222
14399,106,5310,0.0913212895393371,1.1845194672263306
14399,106,5350,0.8721921443939209,0.9115319848060608
17194,81,4083,0.0102988863363862,1.038409948348999
15162,50,2517,0.0327112413942813,0.8853369951248169
15222,57,2898,0.0633053407073021,1.1891107796214015
17090,65,3273,0.1189397275447845,0.5499150156974792
17090,65,3274,0.0277229268103837,0.947829008102417
17394,93,4689,0.0057804081588983,1.024399995803833
14550,293,14664,0.0042811059392988,0.8524960279464722
14634,8,434,0.0826273933053016,2.712495652149414
14401,111,5578,0.01540601067245,0.8556569814682007
17237,151,7574,0.0465641766786575,0.6554504059484856
15073,170,8517,0.0925898402929306,0.5716270208358765
17267,140,7028,0.0829614177346229,0.6666635203434836
14793,31,1585,0.3050388097763061,1.094290018081665
14793,96,4803,0.7702799439430237,1.0
14793,96,4823,0.0544529370963573,1.1476600170135498
14924,65,3266,0.0169230345636606,0.8404175335915196
14888,24,1222,0.0058708852156996,1.0725500583648682
14745,146,7332,0.0359338447451591,1.1269199848175049
14243,140,7031,0.033374086022377,1.0859500169754028
17620,48,2433,0.0092702554538846,0.7969719767570496
14277,302,15141,0.001212410046719,0.3856369853019714
14578,49,2461,0.0147105222567915,0.6084650158882141
17067,26,1335,0.1114998906850814,1.3370007542139462
15135,12,624,0.0022337883710861,0.970445990562439
14716,70,3537,0.0206329654902219,1.0658199787139893
17830,33,1670,0.753751814365387,0.9923830032348632
17552,176,8832,0.0403282530605793,1.2003466245142815
14524,6,314,0.0879886150360107,0.8892618346872965
17349,101,5067,0.0143427932634949,0.4967710077762604
17258,14,702,0.0206821952015161,1.0159900188446045
14564,59,2968,0.0024886974133551,0.6084669828414917
18010,207,10367,0.1390043199062347,0.8929921531516882
17391,19,993,0.013069081120193,1.0418699979782104
14626,19,958,0.4663815498352051,0.8740460276603699
14544,245,12289,0.0061800731346011,1.1493305264939409
15103,151,7598,0.0135081084445118,1.1672985927681618
14212,23,1174,0.0194897800683975,1.1050900220870972
15152,0,31,0.0969238951802253,1.0552300214767456
18021,31,1581,0.0058097764849662,0.9616545400891924
18021,53,2698,0.0174314547330141,0.9217900037765504
17835,63,3179,0.029371965676546,1.2908805992567522
17597,78,3923,0.008074183948338,0.9989309906959534
14575,13,659,0.0136501379311084,1.0118099451065063
14372,28,1413,0.0043106069788336,1.4925199747085571
14239,9,474,0.0984672233462333,0.3650780022144317
15103,249,12492,0.9014921188354492,0.6421059966087341
18049,120,6018,0.1001345887780189,0.5238580107688904
15114,63,3168,0.2353652864694595,0.9057139754295348
17383,370,18511,0.0409430526196956,0.5087159872055054
14807,141,7085,0.1044388711452484,1.0
14274,81,4079,0.1586587578058242,1.1230721191870783
14306,96,4840,0.1269706636667251,0.6188843382656728
14306,159,7986,0.0341451875865459,1.1184757432980066
17795,8,436,0.0013510204153135,1.3182416046527976
14991,41,2073,0.0798537358641624,0.9955130219459534
17357,45,2289,0.1213287562131881,0.9869539737701416
17217,6,325,0.4396198093891144,1.0315799713134766
17217,6,350,0.2457196116447448,0.9723010063171388
17835,254,12736,0.0153973624110221,1.0450999736785889
17100,139,6998,0.0075519001111388,1.1285580894984835
14224,2,135,0.0061888364143669,1.032170057296753
14224,73,3662,0.0235159322619438,0.9220100045204164
14224,73,3696,0.0465713217854499,1.1503499746322632
17700,95,4788,0.0054545775055885,0.9674620032310486
17700,95,4797,0.2283073216676712,0.871612012386322
15150,5,290,0.0163060035556554,1.0891499519348145
14455,40,2021,0.0032599060796201,1.062150001525879
14774,100,5001,0.0238015614449977,1.2420710604783805
17307,40,2037,0.0625181421637535,0.558942973613739
17849,200,10006,0.7197216749191284,0.8138570189476013
18026,170,8520,0.7981359362602234,0.5584570169448853
17169,265,13287,0.0264994706958532,1.0256600379943848
17206,399,19964,0.0045542391017079,1.0173100233078003
14913,149,7497,0.1178437024354934,0.7729309797286987
14740,24,1217,0.0240198168903589,1.2975300550460815
17658,19,974,0.1234927400946617,1.0644299983978271
17339,178,8950,0.0216652974486351,0.8631719946861267
14726,97,4883,0.1431657969951629,1.111899971961975
17631,82,4149,0.0033408089075237,1.120579957962036
17112,82,4112,0.0363875776529312,0.7750569848402549
17162,148,7432,0.0315568260848522,0.8548280000686646
14438,35,1752,0.004133881535381,1.0
17414,91,4590,0.1325543969869613,1.0
17111,65,3258,0.0019162967801094,0.4578790068626404
17226,50,2504,0.0048881745897233,1.0571500062942505
14644,167,8354,0.1031975969672203,1.1590499877929688
17239,225,11270,0.0067289974540472,1.0855181725082872
14459,97,4883,0.6934283375740051,0.9234690070152284
14553,308,15442,0.0420546904206275,1.1575469731572243
14329,17,882,0.0322761461138725,1.0
14329,295,14790,0.0094939516857266,1.0335299968719482
17414,181,9068,0.0093021960929036,1.5204099416732788
17361,176,8841,0.4954057931900024,1.0420000553131104
17361,273,13656,0.0050723040476441,0.47093469590567594
17662,218,10919,0.0094164982438087,1.2367707395367233
14673,6,336,0.0042095449753105,1.049149990081787
14644,121,6072,0.1358588486909866,0.7399569749832153
15116,286,14322,0.0307689644396305,0.6193627463266793
17356,159,7989,0.0124574592337012,0.96839702129364
17356,159,7997,0.0054486878216266,0.6641028240164815
17240,192,9610,0.2737745344638824,1.2682031975964492
14989,146,7311,0.0268684700131416,0.9362360239028932
17754,29,1460,0.0110904229804873,0.6713619828224182
14746,181,9066,0.1257322579622268,0.9540889859199524
14886,32,1643,0.0178047232329845,1.0010700225830078
14989,66,3301,0.0033133595716208,1.7108095460209258
17197,13,658,0.0189509689807891,0.9126610159873962
14336,93,4656,0.0917464718222618,0.9050795408591625
15061,37,1872,0.9081758856773376,0.7211319804191589
15061,101,5097,0.0251657851040363,0.5431670536522404
15061,136,6802,0.0646950826048851,0.7975000143051147
17668,95,4760,0.0220008473843336,0.4569750130176544
17365,50,2520,0.0298849064856767,1.0
17365,50,2522,0.0308003146201372,1.2565046171973793
17858,27,1382,0.0234337132424116,1.0731501331088253
14597,139,6968,0.0127361612394452,0.6005920430128597
14597,139,6995,0.1642882078886032,0.98335999250412
17132,25,1291,0.0078131789341568,0.5445929765701294
18009,37,1887,0.1497993469238281,0.8999875074556343
17666,239,11990,0.0917762741446495,1.2918699979782104
17829,236,11849,0.0035830030683428,1.0579899549484253
17440,65,3261,0.0076648811809718,1.3311442762507397
14337,43,2199,0.0031189972069114,0.4998359978199005
18007,41,2095,0.0603728666901588,0.945088028907776
17070,216,10826,0.0833146646618843,1.0248500108718872
17373,10,533,0.0379978194832801,1.5656658368458805
14721,91,4554,0.9280216693878174,1.8028768106623545
14367,91,4582,0.1868606507778167,0.9357879757881165
14367,277,13884,0.0822772160172462,0.9375669956207277
18011,44,2203,0.0327399633824825,1.230329990386963
14320,54,2712,0.0099453590810298,1.882640538128797
14664,90,4530,0.1027267277240753,1.012570023536682
14722,148,7434,0.0048202313482761,0.9654499888420104
15117,148,7447,0.0063175042159855,1.037559986114502
15117,150,7526,0.0204730201512575,0.6280710101127625
17135,2,120,0.030521048232913,1.0991899967193604
17990,229,11486,0.113416701555252,1.380429983139038
14874,136,6801,0.1498825848102569,0.9629589915275574
14550,104,5223,0.0241208802908658,1.1414599418640137
14550,131,6577,0.5972910523414612,1.0077799558639526
17978,225,11264,0.0781199634075164,0.9513400197029114
17334,15,770,0.0081777898594737,1.3902400234717334
14441,3,158,0.0118444338440895,0.8811699748039246
14785,65,3283,0.0584018863737583,1.0
17872,59,2986,0.0196648780256509,1.288259983062744
14418,76,3820,0.0503792203962802,4.068617500077295
17390,6,308,0.0418639369308948,0.5926799774169922
17390,33,1680,0.4310782253742218,1.0
17850,67,3390,0.0066947117447853,1.0296399593353271
14549,25,1254,0.0839503407478332,1.0688999891281128
17203,26,1344,0.1045067310333252,0.8265860080718994
17203,71,3596,0.0448747612535953,1.097480058670044
17630,72,3636,0.0117855425924062,1.0
17614,142,7119,0.0152146127074956,0.9497789356057069
14721,82,4123,0.0045782518573105,0.928542971611023
14884,219,10983,0.0472728684544563,1.0
14797,21,1060,0.0018718213541433,0.6318759918212891
17339,330,16540,0.948137104511261,0.5901020169258118
17354,62,3102,0.0927939563989639,0.8620989918708801
14349,36,1832,0.1509764790534973,0.9100630283355712
15102,21,1073,0.0090246880427002,1.0206700563430786
14450,253,12662,0.0461051650345325,1.0211399793624878
14556,221,11085,0.0087720202282071,0.7278850078582764
17325,51,2558,0.5360267758369446,0.7817823451358379
14956,166,8349,0.1345175057649612,0.9903990030288696
14940,234,11701,0.0186788570135831,0.6093209981918335
17249,88,4405,0.004965238738805,1.1440500020980835
17458,144,7215,0.0216464437544345,8.57673846558334e-07
17239,166,8339,0.0019424518104642,0.5726522181819007
14970,16,833,0.0217995233833789,0.8985530138015747
17307,98,4912,0.0284636262804269,1.0256099700927734
14218,191,9551,0.0017931381007656,1.2380683531785195
17447,55,2773,0.0187749825417995,0.9703590273857116
17447,59,2956,0.0620250925421714,1.0197299718856812
17686,346,17317,0.0275769438594579,1.471250057220459
14712,241,12075,0.0108838835731148,0.5465289950370789
17875,81,4062,0.9753150939941406,4.272331209465847
14259,181,9051,0.0634466558694839,1.1250300407409668
17972,68,3409,0.0290600657463073,0.8779129981994629
17598,51,2598,0.0343218483030796,0.7325617630431225
17666,83,4160,0.0282566491514444,1.2416847618649314
15153,9,494,0.3715161681175232,0.4171926269467577
15153,49,2483,0.0086774872615933,1.1427799678775939e-11
17960,81,4053,0.0161922182887792,0.984492003917694
17667,180,9046,0.0317590311169624,0.3361360132694244
14880,4,245,0.0186425726860761,1.2037804545533675
15166,275,13773,0.007380919996649,1.0564600229263306
14903,142,7113,0.0105126947164535,1.0781653765273662
18014,17,891,0.0778746455907821,1.0
17987,193,9695,0.03328612819314,0.873399019241333
14438,227,11356,0.0375319831073284,1.0172090070262811
14541,25,1295,0.9206054210662842,0.8928149938583374
14556,110,5506,0.0474303737282753,0.5953119993209839
17131,65,3263,0.619677722454071,1.184634626229979
17592,217,10881,0.337937444448471,8.557562497239725e-06
14754,77,3888,0.0065596243366599,1.051859974861145
15057,111,5561,0.0418655537068843,0.976338028907776
17858,268,13447,0.0031401016749441,1.3495909199489233
17365,141,7069,0.0018225273815914,1.2740150353565127
14775,104,5211,0.0025083858054131,1.0
18011,85,4281,0.0020591719076037,1.0015900135040283
14971,19,954,0.0653874576091766,2.816077915916509
14746,244,12220,0.003045669523999,0.9217900037765504
17825,2,119,0.0067704883404076,0.4746899902820587
14734,107,5398,0.0130869960412383,0.9874989986419678
17265,59,2982,0.253215342760086,0.04181518023675675
17493,96,4816,0.0484544560313224,1.184999942779541
14907,65,3293,0.0241427272558212,0.7887139916419983
14801,72,3604,0.1610576808452606,1.038789987564087
14801,137,6854,0.0028225793503224,0.6232590079307556
17451,138,6919,0.0781762152910232,1.1747921127704546
15097,116,5831,0.0021760333329439,0.6241679787635803
14592,44,2245,0.0328887179493904,1.1296904060696278
14342,65,3299,0.0802176967263221,1.0341399908065796
17989,38,1917,0.03926632553339,0.6415079832077026
14549,11,571,0.0076117273420095,1.179710030555725
14708,12,612,0.0026420447975397,0.8971920013427734
14924,12,649,0.0048314249143004,0.5663939714431763
14455,104,5228,0.0050314995460212,0.5893110036849976
14455,146,7315,0.1428820043802261,0.9626659750938416
14590,0,15,0.0018645416712388,1.0
14959,100,5018,0.0286740958690643,1.0871519804653647
14367,165,8277,0.0321733728051185,0.6258569955825806
14552,64,3250,0.0025123259983956,1.191272056599573
14874,227,11361,0.206661656498909,2.607402201088876e-14
17132,432,21619,0.0777302682399749,1.2076716474925604
17394,149,7458,0.0050349594093859,0.5903750061988831
14558,213,10662,0.0812878981232643,0.6089029908180237
14558,213,10669,0.0117899477481842,0.4925689995288849
14558,237,11864,0.0024303116369992,1.1047799587249756
17851,91,4587,0.3513070940971374,0.9032689929008484
17851,256,12848,0.0296263210475444,0.5609300136566162
17370,53,2678,0.1443353444337844,1.267349640614171
14543,211,10589,0.0757309943437576,0.6677323857444506
14771,45,2280,0.0274332053959369,0.9207515890730632
18021,250,12505,0.6266868114471436,0.8795959949493408
18021,366,18322,0.0110795982182025,0.8795959949493408
14782,16,827,0.0383030883967876,0.4957720041275024
14782,99,4962,0.0036511055659502,1.0081599950790403
18021,186,9325,0.1098968163132667,0.9014379978179932
14375,235,11773,0.0148252053186297,0.5422559976577759
14245,202,10148,0.1562342196702957,0.9217900037765504
17312,91,4595,0.0139609733596444,0.4860114676906164
17312,91,4597,0.0324810184538364,1.0848100185394287
17626,10,536,0.0345974192023277,1.0928800106048584
17626,13,696,0.0033351834863424,1.1557300090789795
17561,183,9165,0.0044252718798816,0.5731759634915433
17137,104,5231,0.0852054804563522,1.105329990386963
17550,62,3102,0.0170962680131196,0.7832540273666382
17550,62,3132,0.009320406243205,0.5091630220413208
17087,5,251,0.0145623032003641,0.9870370030403136
17087,36,1829,0.2547768950462341,0.7417445659108922
17087,198,9925,0.0388410463929176,1.5711499452590942
14924,68,3421,0.6834558844566345,0.585919976234436
14974,24,1202,0.7840666770935059,1.0413700342178345
18026,104,5216,0.8058122396469116,0.5962142455477704
14779,46,2342,0.0044106869027018,0.8201450109481812
17240,431,21593,0.0338003747165203,1.4206208824752906
17960,110,5537,0.05265948548913,0.5736560225486755
17851,6,302,0.0270905047655105,1.0736000537872314
17093,4,238,0.0159232933074235,1.0080100297927856
17563,53,2662,0.0686751678586006,0.735243022441864
17563,53,2698,0.0211951527744531,0.43677749308836766
14981,127,6366,0.4604679048061371,1.1204500198364258
14427,227,11364,0.0158665981143713,1.1895346829477942
14427,280,14017,0.0975734293460846,0.5526109933853149
17503,48,2412,0.992679238319397,0.5779029726982117
15122,25,1264,0.0113076753914356,0.5700200200080872
14722,87,4399,0.0274406857788562,1.0308599472045898
14722,102,5105,0.0127389207482337,1.1841060402786636
17956,309,15495,0.0045972797088325,1.1220699548721311
17335,11,564,0.0039971657097339,0.5152140259742737
17413,359,17995,0.0047876155003905,1.109830021858215
17662,74,3737,0.0635177940130233,0.9975680112838744
14376,43,2156,0.02307004109025,1.2719861750441623
14828,108,5440,0.0052502672187983,1.2131044075563722
14828,108,5447,0.0061065736226737,0.7628679871559143
17406,158,7924,0.0563736520707607,0.9436920285224916
17847,314,15710,0.0327676087617874,0.9882410168647766
17840,450,22501,0.0063569075427949,0.9921759963035583
14947,6,328,0.0767526030540466,1.0489210830417763
14912,99,4978,0.0406632423400878,1.0057499408721924
17206,343,17196,0.0147249065339565,0.9247999787330629
14526,160,8013,0.0092058815062046,3.784024377795074e-07
14526,160,8050,0.0153623484075069,0.5931180119514465
14218,216,10830,0.0201210584491491,1.3097780550113214
17972,198,9931,0.391325443983078,1.0777000188827517
17076,4,237,0.0363221243023872,1.0723355974183164
17206,526,26305,0.0274150874465703,1.0237200260162354
14790,202,10139,0.1897375732660293,0.9655789732933044
17114,73,3662,0.012668689712882,4.022674333712871
17451,277,13881,0.0050277458503842,1.0163999795913696
15098,46,2301,0.0462961196899414,0.7032750248908997
14873,127,6352,0.0354812964797019,1.135938076750733
15140,116,5825,0.1353904753923416,0.5973860025405884
17418,32,1616,0.1577686369419098,0.9973899722099304
14901,52,2649,0.579437792301178,0.8167579770088196
15103,251,12591,0.0181425176560878,0.8985829949378967
17783,114,5734,0.0120002645999193,1.1387093607265797
14824,220,11022,0.5406079292297363,1.0459743806764903
14870,322,16102,0.0203906260430812,0.5749070048332214
17875,305,15283,0.0460445620119571,1.151493786146979
17134,43,2193,0.0183104407042264,0.8900079727172852
17158,73,3696,0.0043094386346638,0.4276610016822815
17077,93,4674,0.0089031709358096,1.1035258159594434
17077,93,4691,0.0190338306128978,1.1140557953428993
14939,115,5776,0.037976436316967,1.2271237313217682
17869,71,3552,0.0313430093228817,0.9876880049705504
14569,132,6621,0.0082448301836848,0.9093829989433287
14569,150,7537,0.0330141857266426,1.4021865161466849
17559,87,4351,0.0479991883039474,0.21805114301102607
17361,118,5913,0.0225262716412544,0.6506829857826233
17089,106,5311,0.0103173917159438,0.5179769992828369
17850,72,3613,0.1135580763220787,0.994799017906189
17503,105,5290,0.0442663691937923,1.2069599628448486
18024,367,18360,0.0055974600836634,0.8685299754142761
17210,114,5736,0.0065257786773145,1.024899959564209
17489,103,5170,0.2113178372383117,0.5126100182533264
14789,158,7907,0.0027084138710051,0.8222969770431519
17057,84,4208,0.3287966549396515,1.0037200450897217
17313,222,11124,0.0090834144502878,4.197808491066269
14770,93,4655,0.2942534983158111,0.5208931814441796
14770,267,13397,0.0119359232485294,1.1735600233078003
17380,56,2817,0.3462544977664947,1.001389980316162
17722,122,6117,0.0878326296806335,1.4034700393676758
17544,15,769,0.0129623850807547,1.2337076794805029
17824,11,563,0.0565895214676857,0.8397690057754517
17317,10,536,0.0976214408874511,0.9850469827651978
17414,105,5297,0.0521498546004295,0.6437469720840454
17414,121,6089,0.1000572592020034,0.6889550089836121
17383,185,9273,0.1616322100162506,1.0007200241088867
17383,275,13754,0.001500389073044,0.5625609755516052
17383,275,13772,0.0598930977284908,0.690850019454956
17444,53,2663,0.001586175058037,0.9549029574695567
14806,244,12225,0.0816121101379394,0.4293499886989593
14938,201,10069,0.0175191890448331,1.0
14745,41,2070,0.2255631238222122,1.1467499732971191
17493,278,13914,0.0622576363384723,0.8717470169067383
17540,23,1156,0.0210750475525856,1.008800029754639
14559,269,13460,0.0489767976105213,1.145959973335266
17219,74,3747,0.0334145501255989,1.0021100044250488
14965,6,312,0.0369790457189083,0.5595399737358093
17333,135,6791,0.1114328950643539,0.4043290019035339
14768,132,6645,0.0129132876172661,1.038891893906154
14228,18,936,0.0038858384359627,1.0220199823379517
15136,44,2232,0.0256969351321458,0.985247015953064
15136,97,4894,0.0004941595834679,0.5502960085868835
14229,72,3638,0.1735025197267532,1.0804599523544312
14609,21,1096,0.0099989799782633,1.090019941329956
14609,77,3857,0.0308220498263835,0.5379040241241455
14756,65,3262,0.0053981291130185,0.9541069865226746
14527,53,2657,0.0167194996029138,1.0
14580,72,3630,0.0108584007248282,0.8163160085678101
14990,114,5707,0.6424738764762878,0.5460659861564636
17132,289,14466,0.0076558948494493,0.9359070062637328
14569,65,3285,0.0079457936808466,1.2283572246033145
17193,60,3038,0.2388418763875961,1.04222306366249
17164,75,3759,0.0878202319145202,1.020210027694702
18008,88,4421,0.011779936030507,1.0898415256864527
18008,88,4443,0.0208854544907808,1.1631499528884888
17409,5,288,0.1013463363051414,0.769769012928009
17232,62,3145,0.0469365231692791,1.431419069126207
17232,80,4033,0.0106500387191772,1.2610570239338446
14802,238,11946,0.0006257622735574,1.2280776600214693
15146,136,6831,0.0233476106077432,0.7628520131111145
17327,17,898,0.0029302365146577,1.2052104318200492
17242,60,3005,0.0104727912694215,0.971430003643036
14452,162,8106,0.0693119540810585,1.0205999612808228
14452,169,8463,0.0194224901497364,1.0634790093863558
17208,183,9167,0.0228833723813295,0.7581369876861572
14891,205,10267,0.7231320738792419,1.4192790284933636
17195,168,8445,0.6406289339065552,0.00017601087312459318
17409,17,868,0.0178220588713884,0.8162310123443604
14779,94,4703,0.0078468555584549,0.0024550632989649244
17698,36,1807,0.0069057084619998,0.9227814582470373
14445,134,6720,0.2038191258907318,1.315299182518757
14445,143,7163,0.8738813400268555,1.0036100149154663
14271,246,12320,0.0039525530301034,1.2396999597549438
14372,150,7547,0.3481311798095703,0.4866620004177093
14615,63,3161,0.1862697005271911,1.003250002861023
14527,121,6100,0.0755777955055236,1.0531200170516968
14634,13,663,0.09989595413208,1.044260025024414
17989,87,4366,0.0573203898966312,0.6113994621173902
14409,281,14092,0.2370924353599548,0.5810490250587463
17851,294,14736,0.019136706367135,0.9375635371148405
17683,62,3133,0.0203458927571773,0.9767400026321412
17250,71,3577,0.0176554750651121,1.4115186568023719
14375,92,4624,0.0113724591210484,0.9313420057296752
14986,15,758,0.1772747337818145,1.2034598524332694
17572,15,791,0.004190529230982,1.023859977722168
14725,152,7629,0.3087880909442901,0.4516409933567047
17155,158,7927,0.0207147635519504,0.9217900037765504
17138,8,435,0.0076474482193589,0.6359630227088928
15145,7,357,0.0251024570316076,1.3601446069766467
17556,139,6996,0.2493670582771301,0.4893490076065063
14377,260,13011,0.0702878758311271,1.0332000255584717
14870,76,3805,0.2192846983671188,0.6247230172157288
17118,65,3273,0.0295084323734045,0.5804435441727095
14377,173,8681,0.0039895544759929,0.8482499718666077
17400,63,3197,0.0074215796776115,0.5510863378044917
17204,170,8535,0.0035196333192288,0.4319849908351898
14510,2,124,0.0301736816763877,0.6154349457265766
14510,4,245,0.0355729088187217,0.8614569902420044
14445,24,1211,0.0298366118222475,0.7855340242385864
17678,66,3305,0.0018217838369309,0.9959310293197632
14609,234,11748,0.0064735198393464,1.055590033531189
14338,117,5865,0.0102219618856906,1.026020050048828
17469,114,5731,0.0170813705772161,1.0252900123596191
17415,44,2236,0.2587386965751648,1.2414061384027946
17228,74,3704,0.0133013203740119,1.1237200498580933
14980,87,4353,0.0061532575637102,0.9900910258293152
14257,67,3376,0.0327662117779254,0.7685379981994629
14257,67,3390,0.0009740322711877,1.2204099893569946
17339,123,6169,0.0119129223749041,0.9989266425609458
14870,232,11604,0.001524924300611,2.3517868675509263e-06
17530,89,4486,0.0717965587973594,1.0
15061,172,8643,0.038963284343481,0.8831850290298462
17631,9,456,0.0676797404885292,0.4672879874706268
17631,9,459,0.0088162319734692,3.8460216242622237e-14
17631,57,2878,0.004559522960335,1.0318299531936646
17621,2,127,0.1068920418620109,0.6384599804878235
17413,74,3735,0.0788189619779586,1.0700900554656982
17413,74,3747,0.0042157480493187,0.8779129981994629
17128,100,5028,0.2260733544826507,1.1408300399780271
14944,48,2419,0.0007967910496518,0.9843000173568726
17511,25,1261,0.9169051051139832,0.9448969960212708
14748,26,1350,0.0622112303972244,0.5901780128479004
17641,38,1943,0.0033400056418031,1.2817672920203762
17641,107,5380,0.3664773404598236,1.3758534963595537
14798,39,1997,0.0759572014212608,1.0827334028469693
14900,62,3127,0.0842194035649299,0.8695627418973118
18010,91,4581,0.0446049310266971,1.0543700456619265
18010,96,4816,0.8142316937446594,0.9764940142631532
14228,67,3351,0.0038218593690544,1.2307360829325376
14302,4,226,0.1256560534238815,0.9263290166854858
14302,4,235,0.0103768547996878,0.9030590057373048
17258,35,1768,0.0193976629525423,0.9282580018043518
17267,12,615,0.0362956188619136,0.5282700061798096
17267,153,7678,0.1374988853931427,1.0602999925613403
17594,102,5117,0.0189593806862831,1.0168399810791016
17597,42,2149,0.0217854548245668,1.056920051574707
17429,4,236,0.0017994083464145,1.1467900276184082
14697,74,3702,0.1269094794988632,0.8779129981994629
17482,0,9,0.144827663898468,0.9937989711761476
17482,63,3179,0.13327556848526,1.0618200302124023
14552,20,1042,0.0014652258250862,1.166559617503822
14459,61,3055,0.081220805644989,1.3353899717330933
17242,41,2073,0.0314792469143867,1.0579999685287476
14891,79,4000,0.6936710476875305,0.8689290285110474
17201,11,566,0.0209048204123973,0.5514649748802185
17771,21,1079,0.0991183891892433,2.209306783029831
17343,28,1438,0.0121171167120337,0.988165020942688
17482,138,6915,0.0023182926233857,1.330995985655683
17780,43,2195,0.1996951252222061,0.6917362375688185
15160,162,8111,0.1026177033782005,0.7154729962348938
17520,10,521,0.2132905423641204,1.0535399913787842
17520,12,635,0.0193657521158456,0.5211780071258545
14343,149,7469,0.0383975729346275,1.0
14212,242,12149,0.0247724987566471,0.6550542154357757
14587,118,5903,0.0122071895748376,0.6134949922561646
14888,249,12469,0.3152644336223602,1.2777578519479533
14888,249,12487,0.0817297920584678,1.1543333949014922
17361,184,9247,0.0205041170120239,4.774737952728742
14981,14,711,0.0035837145987898,1.0354900360107422
14870,122,6139,0.204392209649086,1.0357199907302856
17254,40,2029,0.0429357774555683,0.5492485294346494
17451,232,11650,0.3762456178665161,1.4257700443267822
17474,10,513,0.0408437550067901,0.6947939991950989
17474,26,1331,0.0200693923979997,1.0064300298690796
14575,90,4537,0.007576277013868,1.0830899477005005
17566,136,6836,0.1095778197050094,0.9694589972496032
14299,64,3203,0.0076800407841801,0.6300625234383971
14299,64,3205,0.0514293611049652,0.4650050103664398
14455,96,4824,0.1980141997337341,1.0272799730300903
14455,108,5403,0.0011269748210906,0.9196948817829875
18039,65,3253,0.065960481762886,1.0721499919891355
17343,19,980,0.0098576536402106,1.1636242975673667
17415,84,4239,0.0446132943034172,0.6638460159301758
17415,183,9166,0.0053122458048164,1.1310690127129988
17621,103,5200,0.2979958057403564,0.8128740191459656
17661,37,1861,0.0470623448491096,0.8535919785499573
17413,103,5168,0.140978530049324,1.0984406774290534
17413,367,18373,0.0022570223081856,0.5933560132980347
14376,97,4884,0.0080332588404417,0.9694010019302368
17156,84,4218,0.1341232061386108,0.9607120156288148
17566,11,595,0.0095558427274227,0.9923499822616576
17963,49,2479,0.0480829291045665,1.0346499681472778
17493,6,338,0.0618177615106105,1.1615035836493206
17493,216,10805,0.0213607624173164,0.9487980008125304
17373,160,8011,0.184958130121231,1.0408065517471101
15136,82,4124,0.0389936231076717,1.238310811673486
14553,74,3717,0.0023940643295645,0.5066789984703064
17658,70,3509,0.0095593817532062,1.0
14377,62,3104,0.0743454843759536,0.991366982460022
14914,63,3166,0.0126874130219221,4.989588265593625
14882,102,5125,0.0694981291890144,0.9742010235786438
14882,106,5329,0.0148438401520252,0.8369320034980774
14882,138,6938,0.1663561910390854,0.9073230028152466
17100,29,1483,0.0450132563710212,1.1312315859539126
17100,95,4799,0.1330308318138122,0.969856023788452
17671,363,18199,0.9303571581840516,0.6357110142707825
17671,366,18336,0.0376318544149398,1.0845799446105957
17279,18,907,0.0224642250686883,0.7146395829090864
14812,287,14382,0.0023249823134392,1.0446100234985352
17835,262,13105,0.1416009217500686,1.0155199766159058
14463,151,7580,0.0525106862187385,0.5929388084932725
14637,105,5287,0.0270185898989439,1.1393500566482544
14729,116,5804,0.1198637634515762,1.3141800165176392
14729,118,5949,0.0007019045297056,1.3124899864196775
17678,64,3234,0.0525612644851207,0.879809249116704
17441,25,1270,0.0175669062882661,1.0595248241398993
17122,126,6335,0.0828175172209739,0.6130769848823547
14216,78,3906,0.0083197113126516,1.322389649875646
14392,52,2636,0.022655539214611,0.9888039827346802
14338,72,3631,0.0054313051514327,1.0484100580215454
14939,103,5157,0.1726465821266174,1.0553404413822707
14553,57,2884,0.0050177322700619,1.0246700048446655
17430,7,364,0.0175160132348537,0.5350919961929321
14782,24,1233,0.3114009797573089,1.1921670797707407
14782,95,4757,0.0164734739810228,1.086859941482544
14428,146,7308,0.0167206581681966,1.0450999736785889
14870,217,10888,0.1730462312698364,1.102429986000061
17204,4,232,0.0137447053566575,5.367430238358794
17990,371,18561,0.2292758226394653,1.257789969444275
17325,20,1024,0.5339573621749878,1.019469976425171
17249,119,5971,0.1427118331193924,0.6438763717525475
17390,63,3172,0.0146583169698715,0.9138519763946532
14929,1,87,0.0145163917914032,1.169675310182811
17334,148,7425,0.4941723346710205,1.178079289910258
17697,32,1612,0.1245597973465919,1.149240016937256
14956,135,6796,0.0456973761320114,0.879368007183075
17872,39,1975,0.1207753717899322,1.105679988861084
17503,118,5931,0.006396010518074,0.5373650193214417
17667,79,3998,0.0506050214171409,1.0708690944495134
17667,121,6070,0.071404181420803,0.5059148431928051
17667,121,6098,0.3176672458648681,0.9907469749450684
14242,120,6012,0.0028476205188781,0.5121809840202332
17398,79,3964,0.0254793893545866,0.8999940913825457
14736,296,14834,0.0559666603803634,0.5341359972953796
14550,57,2892,0.007308826316148,1.0444200038909912
18031,43,2196,0.3644523322582245,1.9361566147305354
17489,123,6165,0.0010911884019151,1.0635499954223633
17178,20,1034,0.3174846768379211,6.691374422409953e-07
17382,18,935,0.0863262414932251,1.0988102152030308
17494,99,4969,0.0897893160581588,0.5480470061302185
17494,152,7642,0.0955392271280288,1.222390055656433
17858,59,2968,0.0200357399880886,1.0383299589157104
15061,259,12991,0.0845758542418479,0.8779129981994629
17391,14,719,0.0412721000611782,0.7663499712944031
17240,427,21387,0.5108495354652405,1.1083764756292565
15122,21,1097,0.0632385462522506,1.0368900299072266
14441,0,33,0.0431254282593727,0.00017948891675652898
17996,11,569,0.0420903898775577,0.08327772386770513
17352,230,11537,0.082789696753025,1.0209425822586125
14412,24,1246,0.1238012760877609,1.811929941177368
14721,22,1132,0.281703382730484,1.0340499877929688
18028,216,10850,0.0175019800662994,0.5518689751625061
17186,70,3510,0.0537543669342994,0.8187170028686523
17186,70,3533,0.0020270419772714,0.5178920030593872
17990,273,13672,0.0109835751354694,3.3111498844080813
14625,26,1340,0.0276124626398086,0.9768720269203186
17171,27,1374,0.0559630468487739,1.389017597195448
17171,78,3917,0.3001267611980438,0.7034094933520407
17171,78,3933,0.00277103157714,1.0374900102615356
17100,32,1650,-999999.9,0.9671059846878052
