run_number,subrun_number,event_number,signal_score,weight
17195,25,1281,0.2464167922735214,0.7130512622981939
17195,185,9293,0.0014461342943832,1.0419199466705322
17229,11,573,0.0008931664051488,1.0200300216674805
14991,32,1607,0.0552949458360672,0.9221619963645936
14991,190,9544,0.1204667687416076,1.0887900590896606
14991,214,10742,0.0013880922924727,1.076909720659117
15147,106,5304,0.1039119064807891,0.5434849858283997
17556,67,3358,0.0086425021290779,0.6578710079193115
17556,90,4517,0.0088963862508535,1.0164799690246582
14938,43,2200,0.3055962026119232,0.8801289796829224
14938,218,10933,0.2818198800086975,0.9108200073242188
17194,34,1717,0.2771084606647491,1.0374699831008911
17144,36,1812,0.0247560199350118,1.0190099477767944
17144,175,8770,0.042119313031435,0.7806469798088074
17281,9,495,0.0146458214148879,1.4733799695968628
15099,155,7766,0.0297987647354602,1.044039964675903
15222,43,2167,0.0617240332067012,1.3046900033950806
15222,43,2186,0.1947946697473526,1.0
17164,115,5780,0.9537246227264404,5.930886045919651e-06
17164,120,6007,0.8709134459495544,0.6065506967821648
17164,132,6607,0.713515043258667,1.0210100412368774
17267,53,2688,0.1025530993938446,1.0314199924468994
17132,362,18108,0.0046803429722785,1.0223300457000732
17520,6,315,0.0234381053596735,1.1316499710083008
17239,218,10903,0.0080672018229961,0.998328983783722
17239,301,15053,0.0070564374327659,1.2079888535101304
17389,106,5339,0.0648073256015777,1.0435400009155271
17389,113,5684,0.0042003686539828,0.7601019740104675
15128,45,2292,0.9748851656913756,1.0215200185775757
17093,54,2745,0.0076836724765598,0.7541990280151367
17534,115,5767,0.0058510839007794,1.0485399961471558
17534,115,5779,0.030047858133912,0.07848503825230588
15116,81,4062,0.0391722172498703,1.041540026664734
15116,81,4064,0.7623353600502014,1.0174700021743774
15116,201,10097,0.0076922103762626,0.8129966981186953
17451,163,8191,0.1028611287474632,0.9829649925231934
17451,227,11365,0.0048615518026053,0.58788001537323
15156,23,1158,0.0228043626993894,0.6651260256767273
15156,26,1314,0.0086849797517061,0.6281309723854065
17407,95,4758,0.1018038690090179,0.5562729835510254
15174,102,5132,0.0027715547475963,1.0713599920272827
17494,26,1337,0.3605412542819977,0.9692829847335817
17361,142,7114,0.0101719666272401,1.034809947013855
17361,234,11701,0.2473053336143493,0.752498984336853
17383,548,27416,0.0001960267109097,0.8892509937286377
17185,21,1085,0.3267559707164764,1.0404599905014038
15136,106,5306,0.0061257239431142,0.9314280152320862
15122,37,1857,0.0347140319645404,1.2093743271695556
17116,1,65,0.7920625805854797,1.0874600410461426
17116,1,98,0.0046418677084147,0.4548540115356445
17116,77,3862,0.1846553981304168,0.990106999874115
17116,122,6125,0.5900940299034119,1.049100041389465
17116,122,6137,0.0129353934898972,0.5202479958534241
17195,6,331,0.0053291381336748,0.5975649952888489
17336,40,2001,0.1763911098241806,0.989877998828888
17336,43,2174,0.0900303572416305,1.269936891412158
17415,223,11194,0.0034048832021653,0.7938650250434875
17415,288,14403,0.1770519167184829,1.070033126808056
15140,207,10400,0.0007046913378871,1.0756200551986694
17126,19,967,0.0010043220827355,1.045590043067932
17075,44,2205,0.0597532726824283,1.0598000288009644
17075,143,7190,0.1484522968530655,1.0016000270843506
17210,214,10713,0.006397295743227,1.236989974975586
17088,4,227,0.0264607928693294,0.4595009982585907
17088,11,592,0.0518921948969364,1.0719599723815918
17281,6,332,0.0378933027386665,1.6110600233078003
17281,44,2243,0.2383895814418792,0.9681249856948853
17168,10,543,0.0824630185961723,1.2166435916434892
17122,149,7460,0.0141444979235529,1.0015000104904177
15013,220,11017,0.0490442588925361,0.7863219976425171
17415,269,13481,0.001934390864335,1.53884767968664
15111,58,2924,0.0049276631325483,1.231969952583313
15111,230,11538,0.188083991408348,0.594120979309082
17114,65,3283,0.0367489457130432,0.708361029624939
17239,64,3211,0.081949196755886,0.5052260160446167
17239,120,6009,0.0333815403282642,0.15296042931155718
17407,56,2837,0.2927396595478058,0.5200151613874197
17132,81,4095,0.0060016438364982,1.0754799842834473
17388,1,61,0.0561746135354042,0.7839879989624023
17388,8,438,0.0156500171869993,1.136780023574829
17453,1,77,0.0021595139987766,0.8887752135350553
17077,129,6453,0.0154821639880537,0.9506539702415466
17077,129,6500,0.5094212293624878,1.1283299922943115
17128,71,3598,0.0220885332673788,0.9045439958572388
15160,135,6796,0.0162444710731506,1.0516599416732788
17162,31,1594,0.0091241672635078,1.0
17162,128,6419,0.005345722194761,1.005210041999817
17183,4,214,0.9973883032798768,1.1957800388336182
17183,6,349,0.8936735391616821,2.984409134911534e-06
17183,25,1252,0.0764150395989418,1.0863900184631348
17360,22,1145,0.1551003456115722,0.5186529755592346
17343,10,511,0.0005111480713821,0.6169840097427368
15086,169,8479,0.0260452777147293,0.8879969716072083
15161,163,8172,0.025958377867937,0.9683700203895568
15161,227,11377,0.039502277970314,0.7371730208396912
17335,75,3792,0.0013526213588193,1.040019989013672
17365,8,417,0.1287707239389419,1.0
17365,8,444,0.0067010917700827,1.0038599967956543
17057,66,3302,0.0033287403639405,1.3387000560760498
15182,77,3868,0.0052417321130633,0.9577059745788574
17271,82,4121,0.080024279654026,0.9430000185966492
17271,91,4555,0.6628146171569824,1.0354100465774536
17271,91,4571,0.0093180555850267,0.7982119917869568
17158,59,2992,0.0490572191774845,0.9798489809036256
17158,116,5839,0.0050291391089558,1.040910005569458
17158,116,5845,0.1087337508797645,1.106510043144226
17255,23,1185,0.0004079760401509,1.136433175027264
17407,173,8654,0.1105923578143119,1.1564500331878662
17407,181,9053,0.006144078914076,1.0865399837493896
14901,308,15410,0.0213898178189992,0.4328429996967315
17208,16,817,0.0020906834397464,1.0132399797439575
17208,73,3700,0.0469831973314285,0.9684680104255676
15103,77,3878,0.0066287205554544,0.7606980204582214
17070,99,4979,0.0452919825911521,1.078089952468872
17219,97,4899,0.0841979011893272,1.517876930126022
17219,113,5685,0.009060300886631,1.0
15097,108,5409,0.0051822438836097,1.166700005531311
15097,108,5422,0.0035263712052255,0.5354504084374624
15097,200,10032,0.0077170003205537,1.379770040512085
15167,103,5155,0.0423678681254386,1.0873199701309204
17328,50,2538,0.58622807264328,0.4590919911861419
15125,45,2271,0.0043346476741135,0.5383880138397217
15125,90,4526,0.0908935666084289,1.1745174955494804
17181,104,5205,0.0026978896930813,1.2122648499952648
17218,33,1669,0.0127919223159551,1.0211199522018433
17380,29,1480,0.0035747988149523,1.042542469676043
17497,171,8566,0.0357008539140224,0.952908992767334
17152,80,4047,0.3180905282497406,0.4974049925804138
15106,29,1463,0.0022532339207828,0.469211995601654
15106,29,1496,0.0049884598702192,0.5406829447225334
15106,177,8879,0.0057855509221553,0.9972689747810364
15147,104,5246,0.0021687659900635,0.7000089883804321
17335,40,2003,0.0247767567634582,1.1749099493026731
15160,146,7347,0.0359735786914825,0.5062749981880188
15160,228,11424,0.0056330077350139,1.2004400491714478
15160,310,15515,0.0128670958802104,0.9241016498605247
17269,60,3006,0.0112520223483443,0.8607929944992065
17150,4,216,0.0027370005846023,1.0236300230026243
17150,48,2434,0.0009046738850884,0.295648992061615
17498,15,775,0.0216901469975709,0.5276129841804504
15161,44,2214,0.0012084777699783,1.0315899848937988
15161,44,2247,0.0098030846565961,0.9348940253257751
17492,33,1695,0.001545725390315,0.8907589912414551
17492,69,3461,0.010107085108757,0.5421479940414429
15103,184,9208,0.1546249091625213,1.2159937973057422
15103,184,9249,0.0028570364229381,0.5503140091896057
17164,40,2006,0.0196387208998203,1.0561000108718872
17240,255,12772,0.004172780085355,0.9481160044670104
17240,308,15419,0.0354993231594562,1.0844000577926636
17162,62,3133,0.9873197078704834,1.061370015144348
17162,78,3930,0.6279166340827942,0.6738321905326002
17162,87,4351,0.0009194546728394,1.2178200483322144
15111,195,9757,0.0788775756955146,0.9449520111083984
15111,272,13602,0.156472846865654,0.4968380033969879
17308,35,1778,0.0313434414565563,0.9409880042076112
17308,159,7966,0.0017367441905662,0.9763270020484924
17324,76,3810,0.1960984319448471,1.0043100118637085
17383,156,7801,0.3400099873542785,1.2462300062179563
17383,156,7808,0.040062379091978,1.0182199478149414
17177,49,2457,0.0652938857674598,0.9085869789123536
17371,42,2116,0.0144307315349578,0.19725661393975358
17371,65,3254,0.1546564549207687,0.9943789839744568
17160,4,221,0.004095509648323,0.5128899812698364
17160,6,301,0.2526455521583557,0.7338330149650574
17160,6,331,0.1126912683248519,0.98683100938797
17139,31,1556,0.1696207523345947,0.9950519800186156
17502,12,618,0.0053773764520883,1.0067399740219116
17155,45,2291,0.0530314370989799,0.9291530251502992
17397,50,2537,0.0743220224976539,0.6501079797744751
17397,60,3023,0.0216573383659124,1.0582300424575806
17397,60,3039,0.0145475771278142,1.0950499773025513
17360,34,1704,0.001172620919533,0.923105001449585
17447,14,741,0.1925023645162582,1.073639988899231
17198,89,4491,0.1718774586915969,0.9269760251045228
17304,4,246,0.0058000073768198,0.9668750166893004
17352,69,3458,0.0019669355824589,0.9004409909248352
17352,247,12397,0.0003853373927995,0.9506539702415466
17139,281,14084,0.0603220835328102,0.9218860268592834
17139,284,14239,0.2121221125125885,0.9636809825897216
17404,4,225,0.955579400062561,1.0349299907684326
17404,7,354,0.0022775593679398,1.230329990386963
17404,7,360,0.0094315977767109,0.5814300179481506
17238,21,1057,0.0067788208834826,0.9374430179595948
17238,48,2441,0.0209912396967411,0.2563210129737854
17503,201,10095,0.4790625870227813,1.2494366575930513
14938,247,12381,0.0040476699359714,1.2534199953079224
17073,145,7271,0.1134842634201049,0.9923449754714966
17073,155,7759,0.004638573154807,1.0949599742889404
17070,24,1238,0.0466024838387966,1.0552300214767456
17243,47,2352,0.0092152850702404,0.9736779928207396
17243,93,4691,0.0027675984892994,1.186710000038147
17205,97,4859,0.0406122431159019,1.0318299531936646
17080,39,2000,0.0531054586172103,1.3106199502944946
17251,23,1194,0.0624669380486011,1.0817400217056274
17251,223,11186,0.0176447536796331,1.0149699449539185
17089,36,1834,0.0388080887496471,1.1873500347137451
17089,68,3432,0.0324399322271347,1.030110001564026
15099,98,4920,0.0249928310513496,1.3189152938571738
15099,181,9089,0.0252093616873025,0.910148024559021
15152,9,499,0.054489642381668,1.0146499872207642
17232,9,462,0.0014101403066888,0.5223360061645508
17232,9,476,0.0005552880465984,0.422989010810852
15086,7,400,0.0723940879106521,1.1281499862670898
15086,48,2417,0.3841587007045746,1.014009952545166
17457,128,6416,0.0690901204943656,0.6255405211430302
17144,161,8058,0.071662314236164,0.9731630086898804
17508,49,2460,0.0494877994060516,1.0137799978256226
17267,66,3342,0.1597458273172378,0.593904972076416
15014,230,11526,0.0980156138539314,0.9972440004348756
17132,221,11086,0.5538631677627563,1.083459973335266
17132,427,21359,0.0064215548336505,1.026270031929016
15052,39,1996,0.0016733490629121,0.5762540102005005
17413,196,9807,0.001631771097891,1.0265899896621704
17267,8,421,0.0084260907024145,1.245889321354582
17070,55,2751,0.0715351030230522,1.2652000188827517
17371,488,24432,0.0252075958997011,1.163459638066925
17271,40,2012,0.0054943687282502,0.5317980051040649
17271,40,2036,0.0155481211841106,1.104783258446389
15045,2,144,0.0031523171346634,1.0613800287246704
17524,50,2534,0.1687926352024078,0.4528850018978119
14901,80,4045,0.0089592551812529,0.4942199885845184
14901,161,8067,0.1015254855155944,0.976061999797821
17529,2,147,0.0058844625018537,0.9113294804427314
17529,11,572,0.0337549783289432,0.9993270039558412
17491,32,1614,0.0301145818084478,1.305238902663632
17491,41,2072,0.0122471451759338,0.761601984500885
15222,29,1493,0.002028732560575,0.7603300213813782
15222,93,4666,0.170559361577034,0.941431999206543
17224,27,1357,0.2481174916028976,0.406792014837265
15111,106,5317,0.0367464870214462,0.8779129981994629
17451,128,6404,0.0400671325623989,0.9881759881973268
15113,27,1386,0.0312427002936601,1.342650055885315
15113,28,1401,0.1332029104232788,0.9195898123057094
17413,183,9186,0.0095092179253697,0.5297300219535828
17057,86,4346,0.0376688987016677,0.034896980897798316
17057,118,5940,0.0093419477343559,0.6736756643916806
15153,164,8250,0.6684221029281616,0.5340223051525754
15122,52,2614,0.0614070929586887,1.0004331773578345
17270,8,407,0.1931601017713546,0.8645070195198059
17270,8,421,0.0440133437514305,1.3427799940109253
17270,48,2406,0.3261050879955292,4.091837949536483
17270,49,2480,0.1511645168066024,0.728672981262207
17390,25,1296,0.0161534119397401,0.6140653236904186
17394,48,2414,0.0074456627480685,1.0294100046157837
14921,17,884,0.0771505385637283,1.0231440167168913
14921,76,3831,0.0398124568164348,1.2118300199508667
17353,10,524,0.107462465763092,0.3217040002346039
17390,57,2879,0.0010202125413343,0.6992629766464233
17415,231,11575,0.027211245149374,0.7805280089378357
17199,86,4309,0.0792593955993652,1.7199367746416245
15079,10,520,0.0288658458739519,0.4625079929828644
15079,45,2274,0.0008490227046422,0.5745760202407837
17414,134,6733,0.0008585057221353,1.2670312777866144
17360,16,812,0.1357041895389557,0.9355469942092896
17360,16,848,0.1252854317426681,0.977159023284912
17360,87,4371,0.5148471593856812,0.6649799942970276
17545,20,1045,0.0138417538255453,1.13974628110428
17300,28,1425,0.0584998875856399,0.9619150161743164
17300,38,1913,0.4513141810894012,0.474824994802475
17531,13,697,0.4139787256717682,1.1194858011887732
17398,130,6545,0.0018507306231185,1.0
17309,159,7960,0.005983542650938,0.3440200090408325
17309,159,7979,0.0173567626625299,1.028880000114441
17484,265,13270,0.0221000481396913,1.050105877261629
17162,96,4805,0.0026693562977015,1.117709994316101
17400,112,5605,0.0500002726912498,0.02212225946208037
17474,17,900,0.0526337139308452,1.0515448129509937
17309,131,6590,0.0665163323283195,1.004520058631897
14824,261,13084,0.0003714382182806,1.0300899744033811
17270,45,2265,0.0034324491862207,1.220900058746338
17073,25,1257,0.012278975918889,0.6433590054512024
17256,160,8046,0.1794150620698928,0.7188169956207275
17304,14,729,0.0236988794058561,1.0450700521469116
17304,14,744,0.5198432207107544,1.0239100456237793
17361,197,9897,0.4094915091991424,0.5016250014305115
15053,124,6218,0.037049327045679,0.8889120221138
15106,96,4835,0.0083988280966877,1.0448100566864014
17408,42,2110,0.1118272691965103,0.5029299855232239
15086,100,5030,0.0258231032639741,1.0208300352096558
15073,26,1331,0.0364640317857265,0.5261780023574829
15073,26,1334,0.0161136593669652,0.5443440079689026
17249,344,17244,0.0121347084641456,0.6508351088631059
17458,30,1520,0.1527466028928756,1.0604000091552734
17458,128,6417,0.000951143563725,0.9592880010604858
17155,113,5692,0.0027789170853793,0.869316993740064
17502,7,355,0.0074234129860997,1.0875200033187866
17502,17,888,8.235520363086835e-05,1.1334099769592283
17502,34,1728,0.0599013417959213,1.3009899854660034
17502,75,3775,0.0171039141714572,0.7661550045013428
15099,161,8063,0.5407562851905823,0.9955369830131532
17140,45,2264,0.0265299007296562,0.9108449816703796
17535,38,1902,0.1059761568903923,0.9907829761505128
17535,61,3091,0.0069142775610089,0.9473789930343628
17088,17,867,0.066454529762268,0.9842100143432616
17088,17,882,0.1238429024815559,1.0161399841308594
17088,20,1047,0.0042681875638663,0.9326149821281432
17088,34,1743,0.5034855604171753,1.951832435336527
17073,164,8205,0.0281541515141725,1.0467699766159058
17168,105,5291,0.0055949129164218,0.8125730156898499
17250,33,1658,0.0002314261073479,1.0498900413513184
17301,0,15,0.043658897280693,1.0242474190888515
17301,7,364,0.096864677965641,1.121530021983389
15074,35,1775,0.2704010307788849,2.5088705346636066e-05
15116,56,2821,0.0124241774901747,1.1750199794769287
15116,219,10956,0.8330132961273193,1.112339973449707
15116,220,11039,0.5739709734916687,1.1010372611633201
17075,158,7917,0.226412296295166,0.6848210096359253
15101,46,2314,0.210833266377449,1.0460599660873413
15013,143,7168,0.0404485799372196,1.1877278924466808
17324,35,1753,0.2841137647628784,0.8707910180091858
17324,47,2383,0.0285712704062461,1.2224881233606766
17125,41,2061,0.134475752711296,0.3410359919071197
17521,56,2834,0.0078880991786718,1.0965900421142578
17521,81,4072,0.0798749700188636,1.2374408409223179
17265,46,2339,0.0360803008079528,1.090190052986145
17139,217,10891,0.6215121150016785,0.858024001121521
17494,90,4521,0.0024896210525184,1.0362199544906616
17530,85,4288,0.2013723403215408,0.5412579774856567
17530,95,4789,0.0075035151094198,0.6621009707450867
15130,96,4848,0.0030795156490057,1.2645699977874756
17523,17,893,0.0316771194338798,1.0482900142669678
15174,104,5243,0.0049794437363743,1.068179965019226
15167,3,164,0.0032591188792139,0.6767053491589081
15115,76,3805,0.0278127137571573,1.243090033531189
17155,143,7194,0.008471162058413,0.993188977241516
17256,55,2789,0.3217044472694397,1.0723999738693235
14801,18,942,0.1727893054485321,0.9572399854660034
17452,148,7415,0.0601437501609325,0.9694669842720032
17249,145,7254,0.0090978248044848,1.0761200189590454
15130,20,1035,0.0836357921361923,1.034809947013855
15130,46,2319,0.0130004789680242,1.1251030246267175
15128,197,9882,0.0024749939329922,0.5689849853515625
15120,3,161,0.0015923761529847,0.5262929797172546
17352,104,5221,0.2112097889184951,0.99713397026062
17352,104,5236,0.0233087055385112,1.0024199485778809
17219,87,4361,0.0171837527304887,0.656154990196228
17561,115,5769,0.8846715688705444,1.190659999847412
17561,174,8746,0.0010925334645435,0.9349626043832302
17389,61,3070,0.0991840809583664,0.8454440236091614
17102,34,1737,0.0018327787984162,1.0559300184249878
17210,193,9683,0.0273287259042263,0.963092029094696
14901,278,13910,0.1790824830532074,0.9106659889221193
17517,70,3544,0.00161249761004,1.3107453409056544
17517,173,8679,0.0009903782047331,1.170560002326965
17171,89,4467,0.9747467041015624,0.9951639771461488
17102,0,20,0.3268325328826904,0.5108879804611206
14877,98,4933,0.0087369019165635,0.6649870276451111
17078,91,4586,0.0014529257314279,0.5028701118259064
17078,97,4884,0.0022375227417796,0.6147900223731995
17407,77,3862,0.0868840217590332,0.9690123679078937
15077,0,26,0.1303660273551941,1.0
15077,0,50,0.0525286942720413,1.261579990386963
17093,141,7066,0.0417305901646614,0.9085720533563801
17131,122,6106,0.481420636177063,1.0268022776560386
17131,122,6118,0.0125875445082783,0.8103799819946289
15102,64,3207,0.0475111976265907,1.0264300107955933
17407,155,7764,0.0273549146950244,1.2255200147628784
15117,43,2161,0.4508600234985351,1.122249960899353
15117,43,2169,0.3383329510688782,0.4648149907588959
17474,70,3547,0.1433135122060775,1.0875699520111084
17383,439,21998,0.3362409174442291,0.4864329993724823
17511,16,843,0.0016905181109905,0.564225971698761
17240,38,1906,0.074445828795433,7.348372404237466
17494,247,12378,0.0215656533837318,1.088379979133606
14802,43,2156,0.0034227462019771,0.9955040216445924
17452,101,5082,0.0333141982555389,1.294039964675903
17452,106,5327,0.0349525101482868,0.8578940033912659
17260,24,1212,0.0863348692655563,1.0650099515914917
17260,57,2862,0.0038744152989238,0.9948920011520386
17541,48,2407,0.0510601140558719,1.0967558872054326
17335,106,5303,0.2869426012039184,1.1117106704686108
15122,35,1772,0.726611852645874,0.7894300222396851
17239,50,2528,0.0605604164302349,2.067486288329963e-06
17239,50,2534,0.0313008986413478,1.011097347066908
17328,8,404,0.0016506165266036,0.7830860018730164
17139,230,11516,0.5182098150253296,1.0224000215530396
17120,87,4370,0.0993452370166778,1.125249981880188
17203,0,26,0.5061579346656799,1.0363592582717018
17203,2,149,0.0372323505580425,0.18520777712458877
15145,46,2329,0.0143141383305192,1.0081299543380735
15145,46,2335,0.026743771508336,1.1650099754333496
15145,107,5354,0.0800998955965042,0.3800050310694587
17494,143,7197,0.0216324459761381,1.4089050903477585
17257,24,1225,0.0090748565271496,1.0065399408340454
17257,24,1244,0.0200322568416595,0.969332993030548
17185,22,1129,0.6370960474014282,1.2836999893188477
15079,33,1662,0.0002347377740079,1.0287799835205078
15079,33,1683,0.0227002166211605,0.7496340274810791
15074,45,2279,0.0047640930861234,0.9165951269233261
15074,136,6831,0.00043735653162,1.028380036354065
17309,56,2837,0.0129610067233443,1.9096823326239014
17316,107,5393,0.0049321944825351,0.4084950089454651
17073,53,2654,0.0096841817721724,1.099410057067871
17208,55,2790,0.0001306415506405,1.1479500532150269
17240,184,9239,0.4878148138523102,0.3613010048866272
17484,1,58,0.0014589735073968,0.5209479928016663
17484,146,7309,0.5736261606216431,1.0353399515151978
17484,181,9083,0.0016072760336101,1.01282000541687
17352,33,1672,0.0069998367689549,1.2897100448608398
17352,77,3883,0.0004831458209082,1.2039499339541495
17137,55,2773,0.0191439222544431,0.9009940028190612
15074,144,7236,0.0163256097584962,0.5658509731292725
15153,2,103,0.0040048914961516,0.9050809741020204
17489,220,11015,0.9566096067428588,1.0748499631881714
17111,55,2794,0.0290424916893243,0.991370975971222
17111,188,9433,0.0028337216936051,0.9571139812469482
14901,6,342,0.0085290875285863,0.3906959891319275
17482,191,9599,0.006543206050992,1.045009970664978
14877,208,10418,0.0102361543104052,0.9927110075950624
14877,208,10444,0.4430973827838897,1.049739956855774
17132,529,26479,0.0071765356697142,1.0287400484085083
17237,337,16865,0.0003186717513017,0.6802560091018677
17100,59,2993,0.0090081952512264,0.68955397605896
17199,139,6963,0.0955745428800582,1.2490927644514613
15014,86,4321,0.0058260601945221,1.000939965248108
17391,22,1116,0.0089674675837159,1.05525004863739
17391,40,2042,0.9755988717079164,1.0404800176620483
17391,40,2046,0.0315172486007213,0.4806270003318786
15152,26,1337,0.0449161976575851,1.5432542402271565
15152,31,1574,0.0828683078289032,1.0378799438476562
17371,298,14923,0.0694438591599464,1.046169996261597
17139,205,10255,0.0034324603620916,0.5418450236320496
17139,239,11960,0.0027955195400863,0.8855119943618774
17339,297,14851,0.925001859664917,1.1074199676513672
17339,297,14893,0.1669643819332122,1.0562200546264648
17122,37,1875,0.0120432274416089,0.5934900045394897
17099,49,2459,0.0723323449492454,1.046280026435852
17206,369,18483,0.0768306925892829,0.4843960106372833
17106,25,1294,0.0628195777535438,0.6342210173606873
17249,189,9470,0.0262531917542219,0.5739029764617491
17249,244,12233,0.00202755513601,0.5320940017700195
17249,269,13457,0.0061847958713769,0.5855860114097595
17226,157,7863,0.0086500020697712,0.9863849878311156
17231,12,628,0.923927128314972,1.06482994556427
17231,41,2092,0.0238535981625318,0.640766003390354
15222,69,3463,0.0488474890589714,0.7997279763221741
17205,10,532,0.1037587970495224,1.5275444175550214e-05
17205,93,4684,0.0322810858488082,0.4981920123100281
17235,33,1668,0.0065570175647735,1.2525700330734253
17235,64,3227,0.0042338566854596,1.0022204596366466
17361,19,991,0.1115971431136131,0.8384739756584167
17361,323,16181,0.0434965454041957,0.987612009048462
17083,8,443,0.9522719383239746,1.4022899866104126
17126,50,2547,0.0001789689122233,0.7363250255584717
17126,145,7285,0.0036506389733403,0.9905210137367249
15167,168,8409,0.1336369961500167,0.7427480220794678
15115,160,8010,0.0560219697654247,1.0405700206756592
17097,6,343,0.0006780098192393,0.7892440389217653
17453,11,583,0.0248341169208288,1.101199984550476
14971,78,3928,0.7382893562316895,1.1418632119973182
14971,109,5476,0.0069120125845074,1.2129470896153407
14882,89,4473,0.0014669122174382,1.4773871926793731
17307,26,1301,0.4547936916351318,1.007930040359497
17358,53,2696,0.0030395167414098,0.7731670141220093
17488,174,8720,0.1766730546951294,1.0596799850463867
15145,184,9217,0.0022700149565935,1.0681400299072266
15145,286,14311,0.0106680253520607,0.2204740047454834
15145,292,14625,0.6299221515655518,0.8637290000915527
17524,149,7471,0.5008273124694824,1.1414300203323364
17337,21,1089,0.0176085215061903,0.8557389974594116
17337,38,1925,0.187574878334999,0.8779129981994629
17413,171,8567,0.0940582379698753,1.0575400590896606
17413,318,15926,0.0167986918240785,0.8845840096473694
17557,60,3022,0.0149363484233617,1.0712000131607056
17557,136,6834,0.0235919710248708,0.9651889801025392
17256,30,1505,0.019732916727662,1.021720051765442
17256,90,4519,0.0053621488623321,0.996669777878779
17152,36,1816,0.1492637991905212,0.966799020767212
17152,91,4556,0.0086654480546712,1.0266300439834597
17364,37,1896,0.1202782988548278,0.6410800218582153
17448,34,1715,0.0244818069040775,0.6899309754371643
17448,178,8948,0.0015250629512593,1.2292556224015527
17158,62,3120,0.0597065091133117,0.994258999824524
17308,33,1659,0.6619069576263428,0.90557599067688
17308,72,3634,0.0804146379232406,1.078819990158081
15115,57,2880,0.017925452440977,1.1347399950027466
17100,179,8958,0.1893771737813949,0.9513400197029114
17100,179,8996,0.1216531544923782,0.9957476914363141
17466,5,267,0.1689227968454361,0.4744620025157928
17383,483,24165,0.93877512216568,0.933010995388031
17440,90,4536,0.0399644263088703,1.1727399826049805
17517,143,7196,0.0365778282284736,1.2357144972401104
17158,22,1139,0.0502185374498367,0.9742169976234436
17158,24,1236,0.0144792329519987,0.6921399831771851
15222,68,3429,0.9288058876991272,1.212504247688571
15222,112,5608,0.0146022094413638,0.9166719913482666
15222,84,4231,0.0893824249505996,1.3122199773788452
15222,191,9587,0.010404891334474,1.2971400022506714
15125,178,8944,0.921449899673462,0.7037510275840759
15135,27,1386,0.0544788688421249,0.5934450030326843
17217,122,6143,0.0186938270926475,0.967859983444214
17280,57,2887,0.0362576283514499,0.6458950042724609
17280,60,3022,0.00536271603778,1.038764243081289
17352,119,5975,0.0005791133735328,0.9854339957237244
17352,193,9664,0.0238175503909587,1.0
17352,193,9698,0.04152737185359,1.0931515889135
17125,19,959,0.9922555685043336,1.00409996509552
15122,65,3286,0.032186783850193,0.6397799849510193
17240,406,20327,0.0168519206345081,1.0681400299072266
17165,96,4812,0.0089756762608885,1.1065000295639038
17237,139,6985,0.021641157567501,0.7667620182037354
17139,298,14930,0.054751019924879,1.357640027999878
17070,70,3544,0.1032532826066017,0.489654004573822
17070,97,4885,0.0584113039076328,0.9307079911231996
17070,173,8686,0.0295175090432167,0.5443367749352817
15154,290,14502,0.0765497013926506,0.9440699815750122
15170,48,2439,0.0057542384602129,1.0964499711990356
15170,74,3717,0.0114490976557135,1.3915118948465022
15170,74,3743,0.0870468840003013,1.0
17073,36,1841,0.1346134543418884,0.9047430157661438
17361,13,695,0.6352894306182861,1.0668100118637085
17169,133,6667,0.5382016897201538,0.884581983089447
17240,497,24861,0.0002984787570312,1.1443899869918823
17185,103,5193,0.4244885146617889,0.8381749987602234
17084,2,115,0.008356331847608,1.0535399913787842
17084,7,390,0.0028393205720931,0.9813969881400695
17084,19,988,0.0179351828992366,0.784371018409729
17084,24,1238,0.0005520157283172,1.0022799968719482
15116,103,5188,0.2821226716041565,1.06427001953125
15116,103,5191,0.244609072804451,0.744612991809845
17497,200,10029,0.0295778084546327,1.0025299787521362
15128,1,55,0.0125879291445016,1.1738708043689599
17257,75,3780,0.0341367609798908,0.4710949957370758
17530,1,69,0.0749423056840896,1.0219698737282954
17332,30,1505,0.0919916108250618,1.1117600202560425
15106,57,2894,0.0405515059828758,0.9352669715881348
14991,9,499,0.12619249522686,0.92290598154068
14991,100,5038,0.0447555854916572,0.6493849754333496
17083,73,3664,0.0001619884860701,1.127060055732727
17070,15,794,0.316941350698471,0.6469259858131409
17070,233,11667,0.0422586761415004,0.4345349967479706
17070,248,12442,0.0574209503829479,1.3776999711990356
15151,115,5757,0.0290672834962606,0.9168149828910828
15151,225,11280,0.0607898198068141,1.0188499689102173
15151,225,11289,0.0012713983887806,0.9286710023880004
17333,25,1288,0.1579153537750244,0.8435019850730896
17239,44,2224,0.0059139304794371,0.4840849936008453
15160,393,19682,0.0110728340223431,1.3400866757624783
17114,155,7790,0.0103250928223133,1.264127140347071
17203,87,4388,0.0951654240489006,0.8361319899559021
17365,112,5606,0.0014064473798498,0.040708460723060315
17341,61,3062,0.7017180919647217,1.0
17174,19,993,0.0414006039500236,0.8694660067558289
17174,26,1331,0.6662905216217041,0.5507699847221375
17174,38,1916,0.0200373362749815,0.7144910097122192
17339,87,4393,0.998512327671051,0.9954844171546782
17303,79,3988,0.0475250929594039,1.1265900135040283
17134,39,1959,0.4919018149375915,0.5193703590437478
17383,162,8143,0.0004403640050441,1.1768997064782167
17555,5,271,0.0229994058609008,0.9895989894866944
17268,7,361,0.68565434217453,1.1848700046539309
17206,404,20219,0.0965185537934303,0.907096028327942
17208,189,9474,0.0269174054265022,0.9493370056152344
17186,64,3237,0.0060036499053239,0.5985810160636902
17383,11,551,0.008706884458661,0.9943779706954956
15057,48,2402,0.9989572763442992,1.083840012550354
15057,126,6309,0.0036703059449791,0.0001232545946978735
17467,74,3705,0.0124339926987886,1.0800399780273438
17467,77,3888,0.023688880726695,1.0693000555038452
17356,103,5155,0.1492982059717178,0.5812159776687622
17356,103,5162,0.013920072466135,1.0812599658966064
17356,157,7882,0.001518850098364,0.4214955374917011
17358,7,371,0.0927114337682724,0.4070329964160919
15166,103,5177,0.1145005375146865,0.4519459903240204
14991,12,611,0.0534230656921863,0.9354069828987122
15166,289,14488,0.0375172868371009,0.5686822298347493
15166,310,15537,0.1388588845729828,1.0214300155639648
15114,137,6898,0.0474349297583103,0.5375649929046631
17282,42,2120,0.0969679877161979,0.8136879801750183
17282,74,3703,0.010237468406558,0.6160129904747009
17336,32,1627,0.0309550557285547,1.2483368792268121
15160,214,10704,0.9939175248146056,0.6006849647008323
15151,2,123,0.2879917919635772,1.2829052089819513
17119,11,571,0.0026021827943623,1.0707499980926514
17119,78,3930,0.0569640807807445,0.4291830062866211
17413,208,10403,0.072959266602993,1.0316200256347656
17103,3,161,0.1266445517539978,0.8183460235595703
17301,66,3327,0.1952652931213379,0.8067240118980408
17140,124,6209,0.0012105405330657,1.16703999042511
17119,29,1491,0.1474881470203399,1.064479947090149
15161,97,4864,0.0525551252067089,0.4589599967002868
15125,20,1013,0.1095717847347259,0.6168149709701538
17218,6,344,0.0241976864635944,1.2241266767719878
17218,40,2029,0.0286427177488803,1.1394373803863687
17556,140,7021,0.9060966968536376,0.0072023136243225755
17100,214,10736,0.0449238494038581,0.5721250176429749
15047,3,151,0.433070033788681,1.0476800203323364
15047,4,219,0.7540823817253113,0.4043639898300171
17249,64,3205,0.1109191328287124,0.9988200068473816
15182,62,3144,0.0387954451143741,1.0383399724960327
15182,90,4536,0.0326719805598259,1.340857163045712
15061,254,12701,0.002813366940245,1.0840200185775757
17267,82,4130,0.0011852585012093,1.0267200469970703
17237,366,18331,0.0616186708211898,0.9793609976768494
15014,234,11711,0.002926186658442,0.9307669997215272
15160,144,7233,0.0323768220841884,0.9773420095443726
17251,36,1846,0.0015321348328143,1.1860295533079324
17080,78,3930,0.0677930042147636,0.703698992729187
17114,33,1686,0.0080283861607313,1.0457199811935425
17114,103,5155,0.0036633829586207,1.0302799940109253
17560,77,3875,0.033094797283411,1.0123000144958496
17240,355,17790,0.0152023853734135,1.009369969367981
17338,3,193,0.0037681800313293,0.8440650105476379
17338,89,4463,0.2059698104858398,1.1198699474334717
17349,54,2722,0.0022011611144989,0.5744082504970541
17210,21,1080,0.0106012234464287,1.0618300437927246
15166,166,8319,0.0163995008915662,0.9217900037765504
17550,0,20,0.0089506860822439,1.0267200469970703
17550,2,147,0.1404390037059784,0.5488849878311157
17364,153,7691,0.019451517611742,1.1967158106622409
17095,17,899,0.0672528967261314,0.5550029873847961
17095,85,4288,0.0164448749274015,1.087980031967163
15140,152,7611,0.0021373701747506,1.3299807001912995
14810,7,355,0.0606133677065372,0.9607459902763368
14810,9,485,0.0315947346389293,1.0717500448226929
14810,22,1141,0.1098643466830253,1.0227436705508808
17482,67,3359,0.0945986434817314,0.795212984085083
17482,187,9391,0.0122242597863078,0.9458330273628236
17361,230,11501,0.4800150692462921,1.2453900575637815
17257,14,729,0.0062917619943618,1.231160044670105
17238,28,1439,0.0007048602565191,1.219204196542478
14882,30,1533,0.0474740415811538,1.0428199768066406
14882,50,2507,0.0906738564372062,0.965483009815216
14882,158,7939,0.0890674814581871,0.9898729920387268
17070,270,13529,0.3305016160011291,0.8290519714355469
17543,8,414,0.0145421847701072,1.6208900213241575
15145,91,4563,0.0618270710110664,0.7190430164337158
15145,91,4574,0.0015712012536823,0.9157090187072754
15145,158,7913,0.0075416965410113,1.0053199529647827
17116,126,6322,0.0418387688696384,0.6496791545913538
17116,126,6341,0.0383761003613472,0.5321580171585083
17193,23,1172,0.0765317603945732,0.9142330288887024
17073,117,5857,0.0022545626852661,0.4596270024776459
15117,147,7393,0.0174313988536596,1.0471350819020133
17235,75,3752,0.0063093011267483,0.530119001865387
17497,41,2074,0.0625946968793869,0.6715271772846734
17308,153,7690,0.0487322658300399,0.8953989744186401
17239,186,9327,0.0014292559353634,1.0820000171661377
17239,267,13389,0.3466033339500427,1.0886199474334717
17488,44,2247,0.004334248136729,1.0611900091171265
17250,29,1453,0.0809225216507911,0.7277190089225769
17193,27,1359,0.1149110496044159,1.0329999923706057
17193,35,1760,0.0593362376093864,1.0725599527359009
17193,47,2373,0.0306747294962406,1.0556299686431885
17503,246,12340,0.8075428605079651,1.1707600355148315
17426,11,555,0.0063363574445247,1.1391099691390991
17235,4,228,0.3020664751529693,1.04411411553599
17235,47,2368,0.0696151778101921,1.20174779881512
17451,282,14108,0.0434357412159442,0.4354600012302398
17157,7,359,0.016136635094881,1.0220400094985962
17157,25,1263,0.0490161031484603,0.9695499770657177
17341,99,4980,0.0062956446781754,1.122480034828186
17237,96,4819,0.0531731620430946,1.1420799493789673
17237,96,4846,0.0369956940412521,0.8243330121040344
17524,55,2782,0.0010513588786125,1.1828399896621704
17540,10,507,0.00460742181167,1.0942599773406982
17540,32,1626,0.0377085246145725,1.045240044593811
14802,17,858,0.0213306192308664,1.2642699480056765
14802,194,9702,0.2882758378982544,0.4604550004005432
14802,194,9747,0.1749913990497589,1.0228300094604492
17205,218,10905,0.3118861019611358,0.4752280116081238
15136,144,7221,0.0054710954427719,0.4100250005722046
14901,252,12628,0.002594124758616,1.0593557053329903
17358,10,527,0.1674487590789795,1.0253499746322632
17358,55,2797,0.0143607342615723,0.9814329743385316
17178,8,414,0.0969557464122772,0.5265290141105652
17178,30,1503,0.0093089966103434,5.069849967956543
17178,41,2088,0.072174534201622,1.0995500087738037
17204,197,9866,0.0002919737598858,0.9698010087013244
17143,6,308,0.117481455206871,0.668953001499176
14831,10,518,0.0006767497397959,1.1302123758827205
14831,177,8890,0.0894314348697662,0.5819439888000488
15172,31,1580,0.0109342178329825,1.3029047880108067
14831,78,3913,0.1166609302163124,1.1528700590133667
15129,41,2079,0.5609840750694275,0.9268680214881896
15154,255,12789,0.0151660349220037,1.0018800497055054
17358,9,488,0.0684234052896499,0.6369199752807617
17199,92,4622,0.015548582188785,1.1344361177787055
17418,29,1494,0.4456062614917755,0.9089170098304749
17418,40,2044,0.6530687808990479,0.5702930092811584
17448,189,9484,0.5063925981521606,1.0476499795913696
17352,60,3041,0.0797358676791191,1.2884962408963931
17506,12,635,0.0342051498591899,0.5702800154685974
15121,2,110,0.0494904704391956,9.515249602237873
15121,4,221,0.0275960862636566,1.106832583252185
15117,74,3726,0.0110959680750966,0.9563869833946228
15117,86,4329,0.0034586093388497,1.0383800268173218
17239,277,13894,0.0009718367946334,1.0993599891662598
17080,42,2110,0.3515977561473846,1.063770055770874
17080,42,2122,0.0025409297086298,0.4976924749074953
17093,68,3402,0.3439110517501831,1.1121599674224854
17237,306,15349,0.0154110742732882,1.2215900421142578
17383,310,15545,0.0398321114480495,0.5145819783210754
17383,511,25595,0.0098829809576272,0.4966810047626495
17250,116,5848,0.0410150289535522,0.5690150260925293
17302,113,5683,0.1996955424547195,0.7335299849510193
17079,5,296,0.0136521141976118,0.5663699585064847
17475,130,6542,0.0037273883353918,0.8923060297966003
17484,40,2021,0.200257197022438,1.0082099437713623
17112,49,2482,0.1291333884000778,0.2594330012798309
17112,100,5001,0.1058708652853965,0.5290648716755441
17112,100,5031,0.006538217421621,1.0286200046539309
15222,30,1543,0.0039203632622957,1.8056299686431885
17502,51,2585,0.0103664398193359,0.9123852368035088
17502,64,3244,0.0507776476442813,1.006060004234314
17475,0,17,0.0032150277402251,0.9115920066833496
17210,69,3481,0.0006573118735104,1.1667982903676943
17266,5,294,0.0077105984091758,0.9787650108337402
17132,110,5512,0.001134202000685,0.997759997844696
17237,408,20437,0.0543363466858863,0.6822760105133057
17534,139,6998,0.0033713658340275,0.9263489842414856
17447,40,2001,0.0097305150702595,1.1170188417029436
17447,40,2009,0.0642590969800949,1.0095900297164917
17543,17,890,0.0592680871486663,0.9129830002784728
14802,269,13454,0.0018671108409762,1.7881629128070387
14802,269,13496,0.0117300041019916,1.3651491652119316
17312,103,5153,0.0525249950587749,1.0683000087738037
17312,181,9071,0.0021428454201668,0.6875849962234497
17312,181,9099,0.0363069362938404,0.5526059865951538
17544,12,608,0.0746134892106056,1.0356999635696411
17544,19,979,0.0111515261232852,0.9795327744864012
17132,54,2716,0.1011143401265144,0.828449010848999
17162,169,8485,0.0056188134476542,0.5375649929046631
17383,477,23876,0.0003017589042428,15.882250437136237
17228,45,2267,0.0054829628206789,0.7079669833183289
17228,86,4322,0.0006414903909899,0.9543843022781431
17228,91,4576,0.0335313528776168,0.867205023765564
17370,4,204,0.0284515935927629,1.084939956665039
17240,16,806,0.0548715442419052,0.9484170079231262
14877,82,4108,0.0078230695798993,0.9217900037765504
17313,68,3431,0.0066259205341339,0.8409090042114258
15138,48,2409,0.0467386208474636,0.938639998435974
15138,64,3216,0.9765585660934448,1.3963600397109983
17453,28,1401,0.2730849087238312,0.5263829827308655
17070,186,9310,0.0033856038935482,0.9042789936065674
14912,186,9314,0.0153409913182258,0.913182020187378
17169,51,2594,0.0062748328782618,1.0874300003051758
17169,303,15194,0.0121515654027462,0.5214742527924159
17389,3,180,0.7373613715171814,1.0
17458,44,2225,0.0041595567017793,1.418370008468628
17386,1,82,0.5922850370407104,0.8880460262298584
17199,25,1263,0.0157773252576589,0.4864850044250488
17364,73,3693,0.0438491962850093,0.8216559886932373
17355,63,3197,0.0405973456799984,0.11771250874401978
14802,166,8313,0.5231178998947144,0.6247320175170898
15149,32,1608,0.0102735897526144,0.9551288969356051
15149,35,1778,0.0066449041478335,0.9136809706687928
17270,39,1996,0.0026807831600308,1.019577039643778
14831,75,3799,0.0181487258523702,1.1465200185775757
14831,132,6621,0.885715126991272,0.4754599928855896
17077,157,7889,0.3187152743339538,0.8574939966201782
17111,208,10428,0.0107874674722552,1.0486799478530884
17482,8,413,0.1103568002581596,1.01636004447937
17240,386,19315,0.0297255888581275,1.0461100339889526
15166,7,361,0.0864427089691162,1.1480499505996704
17118,36,1847,0.4252400398254394,1.0262500047683716
17307,34,1745,0.6879376173019409,0.6675810217857361
17307,109,5465,0.0063456469215452,1.311020016670227
15133,49,2473,0.282065212726593,0.9194200038909912
17349,9,493,0.0154902040958404,0.8843839764595032
17349,41,2096,0.0060119559057056,0.8112279772758484
15017,62,3149,0.0291476398706436,1.4953253251595374e-06
17140,72,3612,0.0125163337215781,0.6118379831314087
17325,0,39,0.0069621503353118,0.968487024307251
15179,105,5265,0.0057787424884736,0.82383734335707
15179,156,7835,0.0026156075764447,1.0465199947357178
17265,43,2191,0.0152525519952178,1.359279990196228
17369,15,774,0.0015250797150656,0.9229549765586852
15116,168,8404,0.0158168859779834,0.8552970290184021
17328,45,2290,0.313875675201416,1.0428600311279297
17162,51,2554,0.0028206324204802,0.3716030120849609
17162,56,2823,0.0955998599529266,1.001829981803894
17162,56,2835,0.0016887793317437,0.5869749784469604
17181,9,483,0.0462956763803958,1.128749966621399
17181,19,981,0.001708447234705,0.9692999720573424
17181,69,3490,0.0920782387256622,1.0144000053405762
17206,134,6729,0.5145912766456604,1.1369199752807615
17174,21,1089,0.0678686946630477,1.056589961051941
15149,77,3891,0.1191719099879264,1.1224100589752195
15133,22,1138,0.0290134139358997,1.1879977569077482
17196,11,564,0.1100424602627754,1.102519989013672
17267,56,2838,0.0211963281035423,0.7760930061340332
15136,19,982,0.0086710695177316,0.6768807680039401
15136,96,4846,0.0005970163620077,1.0466200113296509
17415,286,14313,0.0008011764730326,1.0442500114440918
17415,286,14315,0.9961594343185424,0.8310419917106628
15128,182,9123,0.1535594314336776,0.6871029734611511
15128,182,9144,0.0499521046876907,1.628059983253479
17559,16,801,0.000896185869351,1.047029972076416
15097,217,10869,0.0032218396663665,1.0132100582122805
17267,98,4933,0.143056035041809,0.9885915097083853
15122,189,9469,0.0095907999202609,1.0179200172424316
17108,38,1943,0.0028446000069379,1.078819990158081
15013,281,14096,0.0079842917621135,7.260777398839999e-05
14986,186,9326,0.0468515381217002,0.8987269997596741
17067,5,295,0.0613637715578079,0.6675058978216981
17067,48,2436,0.5058957934379578,0.7833260297775269
17101,30,1547,0.0001600163959665,1.0255000591278076
17101,70,3542,0.0427889041602611,0.5477859973907471
17267,103,5197,0.0150538804009556,1.0621800422668457
15116,82,4119,0.0330286994576454,0.9698179960250854
17451,202,10131,0.0288719814270734,0.9470279812812804
17373,18,909,0.0997198075056076,0.9947749972343444
17371,416,20822,0.0388882979750633,1.0205299854278564
17489,160,8010,0.0527666173875331,0.8673765820283279
17489,221,11059,0.0310285482555627,1.0485299825668335
17087,123,6153,0.0473258197307586,1.0114099979400637
17524,305,15265,0.6072000861167908,0.9893779754638672
17407,118,5945,0.0051276804879307,0.5936509966850281
17164,99,4977,0.0049148346297442,1.0090099573135376
17406,12,601,0.0054005747660994,0.979986011981964
17406,116,5815,0.0081141283735632,1.0224599838256836
17313,143,7158,0.0033109558280557,0.9080880284309388
17208,237,11887,0.0012981730978935,0.5056329965591431
17208,238,11933,0.0850336104631424,0.9262089729309082
17208,255,12766,0.3710666298866272,1.2799899578094482
14801,12,640,0.0016020325710996,1.1860260907235443
14801,93,4669,0.0017585501773282,1.44677996635437
14801,253,12663,0.2141992002725601,0.0004875159123437086
15182,26,1325,0.0490762069821357,0.4744560240235884
15182,145,7269,0.0056861736811697,1.2782200574874878
17100,53,2677,0.0174185968935489,0.985280990600586
17100,219,10967,0.041799109429121,0.8382920026779175
17100,223,11198,0.083080343902111,1.26056537146242
15116,224,11245,0.178025409579277,1.0608199834823608
14877,122,6125,0.0047457828186452,1.0275577045555266
15222,71,3593,0.0318179801106452,1.419909954071045
17312,234,11745,0.0050292015075683,0.8708699941635132
17524,235,11799,0.0534554049372673,0.8963789939880371
17271,156,7811,0.0440426059067249,0.8305180072784424
17448,48,2412,0.0022419525776058,1.039180040359497
17373,45,2294,0.0060029723681509,0.840982973575592
17323,12,608,0.0119895273819565,0.5138840079307556
17371,17,889,0.0344474092125892,0.31320761472516523
17371,23,1158,0.0016264762962237,1.053230047225952
17371,193,9672,0.0030762308742851,0.21750567373021565
17079,17,882,0.1459240764379501,1.0074299573898315
14971,15,757,0.7960253357887268,0.980426013469696
14971,42,2123,0.042599644511938,0.38298134324719507
14971,42,2134,0.0048356703482568,0.4806379973888397
17524,27,1354,0.0008564635063521,0.8693410158157349
17100,170,8521,0.0331998132169246,1.2338969566870617
15160,163,8152,0.0028226166032254,1.1629399975096035
17311,12,603,0.7197113037109375,0.6198244498083483
17448,25,1252,0.0136899156495928,1.1402286190633504
17232,66,3329,0.111121617257595,1.0052499771118164
15103,140,7011,0.4392139017581939,0.8575599789619446
15103,140,7028,0.0354795232415199,1.0546400547027588
17400,201,10057,0.0874014347791671,0.8569470047950745
17287,60,3037,0.0207584667950868,1.0405100584030151
17287,162,8109,0.2826243937015533,0.8947799801826477
17249,342,17140,0.194055825471878,0.9859920144081116
17401,17,863,0.0510793849825859,0.927594006061554
17137,59,2982,0.0068159578368067,1.1678099632263184
17137,199,9962,0.3314912021160126,0.7520819902420044
15166,82,4113,0.012413709424436,1.0588200092315674
15166,269,13495,0.417112797498703,0.8210949897766113
17087,325,16268,0.1083925664424896,0.6461039781570435
17090,17,861,0.7104763388633728,0.9217900037765504
17090,26,1343,0.1051123291254043,0.958499014377594
15140,83,4152,0.04808184877038,0.9715030193328856
17214,13,691,0.027535269036889,0.4669469892978668
17214,13,692,0.1677027642726898,1.7352456255907356
17443,0,33,0.0187423564493656,0.7998589873313904
17443,12,642,0.0039277547039091,0.4883140027523041
17443,13,656,0.000921930768527,0.729044417206083
17413,197,9896,0.0116909984499216,0.926523983478546
17524,303,15171,0.8624381422996521,0.9674440026283264
17132,530,26522,0.0032982013653963,1.046322165315331
14801,55,2766,0.0029333322308957,1.118109941482544
14801,55,2788,0.0904062613844871,1.1391099691390991
17447,5,284,0.018718272447586,1.008829951286316
15147,39,1961,0.4583712220191955,1.260604583965005
17356,65,3296,0.0030117735732346,0.560920000076294
17139,44,2241,0.3778105080127716,1.4997590395347444
17354,52,2610,0.0120857963338494,1.024440050125122
17354,52,2637,0.0752766504883766,1.0444999933242798
17354,60,3023,0.0492727719247341,0.4922249913215637
15097,10,540,0.0030412627384066,0.9692800045013428
15097,10,549,0.2228326648473739,0.942736029624939
17328,116,5850,0.3793559372425079,0.4097760021686554
15014,167,8398,0.8255269527435303,1.3173500299453735
15014,219,10982,0.0159843862056732,0.5961490273475647
15014,219,10986,0.0034447368234395,0.7610579099506438
15014,239,11997,0.3660790622234344,0.9998030066490172
17114,76,3817,0.0058119473978877,1.0441099405288696
17371,45,2272,0.0194363668560981,0.8792669773101807
17379,9,456,0.0006841592839919,1.2366682067913928
17379,18,921,0.0317559763789176,1.0670100450515747
15124,50,2538,0.0142246317118406,0.4060710072517395
17099,75,3754,0.1289824992418289,0.9621779918670654
17365,60,3038,0.0966833680868148,0.9439629912376404
17308,63,3194,0.3639315664768219,1.1849299669265747
17494,100,5043,0.0033402787521481,1.1001499891281128
17494,289,14456,0.2058312445878982,1.4699951279541779
17492,4,235,0.0035006126854568,1.0095200538635254
17492,58,2905,0.1265626698732376,0.5843960046768188
17328,82,4106,0.0005681252223439,0.8723639845848083
17475,61,3088,0.0062763406895101,0.721262412509617
17475,116,5847,0.0069982325658202,1.0817099809646606
17482,230,11512,0.0197424851357936,0.25420258243994454
17132,385,19252,0.1195312812924385,0.5262389779090881
17481,2,132,0.111175924539566,0.8652558033119817
15182,3,200,0.0366456024348735,0.6056960225105286
15182,7,355,0.933730959892273,0.8603529930114746
15182,75,3781,0.0027107433415949,1.8707500852930182e-12
15182,140,7016,0.0170650612562894,0.9406009912490844
15097,129,6473,0.1037594899535179,1.0935668631232078
17469,3,173,0.0039045524317771,0.9255459904670716
17312,136,6804,0.2337263524532318,0.2997300028800964
17312,136,6843,0.0121375378221273,0.8185060024261475
17312,243,12187,0.0096295494586229,0.9876750111579896
17383,0,45,0.0144285075366497,1.0742000341415403
17451,237,11867,0.2134657353162765,1.061406131415758
15001,10,540,0.0287963282316923,0.4072607266959416
17257,92,4631,0.0095561947673559,0.9767240285873412
17559,97,4868,0.0681966394186019,0.5050879716873169
17505,97,4895,0.0024561814498156,0.9074749946594238
17505,115,5752,0.0911598429083824,0.4104160070419311
17352,116,5807,0.0032559665851294,1.078220009803772
17147,6,322,0.969657063484192,1.143440008163452
17521,13,662,0.107896402478218,1.1642864143350808
17521,64,3225,0.0141468998044729,0.9569240212440492
17396,4,249,0.0021533167455345,1.119715191216386
17168,53,2664,0.0326886139810085,1.450232184818802
17080,40,2012,0.01488992664963,1.0908000469207764
17080,41,2055,0.1018779352307319,1.0217499732971191
17414,151,7556,0.0178625266999006,1.1446745325120344
17240,464,23228,0.0325094498693943,0.8575009703636169
17109,102,5102,0.0053959740325808,0.9402899742126464
15103,82,4107,0.0157583747059106,0.6295600250224709
15103,82,4118,0.0161860063672065,0.6537290215492249
15172,11,574,0.2871346473693847,1.2073689870724706
15172,47,2394,0.0282212346792221,0.9810280203819276
15172,64,3232,0.1456366628408432,1.0385199785232544
15172,64,3233,0.0049428329803049,0.6029679775238037
15111,113,5686,0.0132316974923014,0.9217900037765504
17209,18,919,0.1611704528331756,1.0261452520392425
17057,0,47,0.0166906826198101,0.970700979232788
17304,35,1799,0.0036465916782617,1.0356099605560305
17304,44,2207,0.2922181189060211,2.011775519106536
17304,59,2979,0.0277200881391763,0.7910280227661133
17397,65,3293,0.7324231863021851,0.6451680064201355
17356,75,3779,0.0417595282196998,0.979399025440216
17356,75,3799,0.0283885151147842,1.1281700134277344
17408,5,276,0.0124930460005998,0.6795570254325867
17408,5,277,0.0631937533617019,1.032230019569397
17132,390,19532,0.1189853996038436,1.0928649688314636
17137,178,8926,0.0093509806320071,1.0588200092315674
17242,30,1527,0.0034698345698416,3.6795062396104754
17356,212,10642,0.1465938091278076,0.5764390230178833
17240,15,755,0.004430379718542,1.0491700172424316
17356,15,753,0.9968186616897584,0.9077939987182616
17356,170,8510,0.0007489152485504,1.2676199674606323
17132,24,1201,0.0068501299247145,1.0478648446843906
17195,27,1394,0.2512561082839966,0.8903189897537231
17243,79,3987,0.0322735719382762,0.931102991104126
14897,151,7593,0.3439261317253113,1.008270025253296
15140,32,1630,0.0010378753067925,0.887857973575592
17210,144,7214,0.0921225175261497,1.123579978942871
17210,238,11935,0.0448242165148258,1.4042999744415283
17100,24,1239,0.0926247611641883,0.9732419848442078
17100,48,2412,0.0228855963796377,0.529151976108551
17407,3,154,0.0051440456882119,0.8779129981994629
17407,66,3343,0.0266323927789926,0.9942399859428406
17407,79,3958,0.0471042208373546,0.5506849884986877
15097,119,5989,0.7830605506896973,1.0387500524520874
15097,173,8681,0.0161909516900777,1.0499000549316406
17271,158,7916,0.0622359849512577,0.5672000050544739
17135,21,1053,0.0389016419649124,1.2291863083365369
17135,21,1090,0.0060503431595861,1.0854899883270264
17135,35,1790,0.0624974071979522,0.8797100186347961
17135,51,2571,0.012072498910129,0.4578869938850403
17065,174,8704,0.0747231468558311,1.0465199947357178
17210,16,805,0.1664587408304214,1.0526599884033203
17210,16,810,0.0064457692205905,0.4830040037631988
17210,169,8489,0.0176539961248636,0.9276260137557985
15162,113,5670,0.0346838608384132,0.6015239953994751
17089,110,5518,0.0989932492375373,0.9527990221977234
17251,66,3321,0.0026779337786138,7.441271142033585e-05
17249,116,5813,0.0027991030365228,0.5536770224571228
17365,31,1578,0.0951760336756706,0.5187349915504456
17365,49,2479,0.9018402695655824,1.1454958964836237
17365,49,2489,0.3386619091033935,1.2003013970227556
15114,56,2802,0.0099307065829634,0.9846895558862343
17231,64,3224,0.0716526582837104,0.7142300009727478
15102,91,4556,0.0214003417640924,0.8052229881286621
15102,91,4564,0.102185420691967,0.5847933455445399
14938,173,8668,0.1854833960533142,0.9898489713668824
15170,32,1639,0.01421151868999,0.25325743251630684
15170,108,5403,0.0103282118216156,1.6391299962997437
17141,39,1989,0.9844316840171814,1.2317899465560913
17489,89,4453,0.2076539397239685,0.5989360213279724
17489,216,10848,0.0315484404563903,1.0277099609375
15161,11,600,0.0262236166745424,1.0459599494934082
15161,91,4575,0.0008308414835482,1.0395599603652954
17371,307,15393,0.0019861704204231,1.0283000469207764
17408,23,1186,0.0093329008668661,1.2268541826613273
17240,19,975,0.0030740983784198,0.5482651859091447
15116,135,6780,0.0090602803975343,0.5807729959487915
15116,278,13904,0.0317221917212009,0.9067180156707764
17457,101,5063,0.1870359480381012,0.4594559967517853
17502,15,757,0.0047771893441677,1.0463600158691406
17502,35,1759,0.954132616519928,1.8413100242614744
17502,58,2913,0.0233205687254667,0.8779129981994629
17364,8,424,0.0041362238116562,0.8673350214958191
17364,95,4752,0.0753291919827461,1.296037204106085
17110,8,403,0.5852302312850952,0.9738619923591614
15099,149,7456,0.4428488612174988,0.944374978542328
17415,34,1704,0.4140271842479706,1.0626300573349
17415,285,14280,0.0037316526286303,1.0440900325775146
15061,76,3829,0.0255202744156122,1.0453599691390991
15061,209,10454,0.2416506856679916,0.48838449122985145
15061,255,12763,0.2698636949062347,1.0285500288009644
15128,124,6226,0.0174515824764966,0.987209975719452
15128,124,6246,0.1477253437042236,1.0777299404144287
17364,44,2203,0.0850352644920349,1.0357161864718876
15120,25,1279,0.0510308593511581,0.8325300216674805
15120,25,1282,0.0538446009159088,0.592519998550415
17134,52,2641,0.0118178464472293,0.4300099909305572
15163,8,437,0.0036505975294858,1.0270700454711914
15054,97,4861,0.3522981107234955,1.0387300252914429
15017,25,1277,0.0351435765624046,0.8779129981994629
15017,25,1295,0.0274660475552082,0.6934869885444641
14824,18,925,0.0389193147420883,1.1504900455474854
17314,60,3002,0.0080047436058521,1.102429986000061
14968,6,315,0.3351747095584869,0.6088780164718628
17361,367,18395,0.0137193836271762,0.9565640091896056
17561,43,2166,0.0154321053996682,0.9747009873390198
17561,199,9989,0.0036311859730631,0.9936119914054872
14968,16,822,0.0420400202274322,0.0011460198596374412
17181,99,4992,0.0159013029187917,1.1867086415936399
15013,303,15182,0.030206274241209,1.1938400268554688
17135,27,1374,0.0043284492567181,1.159209966659546
17135,27,1388,0.1928343623876571,1.0434099435806274
17135,49,2452,0.0027839043177664,1.0272200107574463
17075,18,918,0.9548572301864624,1.0846799612045288
15167,50,2501,0.9873914122581482,0.7757710218429565
15167,111,5567,0.0105773732066154,1.0139299631118774
15167,111,5589,0.0393955297768116,0.5828019976615906
17327,100,5029,0.0090828314423561,1.347790002822876
15017,112,5627,0.0077171609736979,0.5543259978294373
17427,1,80,0.0121595002710819,0.5311009883880615
17339,196,9823,0.0075720148161053,1.2934399843215942
17339,244,12207,0.0304158367216587,1.0323200225830078
17522,66,3334,0.0147798173129558,0.9265210032463074
17240,249,12453,0.4334756135940552,0.5488409996032715
17280,43,2167,0.0200381781905889,1.0173900127410889
17280,49,2460,0.0631749406456947,0.9451410174369812
17494,2,149,0.1867170929908752,1.0308500528335571
17494,269,13481,0.8738017678260803,0.3879019916057586
14901,31,1556,0.0001315414410782,1.0
14901,70,3517,0.0097792809829115,1.689636515077794
17101,42,2129,0.0685611739754676,0.8898839950561523
17101,58,2938,0.4191905260086059,1.2829236852168153
17240,2,127,0.063815951347351,0.9301810264587402
14877,72,3638,0.0246537644416093,0.9410939812660216
14877,105,5292,0.0139017580077052,1.3046226310207203
14877,155,7784,0.0056240726262331,0.9767839908599854
14877,169,8472,0.005403833463788,1.0429199934005735
17240,102,5127,0.0467626713216304,1.067739963531494
17530,38,1930,0.0057325833477079,1.0412299633026123
17530,127,6369,0.0192877538502216,0.9509789943695068
17111,25,1291,0.0073484550230205,0.7334589958190918
17194,25,1261,0.0576761104166507,1.0842299461364746
17194,39,1995,0.0088929943740367,0.5793570280075073
17352,304,15241,0.0328390374779701,1.1223200559616089
15163,73,3683,0.0151021117344498,1.0582900047302246
15163,73,3698,0.010911057703197,1.2429100275039673
15111,270,13546,0.0002176759735448,0.9831119775772096
17552,199,9980,0.008432563394308,0.9026169776916504
17373,161,8078,0.0384230613708496,1.617969989776611
17530,26,1301,0.1304923146963119,0.9659370183944702
17530,26,1302,0.1694442480802536,1.0062299966812134
17240,97,4855,0.2503766119480133,1.025689959526062
17489,158,7938,0.1551378518342971,1.6645599603652954
15156,4,233,0.993241846561432,1.1108700037002563
15156,68,3414,0.0501793883740901,0.9742720127105712
17206,406,20318,0.2877239286899566,0.6237000226974487
17352,244,12229,0.0137421330437064,1.220084768112656
17352,244,12234,0.0069627994671463,1.0
17352,244,12248,0.4365956783294678,0.9766150116920472
17251,7,370,0.1042775362730026,0.5556201964305671
17251,194,9724,0.0297426078468561,0.9783719778060912
15061,240,12049,0.0072951870970427,8.022093668889028e-05
15145,69,3464,0.0625173225998878,0.9492530226707458
15145,171,8571,0.0029832429718226,1.4339670006153964
15014,27,1360,0.1210017502307891,0.5610120296478271
15014,73,3664,0.0028809618670493,0.6722589731216431
17383,513,25665,0.0115124937146902,1.3077399730682373
17098,54,2726,0.0404275655746459,1.2923799753189087
17098,54,2735,0.0280934404581785,0.9442669749259948
14824,232,11606,0.0388209782540798,1.1087000370025637
17422,21,1088,0.9861061573028564,0.8361819982528687
17334,64,3217,0.0068435254506766,0.9542869925498962
17334,64,3225,0.0695850104093551,0.9914789795875548
17334,65,3269,0.0009055586997419,1.206337059367172
17092,6,323,0.0577540583908557,1.040030002593994
17257,25,1288,0.3962220847606659,0.5586846027868546
17213,44,2202,0.7723602652549744,1.1038399934768677
17169,288,14401,0.0392479076981544,0.638569458323957
17552,249,12485,0.0814249441027641,0.8154119849205017
17316,10,520,0.2271368503570556,0.8692770004272461
17316,10,527,0.5856825113296509,1.031209945678711
17356,80,4050,0.0469042360782623,0.6538469791412354
17356,184,9247,0.0113854128867387,0.9785183739359129
17498,19,956,0.3409665822982788,1.4663900136947632
17242,61,3060,0.0010299800196662,0.9130839705467224
15098,77,3880,0.0040208450518548,0.5335299968719482
14828,116,5809,0.1548996567726135,0.6736879944801331
15160,360,18025,0.1061538904905319,1.2156699895858765
15154,225,11257,0.1845870167016983,0.9051849842071532
17136,36,1805,0.2793421447277069,0.8908010125160217
17136,64,3248,0.097110666334629,1.0330400466918943
17144,106,5336,0.0695733577013015,0.6640160083770752
17144,114,5737,0.0210354607552289,1.2104354774405126
17190,21,1088,0.0090959090739488,1.270050048828125
17190,23,1175,0.0163635667413473,0.5232759714126587
17177,13,680,0.1956027895212173,0.9783769845962524
17204,53,2662,0.0070770690217614,1.0442899465560913
17419,1,91,0.1672472059726715,0.7762060165405273
17352,138,6944,0.1359628736972808,1.0430599451065063
17240,405,20254,0.0053379568271338,1.3397901676813149
17240,405,20290,0.0544758737087249,0.7052904208371018
17240,475,23766,0.3235801756381988,1.0447100400924685
17240,475,23796,0.9402289390563964,0.5688430070877075
17306,101,5081,0.014366271905601,1.3677645442294306
17495,182,9121,0.0979010164737701,1.01188638468399
17495,182,9143,0.9169331789016724,1.0860300064086914
15102,22,1120,0.0385982692241668,0.4588319957256317
15102,32,1628,0.0236649345606565,0.5109130144119263
15102,34,1707,0.0218905769288539,0.005684331631639205
15102,34,1710,0.9979202151298524,1.0523099899291992
17440,85,4286,0.0398631319403648,1.2108999490737915
15103,50,2517,0.0698749646544456,0.5510420203208923
17414,66,3306,0.0078871399164199,1.036020040512085
15128,113,5681,0.3114228546619415,1.3195426425557455
15128,198,9935,0.0226244237273931,0.8227289915084839
17373,68,3450,0.2428630739450454,1.5705638622244324
17228,7,362,0.0024684784002602,1.0317800045013428
17139,186,9321,0.5428586006164551,1.1414799690246582
17476,66,3304,0.222775787115097,1.2569624199421978
14801,227,11376,0.0123567478731274,0.905546009540558
15129,19,978,0.0012825184967368,0.7656880021095276
17328,2,111,0.0107213053852319,0.0005690097205439151
17210,239,11990,0.0140120238065719,0.93743097782135
17155,183,9152,0.006002671085298,1.230596953857571
15149,106,5350,0.0004564840637613,1.0588200092315674
17361,196,9838,0.0942332595586776,0.941315417794925
17361,263,13175,0.0139860259369015,1.004349946975708
17306,11,585,0.0180688556283712,0.7399960160255432
17306,114,5701,0.1878945380449295,0.3595190048217773
17530,37,1852,0.0145134581252932,1.0340299606323242
15097,105,5292,0.0006638105842284,1.0871000289916992
14831,98,4903,0.0115449903532862,1.1928199529647827
15086,53,2673,0.0090854056179523,0.9924349784851074
15086,53,2698,0.3141962885856628,1.0251799821853638
17150,27,1371,0.0779587179422378,0.905014991760254
17150,35,1781,0.0024730807635933,0.9434069991111756
17144,44,2234,0.0217290967702865,0.7879359722137451
15161,224,11217,0.0067356517538428,0.7790399789810181
17400,6,306,0.196287140250206,1.023859977722168
17400,10,528,0.7528635859489441,1.0
17550,75,3751,0.0111714340746402,1.058840036392212
17494,118,5913,0.0020130763296037,0.9675229787826538
17494,118,5916,0.0336780920624733,1.1598057535314157
17494,267,13395,0.1000819653272628,0.6705309748649597
15125,14,704,0.3141967058181762,1.1125532020268452
15125,124,6201,0.0237152967602014,0.6204800009727478
17335,2,147,0.1167995184659957,1.0710400342941284
17335,52,2610,0.7361814379692078,1.02469003200531
17335,111,5589,0.0095800450071692,0.9816889762878418
17103,10,508,0.2127540558576584,0.5654000043869019
17103,18,926,0.0047784657217562,1.0647797436904796
17219,79,3996,0.0014369724085554,0.7004510164260864
17100,257,12869,0.0063063423149287,1.5231532649361412
17100,263,13165,0.0193301197141408,0.5546799898147583
17208,216,10813,0.0056996694765985,0.830498993396759
17307,30,1519,0.1657391339540481,0.8287312981983064
17307,30,1534,0.0094820000231266,1.4145400524139404
17364,13,676,0.2892466187477112,1.0070799589157104
17364,68,3412,0.0038534353952854,1.1743899583816528
17354,26,1335,0.0226542670279741,0.989404022693634
17354,35,1782,0.0034512560814619,1.0315899848937988
17459,36,1814,0.005548883229494,0.6217349767684937
17168,39,1984,0.0064237434417009,1.008970022201538
17168,40,2050,0.045655857771635,0.9993020296096802
15136,77,3860,0.004182013683021,1.009160041809082
15136,100,5011,0.505550742149353,1.0575445029484738
17471,29,1474,0.0008579856948927,0.5569689869880676
17326,1,77,0.0171859767287969,0.8004480004310608
17070,38,1913,0.0287514384835958,1.051259994506836
17168,76,3807,0.007986381649971,0.9217900037765504
15113,42,2125,0.0564851872622966,1.0054399967193604
17514,0,22,0.0729522705078125,0.9629030227661132
17459,39,1981,0.0028927330859005,0.5760260224342346
17530,114,5731,0.1309967637062072,0.7201930284500122
17361,222,11138,0.0409501604735851,0.9650120139122008
17361,255,12753,0.7367274165153503,0.0002928979996144932
17401,100,5001,0.6166943907737732,1.2673571794906593
17095,23,1192,0.0017355382442474,0.5657067423155837
17095,112,5602,0.0065962551161646,0.9860569834709167
17095,114,5729,0.0374326445162296,1.0030499696731567
15154,93,4694,0.0860258415341377,0.9166920185089112
17338,100,5033,0.0135380961000919,1.3011744502903184
17338,102,5118,0.7485437393188477,1.6497100591659546
17205,35,1780,0.2083891779184341,1.0367799997329712
17205,129,6488,0.0199815556406974,0.9204769730567932
14986,171,8557,0.0017192503437399,0.9347169995307922
17237,202,10107,0.0064853564836084,0.9217900037765504
17413,117,5857,0.0007826608489267,1.0419399738311768
17137,86,4309,0.0831604525446891,0.5810629725456238
17121,18,923,0.0284341424703598,1.0450400114059448
17144,133,6665,0.0656176656484603,0.6088770031929016
15097,149,7460,0.0833912938833236,0.711135983467102
17302,35,1791,0.0067093041725456,0.9672549962997437
17452,6,301,0.0581952817738056,0.9854570031166076
17452,6,327,0.0178163684904575,0.9615449905395508
17495,44,2211,0.5397950410842896,1.0975600481033323
14831,235,11768,0.0137758767232298,1.2892299890518188
17487,39,1998,0.0237859804183244,0.9807140231132508
17172,59,2984,0.0169672947376966,0.5936409831047058
17204,36,1827,0.0251644104719162,1.165179967880249
17270,51,2596,0.0235391519963741,1.0486299991607666
15179,58,2942,0.0724292919039726,1.0
17132,474,23712,0.000761565985158,1.256436476143449
17493,38,1940,0.0007803098997101,0.9766550064086914
17493,279,13957,0.0143782664090394,0.9800390005111694
17451,249,12460,0.0350630395114421,1.0377099514007568
17524,260,13007,0.6284174919128418,1.0016100406646729
17067,47,2351,0.0785859078168869,0.8322780132293701
17067,47,2386,0.000653754803352,0.9771170020103456
17482,47,2368,0.0317565277218818,1.148059964179993
17482,170,8516,0.0227048657834529,1.104320049285889
17434,9,474,0.8766676187515259,0.9934689998626708
17434,45,2252,0.0845188722014427,1.0864800214767456
17138,35,1751,0.0770510360598564,0.6271496169333517
17444,6,317,0.0136362705379724,1.2269500494003296
17451,27,1398,0.0232271384447813,1.0104800462722778
15155,68,3412,0.0263844821602106,0.7449722398042127
15155,68,3441,0.0044801104813814,2.291283935147135
17307,5,267,0.0043354253284633,0.9308199882507324
17218,16,834,0.0061046411283314,1.0543700456619265
17522,162,8137,0.0027476013638079,0.9710149765014648
15098,12,619,0.1207997351884841,0.9878010153770448
17406,78,3913,0.0087703242897987,1.4893699884414673
17219,90,4536,0.0019922479987144,0.5471069812774658
17394,105,5288,0.0010556338820606,0.4227460026741028
17394,194,9736,0.0231825895607471,1.045140027999878
17559,37,1865,0.0159437488764524,0.9041680097579956
17559,38,1908,0.0556979328393936,1.054069995880127
17317,5,254,0.1586066335439682,1.022979974746704
15166,238,11948,0.4294416606426239,1.1545217698818109
15166,277,13869,0.0043369713239371,1.0974358473258121
17361,295,14769,0.010695518925786,0.9607440233230592
17408,50,2525,0.0226475410163402,1.514919996261597
17408,50,2537,0.0065718633122742,1.0483800172805786
17408,76,3821,0.0840278565883636,1.0
17408,76,3838,0.0577176101505756,1.0
14971,134,6703,0.2611285150051117,0.948028028011322
17102,9,462,0.0282973274588584,1.4573144578680512
17237,248,12450,0.1179995089769363,0.7054619789123535
17237,406,20304,0.1605204790830612,0.4786329865455627
17237,406,20340,0.0049630645662546,1.1100485613573594
15093,63,3178,0.0029289717786014,1.0026700496673584
17209,5,300,0.007384686730802,1.6704100370407104
17209,54,2706,0.3644028007984161,1.0332809033265935e-08
17209,54,2722,0.1197436228394508,1.0287400484085083
17217,110,5525,0.0219941344112157,1.0468800067901611
14901,299,14986,0.0574082545936107,1.0811599493026731
17281,4,215,0.0358709655702114,1.0014499425888062
17459,167,8375,0.0082611683756113,0.9466660022735596
17337,68,3405,0.7366604804992676,0.6640139818191528
17444,88,4412,0.0311905015259981,1.0398521952995239
17232,38,1933,0.9579796195030212,0.7752554373228548
17171,10,511,0.0202091131359338,1.0195993303946693
17196,59,2952,0.4964978992938995,0.7225675976451384
17171,46,2330,0.0091481078416109,1.0407700538635254
17308,27,1393,0.7452468872070312,1.128884576183964
17484,134,6717,0.0087573053315281,1.0257899761199951
17070,229,11477,0.0116439368575811,1.062980055809021
17458,35,1783,0.0387099795043468,1.0318100452423096
17458,35,1789,0.0038136893417686,1.0146499872207642
17503,69,3486,0.0212369505316019,1.045240044593811
17556,133,6689,0.1056013852357864,1.0
17341,155,7789,0.915811002254486,1.807850003242493
15017,192,9627,0.0188866276293993,1.025339961051941
17210,104,5236,0.1276610195636749,1.1681895403352769
17469,87,4377,0.0036078274715691,1.025760054588318
17326,26,1311,0.0016346782213076,1.530504976214246
17532,9,488,0.0077079022303223,1.1041500568389893
14882,145,7295,0.0159788373857736,0.9650570154190063
17447,54,2749,0.0069419671781361,0.9785680174827576
17447,86,4333,0.6246396899223328,0.5116639733314514
15111,146,7303,0.1438664346933365,1.0696200132369995
17132,99,4951,0.0714623779058456,0.7625849843025208
17132,252,12607,0.0009124372154474,0.4479080140590668
17165,14,717,0.0248637944459915,0.531396146027312
17415,21,1064,0.0121394023299217,0.8582980036735535
17415,104,5219,0.0384185649454593,0.5754485484498915
17158,60,3014,0.0229720026254653,1.0631099939346311
17400,44,2237,0.0265681687742471,1.3970651738895865
17400,87,4367,0.0007516683544963,1.143380045890808
17098,42,2125,0.0010193823836743,1.2845100164413452
17309,0,27,0.0096953138709068,0.4606499969959259
17309,64,3229,0.0088137155398726,1.0350983116580537
17309,79,3963,0.0030019914265722,1.0839099884033203
17301,13,671,0.1545478999614715,1.039180040359497
17301,67,3378,0.0100171118974685,1.0352258875512632
15145,313,15693,0.0205593165010213,0.9801220297813416
17469,67,3355,0.0016547697596251,0.5402190089225769
17224,37,1895,0.0027838237583637,1.0305800437927246
15117,99,4956,0.034050665795803,1.1046199798583984
17353,34,1720,0.0022973183076828,0.5836859941482544
17159,24,1214,0.4600184261798858,2.0656800270080566
17237,313,15668,0.0092152068391442,0.4729509949684143
17070,14,717,0.1743226796388626,0.893419090506697
17169,45,2300,0.0025736377574503,1.0332499742507937
17089,54,2711,0.5319446325302124,1.1411900520324707
17089,76,3821,0.0321493223309516,1.0947400331497192
17089,122,6143,0.1771375685930252,1.0035400390625
14801,70,3547,0.0364054255187511,1.1786455179936866
17337,35,1787,0.201867863535881,0.504243016242981
15116,232,11615,0.0060932403430342,0.879783397562079
17179,1,90,0.9060559272766112,0.590641975402832
17561,223,11194,0.0170564670115709,1.0430599451065063
17322,15,756,0.0337930880486965,1.1996531747084875
17322,42,2128,0.3295361995697021,0.3896720111370086
17550,48,2420,0.017955545336008,0.8444269895553589
17331,21,1059,0.0034020319581031,0.4273830056190491
15097,146,7317,0.2709905505180359,0.5167930126190186
17138,116,5810,0.0743902027606964,0.8443099856376648
17271,105,5278,0.0092324800789356,0.682977020740509
17208,223,11167,0.0226702988147735,0.5323579907417297
17372,87,4393,0.4335201978683471,0.5869975169500208
17111,15,775,0.0082351006567478,0.7652935570876735
17111,160,8050,0.0719235837459564,0.4356350004673004
17341,137,6855,0.0326552651822567,0.7612519860267639
17077,78,3935,0.6089653968811035,0.8322169780731201
17077,176,8806,0.0029318335000425,0.9487239718437196
17101,6,303,0.0418235063552856,0.96560400724411
17101,78,3930,0.01061487570405,1.2574885410009526
17338,16,845,0.0357473902404308,1.2849507249865724
17065,109,5462,0.2655676603317261,1.0731910981911739
17092,23,1164,0.0812900140881538,1.20632004737854
15152,42,2126,0.0413723215460777,1.2219754333649175
17251,143,7179,0.0252705179154872,0.4975219964981079
17398,10,544,0.0344537682831287,0.9171929556024594
17398,141,7081,0.0257561914622783,1.05771005153656
17398,209,10452,0.7312665581703186,1.0676699876785278
17371,237,11856,0.0046484665945172,0.9736220240592957
17371,440,22011,0.0147522827610373,1.1420932465801312
17199,87,4371,0.0188360586762428,0.2505620121955871
17239,184,9213,0.0754380747675895,0.5410580039024353
17361,4,206,0.3228153884410858,0.7752699851989746
17361,275,13778,0.076207622885704,1.104040026664734
15115,42,2134,0.189702033996582,0.6774477052306906
17482,200,10001,0.0067863119766116,1.4817744896516845
15086,0,31,0.9861743450164796,1.0137200355529783
15086,8,446,0.000954887305852,1.0
17091,59,2954,0.0042255339212715,1.05239999294281
17091,62,3104,0.0177812818437814,0.9624590277671814
17366,12,623,0.0058145076036453,1.0054199695587158
17413,66,3316,0.0212608221918344,0.8966060280799866
17208,7,372,0.9349347949028016,1.0466887897012214
17249,314,15732,0.0031676273792982,0.6283569931983948
15145,287,14378,0.0008247881778515,1.0476200580596924
15151,106,5344,0.1538381278514862,0.9717157477846855
17093,49,2487,0.0615753792226314,1.0130200386047363
17093,128,6446,0.300014317035675,1.0170799493789673
17198,85,4256,0.0317963361740112,0.695609986782074
17488,123,6187,0.034272376447916,1.041800022125244
17488,280,14043,0.0237235110253095,1.0192500352859497
17401,29,1484,0.0022723802831023,0.9744719862937928
17415,132,6650,0.0410777293145656,0.4294669926166534
17249,266,13316,0.0005494121578522,0.558214008808136
17249,271,13566,0.0337117463350296,0.9634021763101472
15122,200,10028,0.1709252595901489,0.49549201130867
17361,26,1324,0.691850483417511,4.464615172245324e-19
17361,216,10807,0.0503736324608325,0.616133987903595
17361,360,18040,0.0465588085353374,0.8914350271224976
15103,15,770,0.0163253340870142,2.5996340197569623
17178,38,1929,0.0171500444412231,1.0001100301742554
17178,77,3861,0.008490078151226,0.9958109855651855
17178,77,3889,0.0517888590693473,1.0023000240325928
15017,71,3569,0.1516528278589248,0.982475996017456
15017,98,4914,0.0062349569052457,1.0556800365447998
15182,106,5321,0.0020867933053523,1.0126700401306152
15182,148,7410,0.0021490554790943,0.5170019865036011
15182,148,7444,0.0418267548084259,0.8977149724960327
17415,298,14941,0.0116235017776489,1.1227702464111073
17358,5,282,0.2476714998483657,0.6259239912033081
17358,34,1716,0.0391496792435646,0.9917640089988708
17358,40,2049,0.0091037554666399,1.026319980621338
17434,13,673,0.0159908439964056,1.859859561220219
17434,37,1861,0.0527051016688346,1.056079983711243
17131,142,7123,0.0294837076216936,0.9425699710845948
17240,63,3154,0.0222191140055656,0.5703660249710083
17361,141,7086,0.0046137026511132,1.0432499647140503
15106,280,14048,0.5086857080459595,0.89706668763003
17559,96,4811,0.0092517482116818,0.6013746054810553
17228,61,3064,0.1074912175536155,1.394276116421679
17489,286,14328,0.3732148706912994,1.0287400484085083
17475,141,7053,0.0021060549188405,1.0266300439834597
17139,248,12442,0.0025752650108188,0.5247306091181018
17352,207,10352,0.1542595773935318,0.9914820194244384
17352,293,14688,0.3907214403152466,0.7660589814186096
17541,33,1677,0.0029974065255373,0.9359920024871826
17438,0,44,0.0051750857383012,1.061310052871704
17438,11,555,0.0509208142757415,1.0608005159226648
17080,150,7513,0.2677603662014007,0.9546849727630616
17080,151,7594,0.0093116844072937,0.9761649966239928
17324,11,552,0.1587106883525848,0.6387310028076172
17339,234,11731,0.3220958411693573,1.022279977798462
17339,238,11938,0.0016988742863759,0.0133756973222036
17360,72,3638,0.0050385678187012,0.0015411617981896995
17339,9,500,0.0139749944210052,0.8395090103149414
17312,192,9644,0.0342459715902805,2.020940065383911
17312,223,11159,0.1593095660209655,0.8212461613997988
15140,65,3278,0.0049683796241879,1.0018099546432495
17410,53,2670,0.0028766556642949,0.9083030223846436
17415,130,6535,0.1480505317449569,0.7762539982795715
17308,45,2298,0.0185161922127008,0.9835969805717468
17537,3,168,0.0051585021428763,0.0001584449519708071
17269,12,612,0.005016284994781,0.7659909725189209
17327,12,639,0.014458374120295,1.0904099941253662
17193,52,2605,0.0695809572935104,0.5413740277290344
17193,52,2624,0.1367569416761398,1.0146100521087646
17193,52,2633,0.543967604637146,1.2280539859277155
17352,54,2722,0.1535013765096664,0.0018246751636568634
17352,235,11787,0.0109587190672755,0.8025320172309875
17256,150,7530,0.2683251500129699,1.2740600109100342
17256,151,7576,0.06338432431221,0.8481370210647583
17451,107,5397,0.03774019703269,0.3866389989852905
17552,152,7608,0.014344161376357,0.8849070072174072
17219,4,232,0.0676527693867683,1.1538599729537964
17474,49,2497,0.0005972864455543,1.0124900341033936
17251,159,7968,0.0371937490999698,0.9399949908256532
17303,4,240,0.0063036628998816,1.0752700567245483
17303,52,2615,0.020300168544054,0.8488500118255615
17162,29,1462,0.0058609973639249,1.091775046371737
17394,71,3581,0.407036691904068,0.8458859920501709
17240,191,9586,0.5393131375312805,1.2376684242110514
17240,343,17154,0.013322664424777,0.0006454061545992973
17240,401,20089,0.003841892350465,1.2525147653227575
17371,524,26212,0.0101087307557463,0.9448649883270264
17475,200,10020,0.3830838203430176,0.721464991569519
17198,81,4072,0.0095090111717581,1.0625100135803225
17219,108,5408,0.2197736650705337,1.4743489679904087
17219,108,5450,0.3045652508735657,1.04993999004364
17469,1,58,0.2967282235622406,1.2141430786485896
17469,41,2094,0.0793583467602729,1.0437099933624268
17087,136,6802,0.1871650665998459,1.0634700059890747
17251,90,4503,0.6508437395095825,0.0023766214517288234
17308,60,3039,0.0407064892351627,0.5413569808006287
17348,12,616,0.0171278584748506,0.99624502658844
17348,14,705,0.216480478644371,1.2863399982452393
17152,129,6497,0.2309834063053131,0.7008969783782959
17339,287,14361,0.0107272956520318,0.6387649774551392
15160,185,9286,0.0019603166729211,0.7019420266151428
17382,7,380,0.238497108221054,0.9351990222930908
17303,23,1172,0.1164311319589614,0.9201949834823608
17303,23,1183,0.0134836360812187,1.0718499422073364
17357,1,83,0.0032712314277887,0.6158559918403625
17357,35,1791,0.0903021767735481,0.5134649872779846
17357,38,1932,0.0172998532652854,1.0413700342178345
17240,212,10640,0.4382092356681824,0.5187259912490845
17250,10,531,0.0076229381375014,1.0273200273513794
17250,24,1244,0.0005870042368769,0.5133309960365295
15111,46,2310,0.1182498186826706,0.4304499924182892
17088,30,1522,0.0003761760890483,0.01468333526747178
17255,11,565,0.0071861399337649,0.5162410140037537
17183,1,64,0.0722689926624298,1.2023107229320118
17506,22,1132,0.0056768613867461,0.9583160281181335
17506,50,2512,0.0152926119044423,0.5015130043029785
17333,90,4502,0.048498623073101,0.8913660049438477
15014,62,3141,0.0976144894957542,0.6771259903907776
17251,17,868,0.0281139649450778,1.1190099716186523
17251,109,5495,0.099666804075241,1.0101283858981989
17306,126,6328,0.0341612547636032,1.033910036087036
17561,107,5386,0.0063687255606055,1.1726856496372309
17561,170,8504,0.882056713104248,0.7931190133094788
17493,160,8001,0.0289690103381872,0.4930880069732666
17493,186,9301,0.0404603518545627,0.9624950289726256
17493,272,13647,0.0004740262229461,0.7263693960257811
17087,19,984,0.0005067774909548,0.9374340176582336
17087,268,13418,0.9796352982521056,1.0810500383377075
14801,215,10791,0.1540618538856506,1.2420322440136713
14801,283,14183,0.0208350364118814,1.0370242123373856
15078,8,401,0.1980827003717422,0.5888440012931824
17371,475,23771,0.4449797570705414,1.1476875116695595
17371,496,24815,0.8598000407218933,1.053819308049633
17371,496,24845,0.006350546143949,0.8279950022697449
15100,4,237,0.221001386642456,1.0738316400843857
17267,51,2558,0.0012927441857755,1.1958600282669067
15013,56,2805,0.0231220424175262,5.136603529733288e-14
15013,145,7258,0.1330606937408447,0.8304280042648315
17169,268,13450,0.1068029627203941,0.5532439947128296
17129,11,552,0.0037326281890273,0.4842279851436615
17129,18,918,0.413128525018692,1.930635935996385e-05
14968,80,4022,0.0033906497992575,0.9113159775733948
17082,0,23,0.0421641133725643,0.6134039759635925
15167,112,5612,0.0017818104242905,1.321810007095337
17333,19,972,0.924813747406006,0.7114499807357788
17317,0,16,0.0094825504347682,0.294865953978249
17317,17,874,0.0616208054125309,0.5242679715156555
17317,22,1104,0.0012077039573341,0.9982920289039612
17317,22,1131,0.0687011778354644,1.1090148439797218
17095,81,4054,0.0089993281289935,1.125380039215088
17087,413,20672,0.0103964693844318,1.0364999771118164
17087,413,20677,0.1716548204421997,1.0384700298309326
17249,341,17089,0.2211126685142517,0.8851276076782071
17169,209,10487,0.0450564324855804,1.0580999851226809
17138,20,1010,0.0534580498933792,0.5701162202953752
17138,138,6930,0.0034085502848029,1.1855510762004684
17106,45,2292,0.0025331818033009,1.24576997756958
15014,59,2972,0.1921426802873611,0.5257779955863953
15014,185,9290,0.0118926493450999,0.6504116750355847
15161,75,3793,0.0061033302918076,1.0194599628448486
15161,125,6296,0.0374745763838291,0.4831550121307373
17415,243,12165,0.0807295218110084,1.2272000312805176
17415,290,14529,0.0052889971993863,1.0286200046539309
17139,110,5515,0.009405979886651,1.166460037231445
17269,180,9029,0.0019831482786685,1.0123300552368164
17406,103,5186,0.0066390843130648,0.8377760052680969
17249,191,9599,0.022060016170144,0.5532327031941903
17249,349,17495,0.0338379479944705,0.7820370197296143
17555,27,1352,0.0390661247074604,0.8779129981994629
17555,30,1529,0.089757040143013,1.085229992866516
15172,81,4065,0.0332044437527656,0.8773030042648315
17082,15,761,0.031471412628889,0.9799799919128418
17082,32,1615,0.3896346390247345,0.5853530168533325
15065,39,1990,0.0491995476186275,1.0
15103,37,1883,0.034359123557806,0.7930279970169067
17162,12,626,0.0550235696136951,1.3018741963323919
17126,142,7140,0.0180707816034555,0.5924760103225708
15160,220,11044,0.0015146074583753,1.010849952697754
17455,1,59,0.0008211807580664,1.0580500364303589
17407,16,850,0.2863914668560028,1.0992298554119626
17057,87,4399,0.0138555401936173,0.94302898645401
17158,78,3923,0.1412657499313354,1.1447133147300264
17158,105,5288,0.4590156972408294,1.0902700424194336
17205,132,6616,0.8354260921478271,1.0164300203323364
17205,132,6622,0.1926191747188568,0.6583438901415732
15098,24,1222,0.0058192093856632,1.0026799440383911
15098,70,3515,0.0043816063553094,1.120959997177124
17195,177,8858,0.1241527199745178,1.4293979538977055
17170,3,157,0.0411597862839698,0.9436489939689636
17170,38,1949,0.2110770940780639,0.8779129981994629
17413,53,2673,0.1003196612000465,1.0398900508880615
17413,149,7456,0.0046588364057242,0.5046370029449463
17139,174,8734,0.035179603844881,1.000290036201477
17467,91,4558,0.0033076854888349,0.9500420093536376
17383,113,5687,0.0012635346502065,0.6292786378429653
15014,96,4804,0.3087919950485229,0.9839270114898682
15125,1,73,0.89227694272995,1.041659951210022
15125,188,9438,0.0104368347674608,1.0032199621200562
15074,164,8211,0.3177178800106048,1.0
15222,22,1121,0.0980835109949112,1.0754599571228027
15222,190,9508,0.035245344042778,0.746973991394043
17449,6,302,0.0025704891886562,1.4573296900523474
17413,170,8510,0.7966093420982361,0.8647130131721497
17495,104,5230,0.0185540132224559,1.011389970779419
17352,167,8385,0.0010642446577548,1.090109944343567
17352,250,12546,0.0190850216895341,0.4815199971199035
17338,41,2096,0.0716971606016159,0.8463060259819031
17099,17,889,0.0091439373791217,0.5330179929733276
17099,59,2971,0.3058972954750061,1.0377600193023682
15121,23,1173,0.1834496706724167,1.4136600494384766
15121,27,1369,0.0036090398207306,0.7103049755096436
17075,5,280,0.0030782672110944,1.052090048789978
17075,85,4288,0.0005197654245421,1.3633099794387815
17075,90,4508,0.0157848056405782,0.5384979844093323
17218,79,3971,0.0055512250401079,0.542868971824646
17459,11,566,0.0273715574294328,0.9613410234451294
17514,43,2152,0.0037847366183996,0.6035709977149963
17238,37,1883,0.0376098081469535,0.9935340285301208
17387,33,1692,0.1080820336937904,0.6932370066642761
15128,80,4044,0.0014365961542353,1.0313600301742554
17235,99,4996,0.2539854943752289,0.8333539962768555
17240,463,23183,0.0492780469357967,1.010990023612976
14831,143,7197,0.0276685338467359,0.9796670079231262
14831,182,9101,0.000996213289909,1.1644161996403355
14802,224,11250,0.1938138157129287,1.1677600145339966
17271,51,2584,0.0333848968148231,0.8655110001564026
14801,111,5584,0.9433462023735046,0.8575630187988281
15111,84,4203,0.2024418860673904,1.1880199909210205
17132,323,16175,0.6994045972824097,0.9785199761390686
17256,57,2878,0.039670281112194,0.7347561911201339
17256,57,2888,0.0621547065675258,1.1211199760437012
17534,85,4265,0.01422387547791,1.0524559498693975
17334,160,8033,0.0130985863506793,0.997224986553192
17209,35,1771,0.0083875218406319,1.0847100019454956
17083,121,6077,0.0078078946098685,1.3771400451660156
17383,280,14027,0.0055957278236746,0.6423360109329224
17240,247,12394,0.0171766132116317,1.070430040359497
17419,68,3414,0.0015101539902389,0.5929530262947083
17524,60,3016,0.0094463629648089,1.6595799922943115
17371,3,155,0.964836597442627,0.9800459742546082
17204,129,6494,0.0124832559376955,1.1621392458785351
17314,89,4465,0.0939503759145736,2.1020387678331365
17314,89,4498,0.0826524421572685,0.9639189839363098
17205,172,8646,0.0040876856073737,0.6189216232556305
17481,5,252,0.2704477310180664,0.7702429890632629
17139,88,4426,0.4446296989917755,0.7617499828338623
15016,9,458,0.0142532447353005,0.9992049932479858
17208,239,12000,0.077793650329113,0.5611019730567932
17521,28,1431,0.7524431347846985,0.926743984222412
17521,39,1991,0.877090334892273,0.9937940239906312
15122,22,1117,0.6470492482185364,0.977524995803833
15053,76,3841,0.0917019918560981,0.9503750205039978
15145,27,1390,0.0031270640902221,1.0374799966812134
15145,81,4085,0.030943913385272,1.4677040463285351
17323,14,739,0.3255720436573028,1.0159499645233154
17383,112,5627,0.0300137158483266,0.8793889880180359
17269,93,4697,0.0605744123458862,0.5751810073852539
17269,107,5374,0.007407006341964,1.3526300191879272
17220,38,1931,0.0004471016291063,1.0094900131225586
17268,6,311,0.0319568365812301,1.024839997291565
17268,23,1163,0.000574373290874,1.1667799949645996
17227,5,268,0.0053153252229094,0.952340006828308
17101,26,1309,0.1281968653202057,0.9603430032730104
17101,31,1565,0.0671555995941162,0.9707030057907104
17101,63,3192,0.0051550213247537,0.959106981754303
17481,24,1223,0.8575229048728943,1.0215100049972534
17481,24,1241,0.9649752378463744,1.0469800233840942
17401,52,2621,0.1214494258165359,0.9120050072669984
17401,52,2637,0.0600489228963851,0.976967990398407
17401,61,3059,0.0203057806938886,0.5368379950523376
17383,482,24102,0.5438318848609924,1.087380051612854
15054,136,6842,0.0023702483158558,1.2528051860874712
17563,36,1836,0.025050489231944,0.93197101354599
17563,45,2254,0.5675623416900635,0.878275990486145
17249,274,13707,0.0234607458114624,0.695186972618103
17522,39,1959,0.1760943084955215,0.9982209801673888
17522,39,1963,0.0166308023035526,0.9828580021858216
17522,137,6895,0.5861159563064575,1.0567500591278076
17522,141,7083,0.0041474406607449,1.0468000173568726
17348,3,169,0.0142987193539738,1.236799955368042
17111,131,6565,0.0008679569582454,0.9947940111160278
17388,44,2210,0.0069659128785133,1.0728800296783447
17492,5,274,0.0840069577097892,0.967859983444214
15123,5,295,0.0801326259970665,0.8973960280418396
15086,191,9574,0.0180608611553907,1.0804100036621094
17341,66,3338,0.0100900959223508,0.977438986301422
17301,76,3805,0.1792504340410232,1.4384100437164309
17301,85,4294,0.1527208089828491,0.9868509769439696
17313,57,2885,0.0368216782808303,0.6038399934768677
17313,154,7745,0.1026157438755035,1.0461599826812744
17327,47,2359,0.1070317775011062,0.7646434424338402
17327,143,7184,0.0300115793943405,1.1909568786759337
17122,15,794,0.0438771285116672,0.4470930099487304
17287,135,6783,0.0046842093579471,0.3466358570197059
17358,41,2075,0.0226106289774179,0.978331983089447
14882,124,6222,0.0002536644751671,1.0929900407791138
17132,249,12459,0.0101040946319699,1.3138047217817075
17132,249,12461,0.0113460533320903,1.0916199684143066
17132,249,12500,0.0361129939556121,0.7705100812183474
17389,38,1947,0.004319742321968,1.2676572746949617
15115,90,4518,0.0676116645336151,1.0438139352862448
17530,153,7680,0.1543825417757034,0.3201209924853891
17489,177,8875,0.0091705750674009,0.7492420077323914
15053,165,8263,0.005753147881478,1.4607900381088257
17301,54,2730,0.0078750820830464,2.1283278500429215
15181,66,3313,0.1007156297564506,0.8981879949569702
15181,71,3590,0.0233192555606365,1.0052000284194946
17160,24,1248,0.0036514976527541,1.0022399425506592
17494,164,8205,0.1253021359443664,1.3548549240449574
17494,207,10358,0.0014328748220577,1.8261987752790674
17316,23,1183,0.0212323982268571,5.5571781906651324e-08
15011,5,292,0.116673044860363,0.6388149857521057
15011,8,407,0.0684643015265464,0.5246949791908264
15117,2,140,0.1833572685718536,0.7790930271148682
15117,146,7322,0.0261487197130918,0.8388779759407043
15017,35,1797,0.0183010417968034,1.1235400438308716
15101,26,1323,0.0161190051585435,1.0654699802398682
17398,71,3571,0.0921533107757568,1.07263737854106
17559,12,650,0.0407501943409442,0.989791989326477
17352,165,8297,0.0053677847608923,0.7354450225830078
17232,108,5440,0.0316305942833423,0.6299800276756287
15166,158,7908,0.5746437311172485,0.5097650289535522
17090,77,3863,0.0887989848852157,1.030269980430603
17487,26,1346,0.914436399936676,0.6710699796676636
17500,31,1560,0.0207241475582122,1.0024499893188477
17500,46,2337,0.0007283158483915,1.0738999843597412
17108,9,491,0.790497899055481,1.0
17108,28,1401,0.0018558892188593,1.1892853026884467
17125,93,4669,0.0065444461070001,0.5922080278396606
17371,247,12353,0.0457889921963214,0.6534850001335144
17371,320,16018,0.0841512531042099,1.2059717508949461
17371,320,16019,0.2510489821434021,0.9302560091018676
17371,402,20101,0.0028410733211785,0.67535001039505
17185,19,1000,0.0004705018072854,0.676505982875824
17169,276,13816,0.0665274187922477,1.0225499868392944
17080,77,3860,0.0855432897806167,1.0843554759890421
17522,164,8211,0.0342502407729625,0.9206770062446594
17497,112,5629,0.1055431142449379,0.9305070042610168
17132,74,3743,0.0067116087302565,0.923264980316162
17506,7,365,0.0445991195738315,1.154328316054034
17506,61,3057,0.0211523100733757,1.0834699869155884
17159,30,1504,0.0172339305281639,0.9865530133247375
15118,3,191,0.0090881371870636,0.8974000215530396
15118,86,4337,0.0031154006719589,0.7366189956665039
17078,70,3516,0.0657537505030632,0.6892200112342834
17140,81,4063,0.0037699923850595,7.126929463886159e-06
17140,84,4235,0.0012001580325886,1.33010995388031
17140,95,4755,0.0260078478604555,1.0206400156021118
17087,394,19711,0.0307026915252208,0.971858024597168
17087,394,19741,0.4137074649333954,1.1038999557495115
17339,74,3701,0.011341699399054,1.0295900106430054
17339,99,4995,0.0023886191193014,1.0119099617004397
17177,66,3350,0.3050931990146637,0.9403319954872132
17177,72,3622,0.0690197572112083,0.33542600274086
17494,111,5563,0.0760534107685089,0.5659080147743225
17494,116,5829,0.0190077107399702,0.4422149956226349
17494,197,9894,0.9793044328689576,1.041509985923767
17251,82,4106,0.0119621800258755,0.4561339914798736
17075,101,5066,0.0336213298141956,0.9765499830245972
17271,162,8141,0.1041010841727256,1.0139800310134888
17137,75,3753,0.0079553732648491,1.0362900495529177
17523,18,945,0.2424114048480987,1.240676258334901
17348,20,1001,0.0464989654719829,2.1868550635858237
15222,46,2311,0.0358706973493099,1.0
17157,26,1322,0.8716762661933899,0.8892269730567932
17243,70,3531,0.8676784634590149,0.5338839888572693
17243,77,3876,0.0057404926046729,1.0
17271,34,1713,0.0739794448018074,1.0231222704694432
17271,37,1871,0.0643584206700325,0.8646519780158997
17475,20,1022,0.1381489187479019,1.067199945449829
17475,20,1042,0.001884943456389,0.01918721724562286
17206,100,5049,0.0004980704397894,1.2767000198364258
17497,101,5079,0.1778903603553772,0.9860770106315612
15013,72,3608,0.491437017917633,1.2340129115197556
15086,49,2498,0.0082556577399373,6.256465426933572
15086,106,5340,0.0086066527292132,1.0553535084157772
15086,152,7636,0.0429060123860836,1.55003118638092
17079,22,1125,0.0045586274936795,1.0
17079,29,1477,0.0025475937873125,0.4251779913902282
14921,44,2248,0.2359354048967361,1.0064599514007568
17100,93,4668,0.0149661879986524,0.8552579879760742
17100,192,9612,0.0395695641636848,1.2762666286510014
17301,39,1988,0.0306288935244083,1.1701792750105398
17545,7,398,0.0411571487784385,2.713939905166626
17489,41,2082,0.0490824803709983,1.2465460633238763
17489,41,2098,0.5249592661857605,0.9863269925117492
17409,48,2423,0.0037289946340024,0.5461080074310303
17409,67,3352,0.0054872599430382,1.030369997024536
17407,60,3002,0.1054466664791107,0.6003810466589172
17407,60,3027,0.010892984457314,0.562861979007721
17407,107,5371,0.0455237701535224,1.1100300550460815
15151,154,7701,0.0107394820079207,0.4444969892501831
15151,154,7711,0.0147635312750935,1.126389980316162
15114,34,1701,0.0120893213897943,1.273165823937262
17199,66,3326,0.0129955671727657,1.0326299667358398
14938,248,12445,0.0098758963868021,1.124119997024536
17522,62,3110,0.0186692234128713,1.2326357179324532
17361,98,4942,0.0357486568391323,0.4813089966773987
15222,164,8244,0.1023419424891471,1.203089952468872
15073,173,8664,0.0077408431097865,0.526964008808136
17111,211,10577,0.0185551028698682,1.2077347532388527
17240,232,11619,0.0571973174810409,1.051859974861145
17240,232,11631,0.0268489103764295,1.0350799560546875
17419,8,421,0.0063409036956727,0.8091880083084106
17152,0,28,0.0397213697433471,0.9128040075302124
17239,144,7210,0.033135138452053,1.0868200063705444
17239,230,11546,0.229126825928688,1.2135084947573205
17267,105,5294,0.0041444050148129,1.047379970550537
17484,213,10674,0.0782432779669761,1.077589988708496
17265,99,4957,0.0043062539771199,0.7770400047302246
17265,177,8877,0.0920792520046234,0.7818809747695923
15099,169,8477,0.0179130155593156,0.6502709984779358
17478,146,7324,0.025392884388566,1.063599944114685
17157,34,1716,0.8795170783996582,0.7916409402297404
17157,45,2279,0.0070469989441335,0.557807981967926
17157,45,2282,0.0397376120090484,0.9412189722061156
17269,157,7873,0.1169488206505775,0.8469190001487732
17505,131,6567,0.0472175329923629,0.0481771687445564
17281,51,2583,0.0002045931178145,0.9996110200881958
17057,71,3578,0.0227940268814563,1.2066923014867612
17057,71,3600,0.035055112093687,1.0391199588775637
17057,125,6263,0.0050089126452803,1.1137800216674805
17057,158,7935,0.0332308448851108,0.8534119725227356
17364,104,5228,0.702813982963562,0.5556768013690742
17228,52,2621,0.8896896839141846,0.8925209731379626
17489,267,13377,0.0238459147512912,1.037160038948059
17489,271,13570,0.0145533699542284,0.7239890098571777
17213,95,4751,0.0050293826498091,1.0302499532699585
17213,95,4768,0.025557043030858,0.8973159790039062
17488,254,12712,0.0087904194369912,1.1595202583423256
17383,440,22011,0.0118372133001685,0.9360219836235046
17458,32,1637,0.0095120212063193,0.5405129790306091
17458,84,4237,0.0076860073022544,1.108845361812655
17458,143,7187,0.4891550540924072,1.045259952545166
15170,44,2232,0.1550270915031433,1.073889970779419
15170,69,3472,0.0055790576152503,1.06280899849299
17208,48,2424,0.0088851554319262,1.0461599826812744
17208,235,11787,0.0307612866163253,0.905614972114563
15080,32,1642,0.0318659096956253,0.010393234555108788
17208,169,8468,0.0056284209713339,1.2796924832524326
14882,117,5900,0.0565818771719932,0.9979289770126344
17313,104,5220,0.0381202474236488,0.002878898715502519
17367,103,5166,0.0054980772547423,1.4237300157546997
17440,69,3491,0.0593089461326599,1.2959500551223757
17138,137,6875,0.0619601272046566,0.8779129981994629
14991,177,8877,0.0040484485216438,0.9927600026130676
17124,13,683,0.5387793779373169,0.9597229957580566
17282,5,289,0.1877383440732956,1.037350058555603
15145,289,14460,0.2034268677234649,1.1535524875966985
17451,183,9192,0.0179397277534008,1.0181299448013306
17361,45,2292,0.0259699653834104,1.0327999591827393
15146,7,358,0.0061070858500897,1.100170016288757
17503,37,1900,0.9368650317192078,1.0925353226095922
17372,21,1062,0.0023273671977221,1.1318522006568372
17146,44,2236,0.080078400671482,1.1217299699783323
17194,41,2089,0.3119818866252899,1.0936033908825493
17514,48,2402,0.0303747821599245,4.8458701003477245
17333,170,8511,0.0067417253740131,4.861262809145104
17534,16,840,0.5827935338020325,1.0
17137,8,414,0.0026512572076171,1.151020050048828
17137,177,8879,0.0157886650413274,0.7997757659706507
17131,53,2699,0.0075111957266926,0.7180209755897522
17131,55,2777,0.2025499194860458,0.4976119995117187
17103,83,4154,0.1674201190471649,0.8954204753120365
17304,17,864,0.0250412803143262,0.9780349731445312
17304,28,1411,0.0924226567149162,1.017799973487854
14938,130,6509,0.0388601310551166,1.1171499490737915
15160,351,17592,0.0006277780630625,0.7091429829597473
17065,185,9272,0.0096516162157058,0.386132001876831
17451,157,7892,0.0175848621875047,1.0369700193405151
17492,9,479,0.6340966820716858,0.396477997303009
17132,26,1304,0.0004995817434974,1.2883299589157104
17144,170,8503,0.0017711096443235,0.7617929763868787
17265,19,986,0.0595822855830192,1.1492905568753997
17265,20,1027,0.0064619495533406,1.1728624716668037
17265,158,7928,0.0072037386707961,0.9564459919929504
17541,14,706,0.0122799072414636,0.008262914447890131
17541,39,1996,0.0823428630828857,1.0051499605178833
17488,143,7192,0.0006850906647741,0.7925410270690918
17406,24,1224,0.0263184439390897,0.5799149870872498
17506,60,3021,0.007213529665023,0.8779129981994629
17506,60,3046,0.0805733278393745,1.0719642807501584
17335,8,401,0.0463613718748092,0.8116160035133362
17326,37,1866,0.030735183507204,0.5446410179138184
17239,129,6482,0.0030908219050616,0.9331070184707642
17239,206,10340,0.2067102193832397,1.0198500156402588
17132,481,24054,0.506828248500824,1.0242636589138956
17132,481,24057,0.1505822539329528,1.4276144434895885
14828,75,3788,0.4273818433284759,0.9566900134086608
14810,26,1327,0.1123019158840179,1.0637099742889404
17271,151,7563,0.1558638662099838,1.0314199924468994
17137,187,9363,0.4398821890354156,0.6016430258750916
17137,187,9393,0.0025246632285416,0.6108234701483894
17251,13,655,0.0047875451855361,0.5096570253372192
17251,80,4031,0.0107260616496205,0.969694972038269
17251,173,8669,0.0311843268573284,1.1940077171526868
17396,34,1728,0.1324734985828399,1.029420018196106
17414,92,4617,0.0205583982169628,0.5465289950370789
15014,131,6566,0.0678312107920646,0.9853367433813602
17524,196,9823,0.0087001956999301,1.0300500392913818
17524,290,14542,0.0223497040569782,0.9794939756393432
14802,200,10005,0.0372712798416614,0.4694809913635254
17077,145,7274,0.0811834260821342,0.7644555142346193
17077,181,9086,0.0102626914158463,1.002519965171814
15135,18,939,0.5080606341362,0.8813179731369019
15156,5,266,0.1134147644042968,1.2373499870300293
15156,11,583,0.0117697203531861,1.180830001831055
17349,53,2663,0.0099312551319599,0.6897799968719482
17349,93,4657,0.0036119490396231,0.5215209722518921
17239,17,881,0.1179365143179893,1.2176604248165859
17239,215,10767,0.2144275903701782,0.43461241726649646
17503,17,862,0.6741219758987427,1.1374021154932592
17503,18,933,0.0022641939576715,0.5056300163269043
17503,47,2384,0.0750167295336723,0.8982399702072144
17162,55,2795,0.0010624059941619,1.0155099630355835
15099,152,7606,0.0010173382470384,0.899649977684021
17205,169,8473,0.0013361768797039,0.7838389873504639
17206,133,6656,0.0071771806105971,0.9217900037765504
17308,81,4097,0.2211638838052749,0.4575139880180359
17120,45,2269,0.0577783845365047,1.0
17311,9,453,0.119327612221241,1.460229992866516
17311,9,492,0.0500394031405448,0.949865996837616
17311,32,1634,0.0112511692568659,0.5846779942512512
17440,18,940,0.0670045018196106,1.0158100128173828
17440,99,4995,0.7623091340065002,0.8433679938316345
17301,138,6908,0.0688183456659317,1.3711400032043457
17503,231,11563,0.0054337885230779,1.029919981956482
17471,2,139,0.0143304672092199,1.1805969717974847
17471,12,616,0.0014242593897506,0.7077969908714294
17370,45,2258,0.0474007800221443,1.104237820413985
17206,484,24209,0.0065538804046809,0.9564669728279114
17398,111,5566,0.0043772440403699,1.244760036468506
17280,0,12,0.027919927611947,0.913536012172699
17413,340,17009,0.0539410300552845,1.0186500549316406
14901,192,9643,0.0157095920294523,1.166099173546897
17447,150,7524,0.6299819350242615,0.8962389826774597
15160,86,4311,0.2404946684837341,1.0693399906158447
15160,374,18719,0.1292921900749206,1.2281340003969279
17552,15,779,0.0193751826882362,1.0693299770355225
17552,177,8855,0.0773243904113769,1.559370040893555
17218,4,215,0.0656415000557899,0.5575289726257324
17218,70,3541,0.2201084643602371,0.8779129981994629
17110,72,3627,0.2153945714235305,0.9632269740104676
17239,19,986,0.0320265106856823,0.6161500215530396
17239,130,6534,0.0293530412018299,1.217914893157463
17239,190,9549,0.0032906655687838,0.8302590250968933
15106,291,14554,0.9923680424690248,0.6503400206565857
17251,0,23,0.0727136433124542,0.5756819844245911
17251,114,5727,0.0031434723641723,0.8572120070457458
14991,120,6003,0.508691132068634,1.1863494215937465
15162,62,3141,0.0021045224275439,1.5159800052642822
15113,20,1030,0.0039333519525825,0.765703022480011
15113,126,6303,0.0109384469687938,0.910506010055542
17343,2,132,0.105869136750698,0.7721920013427734
17391,3,151,0.0556416846811771,0.4917559921741485
14802,45,2282,0.20107202231884,0.876945972442627
17306,78,3905,0.0762442350387573,0.9448649883270264
17128,84,4205,0.0275459960103034,1.0520800352096558
17367,104,5209,0.0014906105352565,1.047510027885437
17091,78,3908,0.0225641019642353,1.1327500343322754
17497,99,4958,0.011394690722227,0.5368033885429853
17327,32,1647,0.0074824290350079,1.2046909814534528
17327,62,3112,0.0114934146404266,1.0316100120544434
17327,62,3128,0.0062647797167301,0.6446149945259094
17327,113,5668,0.0449974127113819,0.8800190091133118
17406,4,218,0.0325592495501041,0.4301469922065735
17367,19,977,0.0029065937269479,0.3905479907989502
17367,36,1847,0.0163499563932418,1.0285810565550833
15146,76,3839,0.0101011376827955,1.0358099937438965
15146,128,6437,0.2966189086437225,1.0689599514007568
17426,20,1011,0.0011267585214227,1.029919981956482
17087,70,3505,0.0014805404935032,0.9851840138435364
15106,192,9606,0.0105790747329592,1.1540037232440312
17333,40,2010,0.0061071291565895,0.8747389912605286
17556,116,5806,0.0067684203386306,2.6914449084409284
17415,263,13160,0.0152648696675896,1.0253900289535522
17353,47,2396,0.0736505165696144,1.0467599630355835
17561,61,3062,0.0692585259675979,0.9965599775314332
17561,168,8411,0.0114835370332002,0.5239800214767456
17561,206,10330,0.0833848863840103,1.3793690624537194
15146,2,106,0.0111082447692751,0.614546000957489
17497,201,10061,0.0423602648079395,0.4525690078735351
15181,24,1230,0.0340039357542991,0.5522199869155884
17339,111,5558,0.0025387867353856,0.7633810043334961
15128,225,11284,0.0281730517745018,1.1052000522613523
15140,103,5167,0.0605230703949928,1.0436899662017822
15140,158,7905,0.0028420300222933,0.5316169857978821
15092,90,4542,0.0838426128029823,0.2423630058765411
17182,7,366,0.0026933851186186,1.0363800525665283
15115,107,5379,0.8766154646873474,1.3451219325670536
15115,107,5388,0.1009905636310577,0.5349109768867493
17194,56,2804,0.0028335251845419,1.2942622640230468
17194,65,3296,0.3891792595386505,1.1837109594564623
15128,101,5056,0.0017143354052677,1.2156364775114739
15128,129,6468,0.3363837301731109,0.5833804296605686
17301,40,2012,0.0219743754714727,1.002519965171814
15053,78,3927,0.001356471562758,0.9040709733963012
17155,136,6818,0.0117981173098087,0.6762319803237915
17387,30,1544,0.0036763476673513,0.4773170053958893
15130,3,171,0.022514970973134,1.1795599460601809
15130,97,4870,0.0457359105348587,1.272570013999939
17415,214,10714,0.0041159549728035,1.015470027923584
17489,185,9251,0.074971005320549,0.5334600210189819
15116,264,13243,0.1420318782329559,1.034350037574768
17557,132,6626,0.0020192645024508,1.018589973449707
17557,172,8610,0.0440721772611141,1.088919997215271
17328,36,1844,0.5283949375152588,1.042739987373352
17269,26,1323,0.0250947810709476,0.9965140223503112
17132,100,5031,0.0832073092460632,0.9492570161819458
17080,32,1641,0.0089484816417098,0.7071710228919983
17080,85,4262,0.0037166958209127,1.0230900049209597
15155,53,2688,0.0679283589124679,1.2188455511774947
17557,76,3829,0.1277080476284027,0.8619580268859863
17557,134,6702,0.96901535987854,0.9397670030593872
17341,16,831,0.0001376491127302,1.1125400066375732
17109,113,5683,0.0751409530639648,0.7884669899940491
17144,79,3973,0.0048534176312386,1.0185500383377075
17389,6,302,0.0023556062951684,0.2801010012626648
17389,36,1808,0.6982837915420532,0.7201529741287231
17401,127,6373,0.0322509035468101,1.0309766335387138
17282,47,2378,0.0002427416911814,0.461311012506485
17282,47,2380,0.0098741753026843,1.3437371885915468
17338,68,3434,0.0133916521444916,0.5834090113639832
14831,244,12223,0.0235318280756473,1.1908299922943115
14831,249,12482,0.0911198928952217,0.9583560228347778
15053,115,5755,0.2040314972400665,0.6862760186195374
17250,90,4536,0.5109145641326904,0.6769919991493225
17360,52,2604,0.2992399632930755,0.8779129981994629
17175,6,329,0.0704619362950325,0.7182620167732239
17175,11,595,0.2889081835746765,0.4351949989795685
17175,11,597,0.0942023396492004,1.0
15053,62,3149,0.0098107904195785,1.0263400077819824
15053,167,8363,0.2139716893434524,0.5043969750404358
15154,163,8196,0.0308999214321374,1.0562100410461426
17287,46,2346,0.0291982144117355,1.535264254439715e-17
17287,73,3661,0.0160118732601404,1.076159954071045
17493,116,5837,0.0096599515527486,1.0107799768447876
17493,159,7989,0.2821083068847656,0.953587505772326
15086,94,4738,0.3091238141059875,1.001170039176941
15117,137,6865,0.0022398172877728,0.9425839781761168
15151,307,15377,0.0010536079062148,0.5014659762382507
15141,13,665,0.0173430573195219,1.1837300062179563
15222,41,2061,0.0160596948117017,0.8916680216789246
17170,6,349,0.3984741568565368,0.5096979737281799
17170,8,440,0.0159174632281065,0.4272409975528717
17170,35,1799,0.0174710284918546,6.9595866063360745
15103,169,8476,0.0061963512562215,3.051590665835438e-06
15106,181,9080,0.0209170319139957,1.1084699630737305
17172,1,95,0.3524451553821563,1.0574100017547607
17383,366,18346,0.3850533664226532,0.6278949975967407
17269,85,4255,0.0862791240215301,1.0468900203704834
14968,7,379,0.0099775297567248,0.5773117221906432
14968,121,6062,0.3456763327121734,0.8271589875221252
17401,50,2518,0.1385522037744522,1.2642489926694649
17401,57,2853,0.0421495400369167,1.0062899589538574
17308,138,6926,0.1177645772695541,1.0056300163269043
17314,36,1801,0.0119289793074131,0.9973419904708862
17534,2,140,0.0149414138868451,1.128326489851901
17534,128,6414,0.0073291836306452,1.1294346753879267
17488,330,16522,0.0171554218977689,0.5332990288734436
17334,142,7120,0.475092738866806,0.0018908720249618603
17090,48,2430,0.0286375489085912,0.8935850262641907
17521,52,2617,0.0906465053558349,1.002910017967224
17524,309,15491,0.0116057656705379,1.4274200201034546
17380,36,1847,0.0511500835418701,1.0345100164413452
17517,110,5526,0.1287603676319122,1.0
17517,110,5530,0.5418646335601807,0.97700697183609
17517,156,7837,0.016944546252489,0.4744859933853149
17517,156,7842,0.0767599865794181,0.31573359163484227
17311,101,5094,0.0231805611401796,1.0237499475479126
17087,401,20092,0.2041135877370834,0.8629850149154663
17193,12,650,0.1354633271694183,1.0488899946212769
17193,49,2473,0.0069745602086186,0.8617449998855591
17534,6,324,0.002485865028575,0.9003340005874634
17534,95,4755,0.0588683821260929,1.0495799779891968
15111,9,470,0.0042823809199035,0.8771610260009766
15111,99,4953,0.8984231352806091,1.4200486119218856
15111,184,9239,0.252082496881485,1.124079942703247
17208,3,158,0.0078893071040511,0.6849730014801025
17138,3,192,0.0426867604255676,1.0582011356332188
15166,127,6371,0.0001970316661754,1.192180037498474
15166,305,15262,0.0214077439159154,0.2952390015125274
17164,11,593,0.037335492670536,0.7086160182952881
17164,11,594,0.0006920847808942,1.0416100025177002
17164,34,1729,0.0061883078888058,0.8254879713058472
15111,34,1726,0.2006335258483886,0.5440430045127869
17139,134,6712,0.0172627866268157,1.0172899961471558
17135,40,2007,0.0265919603407382,0.997389018535614
17135,40,2014,0.0517390556633472,1.10725998878479
17131,63,3175,0.0086188754066824,1.0020099878311155
17335,36,1835,0.0576498657464981,0.5052970051765442
17335,55,2786,0.0064782234840095,0.2681706280877804
15161,0,37,0.0777800008654594,1.2070163707495707
17383,242,12132,0.023236010223627,0.7756990194320679
17383,449,22476,0.0056290850043296,0.5375649929046631
15000,4,207,0.0870713666081428,0.4245649874210357
17400,167,8351,0.0248676650226116,0.9776309728622437
17257,49,2483,0.0031395615078508,0.5039399862289429
17257,77,3863,0.0178165435791015,1.0074100494384766
17406,17,865,0.0384822450578212,0.9854530096054076
17406,87,4377,0.0135095762088894,0.9784820079803468
15013,283,14178,0.0229395385831594,1.1368704332826596
17352,309,15482,0.0021900243591517,1.0153499841690063
17352,327,16363,0.0892359241843223,1.261620538506918
17313,21,1082,0.0200160536915063,1.0748448976564047
15118,69,3477,0.0384159311652183,0.8226510286331177
15002,96,4818,0.0011997768888249,0.36142098903656
15116,236,11834,0.0783551186323165,1.3453442952678074
17451,270,13507,0.0238714236766099,0.6743180155754089
17451,305,15298,0.0042704846709966,0.9907780289649964
15122,43,2169,0.0741080567240715,1.0625499486923218
15122,78,3905,0.137769877910614,1.0066299438476562
17560,43,2191,0.5356026291847229,0.9861239790916444
17320,36,1843,0.0008465342689305,1.0778499841690063
17320,40,2024,0.8334212303161621,0.8595089912414551
17138,78,3916,0.0018472378142178,0.8960490226745605
17140,55,2770,0.2693392336368561,0.7394490242004395
17140,114,5732,0.0575398318469524,0.3699890077114105
17155,83,4167,0.0517519265413284,0.980459988117218
15147,55,2777,0.0876068398356437,0.8726410269737244
15147,123,6163,0.0486548021435737,1.0896899700164795
17327,110,5515,0.023653820157051,1.0779600143432615
17407,4,249,0.0009213264565914,1.0095399618148804
17407,170,8549,0.0053068455308675,0.5337749719619751
15118,62,3129,0.0075993901118636,1.5270700454711914
17355,70,3530,0.0072836247272789,0.7567790150642395
17327,13,653,0.0844212621450424,1.0
17327,13,691,0.2739483416080475,0.5644209980964661
17327,161,8087,0.004464378580451,1.2163100242614746
17484,34,1702,0.008175759576261,1.0457700490951538
17484,131,6591,0.0817772522568702,0.8238141326114601
17334,32,1640,0.0449577420949935,0.43179284650943117
17334,62,3131,0.0009711230522952,1.0440200567245483
17361,30,1506,0.0044427951797842,0.5438920259475708
17361,30,1525,0.0012237569317221,1.0
17249,169,8472,0.00748545024544,0.6715469350873633
17249,332,16618,0.0511182621121406,1.0494806726176193
17249,332,16649,0.1425338387489318,1.0520299673080444
15181,73,3668,0.1153000518679618,0.922743022441864
15181,79,3952,0.7146162390708923,0.772255003452301
17409,61,3098,0.0075198384001851,1.0089499950408936
15145,137,6878,0.0425115823745727,0.002667689858124455
17482,83,4159,0.0633763298392295,1.1388751246846596
17482,95,4785,0.0294454917311668,1.122589945793152
17334,147,7389,0.0003717506187967,1.0641499757766724
17077,17,880,0.0898758172988891,1.1188994896613162
17077,25,1285,0.0242868810892105,1.0109000205993652
17077,146,7310,0.0037607748527079,1.378593386420178
17371,196,9830,0.0303010828793048,1.1012500524520874
17371,223,11155,0.0016056738095358,1.086940050125122
17371,333,16684,0.0039343754760921,1.0000100135803225
17552,54,2748,0.2730780839920044,0.957614004611969
17552,180,9012,0.380529373884201,1.017359972000122
17552,200,10025,0.0603093355894088,0.9815930128097534
17451,133,6678,0.0019146156264469,0.930002987384796
17341,42,2150,0.0374345257878303,0.5022000074386597
15174,98,4918,0.1031657457351684,1.1811599731445312
17057,81,4073,0.0751407667994499,1.2522917466333183
15013,63,3178,0.0020900827366858,0.5022590160369873
15130,77,3871,0.3489274680614471,1.2037099599838257
14801,102,5104,0.0037209733854979,0.3785960078239441
14801,102,5121,0.0110294334590435,1.0135300159454346
17100,100,5003,0.0165702477097511,0.7455887386607714
15099,138,6904,0.0025905035436153,0.9217900037765504
17210,131,6567,0.0173087157309055,1.065940022468567
17210,172,8625,0.2518030405044555,1.0025700330734253
17255,46,2339,0.0024727040436118,0.877843976020813
17326,4,242,0.039675410836935,0.9178509712219238
17475,18,926,0.0058367145247757,1.150480031967163
17495,260,13032,0.0350138619542121,1.0061399936676023
17160,22,1133,0.064493678510189,0.4133610129356384
15097,69,3498,0.0456449389457702,0.92254900932312
15097,220,11005,0.0084969857707619,1.0111099481582642
17360,92,4627,0.0104108545929193,1.0
17491,33,1699,0.0109233632683753,1.0062199831008911
17491,40,2010,0.0007271395879797,0.691582866446403
17232,65,3258,0.064982071518898,1.032639980316162
17208,53,2682,0.0306822303682565,1.2101060573040596
17169,306,15342,0.0573128536343574,0.7990319728851318
17413,365,18256,0.3950332403182983,0.9314990043640136
17530,36,1839,0.0348019711673259,1.1218199729919434
17530,36,1850,0.0469833426177501,0.6528820879279351
17371,411,20563,0.0241787582635879,0.9524379968643188
17371,411,20571,0.0017111257184296,0.5954430103302002
17361,371,18574,0.0060153333470225,1.3834500312805176
17494,98,4926,0.0341098047792911,1.0973600149154663
17075,23,1158,0.1089910864830017,0.3059195000673752
17075,23,1192,0.0592492148280143,0.982688009738922
17075,116,5819,0.055627517402172,0.9966279864311218
17250,54,2745,0.0002447902224957,2.9748210880380045e-07
17250,85,4267,0.0029949822928756,0.004491274739623844
17120,54,2709,0.2504505813121795,1.272860050201416
17120,72,3623,0.2257081866264343,1.2649050957165286
17196,0,28,0.1335833668708801,0.9875019788742064
17196,9,454,0.0138747412711381,0.8865690231323242
17196,49,2458,0.0099134873598814,0.8663740158081055
15111,232,11623,0.087620161473751,1.045490026473999
15118,131,6594,0.0187311843037605,1.0131524953818314
15161,199,9953,0.0323116481304168,0.9221230149269104
17109,76,3841,0.065490037202835,1.004699945449829
15086,109,5499,0.0142029980197548,0.653885006904602
15086,176,8837,0.0827337577939033,1.044160008430481
17240,143,7192,0.931354522705078,1.004080057144165
17240,396,19828,0.0370715335011482,1.0112099647521973
17560,25,1294,0.0499810725450515,1.1817500591278076
17164,79,3991,0.0937111601233482,0.8962110280990601
17164,131,6569,0.7370869517326355,1.0
17164,131,6600,0.0086602633818984,0.4839160144329071
17077,124,6223,0.0011970030609518,0.9944509863853456
17077,149,7469,0.0030967569909989,1.0476200580596924
14824,162,8108,0.0012814874062314,0.5895450115203857
14824,310,15532,0.0264788977801799,0.7521610260009766
17155,188,9429,0.0341469533741474,0.8669950871716736
17155,188,9449,0.0185555424541234,0.8417019844055176
14901,191,9579,0.0004014050646219,1.0416699647903442
17169,151,7573,0.0610115379095077,1.004649996757507
17459,157,7897,0.0264595951884984,1.052489995956421
15012,6,316,0.001829890301451,0.678941011428833
17249,227,11372,0.0325682535767555,1.0767754894946222
17116,32,1645,0.0165728740394115,0.9624260067939758
15129,1,70,0.0018982604378834,0.983029007911682
15182,39,1984,0.0003735690552275,0.5699809789657593
15182,123,6200,0.032948825508356,1.3028099536895752
15182,132,6620,0.1146821305155754,1.0519100427627563
15182,132,6629,0.0039261411875486,0.536296010017395
17075,22,1142,0.020677525550127,0.8755789995193481
17075,144,7207,0.0055799335241317,1.3359828921790609
17237,246,12321,0.0028283090796321,1.0239399671554563
17110,96,4828,0.0389255210757255,1.07532000541687
15057,11,556,0.1126863211393356,0.7225720286369324
15057,38,1947,0.076694369316101,0.6379590034484863
17488,82,4150,0.0155088873580098,1.0921800136566162
17488,245,12289,0.2280277460813522,0.9837849736213684
15154,107,5378,0.2146045565605163,0.5951279997825623
15154,179,8958,0.1282169073820114,0.939631998538971
17157,39,1992,0.0287444926798343,0.9919919967651368
17157,57,2865,0.0432418771088123,0.6144899725914001
17313,1,93,0.1969536244869232,0.6167359948158264
17469,27,1384,0.0011935771908611,0.5740050077438354
17155,97,4867,0.0236073341220617,0.6197699904441833
17181,44,2233,0.0016938548069447,0.914758026599884
15140,248,12446,0.1436274796724319,0.7146340012550354
17457,88,4402,0.0009133857674896,1.0604654925580945
17339,103,5168,0.0091402688995003,0.5164480209350586
17087,280,14002,0.1685317456722259,1.3573970765331753
15013,12,645,0.0031001095194369,0.8182650208473206
17100,256,12839,0.1543621271848678,0.8675429821014404
17169,168,8433,0.8874489665031433,0.9737637562390731
17169,226,11315,0.0008152491645887,0.9427199959754944
15124,62,3143,0.4587076008319855,0.8268070220947266
15124,62,3147,0.0099387122318148,0.8297849893569946
17246,8,450,0.0380212925374507,0.4718349874019623
17246,23,1200,0.4666151702404022,1.0590800046920776
17383,239,11974,0.442882627248764,0.9480410218238832
17369,31,1592,0.0053824177011847,0.9677640199661256
17369,40,2046,0.1315507739782333,0.3581539988517761
17511,10,501,0.0049930675886571,1.1651999950408936
17511,55,2768,0.0459739863872528,1.2023609294488438
15086,32,1645,0.0026104615535587,1.2692099809646606
17339,134,6737,0.4100959599018097,8.139979406992325
17339,291,14589,0.3654213547706604,1.0444600582122805
17370,40,2013,0.6476936936378479,1.0185610838140207
17370,40,2026,0.9178247451782228,0.6032678199119061
17095,62,3142,0.0080693773925304,0.6993129849433899
17209,59,2961,0.0623799040913581,0.990625023841858
17112,108,5404,0.0054222275502979,1.0603300333023071
17400,104,5226,0.0488355718553066,1.1726200580596924
17400,140,7032,0.0713379234075546,1.024090051651001
17400,188,9436,0.0062148487195372,0.5014579892158508
17157,6,304,0.0206448081880807,1.1854699850082395
17157,32,1608,0.2492623329162597,0.4516409933567047
15064,24,1229,0.0021199146285653,0.9285899996757508
17530,34,1702,0.0048137004487216,1.1235400438308716
17530,34,1740,0.0034477957524359,1.0967299938201904
17530,84,4212,0.0067728324793279,0.9654269814491272
17099,6,347,0.0007813284755684,1.2222100496292114
17099,86,4309,0.0295397154986858,1.0117199420928955
17560,34,1704,0.0081550180912017,0.7742159962654114
17560,119,5962,0.0117904096841812,0.9788489937782288
15057,127,6382,0.1312880963087082,1.210857876890259
15153,90,4513,0.0801865458488464,0.7721842955486409
17308,10,547,0.0558598712086677,1.0579738768247893
17482,65,3251,0.0222743563354015,1.1627999544143677
17482,65,3274,0.2706276178359985,0.8754100203514099
17459,151,7563,0.0009497047285549,1.0876200199127195
17429,22,1101,0.0453821308910846,0.9418929815292358
15151,219,10967,0.282591849565506,0.6430339813232422
15086,188,9403,0.1106732934713363,1.0276199579238892
15086,188,9428,0.0056885359808802,0.9430500268936156
17371,155,7788,0.039704330265522,0.9096410274505616
15106,85,4299,0.0624724812805652,1.061519980430603
15106,167,8389,0.5532072186470032,1.033460021018982
17307,84,4229,0.0236691478639841,0.861473023891449
17307,93,4691,0.0338233597576618,1.0276600122451782
17089,67,3395,0.0714468732476234,1.0
17195,89,4498,0.0534168891608715,0.9453489780426024
14824,156,7804,0.0437461324036121,0.8958699703216553
17561,13,696,0.1160722970962524,1.010699987411499
17240,315,15783,0.0595974698662757,1.1175700426101685
15113,48,2402,0.0067819165997207,1.0631200075149536
15122,19,982,0.0353385210037231,0.607509970664978
15122,116,5808,0.4470912218093872,0.5119119882583618
17139,190,9542,0.0030794909689575,0.9560089707374572
17139,224,11237,0.0223644990473985,1.2757312359543107
17139,290,14501,0.0063250702805817,1.1448400020599363
14991,232,11641,0.86258864402771,0.00030770285243677425
17383,173,8685,0.0249151941388845,1.3362851299076508
17383,269,13475,0.1549505591392517,1.83882999420166
17448,113,5670,0.0027814421337097,1.0700199604034424
17308,25,1271,0.0996554940938949,1.0592012622144866
17091,71,3572,0.0129867633804678,0.9977030158042908
15154,72,3610,0.0133951557800173,0.9861720204353333
14824,147,7383,0.1252845525741577,0.6885030269622803
17203,51,2583,0.0892500132322311,0.9312829971313475
15136,51,2594,0.0110207255929708,1.0246299505233765
15174,61,3056,0.0124383484944701,1.723976552769642
15106,195,9758,0.0660613849759101,1.0344799757003784
17205,9,469,7.965781696839258e-05,1.008810043334961
17257,39,1984,0.013070760294795,1.013149976730347
17257,39,1991,0.0764420479536056,1.2530800104141235
17265,212,10621,0.1143905445933342,1.287369966506958
17373,31,1572,0.0355429910123348,1.2204014781523824
17373,128,6449,0.3838059902191162,0.9737799763679504
17080,53,2658,0.7861174941062927,0.8543779850006104
17210,29,1500,0.9892226457595824,0.5996830012085042
17210,88,4434,0.1280320584774017,1.0728600025177002
17210,232,11642,0.0118776196613907,1.4024699926376345
17084,3,171,0.2541082501411438,0.9071800112724304
17065,90,4522,0.069287471473217,0.9702609777450562
17131,28,1432,0.1024347096681594,1.2638028842108893
17406,48,2450,0.0446692071855068,1.525847418184469
17355,122,6108,0.0477682314813137,5.302403980611981e-06
17497,79,3957,0.0276493988931179,0.531611979007721
17488,267,13370,0.1192748397588729,0.4901449978351593
17432,9,496,0.0030893366783857,0.5913410186767578
15114,40,2011,0.0222596600651741,0.97257399559021
15114,101,5068,0.6545815467834473,0.7607319951057434
17169,384,19248,0.0160986594855785,0.4238941498467348
17349,3,163,0.3487149775028229,1.1925221604730045
17349,3,178,0.0108506586402654,0.9960939884185792
15106,305,15268,0.1946679651737213,1.0614500045776367
17334,154,7716,0.0640149563550949,1.0162299871444702
17365,95,4798,0.1121522858738899,1.1001965445246924
15145,271,13571,0.064928188920021,0.6088780164718628
17488,3,152,0.0504280440509319,1.003440022468567
17141,42,2116,0.013236179947853,1.0348700284957886
15133,2,147,0.0284045245498418,0.8257598931697174
17168,91,4579,0.0594689361751079,1.0479999780654907
17168,91,4593,0.6171808838844299,1.1949800252914429
17415,116,5806,0.0039859088137745,1.143239974975586
17067,49,2480,0.0102587733417749,1.2469300031661987
17177,63,3151,0.5349612236022949,1.100091206885054
17383,549,27465,0.1134119480848312,1.4956200122833252
17324,13,655,0.0012595334555953,0.987712025642395
17324,17,862,0.0047956630587577,0.7056628929315423
17324,110,5530,0.1198222190141677,1.2165100574493408
17324,110,5543,0.0097064087167382,1.0190800428390503
17413,222,11101,0.0391441285610199,1.0281100273132324
15147,52,2636,0.0167723465710878,0.9708459973335266
17414,95,4789,0.0109210098162293,1.00724995136261
17080,16,838,0.0131742004305124,1.0681899785995483
17249,126,6338,0.0065279798582196,0.8035719990730286
17361,276,13838,0.2747313380241394,0.6066309809684753
17489,34,1738,0.0017047037836164,0.6595270037651062
17355,6,347,0.0019741302821785,1.5872900485992432
15128,142,7141,0.0106388600543141,0.9587169885635376
15147,148,7410,0.0075820977799594,1.0262999534606934
17265,95,4760,0.6804527640342712,0.8953989744186401
17265,153,7665,0.0215727984905242,1.033139944076538
17265,156,7839,0.0257152188569307,0.8709020018577576
17547,8,418,0.0642042681574821,0.9217900037765504
15141,4,242,0.0024135340936481,1.0396000146865845
15141,54,2721,0.0177557580173015,1.0021300315856934
17087,105,5255,0.0404843538999557,1.028480052947998
15181,69,3466,0.2873227298259735,1.047719955444336
17458,37,1863,0.0011693860869854,0.5090000033378601
17458,37,1877,0.0093628000468015,0.6916906871809942
17231,29,1465,0.1685008257627487,0.5887823791066893
17118,11,563,0.0013492325088009,1.0
17560,13,692,0.0593140199780464,1.0404399633407593
15147,137,6863,0.0084485141560435,0.9978970289230348
15147,189,9474,0.0308882929384708,1.2395034241497882
17271,157,7880,0.0023583194706588,1.2981249798942827
17333,31,1597,0.0286723580211401,1.059370040893555
17333,74,3703,0.0182349793612957,0.3867790102958679
17494,250,12543,0.1147338673472404,12.06116512712697
17494,288,14442,0.0397516898810863,0.5273410081863403
17269,165,8299,0.0063786003738641,0.5025960206985474
17120,101,5080,0.2476126104593277,1.1386300325393677
17406,100,5005,0.0623803362250328,1.094472363611601
17193,14,748,0.0046511944383382,0.2410950064659118
17193,20,1028,0.1270398646593094,0.869828999042511
17400,111,5586,0.037470057606697,0.8779129981994629
17206,186,9302,0.0066895419731736,1.2719099521636963
17459,97,4896,0.0145175652578473,1.0300400257110596
17198,24,1221,0.0875781774520874,0.7573099732398987
17409,35,1756,0.0067687858827412,0.6724380254745483
17238,38,1917,0.0256711691617965,1.0351899862289429
17306,107,5389,0.0387291051447391,0.862621009349823
17306,123,6166,0.0579216666519641,1.1889129729942738
17208,43,2193,0.0160252377390861,1.1226799488067627
17170,34,1711,0.4219249188899994,0.5174090266227722
17459,189,9490,0.0064947521314024,1.030269980430603
15106,4,204,0.0592565014958381,1.0
15147,34,1748,0.0590173825621604,0.3724896950571725
17218,37,1891,0.1216105297207832,0.5860520005226135
17218,59,2984,0.0153084527701139,0.931989397111046
14882,31,1562,0.0175920892506837,1.0
14882,120,6040,0.0093004256486892,0.5835872298214468
15140,99,4958,0.0185381341725587,1.2153160969916497
17306,62,3136,0.0026485424023121,1.4407049213803589
17306,91,4553,0.0026714380364865,0.9442890286445618
17306,96,4824,0.0995448604226112,0.7936170101165771
15140,194,9736,0.0041502914391458,1.0454800128936768
17352,337,16885,0.0302970129996538,0.0659398527951218
17185,25,1264,0.0029213877860456,1.051730036735535
17185,25,1297,0.1320130825042724,0.9314730167388916
17178,49,2457,0.2361027747392654,1.0438799858093262
17178,49,2495,0.4778232276439667,0.8432599902153015
17178,62,3144,0.0631740316748619,1.0072200298309326
17237,115,5786,0.2686997056007385,0.5605040192604065
17237,523,26151,0.0025794131215661,0.966060996055603
15155,17,887,0.0122024342417716,1.1215198007395768
17394,168,8406,0.0570742078125476,1.0111299753189087
17394,168,8448,0.0348170474171638,0.5058689713478088
17251,128,6411,0.0272098053246736,1.0159499645233154
17251,128,6430,0.0453175082802772,0.9445289969444276
17545,67,3358,0.1182879135012626,0.5536320209503174
17545,67,3397,0.0027341973036527,0.8655110001564026
17135,66,3347,0.0044835759326815,1.9042888719005477
17099,67,3382,0.0926331803202629,0.9168180227279664
17099,105,5286,0.4476640820503235,0.8448740243911743
17414,103,5152,0.0055509489029645,1.217519998550415
17537,21,1059,0.5385866761207581,0.9217900037765504
17415,166,8308,0.1888189762830734,0.9666489958763124
17415,166,8309,0.0174244102090597,1.039829969406128
17090,21,1073,0.00591332744807,0.4074380099773407
17410,47,2399,0.6658958196640015,1.045560002326965
17410,57,2860,0.0018994722049683,0.8822360038757324
17410,57,2886,0.0189382117241621,1.0307600498199463
17314,13,686,0.006729201413691,1.2988100051879885
15140,235,11780,0.0230444446206092,1.0281699895858765
17146,52,2612,0.9488702416419984,0.4984880089759826
15106,91,4552,0.0225339047610759,1.200376502756626
15106,179,8982,0.0578633993864059,1.0311399698257446
15181,40,2001,0.0020009998697787,1.051959991455078
17240,522,26123,0.0593152195215225,1.0867700576782229
17413,35,1774,0.0087470170110464,0.8327770233154297
17219,104,5235,0.0033894625958055,1.1957900524139404
17517,280,14048,0.0035962893161922,1.1853002156592538
17344,32,1615,0.011651599779725,1.0916099548339844
17249,32,1620,0.2129058986902237,1.9204800128936768
17249,347,17376,0.0005615951959043,0.9152989983558656
17235,13,696,0.2460957020521164,0.8314157259652006
15074,53,2662,0.0497484356164932,1.2826000452041626
15074,122,6106,0.0375884138047695,0.9555209875106812
17400,27,1351,0.6380417346954346,1.0837500095367432
15014,248,12406,0.0071502965874969,1.0001800060272217
15117,106,5337,0.0462780483067035,1.0027400255203247
15117,161,8063,0.0102877710014581,1.034739971160889
17140,110,5545,0.0191207621246576,0.778784990310669
17193,17,899,0.2997307777404785,0.4077053301685396
17193,30,1523,0.0014780422206968,0.6555439829826355
17193,30,1540,0.0067775947973132,0.911540985107422
17139,93,4693,0.1253808438777923,1.0180100202560425
15181,12,650,0.3536830842494964,1.373831115072079
15181,31,1575,0.1206035241484642,0.9649699926376344
15116,231,11588,0.0528813786804676,1.2501942132605848
15116,295,14764,0.021892137825489,4.019192890069037
17414,136,6828,0.0032694826368242,0.5269529819488525
17198,92,4644,0.0113726733252406,0.8173289895057678
17198,96,4809,0.0047968695871531,0.932483971118927
17557,166,8338,0.0070869228802621,0.5250070095062256
17306,102,5109,0.0384890995919704,1.2413500547409058
17306,102,5146,0.0036140070296823,1.0600500106811523
17489,235,11773,0.005578186828643,0.4380770027637481
15118,127,6377,0.0386193580925464,0.9230319857597352
17295,10,505,0.0008632561075501,1.0419800281524658
17371,439,21973,0.0006243239040486,1.3895299434661863
15115,165,8300,0.2627238631248474,1.5677800178527832
17122,145,7264,0.0115161584690213,1.1729300022125244
17495,53,2655,0.0800505429506301,0.5366449952125549
17495,53,2686,0.4460133910179138,1.0033790062771788
17495,53,2690,0.324550062417984,0.9734414923085808
17103,31,1584,0.0228678155690431,1.0823041079858626
17103,61,3052,0.0384774021804332,1.015030026435852
15183,13,688,0.0751789361238479,0.7591350078582764
17371,538,26920,0.0156058566644787,0.6441069841384888
17349,88,4432,0.0027091274969279,1.123667179867141
17312,25,1277,0.0013614816125482,1.0448700189590454
17206,448,22412,0.0077817793935537,0.6435388661200037
17186,50,2547,0.0022326547186821,0.3304170072078705
17186,67,3362,0.0288384761661291,0.8590909838676453
17494,51,2595,0.0048299026675522,1.0994000434875488
15111,85,4255,0.0474530570209026,0.7802518888079107
15111,142,7119,0.3095040321350097,1.0546799898147583
15136,111,5588,0.0517629832029342,0.9217900037765504
17100,45,2275,0.058561835438013,0.775441085753755
17249,29,1500,0.0264277011156082,1.2212857617458892
17249,173,8669,0.1144085898995399,1.132599949836731
17448,5,296,0.1090968772768974,1.325431533475992
17383,72,3612,0.0519933030009269,0.6084889769554138
17383,218,10923,0.0401539057493209,0.5771499872207642
17383,218,10924,0.0040571810677647,1.3374600410461426
17415,181,9070,0.0097167370840907,1.361972050887772
15138,0,43,0.0038689258508384,1.0880800485610962
17517,311,15569,0.0006207201513461,0.9029279947280884
17356,163,8173,0.0665133297443389,0.9510570168495178
17352,186,9327,0.0139025300741195,1.1227500438690186
17503,140,7024,0.0039740358479321,0.8686479926109314
17503,221,11072,0.1665101051330566,0.963578999042511
17494,198,9946,0.0451962761580944,1.0419399738311768
17552,182,9132,0.0027341244276612,1.044450044631958
17108,7,358,0.025111211463809,0.4619010090827942
17108,35,1777,0.89291912317276,1.067925412779232
17249,346,17320,0.1081191748380661,0.9559329748153688
17249,360,18039,0.0058623058721423,0.9795989990234376
17098,72,3639,0.0243781954050064,0.7213129997253418
17560,93,4651,0.0243991110473871,0.9935399889945984
17162,159,7977,0.0175119284540414,1.0051699876785278
17209,3,154,0.0037496504373848,0.5309929847717285
17352,81,4064,0.4934600591659546,1.0
17352,81,4092,0.5386033654212952,0.9594948926947282
17398,217,10874,0.0235677734017372,2.122910022735596
15122,142,7106,0.1266065090894699,0.6417869925498962
17185,43,2154,0.0392726548016071,1.1941537929171633
17509,27,1366,0.0129506960511207,1.0016499757766724
17509,68,3408,0.0867652371525764,0.9480230212211608
17271,117,5878,0.0014405902475118,0.492682009935379
17103,35,1776,0.562884509563446,0.6243420243263245
17103,60,3044,0.0092666735872626,0.4877969920635223
17313,252,12601,0.0377725586295127,0.6191759705543518
17164,57,2890,0.2451156973838806,0.9579749703407288
17140,1,70,0.1444923728704452,1.0872399806976318
17235,49,2493,0.2955429553985595,0.9634969830513
17235,89,4461,0.027769561856985,1.113010048866272
15156,21,1100,0.0028675443027168,0.9510030150413512
17372,34,1721,0.0079808672890067,0.644133985042572
17556,98,4925,0.0074460608884692,0.5580019950866699
15160,401,20071,0.0073832748457789,0.9342789687360166
17169,184,9231,0.0543070062994957,0.8109384289466349
14938,252,12623,0.032653983682394,1.1967390270962142
14938,258,12920,0.0127221699804067,0.5925729870796204
14938,258,12930,0.0167404804378747,1.0920734695166625
17371,13,685,0.0250525139272212,1.0018999576568604
17371,13,693,0.0427088811993598,0.936217714512253
17231,70,3533,0.0006748590385541,0.699288010597229
17231,87,4367,0.019946476444602,0.4519610106945038
15160,149,7464,0.2099064439535141,1.0387400388717651
15160,284,14229,0.014357584528625,26.37052194565763
17122,36,1809,0.0140749178826808,1.1954143872547434
17122,118,5948,0.0340035744011402,0.921791970729828
17111,33,1682,0.0144964512437582,1.0094768442471038
17494,210,10536,0.9519953727722168,0.7579095183126725
17116,43,2156,0.3035202324390411,0.8494859933853149
17132,10,509,0.7741243839263916,0.4591569900512695
17132,10,531,0.0025191742461174,0.9472460150718688
17240,82,4120,0.0144305964931845,1.1117700338363647
17317,1,71,0.3798868656158447,1.0270600318908691
17317,1,87,0.0097191464155912,0.60064297914505
17356,41,2084,0.0409217588603496,0.8138830065727234
17232,4,232,0.002579532098025,0.4895020127296448
17232,57,2864,0.0374316684901714,0.6594579815864563
17232,61,3097,0.0051301326602697,0.5428150296211243
17132,139,6952,0.0049710236489772,0.9807350039482116
17132,159,7965,0.3189602196216583,1.036460041999817
17132,159,7966,0.0210516899824142,0.8857769966125488
17505,67,3376,0.0014652104582637,0.5971189737319946
15222,238,11944,0.0341544635593891,0.4821310043334961
17401,3,196,0.0124669186770915,1.0311700105667114
17116,60,3025,0.0080409198999404,1.050950050354004
15060,27,1364,0.0015229472192004,1.1010500192642212
15060,35,1799,0.0001702383597148,0.9908699989318848
15181,33,1668,0.0176513828337192,1.1885826372463129
15145,170,8528,0.053073301911354,0.8627619743347168
17308,4,214,0.0133552541956305,1.3068599700927734
17308,140,7013,0.0448492132127285,0.8005809783935547
17149,15,789,0.0005981652066111,1.0757399797439575
17149,15,796,0.0350043028593063,0.3970510065555572
17119,95,4785,0.0216441918164491,0.9030590057373048
17314,33,1687,0.0307651106268167,1.100469946861267
17314,33,1688,0.0097734183073043,1.3118282541696544
17314,74,3740,0.0015590124530717,1.0555800199508667
17232,89,4484,0.0160141587257385,1.0095900297164917
17440,9,454,0.0212113317102193,0.5880402186080431
17152,111,5561,0.007182874251157,1.141669988632202
17239,220,11025,0.0018588347593322,1.482409954071045
17301,38,1938,0.0006784467841498,0.6306560039520264
17301,129,6457,0.0458943285048007,0.4704670011997223
17303,37,1868,0.0324053280055522,1.2046682258651913
15093,75,3778,0.0177445989102125,1.1462337778275182
17383,325,16258,0.7817091941833496,1.2162990334397537
14986,42,2141,0.0565494708716869,0.9205979704856871
14986,220,11016,0.0050390749238431,1.2098888528548741
17530,5,269,0.0293554943054914,0.7853519916534424
17251,234,11732,0.6600667834281921,0.93892502784729
17251,241,12096,0.0605623535811901,1.213860034942627
17400,203,10177,0.0020324536599218,0.00013477137254412465
17413,326,16324,0.0102380337193608,0.993861973285675
17249,166,8309,0.0241527315229177,0.9952589869499208
17534,105,5285,0.0098600005730986,0.8305550217628479
17486,2,125,0.0304935220628976,1.1067099571228027
17486,6,345,0.0134124020114541,1.0342999696731567
15099,28,1410,0.9759166836738586,9.691816539574174e-05
17371,357,17870,0.0215534511953592,1.616760015487671
17371,413,20679,0.0369445607066154,1.0331799983978271
17371,471,23599,0.0054356288164854,0.9761599898338318
17235,17,894,0.1326993703842163,1.0638500452041626
15021,1,90,0.0391314513981342,0.988763988018036
17371,232,11642,0.0052248002029955,1.1577515893565502
17371,459,22976,0.0214572753757238,0.9230319857597352
17194,28,1402,0.1036099269986152,1.1456300020217896
17194,76,3833,0.1019790470600128,0.7686070203781128
14802,80,4009,0.0012281617382541,0.9499142893439441
17249,380,19034,0.0241825059056282,1.073580026626587
17194,73,3680,0.0067282607778906,0.8614959716796875
15161,147,7394,0.2043396830558776,0.5953599810600281
17228,5,252,0.022894661873579,1.104599952697754
17398,37,1870,0.0032636234536767,1.0238399505615234
17398,37,1880,0.0014283428899943,1.0300899744033811
17398,132,6605,0.6512225270271301,1.0547300577163696
17540,17,861,0.0300326664000749,0.500016987323761
15149,29,1462,0.0329213216900825,1.0558700561523438
17238,10,517,0.1652040183544159,0.9238420128822328
17341,15,782,0.0097313057631254,1.038030028343201
17341,67,3380,0.0431181564927101,1.0395400524139404
15017,17,894,0.8854418396949768,0.7151857454850301
17132,19,970,0.0034211673773825,0.95245099067688
17414,177,8895,0.0068434211425483,1.037670016288757
17498,32,1629,0.0422088764607906,0.6629319787025452
15103,80,4038,0.1618038415908813,0.5582829713821411
15103,80,4050,0.1158783212304115,0.653784990310669
15103,247,12356,0.749363899230957,0.9572319984436036
15106,51,2559,0.1749235391616821,1.2313529799048413
17413,25,1278,0.008084868080914,1.205549955368042
17413,99,4977,0.0017667791107669,0.99904602766037
15154,279,13966,0.0922830253839492,1.0654672539193586
15154,292,14606,0.0057908087037503,0.8500409722328186
17206,172,8640,0.2711343765258789,1.1286467379681753
17313,203,10161,0.9919424057006836,0.5365809798240662
17112,119,5959,0.1445472985506057,1.0168700218200684
17112,132,6631,0.1720513850450515,0.4495950043201446
17458,29,1455,0.0032256213016808,1.160209008838592
17484,21,1093,0.0091186249628663,0.9637460112571716
14831,27,1368,0.0462835766375064,1.0452300310134888
14831,163,8185,0.0045169978402554,0.9346879720687866
14831,193,9660,0.0038870952557772,1.013069987297058
14831,210,10529,0.1503917425870895,0.988997995853424
17075,56,2844,0.0049866260960698,0.6254259943962097
17169,94,4743,0.067816212773323,0.5628520250320435
17311,155,7800,0.3024704456329345,1.0250600576400757
15125,118,5918,0.0153017193078994,0.9690430164337158
17348,0,44,0.005002153571695,0.7954139709472656
17400,83,4163,0.0146401105448603,1.1158000230789185
17400,142,7113,0.1746568530797958,1.0996400117874146
17400,169,8497,0.0016452873824164,1.042330026626587
17135,58,2945,0.0825409889221191,0.8382560014724731
17391,0,4,0.025886557996273,1.0023599863052368
17391,1,78,0.0749645456671714,0.5037180185317993
17391,16,828,0.018972523510456,1.066290020942688
17391,38,1918,0.1040822565555572,1.5236899852752686
15166,262,13123,0.0481767505407333,0.5306339859962463
17265,96,4849,0.2812176644802093,0.6791049838066101
17265,96,4850,0.0010037783067673,1.290560007095337
17070,153,7662,0.5963290333747864,0.006172318123719387
17070,260,13010,0.0070819118991494,0.9804030060768129
17070,267,13380,0.0160573218017816,0.7740221311344158
17269,150,7539,0.7875000238418579,1.2336599826812744
17269,171,8568,0.0419842004776001,0.9655870199203492
17371,184,9236,0.0032045328989624,0.9429669976234436
17371,252,12650,0.0296172369271516,0.7703679800033569
17185,85,4289,0.0024330713786184,0.5815029740333557
15154,272,13643,0.0016745260218158,1.3781666381027833
17431,3,160,0.0846598222851753,0.9843699976000408
15160,177,8895,0.2353109568357467,1.0449600219726562
17552,113,5696,0.0012143458006903,1.2889399528503418
17552,113,5700,0.0056344792246818,0.8779129981994629
17559,55,2762,0.1035040691494941,1.0416200160980225
17564,32,1610,0.0098131755366921,0.6433830261230469
17186,22,1114,0.282641738653183,1.024829983711243
17186,53,2670,0.0061538028530776,0.4654879868030548
17186,61,3095,0.3820769786834717,1.178899656910005
17267,21,1069,0.00921147223562,1.026729941368103
15125,160,8003,0.9258275032043456,0.8272340297698975
17320,29,1467,0.0026011273730546,0.6559110283851624
17320,29,1499,0.4291600584983825,0.9895430207252502
17344,10,505,0.7227776646614075,0.44885496748111814
17344,10,549,0.7742964625358582,0.6256459951400757
17235,30,1521,0.0558427684009075,1.0
17235,45,2270,0.0119317276403307,0.9230597291059865
17075,67,3380,0.0106496270745992,0.5346969962120056
17075,67,3393,0.0498221516609191,1.07492995262146
17210,161,8077,0.0124518517404794,0.8870760202407837
17361,71,3592,0.1687766015529632,0.6161689169438489
17361,117,5854,0.0020431496668606,1.092083277944574e-06
15118,7,391,0.0047151679173111,1.0918500423431396
15001,11,575,0.0233855117112398,0.9643999934196472
15001,12,603,0.0034414844121783,1.095810055732727
15001,13,684,0.7042039036750793,1.1331599950790403
17206,475,23777,0.1249941289424896,1.0579598110286812
17256,11,589,0.0767563059926033,1.0
17256,25,1292,0.0126799186691641,0.9585379958152772
17256,65,3281,0.0223435964435338,0.6212901628788643
17172,75,3796,0.0184492133557796,0.6019570231437683
14938,7,397,0.0627178102731704,1.1910963601515334
17496,10,518,0.002568973461166,0.4684120118618011
17496,41,2083,0.110329769551754,0.8059390187263489
17156,65,3298,0.0047850832343101,2.121783614663613
17156,116,5823,0.4378557205200195,0.5253340005874634
17371,44,2215,0.0182576179504394,1.0385500192642212
17371,94,4738,0.013168467208743,1.7950907867410137
17239,41,2084,0.037577848881483,1.034350037574768
17394,239,11963,0.0197466593235731,0.7301996920296787
17242,74,3718,0.1213402226567268,1.0471800565719604
17083,70,3518,0.0118371844291687,0.5351939797401428
17083,115,5770,0.0446563474833965,1.1572377790227506
17364,132,6616,0.001032103667967,0.8953989744186401
17129,17,873,0.4743626415729522,1.037891962029079
17129,40,2001,0.1611029803752899,0.924468994140625
17383,86,4321,0.0327812880277633,6.219114778244148
17383,159,7977,0.0112182851880788,0.0003731046420667526
17447,139,6991,0.009078262373805,1.025149941444397
17111,161,8076,0.028384082019329,0.4075718175096341
17398,86,4316,0.0293210111558437,0.4188190102577209
17560,3,165,0.0956213623285293,0.9620559811592102
17560,76,3804,0.0131527055054903,1.0311100482940674
17560,83,4198,0.0278512239456176,0.9217900037765504
17231,2,111,0.3354390263557434,1.0228691084106103
15160,257,12862,0.0961222425103187,0.924243986606598
17426,9,460,0.3339375257492065,1.2315081738961595
17426,29,1483,0.0130212670192122,1.0489799976348877
17522,56,2822,0.0403613559901714,1.174687175787085
17208,20,1014,0.0108162695541977,1.0952399969100952
17352,79,3971,0.0137500390410423,0.6583089828491211
17352,216,10817,0.0103747984394431,0.8948180079460144
15114,31,1559,0.0240832567214965,1.1700600385665894
17398,136,6809,0.0623498894274234,0.9612346595509392
17398,153,7661,0.0420411303639411,1.0216000080108645
17259,7,369,0.005972200538963,0.937400996685028
17383,563,28199,0.00149488565512,1.86546003818512
14882,126,6327,0.0238709524273872,0.5076580047607422
15153,97,4861,0.0880305469036102,0.37173220844341864
15153,97,4865,0.5494827032089233,0.7517099976539612
17361,335,16755,0.0048434347845613,0.9212208644857611
17109,26,1328,0.0344575308263301,0.10403415738510358
17109,39,1991,0.0211316272616386,1.195940017700195
15144,5,298,0.1192440763115882,0.930063009262085
15144,7,381,0.0143507085740566,1.1773103933900302
17373,203,10172,0.4286206364631653,0.450313001871109
17440,130,6540,0.2884613871574402,1.1576840918799007
17208,262,13120,0.1570215672254562,1.0
17109,67,3378,0.2672534584999084,1.335230578529604
17561,196,9819,0.0038390213157981,1.189869999885559
15097,11,596,0.0171301215887069,0.983959972858429
15097,126,6337,0.0130904270336031,1.1094399690628052
17327,42,2142,0.0090804109349846,1.112133666799622
17352,24,1230,0.239816814661026,0.4746809899806976
17352,74,3744,0.0028592366725206,1.0056099891662598
17352,228,11426,0.0144676370546221,0.935817003250122
17139,300,15029,0.1836077123880386,0.6234880089759827
15060,14,739,0.0321786254644393,1.0206700563430786
15060,43,2175,0.0055730212479829,1.0206700563430786
17137,21,1072,0.0079425424337387,1.0843199491500854
17371,36,1804,0.1621951907873153,1.0
17371,178,8936,0.1520470082759857,0.7789809703826904
17136,2,105,0.0150163145735859,1.0
17136,44,2222,0.0087970616295933,0.90590900182724
17210,78,3925,0.2579669058322906,0.849744975566864
17210,129,6452,0.8278138041496277,1.7004499435424805
17419,39,1996,0.0595190972089767,0.9924939870834352
17419,69,3499,0.0118609983474016,1.0118499994277954
14802,303,15190,0.8635562658309937,1.0281599760055542
17383,91,4590,0.0144350053742527,1.126589895350705
17383,135,6753,0.0065737180411815,0.6412529945373535
17383,446,22338,0.1484490633010864,1.0408999919891355
15103,93,4686,0.0828306898474693,0.697052001953125
17563,48,2422,0.0365193262696266,0.6466073543093387
15136,12,618,0.3330793678760528,1.1408300399780271
17489,253,12685,0.0019191252067685,1.0739099979400637
17514,8,433,0.0494485348463058,0.5000659823417664
17250,105,5251,0.0509386770427227,0.9981099963188172
17250,105,5273,0.4644324779510498,1.1331599950790403
17203,84,4233,0.0449935607612133,0.9166020154953004
15116,200,10041,0.0007843845523893,1.1598399877548218
17316,6,323,0.9003852009773254,1.0538806243564096
17095,21,1061,0.0173519570380449,1.3229700326919556
17504,30,1503,0.9872437119483948,1.229509949684143
14831,144,7248,0.997080147266388,0.9653142880597089
14831,174,8704,0.0452758334577083,2.251219760157153e-05
14831,174,8714,0.1520881652832031,1.1311005252581483
17440,111,5573,0.2621784806251526,0.7167895799167212
15182,31,1579,0.118197351694107,0.8674970269203186
17478,20,1013,0.1580515205860138,0.5166950225830078
17114,32,1617,0.1908006072044372,1.0359400510787964
17114,32,1644,0.024713397026062,0.9344419836997986
17114,87,4392,0.0148847922682762,1.048069953918457
17237,120,6048,0.0016474599251523,0.8705689907073975
17237,312,15610,0.0487018376588821,1.0
17218,11,553,0.0017588690388947,6.775865988745419e-24
17302,20,1005,0.0509934164583683,0.5965279936790466
17205,59,2956,0.354034423828125,0.9713159799575806
17517,49,2496,0.0283686872571706,1.033229947090149
17517,102,5148,0.0072969864122569,1.0213099718093872
17517,244,12202,0.0013268843758851,0.4918400049209595
17463,3,179,0.9950241446495056,0.550167977809906
17463,5,271,0.0651345551013946,1.0453200340270996
17463,6,314,0.0234896745532751,0.9637110233306884
17482,147,7399,0.0938874930143356,1.0888700485229492
14392,279,13970,0.0068438067100942,0.6702970266342163
14551,294,14729,0.0394857488572597,1.401039958000183
14726,52,2608,0.0087740570306777,1.0416699647903442
14726,106,5304,0.1003084629774093,0.8470489978790283
14726,106,5340,0.0100414417684078,0.6569560170173645
14993,140,7038,0.0182879399508237,0.9733719825744628
14550,24,1214,0.0034671348985284,0.5820770263671875
14550,261,13095,0.290481299161911,0.967859983444214
14799,6,327,0.2335212677717209,1.0755800008773804
14799,7,372,0.0983703359961509,0.802924095983201
14799,7,373,0.0020497504156082,1.041200041770935
14558,270,13516,0.002574702957645,1.0227500200271606
14911,149,7477,0.3612145483493805,1.0056400299072266
14551,158,7924,0.0849974974989891,1.010200023651123
14551,195,9774,0.0951118469238281,1.0705945652465945
14459,44,2249,0.0255871042609214,0.534608006477356
14464,97,4876,0.0264598596841096,1.022439956665039
14790,1,91,0.0048057530075311,1.755139946937561
14942,88,4423,0.1347309947013855,1.0031800270080566
14942,128,6402,0.1212148815393447,1.1081700325012207
14942,221,11081,0.0566260181367397,1.2349532101428338
14942,306,15338,0.0634775608777999,1.038450002670288
14334,41,2097,0.3004673421382904,0.9772740006446838
14410,157,7876,0.9998100399971008,1.290719985961914
14980,146,7337,0.08925411850214,0.8227829933166504
14750,2,148,0.0289527736604213,0.6521369814872742
14750,58,2912,0.0954270437359809,0.4935899972915649
14584,85,4277,0.0056793838739395,1.2136192025226364
14710,33,1681,0.0135207772254943,1.0033899545669556
14917,33,1679,0.2606632709503174,0.730530921436241
14490,7,371,0.1347552090883255,6.458753657609577
14490,9,485,0.9645435214042664,1.2959500551223757
14490,10,513,0.029610589146614,0.9453549981117249
14490,18,937,0.0005249954992905,0.513670027256012
14985,52,2640,0.2057275027036667,1.0418405096168044
14908,34,1718,0.0173544120043516,1.1156602682235357
14812,44,2219,0.1798295080661773,1.0546568196328112
14671,26,1312,0.06000866740942,1.0284299850463867
14623,191,9553,0.3638999760150909,1.081820011138916
14401,113,5659,0.0037870747037231,0.9952939748764038
14401,143,7185,0.4107782542705536,0.9806489944458008
14455,77,3889,0.3793169856071472,0.9960560202598572
14455,186,9328,0.5573576092720032,0.8991580009460449
14425,82,4124,0.0227857679128646,1.0721900463104248
14425,82,4131,0.0479146428406238,0.6532449722290039
14425,165,8258,0.0012542502954602,0.8717797469351396
14549,38,1918,0.0040435963310301,0.038123657781620114
14623,239,11965,0.0398721098899841,1.2128486156241394
14555,278,13931,0.0076146461069583,0.8097249865531921
14555,292,14621,0.0010586648713797,1.0555299520492554
14301,102,5118,0.3189831674098968,1.0467499494552612
14372,128,6437,0.013800854794681,0.8539220094680786
14497,5,290,0.0338953360915184,0.9617779850959778
14990,57,2860,0.3760608732700348,0.636385977268219
14893,218,10904,0.005523910280317,1.0313800573349
14893,218,10920,0.0008249779930338,0.8988440036773682
14436,242,12105,0.0535318665206432,1.2494900226593018
14379,111,5553,0.005698213353753,0.744687020778656
14379,183,9178,0.0329686664044857,1.013550043106079
14742,14,725,0.007277610246092,0.4930630028247833
14742,20,1047,0.0314094871282577,0.90133398771286
14742,31,1563,0.041117575019598,0.8299109935760498
14300,169,8461,0.8794770836830139,0.7806959748268127
14432,37,1883,0.1506291329860687,1.1164085025828852
14919,9,490,0.0987498313188552,1.0498000383377075
14543,303,15181,0.1241205334663391,0.5419139862060547
14270,155,7797,0.0065684793516993,1.2416084321814083
14537,11,571,0.0109883155673742,0.9861459732055664
14537,29,1491,0.0411016941070556,0.643576979637146
14301,4,247,0.2953535616397857,1.0
14559,125,6285,0.0479013994336128,0.7821710109710693
14748,172,8631,0.0050324210897088,0.7415580153465271
14409,290,14547,0.0124264927580952,1.406668735115545
14771,20,1002,0.0123506160452961,0.6209290027618408
14771,20,1038,0.6161817312240601,1.0274699926376345
14771,174,8709,0.0483265444636344,1.252000531515364
14903,199,9999,0.135378748178482,1.0124499797821045
14989,92,4603,0.026485500857234,0.8346660137176514
14873,43,2168,0.0034433717373758,1.0367200374603271
14300,125,6289,0.0188785791397094,0.9875739812850952
14392,28,1446,0.2882343530654907,1.1348600387573242
14392,54,2719,0.146021082997322,1.061859965324402
14643,6,347,0.0097994152456521,1.0093200206756592
14643,202,10131,0.0029345890507102,1.2612600326538086
14643,223,11175,0.1298233717679977,0.6878820061683655
14338,287,14374,0.2665143311023712,0.92460298538208
14425,171,8597,0.0418119020760059,1.0875999927520752
14516,16,816,0.020659627392888,1.1319339257286314
14555,290,14506,0.5123095512390137,1.0640129473814854
14290,286,14309,0.2332825660705566,0.9818660020828248
14918,59,3000,0.0504231676459312,1.0
14888,22,1107,0.0126270065084099,0.8603929877281189
14597,7,371,0.7105854749679565,1.0725300312042236
14597,57,2851,0.2544842362403869,0.5618320107460022
14555,46,2336,0.0039743683300912,0.7062004283188728
14542,116,5809,0.1773411333560943,0.948938012123108
14542,154,7710,0.0226473454385995,0.6313289999961853
14923,41,2073,0.0816251263022422,0.9217230081558228
14392,89,4460,0.5544398427009583,0.9912030100822448
14965,112,5642,0.0716411396861076,0.695671021938324
14965,126,6319,0.1163473576307296,0.3012679816206756
14903,306,15303,0.0164486002177,0.8820750117301941
14396,62,3103,0.3816186189651489,0.8449119925498962
14459,79,3981,0.004304461646825,1.0644500255584717
14459,104,5231,0.0010189542081207,0.7309619784355164
14552,133,6658,0.0418779924511909,1.0478299856185913
14469,73,3684,0.2252146005630493,0.976835703466179
14338,148,7403,0.0695512741804122,1.0146000385284424
14338,176,8843,0.8302226662635803,0.9121490120887756
14459,51,2583,0.6028455495834351,1.0702600479125977
14459,51,2593,0.0429022535681724,1.3221700191497805
14736,185,9279,0.0070236050523817,1.2881100177764893
14340,69,3494,0.0085279783234,0.0015366699762618377
14584,156,7810,0.0010746927000582,1.8047599792480469
14973,4,230,0.0010444605723023,1.034060001373291
14367,142,7111,0.1000208705663681,1.2224199771881104
14642,5,268,0.0142276408150792,0.5892279744148254
14642,5,299,0.0445690490305423,0.9920349717140198
14377,52,2604,0.3038634657859802,1.657289981842041
14610,92,4605,0.5618532299995422,0.9258400201797484
14368,55,2780,0.3795941174030304,1.0465500354766846
14368,259,12972,0.1096524819731712,1.0576579126663999
14463,212,10638,0.1377519816160202,0.3007250130176544
14539,252,12610,0.0182137470692396,1.60617995262146
14935,269,13466,0.3671911656856537,0.7496299743652344
14584,172,8606,0.0021905160974711,1.0308899879455566
14584,172,8632,0.028339272364974,0.5283169746398926
14409,28,1409,0.0116119543090462,1.1198999881744385
14409,75,3790,0.0042981244623661,1.1419299840927124
14375,11,551,0.0153692597523331,0.5486879944801331
14399,147,7393,0.0285031758248806,1.1217000484466553
14529,23,1189,0.5098279118537903,0.9939590096473694
14418,220,11031,0.0972972735762596,1.3697500228881836
14948,2,147,0.0231185629963874,0.6589670181274414
14379,67,3371,0.0456727035343647,0.7904109954833984
14379,97,4861,0.0765325874090194,0.6636253253386428
14379,142,7125,0.0054518748074769,1.020650029182434
14301,74,3737,0.0033125784248113,1.3745399713516235
14329,231,11595,0.7511423826217651,0.9852030277252196
14907,221,11067,0.0023438001517206,0.6726126320846717
14770,203,10198,0.041685651987791,0.6194139719009399
14290,59,2982,0.0031726178713142,0.8403210043907166
14463,93,4698,0.0951996892690658,0.9898319840431212
14749,28,1450,0.0476756319403648,0.9639930129051208
14467,208,10424,0.0062489178963005,0.7252029776573181
14549,79,3968,0.2491992264986038,0.9217900037765504
14549,79,3998,0.0148548828437924,0.7348909556770877
14743,28,1411,0.0200923439115285,0.5192409753799438
14743,128,6428,0.0196701977401971,0.9439979791641236
14955,155,7794,0.2387193590402603,2.1637624001851467e-30
14784,80,4024,0.0023707940708845,1.0010099411010742
14784,87,4366,0.0029054982587695,1.2553194053392644
14408,17,889,0.023801926523447,0.6851630210876465
14671,4,229,0.0204253811389207,1.3659180057366316
14671,4,244,0.0068250955082476,1.0108345629821542
14940,91,4586,0.0071108597330749,1.0409799814224243
14575,70,3542,0.1063655838370323,0.98957097530365
14575,71,3570,0.0100638158619403,0.6982520222663879
14575,71,3590,0.2978317141532898,1.0817432988723963
14920,129,6462,0.0072295968420803,1.295009970664978
14884,166,8321,0.0705535411834716,0.92222398519516
14884,166,8324,0.4270183444023132,1.0329500436782837
14586,21,1058,0.0058964136987924,1.175719976425171
14947,9,465,0.0390266850590705,0.2444330006837844
14947,18,905,0.0016076618339866,1.0225600004196167
14911,169,8497,0.0057809012942016,1.1406400203704834
14975,67,3358,0.9888412356376648,0.622044026851654
14975,130,6520,0.0507071241736412,0.695376992225647
14335,243,12168,0.0202061254531145,1.1135200262069702
14772,204,10231,0.035764954984188,1.0388200283050537
14772,204,10240,0.0038141589611768,1.093809962272644
14772,250,12535,0.0020538726821541,0.986666977405548
14223,83,4186,0.2000826746225357,1.0510200262069702
14931,32,1628,0.0006446125917136,0.7277271769223717
14931,32,1646,0.0091153550893068,0.99092298746109
14556,123,6183,0.1678278446197509,0.927766978740692
14556,222,11117,0.1023531705141067,0.8850799798965454
14958,19,955,0.0039273314177989,0.5421419739723206
14885,12,614,0.0128782819956541,0.7037190198898315
14521,106,5306,0.1755442172288894,0.958931028842926
14708,71,3574,0.0796644687652587,1.2735899686813354
14934,109,5463,0.0201255958527326,1.4337255721441124
14410,46,2327,0.0028113587759435,0.8878419995307922
14410,192,9623,0.0875883996486663,0.9626749753952026
14368,82,4136,0.9768667817115784,0.9072070121765136
14956,228,11435,0.0522320643067359,1.234220027923584
14336,62,3103,0.0308371465653181,0.7570180296897888
14597,50,2529,0.0011346649844199,1.165369987487793
14736,42,2137,0.0095735816285014,0.5448110103607178
14438,289,14479,0.1041940748691558,1.0055400133132937
14438,291,14584,0.0058197248727083,0.9815390110015868
14807,170,8501,0.0116951363161206,1.1866600513458252
14438,67,3353,0.0807618349790573,1.0389900207519531
14438,67,3387,0.1362836509943008,0.7551349997520447
14553,195,9772,0.1280365139245987,0.967859983444214
14682,32,1633,0.0021339475642889,0.996533989906311
14790,127,6382,0.0039226184599101,0.5599110126495361
14878,85,4268,0.0016006770310923,1.070366533801845
14885,6,321,0.2314956486225128,1.129830002784729
14885,15,797,0.008555288426578,1.1034400463104248
14885,19,991,0.0160812586545944,0.8586909770965576
14788,94,4728,0.9571053385734558,0.9976490139961244
15016,46,2308,0.0200191233307123,1.0012999773025513
14734,185,9254,0.6493086218833923,1.043280005455017
14582,21,1094,0.1674159467220306,1.006669998168945
14582,48,2423,0.2890533804893493,0.8197950124740601
14375,60,3028,0.5902045369148254,0.5797417022578061
14575,2,119,0.7740529775619507,0.6990765337162941
14575,30,1525,0.0394420586526393,0.966077586951073
15103,193,9680,0.0657019764184951,0.5078767184255816
14368,98,4933,0.0560421198606491,1.0314199924468994
14812,61,3066,0.0061909239739179,0.3996954829901415
14367,40,2022,0.0603065602481365,1.26665997505188
14918,15,798,0.0651908367872238,1.065940022468567
14918,92,4632,0.0029390766285359,0.5323299765586853
14970,77,3868,0.0376079604029655,1.04790997505188
14555,243,12159,0.0103606143966317,1.01665997505188
14774,33,1657,0.0058094155974686,0.5686998604022335
14774,35,1796,0.0151478555053472,0.5327180027961731
14774,264,13249,0.028650039806962,0.3199149966239929
14636,123,6181,0.0037412273231893,0.5066499710083008
14975,94,4703,0.0033826285507529,0.8557000160217285
14975,94,4707,0.0068197972141206,0.855804979801178
14975,94,4719,0.053288634866476,0.5308849811553955
14569,171,8575,0.298509269952774,0.5186629891395569
14957,16,820,0.9996644258499146,0.3312059938907623
14957,27,1355,0.0120965670794248,1.075950026512146
14729,73,3697,0.7199702262878418,1.0
14427,117,5886,0.0603662356734275,1.2065199613571167
14427,205,10267,0.0006117523880675,0.9744330048561096
14811,3,179,0.0126922940835356,1.0954999923706057
14811,10,520,0.0108869690448045,1.058899998664856
14811,14,704,0.0032370414119213,1.0176299810409546
14721,71,3553,0.0024712709710001,1.028849959373474
14427,2,105,0.0895326808094978,1.1380499601364136
14427,108,5436,0.1624198406934738,1.049929976463318
14427,165,8278,0.0048761763609945,1.0409300327301023
14464,256,12828,0.0012530765961855,1.0674999952316284
14597,111,5571,0.0135070169344544,1.0837199687957764
14914,27,1377,0.0171697232872247,1.4036598249071415e-07
14526,92,4638,0.1933901906013488,0.7813720107078552
14948,259,12951,0.0317227318882942,1.0766251486610656
14760,6,340,0.0266365353018045,1.029099941253662
14760,170,8528,0.0067166206426918,1.3078716785329902
14383,26,1312,0.021246301010251,0.867324569360953
14734,192,9640,0.0188730806112289,0.3466860055923462
14734,238,11931,0.1522749364376068,1.000309944152832
14734,238,11940,0.0387606956064701,1.215590000152588
14409,84,4230,0.3949680924415588,1.1365942285869437
14409,160,8037,0.0270664077252149,0.8357890248298645
14774,4,225,0.1378174275159835,1.0168999433517456
14338,22,1122,0.0217589382082223,1.0339299440383911
14338,206,10318,0.0701120644807815,0.9895560145378112
14911,106,5325,0.2624567747116089,1.209720015525818
14758,63,3177,0.9179959297180176,1.3438248070221732
14545,169,8460,0.1781685650348663,1.0165899991989136
14755,7,396,0.0136981979012489,1.04544997215271
14584,196,9806,0.3497179746627807,0.9803540110588074
14557,111,5557,0.0007892430294305,1.002910017967224
14609,61,3083,0.116586335003376,1.5836100578308103
14609,105,5300,0.0188069697469472,0.5403100252151489
14609,128,6450,0.0126759922131896,1.0230900049209597
14336,25,1297,0.0056496770121157,1.086650013923645
14866,17,892,0.5260858535766602,0.7444228029653459
14991,33,1673,0.0046566282398998,1.2408999745423799
14991,270,13536,0.0241106525063514,1.0179225418193596
14774,249,12469,0.0998615846037864,1.048840045928955
14544,288,14414,0.8517358303070068,1.3052899837493896
14736,102,5116,0.055080946534872,0.6196860074996948
14736,156,7845,0.0012167419772595,0.6000149846076965
14774,236,11823,0.0038000657223165,0.5774819850921631
14754,33,1666,0.0032286152709275,0.7400919795036316
14577,27,1366,0.1032904535531997,0.7963820099830627
14577,74,3741,0.0078223515301942,0.841094970703125
14338,36,1824,0.3599933981895447,0.5280500054359436
14338,162,8118,0.1907130181789398,0.993632972240448
14458,132,6624,0.0092379990965127,1.0584900379180908
14539,79,3969,0.0040345313027501,1.2913000583648682
14539,148,7407,0.2144408375024795,0.628121018409729
14539,148,7420,0.1320726573467254,0.6435149908065796
14418,45,2269,0.0260549560189247,0.4488039910793304
14558,162,8113,0.9027166962623596,1.0993545715562405
14409,242,12135,0.004249507561326,1.2785961972558226
14758,54,2750,0.3821906149387359,0.7485679984092712
14235,111,5563,0.0114345615729689,0.4055210053920746
14235,113,5690,0.0600817501544952,1.090019941329956
14758,93,4652,0.0003101603942923,1.0145200490951538
14369,146,7310,0.0052576093003153,1.5402300357818604
14734,27,1383,0.0203470382839441,2.157593014621171
14734,170,8522,0.0228306930512189,1.2973899841308594
14734,180,9046,0.1115798652172088,0.6204339861869812
14899,151,7589,0.0313491076231002,0.8779129981994629
14763,76,3802,0.0833088383078575,0.1627558015494372
14874,168,8430,0.124365322291851,0.8442680239677429
14936,33,1652,0.0147004555910825,0.9933649897575378
14936,69,3474,0.0001780019083525,0.7592329978942871
14401,251,12576,0.0133185219019651,0.5862230062484741
14997,39,1981,0.7299897074699402,0.6668959856033325
14806,167,8380,0.0046686064451932,0.5454980134963989
14550,81,4069,0.0582190789282321,1.0
14775,65,3269,0.3143933713436126,1.0627800226211548
14903,47,2385,0.0214932188391685,1.0504599809646606
14903,198,9906,0.0086062587797641,1.1351799964904783
14919,114,5722,0.0053168106824159,1.2252299785614014
14527,35,1793,0.0171393416821956,1.0305800437927246
14527,104,5244,0.089625671505928,0.7565184329731096
14959,265,13264,0.0830857679247856,1.2644799947738647
14911,21,1084,0.0065995086915791,0.7284070253372192
14911,121,6083,0.0015838938998058,0.9746559858322144
14911,144,7209,0.0099388491362333,1.6895754168021995
14623,8,402,0.0110445683822035,0.4634090065956116
14623,9,478,0.0078853229060769,0.47291100025177
14623,9,489,0.0045524258166551,1.0366599559783936
14623,220,11033,0.1551975309848785,1.0
14301,316,15820,0.2291007936000824,7.147670258010126e-19
14408,36,1843,0.1985095590353012,1.122249960899353
14455,276,13812,0.0014319916954264,0.987975001335144
14923,13,666,0.0009663380333222,1.095514407025462
14644,238,11933,0.0260384678840637,0.8286782009087406
14976,2,114,0.0245057679712772,1.0448100566864014
14764,29,1460,0.0022395274136215,0.5076517495088524
14550,55,2796,0.0166395064443349,1.036679983139038
14425,10,534,0.0650992020964622,1.6963599920272827
14425,10,543,0.0079695945605635,0.6722819805145264
14425,182,9143,0.0410205461084842,1.109910011291504
14512,28,1447,0.0172236859798431,1.042330026626587
14512,38,1938,0.0154059454798698,0.9807149767875672
14409,147,7375,0.0033073055092245,0.7185670137405396
14409,169,8478,0.0073597682639956,1.0472999811172483
14562,89,4498,0.0066181039437651,1.0
14562,101,5080,0.0082020591944456,0.999642014503479
14729,24,1202,0.0041875732131302,1.037700057029724
14975,191,9582,0.0010550130391493,1.060539960861206
14409,177,8891,0.0843012705445289,0.5100899934768677
14544,30,1528,0.0268526617437601,1.0002199411392212
14544,234,11727,0.0157446898519992,0.9700480103492736
14828,77,3872,0.0987241938710212,0.5597259998321533
14306,64,3231,0.0005734474980272,0.7894300222396851
14367,66,3308,0.0015342582482844,1.1572200059890747
14367,164,8201,0.5929738879203796,0.9043220281600952
14643,135,6790,0.0153508689254522,1.0161900520324707
14631,206,10337,0.0035948662552982,1.2701350416967472
14436,19,1000,0.2154424786567688,1.006850004196167
14436,248,12433,0.176294669508934,1.0362000465393066
14436,281,14084,0.3216584920883178,0.989071011543274
14342,230,11517,0.0142500763759016,0.7266240119934082
14712,120,6011,0.2345146536827087,1.0298999547958374
14805,32,1620,0.0140622053295373,0.526112973690033
14603,186,9342,0.0679529532790184,1.2819299697875977
14743,60,3044,0.0818240493535995,0.9040064602619964
14467,42,2123,0.0189239811152219,1.304919958114624
14556,14,704,0.1598864644765854,0.9050139784812928
14556,14,727,0.2440016865730285,0.4997079968452453
14556,262,13141,0.0097311865538358,0.6124780178070068
14736,286,14306,0.002532236976549,0.8615300059318542
14512,22,1104,0.0094832768663764,1.1696522834703842
14774,262,13102,0.0431250035762786,1.0
14573,16,825,0.022879360243678,0.8909472232497251
14573,76,3837,0.0929872393608093,0.9353430271148682
14712,243,12185,0.1845533400774002,1.219015658116973
14812,285,14265,0.0563108846545219,0.5913029909133911
14546,133,6668,0.0108318468555808,1.1305299997329712
14912,215,10763,0.0176531188189983,0.9764130115509032
14455,286,14310,0.0010385097702965,1.0360900163650513
14372,86,4347,0.0048891347832977,0.7076209783554077
14372,192,9606,0.9321061968803406,1.182360053062439
14450,150,7546,0.0104462942108511,0.2813850045204162
14934,18,937,0.0039181699976325,1.4116715416319892
14934,179,8958,0.0048903599381446,1.3731026983891468
14934,179,8980,0.0132541162893176,1.0195200443267822
14358,216,10801,0.0168271549046039,1.416333131056824
14712,119,5998,0.0078533133491873,0.981801986694336
14362,21,1086,0.0005581156583502,1.2306400537490845
14362,53,2658,0.0042617097496986,0.9381579756736756
14362,53,2672,0.2031803876161575,1.1516621615138545
14586,9,456,0.005353417713195,0.04922213181328006
14870,99,4973,0.0059222704730927,1.1418999433517456
14870,99,4988,0.0375584587454795,0.8012999892234802
14456,0,18,0.0352235324680805,1.0313199758529663
14436,121,6062,0.0015099411830306,1.089900016784668
14436,206,10314,0.0042558717541396,1.0413399934768677
14610,36,1815,0.0446531400084495,0.9417219758033752
14913,159,7987,0.0066042272374033,0.7130969762802124
14587,97,4886,0.149599403142929,1.0253299474716189
14935,194,9705,0.0064198179170489,0.6784960031509399
14306,183,9172,0.002665305044502,1.7043005708945882
14707,23,1180,0.1341486275196075,1.0099684835617566
14644,61,3086,0.0006570913828909,0.9815000295639038
14644,102,5124,0.000523135822732,1.3517600297927856
14336,60,3005,0.0971239507198333,1.137539982795715
14336,61,3095,0.0087654385715723,1.2215800285339355
14290,168,8419,0.0002831924066413,0.95244699716568
14610,140,7047,0.0020025260746479,1.1163300275802612
14610,256,12803,0.0230776704847812,1.057520031929016
14431,97,4892,0.0083879614248871,0.8969200253486633
14748,143,7181,0.9207553863525392,0.6800379753112793
14980,41,2081,0.0494930930435657,0.3974570035934448
14512,8,439,0.833143413066864,0.686269998550415
14512,17,885,0.0074234940111637,0.6941329836845398
14534,7,376,0.2049665302038192,0.8709220290184021
14534,29,1500,0.0101080443710088,1.02701997756958
14990,182,9102,0.0269352216273546,0.6502900123596191
14990,216,10838,0.0127642890438437,0.4425269961357116
14559,294,14735,0.4051595330238342,0.9680039882659912
14559,299,14989,0.0469427369534969,1.1572444908307344
14974,15,753,0.9286195635795592,1.253059983253479
14427,263,13171,0.0025062391068786,0.6280859708786011
14927,119,5965,0.1286575198173523,1.191390037536621
14611,16,848,0.0001512597227701,0.7470420002937317
14611,138,6924,0.0059916619211435,0.9603959918022156
14367,135,6753,0.0373446680605411,0.521772027015686
14367,289,14496,0.0150637179613113,0.6738485581024349
14948,224,11225,0.0120285199955105,0.8276280164718628
14609,112,5620,0.6822274327278137,1.0645899772644043
14758,195,9791,0.3132359981536865,0.9500619769096376
14631,5,264,0.0285162385553121,1.0046228000873185
14631,213,10675,0.0060462495312094,1.355676359746667
14729,199,9966,0.0140915224328637,1.1635600328445437
14737,12,619,0.0005309749394655,0.7140877169101927
14795,12,628,0.0205010119825601,0.7351059913635254
14795,45,2260,0.0141889499500393,0.9447320103645324
14559,52,2650,0.0393872745335102,1.0602699518203735
14559,224,11241,0.0257598347961902,0.9217900037765504
14805,82,4145,0.613700807094574,0.766187036764947
14805,302,15101,0.0018000552663579,1.0458799600601196
14722,185,9290,0.0479085855185985,1.005560040473938
14686,29,1451,0.0044738687574863,0.9460430145263672
14686,29,1490,0.0019803056493401,0.8429399728775024
14576,43,2155,0.0672829672694206,1.0231800079345703
14576,43,2172,0.0477143302559852,1.0150799751281738
14990,158,7927,0.3918714821338653,1.1067500114440918
14609,70,3536,0.0011149802012369,1.0896799564361572
14609,260,13026,0.0060897935181856,1.3048100471496582
14998,21,1070,0.011820531450212,1.435254325019244
14377,142,7123,0.0075180092826485,0.7232249691570587
14377,142,7130,0.0073102200403809,1.0495599508285522
14642,66,3317,0.0014568307669833,0.9332910180091858
14290,61,3076,0.8802309632301331,1.2191100120544434
14377,140,7018,0.7756538391113281,0.9920060038566588
14377,227,11400,0.0401718094944953,0.7159467574401502
14428,12,644,0.1832650154829025,1.4130500555038452
14428,39,1965,0.7112528681755066,1.1141300201416016
14428,44,2218,0.0099363727495074,0.5177620053291321
14535,70,3535,0.0028534594457596,1.103059545989481
14535,131,6579,0.0094956643879413,0.4021129906177521
14990,39,1991,0.0022377411369234,1.0404499769210815
14749,216,10829,0.0665855705738067,1.2424999475479126
14995,0,16,0.1890600472688675,1.0755800008773804
14788,12,638,0.172568678855896,0.530834972858429
14788,26,1349,0.0878859981894493,0.8447854109564901
14564,43,2191,0.0099754761904478,1.1660799980163574
14564,90,4510,0.0605586543679237,1.0305500030517578
14694,13,672,0.0155855482444167,1.0026400089263916
14694,35,1792,0.0015217794571071,0.9151059985160828
14361,25,1274,0.2272442579269409,0.5322459936141968
14631,132,6647,0.024029117077589,0.5089380145072937
14603,12,634,0.0512391664087772,1.0432100296020508
14392,224,11212,0.0072371885180473,1.583490014076233
14500,1,94,0.0222101472318172,1.3699670855002637
14363,18,909,0.970458447933197,1.0
14363,67,3380,0.3741694688796997,1.264486086250983
14363,81,4074,0.2219322621822357,0.917842984199524
14957,7,356,0.0004232675710227,1.0240700244903564
14814,111,5571,0.0175989307463169,1.1933799982070925
14610,169,8479,0.164165198802948,0.3736299872398376
14391,9,471,0.0056402957998216,1.3483518180218255
14391,30,1517,0.1236789673566818,1.0154600143432615
14676,2,123,0.0038719500880688,0.9873999953269958
14948,201,10074,0.0153749603778123,1.05485999584198
14464,10,503,0.0005305646336637,1.1277799606323242
14464,13,667,0.1028432324528694,0.980870008468628
14569,176,8843,0.0285074412822723,0.8036519885063171
14816,13,659,0.3163535296916961,0.8367559909820557
14454,18,942,0.0522065013647079,0.9927449822425842
14925,118,5939,0.0056717419065535,0.5124390125274658
14789,19,994,0.1099372059106826,1.4027999639511108
14789,105,5292,0.0184340476989746,1.1261802700484582
14907,226,11348,0.1159052997827529,0.9120200276374816
14586,56,2831,0.0013718870468437,1.131999969482422
14283,55,2775,0.0247874837368726,0.5712773347060747
14812,108,5441,0.0355230942368507,0.8082320094108582
14812,143,7159,0.009208396077156,0.7986159920692444
14643,33,1668,0.0385138727724552,1.0570800304412842
14643,277,13893,0.0250630918890237,1.0913192363236919
14772,94,4715,0.0133180078119039,0.8360729813575745
14772,253,12669,0.1953946501016616,1.740339994430542
14559,265,13259,0.8285953402519226,1.2697128550399837
14805,313,15672,0.5285078883171082,0.9824619889259338
14667,2,123,0.0026138580869883,1.1657899618148804
14912,49,2458,0.1506187617778778,0.9232360124588012
14631,3,177,0.0206570215523242,0.6835010051727295
14428,98,4922,0.0096637289971113,1.0
14428,99,4952,0.0020989917684346,0.9991919994354248
14428,192,9604,0.1241200789809227,0.5543199777603149
14459,93,4661,0.0022072521969676,0.8684890270233154
14920,114,5741,0.0010965358233079,1.0887800455093384
14920,121,6054,0.1076830849051475,1.0
14667,94,4739,0.002301805652678,0.9274809956550598
14893,160,8028,0.0034922778140753,0.5685030221939087
14631,290,14537,0.5311582684516907,1.0219299793243408
14918,36,1845,0.1726903319358825,1.01951003074646
14918,77,3890,0.1033828407526016,1.0192500352859497
14918,101,5058,0.227868303656578,1.0781099796295166
14403,11,576,0.0094255143776535,0.4690659940242767
14403,64,3240,0.0876780897378921,0.3028262314760326
14403,74,3732,0.0633344128727912,1.0032800432576823
14726,108,5446,0.1056084260344505,1.332859992980957
14793,72,3626,0.0096096210181713,0.9138200283050536
14793,87,4356,0.0020289758685976,0.9926379919052124
14529,61,3095,0.0280050095170736,1.040310025215149
14233,11,553,0.0105467764660716,0.6720160245895386
14235,80,4010,0.0161759108304977,1.1955499649047852
14806,273,13668,0.3489900827407837,1.2604525568490033
14329,313,15663,0.0147235980257391,1.093371940892567
14692,15,794,0.9960814118385316,1.040410041809082
14368,10,529,0.0728639215230941,1.048490047454834
14368,119,5951,0.0343199893832206,1.049780011177063
14375,53,2666,0.0130751775577664,1.0684000253677368
14726,99,4989,0.1387504637241363,1.0
14726,146,7341,0.02647733874619,0.49477069732567713
14551,257,12868,0.0340175181627273,0.9207479953765868
14912,47,2390,0.0517017431557178,1.0202699899673462
14590,23,1176,0.0008214641129598,0.9832770228385924
14590,117,5893,0.3850354850292206,1.7773666111892792
14550,70,3526,0.0041643669828772,0.995692014694214
14550,195,9784,0.1768011301755905,1.0469499826431274
14343,142,7139,0.0067697800695896,1.3086662213615055
14343,283,14177,0.0017212664242833,0.9624189734458924
14878,107,5370,0.0168168321251869,1.0809799432754517
14998,69,3500,0.0037003431934863,1.0753899812698364
14573,68,3421,0.6185067296028137,1.032950976703617
14592,35,1768,0.0148300817236304,0.5716360211372375
14592,35,1774,0.0016883806092664,1.0394699573516846
14592,71,3580,0.0828410759568214,0.9631249904632568
14959,280,14035,0.3471526205539703,0.7675719857215881
14920,115,5777,0.0444008596241474,1.0653599500656128
14749,139,6987,0.0209168158471584,1.0
14688,29,1475,0.027498073875904,0.8650910258293152
14828,190,9523,0.0220031682401895,1.022699952125549
14890,48,2438,0.4919349253177643,0.8779129981994629
14890,101,5091,0.001596070243977,0.910381019115448
14556,25,1286,0.028632266446948,0.7898949980735779
14556,167,8368,0.0030250365380197,0.4900631742076911
14580,108,5432,0.0202663000673055,1.056130051612854
14805,297,14899,0.0150323957204818,0.9107499718666076
14805,309,15463,0.0703453719615936,0.9719679951667786
14743,15,784,0.3775196075439453,0.3746190071105957
14743,23,1196,0.2069286555051803,1.060610055923462
14743,105,5277,0.001035674707964,1.0762613323112618
14573,18,942,0.0638742446899414,1.036620020866394
14573,79,3956,0.0129171712324023,1.4460149091016208
14881,130,6514,0.0352555885910987,1.0539100170135498
14290,259,12994,0.0483859851956367,0.46157329561040683
14636,27,1383,0.0216965992003679,0.6305429935455322
14893,158,7930,0.2024534046649933,1.105739951133728
14382,26,1349,0.0611680932343006,1.141260027885437
14516,29,1475,0.0901264995336532,1.254207164614229
14913,161,8093,0.0193900130689144,0.5574026583081774
14539,78,3912,0.0099713057279586,0.0003182535317309855
14539,204,10232,0.0015489322831854,1.0000900030136108
14428,117,5859,0.0113021060824394,1.0436099767684937
14546,8,421,0.0164742786437273,1.3924762219033653
14546,138,6902,0.0310600027441978,0.6722819805145264
14916,130,6536,0.9972078204154968,1.4621448841319048e-11
14355,7,376,0.9545687437057496,1.0816199779510498
14388,50,2532,0.0679751634597778,1.0161999464035034
14556,5,289,0.0451960265636444,1.0351099967956543
14556,187,9366,0.0278865657746791,1.0475900173187256
14556,187,9391,0.036147478967905,1.02469003200531
14907,17,852,0.8464816808700562,0.00098373322612292
14539,4,212,0.007802858017385,1.679419994354248
14814,168,8415,0.0216084327548742,0.621491014957428
14450,95,4787,0.5946874022483826,1.0222400426864624
14450,243,12194,0.0684397593140602,0.5635650157928467
14428,248,12429,0.1038257777690887,0.5416730046272278
14438,156,7813,0.0145809492096304,1.0229400396347046
14313,22,1109,0.0051424372941255,1.3229399919509888
14313,196,9826,0.2406328171491623,0.6977783424135708
14438,40,2012,0.0593880377709865,0.00011850059131593965
14358,151,7560,0.0307348258793354,0.632420003414154
14603,147,7357,0.7720520496368408,1.1313295351215658
14929,28,1419,0.0312833227217197,1.2069799900054932
14939,116,5843,0.0006029577925801,1.0265599489212036
14582,20,1033,0.0143433660268783,1.0303000211715698
14734,147,7362,0.0362322032451629,0.5190349817276001
14806,246,12318,0.0003855275572277,1.1031399965286257
14806,246,12323,0.0579685866832733,0.057285651803928375
14916,30,1532,0.0022665271535515,1.3751699924468994
14916,55,2788,0.0316424220800399,0.8779129981994629
14909,61,3062,0.1031627357006073,0.8268030285835266
14643,113,5692,0.0012771744513884,0.6193389892578125
14356,93,4668,0.0078331166878342,0.5690517643694228
14893,108,5450,0.6990704536437988,1.1433015374603457
14893,150,7502,0.006174876820296,0.9580069780349731
14427,87,4369,0.0401713885366916,1.0192400217056274
14576,29,1487,0.1561919003725052,0.9090290069580078
14537,39,1970,0.1108858212828636,0.8779129981994629
14411,26,1332,0.12406537681818,0.6629899740219116
14411,30,1509,0.0092201447114348,0.6672319769859314
14411,49,2480,0.1412875354290008,1.222540020942688
14927,123,6197,0.2677196860313415,1.1196099519729614
14716,89,4455,0.0289878826588392,1.09295173819973
14392,193,9700,0.1772260516881942,0.8586210012435913
14392,232,11634,0.0227734148502349,0.5633699893951416
14870,147,7371,0.0175541304051876,0.6849169731140137
14967,37,1884,0.5006677508354187,0.9348940253257751
14722,72,3605,0.1478579342365265,0.995963990688324
14750,47,2384,0.0010305591858923,0.7162830233573914
14750,52,2635,0.0225116554647684,1.05253005027771
14743,167,8359,0.3448298871517181,1.402533928246612
14428,43,2170,0.0212956629693508,1.16474312143648
14425,42,2130,0.0853362381458282,0.9789159893989564
14425,89,4459,0.3665802478790283,0.5044419765472412
14876,61,3094,0.0261819139122962,0.3504259884357452
14925,275,13762,0.0036985133774578,1.1783856089474511
14527,8,411,0.0301381349563598,0.5156069993972778
14805,235,11779,0.043662179261446,1.0542000532150269
14716,23,1162,0.024843156337738,0.997044026851654
14716,97,4852,0.0009535117424093,1.2089600563049316
14564,97,4880,0.383573055267334,0.956112027168274
14631,162,8129,0.0032058032229542,0.99836688392611
14631,193,9666,0.0421532727777957,1.058769941329956
14293,128,6439,0.8964774012565613,1.089900016784668
14920,132,6610,0.1350198984146118,1.165682071226627
14469,76,3847,0.0142434649169445,1.0226800441741943
14469,112,5638,0.8716553449630737,0.7486630082130432
14329,232,11622,0.0412441864609718,0.9478989839553832
14873,168,8448,0.1658381670713424,0.2892830777753872
14609,25,1290,0.037552211433649,1.0729800462722778
14609,48,2420,0.0217150375247001,1.044534931421616
14609,251,12592,0.0064897420816123,1.0461599826812744
14635,0,37,0.0059261629357934,0.9097660183906556
14635,33,1657,0.0018873527878895,1.1095999479293823
14970,218,10918,0.0114570604637265,1.0133600234985352
14393,3,196,0.0050031817518174,0.6079609014578224
14393,24,1214,0.0020813061855733,0.9834229946136476
14463,157,7851,0.6561332941055298,0.4303900003433227
14463,221,11055,0.394688069820404,1.5861400365829468
14463,221,11081,0.016641292721033,7.421225089980908
14436,89,4479,0.0005740927881561,1.2583199739456177
14436,89,4500,0.0139294080436229,1.0
14436,174,8721,0.0435883775353431,0.9223889708518982
14708,1,63,0.8543087244033813,1.013100028038025
14708,52,2616,0.0095588080585002,0.7126825502622864
14512,59,2967,0.0048892018385231,0.9268440008163452
14805,30,1537,0.245043396949768,1.02020001411438
14805,294,14702,0.0050877090543508,1.1905279925897077
14959,115,5799,0.0006586179952137,0.831076979637146
14959,139,6989,0.0493978895246982,1.1055646239916541
14580,25,1257,0.0254370458424091,1.351080568938059
14580,75,3770,0.0030256679747253,0.5414646510196874
14880,16,827,0.097227044403553,1.2717493666465887
14814,165,8259,0.0247195456176996,1.0215699672698977
14543,98,4907,0.0101663274690508,1.2492599487304688
14543,154,7746,0.1440136879682541,1.0166200399398804
14575,58,2931,0.0682901293039321,0.9287509918212892
14575,64,3206,0.0225134659558534,1.164384480106108
14573,0,48,0.1451558917760849,0.9767240285873412
14573,41,2099,0.0069860219955444,0.4026814207827556
14573,73,3690,0.0163737088441848,1.0134416673756876
14708,81,4095,0.0553763285279274,1.1533600091934204
14329,6,336,0.0198556836694479,1.044029951095581
14329,6,347,0.007385176140815,0.0002510302130694925
14664,8,407,0.7958403825759888,1.0154600143432615
14458,62,3132,0.0597275756299495,1.1737581947049025
14427,60,3018,0.0854750648140907,0.9092119932174684
14940,274,13748,0.0656445398926734,1.0753300189971924
14551,181,9054,0.0350928269326686,0.8761060237884521
14406,17,892,0.3460181951522827,0.5300779938697815
14764,95,4757,0.9160782098770142,0.949366629373003
14335,237,11887,0.0040174606256186,1.2084285651837945
14383,39,1954,0.0252999197691679,1.3699991743790747
14469,140,7049,0.0031354157254099,1.0356999635696411
14418,248,12429,0.0005094373482279,1.171370029449463
14631,243,12154,0.0032800957560539,0.9947687669790071
14785,2,129,0.0114506417885422,0.6019560098648071
14379,167,8395,0.0201284065842628,0.5974370241165161
14539,131,6581,0.0340381078422069,0.9899740219116212
14293,82,4105,0.1765043288469314,0.8779129981994629
14293,254,12722,0.0130427349358797,1.2302500009536743
14603,34,1737,0.0044266334734857,0.967859983444214
14363,207,10380,0.007164507638663,0.989877998828888
14805,255,12767,0.0061714425683021,1.0703599452972412
14729,44,2207,0.0073175532743334,0.9989859871823796
14772,233,11693,0.0126576414331793,1.2976200580596924
14235,149,7452,0.0037953802384436,0.9180700182914734
14427,82,4139,0.0631772726774215,1.2285000085830688
14428,21,1058,0.1531361043453216,0.9635949730873108
14428,206,10334,0.0209972877055406,0.6497399806976318
14516,12,638,0.01908521912992,1.1851377906446314
14516,31,1589,0.991616427898407,0.6673937000456078
14436,8,411,0.0089642656967043,0.9600039720535278
14552,23,1189,0.0133772501721978,1.0255199670791626
14793,120,6020,0.787403404712677,1.0356385810907014
14572,33,1688,0.0046648816205561,1.0308400392532349
14981,108,5424,0.0551515854895114,1.1248899698257446
14981,256,12826,0.0013114729663357,1.2873472383903677
14664,0,49,0.0158279556781053,0.3972789943218231
14293,56,2808,0.1447275727987289,0.9613990187644958
14925,132,6638,0.3357760906219482,1.0307999849319458
14569,79,3981,0.0255405530333518,1.151479959487915
14584,17,899,0.0981977880001068,1.0622400045394895
14584,45,2259,0.215433269739151,0.648930013179779
14626,57,2899,0.2653313875198364,0.9386289715766908
14464,111,5555,0.0011627814965322,0.4111289978027344
14464,111,5577,0.1653871834278106,0.8138790130615234
14464,111,5578,0.7876375913619995,1.0044000148773191
14587,64,3220,0.0117247868329286,1.3199610458804045
14634,94,4728,0.998242735862732,1.0
14634,144,7245,0.0189877077937126,0.5446299910545349
14634,156,7843,0.0201900731772184,1.051759958267212
14603,17,900,0.016212772578001,0.8979269862174988
14535,74,3720,0.0028469355311244,1.536120057106018
14623,224,11247,0.6622004508972168,0.7717300057411194
14623,237,11894,0.2031798809766769,1.049239993095398
14716,56,2824,0.8139422535896301,0.00010774871304268219
14667,63,3182,0.0078505836427211,0.9245799779891968
14271,121,6063,0.0037188862916082,0.7393890023231506
14271,127,6377,0.0006081341416575,1.0256199836730957
14271,177,8858,0.8908607959747314,0.9649400115013124
14557,94,4717,0.1241128221154213,0.6207789778709412
14911,129,6468,0.0472471341490745,0.945463001728058
14321,130,6536,0.0095833977684378,0.2968679964542389
14695,17,875,0.2401023656129837,3.9288572510156428
14667,43,2189,0.0008696172153577,1.7905267639665394
14223,108,5440,0.0012179212644696,0.933892011642456
14223,174,8737,0.0354542657732963,0.933892011642456
14541,52,2638,0.0067293350584805,1.0170799493789673
14314,2,124,0.0200205817818641,0.9833239912986756
14376,10,546,0.000247864954872,1.0596799850463867
14376,19,962,0.016533238813281,0.6604779958724976
14376,19,967,0.0546192675828933,1.2886837574084211
14664,83,4159,0.0151834515854716,1.0529500246047974
14664,156,7829,0.1084259301424026,1.0107799768447876
14913,175,8770,0.0053737480193376,0.6316594404384546
14712,23,1164,0.033177476376295,1.2085700035095217
14712,157,7877,0.0052612368017435,0.8779129981994629
14543,232,11617,0.9584120512008668,1.0013400316238403
14356,47,2362,0.0174191370606422,1.003890037536621
14955,67,3354,0.029001448303461,0.9909743809380489
14955,123,6184,0.002774700988084,0.4958269894123077
14729,58,2936,0.0051485523581504,1.2967213983452694
14729,180,9011,0.0221914649009704,1.2181423820699706
14729,183,9170,0.0809879079461097,1.1460455456902425
14368,278,13946,0.0128975296393036,0.9130820035934448
14584,154,7715,0.0058354223147034,1.1907925148687186
14745,50,2503,0.0706694051623344,1.2272800207138062
14884,145,7257,0.0193080641329288,0.79168301820755
14334,6,323,0.0422839075326919,0.5618191527560582
14782,96,4802,0.0746449157595634,1.0219299793243408
14782,130,6537,0.0047814399003982,0.8753699802812491
14782,130,6546,0.716187596321106,1.0719220797460591
14410,29,1497,0.0089096361771225,0.8987789750099182
14637,0,29,0.0565594434738159,1.0868703684491263
14702,0,30,0.0279471632093191,0.9071000218391418
14925,7,374,0.0957031995058059,0.8843259811401367
14925,7,387,0.1170152872800827,1.0
14569,57,2871,0.9684678316116332,0.5599849820137024
14569,73,3677,0.8757986426353455,1.191155494477556
14569,74,3724,0.7196491956710815,0.4750750064849853
14583,85,4278,0.8502362966537476,0.5877029895782471
14541,77,3893,0.0263399016112089,0.9646689891815186
14746,136,6839,0.6480557322502136,1.1277999877929688
14746,248,12406,0.0025587193667888,1.112460017204285
14592,46,2303,0.1201022267341613,0.3176189959049225
14592,95,4788,0.1345740854740142,1.0385899543762207
14245,55,2784,0.0449276119470596,1.0205299854278564
14682,28,1434,0.0056295227259397,0.956827998161316
14682,34,1740,0.0178001187741756,1.0224654712283154
14548,84,4238,0.0293111391365528,0.9557470083236694
14548,93,4669,0.0770316272974014,0.7384508975782964
14562,55,2795,0.113721065223217,0.901113986968994
14562,57,2852,0.0181860905140638,1.1518000364303589
14643,173,8698,0.001200194703415,0.8741713373577937
14725,45,2281,0.103787250816822,0.4333640038967132
14725,108,5449,0.0363681055605411,1.1531930211041725
14539,196,9823,0.0016867305384948,1.037719964981079
14463,15,780,0.0053075812757015,1.0371099710464478
14377,278,13949,0.0837766826152801,0.5200470089912415
14524,23,1161,0.0126841040328145,1.0003999471664429
14919,26,1324,0.5285949110984802,0.00029105006664761695
14621,37,1875,0.0124982539564371,0.9227049946784972
14734,231,11590,0.1203495487570762,0.7585830092430115
14768,125,6261,0.1185727044939994,1.3254400491714478
14539,176,8835,0.0014518945245072,0.8410959839820862
14774,121,6090,0.0049784681759774,1.0526700019836426
14914,270,13515,0.0639547184109687,0.9888089895248412
14428,158,7942,0.0255157463252544,0.8337391058506399
14428,201,10089,0.0055227214470505,1.0757900476455688
14418,91,4568,0.0664696246385574,0.9245520234107972
14553,83,4197,0.1012404039502143,1.017259955406189
14553,301,15052,0.1569616049528122,0.991974803404787
14553,301,15068,0.0264927539974451,5.952797427949234e-05
14830,52,2629,0.0009107695659622,0.5335819721221924
14979,19,964,0.0026324789505451,0.9722890257835388
14771,75,3783,0.0121491439640522,0.9866685574800016
14942,63,3163,0.2459675669670105,0.8003929853439331
14385,0,29,0.0594387166202068,0.3743637202413481
14955,146,7310,0.0259599927812814,1.0386500358581543
14907,10,501,0.0024730607401579,0.985845983028412
14558,249,12459,0.011587806046009,1.099850058555603
14870,312,15643,0.0009057787829078,0.935890018939972
14644,22,1149,0.0139664821326732,0.4948920011520386
14644,97,4860,0.0062552131712436,0.867950975894928
14410,204,10226,0.047990333288908,1.0839300155639648
14410,291,14553,0.0048556816764175,0.5155460238456726
14410,291,14571,0.0129270115867257,0.5259299874305725
14915,219,10964,0.4476621150970459,0.47766298640915034
14516,60,3014,0.1007191240787506,1.0291199684143066
14427,219,10952,0.5619488954544067,0.8779888083377685
14427,219,10991,0.0020865767728537,1.0482499599456787
14529,63,3184,0.7198357582092285,1.16889502806945
14543,109,5499,0.0033250278793275,1.0331900119781494
14526,86,4343,0.0249908901751041,0.9701939821243286
14367,36,1804,0.1074618771672248,1.0394500494003296
14550,292,14645,0.1458093076944351,0.8209540247917175
14549,193,9659,0.0001696333347354,0.9909489750862122
14549,193,9690,0.0232853423804044,1.3561700582504272
14549,37,1867,0.0576933100819587,0.996993199517789
14549,144,7218,0.0049894303083419,1.121399998664856
14763,40,2024,0.1419256180524826,1.027169942855835
14270,116,5817,0.2992749810218811,0.4868890047073364
14270,166,8341,0.0036440838593989,1.1046700477600098
14726,68,3426,0.0025960439816117,1.4115899801254272
14583,78,3946,0.4533559381961822,0.9873340129852296
14403,15,788,0.1330332905054092,0.9651769995689392
14634,137,6867,0.0419161655008792,0.860164999961853
14902,248,12444,0.4981370568275451,0.6564819812774658
14902,293,14667,0.0029092843178659,1.1180200576782229
14544,242,12111,0.0097248796373605,0.5502587484536292
14870,31,1560,0.0061595160514116,1.0
14870,215,10768,0.0067637804895639,1.079439997673035
14336,26,1315,0.1731006652116775,0.4166589975357055
14336,75,3794,0.0018847524188458,0.7750185476812206
14712,101,5067,0.0004044477536808,0.5243103211203746
14619,111,5562,0.0029214336536824,1.091089963912964
14619,120,6043,0.0373014248907566,0.9838619828224182
14379,6,312,0.0521348230540752,0.5146309733390808
14888,192,9615,0.1716043651103973,0.9749559760093688
14580,1,73,0.1010094955563545,0.5041038451841294
14580,45,2280,0.0013527624541893,0.6987760066986084
14580,96,4813,0.3341232538223266,1.0478299856185913
14580,96,4823,0.0013821937609463,1.018239974975586
14450,220,11005,0.0707414299249649,1.0212299823760986
14539,107,5384,0.0269290991127491,0.8175129890441895
14682,18,926,0.0431109853088855,1.018530011177063
14893,82,4129,0.0151127194985747,0.6084989905357361
14942,74,3721,0.0947130471467971,1.0689899921417236
14942,185,9282,0.0245183948427438,0.7096760272979736
14564,28,1443,0.0770904347300529,1.821042791761023e-15
14611,21,1078,0.3311056792736053,1.038789987564087
14549,26,1301,0.0013800702290609,0.8352059721946716
14549,99,4964,0.0091688213869929,0.9022759795188904
14549,181,9088,0.0041754716075956,0.5929080247879028
14939,92,4607,0.0211410839110612,1.033229947090149
14939,92,4647,0.0952474474906921,0.9210500121116638
14427,35,1790,0.2256795912981033,1.2015999555587769
14553,26,1314,0.0048155970871448,1.020679950714111
14553,137,6856,0.01431705057621,0.20891407799140893
14526,22,1103,0.1117523163557052,0.9711120128631592
14438,102,5124,0.0027149091474711,1.0159300565719604
14438,143,7198,0.1523928195238113,1.202720046043396
14764,28,1433,0.9449220895767212,0.9655140042304992
14436,129,6480,0.0100771645084023,0.5817630290985107
14412,18,901,0.0064458092674613,1.024459958076477
14689,0,18,0.0010068517876788,1.0572799444198608
14689,0,47,0.0024207478854805,0.9785833414493368
14689,4,221,0.0425128936767578,1.3172296896368605
14689,10,523,0.0057059372775256,1.0
14550,285,14262,0.0174365695565938,1.2069400548934937
14893,152,7617,0.7389247417449951,0.715408980846405
14643,161,8074,0.0382071770727634,9.393316731946561e-06
14271,22,1128,0.0593729689717292,1.0261399745941162
14452,143,7168,0.6090180277824402,0.6470310091972351
14603,57,2899,0.001404138165526,0.3488700091838836
14603,144,7213,0.0991575419902801,0.5751429796218872
14603,163,8182,0.7692105770111084,0.6783729791641235
14891,35,1786,0.0016667949967086,1.0
14790,66,3321,0.0167714245617389,1.0348600149154663
14976,129,6488,0.0717187076807022,0.8702250123023987
14940,230,11547,0.0093187689781188,0.5856750011444092
14948,91,4571,0.0014109973562881,0.5930240154266357
14948,110,5520,0.0131804691627621,1.0872700214385986
14770,39,1998,0.0101242074742913,0.6063399910926819
14505,5,284,0.0016114794416353,0.9862189888954164
14527,0,2,0.092769369482994,0.4744519889354706
14527,31,1596,0.1833415627479553,0.6557999849319458
14233,22,1149,0.0324776321649551,1.279097952065058
14743,87,4370,0.918501317501068,1.6637248272579654
14965,318,15912,0.7918550372123718,1.0636600255966189
14586,0,15,0.0246805176138877,1.0388400554656982
14586,3,173,0.0034719838295131,1.0816099643707275
14771,28,1418,0.9989437460899352,0.3824850022792816
14771,28,1426,0.1926687210798263,1.2338846877126457
14771,59,2957,0.0390250831842422,1.2883207635457694
14771,148,7446,0.0024981626775115,0.7115359902381897
14760,138,6949,0.0210633222013711,1.1194863325052753
14557,27,1382,0.0448692254722118,1.046120047569275
14557,33,1684,0.0065626362338662,1.359089970588684
14758,133,6662,0.0027956764679402,1.142076978550186
14758,133,6675,0.0037041667383164,0.9614599943161012
14758,187,9363,0.0097351530566811,1.0665500164031982
14543,159,7972,0.0252348538488149,1.0361599922180176
14463,153,7662,0.4563823044300079,1.3929500579833984
14541,42,2133,0.0066358176991343,1.630020022392273
14749,227,11393,0.7739988565444946,1.0
14749,260,13048,0.0075231031514704,0.986589014530182
14549,134,6714,0.0477687865495681,0.954998016357422
14807,86,4327,0.0021362171974033,0.8952159881591797
14270,47,2361,0.006744890473783,0.6102749705314636
14270,159,7984,0.0108830472454428,0.6102749705314636
14270,160,8015,0.0514827966690063,0.6102749705314636
14270,209,10466,0.0017302269116044,0.6102749705314636
14270,209,10476,0.0253360010683536,0.6102749705314636
14550,182,9105,0.0687853172421455,1.021440029144287
14550,182,9120,0.0276236999779939,1.1646516669375515
14981,16,825,0.0114692449569702,1.0424068401407283
14760,21,1094,0.0010428230743855,0.00010340197998048693
14609,79,3969,0.0009125133510679,7.981047125128385
14609,192,9629,0.1289959698915481,1.046488820359528
14902,96,4843,0.004756583366543,0.9714490175247192
14909,36,1835,0.0153500260785222,0.6281075770840339
14909,143,7182,0.0064195874147117,1.2568600177764893
14376,8,418,0.0065397415310144,0.5618460178375244
14376,132,6637,0.0054640457965433,1.5322699546813965
14409,181,9066,0.122961550951004,1.039309013059622
14436,280,14016,0.0990112274885177,0.08513147059478408
14746,201,10088,0.183105394244194,0.677174985408783
14746,201,10099,0.4037350416183471,1.7103731274425371
14233,34,1739,0.1582562923431396,0.8540260195732117
14671,1,80,0.1217325702309608,1.018530011177063
14671,5,256,0.2502341270446777,1.1916099786758425
14671,7,399,0.0894378200173378,0.8961910009384155
14671,11,554,0.0579308271408081,0.7975410223007202
14828,196,9829,0.0318514667451381,0.891327977180481
14965,278,13905,0.0282584894448518,0.5103949904441833
14610,170,8530,0.026774525642395,0.8587110042572021
14626,24,1249,0.2744186818599701,1.1845500469207764
14626,54,2705,0.0010120373917743,1.0180699825286863
14799,104,5241,0.9652754068374634,0.591949999332428
14959,307,15382,0.0374608933925628,1.0211800336837769
14527,52,2635,0.0335335582494735,1.0547599792480469
14527,60,3017,0.3045446276664734,0.9009680151939392
14637,26,1301,0.012982839718461,1.4970699548721311
14637,148,7424,0.0407832711935043,1.0
14516,30,1543,0.2832675278186798,0.22165664732413232
14516,74,3732,0.1596341580152511,0.9463899731636048
14597,45,2268,0.0452029034495353,0.5236899852752686
14597,134,6723,0.0578857213258743,0.6402599811553955
14887,50,2519,0.0054499828256666,1.1289387468815448
14880,196,9822,0.0003910781815648,1.0142099857330322
14807,101,5056,0.3850011229515075,1.855271440250738e-16
14807,101,5071,0.0559946820139884,0.4176689982414245
14418,270,13519,0.0890220552682876,0.568340003490448
14363,19,975,0.0147446282207965,0.7555480003356934
14363,197,9897,0.0363374538719654,1.4146236951938815
14271,66,3326,0.0249931253492832,0.8774510025978088
14789,147,7362,0.0344642512500286,0.923799991607666
14368,221,11083,0.53502357006073,1.0273900032043457
14799,32,1648,0.0524555668234825,0.8797630071640015
14799,54,2709,0.0017024930566549,1.034749984741211
14931,13,670,0.0084729557856917,0.8768854900579157
14754,6,347,0.0007497014012187,2.4557761080452565
14327,9,497,0.0293540973216295,0.0014036277955473203
14556,257,12889,0.002927764551714,0.8779129981994629
14623,135,6783,0.0003194477467332,0.6585232884538641
14623,218,10923,0.0084141790866851,0.594120979309082
14623,231,11595,0.0029672763776034,0.9653639793395996
14410,230,11518,0.2812075614929199,0.6851667966683124
14410,245,12266,0.0155978007242083,0.941635012626648
14998,162,8102,0.0780051499605178,0.9302740097045898
14396,14,711,0.2921700179576874,1.0441299676895142
14396,58,2932,0.516925573348999,0.6836810111999512
14450,201,10051,0.3972090184688568,0.9606729745864868
14903,59,2997,0.0063999905250966,1.5676100254058838
14329,139,6967,0.002210229402408,1.0021899938583374
14756,80,4026,0.0053478749468922,0.8779129981994629
14756,80,4028,0.0031241001561284,0.9560089707374572
14927,120,6033,0.0064365109428763,0.9490320086479188
14664,259,12997,0.039939995855093,0.9393180012702942
14893,245,12274,0.0182144995778799,0.9550700187683104
14909,74,3724,0.0213348567485809,0.8902440071105957
14480,3,152,0.0038515490014106,0.9948049783706664
14710,1,92,0.0037437360733747,0.8669040203094482
14637,17,896,0.0255536586046218,0.8592857483744964
14553,98,4946,0.0486250296235084,0.9229180216789246
14553,168,8408,0.0032150524202734,1.3663698305059597
14223,21,1075,0.0348382666707038,1.0360499620437622
14934,15,755,0.0603919066488742,0.8908270001411438
14934,74,3742,0.0032300823368132,1.1910500526428225
14545,25,1251,0.4484013319015503,0.8633869886398315
14622,23,1163,0.2853166460990906,1.0244100093841553
14622,23,1192,0.0961203798651695,0.4343039989471435
14587,100,5001,0.0088130664080381,0.9354337425338597
14564,113,5684,0.0597800463438034,1.0943599939346311
14300,33,1693,0.0102578001096844,0.6202409528659559
14771,270,13537,0.3551007211208343,1.1249500513076782
14571,0,45,0.0694746375083923,1.008440017700195
14571,15,799,0.0190712939947843,1.1140799522399902
14356,198,9932,0.0992469787597656,1.0963499546051023
14710,37,1871,0.00199635932222,1.0318700075149536
14824,316,15837,0.0006994027644395,0.540585994720459
14343,146,7327,0.0609857887029647,0.8537020087242126
14643,90,4510,0.0126949716359376,0.5478969812393188
14582,74,3720,0.3354114592075348,0.49381535173746716
14927,77,3880,0.0246160142123699,1.0
14927,221,11091,0.0188088435679674,1.0103199481964111
14610,56,2829,0.0034386594779789,0.9767590165138244
14888,203,10174,0.0706792101264,0.7639489769935608
14870,214,10749,0.0073423301801085,0.9937660098075868
14870,222,11149,0.0240908898413181,1.1085000038146973
14637,179,8974,0.0003105702053289,0.7901187406426686
14368,118,5926,0.0263550225645303,0.4209330081939697
14991,102,5130,0.1010956391692161,2.799410104751587
14546,46,2329,0.1411562711000442,0.9941509962081908
14410,172,8647,0.0166918169707059,1.0294400453567505
14870,56,2818,0.0513382256031036,0.6874249944859869
14795,56,2810,0.0097869485616683,1.2146999835968018
14736,223,11184,0.0025969604030251,0.9736963021313585
14965,284,14249,0.4839922487735748,0.8036400079727173
14375,183,9167,0.0010629749158397,1.0621600151062012
14375,183,9187,0.0009716093773022,1.344418283759339
14467,231,11555,0.0652872622013092,1.0043400526046753
14912,305,15277,0.0109122144058346,1.215336536086511
14428,35,1772,0.094606913626194,0.9589229822158812
14427,31,1571,0.0132035985589027,0.9617739915847778
14427,34,1732,0.0220743250101804,1.0439399480819702
14321,39,1979,0.0171423219144344,1.070690035820007
14283,147,7353,0.010826769284904,0.9082557098008692
14727,59,2969,0.0234120395034551,0.9387680292129515
14727,101,5100,0.8815782070159912,1.1696482392802638
14899,286,14343,0.0088345352560281,1.1635836614984214
14899,300,15034,0.0061883842572569,0.9648540019989014
14899,300,15041,0.003345203353092,1.1923500299453735
14375,68,3438,0.109373077750206,1.106969952583313
14569,78,3916,0.0047703506425023,0.5029950141906738
14569,112,5626,0.2679283320903778,1.1096299886703491
14569,118,5922,0.0007797363796271,0.9897400140762328
14223,132,6619,0.0042587099596858,0.92569100856781
14746,34,1728,0.0284912753850221,0.7545269727706909
14807,104,5248,0.004562662448734,0.816245973110199
14807,161,8080,0.2073501199483871,0.9486839771270752
14306,199,9999,0.0015689751598984,0.5279260277748108
14436,24,1250,0.0638700127601623,1.045560002326965
14559,111,5573,0.1066576912999153,1.5876699686050415
14559,117,5884,0.0012354349019005,1.0281399488449097
14558,281,14054,0.0297321639955043,0.5647709924180332
14280,34,1709,0.009107326157391,1.1596399545669556
14383,9,475,0.0068876016885042,1.162719964981079
14383,52,2604,0.1127709969878196,1.0260599851608276
14986,98,4931,0.0690695494413375,1.0449299812316897
14558,114,5729,0.010843495838344,0.5995445115550168
14544,11,557,0.0100850630551576,1.188944595148314
14990,9,460,0.2018786519765854,0.9440460205078124
14990,218,10928,0.0910817384719848,0.6595180034637451
14758,166,8316,0.0032024255488067,0.8071820139884949
14760,207,10357,0.0058086398057639,0.998399019241333
14903,17,853,0.0361692383885383,1.16856871741669
14903,72,3634,0.0066549298353493,1.1013000011444092
14903,72,3643,0.0009219868807122,0.6495649814605713
14903,262,13104,0.0104286726564168,1.1319600343704224
14558,247,12382,0.0084684304893016,1.3787699937820437
14806,96,4841,0.021496208384633,1.042019963264465
14822,8,421,0.1493224054574966,1.1407484374419707
14337,29,1461,0.2733301520347595,1.0466699600219729
14337,30,1521,0.104446142911911,0.9873470067977904
14935,125,6277,0.0499373637139797,0.6901900172233582
14617,66,3305,0.0020309309475123,1.1911906479817842
14927,34,1714,0.0260730814188718,0.905007004737854
14927,198,9941,0.0001126770875998,1.1395100355148315
14772,220,11009,0.0121804811060428,0.6221709847450256
14301,309,15462,0.039449393749237,0.9943199753761292
14363,266,13305,0.0178988017141819,1.281000018119812
14376,73,3669,0.0057158875279128,1.049663040107937
14376,215,10795,0.3110531866550445,1.2109099626541138
14376,274,13747,0.0491239428520202,1.12267005443573
14571,6,304,0.0170640796422958,0.6340280175209045
14571,36,1815,0.1590539216995239,1.0216200351715088
14245,154,7701,0.1556247770786285,3.965110312634677e-13
14607,23,1199,0.0079170493409037,0.948773980140686
14607,112,5620,0.0384738482534885,1.012529969215393
14796,52,2619,0.3546111583709717,1.703023325834323
14828,15,799,0.0318181701004505,0.68955397605896
14828,72,3614,0.0829251110553741,0.8857570290565491
14428,225,11288,0.0101978536695241,0.4639239907264709
14880,197,9871,0.495240181684494,0.3408235279172302
14455,159,7973,0.0255533494055271,0.7510769963264465
14925,45,2300,0.8368345499038696,1.2234680725474334
14925,79,3951,0.3667148351669311,0.540164863557738
14925,231,11576,0.0038671621587127,0.9281280040740968
14925,231,11582,0.1805254071950912,0.7214930057525635
14469,41,2063,0.001790523994714,1.0468900203704834
14469,71,3574,0.0506399497389793,1.0638799667358398
14469,124,6220,0.0199838336557149,2.129420042037964
14914,4,215,0.0035500405356287,0.8779129981994629
14914,16,801,0.7529422044754028,0.20555205873347135
14914,47,2359,0.013398079201579,0.5663529561521443
14729,22,1109,0.0041514411568641,1.0098982631874804
14729,100,5014,0.7750837802886963,0.5960400104522705
14934,51,2580,0.0380644910037517,1.0625799894332886
14935,33,1657,0.9645368456840516,0.9371259808540344
14935,79,3970,0.0182838402688503,0.7016270160675049
14935,288,14425,0.2366297990083694,1.393445820717266e-08
14820,1,72,0.0525945574045181,1.0314600467681885
14784,83,4151,0.5839123129844666,0.7450289726257324
14784,88,4450,0.0180842652916908,0.7586219906806946
14526,63,3167,0.0170595683157444,1.3549275876626725
14623,172,8601,0.0052034850232303,1.075160026550293
14623,260,13027,0.069301962852478,0.795628011226654
14816,258,12909,0.0102218072861433,0.9955040216445924
14914,34,1747,0.1446928083896637,1.0733200311660769
14914,80,4018,0.0076478533446788,1.0448299646377563
14914,256,12838,0.0443345569074153,1.0333199501037598
14749,236,11847,0.0052320072427392,0.9351980090141296
14935,65,3280,0.0430711135268211,1.077929973602295
14935,232,11627,0.0109583996236324,1.049098735444602
14245,210,10526,0.0139042101800441,0.5080999732017517
14553,129,6470,0.0176863241940736,1.3361974039191438
14818,44,2223,0.1156661137938499,1.3710374251843263
14409,133,6652,0.0659269914031028,1.0337400436401367
14981,226,11347,0.1453441679477691,0.511784017086029
14981,239,11990,0.0616790764033794,8.107115302795883e-06
14271,37,1885,0.0035445694811642,1.0429699420928955
14271,219,10992,0.000479191483464,1.0075600147247314
14631,58,2910,0.3398816883563995,1.086169958114624
14631,58,2914,0.0140885552391409,1.0813900232315063
14631,171,8579,0.4995988309383392,0.8813160061836243
14575,98,4923,0.005438070744276,0.5904710292816162
14917,57,2855,0.0134057197719812,0.2395880073308944
14956,290,14523,0.0460503213107585,0.7878410220146179
14891,37,1867,0.9205968379974364,1.0082099437713623
14643,96,4802,0.0162532683461904,0.9665279984474182
14980,34,1706,0.3675687313079834,0.987326979637146
14980,143,7188,0.0028030255343765,0.9331330060958862
14576,68,3439,0.1180745735764503,4.1229747368276906e-05
14955,76,3843,0.0198039729148149,0.8801829814910889
14327,21,1075,0.0954648405313491,0.8920019865036011
14327,38,1933,0.0114479912444949,0.7675719857215881
14329,305,15265,0.0528769306838512,0.908860981464386
14623,98,4933,0.0120647707954049,0.5406439900398254
14914,125,6285,0.0898264497518539,0.6001449823379517
14914,125,6286,0.0245089083909988,1.0878100395202637
14585,28,1431,0.0072518838569521,1.0686999559402466
14641,77,3874,0.0600657388567924,1.044260025024414
14751,5,277,0.9426069259643556,1.0478299856185913
14409,256,12848,0.0387303978204727,1.0814100503921509
14553,85,4265,0.0041692266240715,5.875829643463462e-12
15017,38,1912,0.2970728874206543,1.006749987602234
14306,86,4334,0.0188841968774795,1.0047500133514404
14342,150,7502,0.1507545113563537,1.182438523514719
14342,196,9831,0.0015637626638635,1.0495699644088743
14558,44,2232,0.0250588748604059,1.2396083415984835
14558,163,8169,0.5095808506011963,1.350059986114502
14558,163,8185,0.0150938164442777,1.1140899658203125
14382,28,1437,0.0018233299488201,0.5388669967651367
14749,193,9687,0.0705584362149238,0.4610249996185303
14306,135,6774,0.0211492292582988,1.3711400032043457
14956,113,5658,0.0010650621261447,1.0147700309753418
14956,167,8374,0.5049754977226257,1.256100058555603
14734,205,10294,0.0034431528765708,1.0035400390625
14391,3,152,0.0169569570571184,0.9785199761390686
14979,100,5028,0.0153486710041761,1.0122100114822388
14279,150,7513,0.0003692881437018,1.169260025024414
14338,79,3983,0.9453622102737428,1.0
14338,246,12346,0.0196438301354646,0.5891781878858637
14980,142,7146,0.0032612078357487,1.0413399934768677
14469,64,3231,0.0002848857257049,1.0170799493789673
14469,84,4237,0.0755363702774047,0.9425989985466005
14722,59,2977,0.7459802627563477,0.9398750030574092
14722,198,9923,0.8987104892730713,0.5414590239524841
14722,198,9948,0.0293624605983495,1.3620799779891968
14722,199,9988,0.0137270763516426,1.1878199577331543
14812,141,7096,0.2480186522006988,0.8984169960021973
14812,158,7942,0.7248769998550415,0.6313930153846741
14219,26,1341,0.1926633864641189,1.0468677445055903
14219,71,3588,0.0192171297967433,0.606095016002655
14219,71,3596,0.1348064839839935,1.0194588828682642
14578,50,2503,0.001884619705379,0.6426721573069969
14377,241,12055,0.0040026232600212,0.6433699727058411
14306,164,8207,0.0096396319568157,0.5835904008642387
14306,201,10068,0.0124026238918304,1.0251100063323977
14425,124,6202,0.0706545338034629,1.1557300090789795
14401,30,1516,0.0151820750907063,1.148059964179993
14401,227,11353,0.0245974957942962,1.0191099643707275
14870,275,13767,0.0208185017108917,7.881257235786411e-05
14551,216,10803,0.002500059781596,1.083693188049111
14551,216,10814,0.0665884464979171,0.5330309867858887
14897,118,5935,0.0296604428440332,0.9711729884147644
14401,199,9980,0.4274503886699676,0.5981420278549194
14550,34,1750,0.5771481990814209,2.0894259338317056
14455,187,9351,0.0655467510223388,1.0743102556136677
14975,145,7285,0.3021950125694275,1.0786099433898926
14975,176,8825,0.0038873318117111,1.0207300186157229
14557,51,2571,0.0306128412485122,1.930948194248884
14428,127,6356,0.0071212337352335,1.326810002326965
14911,114,5721,0.0004717368574347,1.0603899955749512
14358,236,11834,0.0011334482114762,0.948648989200592
14556,87,4388,0.0026596677489578,0.6365789771080017
14383,37,1858,0.0014047948643565,0.8610280156135559
14409,21,1094,0.019644372165203,0.6967363200082275
14603,59,2967,0.0344137139618396,0.9064670205116272
14603,132,6605,0.0184116382151842,1.0331499576568604
14633,5,296,0.0313320346176624,0.6647340059280396
14959,111,5587,0.0043982663191854,0.9576259851455688
14554,6,325,0.0140662919729948,1.042050004005432
14706,19,961,0.018125994130969,1.0253499746322632
14706,55,2765,0.1562733352184295,2.642963749467393e-14
14887,113,5676,0.1049449443817138,1.0355299711227417
14920,58,2913,0.0203983038663864,1.0195900201797483
14631,43,2179,0.9527370929718018,1.2317691447061634
14902,112,5622,0.0315659791231155,1.0123800039291382
14329,40,2021,0.0009390488266944,0.655007004737854
14408,45,2286,0.0239141825586557,0.954294979572296
14301,18,947,0.0804661735892295,0.9507430195808412
14724,4,237,0.0151238227263093,1.0659199953079224
14459,69,3494,0.004809976555407,1.015900217886383
14625,51,2559,0.0707337707281112,0.7011899948120117
14587,24,1248,0.1575807780027389,0.911014974117279
14587,94,4726,0.079580545425415,1.0391499996185305
14425,235,11782,0.0276356264948844,1.6599500179290771
14438,270,13527,0.2168425023555755,0.4571869969367981
14631,296,14836,0.0073931291699409,1.210729956626892
14631,296,14845,0.0131291765719652,0.6243550181388855
14409,153,7670,0.0068841818720102,0.962015986442566
14936,48,2436,0.265271931886673,0.951682984828949
14573,82,4104,0.0573603771626949,1.0751899480819702
14573,82,4124,0.0007682187133468,0.6619589924812317
14573,81,4088,0.3774854838848114,1.0276399850845337
14573,91,4566,0.6485096216201782,0.96076101064682
14736,103,5176,0.0029221740551292,0.7650290131568909
14640,15,794,0.0214355792850255,0.8649449944496155
14393,14,704,0.0068107820115983,1.3307100534439087
14760,120,6050,0.0229665134102106,0.9752489924430848
14729,193,9688,0.0700406953692436,0.9448789954185486
14642,29,1481,0.0514434017241001,0.5721319913864136
14956,219,10980,0.011218306608498,0.5254970192909241
14372,290,14537,0.0164109356701374,0.7302190065383911
14372,308,15431,0.0027768367435783,0.7302190065383911
14551,246,12317,0.0030910684727132,1.1956062585669118
14927,16,834,0.8929487466812134,0.5565530061721802
14927,195,9759,0.5370394587516785,0.682913657141853
14754,73,3654,0.074827492237091,1.5147092113680574
14754,73,3696,0.0097181126475334,1.0091500282287598
14550,117,5851,0.0619772933423519,0.8372719883918762
14550,136,6837,0.0361540578305721,1.021630048751831
14775,11,569,0.0166794471442699,0.8894789814949036
15017,20,1035,0.0435281805694103,0.95108300447464
14722,195,9794,0.0638604462146759,1.4363890608599377
14801,88,4449,0.0069212038069963,0.7037299871444702
14801,147,7374,0.0008442577673122,0.8186445868793868
14464,239,11959,0.0014979836996644,1.3804105886219418
14935,7,381,0.972602128982544,1.148360013961792
14935,158,7930,0.0498178526759147,1.0101399421691897
14876,62,3141,0.0236066449433565,0.9217900037765504
14467,275,13753,0.0211191922426223,1.0121400356292725
14880,52,2607,0.0079257581382989,1.000630021095276
14880,114,5715,0.730904221534729,0.6785340288163012
14880,171,8582,0.0334418825805187,1.111850023269653
14881,24,1218,0.1477367579936981,0.5577939748764038
14978,49,2488,0.0139683205634355,1.0351799726486206
14377,144,7224,0.0024607363156974,0.914313018321991
14745,25,1292,0.0187110397964715,1.040560007095337
14458,27,1351,0.947497546672821,0.889339029788971
14458,52,2617,0.1581633239984512,0.9785730242729188
14805,245,12256,0.0024766630958765,0.9105929732322692
14805,245,12284,0.0128400269895792,1.1864512948604897
14805,245,12297,0.1073796451091766,1.0887900590896606
14805,251,12552,0.0008057315717451,1.492761610461173
14549,158,7946,0.026050454005599,0.8779129981994629
14870,308,15401,0.0966372787952423,0.7274288698923996
14301,1,66,0.7135754227638245,0.8902385667335013
14870,164,8220,0.0226481016725301,1.2315338340148685
14897,99,4965,0.0801290944218635,0.5235999822616577
14610,165,8261,0.0867189392447471,0.8375759720802307
14805,196,9808,0.0224055983126163,1.1628600358963013
14338,53,2660,0.0080049820244312,1.3372094945688104
14338,83,4197,0.0409409366548061,1.0374399423599243
14464,51,2555,0.0282252188771963,1.0340499877929688
14562,13,664,0.0191430170089006,1.0370099544525146
14375,242,12126,0.5985589027404785,0.9754850268363952
14584,147,7382,0.0101159010082483,1.247029987796168
14633,20,1001,0.0603782907128334,1.0316100120544434
14772,258,12946,0.0125005850568413,1.0490399599075315
14596,11,560,0.0276940464973449,0.9131418448166218
14409,210,10523,0.0444408357143402,1.4782899618148804
14409,227,11392,0.0057787033729255,1.145740032196045
14368,65,3277,0.3002883195877075,1.0282399654388428
14368,146,7305,0.0117226978763937,0.4961510002613067
14805,86,4313,0.3088580965995788,1.1782100200653076
14377,127,6378,0.0053311632946133,1.034060001373291
14949,71,3579,0.0349019691348075,0.6205099821090698
14632,29,1473,0.0028777967672795,1.0
14956,119,5967,0.0012754944618791,0.5030770757435192
14727,8,446,0.0015565167414024,0.5093399882316589
14727,50,2548,0.005538024008274,0.7269799709320068
14870,100,5015,0.2990615367889404,0.5392040014266968
14425,13,664,0.0316269733011722,1.0218000411987305
14425,13,668,0.6383378505706787,1.1135400533676147
14425,43,2169,0.1064789965748786,0.93272602558136
14425,206,10328,0.0016166968271136,0.6420824613593368
14857,111,5566,0.1124249473214149,1.0769699811935425
14768,76,3849,0.1250646412372589,0.924098014831543
14768,188,9411,0.0044942242093384,0.5849930047988892
14301,292,14607,0.0008158389246091,0.5360180139541626
14872,5,270,0.0831695273518562,1.018100023269653
14899,68,3424,0.0123887425288558,1.0404900312423706
14857,79,3962,0.3216873109340668,1.0479700565338137
14935,77,3887,0.0068230824545025,0.5159940123558044
14956,47,2400,0.0019408005755394,1.1751333928428664
14542,46,2302,0.0054995063692331,0.6751211896465321
14542,97,4892,0.0603773184120655,0.7259762105246637
14884,85,4285,0.0120785562321543,0.917527973651886
14531,9,458,0.0061126281507313,1.0035200119018557
14450,49,2485,0.1634033322334289,1.1163100004196167
14450,49,2486,0.0029541910625994,1.0
14450,115,5773,0.0581462569534778,1.0234099626541138
14450,143,7157,0.0770690590143203,0.3592399954795837
14549,4,247,0.0310321580618619,1.144279956817627
14549,91,4598,0.0013720112619921,0.9918339848518372
14549,105,5284,0.5024543404579163,0.8556450009346008
14989,118,5945,0.2403566539287567,0.9617480039596558
14914,56,2819,0.0077246208675205,0.9295539855957032
14597,22,1137,0.1040273383259773,1.040470004081726
14617,21,1081,0.0016112491721287,0.9409440159797668
14617,24,1244,0.0054464298300445,1.041820049285889
14623,273,13673,0.101012997329235,0.9737989902496338
14342,53,2687,0.0042038266547024,1.1751099824905396
14342,184,9225,0.0043060150928795,1.0
14526,37,1852,0.1987428665161132,1.034690022468567
14562,21,1062,0.7988293170928955,0.1525722230059436
14562,43,2199,0.1514549106359481,1.080590009689331
14914,157,7858,0.0064222156070172,0.8422459959983826
14914,167,8400,0.0107036596164107,1.17349083384795
14914,225,11269,0.0122374705970287,0.6395530104637146
14914,233,11678,0.1380096822977066,0.9260370135307312
14467,291,14572,0.0041921674273908,1.2522799968719482
14390,66,3313,0.0020316811278462,1.0500099658966064
14390,66,3321,0.000939964025747,1.027959942817688
14760,173,8696,0.4036987721920013,1.518458928763195
14760,187,9378,0.0588645413517952,0.2995229959487915
14242,37,1893,0.0320893675088882,1.4121817973360895
14242,54,2708,0.0436223670840263,1.076642191645746
14464,261,13081,0.0100661199539899,0.9493839396228054
14989,90,4547,0.0117002697661519,0.8679425844186424
14989,303,15174,0.102424569427967,0.977042019367218
14881,115,5796,0.2793121933937073,0.9111279845237732
14911,163,8200,0.0356648229062557,0.9483389854431152
14358,187,9383,0.1047619506716728,1.112030029296875
14358,214,10750,0.0246929582208395,1.0091899633407593
14358,243,12181,0.058442398905754,0.4997020065784454
14637,32,1619,0.0226283147931098,0.8601710200309753
14637,32,1632,0.0201281905174255,1.3763043909801098
14637,158,7925,0.0081655196845531,1.1196999549865725
14793,38,1942,0.5339944362640381,1.3440826927964622
14793,58,2907,0.023480175063014,0.6543987050462262
14334,97,4852,0.0063188723288476,1.0140600204467771
14924,156,7831,0.1377430707216262,0.865202009677887
14924,306,15327,0.0054009691812098,0.7622299790382385
14569,82,4124,0.6155588030815125,0.9688680171966552
14569,123,6159,0.0087625468149781,5.1374957161506245
14569,123,6188,0.0127086592838168,0.8680009841918945
14418,58,2914,0.0143859796226024,1.0335400104522705
14768,116,5817,0.1240812912583351,1.0462100505828855
14768,152,7603,0.7792459726333618,0.8391810059547424
14768,152,7637,0.0913944542407989,1.0759199857711792
14760,30,1535,0.0012213826412335,0.9931899905204772
14924,31,1558,0.4013652801513672,1.0383399724960327
14899,324,16209,0.0023240656591951,0.7872599959373474
14634,6,319,0.0153134791180491,1.0826300382614136
14799,95,4757,0.0049253888428211,0.9373779892921448
14756,4,219,0.0103011950850486,0.9613879919052124
14450,155,7754,0.0011590105714276,0.7191190123558044
14899,218,10944,0.0263100191950798,0.7998470067977905
14468,58,2920,0.2713799476623535,0.6017760038375854
14468,103,5178,0.0499021410942077,1.1571082544663371
14700,13,657,0.0134911471977829,1.3372000455856323
14537,96,4841,0.0028969501145184,1.0
14936,36,1804,0.0006698986981064,1.0189745126957919
14632,3,165,0.726108968257904,1.048930048942566
14368,59,2994,0.0167769063264131,1.379580020904541
14887,63,3190,0.0040627163834869,0.9578670263290404
14438,63,3161,0.1529931724071502,0.9707909822463988
14438,194,9712,0.8273010849952698,0.5327939987182617
14817,55,2772,0.0162094179540872,0.9923689961433412
14329,260,13026,0.8567501902580261,1.1432000398635864
14907,101,5055,0.0419467911124229,0.5742310285568237
14607,170,8514,0.1598030924797058,0.945770025253296
14531,25,1273,0.0457910001277923,0.8431699872016907
14531,25,1291,0.0086787296459078,0.9657332026561605
14746,223,11157,0.0008076633093878,1.267989993095398
14746,261,13054,0.0111426264047622,0.7954080104827881
14643,264,13248,0.0033467251341789,1.0216599702835083
14643,286,14315,0.2747745513916015,0.4610489904880523
14970,72,3641,0.2557731866836548,0.8779129981994629
14970,166,8343,0.026643780991435,0.9899740219116212
14675,54,2710,0.4456005692481994,1.2842299938201904
14343,179,8957,0.2754266262054443,1.3460965073418267
14749,131,6580,0.0273409336805343,1.0005099773406982
14747,24,1229,0.000966882740613,0.3478686396076007
14716,125,6263,0.0231636092066764,0.9905279874801636
14824,327,16394,0.0099715171381831,1.187809944152832
14899,278,13934,0.034387532621622,0.5334669947624207
14464,265,13279,0.0110792117193341,1.1971499919891355
14884,252,12636,0.0327761024236679,1.1541800498962402
14644,80,4041,0.0593841895461082,0.7449280023574829
14736,37,1867,0.0064426371827721,0.0021483786831156147
14576,11,568,0.7223917245864868,0.4871140122413635
14576,11,598,0.1242936328053474,0.8656290173530579
14576,58,2916,0.0058403373695909,1.0031499862670898
14989,200,10030,0.0230412241071462,0.3705990016460418
14900,55,2776,0.1219096407294273,1.086874265772849
14546,140,7002,0.0559473522007465,0.9965389966964722
14749,19,986,0.0744052976369857,1.0841699838638306
14749,170,8503,0.0043153599835932,0.5088669797065996
14749,230,11520,0.0182507317513227,0.5906590223312378
14746,123,6197,0.0039838547818362,1.096879959106445
14989,230,11536,0.0601406544446945,0.32061390219746144
14641,40,2008,0.0375307388603687,3.9774565732425125e-10
14641,129,6481,0.0475191920995712,1.0320500135421753
14427,15,793,0.0206876769661903,0.929377019405365
14542,177,8857,0.0011632273672148,1.379459004473418
14818,26,1334,0.1067789271473884,0.4439029991626739
14818,30,1535,0.2563926577568054,1.04407000541687
14812,147,7399,0.0078920554369688,1.2830245429860554
14900,25,1293,0.0051244460046291,1.0742900371551514
14790,87,4364,0.410088449716568,0.9217900037765504
14745,82,4111,0.0986744537949562,1.0112099647521973
14771,301,15082,0.1729931384325027,0.5811639549209104
14672,5,281,0.0673580691218376,1.2854991248791379
14672,11,570,0.1043333485722541,0.6140670874628995
14544,48,2445,0.0349535159766674,0.5521900057792664
14544,197,9870,0.0010766576742753,0.8143489956855774
14860,2,102,0.6031303405761719,0.9606050252914428
14860,5,285,0.6419344544410706,1.0734800100326538
14609,199,9976,0.7554827928543091,0.590399980545044
14746,119,5988,0.0419190227985382,0.4347699880599975
14512,12,609,0.009669879451394,0.9080290198326112
14820,3,156,0.0468329302966594,1.0130800008773804
14820,3,163,0.0529243946075439,1.1076799631118774
14820,34,1750,0.0011201451998203,0.5133360028266907
14790,9,499,0.0107960244640707,0.9381229877471924
14790,189,9481,0.0024358471855521,1.2856197018749924
14580,28,1411,0.2972403168678283,0.9302798293087875
14580,28,1445,0.0057725650258362,0.7653430104255676
14743,24,1206,0.2621370255947113,0.9597913380965295
14743,93,4671,0.0160220116376876,1.0422300100326538
14306,20,1024,0.0091310068964958,0.8433899879455566
14306,20,1048,0.0905789732933044,0.5432209968566895
14990,223,11160,0.0323324054479599,0.6387432107889026
14990,274,13750,0.0061219460330903,1.0442399978637695
14543,52,2628,0.0308767743408679,0.7097049951553345
14555,86,4332,0.0159280952066183,1.5012999773025513
14396,82,4102,0.0130679802969098,0.6938819885253906
14396,82,4125,0.8573631048202515,1.7192916377503593
14986,230,11524,0.0099034253507852,0.8129720091819763
14343,62,3115,0.0073056821711361,1.015030026435852
14407,52,2644,0.1287994682788849,0.6163859963417053
14356,217,10878,0.291483998298645,1.0820499658584597
14697,7,354,0.2208654135465622,0.8937965014393472
14697,46,2338,0.0039816875942051,1.9604829977443e-05
14697,73,3655,0.0022344985045492,1.0
14697,73,3686,0.0172802302986383,0.8959890007972717
14342,296,14828,0.0017067018197849,1.1031006900306013
14343,184,9249,0.0618163421750068,1.125380039215088
14425,98,4924,0.0010415135184302,0.5847899913787842
14425,251,12594,0.0040899668820202,1.270400047302246
14642,48,2444,0.0023130476474761,1.031999945640564
14641,62,3137,0.0308358203619718,1.1890391600508252
14569,62,3127,0.0010018880711868,1.1313999891281128
14372,73,3664,0.0010762367164716,0.8763629794120789
14725,63,3172,0.1674088984727859,1.212188153610228
14725,63,3174,0.0251786783337593,0.6944550275802612
14450,151,7580,0.0164674185216426,1.0266200304031372
14715,20,1019,0.0419479086995124,1.0576200485229492
14715,20,1035,0.0082975719124078,1.1571500301361084
14372,256,12848,0.1119334027171135,1.0574500560760498
14280,1,100,0.0041277515701949,0.8133649826049805
14548,75,3772,0.0047676507383584,1.0443400144577026
14548,124,6202,0.0290528871119022,1.045300006866455
14932,8,403,0.0034770159982144,1.1822099685668943
14828,216,10803,0.1467774659395218,0.6672426145318653
14223,138,6927,0.0006877751438878,1.053820013999939
14223,141,7100,0.0109594324603676,1.0125800371170044
14223,165,8261,0.020871952176094,0.9741269946098328
14245,197,9882,0.0130966752767562,0.6836427309858237
14596,6,308,0.0190784707665443,1.0220500230789185
14542,33,1666,0.0028584210667759,0.8869929909706116
14818,116,5850,0.1048994958400726,0.9840279817581176
14488,22,1115,0.3084050118923187,1.2092735503170076
14488,32,1603,0.0173168592154979,0.9862292064244684
14524,17,894,0.0195507779717445,1.042639970779419
14524,40,2042,0.7356970906257629,0.8846518851363498
14609,60,3027,0.0599443204700946,1.195180058479309
14609,163,8198,0.8348094820976257,0.911404013633728
14710,35,1765,0.349156379699707,0.6701290011405945
14746,236,11849,0.0020503043197095,1.3338700532913208
14774,186,9350,0.042070236057043,1.1222000122070312
14980,72,3646,0.0163512825965881,0.8238769769668579
14980,165,8286,0.0074223103001713,0.5346850156784058
14362,77,3883,0.0173002891242504,0.5570499897003174
14362,80,4004,0.7042334079742432,0.9711509943008424
14553,135,6800,0.0329586789011955,1.1523300409317017
14553,173,8652,0.0135577423498034,1.0
14409,206,10302,0.0110205793753266,0.6260510087013245
14455,33,1664,0.016318704932928,0.5520730018615723
14438,37,1863,0.0343830995261669,1.0506399869918823
14342,211,10591,0.0050951968878507,0.9914969801902772
14556,307,15400,0.080363355576992,1.1092400550842283
14427,285,14268,0.0136395618319511,1.0836600065231323
14610,246,12337,0.0109461052343249,1.548656254538642
14736,97,4866,0.0116979638114571,1.159806977780704
14372,41,2063,0.8253099322319031,1.2206699848175049
14372,252,12627,0.6370016932487488,0.967859983444214
14636,31,1560,0.1075540632009506,1.2787799835205078
14636,72,3635,0.0065939025953412,0.8706719875335693
14356,207,10358,0.2425294816493988,0.5896160006523132
14396,12,627,0.0178452208638191,0.5597580075263977
14542,109,5473,0.0186118446290493,0.9377899765968324
14788,68,3411,0.0116798412054777,0.38759481459784695
14372,47,2384,0.0734045356512069,1.0486400127410889
14372,207,10367,0.0470214113593101,1.2621099948883057
14407,5,251,0.012944022193551,0.8434079885482788
14306,118,5923,0.0034390711225569,1.130091525300017
14306,188,9413,0.1670446097850799,0.9626929759979248
14537,32,1622,0.0198026578873395,0.1562959998846054
14358,79,3963,0.0052409339696168,1.0252599716186523
14358,168,8414,0.0113035012036561,0.9961730241775512
14716,48,2430,0.0031287516467273,0.8466939926147461
14716,93,4694,0.0126976119354367,1.2432604160693472
14733,56,2841,0.0318978168070316,1.0507400035858154
14733,58,2910,0.0045939465053379,0.5043529868125916
14924,106,5344,0.4043029546737671,0.8344119787216187
14623,205,10268,0.830718994140625,1.321560025215149
14473,7,354,0.0111437877640128,0.9209072912497618
14473,7,363,0.04196348041296,1.319313713192173
14473,7,387,0.2799226641654968,0.9913179874420166
14664,19,995,0.129722774028778,1.0465099811553955
14279,182,9137,0.1917178183794021,0.9677403885038416
14883,14,740,0.1118564456701278,0.9104719758033752
14544,18,936,0.0033346083946526,1.0373400449752808
14686,9,482,0.0182785242795944,0.966103971004486
14686,9,485,0.0038191499188542,1.075909972190857
14271,77,3896,0.6795387268066406,1.07683002948761
14271,193,9653,0.001713331323117,0.8194925920489453
14626,85,4287,0.0463694743812084,0.9004859924316406
14930,27,1353,0.0309343878179788,0.8419259786605835
14335,278,13946,0.002538583939895,1.156371806594336
14619,130,6504,0.2902960777282715,1.272570013999939
14619,138,6925,0.0288081504404544,1.0548499822616575
14716,26,1327,0.0067077027633786,0.7310439944267273
14721,84,4224,0.0145808923989534,0.9964939951896667
14721,127,6366,0.0119552845135331,0.5936089754104614
14682,20,1043,0.003274739254266,0.012486287372668234
14766,13,688,0.0107217961922287,0.7507481281880359
14766,19,961,0.8305081129074097,0.5501959919929504
14748,105,5286,0.0048025636933743,0.9064904803939697
14748,116,5845,0.0228740293532609,0.9117209911346436
14427,88,4417,0.0007015684386715,0.9684590101242064
14784,56,2830,0.0059728175401687,1.0552799701690674
14784,60,3044,0.0747223943471908,0.9362480044364928
14450,40,2042,0.0115811880677938,0.9268239736557008
14370,2,132,0.0056797177530825,1.1310399770736694
14915,103,5199,0.0154712069779634,0.9155279994010924
14557,4,227,0.5219436287879944,1.6196999549865725
14557,139,6983,0.0132164033129811,0.8303020000457764
14876,65,3256,0.0260536465793848,1.0160499811172483
14816,147,7364,0.0051109353080391,1.121869296446043
14816,193,9671,0.0409135445952415,0.4740799963474273
14936,75,3795,0.0729162618517875,0.9723209738731384
14989,6,325,0.0014917685184627,0.7714721463035517
14989,14,732,0.0414044149219989,0.4934830069541931
14989,96,4834,0.0155540481209754,1.0141899585723877
14989,275,13793,0.0038490986917167,1.0354299545288086
14989,285,14267,0.0025735998060554,0.932770013809204
14458,79,3989,0.0238964091986417,0.9217900037765504
14749,257,12900,0.6916400790214539,0.5128710269927979
14805,10,531,0.0769838020205497,1.214020013809204
14919,14,728,0.1045852527022361,1.0888299942016602
14772,44,2223,0.0039637386798858,0.8343443491811796
14779,44,2203,0.0474975630640983,0.2368520051240921
14779,44,2238,0.0152242593467235,0.792165994644165
14779,83,4192,0.0031177459750324,0.8763565279925913
14338,275,13758,0.1564682275056839,1.3999006108488175
14463,175,8786,0.0543500743806362,1.0104600191116333
14758,15,751,0.0304864272475242,1.028849959373474
14758,67,3357,0.0109290312975645,1.025670051574707
14758,174,8703,0.0063829268328845,1.0689599514007568
14556,294,14739,0.0282444432377815,1.0227400064468384
14631,0,32,0.0363042764365673,0.928668975830078
14942,78,3945,0.0131598310545086,1.194536039052494
14942,268,13448,0.0059092952869832,0.4779320061206817
14722,241,12062,0.0285357888787984,1.0071699619293213
14542,18,937,0.0004564218397717,1.0486199855804443
14542,170,8547,0.0062370379455387,0.9338499903678894
14743,61,3065,0.0149696450680494,0.497188001871109
14743,98,4917,0.2048325687646865,1.0239800214767456
14812,325,16290,0.4303280711174011,1.19923996925354
14918,63,3185,0.0020220377482473,0.994799017906189
14918,87,4381,0.147264614701271,0.6058989763259888
14918,147,7392,0.0570718944072723,0.21145099401474
14873,82,4134,0.0235699098557233,1.0754724670947624
14884,117,5893,0.061083473265171,0.8364061772992386
14911,195,9756,0.0025025238282978,0.8841855417054916
14772,186,9323,0.0020870950538665,0.5280140042304993
14923,1,73,0.0200043153017759,1.0346499681472778
14785,51,2591,0.0163893904536962,1.2678600549697876
14770,1,88,0.0302469376474618,0.9808139801025392
14770,253,12698,0.000764059019275,0.8082950115203857
14686,8,412,0.6310926079750061,1.0800399780273438
14686,84,4221,0.0147034674882888,1.0
14916,89,4478,0.1286025494337082,0.7067760229110718
14916,156,7843,0.0006492302636615,0.9776579737663268
14916,168,8402,0.0219162236899137,0.09723464660622211
14888,161,8052,0.0333521962165832,1.0955499410629272
14954,9,490,0.0217252150177955,1.4663900136947632
14954,14,737,0.0682919174432754,1.078089952468872
14954,51,2574,0.0876288563013076,0.9087430238723756
14428,69,3492,0.0505071729421615,0.5167779922485352
14916,131,6591,0.5268505811691284,0.952817976474762
14916,133,6685,0.0046838582493364,1.0435199737548828
14553,150,7531,0.912372589111328,1.926011024394306e-20
14553,150,7542,0.0130030382424592,1.039989948272705
14542,206,10346,0.0073923449963331,0.7985990047454834
14553,113,5683,0.0007534321630373,1.081909506991373
14553,113,5687,0.00074886175571,0.5769889950752258
14553,279,13968,0.7400757074356079,1.016223844720912
14745,52,2620,0.1518430411815643,1.0324499607086182
14745,130,6508,0.1123826280236244,0.5597760415937003
14607,78,3946,0.0053106904961168,1.0400899648666382
14310,5,262,0.7901419997215271,0.7486471026001026
14452,16,814,0.0007373779662884,0.946615993976593
14438,31,1551,0.8638412952423096,0.5208110213279724
14636,52,2612,0.0063688494265079,1.53656005859375
14636,73,3651,0.0046708029694855,0.7000370025634766
14636,140,7033,0.0015124513301998,1.267799973487854
14985,32,1610,0.5746797919273376,1.207730054855347
14985,155,7776,0.0688783675432205,1.307629942893982
14746,250,12512,0.0175829771906137,1.1799700260162354
14814,8,428,0.0353499725461006,0.9326930046081544
14814,139,6989,0.0025561989750713,1.039489984512329
14722,41,2091,0.1402992904186248,0.997294008731842
14722,184,9224,0.0087046129629015,1.042930006980896
14436,106,5347,0.0060707372613251,1.737033645780812
14564,163,8192,0.0949384570121765,1.0078599452972412
14368,113,5680,0.0384797230362892,0.9890369772911072
14368,191,9568,0.0187342297285795,1.0
14927,207,10355,0.5688555240631104,0.9790310263633728
14425,97,4882,0.3835295140743255,0.9692161124813484
14425,241,12081,0.2584046125411987,1.0840799808502195
14340,47,2369,0.0078140217810869,1.100419998168945
14340,58,2931,0.0336795076727867,0.6038939952850342
14394,26,1316,0.0302280634641647,1.0237599611282349
14959,66,3340,0.0696775540709495,1.0891799926757812
14976,178,8913,0.0162073336541652,1.669100046157837
14235,97,4897,0.0882875621318817,0.8816400170326233
14526,108,5450,0.1448980122804641,0.2341759949922561
14779,138,6943,0.058472491800785,0.9616259932518004
14779,146,7348,0.3208994269371032,0.8020190000534058
14664,96,4843,0.5823236703872681,1.0465143073292535
14432,25,1278,0.0355355739593505,0.4017019867897033
14564,144,7214,0.0296363662928342,0.7628239989280701
14564,144,7238,0.0264666881412267,0.9314280152320862
14893,282,14125,0.0004103115352336,1.0212500095367432
14542,36,1848,0.0005216266144998,1.0774500370025637
14270,56,2805,0.9355777502059937,0.10437953790032042
14270,253,12668,0.8072158694267273,0.6240019798278809
14773,29,1460,0.0103931687772274,1.0918899774551392
14545,144,7203,0.0198216419667005,1.057860016822815
14367,231,11588,0.0011768551776185,0.9064599871635436
14367,295,14764,0.0799920484423637,0.9117850065231324
14459,96,4849,0.0068879905156791,1.0122699737548828
14418,218,10902,0.475198358297348,1.0478299856185913
14321,89,4460,0.0138740492984652,1.3199738235907716
14321,89,4463,0.0786875337362289,1.2602699995040894
14321,118,5940,0.1749775111675262,0.969193994998932
14697,25,1292,0.4981792271137237,1.2490650267939145
14376,293,14661,0.115941621363163,0.8536239862442017
14279,56,2833,0.0261186491698026,0.628603994846344
14664,195,9774,0.8452316522598267,1.037850022315979
14793,127,6362,0.3086695373058319,1.1590499877929688
14793,127,6387,0.0011712478008121,0.5361019968986511
14729,173,8685,0.4543860852718353,0.4623869955539703
14729,186,9308,0.0152880670502781,1.668660044670105
14626,16,818,0.8598601222038269,1.8591815994000176
14626,42,2102,0.9791148900985718,1.0518800020217896
14270,245,12284,0.0528193190693855,0.482899010181427
14942,217,10897,0.0035093717742711,0.9651669859886168
14721,45,2261,0.0046378886327147,1.046030044555664
14721,105,5270,0.0069409157149493,1.0456700325012207
14772,228,11408,0.0006538124289363,1.0210100412368774
14399,67,3363,0.0027664599474519,1.0605000257492063
14399,152,7648,0.0158346574753522,1.5794246211855523
14343,152,7630,0.0575725510716438,0.6968209743499756
14934,97,4879,0.0438631437718868,1.0900800228118896
14306,98,4907,0.006131887435913,0.9833490252494812
14700,28,1426,0.0060465708374977,0.9857239723205566
14293,172,8609,0.2499881386756897,1.0002700090408323
14893,46,2346,0.2532862424850464,0.5085939764976501
14367,27,1380,0.0344348512589931,1.005370020866394
14367,181,9085,0.0243051294237375,1.066349983215332
14336,43,2157,0.1253082901239395,1.0018099546432495
14746,138,6919,0.0007899454212747,1.1162699460983276
14746,188,9409,0.0486244782805442,1.1055799722671509
14746,256,12819,0.3073121309280395,0.9711130261421204
14746,256,12833,0.1036184281110763,1.3245415265540006
14647,0,24,0.0224106851965188,0.8501710295677185
14940,33,1686,0.7194023132324219,1.0358500480651855
14940,152,7633,0.0068813459947705,0.8642899990081787
14873,182,9139,0.0564048998057842,1.0485299825668335
14772,172,8638,0.0067446697503328,1.0483200550079346
14934,176,8844,0.0455142930150032,0.9896929860115052
14774,20,1024,0.1324690580368042,0.7987836809138145
14774,39,1973,0.0246019531041383,0.9759448187790908
14774,56,2809,0.0381393767893314,0.6856259703636169
14774,199,9961,0.3138145804405212,0.3670569956302643
14790,180,9026,0.003509918693453,1.1082199811935425
14436,117,5873,0.0232841316610574,1.0561000108718872
14436,126,6347,0.013719487003982,0.8604840040206909
14939,23,1151,0.0087801543995738,0.6847130060195923
14939,24,1231,0.0669263675808906,1.051509976387024
14736,56,2844,0.0014902047114446,1.0635000467300415
14607,133,6667,0.0021299254149198,0.9861249923706056
14640,3,153,0.0146659025922417,1.0472400188446045
14640,3,175,0.0182119235396385,1.326990008354187
14607,82,4105,0.8342223763465881,0.8619229793548584
14607,82,4112,0.1691521257162094,0.9981600046157836
14607,128,6449,0.0308372676372528,1.0076899528503418
14805,287,14373,0.0243261996656656,1.0031399726867676
14805,301,15094,0.0046897437423467,0.9217900037765504
14558,124,6211,0.2530290484428406,0.8256279826164246
14450,59,2988,0.2216028571128845,0.9842860102653505
14367,294,14746,0.2450018376111984,1.590985752721849
14223,12,626,0.0701074749231338,0.8368350267410278
14223,12,627,0.0037911098916083,0.9295380115509032
14329,307,15384,0.0101942829787731,0.9714879989624025
14989,142,7132,0.0106140254065394,1.1446056092860954
14741,130,6543,0.2167279571294784,1.068619966506958
14645,18,906,0.1846623867750167,1.0046993177747865
14645,35,1797,0.0086820153519511,0.7346010208129883
14645,43,2176,0.0063399062491953,1.028010010719299
14455,106,5308,0.0132121378555893,0.500986903607128
14223,161,8068,0.0009525791974738,0.9766250252723694
14615,55,2770,0.0032597619574517,0.5986869007009759
14771,175,8771,0.0014063757844269,0.9436450004577636
14771,207,10392,0.0921136960387229,3.109151253223672
14770,36,1809,0.9923580288887024,1.0180699825286863
14736,124,6203,0.0033339394722133,0.7923889756202698
14342,130,6529,0.0035700986627489,0.6680009961128235
14644,250,12519,0.0128051284700632,1.0174599885940552
14806,90,4531,0.0570359714329242,1.0164599418640137
14806,233,11698,0.3782293200492859,0.843638002872467
14806,270,13502,0.0074432059191167,0.4891169965267181
14431,98,4912,0.2650904357433319,0.4509069919586181
14623,190,9506,0.0390811562538147,1.0305500030517578
14271,71,3598,0.223267912864685,0.4616320133209228
14818,78,3937,0.0016887062229216,1.0356099605560305
14818,105,5267,0.0132458237931132,1.0193099975585938
14301,85,4272,0.9900386333465576,0.5665682476865186
14516,89,4485,0.0013367502251639,1.0466099977493286
14812,14,716,0.004231406841427,0.6605269908905029
14812,48,2443,0.01627878844738,1.067170023918152
14706,18,929,0.0007760802982375,0.7537652009552858
14706,85,4270,0.0042012226767838,1.0436899662017822
14545,35,1773,0.6864227652549744,1.011970043182373
14432,68,3433,0.0200147125869989,1.0369399785995483
14965,217,10860,0.1242089420557022,1.0933200120925903
14965,217,10897,0.0015005141030997,1.0253000259399414
14965,228,11401,0.0888068601489067,0.9666759967803956
14965,279,13969,0.9275752305984496,1.0
14788,13,698,0.00858586281538,0.3753150105476379
14788,19,953,0.0342929624021053,4.370060644826879
14788,59,2958,0.0121956495568156,0.6141478806204361
14578,6,332,0.0078095644712448,1.04407000541687
14340,25,1282,0.2120977342128753,1.0652300119400024
14812,207,10351,0.0312352739274501,0.7435330152511597
14459,13,656,0.5543516874313354,0.5846779942512512
14641,169,8499,0.0035521918907761,0.9877380132675172
14934,154,7711,0.0197417978197336,0.5306950211524963
14925,297,14897,0.9562194347381592,0.9617249965667723
14911,26,1321,0.0672946721315383,0.5639489889144897
14637,169,8463,0.0200316719710826,1.0198899507522583
14527,22,1139,0.1131715923547744,0.9454180002212524
14527,46,2337,0.0460889302194118,0.8477090001106262
14580,27,1386,0.0001136719874921,0.8595640063285828
14580,79,3984,0.416517823934555,0.4999539852142334
14729,68,3423,0.2166444808244705,1.1368199586868286
14729,88,4445,0.8149508237838745,0.6903355652852241
14729,192,9642,0.0956427231431007,1.0612200498580933
14959,56,2805,0.0008873736369423,0.7200459837913513
14556,159,7957,0.2293347865343094,0.7778019905090332
14967,55,2786,0.0255421567708253,0.854066014289856
14452,32,1624,0.0013733597006648,0.956171989440918
14452,33,1667,0.1038684695959091,0.8779129981994629
14925,43,2168,0.0012833120999857,1.0450199842453003
14925,237,11876,0.0891076922416687,1.04613995552063
14771,6,343,0.0273985210806131,1.020740032196045
14418,223,11188,0.0256468579173088,1.323989987373352
14975,72,3624,0.0078587103635072,1.0
14912,6,348,0.4609706699848175,1.1694400310516355
14912,23,1179,0.0031129063572734,0.9162189960479736
14223,189,9470,0.0066200005821883,1.0368599891662598
14223,189,9483,0.0354472286999225,0.9217900037765504
14741,10,514,0.0524338483810424,1.055209994316101
14741,238,11935,0.3509241640567779,1.1838594945738805
14553,139,6980,0.004565383773297,0.7988415886956659
14716,120,6048,0.0016903975047171,1.0661900043487549
14377,25,1272,0.001432757009752,0.9909170269966124
14377,114,5733,0.0083977244794368,0.9495859742164612
14989,126,6324,0.7805238366127014,1.2504500150680542
14989,126,6335,0.007052085828036,0.5234689712524414
14279,16,812,0.0008413224713876,0.859836995601654
14553,29,1472,0.0118045285344123,1.2146959763034033
14789,26,1344,0.0057365447282791,1.2667915526007247e-10
14789,121,6069,0.0044348197989165,0.8961679935455322
14436,203,10182,0.0124645242467522,1.1247400045394895
14436,269,13465,0.0041253608651459,1.062209963798523
14672,15,761,0.1757687777280807,0.6406760215759277
14893,117,5865,0.0086024915799498,1.1544566515997021
14893,207,10374,0.0325264558196067,1.4804600477218628
14795,14,716,0.0104300314560532,0.6262570023536682
14669,26,1336,0.0230240747332572,0.8637850284576416
14669,35,1794,0.03061169013381,0.9798830151557922
14376,231,11578,0.0020732206758111,1.102139949798584
14940,186,9350,0.0006932254764251,0.8864179849624634
14874,88,4447,0.935789942741394,0.9217900037765504
14957,39,1971,0.024125762283802,1.0248500108718872
14279,61,3071,0.016398461535573,0.4204019904136657
14279,66,3325,0.0020818808116018,0.7062739729881287
14279,90,4519,0.0142036126926541,6.945219495777151e-05
14774,242,12147,0.0146213714033365,0.540224015712738
14975,87,4367,0.0520030818879604,0.0001097123701776729
14598,23,1190,0.0021573705598711,1.0944290650390653
14357,29,1479,0.0319236405193805,0.5523350238800049
14546,155,7772,0.2289687693119049,0.8396049737930298
14611,102,5114,0.0489894710481166,0.9743679761886596
14934,44,2234,0.1146531999111175,0.5321454232243923
14934,147,7395,0.0577572099864482,1.181839942932129
14948,18,935,0.0266008544713258,0.5651320219039917
14985,163,8199,0.0017748506506904,0.9217900037765504
14399,74,3729,0.0107645224779844,0.5204939842224121
14467,82,4119,0.0609523579478263,1.0550600290298462
14965,14,711,0.0086372951045632,1.145359992980957
14959,99,4977,0.1099523603916168,0.9986310005187988
14893,26,1304,0.0186702702194452,0.6781280040740967
14893,26,1317,0.1925099790096283,0.6781899929046631
14893,39,1965,0.0656815022230148,1.009160041809082
14336,66,3302,0.0026547394227236,1.4086897822303616e-08
14336,81,4058,0.0202141981571912,0.44746521873911854
14526,10,506,0.0179714933037757,0.6905199885368347
14526,10,540,0.0232970342040061,0.8898090124130249
14526,173,8661,0.1198577210307121,1.0228300094604492
14488,27,1362,0.0116830831393599,0.9858396850981137
14223,43,2158,0.0198554191738367,1.202900158824036
14223,78,3945,0.0123999677598476,0.5479720234870911
14893,206,10346,0.0641439706087112,0.8635439872741699
14329,0,23,0.0270424596965312,0.5038080215454102
14329,27,1371,0.0101770758628845,0.6065580248832703
14741,288,14404,0.0715912133455276,0.9322879910469056
14464,177,8860,0.0962421894073486,1.0454000234603882
14940,26,1333,0.005076793488115,1.1852200031280518
14824,73,3651,0.0030001495033502,1.0042999982833862
14824,131,6554,0.0005784889217466,1.3070800304412842
14553,84,4215,0.0150580592453479,0.9335299730300904
14700,2,139,0.2670868337154388,1.0
14700,5,254,0.003965675830841,0.9841279983520508
14543,258,12946,0.0184140596538782,1.0209499597549438
14619,153,7692,0.0451561957597732,1.379770040512085
14235,101,5063,0.0201716814190149,0.7689629793167114
14900,20,1040,0.1591356694698333,0.626537024974823
14900,38,1931,0.2547343671321869,0.813385009765625
14623,56,2815,0.7752782106399536,1.031290054321289
14623,56,2828,0.027771845459938,0.932320677992422
14793,3,192,0.0865959599614143,1.3896100521087646
14427,39,1953,0.067258596420288,1.4184950986442004
14427,122,6109,0.0073459618724882,0.8791530132293701
14427,122,6123,0.4030751287937164,0.9846580028533936
14685,17,851,0.056671567261219,0.9682210087776184
14700,31,1566,0.005038914270699,0.9634389877319336
14700,31,1585,0.0458038449287414,1.0461000204086304
14551,296,14819,0.4894169270992279,1.0374200344085691
14539,46,2312,0.0080088758841156,0.5301759839057922
14306,177,8892,0.2742032408714294,0.9152989983558656
14610,125,6256,0.014107409864664,1.1101399660110474
14576,80,4041,0.0112854978069663,0.4894649982452392
14459,2,138,0.034898106008768,0.9219629764556884
14914,202,10139,0.9682762622833252,0.9109283131974948
14388,100,5038,0.0070760059170424,0.8022670149803162
14758,209,10487,0.0625555664300918,1.1524188122764014
14664,257,12881,0.0144362738355994,0.7674469947814941
14741,96,4820,0.0259540062397718,1.018720030784607
14577,3,198,0.0061022802256047,0.6627629995346069
14543,19,963,0.3292685151100158,0.8763582882184693
14543,202,10148,0.0085523808375,1.0
14379,22,1143,0.0253083705902099,1.2357100248336792
14916,22,1123,0.0964040011167526,1.3746099472045898
14916,22,1143,0.0283204540610313,1.2223788729079388
14916,79,3967,0.0637241005897522,1.033120036125183
14733,36,1808,0.004032720811665,0.9751060009002686
14545,130,6538,0.0621090978384017,1.06905996799469
14726,143,7194,0.4154643416404724,0.6292129755020142
14428,198,9931,0.0033796466886997,0.8845340013504028
14721,94,4712,0.0134806605055928,0.4695749878883362
14721,94,4738,0.0189872272312641,1.1863989552721677
14372,65,3279,0.5973138213157654,0.9541469812393188
14590,94,4724,0.0456255860626697,0.9291589856147766
14590,94,4728,0.0636385157704353,1.170699954032898
14985,136,6812,0.017216108739376,1.272670030593872
14647,43,2187,0.0585055276751518,1.0410399436950684
14647,102,5118,0.0104347998276352,0.3868170082569122
14418,97,4860,0.0036827668081969,0.0041831027969873496
14418,292,14639,0.065713994204998,1.1977699995040894
14558,196,9846,0.0251379739493131,0.8755769729614258
14603,78,3913,0.0008418241050094,1.0156899690628052
14603,211,10567,0.0358398109674453,0.9367200136184692
14603,211,10577,0.00243741995655,1.0205800533294678
14562,77,3875,0.8833763599395752,1.0566699504852295
14542,203,10172,0.5680181384086609,1.1466100215911863
14456,29,1463,0.0619863234460353,1.0499199628829956
14377,65,3253,0.0117775481194257,1.0137499570846558
14464,76,3816,0.2316290140151977,0.4774680137634277
14582,47,2364,0.0146859791129827,1.0307300090789795
14582,67,3397,0.0011908953310921,1.0267900228500366
14582,71,3581,0.0683311596512794,0.7280730771160151
14899,230,11521,0.0141235487535595,1.0167900323867798
14454,3,199,0.2247984260320663,0.9498670101165771
14454,30,1531,0.0189368352293968,0.6839619874954224
14736,78,3934,0.0071188029833137,0.7295479774475098
14736,214,10709,0.0099461004137992,1.03056001663208
14907,108,5431,0.0044644973240792,0.9897289872169496
14799,49,2491,0.027262007817626,0.9217900037765504
14940,53,2669,0.0812639743089675,1.3019954169145647
14980,187,9385,0.0058726854622364,1.1997599601745603
14436,95,4790,0.2297494411468505,0.033921066846307434
14812,245,12277,0.0015586443478241,0.7077199816703796
14300,29,1460,0.0249699261039495,1.2761891584167984
14796,108,5429,0.0076394481584429,1.1275611796890246
14675,58,2919,0.0564125180244445,0.985485017299652
14368,147,7354,0.0523226261138916,0.9743030071258544
14368,171,8570,0.0287267677485942,1.0346699953079224
14242,112,5616,0.0665012374520301,0.7637799978256226
14450,146,7309,0.0010666796006262,0.8857769966125488
14223,133,6653,0.0283604469150304,0.9289000034332277
14223,178,8910,0.0612220354378223,1.2839449395665667
14223,199,9963,0.0437503717839717,0.9280999898910522
14713,71,3596,0.0251242462545633,0.9933099746704102
14948,174,8726,0.0071656103245913,0.0861298130185783
14824,116,5848,0.0073368269950151,1.020449995994568
14874,154,7741,0.0025507863610982,1.0331968494419073
14805,22,1120,0.0707690119743347,1.019700050354004
14925,163,8176,0.0029977073427289,1.3615278195219673
14392,87,4357,0.0193376298993825,0.990692973136902
14428,33,1655,0.7595013976097107,1.1632680948799246
14428,246,12321,0.1790083348751068,1.1243908387867234
14621,55,2785,0.0094472113996744,0.98717999458313
14621,55,2789,0.0007965356344357,0.5022349953651428
14610,253,12684,0.0297976434230804,0.9945709705352784
14746,72,3649,0.0267876796424388,0.415226012468338
14746,96,4837,0.023903414607048,1.0916257980748867
14453,122,6141,0.0308808777481317,1.632064702866316
14290,82,4109,0.0407825149595737,0.9548699855804444
14290,193,9696,0.0091248480603098,0.5387870073318481
14406,18,940,0.2320280820131302,0.8701239824295044
14584,128,6412,0.011632801964879,0.9883760213851928
14443,4,248,0.0117616197094321,0.8145419955253601
14458,76,3815,0.0517509765923023,1.0083999633789062
14458,87,4362,0.3221082985401153,1.1656899452209473
14556,268,13425,0.0751665532588958,1.0245599746704102
14903,184,9215,0.0138401538133621,0.8530700206756592
14464,172,8618,0.0173340607434511,1.059290051460266
14223,81,4096,0.4515191912651062,0.889769971370697
14903,2,115,0.0151519756764173,1.1595200300216677
14903,257,12878,0.1277871578931808,1.2531710363275579
14641,16,823,0.0475939027965068,0.9052029848098756
14454,28,1419,0.0407871343195438,0.4805940091609955
14516,44,2245,0.0078309569507837,0.7183110117912292
14578,0,3,0.0177717730402946,1.0881671577532188
14607,27,1369,0.3429551124572754,1.1059199571609497
14369,5,260,0.0476128086447715,0.535427987575531
14798,43,2193,0.0054613794200122,1.0679800510406494
14798,45,2257,0.6119518876075745,1.4383200407028198
14798,45,2271,0.0116814654320478,1.0448600053787231
14760,112,5618,0.4682353734970093,1.372480034828186
14362,10,506,0.0214559230953454,0.8566269874572754
14922,28,1406,0.0190417636185884,1.6185107944026928e-07
14913,168,8410,0.0067595946602523,1.1222000122070312
14734,42,2146,0.0025618185754865,0.6922289729118347
14756,16,836,0.0087091848254203,1.0462000370025637
14529,18,920,0.0027771270833909,0.4156639873981476
14336,11,592,0.0054001854732632,1.054360032081604
14336,12,619,0.003975489642471,1.1526600122451782
14336,40,2048,0.0587513446807861,0.9794430136680604
14356,200,10036,0.040336973965168,1.0656169523230832
14828,211,10585,0.0076023750007152,1.0404599905014038
14645,27,1368,0.0189331490546464,1.0723999738693235
14552,58,2915,0.6644976139068604,1.088979959487915
14766,20,1004,0.0148435747250914,0.965906023979187
14642,21,1085,0.0830210968852043,1.0346100330352783
14535,26,1343,0.122057020664215,0.6892719864845276
14535,71,3567,0.60989910364151,1.110440015792847
14290,153,7695,0.3688729405403137,0.5159519910812378
14912,79,4000,0.0009062307071872,0.5918750166893005
14914,122,6127,0.0471949651837348,1.026729941368103
14914,122,6150,0.0534794591367244,0.5252770185470581
14914,265,13261,0.0077375001274049,1.0
14388,49,2466,0.0070401285775005,0.7217910289764404
14379,71,3566,0.0350578874349594,1.329069972038269
14356,142,7116,0.0999574065208435,1.0379799604415894
14356,142,7124,0.0085221985355019,1.006119966506958
14356,168,8425,0.0078302901238203,1.191290020942688
14356,185,9268,0.0047483807429671,0.8143410086631775
14551,82,4136,0.7187398672103882,2.400506318149575e-05
14736,39,1958,0.0146735860034823,1.3389999866485596
14912,234,11722,0.0121849235147237,0.9502969980239868
14223,202,10135,0.0408734567463398,1.0411100387573242
14636,50,2537,0.0655601695179939,1.100469946861267
14636,88,4427,0.0026060282252728,0.7767429947853088
14637,70,3527,0.046003308147192,0.6262197337583331
14942,53,2655,0.8910583853721619,0.9736719727516174
14942,154,7744,0.4921572208404541,1.1611571735619748
14551,2,123,0.0034908261150121,0.992559015750885
14551,123,6157,0.0771971940994262,1.0452799797058103
14551,187,9383,0.0172759685665369,0.9685879945755004
14644,262,13106,0.0019093414302915,0.5723199844360352
14957,54,2735,0.0080250594764947,1.1992634369182438
14409,128,6425,0.7296288013458252,0.8514450192451477
14623,6,308,0.0196392480283975,0.8110619783401489
14623,6,337,0.0423786342144012,0.0415073057470833
14816,100,5016,0.293398916721344,1.0453799962997437
14695,47,2351,0.011698399670422,5.701643289147962e-06
14695,47,2369,0.0250408370047807,0.9812210202217102
14695,47,2393,0.0088643059134483,0.7824860215187073
14911,96,4805,0.0093405842781066,1.3957500457763672
14316,14,723,0.0578616186976432,0.8539220094680786
14632,114,5712,0.004619535524398,0.4074589908123016
14375,205,10267,0.0066282441839575,0.00010392783249652329
14770,65,3289,0.0136296479031443,0.8640429973602295
14464,20,1041,0.0056650363840162,0.9683200120925904
14427,295,14783,0.003764227963984,0.7598199844360352
14965,201,10064,0.0067196912132203,0.6696829795837402
14965,296,14814,0.049935445189476,0.6147770285606384
14338,44,2223,0.006353375967592,1.0085099935531616
14643,272,13627,0.0487214624881744,1.0792100429534912
14643,272,13630,0.0355299897491931,1.0426599979400637
14643,282,14117,0.0040779481641948,0.9654088878851041
14223,6,340,0.8967380523681641,0.555770993232727
14805,193,9666,0.0252379141747951,1.2891688978343154
14805,260,13039,0.0395910516381263,1.100170016288757
14551,122,6119,0.006639536935836,1.0314199924468994
14409,173,8680,0.0527070686221122,0.8849499821662903
14409,270,13501,0.0230837576091289,1.2990516239495804
14716,13,690,0.0031032054685056,1.0227500200271606
14716,69,3458,0.0184291824698448,0.9561859965324402
14975,65,3299,0.0212924033403396,1.0223000049591064
14816,228,11415,0.0477344132959842,1.2464599157889322
14526,12,626,0.0142173981294035,0.5204160213470459
14534,5,300,0.018378410488367,1.0801299810409546
14534,30,1538,0.0173291563987731,1.0674331086704143
14358,84,4225,0.0209179297089576,1.0001800060272217
14573,29,1459,0.0101769855245947,1.057705871093404
14768,21,1058,0.0760125666856765,0.9229444899760963
14573,19,992,0.0729169026017189,1.0872978731302825
14644,272,13603,0.0294240694493055,0.5307480096817017
14464,131,6599,0.0126343201845884,0.9763389825820924
14342,20,1038,0.9997848868370056,1.5052910337812193
14342,63,3182,0.0684122666716575,0.9639989733695984
14609,309,15461,0.0448792986571788,0.44998899102211
14310,45,2277,0.0274210125207901,0.5599679946899414
14934,183,9177,0.0025712004862725,1.093109965324402
14939,55,2777,0.9990216493606568,1.5343400239944458
14329,32,1612,0.0061305309645831,3.5036147842508845
14329,278,13904,0.1254006028175354,0.6725942215552153
14553,176,8832,0.0199135392904281,0.7636650204658508
14619,53,2664,0.0047004329971969,0.8629999756813049
14893,186,9349,0.7582525014877319,1.1212050045850572
14983,5,261,0.0432012863457202,0.9894800186157228
14983,5,266,0.0579512976109981,0.9504780173301696
14350,45,2267,0.0202530976384878,0.9192450046539308
14455,184,9224,0.0214457251131534,1.0251100063323977
14245,78,3906,0.0173763819038867,1.0471099615097046
14559,41,2098,0.0026835710741579,1.047580003738403
14559,132,6649,0.0039649773389101,0.08136461371112784
14559,217,10895,0.0096359048038721,0.009476548434362847
14959,268,13442,0.0074158562347292,0.485260009765625
14782,52,2634,0.1117734387516975,1.01665997505188
14998,53,2674,0.0069588115438818,0.964812994003296
14998,83,4176,0.0067373844794929,0.7192919850349426
14874,207,10395,0.3757267594337463,0.7651739716529846
14878,18,907,0.0014699753373861,0.9784600138664246
14878,24,1241,0.152655228972435,2.5697765440562534
14464,258,12903,0.0073311161249876,0.6460776471277897
14336,42,2126,0.0066942106932401,1.2085997330840428
14880,116,5820,0.4090626239776611,0.475737988948822
14880,152,7626,0.1052824854850769,1.0482800006866455
14741,276,13809,0.1427517682313919,0.6836370229721069
14790,73,3700,0.0019155206391587,0.519998697096149
14913,119,5978,0.8699758052825928,1.0311199426651
14293,102,5126,0.2812054455280304,1.0619381460913146
14586,12,601,0.0475682020187377,1.1818214569878904
14586,40,2030,0.5485467314720154,0.8368420004844666
14343,268,13429,0.0184052474796772,1.3117400407791138
14756,26,1318,0.0529174394905567,1.1005899906158447
14310,34,1735,0.0460981465876102,1.053230047225952
14725,47,2376,0.0038608482573181,1.0
14725,157,7891,0.1448123306035995,1.1777600049972534
14524,32,1601,0.0120664536952972,1.085569977760315
14615,2,117,0.0312676317989826,1.244989991188049
14615,15,789,0.7521466016769409,0.9439719915390016
14542,200,10035,0.0747559964656829,0.9585559964179992
14455,31,1600,0.0017123259603977,1.2239249068021678
14664,35,1791,0.0772391185164451,1.3317665834711079
14459,22,1112,0.0911467969417572,1.0211700201034546
14403,20,1019,0.0111099425703287,0.06898001066769674
14611,144,7222,0.4435649514198303,0.7081366420096559
14375,146,7303,0.4659965932369232,0.6347879767417908
14375,238,11902,0.0802051424980163,0.5237650275230408
14721,10,511,0.0007199918036349,0.6383640170097351
14721,44,2223,0.041274432092905,1.004520058631897
14721,155,7765,0.0079182516783475,0.649653971195221
14873,161,8061,0.0224756877869367,1.0372300148010254
14873,162,8123,0.0111323967576026,0.94131600856781
14235,22,1147,0.2496117502450943,0.9188650250434875
14235,154,7744,0.0070014814846217,0.4548240005970001
14632,31,1597,0.0350670330226421,1.0489100217819214
14927,104,5238,0.0438175536692142,0.4921889901161194
14372,240,12033,0.0372823141515255,0.7606880068778992
14390,105,5272,0.0316283255815506,1.194241156864862
14464,145,7276,0.0582707449793815,1.1359599828720093
14464,164,8231,0.0152976615354418,1.0184569837047093
14409,99,4978,0.0049276398494839,0.9868434267325199
14643,81,4063,0.077083446085453,1.1501678278269196
14643,81,4080,0.4826218783855438,0.6218090057373047
14643,120,6038,0.0003233625029679,0.6089180111885071
14903,63,3168,0.043695256114006,1.0331499576568604
14428,79,3982,0.1385170966386795,0.6139299869537354
14368,103,5182,0.0173588208854198,1.2402903829371041
14368,103,5190,0.1852471083402633,1.0
14313,117,5851,0.9641246795654296,0.5364140272140503
14774,57,2898,0.054964292794466,0.6973739862442017
14926,17,867,0.2401268929243087,1.288290023803711
14926,17,889,0.2425122708082199,0.5235390067100525
14664,219,10966,0.0522635839879512,1.0556199550628662
14431,80,4026,0.0796224325895309,1.0665600299835205
14463,228,11444,0.051159992814064,0.9841920137405396
14721,81,4081,0.7050917744636536,1.6586799621582031
14784,62,3129,0.685933530330658,1.0671199560165403
14784,78,3948,0.9015735387802124,1.1123499870300293
14643,66,3330,0.0006768325692974,0.2169850021600723
14940,222,11106,0.0070217666216194,0.622967004776001
14664,191,9599,0.972549855709076,1.40134843718522
14367,34,1731,0.6321057081222534,1.1680554746691743
14367,86,4322,0.0106995915994048,0.7966949939727783
14367,160,8046,0.0549748428165912,0.659712016582489
14706,31,1557,0.0119174923747777,1.0319700241088867
14706,77,3864,0.8460657000541687,0.7256439924240112
14369,21,1065,0.0103244250640273,1.0524499416351318
14798,72,3634,0.8277390599250793,1.1116299629211426
14903,211,10554,0.2569799423217773,1.0997274301018083
14464,147,7357,0.0126701863482594,0.7183110117912292
14464,186,9309,0.032205943018198,1.0
14464,208,10414,0.0097885336726903,1.0262099504470823
14884,63,3167,0.018141858279705,0.9545379877090454
14717,10,514,0.0085303168743848,1.1596699953079224
14607,204,10247,0.0269892886281013,0.8779129981994629
14450,251,12577,0.0086412113159894,1.2431199550628662
14536,4,235,0.0068763387389481,1.0810099840164185
14550,268,13405,0.6453374028205872,0.9572740197181702
14550,296,14804,0.0213417224586009,0.6625800132751465
14583,86,4323,0.0220761466771364,1.0297480770251468
14411,16,803,0.2682484090328216,1.0111000537872314
14411,16,805,0.0001732599193928,0.5159098065204583
14411,16,831,0.0018758791266009,0.5071790218353271
14329,179,8981,0.0221545919775962,0.8449419736862183
14886,116,5826,0.0323897041380405,1.0274499654769895
14301,134,6748,0.0027478781994432,1.1058900356292725
14899,196,9844,0.1002437099814415,1.285211026783486
14970,2,150,0.0007225918816402,1.0239700078964231
14585,79,3970,0.004996133968234,1.159019947052002
14585,81,4084,0.5702226161956787,1.0276800394058228
14585,81,4092,0.2101558148860931,1.0177600383758545
14439,44,2226,0.0139956101775169,1.214020013809204
14546,34,1735,0.0269416086375713,0.9392470121383668
14546,121,6064,0.0376973934471607,1.4059076939167883
14445,5,257,0.1702915877103805,0.7620159983634949
14427,92,4612,0.0112304147332906,0.895488977432251
14615,1,54,0.0034803799353539,1.0799100399017334
14615,34,1704,0.161674752831459,0.9269099831581116
14706,4,215,0.0538802742958068,0.8788750171661377
14706,41,2078,0.0009044769685715,0.5225759744644165
14531,12,644,0.001293483772315,0.9959980249404908
14706,49,2494,0.011872112751007,0.53854900598526
14418,144,7207,0.1910670101642608,1.022089958190918
14418,204,10216,0.0121875004842877,1.0149799585342407
14313,253,12663,0.029220437631011,0.5631995913205757
14313,253,12674,0.0059101949445903,0.954280972480774
14423,31,1572,0.8548926711082458,0.4725579917430877
14423,51,2557,0.0006902019376866,1.1783900260925293
14585,78,3945,0.0140255289152264,1.0382699966430664
14358,206,10315,0.0160308927297592,0.5116599798202515
14358,206,10324,0.9214493632316588,1.069849967956543
14460,1,67,0.0114396084100008,0.5609790086746216
14909,77,3883,0.0064286449924111,0.9669550061225892
14909,149,7478,0.0031164051033556,1.0187499523162842
14909,164,8246,0.0010948338313028,0.829675018787384
14427,30,1523,0.0078383916988968,0.013270700052506188
14427,212,10611,0.1513900905847549,1.3784799575805664
14290,144,7226,0.1334436535835266,1.0578893977459813
14623,213,10658,0.950016975402832,1.0256199836730957
14641,41,2056,0.0215796735137701,1.06349517757684
14641,170,8517,0.0010071592405438,1.0586999654769895
14631,163,8152,0.030460488051176,0.8907729983329773
14831,44,2217,0.1090100184082984,1.3022233656997173
14831,125,6278,0.3604899048805237,0.5728150010108948
14343,131,6594,0.0003555850416887,0.8191699981689453
14343,156,7848,0.0171283259987831,0.5992779731750488
14985,39,1999,0.0113959750160574,0.8798670172691345
14891,104,5205,0.0056132692843675,1.0213600397109983
14610,263,13155,0.0031849835067987,0.5466859936714172
14283,115,5784,0.003868865314871,0.5841050148010254
14784,50,2508,0.0007153493352234,1.3969600200653076
14935,143,7180,0.0263593979179859,0.9802460074424744
14392,248,12446,0.9985066056251526,0.929382026195526
14798,11,598,0.0132828829810023,0.9967259764671326
14798,27,1379,0.8701996207237244,0.978397011756897
14436,37,1872,0.0010443934006616,1.2193189618166258
14942,17,889,0.0041763698682188,0.9752810001373292
14942,107,5382,0.4722121059894562,0.6713020205497742
14356,70,3502,0.9661619067192078,0.9361760020256042
14356,204,10202,0.6602396965026855,0.5810400247573853
14445,49,2466,0.002103418810293,0.9639009833335876
14445,67,3355,0.0199977364391088,1.009950041770935
14713,18,915,0.002803610637784,0.964372992515564
14452,173,8669,0.0035131990443915,1.056130051612854
14958,53,2693,0.0010444943327456,0.9475539922714232
14771,54,2722,0.0311128254979848,1.1169099807739258
14888,263,13165,0.004079092759639,0.7825469970703125
14531,0,1,0.1949619203805923,1.043789982795715
14531,24,1241,0.0240111965686082,1.129830002784729
14531,54,2718,0.0072940266691148,0.924901008605957
14812,262,13118,0.0124859372153878,1.072397605415148
14774,27,1389,0.0096181565895676,9.902817823511916e-08
14774,74,3709,0.017578899860382,1.2461707098411807
14774,111,5580,0.0240111332386732,1.0
14774,178,8915,0.4189364612102508,1.0049999952316284
14774,287,14370,0.0066118743270635,0.8063449859619141
14377,97,4877,0.0003412393853068,1.4483200311660769
14747,59,2960,0.4825169742107391,0.7527379989624023
14639,30,1546,0.0405836626887321,1.1457600593566897
14902,257,12868,0.0050279251299798,5.884374826118801
14427,47,2352,0.0073855645023286,1.041509985923767
14383,13,693,0.0058798026293516,1.1538704966064801
14383,20,1020,0.0022167123388499,1.3048968432599395
14436,193,9690,0.0031825441401451,0.9940450191497804
14569,200,10013,0.0025424661580473,1.0972700119018557
14610,122,6144,0.0048261317424476,0.3710579872131347
14610,153,7677,0.896831750869751,1.0
14356,315,15756,0.0146387973800301,1.4117799997329712
14549,98,4931,0.0035288031212985,1.1717900037765503
14549,165,8298,0.0009720348753035,1.0350099802017212
14886,20,1025,0.0218645576387643,0.4914759993553161
14886,20,1039,0.0067214323207736,1.0530799627304075
14886,26,1304,0.1046542376279831,0.4426440000534057
14886,171,8556,0.1610269248485565,0.6020839810371399
14748,163,8196,0.0045412178151309,0.4868049919605255
14748,180,9003,0.2314220815896988,0.5078740119934082
14890,36,1817,0.1385121345520019,1.1250699758529663
14899,184,9234,0.0108411703258752,0.9747949838638306
14899,315,15796,0.6120980381965637,1.0434499979019165
14550,50,2527,0.0054335794411599,1.044059991836548
14607,232,11620,0.0707935467362403,0.000701669131216236
14915,26,1338,0.0434975251555442,1.0229599475860596
14306,106,5327,0.1290381550788879,1.0192400217056274
14306,106,5343,0.3900513350963592,0.5790190100669861
14770,70,3502,0.008146833628416,0.8900499939918518
14799,28,1448,0.003566050203517,0.561037003993988
14799,42,2145,0.0004873037978541,0.5408030152320862
14799,78,3928,0.3504549264907837,0.8746560215950012
14667,49,2494,0.0336585007607936,1.041210055351257
14516,4,236,0.0177547093480825,0.94309002161026
14675,1,57,0.0027143526822328,1.07614004611969
14675,80,4035,0.0058143804781138,0.5256509780883789
14749,274,13730,0.0234662033617496,1.2159600257873535
14343,5,284,0.1415954828262329,1.0
14697,83,4157,0.0248862113803625,1.0517200231552124
14697,83,4167,0.0618023574352264,1.1176300048828125
14697,85,4278,0.001984471688047,1.0748599767684937
14410,21,1066,0.0097877811640501,1.1877912368615713
14575,84,4219,0.0986917540431022,1.0215400457382202
14931,7,388,0.002839877968654,1.6451599597930908
14759,0,42,0.0072989766485989,1.0
14388,58,2913,0.0019879434257745,0.956928014755249
14920,28,1423,0.193163514137268,1.0488200187683103
14603,171,8554,0.0013789751101285,1.0695899724960327
14551,76,3818,0.0285952873528003,1.028480052947998
14631,28,1441,0.0434997491538524,1.1572200059890747
14584,64,3215,0.0035427357070147,0.8317919969558716
14223,100,5025,0.0252886340022087,0.45971909551070667
14543,184,9215,0.3703482151031494,0.4934369921684265
14554,21,1055,0.0012845075689256,0.508653998374939
14245,178,8947,0.0106280650943517,1.0764600038528442
14712,202,10103,0.2186045795679092,0.8723729848861694
14675,13,679,0.0137091409415006,1.0413800477981567
14530,3,162,0.0843110159039497,1.1950600147247314
14530,10,514,0.0029599086847156,0.4842349886894226
14610,35,1763,0.0004367719811853,0.8100870251655579
14610,216,10846,0.0512677803635597,1.06482994556427
14235,24,1225,0.0150150377303361,0.9903050065040588
14410,27,1351,0.0532775707542896,0.8824359774589539
14870,295,14789,0.0003673392639029,0.4094099998474121
14807,80,4001,0.0221772119402885,0.6092339754104614
14734,233,11667,0.0283389054238796,0.8067370057106018
14600,9,457,0.0027000615373253,1.0896899700164795
14773,21,1053,0.0202136021107435,0.4836429953575134
14773,21,1055,0.0152476476505398,0.663686990737915
14773,21,1058,0.0483164638280868,0.0036564089242242153
14343,271,13596,0.0032579293474555,1.2720500230789185
14812,180,9013,0.1013725250959396,1.1802004211944208
14401,72,3635,0.0174566861242055,1.1582499742507937
14392,66,3315,0.0305361337959766,1.091729998588562
14392,202,10116,0.0174944531172513,1.026960015296936
14741,94,4716,0.0739951282739639,1.1040809156068931
14741,274,13738,0.0267679691314697,0.9740350246429444
14644,211,10572,0.0424145087599754,1.2696808066748415
14758,85,4274,0.0208697747439146,1.0354000329971311
14463,16,816,0.9455624222755432,1.1764271642474282
14888,247,12361,0.339274913072586,1.2452091065349862
14376,248,12421,0.0660208091139793,1.6750999689102173
14428,154,7736,0.0186919402331113,0.9977530241012572
14306,147,7377,0.0183910876512527,0.9829249978065492
14551,286,14324,0.1484979093074798,0.9111279845237732
14980,74,3716,0.0038497711066156,0.8998590111732483
14980,74,3730,0.0637458935379982,1.287919599114673
14925,139,6971,0.0174344386905431,0.4626069962978363
14881,65,3274,0.0374104306101799,1.3520100116729736
14881,94,4733,0.0096538998186588,2.0529007306950542e-06
14881,104,5215,0.1549040824174881,0.9153860211372375
14644,287,14365,0.0016196495853364,1.0424100160598757
14329,131,6576,0.0151007631793618,1.0
14329,137,6867,0.6000268459320068,0.6035320920827871
14927,0,19,0.0955098941922187,0.6774340271949768
14634,57,2892,0.0005587392370216,0.6952090263366699
14321,53,2664,0.0070326090790331,0.9579669833183287
14438,134,6719,0.0058055534027516,1.1452415006634666
14438,134,6721,0.4666607677936554,2.8117043150182207e-08
14549,20,1047,0.0038072420284152,1.0122499465942385
14455,261,13065,0.0267697852104902,1.036329984664917
14270,19,961,0.0024487471673637,0.020133422257866393
14270,186,9334,0.095019444823265,1.0505800247192385
14270,214,10736,0.0089776059612631,1.4040700197219849
14379,16,839,0.0486447252333164,0.8540199995040894
14379,35,1788,0.1716155856847763,1.0350373697957735
14379,168,8425,0.7126883864402771,0.9732419848442078
14774,141,7067,0.8909037709236145,0.9614840866327228
14235,77,3865,0.0554543733596801,0.4393459856510162
14980,186,9341,0.3926088213920593,0.9634510278701782
14980,186,9348,0.1738449484109878,0.6849600076675415
14347,44,2205,0.0072042546235024,1.0227949825696212
14529,32,1613,0.0085464268922805,1.0
14543,162,8104,0.2391141951084137,0.4484570026397705
14543,167,8391,0.0135201932862401,1.2524700164794922
14543,182,9123,0.1034735366702079,1.1882103046181385
14270,184,9243,0.6649024486541748,0.3931432608492073
14516,27,1366,0.0166440568864345,0.5473330020904541
14516,52,2613,0.0428492911159992,1.2299889643987996
14780,8,449,0.4969894886016845,1.2231642971386805
14780,15,792,0.0827176794409751,1.0
14780,36,1840,0.0037841736339032,0.9749490022659302
14623,53,2688,0.0008623049943707,1.1158299446105957
14623,53,2689,0.0042242240160703,0.5912629961967468
14945,1,89,0.0180132407695055,1.2024613175461525
14634,28,1445,0.0089615508913993,0.9217900037765504
14893,27,1361,0.0295876637101173,0.9643970131874084
14857,40,2047,0.0327826105058193,0.9512709975242616
14636,65,3279,0.0058022979646921,0.4788950085639953
14956,178,8911,0.3415623009204864,0.4641880095005035
14334,37,1876,0.0129496417939662,0.8525350093841553
14334,40,2025,0.0067326533608138,1.0479999780654907
14334,85,4260,0.0041469191201031,1.3036916428655587
14692,1,57,0.0052062775939702,1.0245200395584106
14727,77,3861,0.1671914011240005,0.9354802646384925
14727,102,5134,0.0044378545135259,1.0444899797439575
14367,31,1553,0.7452208995819092,0.95135498046875
14367,178,8946,0.1700523346662521,1.1146627466904138
14410,102,5145,0.0070067434571683,1.093167831358116
14410,110,5516,0.0317853279411792,1.0350699424743652
14722,104,5203,0.107910931110382,0.6350650191307068
14722,134,6718,0.0495765060186386,0.8960379958152771
14558,116,5830,0.0733403041958808,1.1250398306947318
14884,33,1653,0.240419790148735,0.7070797096665159
14716,67,3389,0.7541617155075073,0.7821490168571472
14245,48,2406,0.0261828135699033,1.052090048789978
14418,297,14885,0.1744262725114822,1.1770800352096558
14685,44,2206,0.0500081069767475,1.1828375375907285
14682,70,3534,0.0214014705270528,0.758476972579956
14535,57,2884,0.0979285687208175,1.4000400304794312
14664,99,4997,0.018732164055109,1.0248899459838867
14271,190,9523,0.0323720276355743,0.4085200130939483
14584,28,1414,0.0063097616657614,1.020840048789978
14918,10,501,0.0168593078851699,1.133239984512329
14918,104,5237,0.0174258612096309,0.8920860290527344
14290,280,14002,0.3360990583896637,1.1315100193023682
14543,78,3919,0.0422137416899204,0.6451560258865356
14388,96,4840,0.0231172665953636,0.5274519920349121
14959,213,10695,0.0008918942185118,0.9965839982032776
14749,22,1103,0.1069820374250412,0.825094997882843
14749,161,8073,0.0630865469574928,0.027001693040107293
14749,161,8075,0.0776952356100082,0.6767799854278564
14749,161,8079,0.0192327164113521,0.7416798417478958
14539,49,2456,0.0151031408458948,1.4441399574279783
14539,152,7605,0.0320818237960338,1.1295299530029297
14542,173,8676,0.2822409272193908,1.112030029296875
14450,85,4253,0.0102420784533023,0.6737033691837837
14623,277,13869,0.0035746914800256,1.0426499843597412
14623,289,14494,0.0529600791633129,1.043179988861084
14270,76,3833,0.0644213333725929,1.165249943733215
14270,173,8687,0.1350457221269607,1.0326199531555176
14912,82,4121,0.2662700116634369,1.097494148702836
14379,198,9911,0.0039193988777697,1.049399971961975
14401,92,4649,0.0363324284553527,1.0056026867932106
14748,181,9057,0.005283270496875,1.0707499980926514
14775,50,2501,0.2355868220329284,1.2422599792480469
14681,32,1613,0.0081601925194263,1.0473899841308594
14391,32,1618,0.0192184168845415,1.0097800493240356
14418,42,2116,0.0296129882335662,1.3158102973129644
14343,151,7556,0.0016874339198693,0.9856410026550292
14343,228,11412,0.9456688165664672,0.9743430018424988
14727,89,4470,0.0028222610708326,0.9931079745292664
14736,52,2628,0.2088614106178283,1.4096255491640761
14410,76,3814,0.0061244466342031,0.6520982204815127
14741,4,204,0.0019744206219911,0.9703429937362672
14741,93,4684,0.0038608009926974,0.0514920987188816
14945,11,572,0.462694764137268,0.6090739965438843
14945,11,589,0.0349668525159359,0.5185580253601074
14945,16,801,0.0234293323010206,0.9260069727897644
14293,154,7712,0.0015602882485836,0.8891609907150269
14464,33,1695,0.6937091946601868,0.538936972618103
14639,25,1255,0.8837544918060303,1.0536826841243396
14564,166,8309,0.0666318982839584,0.9203519821166992
14572,0,13,0.0081351296976208,1.2939172174333464
14572,23,1185,0.2899363338947296,0.7231469750404358
14816,40,2012,0.0003361660346854,0.4884380102157593
14713,76,3846,0.0385008975863456,0.9968550205230712
14793,17,885,0.0016367798671126,0.6712080240249634
14677,14,705,0.1848854720592498,1.1993800401687622
14758,147,7396,0.0032740249298512,0.683260977268219
14812,104,5244,0.0439601577818393,1.1581699848175049
14812,272,13650,0.0094703268259763,2.732999006426639e-08
14675,12,610,0.0118359243497252,0.7380359768867493
14675,45,2278,0.1021414846181869,1.0603883489774546
14644,27,1363,0.0197296980768442,1.011549949645996
14987,7,377,0.0202877596020698,0.5258010029792786
14544,208,10416,0.0083149997517466,0.8758059740066528
14724,44,2223,0.008611817844212,0.5636900067329407
14907,116,5821,0.1904909014701843,1.0153900384902954
14716,111,5578,0.049959473311901,0.5699779987335205
14716,150,7520,0.0052493065595626,1.409690022468567
14548,2,127,0.0046154740266501,1.3472100496292114
14818,117,5877,0.0036401660181581,1.2645699977874756
14335,173,8686,0.0439920127391815,1.044950008392334
14394,3,164,0.0062830271199345,0.6685412797334251
14394,27,1353,0.0174103807657957,0.9776660203933716
14394,27,1399,0.0027615157887339,1.0398800373077393
14467,41,2051,0.002687843516469,1.037369966506958
14467,219,11000,0.0319153219461441,0.8443540984356446
14576,4,239,0.0030661195050925,1.006600022315979
14576,98,4946,0.0017589735798537,0.9547640085220336
14379,230,11544,0.0110248159617185,0.8779129981994629
14290,273,13678,0.9839438199996948,1.1842700242996216
14779,104,5206,0.0411939918994903,0.963953971862793
14521,33,1673,0.0045894719660282,1.3440200090408323
14521,47,2388,0.1212964579463005,1.167396855909459
14521,49,2496,0.0095464643090963,0.7117130160331726
14551,26,1330,0.0019713109359145,0.981194019317627
14551,202,10143,0.0115314694121479,0.905875027179718
14446,10,505,0.8880323171615601,1.0203200578689575
14446,12,610,0.0939743891358375,0.937146008014679
14713,30,1525,0.0596596449613571,1.0375699996948242
14713,30,1539,0.0333443135023117,0.6929649710655212
14721,12,612,0.0007876193849369,0.5293070077896118
14721,123,6192,0.3752809464931488,1.0005799531936646
14993,45,2288,0.0187221840023994,1.2367113849879132
14626,138,6938,0.0253476109355688,0.5488970279693604
14270,57,2869,0.0022003736812621,1.0
14812,290,14522,0.0153327165171504,1.185030766141793
14369,86,4343,0.007669891230762,0.5497440099716187
14927,52,2635,0.0239453017711639,0.8561469912528992
14805,221,11065,0.0041567450389266,1.0157400369644165
14376,184,9239,0.2309795469045639,0.8855990171432495
14245,77,3858,0.0610285103321075,0.8448410034179688
14431,104,5249,0.1526048183441162,1.0478999614715576
14774,162,8107,0.0223066806793212,1.185440050011266
14812,318,15938,0.0567400865256786,0.9770879745483398
14341,3,194,0.0011565148597583,0.8798909783363342
14989,278,13901,0.0010478401090949,1.0293099880218506
14669,2,137,0.001422731555067,0.9720690250396729
14669,22,1112,0.01686592400074,1.4075046501061763
14771,147,7391,0.0163867603987455,1.4869400262832642
14673,31,1561,0.0127620650455355,1.076990008354187
14673,69,3486,0.2501989305019378,1.1792272459934736
14542,125,6265,0.2297281473875045,1.177341146031594
14686,56,2826,0.2794155776500702,0.4079815447898909
14686,85,4299,0.9470359683036804,1.042053471536562
14985,98,4935,0.0002824786060955,1.0339299440383911
14692,55,2758,0.0025870031677186,0.9132540225982666
14713,48,2416,0.374692291021347,1.270337205641709
14948,156,7829,0.0015714922919869,1.2085299491882324
14379,173,8669,0.0011192662641406,1.0374200344085691
14886,98,4919,0.0379008986055851,0.9565449953079224
14997,22,1136,0.6269323229789734,1.0
14997,52,2619,0.0050507453270256,0.7741733444857742
14299,10,538,0.0792472660541534,1.0376399755477903
14572,9,477,0.0018696710467338,1.1077100038528442
14556,117,5875,0.0066656116396188,0.9931880235671996
14874,153,7660,0.0087006632238626,1.2781615481353865
14546,25,1297,0.0061341286636888,0.715802013874054
14546,154,7711,0.0104498388245701,0.95489102602005
14439,5,280,0.0023118872195482,0.9635429978370668
14439,31,1553,0.0154491122812032,0.9830600023269652
14469,30,1526,0.1808544099330902,0.9607120156288148
14555,195,9767,0.0047112489119172,1.1094599962234497
14555,195,9774,0.216247409582138,1.7997599840164185
14557,102,5128,0.0013125744881108,1.1275500059127808
14633,4,207,0.2166529297828674,0.9916120171546936
14633,4,228,0.0005246648797765,0.4767029881477356
14521,5,296,0.0136272115632891,0.5622479915618896
14521,39,1989,0.0088849700987339,1.0282204579607923
14452,38,1941,0.0049044238403439,1.497339963912964
14695,22,1117,7.756857667118311e-05,1.3919299840927124
14695,37,1900,0.1063183322548866,1.225749969482422
14283,66,3321,0.0502172373235225,1.0120699405670166
14688,17,863,0.6796230673789978,1.0
14537,15,798,0.1005619168281555,0.5940250158309937
14584,27,1400,0.0044067269191145,1.0599700212478638
14880,8,437,0.4168302118778229,1.0225667291753668
14880,8,444,0.0178913697600364,1.018970012664795
14880,35,1761,0.0101309139281511,1.0211000442504885
14880,35,1762,0.0020681729074567,1.1029800176620483
14880,134,6739,0.0172162931412458,1.0138053990399385
14548,130,6537,0.0021321072708815,1.0064899921417236
14548,161,8094,0.0156840570271015,0.9055129885673524
14245,141,7079,0.5517526865005493,0.8306530117988586
14870,166,8335,0.0090057775378227,0.6614390015602112
14870,240,12049,0.0011466450523585,0.5604090094566345
14954,20,1011,0.0003293488698545,1.083179950714111
14954,39,1958,0.0252414159476757,1.0044857833985645
14954,39,1964,0.0374988839030265,1.4289087804333889
14954,75,3752,0.0952138230204582,1.2929500341415403
14954,75,3768,0.1783017516136169,1.009950041770935
14726,85,4252,0.0095679135993123,0.5203869938850403
14452,76,3825,0.2204721271991729,0.7092819809913635
14857,32,1630,0.0219431463629007,1.6112899780273438
14857,116,5845,0.0597363486886024,1.2655045530979123
14790,97,4894,0.0080684423446655,1.2519617526063485
14912,248,12435,0.0012209673877805,0.9986299872398376
14807,267,13353,0.3063817322254181,0.5587909817695618
14807,267,13372,0.0046033761464059,0.5423579812049866
14438,172,8625,0.0026210856158286,1.0589699745178225
14438,172,8639,0.0052396468818187,0.9210021794336853
14772,125,6293,0.0626475736498832,1.0585099458694458
14611,67,3356,0.0288668572902679,0.4970139861106872
14556,254,12711,0.0276203975081443,1.0
14556,303,15189,0.8985324501991272,0.7542914174612179
14907,178,8901,0.0126517079770565,0.7910950183868408
14970,22,1140,0.1139556616544723,0.8562340140342712
14745,144,7226,0.2463391274213791,1.5605000257492063
14420,15,756,0.0084946518763899,1.0307199954986572
14796,24,1234,0.0208240617066621,1.0313899517059326
14796,72,3621,0.0115006221458315,0.8879290223121643
14369,3,171,0.0021325245033949,1.1508695732722174
14369,53,2691,0.0053004389628767,1.1576499938964844
14516,94,4711,0.0113116204738616,0.6269500255584717
14631,289,14473,0.0118499426171183,0.5402929782867432
14362,36,1819,0.0059559172950685,0.8837720155715942
14377,4,240,0.0012035833206027,1.0032299757003784
14377,200,10018,0.0085223438218235,0.6895899772644043
14463,47,2372,0.134557768702507,3.077264915360729
14463,66,3350,0.0061372546479105,1.042739987373352
14569,134,6747,0.0513629652559757,1.0236400365829468
14893,304,15237,0.0173235721886158,1.128440022468567
14347,98,4916,0.0052093113772571,2.643939295643605
14903,273,13682,0.0028678947128355,1.3054100275039673
14903,321,16053,0.0435238629579544,1.004889965057373
14362,47,2370,0.1146283596754074,1.2471100091934204
14362,64,3205,0.0427000075578689,1.025230050086975
14985,101,5098,0.9729188084602356,1.1500539830800423
14942,287,14389,0.0122512886300683,0.696412980556488
14884,197,9858,0.0145115349441766,0.8437730073928833
15339,68,3432,0.0705878585577011,0.787767390224019
15339,255,12762,0.0016316934488713,1.0335700511932373
15382,54,2713,0.0105039486661553,0.9577620029449464
16092,91,4554,0.0204722005873918,1.0834399461746216
14123,28,1416,0.2679721117019653,0.3905479907989502
14123,121,6052,0.042971421033144,1.1643767426295426
14139,39,1960,0.0230096466839313,0.3827680051326751
16301,87,4394,0.1580339819192886,1.069499969482422
15397,3,198,0.0344286039471626,1.0158799886703491
15397,159,7968,0.1544316858053207,1.168514344663862
14297,111,5576,0.0317909903824329,0.5280140042304993
14297,269,13454,0.1553721576929092,0.5437279939651489
14297,269,13473,0.0007031457498669,1.280709981918335
15954,131,6559,0.0013871500268578,0.533499002456665
15954,173,8667,0.0004089619906153,0.5949479937553406
15954,236,11828,0.4067763984203338,1.0946799516677856
14152,54,2746,0.2329260408878326,1.0644400119781494
14154,100,5048,0.4295320510864258,1.0
14174,9,493,0.0027533548418432,1.1305719108667844
15425,156,7831,0.016508525237441,1.2244900465011597
14157,155,7761,0.2149543762207031,0.5810509920120239
14157,192,9637,0.0284934490919113,0.5485590100288391
14134,201,10096,0.0498351640999317,1.0206700563430786
16052,509,25469,0.0021932432428002,1.5844099521636963
16071,2,111,0.0076990853995084,1.04967999458313
16152,6,343,0.1080880165100097,4.531341648554782e-05
14229,51,2565,0.1363951116800308,1.250882991708295
15969,56,2828,0.002672733971849,0.8791710138320923
15225,30,1503,0.0120264906436204,0.5677440166473389
14327,6,339,0.0115286763757467,1.108060002326965
14327,6,343,0.4925477802753448,0.981115996837616
14327,71,3582,0.0322343744337558,0.4814450144767761
14327,71,3591,0.0775349289178848,0.497857004404068
14146,2,132,0.0818225070834159,0.997488021850586
14146,27,1364,0.0048260283656418,1.0683200359344482
14259,33,1662,0.9094221591949464,1.0705699920654297
16313,187,9377,0.2696636617183685,0.5040439963340759
16313,192,9601,0.0367866940796375,1.3168602504320859
16313,192,9619,0.002608970971778,0.7264469861984253
16252,62,3116,0.0136869680136442,1.0021899938583374
16252,62,3135,0.0557966567575931,0.9126565997354419
16252,188,9418,0.0358482487499713,1.0
16346,145,7292,0.2693662941455841,1.2364690296124083
16209,200,10015,0.0016202218830585,1.445320013889841
16298,12,606,0.0065429769456386,1.6918858160407524
16298,190,9512,0.0818380936980247,0.6043530106544495
16298,197,9854,0.0297237932682037,1.1161500215530396
16075,503,25177,0.0039509856142103,1.0332399606704712
16283,248,12410,0.0017310475232079,0.5965378235051162
16283,248,12425,0.0589731447398662,0.4822959899902344
16283,248,12430,0.0074781533330678,0.9507960081100464
14259,37,1883,0.002207251265645,1.370528893284245
14259,37,1892,0.0150289507582783,1.096809983253479
15316,30,1546,0.3975902795791626,1.0801500082015991
15316,57,2878,0.0120621006935834,0.878367006778717
16051,25,1265,0.0562056452035903,0.5601270198822021
16051,54,2722,0.1127038896083831,1.0293400287628174
16051,169,8491,0.0179419126361608,1.2914705998560123
16051,182,9115,0.0004671881324611,0.9766849875450134
14295,56,2850,0.0999761521816253,1.056589961051941
14295,145,7268,0.1110497117042541,0.5772740244865417
16378,186,9303,0.3178336024284363,1.006719946861267
16378,302,15116,0.0674306601285934,0.4597840011119842
16444,107,5370,0.3756132423877716,1.492969989776611
16444,118,5946,0.0136423343792557,1.0062899589538574
15410,75,3771,0.0241115093231201,0.8889430165290833
15410,75,3779,0.0329057723283767,0.7706297926168872
15334,16,822,0.0133808329701423,0.7194740176200867
15334,16,824,0.2905352413654327,1.092620015144348
16218,48,2433,0.0390380211174488,0.9292152546856087
16218,76,3838,0.5258670449256897,4.485509118271125
16218,96,4827,0.0011545962188392,1.0117000341415403
15946,195,9788,0.0755415707826614,1.022070050239563
15946,470,23523,0.0006522254552692,0.9604809880256652
15946,470,23530,0.0047763823531568,0.628678023815155
16228,281,14061,0.3484580516815185,1.0026400089263916
16352,348,17440,0.0014648874057456,0.8641890287399292
15397,245,12282,0.006339390296489,1.4808499813079834
14295,112,5605,0.0108313104137778,1.1028399467468262
16352,106,5308,0.0144906416535377,0.8494859933853149
16262,17,871,0.1441080421209335,0.6240040063858032
16262,39,1967,0.2136872857809066,0.7158709764480591
16340,145,7258,0.0439129434525966,0.4585799872875213
16340,361,18069,0.0318234674632549,0.5699570178985596
15286,220,11020,0.0069880206137895,1.0862900018692017
15286,220,11021,0.043562326580286,1.2671981489003628
16073,37,1873,0.0047771967947483,0.9727330207824708
16073,103,5171,0.0011470890603959,0.0014183707382711941
15946,61,3065,0.0016052955761551,1.3461327241950727
14205,6,306,0.0031630776356905,0.9000930190086365
14205,24,1219,0.0883869379758834,0.9978960156440736
14186,118,5921,0.0161953419446945,0.5136520266532898
16339,162,8137,0.0008601999725215,1.1734000444412231
16006,250,12512,0.0034474192652851,1.0010000467300415
16006,270,13529,0.0062432885169982,0.6192950010299683
16006,347,17371,0.0144569743424654,1.0962168849034628
16228,285,14296,0.0043096141889691,0.9208335900657261
15998,17,871,0.0422896593809127,0.8110628160185342
15998,42,2102,0.0381721183657646,1.0961699485778809
15932,53,2696,0.0107956426218152,0.8546239733695984
16122,421,21096,0.002280743792653,0.921791970729828
16122,436,21831,0.0575615316629409,1.038140058517456
16134,91,4556,0.0186164211481809,1.417629957199097
16112,8,402,0.0026614263188093,0.6518359780311584
16112,345,17273,0.0016479941550642,0.7995190024375916
16453,305,15268,0.0032032413873821,0.9417759776115416
14152,202,10122,0.036281444132328,1.032979965209961
14217,27,1387,0.0533522740006446,1.0
16091,4,212,0.0665778070688247,1.0458500385284424
16069,13,657,0.0140336211770772,0.7798580804918486
15281,6,342,0.0370126515626907,0.6981509923934937
15281,35,1775,0.0111656039953231,0.8830670118331909
15281,52,2637,0.1104657128453254,1.013399958610535
15281,59,2953,0.0023890282027423,0.7497079968452454
15969,428,21430,0.0014009138103574,0.6002510190010071
14193,15,782,0.0225308984518051,0.7052879929542542
16065,43,2178,0.0093281893059611,1.0061899423599243
16065,92,4641,0.0013594570336863,0.5314409732818604
16329,10,514,0.0378217659890651,1.0027600526809692
16378,233,11668,0.4451327323913574,0.9799280166625975
14212,167,8368,0.0062745688483119,0.7399359941482544
14212,176,8822,0.8497947454452515,0.9560089707374572
16352,143,7154,0.007459030020982,0.6494160294532776
16352,333,16663,0.0136850867420434,1.253127819077804
14298,53,2678,0.0140792923048138,1.0
16089,213,10658,0.0080600166693329,0.8001899719238281
16204,56,2801,0.1696550697088241,0.9657400250434875
16204,72,3639,0.004728625062853,0.3184707306621987
14191,95,4769,0.0109213693067431,1.0590699911117554
15946,291,14595,0.019543232396245,1.0542099475860596
15946,299,14984,0.0915230885148048,0.4191649854183197
15946,324,16210,0.378864049911499,0.97148197889328
15946,353,17688,0.0582646653056144,0.8779129981994629
16125,31,1563,0.2042387425899505,0.4742049872875213
14191,184,9219,0.6633123159408569,1.0118499994277954
14194,104,5250,0.0134883625432848,1.0901600122451782
16341,179,8985,0.171584814786911,0.9824249744415284
14149,145,7285,0.9780982732772828,1.2008632090587525
16115,31,1573,0.0005527570610865,1.0458600521087646
16115,31,1579,0.0655261576175689,0.9972620010375975
16115,119,5952,0.1953043788671493,0.8361319899559021
16022,404,20243,0.0170789770781993,0.8586059808731079
15377,81,4056,0.0186677239835262,1.069790005683899
14206,116,5838,0.0318889245390892,1.009160041809082
14259,147,7362,0.017580447718501,0.8284069895744324
15274,10,518,0.0066573736257851,1.032170057296753
15315,55,2778,0.0012227508705109,0.9820110201835632
14149,265,13284,0.0480074696242809,1.5246100425720217
16304,68,3442,0.2674600481986999,1.0294500589370728
14214,6,312,0.0586875304579734,1.0171799659729004
14214,6,325,0.0292073152959346,1.0955699682235718
15989,51,2589,0.0018065819749608,1.4986300468444824
15989,195,9758,0.952488899230957,0.9516280628088227
15989,251,12592,0.0080768158659338,0.534958004951477
15987,172,8649,0.9659192562103271,1.1822998047900768
16023,132,6623,0.0386918932199478,0.877223014831543
16023,257,12900,0.0009006349719129,0.9217900037765504
15335,91,4583,0.2663913071155548,0.8779129981994629
15389,65,3285,0.0067782816477119,1.6184754269452026
14149,38,1945,0.6366288065910339,0.8618225025371373
14149,134,6718,0.0014573601074516,0.6724119782447815
16076,108,5406,0.024866621941328,1.0911182372880999
16076,139,6989,0.0049571176059544,1.0450700521469116
16355,83,4188,0.0100700408220291,0.6981490254402161
15386,5,259,0.0951515138149261,0.7654860019683838
15386,103,5200,0.0322340466082096,1.0748399496078491
16247,96,4807,0.0031208554282784,0.8761119842529297
16247,96,4814,0.2643592655658722,0.9980739951133728
16301,15,778,0.1551346480846405,0.5333229899406433
16301,15,785,0.0970441326498985,1.0287100076675415
14190,70,3505,0.006026622839272,1.0
16216,89,4474,0.2115196287631988,1.0173300504684448
16216,89,4476,0.0039061200805008,0.8861560225486755
15397,217,10876,0.9385721683502196,1.003469944000244
16286,309,15467,0.0209865160286426,0.5387219786643982
14261,39,1992,0.0714051276445388,0.9269750118255616
14261,83,4183,0.0042822202667593,0.9704020023345948
16295,313,15664,0.0306865721940994,1.031550049781799
16295,313,15693,0.6844823360443115,0.8266370296478271
16336,33,1653,0.0148029206320643,0.4448769986629486
15339,159,7992,0.007646637968719,1.240680634313307
15946,58,2930,0.0026916896458715,0.5589650273323059
15946,203,10174,0.0009484871407039,1.2134699821472168
15360,58,2931,0.0125151854008436,0.866582989692688
15360,83,4197,0.1462511271238327,1.1136900186538696
15231,38,1916,0.0162168946117162,0.054087528861217475
15970,413,20698,0.0469063483178615,0.987995982170105
16303,66,3338,0.0785282850265502,1.0264099836349487
14246,69,3482,0.0032012627925723,1.095460057258606
15262,60,3023,0.0392322055995464,0.9217900037765504
15262,129,6457,0.2025016844272613,1.0477802679276496
16104,68,3446,0.1989346295595169,1.0524568434578896
15397,121,6092,0.0005465991562232,0.5067499876022339
15397,207,10374,0.0567168556153774,1.1774159703030307
16038,39,1980,0.079048678278923,0.00038500117742977264
16071,0,27,0.6531918048858643,0.8368480205535889
16071,95,4760,0.0053678918629884,1.1054600477218628
16071,147,7398,0.0090712085366249,1.008440017700195
15410,63,3183,0.0232521630823612,0.900708019733429
14153,52,2610,0.0072264801710844,0.8298140168190002
14127,73,3681,0.020868744701147,0.9132789969444276
15940,296,14801,0.2759890854358673,1.074910044670105
16424,22,1122,0.4734010100364685,0.9769060015678406
15323,31,1557,0.0324523262679576,0.8157669901847839
16232,112,5616,0.0327732414007186,1.3375600576400757
16232,200,10030,0.3537704646587372,1.0025899410247805
16420,25,1251,0.0031831990927457,1.0924899578094482
16420,79,3980,0.1262528449296951,1.0157400369644165
14260,168,8412,0.7212294936180115,1.0167499780654907
16160,144,7246,0.027844414114952,1.2527131418770663
16160,252,12604,0.0132238119840621,0.5505049824714661
16437,235,11765,0.0402149483561515,0.8692610263824463
16134,413,20661,0.0018731572199612,0.803298254205494
16134,413,20694,0.0072831106372177,1.0559699535369873
15383,167,8372,0.0766978114843368,1.063789963722229
14133,102,5148,0.0144996345043182,0.8632879853248596
16301,102,5117,0.9882797002792358,0.9990100264549256
14154,46,2323,0.0103630991652607,0.6033549904823303
14159,107,5381,0.0079098874703049,0.8284419775009155
14159,217,10895,0.0310781858861446,0.453574001789093
15291,62,3149,0.0658907368779182,3.3131194386157923e-07
15291,296,14814,0.0035867162514477,1.034209966659546
15306,4,243,0.0515423826873302,0.009616373560600674
16406,38,1925,0.0070850481279194,1.028499960899353
15238,76,3850,0.0318993106484413,1.056820034980774
16096,76,3840,0.0530785135924816,1.0263899564743042
16092,101,5075,0.0132626639679074,0.9454259872436525
16092,163,8189,0.0138598419725894,0.9217900037765504
15954,314,15725,0.0111817214637994,1.2647524955816465
16114,10,504,0.0413479208946228,0.7204353304178994
16114,20,1022,0.007068807259202,0.6935539841651917
16114,35,1782,0.0008962473366409,1.217602292654192
16209,195,9764,0.1016079261898994,0.9450010061264038
16231,14,747,0.027603406459093,0.8389919996261597
15350,128,6446,0.0037186795379966,0.5884860157966614
16173,66,3305,0.0149843068793416,0.4650520086288452
15238,57,2859,0.0631256476044654,1.1306899785995483
15238,87,4353,0.0117282792925834,1.0004899501800537
16301,226,11334,0.00272834347561,0.9156240224838256
16389,22,1117,0.0031950576230883,1.0395699739456177
16389,66,3321,0.0056104566901922,1.1491899490356443
16113,83,4200,0.007243210915476,1.0171500444412231
16242,271,13561,0.1411710828542709,1.028730034828186
16339,165,8277,0.0108570270240306,1.174340009689331
15396,168,8410,0.0003112410195171,1.5386600494384766
14154,64,3242,0.0488018691539764,1.0459599494934082
14154,224,11240,0.04467349126935,1.4073568989601881
15254,55,2795,0.2639232575893402,1.2084963270320794
16228,251,12565,0.0489258281886577,0.8295315084192936
16333,8,436,0.0004494964086916,0.6810150146484375
16333,72,3607,0.0389285162091255,1.5245100259780884
14148,125,6300,0.7930001020431519,0.04746811528225424
15963,58,2914,0.3721003532409668,0.7057660222053528
15355,65,3295,0.0682013779878616,0.6495640277862549
15355,106,5326,0.13467338681221,1.0055899620056152
15931,311,15593,0.0265939645469188,0.5175510048866272
15989,439,22000,0.0032093480695039,0.9006620049476624
16008,46,2307,0.0340995229780674,0.912289023399353
16008,46,2339,0.0254753325134515,1.035830020904541
16028,495,24778,0.0915396586060524,0.9250289797782898
15289,8,424,0.0040059168823063,0.8946660161018372
15289,94,4711,0.5382384061813354,1.0126999616622925
15289,94,4713,0.5093634724617004,1.3500355059539544
15251,172,8615,0.002053074305877,0.9836599826812744
15339,119,5955,0.5666730403900146,0.4216910004615783
14152,154,7745,0.0024792724289,0.97884601354599
16225,140,7047,0.0081001827493309,0.895609974861145
14186,176,8822,0.0029849766287952,0.8339549899101257
16313,57,2892,0.0060378303751349,1.032539963722229
16313,114,5729,0.0036689375992864,0.8752350211143494
15428,270,13512,0.0152753954753279,1.055299997329712
15428,270,13523,0.4130281209945678,0.6208699941635132
14263,7,359,0.1068275347352027,1.3574146634408635
14263,171,8570,0.4270290434360504,1.2347554380704935
14154,176,8846,0.0638862252235412,1.5230499505996704
14263,320,16042,0.0007446591625921,0.3375929892063141
14154,8,438,0.0149535248056054,0.6163849830627441
14154,185,9278,0.0196094326674938,1.048949956893921
14240,23,1198,0.0012061098823323,0.5073850154876709
16008,52,2621,0.0107809761539101,1.0705699920654297
15295,2,150,0.0028220799285918,1.320430040359497
15254,10,519,0.116675741970539,1.1558599472045898
15954,49,2480,0.0099915564060211,1.1749500036239624
15954,83,4164,0.0775662958621978,1.30731999874115
15954,177,8865,0.6099923253059387,0.930154025554657
14171,58,2926,0.0131654562428593,1.127105905500457
15350,123,6192,0.0930210724472999,0.6891156428183294
16004,73,3692,0.0814369246363639,0.5602110028266907
16425,96,4814,0.2216924428939819,1.0558099746704102
16173,63,3162,0.004170901607722,0.8958979845046997
16173,63,3176,0.0104104802012443,0.986589014530182
16173,122,6110,0.0017665672348812,1.211550689232425
16173,122,6130,0.0307720620185136,1.3340659613556343
16173,144,7247,0.0051507609896361,0.5090180039405823
16134,25,1291,0.0014942047419026,0.986132025718689
16134,95,4756,0.0050171967595815,1.039770007133484
14219,63,3168,0.4552637636661529,1.1026899814605713
14219,63,3187,0.7787848711013794,0.9671810269355774
14219,63,3190,0.0203520245850086,1.094059944152832
14219,101,5086,0.0859205424785614,0.9806479811668396
14257,85,4284,0.0278393384069204,0.8196049928665161
14257,203,10181,0.0010519004426896,3.992123500469154e-05
16336,31,1559,0.0190578419715166,1.2392218094158807
16336,89,4493,0.0005976941320113,1.0278799533843994
14177,11,583,0.0369695648550987,0.8418239951133728
14177,38,1902,0.0404424965381622,1.3511693043650868
16134,247,12381,0.0161519795656204,0.9751859903335572
16134,488,24417,0.0582066625356674,0.9762382720987545
14239,34,1726,0.002017056569457,1.021340012550354
14239,50,2514,0.5923713445663452,0.8479440212249756
15403,65,3273,0.8114031553268433,0.8637850284576416
15403,65,3274,0.0026802704669535,1.0187400579452517
15403,176,8816,0.8820582032203674,0.9940566176678445
15403,176,8832,0.7177499532699585,1.3532299995422363
14153,14,726,0.0179603975266218,1.1619000434875488
16008,125,6295,0.0022375739645212,0.923068057509127
16008,183,9196,0.008423812687397,1.5540227406638965
16008,375,18772,0.049922939389944,0.5059660077095032
14127,154,7745,0.912094235420227,1.0321999788284302
14146,6,329,0.0179363917559385,0.8536379933357239
16186,182,9122,0.0344917885959148,1.1503886104795595
15415,6,345,0.0676197782158851,1.0220199823379517
16028,198,9936,0.1909310966730117,5.018788812503893e-05
15970,500,25027,0.0328939855098724,1.0186699628829956
15970,514,25748,0.0478431768715381,0.9161630272865297
16160,296,14836,0.0056679300032556,1.0734200477600098
15395,91,4560,0.0452429614961147,0.8773499727249146
14151,77,3862,0.9904689192771912,1.0279899835586548
14281,301,15083,0.0041470290161669,1.0557399988174438
16391,12,634,0.1743847131729126,1.1484729375043514
15987,441,22061,0.6607468128204346,0.5571679187343079
14174,91,4578,0.2620359361171722,1.5413899421691897
14174,163,8171,0.0081758331507444,0.9913769960403442
14294,11,576,0.1161191239953041,1.027999997138977
16089,48,2414,0.032607052475214,0.6924202596958864
16437,140,7001,0.1457398533821106,1.2844248837161703
16075,179,8958,0.0080118235200643,0.8939719796180725
14327,43,2191,0.0155926626175642,0.010840915163412115
16348,83,4182,0.0032209286000579,0.981145977973938
14125,0,48,0.003762284759432,0.8969630002975464
15291,323,16176,8.129551861202344e-05,1.192479968070984
15367,88,4438,0.0123369013890624,1.428023989101348
14218,4,221,0.0823850110173225,1.10834002494812
14218,187,9373,0.0098104234784841,0.6042960286140442
15426,38,1904,0.0739520564675331,1.3074942647846228
14274,122,6111,0.0103012584149837,0.9496496788674589
16134,329,16464,0.0522665493190288,1.2797199487686155
16134,391,19558,0.0018890163628384,1.0397599935531616
14152,134,6714,0.0023563392460346,0.6017680168151855
14152,248,12408,0.0026766287628561,1.2982931474821269
15315,66,3334,0.0061629028059542,0.8049579858779907
15931,254,12736,0.0200841911137104,0.6306949853897095
16089,529,26476,0.0035929654259234,1.0554602524922954
16089,539,26958,0.0288633331656456,1.0674200057983398
16433,111,5588,0.0303764957934618,0.8219570513596253
15225,34,1717,0.0010959999635815,1.0450299978256226
14239,16,813,0.0111742680892348,0.7233449816703796
14264,9,498,0.0002416264032945,0.9496830105781556
16113,340,17043,0.3197742402553558,0.6364780068397522
14173,75,3760,0.2399880290031433,1.01842999458313
16332,20,1038,0.657953143119812,0.9705650210380554
14225,9,495,0.0415324456989765,1.0812300443649292
15348,0,18,0.017121447250247,1.4207600355148315
15410,87,4370,0.0755818784236908,1.0434399843215942
14270,62,3123,0.0134069127961993,1.093690037727356
14143,119,5959,0.1402981877326965,1.2811886870539553
14143,171,8560,0.1624111086130142,1.0475000143051147
14143,96,4826,0.0966136381030082,1.0429600477218628
15430,164,8230,0.00080030283425,0.8391770124435425
16058,91,4565,0.0230909809470176,1.0330400466918943
16058,232,11633,0.0252106040716171,1.001109957695007
14128,8,427,0.7400517463684082,0.6433590054512024
15324,12,641,0.003642868483439,0.8779129981994629
15324,13,683,0.0284199006855487,1.0474900007247925
16230,36,1839,0.0003014871617779,0.8979009985923767
16230,48,2433,0.0734636336565017,0.837939977645874
16230,52,2644,0.0475389100611209,0.4868670105934143
15328,238,11939,0.2446369528770446,0.9758380055427552
15355,97,4885,0.3878415524959564,1.016010046005249
16091,17,855,0.8549690246582031,0.5076362429298412
16091,24,1229,0.0142822293564677,1.286337833438722
16105,26,1340,0.0318456143140792,1.0
16451,37,1864,0.0141952615231275,0.7709630131721497
16096,129,6464,0.0577085800468921,1.024940013885498
15389,75,3755,0.0203700847923755,1.280519962310791
16036,365,18296,0.0083608850836753,1.4113800525665283
16036,478,23915,0.2510888576507568,0.8747249841690063
16122,215,10769,0.3337440490722656,1.01691997051239
16122,254,12723,0.0230547320097684,0.8985739946365356
16336,115,5774,0.0017781596397981,1.0357099771499634
14295,131,6587,0.0099269011989235,0.988997995853424
14342,18,901,0.0369853377342224,1.02593994140625
14342,245,12297,0.1396123617887497,1.062790036201477
15391,162,8116,0.0219568032771348,0.9841348551667863
14259,14,709,0.8222854137420654,1.4090299606323242
15963,29,1469,0.01215595100075,1.0127700567245483
15963,41,2056,0.0203338023275136,1.0
14260,104,5244,0.1632689237594604,1.0
16315,12,624,0.0219887904822826,0.9223049879074096
16315,25,1258,0.0141193196177482,1.1016700267791748
14143,0,13,0.9994786381721495,1.0654300451278689
14143,57,2872,0.0136945582926273,0.9450730085372924
14143,123,6189,0.0096049113199114,1.0
14124,15,782,0.030359236523509,0.7705079913139343
14124,245,12261,0.046652864664793,1.5177700519561768
16142,21,1051,0.1063746064901351,0.6707519888877869
14174,15,756,0.0053636874072253,0.9670130014419556
16105,54,2723,0.0305917337536811,0.8833680152893066
16105,54,2735,0.0438751503825187,0.8191829919815063
14127,143,7154,0.3323345184326172,0.6184329986572266
16008,341,17089,0.0027713028248399,0.5595589876174927
14152,135,6767,0.049855288118124,1.031730055809021
14152,216,10839,0.0007926225662231,0.521041989326477
15416,81,4084,0.0208642818033695,0.930214171048938
15293,51,2592,0.1193569377064704,0.4705690145492553
15274,31,1573,0.585482120513916,1.3384727939835273
15328,94,4710,0.004197877831757,1.0318599939346311
15345,141,7066,0.0169766563922166,1.0358500480651855
15345,141,7070,0.0579590834677219,1.0579500198364258
15345,141,7083,0.2092658877372741,1.0294100046157837
16242,326,16335,0.0222316365689039,0.5120009779930115
15388,10,508,0.1851910650730133,0.7630569934844971
15366,38,1933,0.0127714583650231,1.023360013961792
15366,64,3245,0.0044388007372617,0.5410169959068298
16094,186,9304,0.7463828921318054,1.1323599815368652
14149,102,5138,0.0019951919093728,1.3286782807664679
16310,119,5960,0.0052218218334019,0.9351490139961244
16095,410,20506,0.0017502033151686,0.9816370010375975
15264,81,4091,0.0688822343945503,1.2313499450683594
16355,65,3287,0.0154483150690793,0.926248013973236
16355,70,3511,0.0114674074575304,1.2523490488795517
16006,392,19639,0.200044110417366,1.045590043067932
14151,33,1680,0.0045309821143746,0.7391512390055935
15382,272,13633,0.0039591006934642,0.9910489916801452
16355,79,3951,0.0119325947016477,1.1307796961759564
16355,79,3987,0.2196985632181167,0.8970819711685181
16173,30,1539,0.0079731959849596,3.206666702888583
16167,127,6378,0.0025412486866116,0.522275984287262
16094,403,20180,0.0697115734219551,0.796064019203186
16094,472,23650,0.6934689879417419,0.4935750067234039
16199,395,19792,0.007480545900762,1.1096899509429932
16199,468,23445,0.6098614931106567,0.9482489824295044
14148,211,10572,0.3105951845645904,0.6026790142059326
15987,174,8739,0.7566894292831421,1.1410000324249268
15987,287,14395,0.2090818881988525,1.0405000448226929
16006,106,5303,0.0473293848335742,1.0483100414276123
16205,435,21797,0.0125657003372907,1.0065699815750122
16338,101,5076,0.1066062971949577,0.5122780203819275
16173,35,1770,0.0023970955517143,1.043969988822937
14159,234,11737,0.4440593421459198,0.9760149717330932
15243,26,1348,0.0037575000897049,0.7326020002365112
15243,26,1350,0.0021576466970145,0.6918399930000305
16112,157,7863,0.0005413579638116,1.072119951248169
16205,184,9237,0.0218365862965583,1.0076700448989868
16022,401,20067,0.1537441313266754,1.0052200555801392
16008,302,15106,0.0248119216412305,0.9958930015563964
15386,74,3748,0.051009502261877,1.1036399602890017
16052,246,12346,0.3966754674911499,0.9896889925003052
16052,315,15769,0.0130278579890728,0.9484543018477325
14227,27,1389,0.0039567491039633,0.9695479869842528
14227,130,6509,0.0441876128315925,1.0995718579388125
15948,60,3005,0.0194275937974452,1.1421431216851803
14154,150,7507,0.0794388428330421,1.0069899559020996
14154,152,7638,0.0855639725923538,1.3799616492765239
14122,114,5740,0.0904731526970863,0.67535001039505
14122,142,7139,0.008971469476819,1.049370050430298
15251,37,1873,0.0579747520387172,0.005043035266707345
14157,14,703,0.0549746826291084,1.0298500061035156
14157,56,2841,0.0379856787621974,0.9243549704551696
14157,62,3147,0.0131723210215568,0.6280962586093608
15931,395,19778,0.0012765190331265,1.2456172521314386
16250,58,2912,0.0073493286035954,0.9228119850158693
16446,135,6775,0.0046058981679379,0.9886069893836976
16446,341,17052,0.1875368952751159,1.0088800191879272
16446,341,17098,0.1414479315280914,0.8655400276184082
15348,198,9940,0.4126133322715759,0.924081027507782
15428,81,4082,0.1728861480951309,0.9959549903869628
14281,154,7712,0.0414627492427825,1.1548843798646402
15311,53,2655,0.0071466793306171,0.8396700826566814
16112,443,22166,0.0027376697398722,0.6020249724388123
15265,1,83,0.0451775528490543,0.9059687946908497
14159,247,12371,0.0206178501248359,0.6388980150222778
15989,442,22132,0.2050831913948059,1.3634747617172849
14138,89,4478,0.0549614839255809,0.5961679816246033
14121,111,5597,0.1644405126571655,1.031559944152832
16051,36,1823,0.0032754926942288,0.5528380274772644
14202,41,2087,0.011056862771511,0.3301999866962433
14202,80,4041,0.1181422770023346,0.6102163619494689
16072,14,747,0.9124866127967834,0.6192290186882019
16072,31,1568,0.0348878055810928,0.21904938519907802
14134,126,6311,0.023831333965063,0.021599321511758363
14134,229,11484,0.0860014855861663,0.7675719857215881
16339,168,8422,0.0199685990810394,0.9763240218162536
16339,233,11653,0.4116013348102569,1.2154699563980105
16339,260,13018,0.0097584538161754,1.0470399856567385
15291,184,9233,0.0336015112698078,0.9571049809455872
15411,111,5561,0.0391032770276069,0.940865993499756
15411,111,5596,0.0815525352954864,1.0437599420547483
15238,35,1785,0.0051926234737038,0.5844529867172241
15238,88,4421,0.1038828045129776,1.0
15238,98,4943,0.3757053017616272,1.0166800022125244
14138,49,2490,0.0610069073736667,0.9263139963150024
15399,5,285,0.0146017353981733,0.5988630056381226
15396,17,876,0.0007886016974225,0.9032120108604432
15396,171,8580,0.3107322156429291,1.0754899978637695
16266,115,5794,0.5858853459358215,4.492783399199422e-09
16113,1,91,0.6071920394897461,0.7958130240440369
16113,80,4012,0.9507768154144288,1.1891180921497833
14190,59,2987,0.6405128836631775,0.981042981147766
14190,63,3178,0.0404174029827117,1.0430500507354736
16214,13,661,0.8234684467315674,1.0176199674606323
16214,62,3136,0.0035305607598274,1.0050400495529177
16021,185,9289,0.9361326694488524,0.5747820138931274
16042,72,3601,0.0078281788155436,0.9026925683330234
15397,101,5081,0.1512137502431869,1.0806599855422974
15397,142,7127,0.0898298174142837,1.1803126943946156
15276,8,414,0.9851328134536744,0.6050599813461304
15282,1,53,0.0017197545384988,1.0523899793624878
16252,35,1763,0.0392929650843143,1.078719973564148
16252,51,2592,0.1014702692627906,0.8045830130577087
16252,115,5767,0.0481726676225662,0.976833999156952
16222,31,1578,0.3400978744029999,1.171370029449463
16222,38,1902,0.1119496524333953,0.49856382360083273
15969,319,15969,0.0006881806766614,0.9658880233764648
15969,417,20864,0.0266996771097183,0.7847369909286499
14227,55,2763,0.4854831993579864,1.0465600490570068
15261,1,79,0.006389474030584,1.1624900102615356
15261,2,143,0.0250425897538661,1.2267099618911743
16340,354,17726,0.0962994992733001,1.0907299518585205
14154,94,4701,0.0276298038661479,1.0098600387573242
14269,143,7186,0.0038752104155719,1.0200400352478027
15257,40,2016,0.0004823255876544,0.9708920121192932
16151,15,757,0.3952009975910187,1.2050193255461465
16425,127,6382,0.0162597950547933,0.697400966442494
16252,177,8877,0.0068756104446947,1.0495100021362305
16095,37,1892,0.8298107385635376,7.61729410551573e-07
16137,31,1567,0.1082149893045425,1.105139970779419
14159,201,10056,0.2259308248758316,0.931451976299286
14229,20,1003,0.0682049170136451,1.3091352006748878
14275,48,2439,0.0052609546110033,1.2407100200653076
14275,63,3171,0.0038018187042325,1.1762135092535289
16113,72,3621,0.0019895611330866,1.3745359813758569
16113,97,4894,0.5670151710510254,0.8755459785461426
16301,38,1909,0.0079816039651632,5.1196296243435045e-05
16301,97,4883,0.0694347918033599,1.1968518174277278
16301,97,4885,0.0427503585815429,1.0428942080219485
16301,97,4888,0.0136249624192714,0.9858750104904176
16301,145,7279,0.056088887155056,0.8648419976234436
14277,219,11000,0.4350093901157379,0.9325979948043824
15283,2,137,0.0003551828558556,0.9639949798583984
15335,214,10717,0.0186671968549489,0.6935170292854309
15335,293,14697,0.523182213306427,1.024940013885498
16090,1,79,0.0016597266076132,1.230849083942445
15227,133,6688,0.0021450356580317,0.5226579904556274
16134,419,20972,0.0005980563000775,0.9947509765625
15421,212,10625,0.1599089503288269,1.0272599458694458
15422,145,7269,0.0269083641469478,0.9984660148620604
15322,62,3143,0.0086322827264666,0.5266000032424927
15322,132,6637,0.1329797953367233,0.973618984222412
14121,128,6403,0.0513120144605636,0.965179979801178
16227,170,8525,0.0035712420940399,0.9781569838523864
16227,227,11364,0.0054340409114956,0.8763039708137512
16203,202,10133,0.0484935045242309,0.6202210187911987
15273,118,5919,0.004988407716155,0.956179976463318
16323,10,503,0.0031056005973368,1.3633827726014405
16109,44,2239,0.0016248649917542,0.5214459896087646
16109,117,5883,0.0202558171004056,1.1727500977326315
15413,41,2097,0.0729695782065391,0.6538360118865967
16289,17,864,0.0106190182268619,1.4281668285052262
15292,149,7475,0.0243554320186376,0.9287769794464112
16267,182,9141,0.0295780673623085,0.4251259863376617
16134,354,17716,0.1038598790764808,0.8710830211639404
16134,407,20354,0.0011999827111139,3.3856039836535956
16040,32,1617,0.0025973964948207,0.3445590138435364
15430,92,4625,0.0208873450756073,1.074049949645996
15430,110,5513,0.1697543859481811,1.063230037689209
15957,13,673,0.0711030513048172,0.846580982208252
15957,60,3036,0.0027462805155664,1.1696701105876173
15242,183,9154,0.0104022892192006,0.9555460214614868
15242,183,9175,0.0004144245176576,0.9907339811325072
15242,60,3050,0.022548172622919,1.1965099573135376
15242,153,7672,0.070396140217781,0.9942190051078796
14138,57,2889,0.024418456479907,1.3266366361839346
16063,79,3951,0.021632220596075,0.8286269903182983
16063,117,5887,0.0052874647080898,1.0207699537277222
16063,146,7338,0.0498926937580108,1.1471779347721167
16059,19,954,0.0071451598778367,0.7681139707565308
16144,129,6495,0.0123509708791971,0.5394390225410461
15369,52,2623,0.0014525431906804,0.9653400182724
16433,17,897,0.0173048954457044,1.0208799839019775
16433,34,1705,0.0768684744834899,1.1379799842834473
16433,84,4244,0.1424585431814193,0.908676028251648
16242,130,6546,0.0603047162294387,0.06312714304832488
16242,184,9240,0.0231982227414846,1.0672399997711182
15339,116,5832,0.0621415935456752,1.0202800035476685
15291,281,14064,0.7765915989875793,1.0285199880599976
14149,176,8822,0.0392191745340824,0.687451955442711
15409,8,448,0.023856833577156,0.0002308606899324413
16028,518,25935,0.0834117159247398,0.5103690028190613
16092,61,3091,0.1142538636922836,1.0123300552368164
16092,136,6813,0.0234284084290266,4.45735310870532
15238,168,8421,0.0453253462910652,1.14520001411438
15286,62,3118,0.0229030679911375,1.0612000226974487
16071,42,2134,0.0154443262144923,1.0077400207519531
16071,130,6531,0.0118486089631915,1.1105799674987793
15323,6,318,0.0203776992857456,1.2930500507354736
15323,20,1038,0.2762186825275421,1.0235099792480469
15295,4,232,0.0074285906739532,0.9982010126113892
15295,29,1451,0.0106324329972267,1.3049800395965576
15295,58,2926,0.6443694233894348,0.4973630011081695
14327,13,686,0.0069448999129235,0.5689079761505127
15335,197,9853,0.9024388790130616,1.0030699968338013
16147,22,1119,0.0206511672586202,1.0668699741363523
15234,40,2035,0.0510996207594871,1.2267875886136608
15234,40,2042,0.0023259271401911,0.967859983444214
15234,161,8070,0.0148275606334209,1.0086599588394165
16210,119,5988,0.0223918352276086,0.5704630017280579
14277,162,8141,0.0120386444032192,1.0057899951934814
15297,8,422,0.0087857581675052,0.9097980260849
15297,8,428,0.0971989780664444,1.101138251271209
14134,28,1446,0.018818175420165,1.0352200269699097
14143,147,7377,0.5867661237716675,0.4713029861450195
15267,183,9192,0.0008662393083795,1.068750155182414
15425,138,6941,0.7640262842178345,1.0
15425,167,8389,0.0725632980465889,0.3117479979991913
14274,100,5005,0.0231444779783487,0.8872159702359428
15326,7,375,0.0714267045259475,0.7066320180892944
16038,261,13052,0.0999614223837852,1.100780010223389
16038,261,13069,0.0040359208360314,0.8517439961433411
16038,261,13097,0.4754115343093872,0.5817679762840271
16040,2,127,0.0733834728598594,1.2119359170570903
16040,18,945,0.0126163810491561,1.1380499601364136
15396,136,6840,0.0003730690223164,0.5276229977607727
15251,164,8239,0.0148241454735398,1.039680004119873
16280,14,717,0.0187124498188495,0.8126877764326855
16280,34,1737,0.0283291507512331,1.10316002368927
15965,314,15717,0.0222145970910787,1.0103399753570557
15965,314,15728,0.0272760670632123,0.9953340291976928
15279,91,4565,0.1282564550638198,0.5183039903640747
15279,107,5374,0.9093195199966432,1.1798100471496582
16348,127,6394,0.1437674015760421,1.0326000452041626
16125,91,4585,0.0095191402360796,0.4837239980697632
16125,152,7608,0.1930556148290634,0.8851190209388733
16125,152,7632,0.0279306843876838,0.950133979320526
16453,91,4597,0.2223358005285263,0.5904279947280884
16288,4,249,0.0352414399385452,0.6855459809303284
16288,31,1598,0.0356371328234672,0.9586629867553712
16288,77,3856,0.0040993276052176,1.0247900485992432
16288,77,3872,0.2659212052822113,0.7936858924105081
16242,67,3369,0.0209337696433067,0.93640398979187
16196,16,807,0.0326917357742786,1.716189980506897
16196,195,9751,0.0118784587830305,0.9217900037765504
15294,97,4879,0.1675166636705398,0.5831729769706726
15294,111,5571,0.0014174039242789,0.9531859755516052
14123,21,1054,0.0602631196379661,1.2875499725341797
15273,30,1525,0.8079752922058105,1.0154600143432615
16036,224,11238,0.6074052453041077,0.8779129981994629
16036,247,12394,0.0119782360270619,1.180257486091534
15382,93,4662,0.6000150442123413,0.8232399821281433
15382,186,9315,0.0471997447311878,1.0495500907398283
15382,246,12306,0.2175280749797821,1.3021199703216553
15981,392,19629,0.0099426368251442,1.014930009841919
14219,76,3835,0.000901881547179,1.0285099744796753
15969,97,4856,0.0129208862781524,1.0584299564361572
16036,53,2658,0.0032810969278216,0.6524732319812472
15383,37,1867,0.0396595261991024,1.2903200387954712
15383,229,11500,0.194221943616867,0.5130249857902527
15295,26,1335,0.0317720808088779,1.0484299659729004
16191,5,255,0.9784723520278932,1.007040023803711
15341,62,3107,0.2601545751094818,0.5098230242729187
16200,112,5613,0.0092722391709685,1.1027599573135376
16052,175,8760,0.97564959526062,1.300959356480746
16052,361,18099,0.1010759025812149,0.6691669821739197
16175,77,3875,0.0035907197743654,1.1935141822727502
14297,260,13034,0.0123936329036951,0.7193854130571609
14121,230,11502,0.0048155784606933,1.0225600004196167
16207,42,2137,0.1299571990966797,0.9196926650137556
15243,13,667,0.0108099356293678,1.0712100267410278
15243,36,1802,0.590400218963623,1.9445086696733256
15243,75,3766,0.0023518584202975,0.9217900037765504
15223,43,2175,0.3064963519573211,0.8270519971847534
16052,494,24747,0.0413695499300956,1.4047900438308716
16036,19,995,0.022112114354968,1.0420299768447876
15254,70,3550,0.0395679175853729,0.5261290073394775
14297,319,15980,0.2262413650751114,0.9893879890441896
16073,59,2995,0.205761045217514,1.0048199892044067
15265,50,2505,0.0015600682236254,0.9495059847831726
16036,134,6748,0.0020305078942328,0.8779129981994629
16036,167,8395,0.0878271535038948,1.222350001335144
16036,250,12507,0.0015192935243248,0.8588160276412964
16036,426,21322,0.1313292533159256,1.0335899591445925
14264,10,523,0.0036419115494936,0.9967989921569824
16232,92,4618,0.0021127094514667,0.5590519905090332
16022,213,10657,0.0047160158865153,0.7195685652811079
16453,159,7979,0.0276256036013364,0.570563018321991
15249,92,4641,0.0130433849990367,0.96737402677536
16352,235,11780,0.5710806250572205,1.1220200061798096
15421,40,2002,0.1644091308116912,0.9427210092544556
16389,176,8814,0.0172074791043996,0.7178410291671753
15367,8,410,0.0043014665134251,1.574720025062561
15367,30,1546,0.0027124290354549,0.6042680144309998
16041,110,5535,0.0033574954140931,1.1873500347137451
14298,81,4083,0.0443285070359706,0.7768570184707642
15308,42,2130,0.0598467774689197,1.0656364509161305
16313,212,10615,0.0029207780025899,1.0316400527954102
16004,9,499,0.9106702208518982,1.035290002822876
16004,66,3323,5.2660005167126656e-05,0.9814140200614928
15946,273,13677,0.0001740186999086,0.9344409704208374
15323,18,914,0.0310970395803451,0.5534859895706177
14191,149,7452,0.0070042731240391,1.192579984664917
14191,149,7487,0.0079749310389161,0.012543120108402703
14191,171,8576,0.0858269855380058,0.7288450002670288
16446,196,9813,0.5285112857818604,1.2033300399780271
16446,363,18164,0.0007168175652623,1.0481200218200684
16144,25,1297,0.0015437337569892,0.14853757278297586
16144,46,2313,0.0027753331232815,1.4607800245285034
15391,65,3291,0.0639413148164749,1.183709979057312
15391,65,3298,0.0161344297230243,1.28082114374439
16352,313,15673,0.4934549033641815,1.159061136939158
16352,467,23391,0.2104676365852356,1.055240035057068
15948,41,2076,0.0055255452170968,1.2488323476729875
16116,25,1297,0.3141044080257416,0.5419110059738159
16018,12,632,0.0732737779617309,0.9606540203094482
16018,13,687,0.1368612349033355,1.0382299423217771
16018,17,891,0.1478297412395477,1.0892079990299524
15979,9,456,0.0012834894005209,1.1542799472808838
14253,3,164,0.3907533884048462,1.057070016860962
16363,22,1137,0.1986782848834991,0.5405870079994202
16036,101,5071,0.0190792493522167,0.7790399789810181
15323,5,288,0.0173114165663719,1.4111299514770508
15339,228,11433,0.6694769859313965,1.4061000347137451
14186,150,7521,0.0077087045647203,1.0
14186,226,11345,0.6980238556861877,1.0816199779510498
15368,27,1396,0.007928404957056,0.9503870010375975
15368,94,4719,0.021323524415493,0.9269909858703612
15969,283,14157,0.1658831089735031,0.5363569855690002
14271,123,6162,0.0038783925119787,0.8757339715957642
16203,110,5528,0.0143845397979021,0.5679529905319214
16332,7,359,0.0511145889759063,1.3056092491444813
16332,7,383,0.00965007673949,0.7196640401402874
15315,63,3177,0.3296220898628235,1.6646699905395508
15315,82,4149,0.0188947785645723,0.6570870280265808
16231,89,4453,0.5023021697998047,0.9515730142593384
16225,194,9717,0.1227374672889709,0.819009006023407
16225,194,9718,0.0298848822712898,0.6830300092697144
15334,17,881,0.0061085997149348,0.998251974582672
15334,43,2158,0.5453364253044128,3.765687525829645e-05
14153,83,4191,0.0073484452441334,1.0951800346374512
14149,171,8572,0.0074763908050954,0.7846890091896057
14149,202,10116,0.0170186702162027,1.0502300262451172
14281,50,2513,0.1245685890316963,1.0128999948501587
14281,259,12968,0.0092715825885534,1.0788099765777588
15271,2,147,0.0512278340756893,0.7138760104264391
15271,13,692,0.1428865790367126,0.9166160225868224
15281,7,391,0.0314160324633121,0.4742920100688934
15281,57,2899,0.0138363139703869,1.0978399515151978
14239,53,2690,0.079134464263916,1.0633399486541748
16095,63,3171,0.1209955811500549,0.0018204506788968326
15314,41,2091,0.0099534895271062,0.8946269750595093
14127,261,13077,0.0012933519901707,0.9051690101623536
15428,287,14353,0.0017097456147894,0.9845749735832214
15343,306,15322,0.0196693055331707,0.9022290110588074
16392,6,331,0.0030728839337825,0.5074800252914429
16392,52,2624,0.005837514065206,0.9416769742965698
16392,52,2649,0.4861181974411011,0.5642470121383667
16392,60,3008,0.7937095165252686,1.3711256009048896
16352,152,7610,0.615028440952301,1.004830002784729
16352,152,7629,0.0051057878881692,1.0
15291,271,13574,0.0274965707212686,0.5474569797515869
15291,21,1080,0.014031589962542,1.2483601535875832
15291,199,9984,0.0176426786929368,0.5045480132102966
15291,213,10674,0.0035433687735348,1.0554499626159668
15361,176,8828,0.0209559425711631,0.6473619937896729
15369,141,7072,0.3954913020133972,0.9508150219917296
15395,19,1000,0.1412759721279144,1.0448999404907229
15395,93,4662,0.0343404710292816,1.0363500118255615
14124,35,1756,0.0214625336229801,1.0558193422699134
15392,27,1379,0.0017111159395426,0.9003239870071411
15353,66,3342,0.0206565968692302,0.8779129981994629
16232,107,5388,0.3706117868423462,1.7946200370788574
16125,214,10714,0.0449053980410099,0.6754220128059387
16230,47,2357,0.0464591309428215,0.8982399702072144
14161,19,960,0.3460919559001922,0.8248270153999329
14161,19,981,0.0694687291979789,1.249270315445301
14161,66,3344,0.0626179650425911,1.0386300086975098
14161,111,5553,0.6169847846031189,0.7308980226516724
15348,253,12655,0.0020878948271274,0.996737003326416
16444,58,2904,0.1479977667331695,1.3789157041964581
16444,70,3505,0.6131836771965027,0.909641981124878
16444,70,3535,0.5455620288848877,1.016610026359558
16411,138,6940,0.0058708488941192,1.0136100053787231
15295,51,2568,0.0108518823981285,0.04526496587029631
16203,27,1372,0.0071026068180799,0.8853530287742615
16203,205,10263,0.0290974453091621,0.9629899859428406
16008,226,11343,0.0230451226234436,0.9897329807281494
16008,324,16228,0.55185866355896,1.1390054735050867
15391,213,10688,0.1229205578565597,1.3257900476455688
15328,63,3161,0.023347707465291,1.0080822867465002
15975,129,6465,0.1496172696352005,1.0
16088,82,4130,0.0242583472281694,0.3985039889812469
14127,134,6713,0.0010215947404503,0.8779129981994629
16038,149,7464,0.1271679550409317,0.9795349836349488
15954,275,13759,0.0100646996870636,1.2975499629974363
15969,469,23468,0.0404615961015224,0.5191270112991333
16167,15,786,0.0271479468792676,1.050519943237305
14152,52,2616,0.0325680822134017,0.7622054709200654
14182,18,927,0.1401797980070114,1.298259973526001
14182,18,936,0.8134201169013977,0.26608169800196885
15322,38,1918,0.0029331955593079,0.5594980120658875
15322,78,3931,0.6272484064102173,0.8779129981994629
16307,46,2339,0.0496287606656551,0.8123162351563451
16307,70,3512,0.0708436593413353,1.2139721370836014
15281,18,925,0.0405239090323448,0.3607290089130401
15281,24,1220,0.0265696998685598,0.8106269836425781
16186,96,4835,0.0015483010793104,1.222553008780892
15264,25,1290,0.3956763744354248,0.4460049867630005
14183,7,359,0.0002746494137682,1.016409993171692
15965,107,5397,0.011568171903491,0.8744440078735352
16286,551,27555,0.0080604702234268,0.5213015613856697
16286,557,27865,0.0117324534803628,1.2377864689383813
16079,65,3289,0.021485486999154,0.5844089984893799
14203,2,143,0.3017381131649017,1.494420051574707
14203,9,492,0.0985597968101501,0.5297979712486267
14203,45,2268,0.0277046784758567,1.0213700532913208
14209,26,1302,0.1568053066730499,1.0996500253677368
14209,26,1313,0.0129689816385507,1.0118900537490845
14162,4,210,0.0038671784568578,1.0495500564575195
14162,24,1210,0.0027882114518433,0.9921870231628418
14257,202,10111,0.0247663613408803,0.6575899720191956
14257,208,10434,0.0007302228477783,1.0641900300979614
16160,82,4124,0.3850444257259369,0.695217754095637
16160,125,6254,0.6488350629806519,1.3473126345921858
16160,192,9629,0.063459075987339,1.008769989013672
16150,328,16427,0.985772669315338,1.0636500120162964
15264,41,2095,0.8503497242927551,1.3887402032403457
15264,96,4830,0.0218705907464027,1.2105525175635705
16175,84,4215,0.0564049296081066,1.2436533587769247
16160,209,10468,0.0140811465680599,1.0569000244140625
14286,7,352,0.0025676628574728,1.1464269240229896
15411,192,9639,0.0684222355484962,2.6416048856134466
15416,117,5900,0.0037141281645745,0.5827670097351074
16301,107,5383,0.0778916999697685,1.0728800296783447
16301,107,5393,0.0014036401407793,0.5313130021095276
16112,188,9432,0.063062310218811,1.2332442955023453
15979,19,990,0.0003643096424639,0.00018457239019524477
16389,146,7309,0.0721543207764625,0.4443680047988891
16374,15,791,0.4517976343631744,1.321310043334961
15966,32,1638,0.1171843633055687,1.059010028839111
15952,11,574,0.2443813234567642,1.133440017700195
15952,12,616,0.0073127024807035,1.188230037689209
15952,131,6598,0.6349891424179077,1.1714999675750732
16109,3,180,0.0029682849999517,1.0535064313505276
16109,24,1216,0.0038550556637346,0.784699022769928
16109,24,1237,0.0665693059563636,0.7195670008659363
16109,35,1784,0.0451084338128566,0.9163609743118286
15939,76,3818,0.0073609007522463,1.1492032051907586
15939,155,7759,0.8543041348457336,0.9154729843139648
14177,15,789,0.0339598655700683,0.5022299885749817
15954,91,4557,0.7970219254493713,0.6367679834365845
16063,28,1413,0.8476835489273071,0.5884680151939392
15428,128,6437,0.0992444083094596,1.0207600593566897
15428,214,10711,0.0072594573721289,1.0997899770736694
15428,216,10811,0.0183874797075986,1.1078399419784546
15428,268,13433,0.2202489078044891,1.0616400241851809
16378,46,2303,0.0079105915501713,1.0443899631500244
16378,46,2318,0.1469060331583023,1.0502389700890973
16378,46,2345,0.0005920433904975,1.0146600008010864
15368,124,6245,0.004731073975563,1.1749795690235487
16008,313,15690,0.0012848451733589,1.1770104908152492
16008,373,18680,0.0642099976539611,1.335960030555725
15431,20,1005,0.0026095951907336,1.4669595628610637
16089,132,6606,0.002343390835449,0.9972509741783142
16089,404,20206,0.0850718319416046,1.4270700216293335
16089,404,20213,0.0578905008733272,1.0410200357437134
16117,95,4779,0.5105780363082886,1.0133099555969238
16117,100,5009,0.5351259708404541,1.0684200525283811
14295,35,1780,0.187519371509552,0.511227011680603
14218,85,4281,0.399288147687912,1.0461100339889526
16242,161,8089,0.0221019797027111,0.8952322608770658
14209,41,2067,0.0541309639811515,1.2600799798965454
15425,125,6254,0.0013456142041832,1.1007411646359344
15969,477,23869,0.0423642881214618,0.9647809863090516
15969,477,23889,0.004126037005335,0.7019190192222595
15318,129,6477,0.012573268264532,0.9477559924125672
16079,22,1150,0.0011901780962944,0.9312909841537476
16079,57,2863,0.1706468313932418,1.2659582699364253e-14
16006,282,14148,0.0219692941755056,1.05131995677948
16219,333,16691,0.0152964740991592,0.8682850003242493
15227,49,2470,0.0068737538531422,0.9397950172424316
14281,176,8835,0.0400272384285926,1.0198899507522583
15273,120,6014,0.3406992256641388,0.9893869757652284
15294,26,1307,0.0106235882267355,0.8834699988365173
15294,26,1350,0.1063989698886871,1.2000939103902228
15294,47,2364,0.0303673259913921,0.5136139988899231
15294,58,2913,0.0050642415881156,1.3182348479213033
16023,487,24354,0.0106907058507204,1.074910044670105
14257,35,1759,0.0122781498357653,1.1008199453353882
16113,116,5831,0.0016117533668875,1.3234200477600098
16113,258,12901,0.0147960940375924,0.4810709953308105
15266,43,2151,0.0879294052720069,1.046280026435852
16439,78,3915,0.0017277284059673,1.1402884575861452
14212,69,3477,0.03573440015316,0.5889480113983154
15225,17,888,0.1165891140699386,1.0356099605560305
15225,20,1018,0.0580763928592205,0.6785709857940674
15225,33,1667,0.3222626149654388,0.9888039827346802
16023,133,6670,0.0260444786399602,1.0170300006866455
15319,8,444,0.0212687961757183,0.8275790214538574
16295,75,3765,0.0102941831573843,1.0420600175857544
15969,23,1169,0.981775403022766,1.0375699996948242
16186,99,4972,0.4892815053462982,1.0496400594711304
16186,254,12731,0.9447512626647948,1.342579960823059
14174,133,6675,0.0203997567296028,0.2410950064659118
16252,150,7533,0.1135448887944221,1.1486999988555908
16252,182,9128,0.0014327078824862,0.9477739930152892
16252,206,10313,0.0650493279099464,1.1673400402069092
15428,183,9188,0.0056987372227013,0.6422590017318726
15428,266,13301,0.9807047247886658,0.453220009803772
16113,204,10216,0.0082569308578968,0.08596719143088055
15273,161,8081,0.4238698482513428,0.5635640025138855
14217,5,267,0.000142254444654,1.0336075019181694
15975,110,5514,0.1878940761089325,0.9383410215377808
16310,80,4049,0.0043925908394157,0.5916908527397596
15320,7,389,0.0434501357376575,0.5073270201683044
15228,15,791,0.0068562771193683,1.3085449989730478
14281,69,3475,0.0235372073948383,0.5383059978485107
14281,140,7043,0.1930521428585052,1.4245400428771973
14212,261,13077,0.0691308453679084,0.9723029732704164
16036,462,23126,0.0420979261398315,1.349020004272461
16205,183,9161,0.131527841091156,1.1598982940415397
16252,230,11523,0.005809542723,0.1978269964456558
15291,1,97,0.0143366334959864,1.0112832505980263
15291,115,5771,0.0007791633252054,0.900422990322113
15969,455,22783,0.0210010521113872,0.779558002948761
15969,455,22791,0.0127502651885151,0.9888110160827636
16438,48,2432,0.0192177332937717,0.907890946031003
15391,100,5020,0.2097209841012954,0.5602492220988253
16115,56,2821,0.0235722791403532,1.029770016670227
16243,62,3119,0.1664797216653823,0.5232229828834534
15989,441,22071,0.9691707491874696,1.11116287350535
16052,133,6662,0.2443137168884277,0.555770993232727
16225,227,11352,0.1123068556189537,1.0120400190353394
16026,1,55,0.0066356291063129,1.0301899909973145
15277,8,450,0.0425466708838939,0.04121004494130261
16051,144,7235,0.0985593721270561,0.9782275387264505
16279,13,700,0.2516279518604278,0.8255959749221802
16279,29,1488,0.581614077091217,1.0569404026680047
15933,275,13771,0.0012194634182378,0.8640959858894348
14246,100,5044,0.060087077319622,1.220270037651062
14220,23,1153,0.0244804173707962,0.8164650201797485
14220,51,2552,0.0108488369733095,1.1607099771499634
14220,51,2561,0.0044163651764392,1.0218499898910522
15367,84,4202,0.4287939369678497,0.5451970100402832
14266,4,214,0.0217410866171121,0.9674649834632874
14121,54,2741,0.0071318582631647,1.418220043182373
16209,71,3599,0.0034621730446815,0.8494859933853149
15431,28,1412,0.3427650928497314,1.062543662361577
15228,3,184,0.0247590411454439,0.6093249917030334
15228,7,363,0.0097066201269626,0.5167379975318909
15228,21,1099,0.5590445399284363,1.0
16205,447,22368,0.0008511639898642,0.9457110166549684
16205,483,24193,0.0159295983612537,0.9824259877204896
16205,483,24194,0.6712412238121033,1.0
14191,44,2233,0.002539362758398,1.3572700023651123
14295,62,3123,0.0053591867908835,0.6687899827957153
14295,90,4513,0.0689310580492019,1.238919973373413
16006,471,23572,0.0005867995205335,1.0109599828720093
16379,39,1976,0.0141502376645803,0.8288138323980121
15345,213,10673,0.008692211471498,1.082170009613037
15270,37,1868,0.9116302132606506,1.1034899950027466
15259,20,1015,0.2457741498947143,1.0245200395584106
15966,323,16165,0.0031596920453011,0.9685310125350952
15966,323,16194,0.0238145217299461,1.0193699598312378
15948,85,4277,0.0400126539170742,0.7918329834938049
15355,13,653,0.0023457710631191,1.4356665523427523
16458,1,99,0.0458504296839237,1.0511992295370476
16446,359,17963,0.0774823874235153,1.0737600326538086
15291,211,10577,0.0001571408065501,0.8386669754981995
15291,339,16999,0.4132919013500213,0.9335749745368958
15407,143,7161,0.0026153039652854,1.1812635549272843
15407,205,10299,0.243248850107193,1.2462799549102783
15407,322,16126,0.4085806608200073,0.6452299078786439
16219,255,12758,0.1602113991975784,0.8341134166138886
16219,255,12792,0.0088374046608805,0.9832770228385924
14195,3,193,0.9300394654273988,1.00409996509552
14161,70,3533,0.0154582038521766,1.2641469040549966
15981,174,8714,0.0121955629438161,1.0794700384140017
16151,27,1395,0.2862073183059692,1.0353399515151978
14195,157,7878,0.0031055286526679,1.1423300504684448
14127,60,3022,0.0398097187280654,0.4918049871921539
14127,118,5939,0.0235465448349714,1.2722100019454956
15328,112,5620,0.1455782651901245,1.0229029290188338
15397,156,7831,0.0130927124992012,1.0520993009241693
15311,18,932,0.0216420423239469,0.7577639818191528
14152,110,5517,0.097521461546421,0.934926986694336
14244,6,317,0.0110332937911152,1.2621751507549845
14212,43,2160,0.6318557262420654,1.022699952125549
15948,76,3825,0.0025291820056736,1.0177700519561768
15948,95,4753,0.0512791574001312,1.036829948425293
16346,203,10154,0.0105353174731135,0.1078612670415708
14294,29,1460,0.629608154296875,1.1040463386950705
15231,175,8793,0.0038663321174681,1.0272875454520545
16028,322,16111,0.0927815362811088,1.0421099662780762
14157,159,7965,0.018060965463519,0.9388830065727234
14157,159,7977,0.0556717216968536,1.0518499612808228
15407,213,10669,0.0018574674613773,1.0473599433898926
15407,264,13229,0.1321839094161987,0.6783819794654846
16006,65,3298,0.0496556460857391,1.0681899785995483
16006,137,6882,0.0105694066733121,1.102190017700195
14194,50,2539,0.012070370838046,1.032039999961853
16243,209,10464,0.0049054385162889,1.0714099407196045
15966,158,7945,0.0088928639888763,0.8345289897414432
15966,185,9253,0.0180904194712638,0.9756669998168944
16379,0,12,0.873767077922821,1.283660054969417
14216,40,2007,0.0161918085068464,1.005079984664917
15382,63,3155,0.0100719518959522,0.6740999817848206
16079,84,4210,0.4522261619567871,0.89642741309067
16228,60,3031,0.0210849307477474,2.230637030478419
14143,200,10033,0.0046573439612984,0.4694519937038421
16410,135,6752,0.0157172754406929,0.9997829794883728
14277,232,11617,0.0037710417527705,1.1409406690901276
14281,132,6632,0.0059120720252394,0.985954999923706
14281,196,9848,0.0273879896849393,0.975264012813568
14281,265,13287,0.0570308044552803,1.611799955368042
16227,270,13502,0.010882974602282,1.0773799419403076
16379,27,1358,0.0221212189644575,0.967859983444214
14187,49,2471,0.0255325678735971,0.646934986114502
14186,99,4968,0.0403107814490795,1.089609980583191
14186,99,4977,0.0895335376262664,1.0010099411010742
14186,165,8281,0.0018459187122061,1.2398799657821655
15422,82,4142,0.0242273192852735,1.0033299922943115
16424,244,12201,0.0135946329683065,0.4874260127544403
14154,149,7475,0.0451383739709854,1.05076003074646
15348,302,15103,0.0169818233698606,0.97639000415802
14134,166,8316,0.2895091474056244,1.5500323330941939
16122,57,2899,0.0328987687826156,0.9512090086936952
15319,6,306,0.0010900752386078,0.9809839725494384
15319,7,397,0.981648564338684,0.261830985546112
15319,13,659,0.0224416032433509,1.0095399618148804
16059,108,5420,0.0041130357421934,1.0558799505233765
16239,26,1315,0.0191374365240335,1.2480672207656056
16387,51,2559,0.002439941978082,1.0381900072097778
16279,19,967,0.1737338751554489,1.0574400424957275
16453,263,13188,0.0002973043592646,1.0265100002288818
15356,44,2223,0.0008194193360395,0.7942240238189697
15394,54,2726,0.0083752758800983,0.6256639780860738
15394,54,2750,0.00630888575688,1.0042500495910645
16346,184,9216,0.6978501081466675,0.9485085455044101
16346,259,12966,0.0275808200240135,0.7466030120849609
16089,225,11275,0.0036634958814829,1.3974427264366227
16089,225,11293,0.0144330104812979,1.005815620124956
15328,189,9476,0.0067893434315919,1.0377427875191712
14153,121,6094,0.004677016288042,1.0624899864196775
15297,281,14064,0.0667678043246269,0.7538419961929321
15989,298,14935,0.3560434877872467,0.58467698097229
16275,27,1363,0.5576298236846924,0.5662630200386047
16275,27,1379,0.0098163178190588,0.9292160272598268
16275,39,1975,0.0070746568962931,0.577131986618042
16275,93,4662,0.0229060668498277,1.218084362798898
16275,93,4688,0.0330636166036129,0.7168217988234886
14146,1,85,0.0271838810294866,1.111449956893921
14224,15,794,0.4133801162242889,0.5077549815177917
15383,94,4720,0.0671878680586814,0.9906749725341796
14134,93,4684,0.8019768595695496,1.3776999711990356
15976,66,3307,0.054351557046175,0.8943129777908325
16090,125,6281,0.475502997636795,0.9597769975662231
16162,50,2531,0.0003945816424675,0.5448790192604065
14122,38,1941,0.2598180472850799,2.2711491021094896
14122,64,3242,0.0031521134078502,0.8556510210037231
14122,175,8797,0.2148458510637283,1.141379952430725
14152,212,10632,0.0427827537059783,1.0004199743270874
14218,83,4156,0.0224201474338769,0.6516720056533813
14165,38,1922,0.0251527670770883,0.67467200756073
14213,44,2244,0.0015246723778545,1.0322400331497192
15361,78,3922,0.0786851868033409,0.989670991897583
14186,223,11190,0.467642217874527,0.8663549992530053
15970,328,16407,0.1059235408902168,1.05131995677948
16028,86,4324,0.0038143435958772,0.649412989616394
16028,86,4336,0.0047546243295073,1.0314500331878662
15297,81,4066,0.0437428317964077,0.8007546156983381
16352,242,12106,0.1467110514640808,0.5665550231933594
14269,204,10229,0.0112751768901944,0.9008700251579284
16338,9,451,0.020023038610816,0.9406200051307678
16022,461,23092,0.1361145824193954,0.9713410139083862
15952,227,11371,0.0038353959098458,0.7426760196685791
15396,86,4320,0.0009802669519558,0.9854450225830078
16333,58,2937,0.014337089844048,0.637598991394043
15397,208,10408,0.0075079263187944,0.7466380000114441
15411,182,9142,0.0012625511735677,1.2284200191497805
15411,270,13541,0.0038104464765638,0.7415369749069214
14257,10,511,0.0113328592851758,0.6679099798202515
15426,157,7867,0.0510811880230903,1.36421000957489
15415,20,1049,0.1542278677225113,1.1357681207162356
15415,99,4980,0.0875250399112701,0.5787230134010315
15935,62,3122,0.0028920699842274,0.8112880172768016
15935,62,3136,0.1326522827148437,0.8261929750442505
15425,54,2736,0.0094741703942418,1.0836700201034546
15425,136,6834,0.0712441205978393,1.0989490631154692
15291,9,487,0.1151618435978889,1.1256500482559204
15291,32,1617,0.0042786230333149,1.0538500547409058
15291,317,15889,0.0633482411503791,0.9319850206375122
15293,32,1644,0.0022130198776721,1.2515499591827393
15293,55,2766,0.0233023781329393,1.148010015487671
16446,42,2105,0.0416057519614696,0.7606980204582214
14206,15,800,0.1356495469808578,1.08024001121521
15382,222,11143,0.0086592976003885,0.5899152549330609
16347,63,3195,0.4514540731906891,0.6104649901390076
16347,76,3818,0.0155644649639725,1.0955499410629272
16347,76,3837,0.2908166050910949,1.0019700527191162
16298,114,5717,0.2076443582773208,0.8188989758491516
15334,7,361,0.031982984393835,0.6348962483647682
15334,23,1165,0.019232178106904,1.0603899955749512
15334,55,2775,0.0649830847978591,0.6253889799118042
15970,531,26574,0.0026223973836749,1.0319099426269531
15970,531,26583,0.8043500185012817,1.0936199426651
15316,252,12618,0.057212010025978,1.2898861135673203
16203,130,6548,0.0067086722701787,0.5177749991416931
16424,142,7145,0.9942805767059326,0.8042529821395874
16394,25,1269,0.0232578217983245,0.3862209916114807
15415,114,5741,0.019357418641448,0.06270659273644782
16379,204,10229,0.0127227799966931,1.0852400064468384
16379,204,10231,0.5882039070129395,1.036180019378662
15961,143,7164,0.0145418168976902,0.9219520092010498
14146,93,4665,0.0496753826737403,0.9938499927520752
15364,31,1571,0.0020453960169106,0.6108620166778564
16257,13,694,0.0013794308761134,0.7576090097427368
15961,511,25592,0.0166870281100273,1.1403599977493286
15297,55,2775,0.0785774141550064,0.8510000109672546
15297,67,3362,0.0040826993063092,0.4487180113792419
16457,101,5085,0.3459284901618957,1.100200057029724
16303,142,7126,0.0142075587064027,1.1475800275802612
15274,53,2667,0.011039201170206,1.0305800437927246
16312,39,1951,0.3526080548763275,1.0104299783706665
14162,45,2298,0.0510065369307994,0.9724159836769104
15312,16,828,0.0287843346595764,1.0146499872207642
15312,16,841,0.0042608277872204,0.4659419953823089
16038,352,17649,0.0042849984019994,2.627198676556617
14229,74,3703,0.0334463529288768,1.0777299404144287
14229,74,3741,0.0058716726489365,0.6088780164718628
14229,84,4238,0.0136704016476869,0.9562820196151732
15969,522,26131,0.0614446625113487,1.0075199604034424
16041,14,716,0.0419578291475772,1.004899978637695
16041,128,6427,0.0032071659807115,1.152809977531433
15395,42,2121,0.0312473177909851,1.1747301879802945
15395,52,2618,0.0710565000772476,0.4353150129318237
16067,1,65,0.0082249380648136,0.5619950294494629
14195,24,1239,0.1756854206323623,1.0925091369472282
14195,127,6362,0.0161938518285751,1.1246600151062012
16331,77,3851,0.0158271919935941,0.6548200901872647
14259,102,5114,0.6722961068153381,1.1566926739959627
16113,69,3489,0.0035972222685813,0.7406359910964966
15279,52,2605,0.004663738887757,1.3687599897384644
15382,73,3690,0.9477291107177734,0.8978379964828491
15335,170,8507,0.0003868195344693,0.8001710176467896
15933,201,10057,0.0045539974234998,1.2035969664702577
15273,153,7695,0.0098605025559663,1.014141513598446
15316,255,12784,0.0589369349181652,1.0
14153,122,6115,0.0060970769263803,0.6254820227622986
15292,63,3192,0.1085411608219146,0.6101777813433102
16352,104,5249,0.0011707090307027,0.7872800230979919
15223,12,613,0.1345152407884597,1.06496000289917
15223,32,1643,0.0010819645831361,1.2903499603271484
15328,81,4066,0.225206047296524,1.0756200551986694
14268,3,158,0.0006776768132112,1.2434799671173096
14268,4,233,0.0056708171032369,1.0504599809646606
15427,65,3266,0.2896950840950012,1.1592920196455268
15427,124,6240,0.0158540345728397,1.3757701116410035
15297,57,2894,0.0094059761613607,1.0287599563598633
15966,445,22277,0.0900280326604843,1.2877015303633925
15966,445,22296,0.0466136336326599,1.2362300157546997
15289,93,4681,0.0368947461247444,1.0938899517059326
16325,33,1665,0.0118947904556989,1.039870023727417
16378,101,5065,0.0415992103517055,0.6208670139312744
16185,100,5003,0.0193088445812463,0.7631019949913025
16185,100,5009,0.0010537484195083,0.9617800116539
16095,73,3687,0.0238935146480798,0.7550550103187561
16073,154,7749,0.024623779579997,0.5649900160413779
16216,82,4107,0.0044182040728628,0.8858270049095154
16216,82,4141,0.1252548843622207,1.0476700067520142
16187,19,996,0.0004482030053623,0.6359123402474509
16187,35,1760,0.1250713318586349,1.137675110068585
16187,65,3252,0.4466384649276733,1.0340700149536133
16187,65,3296,0.0175265204161405,1.036270022392273
16187,65,3297,0.0162061098963022,1.0221400260925293
16281,129,6478,0.0237886365503072,1.028629515659972
16281,322,16110,0.0028345505706965,1.041790008544922
15246,72,3632,0.1828481405973434,0.8889539837837219
15246,72,3642,0.1580351144075393,1.0265100002288818
14260,157,7853,0.0146523518487811,1.0
14186,27,1382,0.0044883205555379,0.9508240222930908
16425,27,1356,0.0753978714346885,1.0954099893569946
15402,60,3027,0.0311466753482818,1.0303900241851809
16333,24,1224,0.5112346410751343,1.0301310027531798
16263,3,173,0.0312624759972095,0.6149049997329712
16263,4,208,0.0075198281556367,0.7529550194740295
15391,144,7231,0.0050641312263906,1.048200011253357
15296,173,8695,0.1691299825906753,0.7018830180168152
15335,210,10549,0.00978041626513,0.9323970079421996
15969,304,15239,0.0197759270668029,1.1627999544143677
16431,5,296,0.1810145378112793,1.000480055809021
16431,5,298,0.3542545735836029,1.0975799560546875
16431,153,7661,0.0543871410191059,0.7346993928595538
15959,5,252,0.038687814027071,0.9811750054359436
15959,5,274,0.3837876319885254,1.0382200479507446
15959,25,1279,0.033890675753355,0.7760689854621887
15954,197,9864,0.0657969936728477,0.5729359984397888
14139,61,3099,0.4110490977764129,0.8198090195655823
14139,132,6604,0.0028471273835748,1.0296399593353271
14135,19,962,0.9763294458389282,1.0926150903459015
16286,333,16694,0.0056735221296548,1.0067399740219116
15316,213,10653,0.0360209867358207,0.96138197183609
15397,4,219,0.0402566567063331,0.7388569712638855
15397,194,9710,0.0155137525871396,1.1910799741744995
16219,168,8402,0.0264090672135353,0.5184310078620911
16219,173,8661,0.119649589061737,1.338870736325724
16075,505,25252,0.0118198469281196,0.478639006614685
16075,505,25256,0.0014376178150996,1.3457599878311155
16122,499,24957,0.0135942110791802,1.0894800424575806
14272,85,4299,0.1530311405658722,1.141350030899048
16171,12,603,0.2391825914382934,1.2668244917289826
16171,40,2041,0.3947821855545044,1.049630045890808
16041,290,14521,0.955068051815033,0.7318827896779112
16286,454,22721,0.2625339031219482,0.8870880007743835
14123,104,5220,0.9890097975730896,1.3514200448989868
14123,104,5244,0.0041735945269465,1.037350058555603
14260,170,8542,0.901988446712494,1.0555800199508667
16122,201,10060,0.0057391668669879,2.3754953032537287
15254,62,3109,0.1368700116872787,0.991366982460022
15368,156,7843,0.1963365375995636,1.0427299737930298
15383,64,3245,0.1362560242414474,0.995299994945526
15383,277,13861,0.0054092104546725,0.8779129981994629
16344,114,5734,0.0071902167983353,0.5747010111808777
15295,61,3073,0.0043534729629755,0.7665929602875394
16313,92,4630,0.005732980556786,0.5977650284767151
16313,243,12166,0.0098726516589522,0.9586790204048156
16313,367,18376,0.067759171128273,1.0915100574493408
15391,149,7482,0.0067407614551484,1.1733900308609009
15391,263,13161,0.3670333623886108,1.1336699724197388
15391,263,13166,0.2182452976703643,0.5744159817695618
15296,54,2744,0.0115822795778512,1.1993800401687622
15410,100,5006,0.0463794618844985,1.1293799877166748
15410,158,7912,0.0780399516224861,1.0009900331497192
15234,163,8157,0.0258231796324253,0.968387007713318
15234,163,8164,0.0042413757182657,1.034809947013855
15983,261,13080,0.2587990462779999,0.4909659922122955
15358,14,706,0.0036251540295779,0.8382819890975952
15289,47,2383,0.9953487515449524,1.4641639399684436
15289,57,2868,0.0023736422881484,1.0593299865722656
14259,40,2016,0.2596100866794586,1.1325779579507866
14259,124,6210,0.1002800241112709,1.1959600448608398
14259,227,11377,0.0051239258609712,0.9764490127563475
16266,165,8252,0.0175921134650707,0.3630219995975494
16266,263,13155,0.0506824404001235,1.6740648734549808
15931,177,8855,0.756578266620636,0.9215450286865234
15931,374,18717,0.0348362512886524,0.9266629815101624
14220,10,530,0.0781129896640777,0.0007973893730526523
14220,33,1655,0.1024264246225357,0.9383400055640578
14220,33,1660,0.0005908824969083,1.0692100524902344
14244,2,137,0.0602257028222084,0.6262350082397461
15343,28,1403,0.0102734742686152,0.5218129754066467
15343,279,13957,0.0072893053293228,0.8187519907951355
14246,149,7452,0.252962976694107,1.009310007095337
14243,80,4029,0.0085711982101202,0.8401219844818115
14297,233,11685,0.088270366191864,0.7709418441944251
15402,11,593,0.0066356607712805,0.6789649724960327
16115,82,4113,0.2366251349449157,0.5688959956169128
16115,139,6998,0.1889974772930145,1.0456500053405762
15355,7,361,0.0060933679342269,1.0003600120544434
16161,12,622,0.004198292735964,1.1538599729537964
16216,20,1031,0.0804985985159874,0.928629994392395
16216,21,1084,0.0015153505373746,1.0054399967193604
14143,154,7711,0.0284909401088953,0.5915312912510657
15267,26,1323,0.0356756150722503,1.1301100254058838
15267,167,8369,0.0462625995278358,0.9904260039329528
15291,37,1866,0.0038745056372135,1.0009000301361084
16072,40,2007,0.2469013631343841,1.0489421533456775
15262,97,4852,0.0049111163243651,0.5386927394516475
15262,97,4885,0.0011350624263286,0.9293910264968872
15262,145,7289,0.0014069866156205,1.1274581339387668
16344,9,472,0.8305978178977966,0.8205137594193701
16252,10,514,0.0149598196148872,0.9576500058174132
15957,57,2883,0.0060612321831285,1.0
16281,190,9526,0.057611059397459,1.0213199853897097
15286,149,7489,0.0351137816905975,0.5986193214266677
15286,202,10107,0.0232780221849679,1.119670033454895
15286,202,10149,0.026288766413927,0.9931750297546388
15983,143,7191,0.3094364404678345,0.9715200066566468
15983,345,17261,0.0343129113316535,1.0131900310516355
15397,9,500,0.2534101605415344,1.0201487142484071
15296,125,6276,0.002115529263392,1.111549973487854
14195,249,12468,0.0054925237782299,0.5740560293197632
15981,244,12210,0.0056760595180094,1.2180399894714355
14257,154,7734,0.0024517818819731,0.4209330081939697
14257,154,7742,0.0014336024178192,0.7628070116043091
16210,124,6208,0.0234962031245231,0.8758059740066528
16210,185,9276,0.0097083766013383,0.6915649771690369
16186,109,5463,0.0009425567113794,0.6566130821785521
16186,248,12438,0.0022108017001301,0.7704409956932068
14134,72,3621,0.0216958951205015,0.5259299874305725
16338,3,180,0.9097195863723756,1.0065100193023682
16338,33,1656,0.2877199947834015,0.00023160756644473286
14259,101,5061,0.0137061309069395,0.9362371527852247
15291,85,4293,0.0607422441244125,0.5584930181503296
16073,241,12066,0.0861162468791008,1.2173899412155151
16340,230,11504,0.0006258797366172,1.0075299739837646
15412,261,13084,0.0671312510967254,1.0860106326367716
16310,272,13640,0.0676567107439041,1.184399962425232
15989,151,7586,0.0388698913156986,0.5337979793548584
15989,378,18922,0.6504536867141724,0.7000119689375595
15228,51,2590,0.0085170390084385,0.5937070250511169
15228,74,3736,0.0102817490696907,1.0897300243377686
15989,78,3923,0.0023332047276198,0.6294080018997192
15989,96,4821,0.0137111200019717,0.9819170236587524
15292,125,6264,0.0073787509463727,0.8134130239486694
14117,20,1044,0.0317569449543952,0.7725369930267334
15231,97,4864,0.0232345219701528,1.104845722343356
15231,97,4898,0.3516778349876404,0.5230159759521484
15421,33,1653,0.0817814245820045,0.9211940169334412
15421,152,7621,0.0035675887484103,1.0244799852371216
15421,233,11691,0.5127362012863159,0.8496170043945312
16071,33,1668,0.020526248961687,3.633508128547362
16071,87,4361,0.0341678373515605,1.0121899843215942
16310,102,5124,0.828694224357605,1.0712000131607056
16038,279,13981,0.1347957551479339,1.0584499835968018
15954,174,8738,0.0124602457508444,0.93121600151062
15342,4,210,0.0122985150665044,0.9519060254096984
14246,142,7117,0.2534888088703155,0.9392560124397278
14246,142,7129,0.019841268658638,0.9365580081939696
15346,11,578,0.0095351813361048,0.6926720088675893
15346,20,1027,0.9966572523117064,1.0025800466537476
15346,20,1032,0.0204029008746147,0.9928290247917176
15346,27,1397,0.0007347275386564,0.9698179960250854
16312,9,478,0.0296673476696014,0.9520595600643986
14295,138,6929,0.067381277680397,0.9822869896888732
14295,143,7168,0.000300019106362,1.0474114907416523
15231,83,4159,0.2034964263439178,0.6536579728126526
15231,124,6244,0.0088820699602365,0.9555479884147644
14245,209,10467,0.0184235982596874,1.4292700290679932
16021,512,25628,0.0061040096916258,1.0148299932479858
15397,76,3834,0.0438041053712368,0.6528159976005554
15397,184,9233,0.010970358736813,0.4984079897403717
16022,23,1157,0.124709166586399,0.9798759818077089
15966,14,737,0.134227454662323,0.9871259927749634
16230,6,306,0.7347283363342285,1.157176332106033
16262,34,1742,0.0130420280620455,1.063770055770874
14148,34,1716,0.0114430598914623,1.617069959640503
16266,252,12602,0.0042673288844525,0.9259589910507202
16022,234,11719,0.0182326063513755,0.9855719804763794
16022,234,11732,0.0443261414766311,1.026859998703003
15288,23,1198,0.0092030325904488,1.0034099817276
14261,49,2457,0.0368308536708354,1.2010488898102985e-08
14261,81,4093,0.103966511785984,1.2180900573730469
16160,27,1364,0.0475415550172328,0.9871519804000854
15430,61,3096,0.1024831086397171,0.848211081908488
15430,62,3107,0.0131653444841504,0.5162469744682312
15430,86,4303,0.0047617824748158,1.1027899980545044
14152,44,2204,0.0027217888273298,1.2260199785232544
16167,148,7420,0.0319939702749252,0.5775070190429688
16167,174,8704,0.0815945044159889,1.1672099828720093
15246,78,3925,0.1426561027765274,1.0494999885559082
16038,305,15263,0.3497633934020996,1.0333600044250488
16038,305,15288,0.0133786750957369,1.0166000127792358
16431,12,607,0.5375289916992188,0.9784950017929076
16431,32,1644,0.0327628552913665,0.9217900037765504
16431,113,5662,0.0897861421108245,0.46666538295188437
16040,126,6318,0.5291537046432495,0.7356730103492737
15412,258,12908,0.0006473084795288,1.0960899591445925
14146,96,4837,0.6762399673461914,1.1911300420761108
15980,29,1485,0.2913394868373871,1.0631699562072754
16283,11,575,0.0242995265871286,1.215127039341013
16283,28,1434,0.0479156002402305,1.3423000574111938
16160,295,14781,0.2264499962329864,0.5042129755020142
16160,319,15965,0.0128464540466666,0.04693207580154635
16281,31,1566,0.0065048560500144,1.036769986152649
16281,39,1984,0.467197835445404,0.8666830062866211
15287,29,1472,0.6394827961921692,1.0658199787139893
15254,140,7029,0.0121918870136141,1.0045499801635742
14263,71,3593,0.0268041882663965,0.9208980202674866
15955,25,1256,0.0051204315386712,1.0332599878311155
15955,31,1566,0.0155351348221302,1.025820016860962
14278,64,3241,0.038781389594078,0.4984360039234161
15273,57,2899,0.2624650001525879,1.1273900270462036
15295,9,486,0.0719176605343818,2.5347752555314713
16288,1,81,0.0623769797384738,1.076580047607422
15402,25,1273,0.0010403606574982,0.5283700227737427
14275,122,6131,0.0048979190178215,0.9085959792137146
14136,21,1079,0.0291395373642444,1.020490050315857
14136,62,3134,0.0367048531770706,1.529686084732532
14257,234,11705,0.0796330422163009,1.0910700559616089
14140,27,1371,0.0275879278779029,1.0653400421142578
16176,47,2370,0.2355179339647293,1.0328799486160278
16176,73,3662,0.0224998593330383,0.5207269787788391
15970,74,3736,0.0293706450611352,1.0793999433517456
15409,44,2244,6.112841219874099e-05,1.034119963645935
16310,90,4525,0.6525817513465881,1.0374599695205688
14174,230,11501,0.0123226987197995,0.4073179960250854
15264,31,1595,0.1984445303678512,1.1085200309753418
15264,142,7117,0.0052728257142007,1.065619945526123
16042,96,4825,0.6149832010269165,0.9795560240745544
16042,106,5333,0.0036124121397733,0.9884870052337646
14186,87,4385,0.009030558168888,0.6674699783325195
15342,0,44,0.0068088183179497,1.1640900373458862
15342,5,281,0.0238590035587549,1.015679955482483
14222,60,3031,0.0013877089368179,0.3445590138435364
14174,75,3772,0.0214459616690874,1.00232994556427
14174,75,3799,0.0903986096382141,0.9060850143432616
16346,51,2556,0.0143010253086686,0.5177620053291321
16021,147,7361,0.0377517491579055,0.5140290260314941
16021,222,11113,0.0614842288196086,0.9878249764442444
14194,119,5980,0.0064157377928495,1.477264688224295
16072,27,1372,0.0551266558468341,1.061769962310791
16444,81,4095,0.0040742219425737,1.0627800226211548
15386,87,4380,0.0291485842317342,0.8645809888839722
15386,87,4391,0.326153427362442,0.8333939909934998
16338,87,4374,0.040046576410532,1.0
15377,6,343,0.0304148271679878,0.7968819737434387
16214,17,896,0.0622807554900646,0.6888960003852844
14263,248,12439,0.0068587604910135,1.0414299964904783
14263,266,13312,0.0182279478758573,0.6498880342520436
14263,303,15162,0.0297181885689497,0.8646389842033386
15287,79,3956,0.5550986528396606,1.0356099605560305
14281,236,11830,0.101908154785633,1.159209966659546
14281,255,12754,0.1211165934801101,1.0482300519943235
14187,121,6067,0.0172609016299247,0.2462263256382329
16060,37,1879,0.321360170841217,0.8910599946975708
16060,37,1896,0.0443580187857151,1.0446100234985352
14277,312,15624,0.0026335683651268,0.9257670044898988
15959,27,1392,0.1144101619720459,1.1022317210522201
15959,45,2252,0.0087140519171953,0.8762099742889404
16230,29,1471,0.0023306887596845,0.4898619949817657
15297,6,311,0.0004869404656346,1.0314296821389488
15297,109,5453,0.0061483895406126,1.0404399633407593
15397,209,10465,0.0150812370702624,0.7011849880218506
15966,405,20251,0.0784629732370376,1.0142500400543213
16022,518,25933,0.0486030280590057,1.0328871691176074
16038,418,20915,0.0063836281187832,0.9181222228482966
14281,94,4725,0.5289725661277771,0.6331210136413574
15983,373,18694,0.001908870995976,1.0025999546051023
15425,194,9723,0.4880653619766235,0.9602029919624328
16298,52,2601,0.0586502142250537,0.7853764488482541
16298,187,9394,0.0026504010893404,1.0136499404907229
14191,16,812,0.007499982137233,0.9540889859199524
14165,10,539,0.0753984898328781,0.8932219743728638
16286,383,19200,0.0433153137564659,1.1268800497055054
14222,16,850,0.9728260636329652,1.0
16292,12,648,0.0163709204643964,1.0039499998092651
16292,72,3641,0.0052333623170852,1.1251191735100363
14121,145,7297,0.0838141739368438,0.654125988483429
16220,99,4966,0.0016892054118216,0.5023109912872314
15234,102,5114,0.0022252197377383,0.9613019824028016
15954,254,12749,0.0246302876621484,0.9503679871559144
15954,288,14422,0.0107135558500885,1.0
15231,93,4673,0.477627545595169,0.6918969750404358
16230,5,254,0.2016301900148391,0.6104080080986023
16230,18,921,0.0241001788526773,1.4272924068907145
16230,18,939,0.0855024009943008,0.5125089883804321
16230,23,1154,0.0867142155766487,1.0043100118637085
16115,148,7409,0.0194073151797056,1.0836900472640991
14295,12,616,0.0039620087482035,0.8473020195960999
15356,39,1951,0.5105399489402771,1.130218820276497
16437,66,3331,0.0036322658415883,1.1435999870300293
16437,93,4696,0.0873379707336425,0.59947483395554
16437,214,10714,0.0851723551750183,0.9472460150718688
14214,47,2358,0.0030189838726073,1.0066299438476562
16071,140,7016,0.0066816667094826,0.9272720217704772
16071,141,7066,0.1325903534889221,0.962797999382019
15264,160,8035,0.5135242938995361,1.2250994386520375
15286,138,6907,0.064919501543045,1.4371700286865234
15286,166,8337,0.4867579936981201,1.310780048370361
14227,73,3659,0.4978070259094238,0.5213519930839539
15246,156,7821,0.0003599208430387,1.011780023574829
14191,200,10024,0.0233946293592453,0.7442060112953186
16352,320,16034,0.0128095345571637,0.5246139764785767
15315,75,3774,0.0076190032996237,0.7607319951057434
16147,310,15508,0.0920644849538803,1.271259268207615
16253,8,404,0.0179334115236997,1.0502300262451172
14165,94,4713,0.0013810653472319,0.7150939702987671
15389,72,3612,0.0029519447125494,1.047070026397705
16205,51,2567,0.5162772536277771,0.3794209957122803
14244,19,962,0.0506446212530136,1.034890055656433
14244,19,968,0.3432806432247162,0.8426483611323476
14243,30,1527,0.1423084586858749,0.9496780037879944
14243,50,2530,0.2403342127799987,0.970682978630066
14243,50,2537,0.0150284627452492,0.6336039900779724
16319,14,701,0.0319235958158969,0.6225770115852356
16319,22,1111,0.2563324272632599,1.0139299631118774
15299,50,2545,0.0027804356068372,1.0667200088500977
14154,161,8095,0.0028698635287582,1.469939947128296
14171,2,150,0.0107280500233173,0.5846925247982
16242,65,3253,0.0309625938534736,1.1079100370407104
16448,16,805,0.2159431725740432,1.0442299842834473
15261,11,576,0.4519474804401397,0.8815310001373291
15369,73,3653,0.0164106599986553,1.4622100591659546
15369,152,7637,0.0096615208312869,1.0293200016021729
15279,90,4535,0.0066047529689967,1.0674584043134132
15279,152,7636,0.0036766219418495,1.059290051460266
14209,21,1078,0.0679085031151771,0.9002569913864136
14209,113,5685,0.0006901302258484,5.5378869943227755
15354,58,2902,0.0082676243036985,0.9976339936256408
15354,58,2904,0.0113606806844472,0.9141330122947692
15989,396,19807,0.0136220650747418,1.1907999515533447
15989,396,19820,0.0045796842314302,0.4291050136089325
15989,474,23736,0.3320525288581848,1.3663300275802612
15989,496,24850,0.0223382320255041,0.6958960294723511
16272,151,7551,0.028949012979865,1.6839300394058228
16018,8,419,0.0029316479340195,0.9323440194129944
16018,11,565,0.0005383269744925,0.6740282911933378
14193,9,463,0.0257943216711282,0.9384419918060304
15382,283,14158,0.2456850111484527,1.2098376942601876
15970,324,16214,0.0976860597729682,2.0021662462740153
15946,392,19623,0.0045230868272483,0.5142059922218323
15931,290,14506,0.0126644540578126,0.8435260057449341
15931,293,14652,0.0526315532624721,1.0070699453353882
15931,415,20765,0.014175297692418,1.276977261681239
15931,415,20779,0.0444443672895431,1.0211294401523432
16252,190,9525,0.0206132959574461,1.0688999891281128
15286,23,1157,0.6107356548309326,0.7147808185229394
15286,23,1199,0.0722144693136215,0.992102026939392
15286,280,14008,0.3454144597053528,1.2750099897384644
14212,216,10808,0.0775249004364013,1.014240026473999
15979,94,4730,0.0198144316673278,1.0060399770736694
15961,197,9893,0.7520956993103027,1.2743495818353947
15961,323,16169,0.0603853836655616,1.4376100301742554
16151,5,277,0.0076090302318334,0.9608970284461976
16151,32,1612,0.0037846628110855,0.870261013507843
15350,210,10538,0.038173958659172,1.054550051689148
14150,1,87,0.0653140470385551,1.04312002658844
14263,35,1777,0.0711692720651626,1.0
14263,155,7774,0.2255586683750152,0.4884699881076813
14269,0,22,0.0012204986996948,0.9991620182991028
14269,0,37,0.0068063996732234,1.1851763782628666
16011,61,3091,0.0069292476400732,0.92221599817276
16011,97,4896,0.0090854875743389,0.4617669880390167
15364,28,1430,0.0449143648147583,1.0190000534057615
15364,30,1544,0.2115160077810287,1.0136499404907229
15421,89,4497,0.0270609445869922,1.030869960784912
14159,48,2421,0.0338353514671325,1.155359983444214
14159,157,7886,0.0038928678259253,1.4207299947738647
16312,189,9474,0.0461086742579937,0.9405440092086792
15227,118,5919,0.0838656723499298,0.6058350205421448
15251,41,2067,0.0023483985569328,0.4201309978961944
14227,3,199,0.0078559182584285,0.6927161124417225
14227,123,6161,0.1441908478736877,0.606914154681526
15345,92,4619,0.0447868704795837,0.9368829727172852
15383,268,13443,0.0141948955133557,0.3848086724394442
15415,205,10278,0.6182727813720703,0.6737279891967773
15415,261,13097,0.1188545003533363,0.9310100078582764
14216,62,3145,0.0093767466023564,0.7890620231628418
16295,34,1715,0.0089157046750187,1.1928499937057495
16295,187,9384,0.0151894418522715,1.0494199991226196
14263,272,13621,0.1482405364513397,1.0180699825286863
16433,86,4347,0.006441465113312,1.0935100317001345
16089,192,9644,0.0188930816948413,0.9321680068969728
15981,300,15045,0.1622893512248993,0.5590519905090332
15267,27,1377,0.0011021806858479,0.897292971611023
16038,391,19591,0.0066921086981892,1.0484399795532229
16458,123,6193,0.1578787118196487,0.8583829998970032
15315,17,884,0.0472047738730907,0.7101809978485107
15315,122,6124,0.02857849560678,1.0455000400543213
14214,2,142,0.916306495666504,0.8673449754714966
14214,18,908,0.0167801063507795,10.040503960794924
15398,162,8115,0.7588202953338623,1.0469599962234497
15398,162,8117,0.0303364712744951,0.5797619819641113
16341,7,361,0.5335395336151123,0.6546549797058105
16341,7,366,0.0346300341188907,0.8689010143280029
16341,49,2453,0.0458835773169994,0.01512163719678921
16341,255,12777,0.0604283101856708,1.0088399648666382
16448,39,1963,0.0069479392841458,1.1010606599593302
16448,70,3541,0.013446245342493,0.5465649962425232
15395,12,605,0.0139603493735194,0.9895200133323668
15395,47,2390,0.0361297465860843,0.99693500995636
15395,61,3063,0.0190240032970905,0.997991979122162
15395,62,3149,0.971255660057068,0.9946117326375088
15427,44,2203,0.0103224469348788,1.3558900356292725
15427,53,2672,0.0018785434076562,0.9666119813919068
15427,170,8521,0.4016801416873932,0.5769360065460205
14248,4,218,0.0043056448921561,1.0342999696731567
14248,4,219,0.2773667871952057,1.052549958229065
15966,56,2842,0.0033312661107629,0.5933579802513123
15301,106,5330,0.0475652068853378,0.9857919812202454
14195,116,5845,0.8397087454795837,1.1307934098548242
14195,264,13239,0.1715022176504135,0.9857569932937622
15969,301,15097,0.0092173926532268,1.0052499771118164
15238,48,2410,0.0729294940829277,0.926820993423462
15933,260,13036,0.0021397511009126,0.5799949765205383
14192,2,122,0.0075269420631229,1.4662282461141272
16286,107,5395,0.0027142623439431,0.9968180060386658
14225,10,548,0.0334859825670719,0.5068129897117615
14129,18,937,0.0189498011022806,1.0103700160980225
15421,34,1712,0.9602559804916382,0.5655419826507568
15353,85,4257,0.0211921874433755,1.044399976730347
16089,508,25440,0.2799818217754364,1.038540005683899
16117,108,5417,0.0035587567836046,0.9857069849967957
16199,147,7355,0.299538791179657,1.0688999891281128
16199,442,22104,0.0102859074249863,1.001129984855652
16199,442,22107,0.0072867069393396,0.9940170049667358
16310,61,3092,0.0039953147061169,1.0870200395584106
16310,122,6119,0.6111721396446228,1.0653599500656128
16310,286,14324,0.0312251467257738,0.9296640157699584
16310,286,14331,0.2320798337459564,0.8803830146789551
15286,136,6838,0.0178770888596773,1.367381492526803
14277,111,5592,0.0316002890467643,1.021980047225952
14259,100,5031,0.0015923329629004,0.6931269764900208
15987,130,6504,0.0625819116830825,1.2599825160887692
14272,10,525,0.0071184928528964,13.658684355676314
16346,308,15445,0.5490482449531555,0.7376440167427063
15360,36,1812,0.0091667501255869,1.023419976234436
15360,36,1845,0.0010577570647001,0.7826506327769209
15360,141,7080,0.9709081053733826,0.5004990100860596
15959,33,1687,0.0015502121532335,0.9505820274353028
15311,64,3238,0.0037059357855468,0.955558308960164
15960,494,24738,0.0642031133174896,0.8718389018391974
15246,103,5159,0.0088759558275341,0.8049039840698242
16411,184,9209,0.0230469703674316,0.9605839848518372
16411,188,9447,0.028050297871232,0.9815390110015868
16209,415,20775,0.0441118404269218,0.47799989883477423
15231,188,9436,0.0771457701921463,1.010259985923767
16158,294,14732,0.0375829190015792,0.9925910234451294
16272,70,3526,0.0147587163373827,0.7798609733581543
15391,49,2473,0.0148786893114447,1.1699352585065983
16059,102,5102,0.0562435090541839,1.6715400218963623
16059,111,5567,0.0742091089487075,0.7809759974479675
14122,153,7665,0.0281476322561502,0.6156100034713745
16107,7,387,0.0074296351522207,0.8684568781327968
16107,115,5774,0.4501179158687591,0.9482769966125488
14190,31,1570,0.6175550818443298,0.5555629730224609
14190,74,3716,0.0276055838912725,0.7940250039100647
15315,65,3271,0.0189421605318784,0.6633494056883079
15969,408,20444,0.0102108232676982,1.1604669278767685
15960,442,22112,0.008774284273386,0.5674710273742676
16173,41,2053,0.4570647478103637,1.0
16173,54,2749,0.9541974067687988,0.5629860162734985
16173,149,7497,0.0103778289631009,0.493160992860794
16242,140,7047,0.9470465779304504,1.0367300510406494
16242,348,17419,0.9475157260894777,1.0668400526046753
16094,33,1666,0.0077252052724361,0.4527719914913177
16178,3,166,0.0080104554072022,0.9386236259670113
16006,209,10475,0.0025585053954273,1.1070669926066043
15264,3,178,0.0029636612161993,1.0358500480651855
15264,3,180,0.0293063856661319,1.0262500047683716
15264,116,5850,0.0012540568131953,1.0695199966430664
15279,70,3535,0.0373156815767288,0.6089630126953125
14277,51,2594,0.0013617312069982,0.9552670121192932
14277,101,5098,0.1193285509943962,0.8463220000267029
15328,245,12285,0.5787968635559082,0.9801120162010192
16331,24,1203,0.0495996288955211,0.8146970272064209
16331,24,1242,0.046364814043045,0.5219995580338193
16331,105,5271,0.0021206834353506,0.5862680077552795
14154,143,7175,0.0009273443720303,0.939666986465454
14154,166,8344,0.007526347413659,1.078220009803772
14154,180,9042,0.0053831399418413,0.999396026134491
14275,113,5694,0.0074022854678332,1.0387783427504758
16176,24,1211,0.0759791955351829,0.3285259902477264
15960,135,6777,0.915468156337738,0.9353920221328736
15308,13,652,0.0221308004111051,0.4335879981517792
14146,33,1661,0.0099761448800563,0.919565975666046
14297,202,10146,0.0426464229822158,1.1315200328826904
15411,109,5462,0.0146302077919244,0.8933699727058411
16160,131,6564,0.0328871943056583,0.9763330221176147
16065,98,4930,0.0956254452466964,1.654579997062683
16065,98,4938,0.0191745907068252,0.6289119720458984
15411,244,12210,0.0940988361835479,1.049280047416687
14148,198,9911,0.0304405819624662,1.0467699766159058
16023,27,1382,0.0010066167451441,1.1199599504470823
16023,298,14945,0.0661121681332588,1.0237170731242529
16437,119,5992,0.0018707454437389,0.7921850085258484
14279,101,5063,0.0188945401459932,1.1280900239944458
16333,32,1631,0.0196989756077528,1.139240026473999
16333,32,1635,0.0065516182221472,1.189479947090149
16006,425,21274,0.0711418911814689,1.0159200429916382
16281,213,10698,0.0074355695396661,0.9989169836044312
16281,281,14089,0.0303347501903772,1.031149983406067
15421,280,14040,0.0046815359964966,0.8697320222854614
16267,150,7550,0.327202558517456,0.983183979988098
15242,49,2484,0.0048032589256763,1.0244799852371216
15242,104,5203,0.0009056061389856,0.9766150116920472
15410,145,7261,7.900383207015693e-05,0.8195509910583496
15410,145,7291,0.0296157654374837,1.026729941368103
15238,29,1476,0.1267721801996231,1.0705403609181303
15238,29,1479,0.00086773163639,0.5794860124588013
15301,51,2589,0.0084940055385231,13.02447851883744
14136,61,3067,0.0596687570214271,0.8923079967498779
16028,348,17404,0.0026755407452583,1.3881314568680665
16028,348,17412,0.0372894406318664,0.6848777267272154
16028,395,19758,0.0003615269670262,1.1616699695587158
14209,109,5473,0.0005567077896557,0.998317003250122
15228,50,2537,0.0066232476383447,0.9325370192527772
14257,86,4302,0.0036283817607909,0.15562347001422158
14257,139,6963,0.1918425410985946,1.6194453169514844
15315,142,7121,0.0401218757033348,0.7673670053482056
16040,116,5845,0.0116809755563735,0.8700000047683716
15389,29,1486,0.0957630574703216,1.0412499904632568
15389,74,3712,0.1827792674303054,1.001330018043518
14220,40,2015,0.0011048386804759,1.092620015144348
16101,124,6219,0.0071340589784085,0.0050384748828471325
16101,184,9202,0.0064225629903376,0.03335211865596928
16076,116,5841,0.0043273703195154,0.8179739713668823
15273,26,1302,0.0003004112222697,0.9238280057907104
15348,177,8876,0.0481367595493793,1.048799991607666
14187,90,4537,0.1151483133435249,0.5464890003204346
14281,23,1180,0.0023122269194573,1.332830265879437
14281,264,13232,0.0208805799484252,0.583624005317688
16160,24,1244,0.1292997300624847,1.015063546058279
16095,337,16865,0.1158637553453445,0.8119580149650574
14228,70,3529,0.0092911636456847,0.540477991104126
15369,94,4725,0.0090207904577255,0.808131992816925
15369,286,14334,0.0928299129009246,1.212030053138733
15369,298,14920,0.0024069037754088,0.8748603647110258
16420,78,3908,0.0432709045708179,0.9920849800109864
15345,259,12986,0.0070490981452167,1.018460035324097
15368,176,8820,0.0023575690574944,1.5270700454711914
14174,87,4371,0.0141204893589019,1.004699945449829
15257,112,5646,0.016531316563487,0.995294988155365
15403,7,365,0.0042169676162302,1.045930027961731
15403,162,8129,0.0053832503035664,1.250250627627677e-07
16295,115,5798,0.0011744329240173,0.4977999925613403
14135,31,1598,0.0124420737847685,0.4989039897918701
14135,52,2644,0.9763428568840028,1.276193765003768
15315,126,6315,0.0024428172037005,1.0851800441741943
15315,126,6338,0.0388228483498096,1.0945388021269764
16242,63,3166,0.0347890555858612,0.804893970489502
16242,63,3174,0.8822067975997925,1.2798603196874296
16075,338,16906,0.1206037178635597,0.9010130167007446
16075,438,21934,0.0280811004340648,0.3751690089702606
14229,45,2282,0.0007497539627365,2.1177794749713462e-07
16290,62,3104,0.4192747771739959,0.7279958731935778
16290,62,3128,0.1488867253065109,1.0274800062179563
14146,81,4064,0.0107844043523073,1.0
16439,64,3213,0.0098880119621753,0.3736999928951263
14133,49,2474,0.0037487919908016,1.2314386275306788
14133,49,2499,0.0501096025109291,0.6746010184288025
14202,118,5922,0.0025833086110651,0.540461003780365
14202,118,5933,0.1873247325420379,1.0571800470352173
14202,149,7495,0.0785318687558174,0.536890983581543
14149,117,5860,0.0383226349949836,0.8378509879112244
14224,28,1432,0.042922269552946,0.9411839842796326
16221,9,484,0.1081660985946655,1.0359489825689538
16288,236,11822,0.0025326886679977,1.1061400175094604
14150,54,2708,0.0284175258129835,1.5250500440597534
14390,5,280,0.0190928224474191,6.003770750720605
15983,86,4334,0.0945874750614166,1.0342799425125122
15983,86,4346,0.0129400631412863,1.0803048470096923
15983,213,10669,0.0335891172289848,1.0510799884796145
15983,292,14649,0.0488192364573478,1.0070699453353882
16200,93,4656,0.0356989726424217,1.042549967765808
15335,206,10348,0.0154812624678015,1.0001399517059326
16004,17,854,0.0375564135611057,1.125849962234497
16004,46,2329,0.0897838622331619,1.368752243926536
16004,60,3005,0.0105529837310314,1.1196999549865725
14157,125,6252,0.0021155080758035,1.0328400135040283
15242,159,7972,0.2656577825546264,0.5837910175323486
15350,117,5895,0.1282876282930374,0.821461021900177
15350,184,9207,0.0024827467277646,1.282289981842041
14219,99,4957,0.0331460274755954,1.1689900159835815
14162,66,3314,0.0205590575933456,1.0255199670791626
16252,18,926,0.0379197970032691,0.967859983444214
14275,4,241,0.0802805870771408,0.9700509905815125
14275,7,377,0.4372275173664093,0.5019159913063049
16266,344,17236,0.0440819710493087,0.771701991558075
14291,81,4097,0.0141208069398999,1.4006497475457138
16389,165,8294,0.0087950322777032,1.5775450292395303
15987,320,16013,0.2495314925909042,1.063730001449585
15264,40,2006,0.0166846960783004,0.24271206005419543
15264,88,4449,0.1709574460983276,1.1918799877166748
14191,53,2698,0.2143008112907409,0.9989582739225966
14191,107,5381,0.0006851383368484,1.0443899631500244
16051,8,415,0.304334282875061,1.3467466633267122
15345,14,741,0.1448663175106048,0.983040988445282
15345,169,8456,0.031071426346898,0.9565510153770448
14207,50,2534,0.0144818807020783,0.9573420286178588
14291,128,6405,0.0182972587645053,1.0941892264344943
15335,292,14613,0.031698141247034,0.9772989749908448
15353,97,4863,0.0095119001343846,0.5586490035057068
15353,153,7675,0.1476277559995651,1.1030100584030151
16052,146,7313,0.0011219221632927,1.0397599935531616
14161,62,3109,0.7382935285568237,0.8610849976539612
15341,11,552,0.0014512269990518,1.020859956741333
16092,147,7385,0.0497763007879257,0.9088119864463806
16092,160,8021,0.0269373636692762,1.00531005859375
14363,305,15291,0.060082659125328,1.0
16011,236,11810,0.011261511594057,0.9550819993019104
14148,32,1648,0.01270383130759,0.9217900037765504
16104,38,1913,0.0067547401413321,0.5290539860725403
15976,90,4531,0.0288715213537216,0.5276679992675781
14174,171,8582,0.0027827345766127,1.0284199714660645
14127,156,7814,0.043922334909439,1.0332000255584717
15324,38,1944,0.0485780611634254,1.3440200090408323
15369,19,997,0.017902173101902,0.9866459965705872
15369,273,13683,0.0229458771646022,0.998794972896576
16112,117,5896,0.0405309535562992,1.0299533773125449
16071,143,7197,0.2396585792303085,1.1311399936676023
16283,13,672,0.0264592561870813,1.0467100143432615
14121,144,7230,0.0216469783335924,0.9242540001869202
15421,6,338,0.0242677573114633,1.0657999515533447
15354,32,1614,0.4502628743648529,1.147695981918389
16145,70,3531,0.0841026678681373,0.5743899941444397
15427,37,1878,0.0118521051481366,1.1038299798965454
15427,37,1889,0.2541957497596741,1.0377399921417236
15427,126,6319,0.0061911325901746,0.9007119251708673
15236,13,671,0.0114646675065159,1.0376800298690796
16040,68,3402,0.0502709485590457,0.5134596957882387
14277,321,16073,0.0589459538459777,0.996088981628418
14159,14,730,0.0161335747689008,0.9314529895782472
16067,27,1355,0.7346581816673279,0.8343539834022522
15308,89,4487,0.1159462705254554,0.8983100056648254
15323,70,3543,0.0255164094269275,1.1428488915290913
16210,84,4212,0.0003904231125488,0.9896079897880554
16210,200,10010,0.0286611318588256,0.5904080271720886
16312,143,7191,0.0468599908053875,1.1649800539016724
16286,472,23639,0.0027782430406659,1.0104902643569886
16075,496,24845,0.0040666735731065,1.0502599477767944
15267,110,5539,0.0050304397009313,0.4933319985866546
14165,86,4336,0.1219807565212249,0.9755939841270448
16073,47,2373,0.0058363629505038,2.5149500370025635
14203,41,2096,0.0348204746842384,1.2341099977493286
14203,42,2129,0.0161868259310722,0.5457839965820312
16290,96,4809,0.2184992581605911,1.0302000045776367
16022,121,6081,0.1824466288089752,0.5635650157928467
16203,160,8031,0.0260272361338138,1.1655059246147632
15354,11,553,0.012778578326106,0.2901229858398437
16303,153,7689,0.0102094877511262,1.0423799753189087
16374,71,3598,0.0327752418816089,1.0071200132369995
14149,243,12152,0.9081029295921326,0.9615319967269896
14149,243,12189,0.0039166482165455,1.3071199655532837
15966,225,11276,0.013085956685245,1.659309983253479
14218,84,4246,0.1749945282936096,0.9856078815006271
16279,61,3062,0.0640752092003822,0.9059815891579321
16279,61,3095,0.0932084694504737,0.5299090147018433
16387,104,5235,0.0318710952997207,0.9904330517089833
16387,182,9107,0.7101172804832458,1.1427428009855873
14190,28,1406,0.1757771074771881,1.4643000364303589
14195,210,10504,0.150527998805046,1.4704300165176392
14195,210,10525,0.0926748067140579,0.5267660021781921
16295,97,4857,0.5615878105163574,0.0014537814715187324
16295,172,8622,0.0092535316944122,0.8754839897155762
15969,377,18898,0.077150210738182,0.8584619760513306
14171,0,20,0.0104211857542395,1.0245100259780884
16152,109,5485,0.0916680991649627,0.9268839955329896
16028,239,11994,0.4426770508289337,0.561191976070404
15412,218,10915,0.8704611659049988,1.0067100524902344
15286,59,2996,0.004758195951581,0.9692069888114928
15286,92,4620,0.0019459788454696,0.5485060214996338
15946,69,3473,0.0456520840525627,0.7667210467981533
15965,80,4030,0.1631629317998886,1.0620800256729126
15965,165,8287,0.2108479589223861,0.8365179896354675
15965,178,8924,0.0058203674852848,0.68265300989151
15949,33,1698,0.0172234121710062,2.5582845496288555e-05
14259,247,12353,0.0033169295638799,0.7338529825210571
16437,139,6972,0.0100576458498835,1.1724620943038389
16437,145,7292,0.0749793350696563,1.185960054397583
16205,70,3548,0.0184581279754638,0.43768088085118956
15981,271,13583,0.0325194001197814,0.9481809735298156
16422,10,508,0.0009740117820911,1.099310040473938
15314,8,418,0.0022495076991617,1.293370008468628
14278,35,1753,0.0045593068934977,1.0424699783325195
15316,236,11818,0.3366056680679321,1.1819799349069626
15316,236,11845,0.0184794086962938,0.8637850284576416
15989,1,93,0.1070517003536224,1.8219399452209477
15989,86,4328,0.0202075596898794,1.0030100345611572
16403,29,1484,0.001237197080627,0.6290199756622314
16403,29,1497,0.2177540212869644,1.0
15395,33,1691,0.2000954151153564,1.1276899576187134
15960,260,13024,0.3281607925891876,1.020699977874756
15415,232,11640,0.0244913417845964,0.0003923831020518759
15415,246,12331,0.0263258125633001,1.0961699485778809
15415,260,13008,0.0101803867146372,1.052649974822998
15422,136,6816,0.1017924100160598,1.0903799533843994
16339,231,11598,0.0103698400780558,0.7239090204238892
16205,437,21884,0.0943513587117195,1.1147683819661582
14149,115,5759,0.0314304418861866,1.288030028343201
14149,115,5764,0.1453824490308761,0.980455994606018
14149,115,5777,0.0207130257040262,1.2567186363539236
14149,197,9865,0.0100329983979463,0.971041977405548
15394,22,1113,0.0055379210971295,0.4343290030956268
16272,270,13519,0.0150310406461358,1.00285005569458
15392,59,2984,0.0133284330368042,0.0708674825647097
16303,51,2553,0.0356961265206337,1.0084999799728394
16021,130,6516,0.0335150323808193,1.0329899787902832
16021,171,8588,0.0012418625410646,1.0618200302124023
15377,49,2468,0.0066291415132582,0.7538289928431965
16168,43,2169,0.1028588861227035,0.7029888256672336
16444,90,4505,0.0299858842045068,1.1148799657821655
16444,90,4546,0.0035557430237531,0.899537980556488
16151,36,1803,0.0061187748797237,0.7953590154647827
16151,36,1823,0.0371856987476348,0.9545559883117676
15231,26,1335,0.0267442241311073,0.4880580008029938
14211,43,2164,0.0005009550950489,0.9158049821853638
15966,211,10571,0.0456168204545974,0.9190840125083924
15966,361,18098,0.0474547445774078,0.4855299890041351
15415,116,5837,0.7246748805046082,0.967859983444214
15297,235,11777,0.0068925195373594,0.9585899710655212
15297,235,11784,0.1451984941959381,0.9585899710655212
15273,85,4293,0.019330708310008,0.7634509801864624
15350,206,10311,0.3641124069690704,1.7987200021743774
15398,74,3724,0.2843094170093536,0.9986969828605652
15398,119,5954,0.3066479563713074,1.012060046195984
16437,131,6574,0.0764282494783401,0.8932070136070251
15243,11,590,0.0106307277455925,1.1294368793791136
14272,44,2234,0.0346842817962169,0.6781309843063354
14272,48,2422,0.1132077351212501,1.2872600555419922
14246,11,556,0.3583535552024841,0.637395977973938
14246,58,2945,0.0027194910217076,1.565190385677795
16326,61,3053,0.0076993694528937,0.6044359803199768
15295,45,2292,0.0067213363945484,1.0374200344085691
14285,2,135,0.0583281181752681,1.5811500549316406
14285,5,251,0.0341786332428455,1.4205100536346436
16341,231,11556,0.0831360295414924,1.0674078655003425
16341,327,16375,0.009279022924602,0.6095319986343384
15296,16,812,0.0004697010735981,1.0303900241851809
15296,116,5809,0.0092416265979409,1.0424799919128418
15296,175,8765,0.2196218520402908,0.8857280015945435
16275,9,466,0.1178463697433471,0.35066463236216805
16275,41,2064,0.9241122007369996,1.0317399501800537
15961,76,3808,0.1012556031346321,0.6586809754371643
15961,302,15119,0.1221228539943695,0.993628978729248
14127,215,10791,0.032790046185255,0.9478560090065002
15423,10,517,0.0508400350809097,0.496392011642456
15337,10,543,0.0290654338896274,1.0166000127792358
15337,20,1003,0.0011775492457672,0.9244490265846252
15337,21,1066,0.0125490436330437,0.475737988948822
16453,51,2583,0.5056992173194885,1.049399971961975
16453,76,3802,0.014315852895379,1.0509400367736816
15314,29,1460,0.0071250712499022,0.8637070059776306
15251,152,7643,0.2134300768375396,0.4765380024909973
15251,152,7648,0.0350869409739971,1.6775033283263383
15246,76,3810,0.0005983809824101,0.15893483520013874
15246,76,3812,0.7238683104515076,0.9618250131607056
16199,332,16650,0.002927809022367,1.2593025139962037
14163,1,95,0.0003484025946818,1.1606500148773191
16286,212,10649,0.0202511381357908,0.9973660111427308
15254,14,729,0.0061052595265209,1.224869966506958
15236,47,2376,0.0862798392772674,0.8151800036430359
16167,41,2074,0.0008955973316915,1.0498000383377075
14390,64,3207,0.0176839642226696,0.9067100286483764
14390,64,3232,0.0006404338637366,1.0682499408721924
14152,27,1397,0.0970362573862075,0.7759839251451552
16094,353,17660,0.0012081416789442,0.5555817066584544
16022,515,25770,0.0700958743691444,1.0713300786002264
15391,78,3931,0.0113321645185351,0.9726060032844543
14196,37,1900,0.0049159000627696,1.045799970626831
16267,159,7976,0.9192144870758056,0.8080379962921143
14257,106,5303,0.8708439469337463,0.8752830028533936
16288,121,6070,0.0442012287676334,1.012470006942749
16288,210,10508,0.0938364416360855,1.3376025597227685
16288,210,10510,0.1605382710695266,0.5132529735565186
16288,210,10512,0.0167814213782548,1.0290000438690186
15322,133,6662,0.0165848620235919,1.0644899606704712
14172,59,2952,0.5331162214279175,0.8538879752159119
14194,28,1425,0.7434635162353516,0.598671019077301
14194,28,1448,0.0155929187312722,0.9737128046027408
16446,27,1396,0.0828065946698188,0.5009660124778748
16446,264,13205,0.0008843336254358,1.354830026626587
15339,36,1850,0.3057686388492584,0.8809270377230973
16352,18,917,0.170854702591896,0.9996129870414734
16352,390,19506,0.0796102359890937,1.0177099704742432
16298,87,4389,0.0626403987407684,0.6923140287399292
16161,15,767,0.3027803897857666,1.094789981842041
15431,74,3733,0.0029969436582177,1.1801799535751345
15430,54,2738,0.0268967691808938,0.6981220245361328
15350,223,11165,0.0007448245887644,0.6140779852867126
16312,288,14408,0.0222328379750251,1.102720022201538
16312,300,15017,0.0097597809508442,1.0485800504684448
15422,107,5380,0.0044245407916605,0.5772204653104751
14782,42,2148,0.0680290982127189,1.1606500148773191
14268,14,723,0.0097134057432413,1.3751699924468994
14268,31,1558,0.0023776735179126,1.0
16078,29,1464,0.0088791735470294,1.0767699480056765
15369,106,5342,0.0034082375932484,1.2111300230026243
15369,293,14670,0.0150840282440185,0.5183899998664856
14173,45,2269,0.0059361378662288,0.952111005783081
16160,180,9003,0.031631514430046,1.2347300052642822
16160,210,10540,0.0122033786028623,0.9217900037765504
15228,72,3604,0.061589702963829,1.0288300514221191
15228,157,7874,0.0290726814419031,1.481819987297058
15294,33,1686,0.0099753253161907,0.6068130135536194
16036,273,13688,0.0452359318733215,1.0751999616622925
16438,43,2158,0.324663370847702,1.1523617199169534
16089,516,25803,0.0305875577032566,0.6463689804077148
15314,34,1707,0.0008535718079656,1.0468699932098389
14265,1,62,0.8746281862258911,1.2495807068419538
14265,1,71,0.0250678993761539,0.5401970148086548
15301,128,6411,0.0021030276548117,1.2382232837695
15952,158,7908,0.029384670779109,1.04026997089386
15296,259,12984,0.0931119695305824,0.975350022315979
15429,20,1050,0.0103002861142158,0.6403070656396537
15274,77,3889,0.0425726473331451,0.4396060109138489
16205,247,12352,0.0251349490135908,1.1948699951171875
14234,32,1612,0.0162135176360607,1.0562599897384644
15403,130,6521,0.24876569211483,1.2271308321354581
15339,268,13439,0.0045353197492659,1.0153499841690063
16041,271,13575,0.0028658269438892,0.6853809952735901
16058,201,10097,0.0069064111448824,1.0237699747085571
16339,96,4831,0.3882170617580414,1.4612755060719564
16171,15,762,0.1484540849924087,1.0346499681472778
15392,39,1956,0.0032959135714918,1.4320199489593506
15392,74,3747,0.0112825036048889,0.5264520049095154
16006,29,1497,0.0015899408608675,0.6356319785118103
16379,256,12830,0.0014497945085167,1.0140000581741333
16317,100,5025,0.8642663359642029,5.7073314084308655e-09
16317,147,7388,0.1098086535930633,1.118340015411377
16352,4,221,0.3560376465320587,1.22012095115565
15277,2,110,0.0326571986079216,1.2294833519353006
14234,12,606,0.0786323994398117,1.049299955368042
14234,12,621,0.1312823146581649,1.049299955368042
14234,24,1233,8.099397382466123e-05,1.049299955368042
15975,63,3184,0.0979359224438667,1.3809886531897178
15288,24,1222,0.0770595669746398,1.008870005607605
16266,242,12106,0.0071731964126229,0.9540470242500304
14298,96,4818,0.022809725254774,0.8640810251235962
14157,148,7425,0.0214297659695148,0.668274998664856
15243,19,966,0.002905094763264,1.061560034751892
15294,7,377,0.1164623498916626,0.8183619976043701
15294,10,512,0.2208713889122009,0.6459559798240662
16147,34,1733,0.0040956828743219,0.9944760203361512
16147,92,4622,0.0055557885207235,0.9767969846725464
16147,358,17913,0.0375999175012111,1.1877399682998655
14257,221,11078,0.4500831365585327,0.9677879810333252
15251,131,6574,0.0015616897726431,0.5245320200920105
15398,102,5122,0.0284026972949504,0.5590827299672583
15398,347,17381,0.0142265642061829,0.5000519752502441
16425,117,5857,0.0065832012332975,0.9313780069351196
14243,8,420,0.3922695815563202,1.0654791298961757
14243,17,865,0.0240178611129522,0.8716740012168884
14243,27,1367,0.0084529379382729,1.0680952751922632
14154,128,6409,0.1790480762720108,1.0325000286102295
14154,173,8664,0.0043819500133395,0.9556199908256532
15397,160,8037,0.000465222634375,1.180780053138733
14291,125,6286,0.0520050413906574,1.27764640806231
14291,151,7562,0.003401804016903,1.0152598084392253
16071,63,3171,0.2164243161678314,1.022189974784851
16071,63,3184,0.0089461868628859,1.0
16089,304,15204,0.1543555855751037,0.9248300194740297
16089,405,20295,0.0008530025370419,0.9157829880714417
14159,225,11271,0.0595818795263767,0.5723739862442017
15382,160,8012,0.001481136190705,1.0176399946212769
16042,25,1286,0.0182436164468526,0.9597060084342957
16042,44,2222,0.0024365216959267,0.8055739998817444
16042,64,3205,0.0675915330648422,0.8402420282363892
15975,45,2290,0.0422932729125022,1.2387539365500686
15986,39,1993,0.0312615148723125,1.322353893168753
15973,98,4947,0.1527905613183975,1.0172200202941897
14133,6,321,0.0647565349936485,1.035040020942688
15339,224,11221,0.0081319855526089,0.5775030255317688
16028,222,11134,0.0274082850664854,1.0602281756221148
15961,35,1775,0.0075595946982502,1.2519899606704712
15999,1,83,0.0210337173193693,0.8572329878807068
16102,15,787,0.0223570242524147,0.5759149789810181
16312,269,13465,0.0042082299478352,1.2232469381245894
16312,287,14353,0.0103221349418163,0.966389000415802
15960,328,16419,0.025208281353116,1.1766683166228733
16186,36,1806,0.0442381352186203,1.014449954032898
15961,367,18354,0.0139936814084649,1.0228899717330933
15961,381,19060,0.0907777026295661,1.0271600484848022
14149,260,13029,0.0136460103094577,1.0075600147247314
16215,24,1249,0.1910428553819656,1.00941002368927
15369,140,7040,0.0080974828451871,0.4031899869441986
15402,5,299,0.3746379911899566,0.6383072476541258
15402,63,3190,0.007308030501008,1.2473982214073374
15402,63,3196,0.0689835995435714,0.5759075046763228
15402,83,4166,0.0072039915248751,0.8423889875411987
15961,344,17244,0.0367304310202598,0.981793999671936
15961,501,25052,0.0664893984794616,1.1201384620438832
15957,16,845,0.0011296689044684,1.0998716504279429
15957,83,4175,0.1378024965524673,0.9267761192951693
15957,84,4245,0.6846534609794617,0.5585070252418518
15234,45,2289,0.0223660375922918,1.0045100450515747
15234,91,4596,0.0046575362794101,0.5345759987831116
14226,11,557,0.047726135700941,1.4236299991607666
14162,26,1310,0.0040006390772759,0.3903700113296509
14162,36,1821,0.0275520458817482,0.588591992855072
14276,47,2371,0.1910150498151779,0.4928140044212341
15961,218,10949,0.5490658283233643,1.0736654113732982
14290,22,1139,0.074968583881855,1.3062900304794312
15423,49,2491,0.0915015563368797,0.5881350040435791
16313,10,543,0.1495086401700973,0.9836699962615968
16313,273,13670,0.0416183024644851,1.0160599946975708
15429,44,2236,0.0203658137470483,1.1111805641373138
15429,46,2322,0.0397960320115089,0.6377189755439758
14122,1,75,0.0505002103745937,1.0040299892425537
14122,58,2905,0.0732623860239982,0.5621781520655418
14122,85,4253,0.0023104192223399,0.5675050020217896
15355,10,507,0.0068936287425458,0.9641389846801758
16079,30,1514,0.7068954110145569,0.9853280186653136
15328,7,398,0.0110205998644232,1.4973388331711703
16059,9,487,0.0168324969708919,1.151669979095459
14124,234,11736,0.0004222342686261,1.1036700010299685
15257,33,1653,0.0178071334958076,0.4050259888172149
15257,110,5543,0.0531430803239345,0.781093440626357
16317,13,663,0.00177016062662,0.8645719885826111
16060,24,1218,0.0012741575483232,0.8479210138320923
16060,108,5446,0.0028433070983737,0.9806699752807616
15403,74,3746,0.2058307230472564,0.5259699821472168
15987,5,283,0.0382401682436466,1.0289299488067627
15335,161,8095,0.0078165205195546,1.02646005153656
15335,122,6127,0.8664588928222656,0.6647289991378784
15335,228,11439,0.2045162171125412,1.0937299728393557
15335,288,14411,0.0093108480796217,1.0363800525665283
16038,101,5051,0.0078173270449042,1.026239991188049
16038,385,19281,0.4046395719051361,0.7685610055923462
16112,60,3045,0.0066084899008274,1.1922765867830523
15262,16,805,0.0111854374408721,1.000980019569397
15262,113,5676,0.0048434874042868,0.5949640274047852
15262,113,5691,0.1998651623725891,1.07177996635437
15398,81,4063,0.0220367554575204,0.9092649817466736
15403,114,5732,0.8149533867835999,0.5937250256538391
15416,39,1997,0.0449160039424896,0.8156650066375732
14212,68,3430,0.0113796228542923,1.0223900079727173
16405,26,1341,0.1452234238386154,0.5780640244483948
16405,32,1644,0.0051856990903615,1.1203700304031372
14121,101,5060,0.0125564849004149,1.2822799682617188
16113,112,5611,0.0175448078662157,1.022420048713684
15251,59,2990,0.0314994603395462,0.3615669906139374
14122,7,384,0.0244134403765201,0.5425900220870972
15271,0,5,0.0044591180048882,0.5465160012245178
15271,27,1359,0.0796093121170997,0.903315007686615
15271,35,1760,0.179046481847763,0.9307029843330384
16314,90,4505,0.009936986491084,0.8937940001487732
15369,205,10267,0.0092224227264523,0.453927993774414
15411,38,1902,0.0368613898754119,1.0871298230398454
15411,189,9479,0.8693616390228271,8.594730795655163e-05
15411,200,10017,0.096488170325756,1.2038242480094254
15411,207,10389,0.1869564950466156,0.9901591622733718
16411,204,10237,0.0268202498555183,1.0125099420547483
15296,188,9412,0.0008365198154933,1.0482200384140017
15296,242,12139,0.0238771475851535,0.97468900680542
16286,43,2152,0.8479063510894775,0.8857219815254211
16286,43,2195,0.0329492576420307,0.4249109923839569
16286,328,16431,0.0521957091987133,0.8068100214004517
16432,3,198,0.0318051949143409,0.6522930264472961
16432,9,464,0.0135208098217844,1.0358599424362185
16432,61,3079,0.0258433315902948,0.6420599818229675
16028,275,13794,0.0184920746833086,0.9180459976196288
16209,248,12434,0.0085719432681798,0.020925399659790223
14135,11,581,0.00410430226475,0.5920119881629944
14135,44,2211,0.0142348054796457,1.0104600191116333
16453,5,293,0.0219573825597763,0.16515498727882866
16225,238,11915,0.0038139666430652,0.8950210213661194
16304,4,217,0.002768815960735,0.9913309812545776
16304,64,3223,0.0166712291538715,0.3398039937019348
15368,77,3883,0.0312718152999877,1.0842031116019657
16231,3,182,0.0512825585901737,1.2875927783328507
16167,267,13384,0.0434743911027908,1.110360026359558
16147,145,7267,0.9927858710289,1.0
16147,298,14935,0.0315288566052913,1.0817500352859497
16122,510,25502,0.0723555162549018,0.4175060093402862
16326,40,2015,0.0342900715768337,1.2569299936294556
15353,44,2233,0.0042222226038575,0.5340020060539246
15965,413,20673,0.0583261772990226,1.0469199419021606
16444,97,4861,0.0079949535429477,1.1926100254058838
16387,69,3477,0.2776629328727722,0.7545928399130162
16387,179,8983,0.0029880877118557,1.0114599466323853
14162,63,3183,0.186221957206726,1.1622894814529519
15931,289,14473,0.0269676335155963,0.9531840085983276
16090,197,9857,0.0051052188500761,1.1175999641418457
15997,53,2694,0.449254959821701,1.1072499752044678
15997,56,2801,0.0046742227859795,0.4534600079059601
14123,5,288,0.2283789664506912,0.7130443458083988
14134,189,9480,0.0107288798317313,0.934686005115509
14222,19,963,0.0849702879786491,0.7209240198135376
14222,23,1181,0.3903406858444214,0.5953599810600281
14263,136,6815,0.098836526274681,0.0016042689650455026
14358,232,11650,0.0075584142468869,1.102910041809082
14244,23,1187,0.1494359225034713,1.0556800365447998
14244,31,1593,0.0146875465288758,0.9743930101394652
15279,37,1895,0.3714325428009033,1.0215100049972534
15273,31,1567,0.0035704008769243,0.9074609875679016
16094,238,11934,0.1324701309204101,0.3988620042800903
16094,252,12612,0.5562325119972229,1.0134600400924685
16094,266,13344,0.0010300325229763,0.6351900100708008
16094,266,13347,0.0044108438305556,0.8914939761161804
14121,74,3731,0.9505763053894044,1.192361908080997
14121,95,4756,0.9620097875595092,0.4826569855213165
14121,100,5027,0.0642319172620773,1.042680025100708
15262,155,7777,0.0084545603021979,1.0269500017166138
15961,191,9560,0.0228612013161182,1.0176299810409546
15961,327,16384,0.0184817779809236,0.8642634690573914
15309,15,794,0.0264382734894752,0.7529935084238915
15309,25,1290,0.0009826589375734,0.7529935084238915
15309,25,1299,0.0010854308493435,0.7529935084238915
15228,90,4504,0.0071015139110386,0.9948449730873108
15228,102,5131,0.0282546263188123,1.0451300144195557
15228,102,5146,0.3370392620563507,0.9461139725657262
16341,427,21370,0.7716166973114014,1.0701199769973757
16341,427,21388,0.0006132255075499,1.0812900066375732
14148,188,9409,0.0215776190161705,0.3045329364120519
14148,188,9412,0.0561002828180789,1.0176500082015991
16254,25,1277,0.0178979896008968,1.7272361700389346e-06
15243,74,3739,0.0245563946664333,1.042680025100708
15243,100,5002,0.0957124456763267,1.0326900482177734
16281,133,6699,0.0251338090747594,0.6337861582728266
16022,370,18503,0.0148919532075524,1.0
16022,465,23255,0.0523075945675373,0.9815670251846312
15238,42,2109,0.0032509367447346,1.3747616551813963e-32
15238,42,2145,0.2021138221025467,1.1885873207470041
15238,73,3661,0.014801007695496,1.003499984741211
15238,96,4809,0.0135997682809829,0.9791359901428224
15238,96,4816,0.4668351113796234,1.0262780868110755
16446,122,6142,0.9180428385734558,0.981940984725952
16304,12,610,0.2918314337730407,0.4061880111694336
16304,76,3815,0.1166189461946487,0.5573789223110879
16295,240,12019,0.0034508153330534,1.2291799783706665
16295,289,14499,0.0023282917682081,0.9970239996910096
16295,295,14754,0.0050228247418999,0.5196827025520391
15257,8,414,0.0237772725522518,0.878708004951477
15257,82,4121,0.1323422491550445,0.9224259853363036
14209,12,619,0.5834695100784302,0.6079480051994324
14209,30,1549,0.0233683101832866,0.8922861288151298
15989,264,13235,0.92435485124588,0.8884789943695068
16002,16,817,0.3161349594593048,0.7290729880332947
14149,250,12549,0.0062522557564079,0.8299170136451721
15234,14,726,0.0049476195126771,1.2815073483940296
15234,140,7009,0.3004989922046661,0.5729269981384277
14124,224,11223,0.0114105157554149,1.0628600120544434
15428,288,14411,0.0976198762655258,1.0159399509429932
15428,293,14688,0.2424718290567398,1.0159399509429932
14219,97,4873,0.0128516852855682,1.2386000156402588
14219,97,4886,0.0112351970747113,1.0
14219,97,4893,0.0465564765036106,0.00021894502468529676
16075,130,6537,0.0208680070936679,0.4820440113544464
16075,253,12661,0.0313256904482841,0.007634645952852421
16352,12,610,0.0035827853716909,0.4118660092353821
16352,12,615,0.0389662012457847,0.40107318471635267
16352,12,631,0.0037605927791446,1.0830700397491455
15254,71,3570,0.9985601305961608,0.5004289746284485
15254,99,4951,0.2815389633178711,0.9996560215950012
15254,99,4973,0.0078581264242529,0.5628870129585266
15998,53,2663,0.5364921689033508,0.4392929971218109
14174,248,12443,0.0310804564505815,0.9207469820976256
16266,38,1919,0.0156044447794556,1.1155400276184082
16266,323,16192,0.1332326531410217,1.0051780312791723
16188,99,4977,0.9145057201385498,0.9473789930343628
15983,160,8025,0.0864206776022911,0.9361969828605652
15983,283,14187,0.1510487794876098,0.8222540020942688
16023,251,12562,0.0387953631579875,0.8407160043716431
15973,46,2333,0.0400569476187229,1.043220043182373
16286,48,2404,0.0921700298786163,1.020169973373413
16075,513,25668,0.0003309070889372,0.2807320058345794
16258,63,3176,0.0100671844556927,1.535390019416809
15965,393,19654,0.004522344097495,1.0738600492477417
15965,393,19674,0.0082775605842471,1.14096999168396
14143,101,5071,0.1293627172708511,0.6027370095252991
16008,104,5215,0.0132476445287466,1.0339299440383911
14277,293,14686,0.0315517708659172,0.99099600315094
16113,238,11910,0.2519344985485077,1.340000033378601
15970,123,6191,0.5881778597831726,0.9397389888763428
15970,373,18696,0.3587739765644073,0.9397389888763428
16431,195,9764,0.0118958316743373,0.9497259855270386
16431,249,12471,0.0061021381989121,1.3389569235816907
14187,104,5243,0.1845961809158325,0.312151908907083
16286,123,6169,0.0112064322456717,0.525954008102417
16112,9,484,0.0061190798878669,1.021090030670166
15350,148,7426,0.0805872529745101,1.060520052909851
15318,23,1199,0.0197683200240135,0.5877119898796082
15318,202,10119,0.2879992723464966,0.6056380271911621
14388,15,767,0.0062787299975752,1.047580003738403
15257,52,2637,0.0011587307089939,0.47288208027996603
16382,13,673,0.0070084128528833,0.8951191631506319
16382,13,698,0.0015013731317594,0.8704130053520203
14256,27,1369,0.028013277798891,0.5777530074119568
14256,27,1392,0.002444393467158,0.940608024597168
14138,71,3578,0.0155896171927452,0.7366477617510583
14138,74,3724,0.0273181740194559,1.0480600595474243
14138,74,3738,0.066193863749504,1.025089979171753
14277,109,5465,0.1785804182291031,4.929496859312963e-07
14327,84,4231,0.0617019645869731,1.0666899681091309
15425,34,1732,0.003883242374286,0.5995349884033203
16304,195,9790,0.0031425864435732,0.9419289827346802
14146,118,5905,0.0056910123676061,0.9860360026359558
16105,48,2440,0.2498029172420501,1.0436400175094604
16336,47,2356,0.3758972287178039,0.921766996383667
16336,59,2984,0.0127345360815525,0.09502263794099172
16336,61,3051,0.9800077676773072,0.479093998670578
14125,32,1638,0.0048917499370872,1.0461599826812744
15291,44,2241,0.0644054114818573,1.441101425538875
16439,79,3979,0.0807715207338333,1.126504332082092
16439,94,4716,0.0180291477590799,0.5861138505377994
14257,24,1239,0.7327935099601746,0.6704890131950378
14163,17,856,0.0133579447865486,5.9199141631407354e-05
15946,522,26101,0.945980966091156,1.1400599479675293
16210,101,5060,0.0251243226230144,1.0414296735718198
16210,103,5170,0.0282754581421613,0.6315839886665344
15236,101,5077,0.0358254685997962,1.5622899532318115
14227,85,4263,0.0347483903169631,1.355329990386963
14227,97,4865,0.0130049232393503,0.527571976184845
14227,97,4867,0.0145170800387859,1.5405000448226929
15428,78,3909,0.5022638440132141,1.004289984703064
14243,133,6660,0.2532047927379608,1.186772458126626
15335,62,3125,0.5592390298843384,1.0491299629211426
14228,10,540,0.1340871453285217,1.0400700569152832
16071,91,4590,0.0010491147404536,0.5748339891433716
15227,7,367,0.480220228433609,0.9469590187072754
15227,7,383,0.0027069523930549,0.7902730107307434
15227,150,7543,0.0025253489147871,1.3354001807316465
14277,26,1324,0.8360666036605835,1.1682876387737904
14277,94,4741,0.0402150489389896,1.0224599838256836
15955,4,243,0.0004500788927543,1.0681099891662598
15955,14,707,0.0780305862426757,1.1852099895477295
16023,181,9088,0.0253645088523626,1.7358682760401223
14190,42,2131,0.3156673908233642,1.1154899597167969
15291,157,7874,0.0004846413794439,1.2027499675750732
15291,157,7889,0.0100052123889327,0.9639580249786376
15308,32,1610,0.0007596673676744,1.0809500217437744
16060,145,7288,0.0054505462758243,0.914027988910675
15391,205,10291,0.0206114649772644,1.030619978904724
14259,148,7443,0.024329837411642,0.968089997768402
14212,74,3743,0.0576850697398185,0.6575829982757568
15967,53,2689,0.0242290999740362,0.9221270084381104
16340,236,11836,0.8800643682479858,0.8680980205535889
16340,358,17922,0.1349297612905502,1.1619399785995483
15389,86,4313,0.4677851796150207,1.062980055809021
15421,74,3735,0.3583756387233734,1.1096899509429932
15421,158,7926,0.0131027791649103,1.0672500133514404
15391,80,4025,0.0074097933247685,0.6181449890136719
15391,273,13655,0.0467936284840106,0.9322320222854614
16051,181,9059,0.0912035331130027,0.5369420051574707
16051,181,9090,0.0013286523753777,1.1045000553131104
15409,2,106,0.3138747215270996,1.086899995803833
16063,44,2207,0.0054951976053416,1.124709963798523
16134,465,23263,0.0214992556720972,0.9425690174102784
14278,44,2248,0.0017578806728124,0.4989739954471588
16228,28,1414,0.0311603043228387,0.758882999420166
14202,19,982,0.3392348289489746,0.9772619470183488
14202,35,1759,0.0322797521948814,1.0162299871444702
15250,47,2392,0.0185405295342206,1.087475927111477
15308,33,1654,0.0091296434402465,0.9217900037765504
15970,501,25055,0.0504631698131561,0.9274899959564208
15343,188,9412,0.2331279814243316,1.0406800508499146
16432,28,1433,0.0041506425477564,0.4865899980068207
15350,112,5622,0.0841943547129631,1.010509967803955
16205,103,5167,0.4160813093185425,0.693135053742715
15328,87,4381,0.0246485099196434,0.6681485749060272
15328,126,6309,0.0229751281440258,0.004176676795887932
15343,317,15875,0.0260586105287075,1.0337899923324585
16364,16,850,0.1848138570785522,0.9792540073394777
16011,117,5889,0.905806601047516,1.172320008277893
14257,218,10914,0.0362102203071117,0.9295563793290995
14172,12,604,0.003343435935676,0.4830999970436096
14272,36,1842,0.1797459423542022,1.00724995136261
14272,70,3530,0.0391243882477283,0.5681880116462708
16262,75,3795,0.0015422279248014,0.9898120164871216
16188,45,2251,0.0015576614532619,1.0069899559020996
16188,173,8668,0.2358624339103698,1.315736777403643
14216,85,4299,0.7800859212875366,0.8609229922294617
16286,157,7885,0.0938595309853553,1.0102299451828003
15367,5,262,0.0008141377475112,0.9782360196113586
14191,174,8740,0.0012533671688288,1.0149699449539185
16340,192,9635,0.2533393204212188,1.0180100202560425
15339,31,1552,0.0017195744439959,0.9140790104866028
14139,105,5280,0.0086242882534861,0.9947429895401
14139,160,8009,0.0084571344777941,0.9944609999656676
14139,160,8011,0.3465481400489807,1.0502599477767944
14139,207,10399,0.0292996801435947,1.0110299587249756
15320,3,172,0.096655324101448,1.4234567259555033
16043,7,383,0.0231912564486265,0.6826300024986267
16043,7,384,0.1429955661296844,0.8808289766311646
16043,43,2158,0.9792896509170532,0.9201819896697998
15981,224,11220,0.006006789393723,0.8521232445989924
15429,33,1685,0.4622558057308197,0.6457340121269226
15429,57,2878,0.0427942350506782,0.5182030200958252
14149,2,131,0.136782020330429,1.0
14149,138,6907,0.2275141030550003,1.6783923609703921
14149,138,6911,0.0162404794245958,1.2023099660873413
14149,138,6931,0.0833433791995048,1.4065699577331543
15369,318,15942,0.0474186241626739,0.616810265122581
14148,24,1247,0.0359018705785274,0.906233012676239
14269,99,4985,0.2538326978683471,1.0117900371551514
15413,59,2990,0.0680913403630256,0.8338800072669983
15966,413,20692,0.0093675600364804,1.173110008239746
16205,278,13932,0.0027551739476621,0.9773989915847778
15251,107,5372,0.0174521971493959,0.7375569939613342
16352,267,13361,0.0363299846649169,0.9774129986763
16107,82,4127,0.0080335829406976,0.6582463887379504
15227,116,5802,0.8452746868133545,1.1916655627124157
15227,159,7990,0.015109397470951,0.9665489792823792
16347,51,2589,0.0669835582375526,0.6784759759902954
15931,452,22603,0.0081178098917007,1.0562100410461426
15425,72,3624,0.0006067545618861,0.9702543658629992
16283,245,12294,0.9378761053085328,0.7079600095748901
14261,21,1086,0.0227278228849172,0.888043999671936
14159,180,9049,0.0005515281809493,0.6118069887161255
16340,154,7737,0.0130822183564305,0.5342069864273071
16340,381,19077,0.0240958966314792,0.8493720293045044
14218,13,696,0.078729011118412,1.2563325723806005
15343,242,12114,0.0006779636605642,1.3892492151079239
16219,236,11849,0.4786283075809479,0.4877560138702392
16310,120,6008,0.0050485958345234,0.9765030145645142
16310,120,6017,0.0066370470449328,0.863070011138916
15415,312,15644,0.0330781228840351,0.00028060737700058325
15368,209,10479,0.7941017150878906,0.5354798196476551
15398,333,16664,0.0554698966443538,0.9124540090560912
15254,74,3746,0.0469778440892696,1.0077391693188604
15249,15,786,0.7570132613182068,0.9279029965400696
15249,50,2549,0.0621624588966369,1.4772599935531616
15289,37,1862,0.0088735939934849,1.6514422843196996
15246,46,2335,0.0103065688163042,0.9812210202217102
15416,51,2598,0.0652105137705802,1.1199500560760498
15416,97,4856,0.0549077242612838,1.1675221589150908
15397,125,6256,0.0949052721261978,1.0379899740219116
15318,25,1290,0.0428989939391613,0.5624669790267944
15318,101,5056,0.0356264635920524,1.0278539461085927
16180,10,511,0.9811397790908812,1.0062299966812134
16180,11,581,0.009927162900567,1.5470000505447388
14154,234,11747,0.0111680533736944,1.0327254973387312
16078,35,1764,0.0142513960599899,0.6495169997215271
15394,91,4589,0.0589048862457275,0.8621116806403819
15965,279,13988,0.1780877858400344,2.1969900131225586
15234,80,4016,0.0028640916571021,0.3506290018558502
15234,80,4025,0.0201377663761377,0.8641116156482269
15234,147,7374,0.9385090470314026,1.5303382930608223
15234,151,7599,0.0172381717711687,1.0
15987,103,5181,0.9016149044036864,0.959966003894806
15355,29,1486,0.0009122599149122,0.8400589823722839
14186,161,8053,0.0039578350260853,0.5377749800682068
16112,28,1413,0.0632193908095359,1.0075500011444092
15327,12,619,0.3175503611564636,0.9794399738311768
14147,1,96,0.483062595129013,0.9038230180740356
14147,25,1260,0.0247397292405366,1.2562999725341797
16076,35,1794,0.0045817252248525,3.6833736020852825
16076,36,1825,0.007166180294007,1.0386799573898315
16387,195,9753,0.6551230549812317,0.4860700070858001
16387,198,9917,0.0182141568511724,0.4863219857215881
15961,266,13333,0.0105492146685719,1.0849727126182818
16260,3,197,0.0012770339380949,1.2952420074884115
16379,101,5057,0.0058950860984623,1.183513183517789
16379,101,5075,0.2952170968055725,1.0655499696731567
15430,29,1500,0.002023525070399,3.1502573003614884
15430,53,2666,0.0027141012251377,1.0569000244140625
15251,163,8188,0.0330247767269611,1.0
15961,517,25900,0.0060960538685321,0.4746969938278198
15361,75,3785,0.0070527736097574,0.6541339755058289
15361,134,6701,0.0003763679997064,0.9194200038909912
15940,65,3253,0.1650902032852172,0.9642760157585144
14163,0,45,0.0082701854407787,1.0401899814605713
14163,15,756,0.0109945097938179,0.7894909977912903
14163,29,1488,0.0047915889881551,0.9969459772109984
14133,69,3478,0.0020012066233903,2.0106799602508545
14152,108,5424,0.0511515215039253,1.2748378096360398
14152,221,11073,0.0139479963108897,1.413059949874878
16225,53,2678,0.0076895505189895,0.897944986820221
14246,123,6157,0.05921396240592,1.0173799991607666
15931,504,25236,0.943595051765442,0.6552730202674866
15324,5,285,0.2365573644638061,1.1784093954683215
15327,18,907,0.2634917497634887,1.056399941444397
14257,23,1176,0.0133725637570023,0.5184249877929688
16231,135,6784,0.0709323361515998,0.9291120171546936
16281,346,17331,0.0746396780014038,1.57311511659168
16281,346,17340,0.0661499798297882,0.9876760244369508
16453,274,13743,0.0086060343310236,0.7852100133895874
16017,15,800,0.0064391517080366,0.7956889867782593
15948,14,744,0.0375714935362339,1.0524699687957764
15948,45,2277,0.0015577912563458,4.272472002490986
15412,95,4795,0.1457677036523819,1.0346299409866333
15939,54,2711,0.0289951991289854,1.2696505733074943
16207,5,295,0.1632719486951828,1.0121500492095947
16207,38,1931,0.0237976890057325,1.4157700538635254
15988,47,2371,0.2575118839740753,1.0139133061674102
15988,59,2971,0.0133064212277531,0.5726150274276733
15231,37,1885,0.1736066937446594,0.8761630058288574
15231,109,5484,0.0546571090817451,0.8808730244636536
14196,64,3238,0.0063184080645442,1.0927851455608109
16317,136,6845,0.6188472509384155,1.063730001449585
16094,265,13262,0.7677891850471497,0.9829350113868712
15360,174,8735,0.1043147444725036,1.1054500341415403
15336,22,1116,0.0010259740520268,0.986523985862732
15330,60,3037,0.001865443540737,1.0809099674224854
15330,100,5011,0.0596788637340068,0.7270259857177734
15322,134,6727,0.1028755605220794,1.6661100387573242
15989,268,13410,0.0008478189120069,0.5248119831085205
15339,201,10053,0.0520562790334224,0.8944349884986877
15350,23,1171,0.0524819642305374,0.5040320158004761
15350,88,4414,0.0065593812614679,0.8816292033715882
14195,95,4792,0.0974565148353576,1.3048700094223022
15316,174,8737,0.4585303962230682,0.5534150004386902
16340,345,17254,0.000900910992641,0.9447399973869324
16340,424,21210,0.0001616448716958,1.089319944381714
16013,43,2156,0.1433784812688827,0.9969419836997986
16203,114,5739,0.0356705076992511,1.0277400016784668
16203,197,9868,0.0990121588110923,0.9908425073754046
14195,52,2634,0.0452970676124095,0.5970219969749451
14195,135,6784,0.0029187693726271,1.0082900524139404
14195,243,12180,0.0605433546006679,1.037060022354126
16122,164,8249,0.1071681454777717,0.8495450019836426
16204,105,5254,0.0261072795838117,0.9429775926711554
16243,111,5598,0.0277914367616176,1.1667699813842771
16232,2,106,0.1839526891708374,0.4705800116062164
16232,2,148,0.0122274393215775,1.0346800088882446
16232,81,4077,0.0037000318989157,2.957399332738717e-15
16290,50,2501,0.0410588383674621,1.1582900285720823
16290,50,2537,0.1056837812066078,0.5165839791297913
16219,181,9069,0.0003585962404031,0.8714630007743835
14148,200,10049,0.0305709708482027,0.5845350027084351
15428,77,3862,0.0028996274340897,1.059749960899353
15428,235,11782,0.017684893682599,0.7056845422422668
14123,68,3425,0.2281482815742492,0.4834040105342865
15965,145,7252,0.0060510919429361,0.8165559768676758
15965,150,7522,0.1388290524482727,0.4919449985027313
15965,150,7539,0.1195904910564422,1.0936100482940674
15252,27,1400,0.0007930823485367,0.9440500140190125
16220,39,1998,0.2394233793020248,1.2774260615197477
15339,5,284,0.0352861732244491,0.2653839886188507
15339,65,3290,0.0068780523724853,1.0750999450683594
15339,136,6849,0.306228369474411,1.2294863953605102
15339,210,10522,0.0174269489943981,1.046339988708496
15403,77,3854,0.6110837459564209,0.5992519855499268
15403,179,8970,0.0103903980925679,1.0328700542449951
15267,97,4894,0.0071701342239975,1.3157299757003784
15267,172,8617,0.0232718959450721,1.052109956741333
15267,172,8628,0.0395475067198276,0.4941779971122741
14297,178,8924,0.0028950211126357,1.0087000131607056
15989,502,25114,0.211390420794487,1.0682200193405151
15355,46,2312,0.1958260834217071,0.7548710107803345
14174,43,2165,0.0330968610942363,0.5080450177192688
14174,125,6268,0.0133378924801945,1.0051699876785278
15430,114,5737,0.4235868453979492,1.1638000011444092
14187,58,2907,0.0208921823650598,1.030079960823059
14195,33,1665,0.0283607840538024,0.6964240074157715
14195,233,11686,0.0350146479904651,1.3944935174324797
16095,236,11809,0.004841370973736,0.934486985206604
16008,112,5623,0.0476676933467388,1.020740032196045
15322,47,2391,0.0615766681730747,0.979328989982605
15322,74,3720,0.5120166540145874,0.9862970113754272
14124,82,4148,0.1291991174221038,0.9740049839019777
14183,15,771,0.1088934391736984,1.4745099544525146
14139,107,5354,0.0403109639883041,0.8803466446511266
15932,36,1848,0.0161093287169933,0.9596880078315736
15932,43,2158,0.8904536962509155,0.8761909706747417
15242,6,322,0.0374741181731224,0.4580290385458454
15242,157,7897,0.0100111560896039,1.0
16437,215,10769,0.0038778381422162,1.0106300115585327
16437,215,10772,0.0085361339151859,1.6076899766921997
14136,64,3204,0.0523009151220321,0.9756619930267334
14135,27,1364,0.0112678688019514,0.7937908660595384
15933,117,5858,0.0803751572966575,1.2961503457585268
15271,12,614,0.0055407453328371,1.2440238698547432
16459,76,3812,0.0018173436401411,0.9947075500031843
16459,76,3815,0.0755215287208557,0.769257943536914
16459,83,4177,0.0061635775491595,1.030460000038147
16205,130,6512,0.0035958520602434,0.8041579723358154
16205,130,6541,0.0078363372012972,0.9944289922714232
16205,180,9028,0.0011309421388432,0.9699010252952576
16205,306,15316,0.0039372430182993,0.561614990234375
15335,142,7113,0.1138218939304351,1.008800029754639
15335,142,7140,0.002002571709454,0.7391220358995411
15316,13,695,0.8528519868850708,1.1779500246047974
15316,228,11444,0.0258525721728801,1.0774534070379218
15316,265,13271,0.0349944718182086,0.7541220188140869
16028,252,12648,0.3242817521095276,0.9662619829177856
16028,281,14067,0.7484115958213806,0.516858479526732
16028,341,17072,0.0002890442556235,0.6596698436673023
14195,140,7003,0.0420288816094398,0.8653609752655029
14139,5,273,0.7941940426826477,1.423244994033226
14139,45,2292,0.0324594303965568,1.214210033416748
15339,39,1976,0.001863527810201,1.1136900186538696
15339,276,13845,0.0077851871028542,0.7574295353401794
16023,389,19453,0.0061709866859018,0.963881015777588
16023,430,21513,0.0331663414835929,1.043660044670105
16305,13,693,0.004245935473591,0.6085420250892639
15277,18,910,0.0336033254861831,0.9742130041122437
16352,132,6636,0.9458914399147034,0.8658210039138794
16320,20,1012,0.0003205738321412,0.697052001953125
15264,77,3854,0.0172819625586271,0.8859360218048096
14183,21,1092,0.6439317464828491,0.0018972723363198222
14183,21,1097,0.0118275126442313,0.355782002210617
15257,19,951,0.2443082779645919,0.6941270232200623
14121,40,2026,0.0004692349757533,0.9672030210494996
14121,76,3822,0.0013685744488611,1.156000018119812
16058,253,12669,0.0069399955682456,0.9034123096506974
16227,53,2686,0.1785478889942169,0.987721025943756
14245,57,2877,0.0587039329111576,1.0
14245,198,9943,0.8914834856987,0.4663503848071037
15267,8,403,0.2365918457508087,0.8891271507610554
15267,102,5108,0.0921078622341156,0.5381010174751282
15267,102,5122,0.001841182122007,0.4741820096969604
16314,85,4268,0.0488701574504375,0.5478100180625916
14139,50,2524,0.0076043251901865,1.0025700330734253
14139,114,5727,0.0078344214707613,0.9647600054740906
16276,1,93,0.0003094185085501,1.1010799407958984
16363,18,924,0.0124320657923817,1.169279320825467
15427,207,10375,0.0438150614500045,1.313249897791593
15291,256,12827,0.2894186973571777,0.77879399061203
14212,214,10730,0.0082815904170274,1.0
14184,0,18,0.0844585299491882,1.0194499492645264
14184,18,928,0.0096909161657094,1.2329702142013443
16011,215,10787,0.0360007546842098,4.7930867954293355e-05
16220,84,4248,0.027082409709692,0.9863269925117492
16227,97,4892,0.0618873909115791,0.5311089754104614
16227,139,6970,0.016980692744255,0.9719769954681396
16292,7,373,0.112562321126461,0.8751659989356995
16292,22,1133,0.5581070184707642,1.0014300346374512
16292,48,2440,0.0375481024384498,0.9792739748954772
16344,55,2771,0.712846577167511,0.8513669967651367
16339,150,7521,0.0001632741768844,0.744301974773407
16339,177,8871,0.0220821872353553,1.209190011024475
15986,8,434,0.0063079744577407,1.0160499811172483
16089,503,25199,0.0187290012836456,1.0273699760437012
16089,532,26630,0.047235582023859,1.0307899713516235
16307,12,630,0.3324948251247406,0.9070519804954528
16307,57,2895,0.0048367558047175,0.924448013305664
15961,490,24523,0.0011138874106109,1.0
14269,133,6691,0.012072168290615,0.07783758747609679
15348,45,2255,0.0111899953335523,1.0057799816131592
15316,41,2070,0.0024375778157263,0.1280315934945441
15316,137,6868,0.0333870314061641,1.053189992904663
16252,7,363,0.0438231900334358,1.0587999820709229
16252,60,3045,0.0620695538818836,0.8834699988365173
16252,93,4661,0.0320408456027507,1.044350028038025
16162,9,491,0.1121755540370941,1.0231900215148926
16301,200,10004,0.0052105714567005,1.0642600059509275
15429,89,4484,0.2094952762126922,0.5254539847373962
14227,93,4689,0.0092986244708299,1.096750020980835
16122,502,25127,0.4805379211902618,0.6721670031547546
16122,539,26954,0.0591804683208465,0.4953289926052093
16008,368,18450,0.1444873511791229,1.3843918986610932
16275,26,1309,0.0052576139569282,0.9882879853248596
15297,49,2471,0.0070373965427279,1.051460027694702
15297,120,6024,0.0040218820795416,1.0794800519943235
14216,108,5437,0.5263279676437378,0.973618984222412
15960,23,1189,0.0668414235115051,1.021090030670166
15960,131,6572,0.0013264850713312,0.4766980111598968
15350,225,11286,0.0726158618927002,0.808775007724762
16341,420,21034,0.2868692278861999,1.0327600240707395
14274,64,3219,0.0205802638083696,1.022070050239563
16225,112,5617,0.4090988934040069,1.5554846833411773
16225,217,10871,0.026566132903099,0.946672022342682
16225,217,10889,0.0134573243558406,0.8764079809188843
16112,449,22452,0.0105841970071196,1.0143699645996094
14165,40,2048,0.0022094554733484,0.9816330075263976
16220,47,2386,0.004762384109199,1.0215500593185425
16220,58,2918,0.3657428026199341,0.8805080056190491
16220,93,4678,0.4466962814331054,1.0346100330352783
15335,249,12476,0.2657227218151092,0.6035940030433196
16272,66,3337,0.0027271017897874,0.7273240089416504
14139,77,3876,0.0013825354399159,1.0947999954223633
15939,129,6494,0.0010473511647433,1.2708810371679247
16204,93,4658,0.0124969715252518,0.9712910056114196
16204,93,4668,0.0414805859327316,1.2035906427918803
16295,20,1030,0.0112089579924941,1.2081085937529679
15969,216,10808,0.0037198332138359,1.0
15969,343,17163,0.0359971523284912,1.0
15426,39,1962,0.0194131508469581,1.2489787317611272
15426,39,1989,0.015251176431775,0.6507290005683899
16023,92,4604,0.0428463295102119,1.2453110082531533
16023,358,17946,0.0013903267681598,9.202568734694864
16169,148,7422,0.0229610446840524,0.9217900037765504
16169,224,11225,0.0307738613337278,0.8860620260238647
15322,25,1274,0.2058520168066024,1.2313413549525478
15322,103,5158,0.0160652641206979,0.9778280258178712
15322,103,5168,0.0209304094314575,1.182287947395651
16242,342,17137,0.0385471880435943,0.666408243161456
16023,136,6806,0.0247182194143533,0.1136600002646446
14134,10,504,0.0021505593322217,0.8539909720420837
14134,192,9640,0.0041116899810731,1.248530030250549
16275,123,6155,0.0043279193341732,0.9745219945907592
14263,304,15248,0.9836305379867554,1.338490009307861
15287,13,658,0.0068860300816595,1.082341017741939
14268,15,757,0.1403704285621643,1.0116599798202517
16964,85,4251,0.9673309326171876,0.9652100205421448
16964,109,5482,0.0326605513691902,1.3066500425338743
15517,91,4589,0.0187122523784637,1.0092899799346924
15640,174,8727,0.0112513694912195,0.6712700128555298
16507,19,953,0.0009629472042433,1.2621099948883057
15877,239,11957,0.0728102177381515,0.6502540111541748
16119,541,27090,0.0299105588346719,0.9939259886741638
15916,287,14356,0.0076096383854746,0.9217900037765504
15916,303,15175,0.0002074672665912,0.5758969783782959
15916,303,15191,0.0356323644518852,0.8832250237464905
16664,46,2333,0.0357179120182991,0.959097981452942
16664,88,4407,0.0009211574797518,1.0459200143814087
15588,100,5034,0.021872691810131,1.3878761238676418
15588,233,11657,0.0032336798030883,0.8876923061015418
15875,136,6804,0.0054309982806444,1.0074800252914429
15875,273,13656,0.0545098595321178,0.5468130111694336
16802,102,5109,0.0096100326627492,0.8645989894866943
16802,129,6482,0.0006048845825716,0.9139959812164308
16802,136,6821,0.0111941639333963,0.4836429953575134
16802,254,12720,0.1384241878986358,0.9246039986610411
16802,254,12724,0.9566126465797424,0.966280996799469
15701,301,15058,0.0107917729765176,1.1457866091768167
15701,301,15070,0.0764722675085067,1.0400999784469604
16693,54,2734,0.427788108587265,1.1790499687194824
16693,211,10592,0.0302697252482175,0.5321499705314636
16023,272,13613,0.7136486768722534,0.9997360110282898
16549,11,556,0.0091494126245379,1.1769200563430786
16549,31,1595,0.0368507429957389,1.10975440126834
15528,106,5346,0.020767530426383,1.1128161956046367
15528,356,17836,0.3060925006866455,0.9480640292167664
15486,14,723,0.0216199271380901,1.0094000101089478
15486,14,726,0.0532171539962291,1.6216750263213984e-12
16137,88,4433,0.9841931462287904,0.973402976989746
15676,130,6524,0.0035652827937155,0.9969279766082764
15448,117,5858,0.2114508301019668,1.4493144933398838
15801,266,13349,0.0045834719203412,1.107890009880066
16836,71,3581,0.0324967093765735,0.5935530066490173
15875,106,5313,0.7062675356864929,1.0208899974822998
15432,106,5301,0.96280038356781,0.00032815717702768785
16802,298,14910,0.001024713856168,0.8514840006828308
16169,282,14129,0.0045819953083992,1.0937532672475359
15588,315,15763,0.0175106897950172,1.0345100164413452
16795,123,6157,0.0611304379999637,0.9309200048446656
16504,136,6814,0.0414740890264511,0.7945629954338074
16504,170,8538,0.0206500962376594,1.0135899782180786
15904,52,2608,0.0251008123159408,1.4037935452433885
17056,5,256,0.0038976301439106,0.027254173829202866
17056,5,260,0.0297738648951053,0.7305070161819458
17056,301,15077,0.0437238067388534,0.22577145018859207
15877,271,13555,0.0124033484607934,1.2972051687978234
15634,256,12838,0.0085247606039047,0.9992290139198304
15590,77,3885,0.0005110323545522,0.903531014919281
16944,176,8829,0.0056274435482919,0.8947740197181702
15510,35,1756,0.4375682175159454,1.065400004386902
16909,118,5932,0.0007674617227166,1.0491900444030762
16158,134,6708,0.0080192843452095,0.9910809993743896
15915,74,3749,0.2649870216846466,0.9940840005874634
17044,6,322,0.0962837561964988,1.0157500505447388
15923,104,5238,0.0176715608686208,1.0193300247192385
16986,94,4743,0.004525245167315,1.0057899951934814
16199,295,14769,0.1178242787718772,0.973787009716034
15486,24,1226,0.000107868683699,0.8692150115966797
15486,121,6099,0.0326449498534202,1.0497816817479728
15486,312,15624,0.0505206808447837,0.9698489904403688
15870,81,4069,0.0026432573795318,1.1932599544525146
16757,16,818,0.0019613050390034,1.1964000463485718
16757,21,1096,0.0656841397285461,1.0458699464797974
15701,10,537,0.0179078821092844,1.0927000045776367
15701,433,21698,0.0059738820418715,0.914520025253296
16734,118,5915,0.0041114538908004,0.6858540177345276
15858,35,1796,0.0073454999364912,1.0478500127792358
16169,371,18557,0.1471617668867111,0.8824489712715149
15930,153,7667,0.3423671126365661,0.8845340013504028
16910,87,4399,0.2026471942663192,0.5374979972839355
16794,3,172,0.0681403428316116,1.1761900186538696
15902,162,8148,0.0611101426184177,0.7935649752616882
15902,349,17495,0.2732685804367065,0.5823180079460144
15748,4,244,0.236120343208313,0.7836970090866089
15748,9,478,0.0029871785081923,0.5685030221939087
15785,27,1373,0.0406317822635173,0.4484120011329651
16817,188,9427,0.1046754047274589,1.1636937935596163
15927,4,234,0.0080420533195137,1.5388400554656982
15927,342,17130,0.024520905688405,0.9847099781036376
16923,283,14160,0.0536548569798469,0.9972169995307922
15682,34,1702,0.3826807141304016,1.0647369476916495
15900,182,9101,0.015111468732357,1.0438899993896484
15713,197,9884,0.001904439064674,0.014313151860559092
15489,97,4854,0.0110865905880928,0.9575780034065248
15701,337,16876,0.2669891715049743,6.439192236731515
15701,474,23740,0.0007635935326106,0.9426599740982056
15916,184,9210,0.0087991319596767,0.695171823540619
16787,64,3246,0.2006519883871078,1.3301860897026074
16199,350,17508,0.0028853029944002,0.5174501429182499
15504,178,8935,0.1476478576660156,1.0440200567245483
16689,38,1942,0.0018926663324236,1.0332200527191162
16489,84,4213,0.0052281944081187,1.3104900121688845
16489,125,6295,0.0004577345971483,1.3362300395965576
15589,273,13688,0.0256784781813621,0.7401999831199646
15589,278,13904,0.0464490763843059,0.9977920055389404
16119,236,11830,0.7264957427978516,1.34538996219635
15463,27,1362,0.3618449568748474,1.123181772716819
15463,185,9275,0.009517615661025,1.0888999700546265
15456,125,6286,0.8697431087493896,0.9737560153007508
16119,288,14420,0.0319504775106906,0.6791589856147766
17030,62,3145,0.3834831416606903,0.2094019949436187
17030,70,3550,0.0937971770763397,0.8293280005455017
16690,39,1975,0.0384817980229854,1.1237599849700928
15497,20,1010,0.7339303493499756,1.1128494420166393
15497,73,3695,0.0039377124048769,0.9722149968147278
16852,350,17510,0.090315856039524,0.9491530060768129
16823,64,3209,0.0273986458778381,0.4275909960269928
16823,74,3707,0.0226262249052524,1.0367599725723269
16199,56,2812,0.0265475809574127,0.9221270084381104
16816,44,2220,0.4878540933132171,1.2598799467086792
15511,12,643,0.0012472787639126,0.5171909928321838
15511,43,2153,0.0006310521857813,0.993910014629364
16730,18,904,0.0097873462364077,0.9672449827194214
17034,7,377,0.000353468756657,1.3420599699020386
16676,24,1231,0.0514791905879974,1.0001802285063874
16676,145,7287,0.0654635280370712,1.0084799528121948
16978,183,9178,0.0154274916276335,0.6934208350347149
15497,49,2490,0.0006134610739536,0.9259759783744812
15875,53,2700,0.0445720143616199,0.5694509744644165
16694,70,3514,0.0008275127038359,0.7538363846264673
16694,313,15655,0.0026539880782365,1.0226600170135498
17013,60,3044,0.0164773613214492,1.116860032081604
16679,79,3986,0.1968942135572433,0.9809730052947998
16679,116,5834,0.0275614745914936,1.0855798349796828
16544,30,1521,0.0071360655128955,0.6780166511265406
16485,13,693,0.0508432351052761,1.3315396554054357
16485,20,1009,0.3160358369350433,0.961933970451355
15774,42,2146,0.1457636058330536,0.9349910020828248
15774,311,15571,0.0024199835024774,0.3840749859809875
15917,535,26775,0.0322357937693595,1.1722116566645868
15704,1,79,0.0402732864022254,1.1631719015706636
15704,1,91,0.0656224340200424,0.9217900037765504
15704,1,96,0.0146952429786324,1.0158300399780271
15704,28,1442,0.1082439050078392,0.3359859883785248
16890,13,680,0.0034519582986831,0.9418780207633972
16890,177,8863,0.159930944442749,0.5860030055046082
15479,286,14304,0.0207856092602014,0.9765949845314026
16955,19,955,0.0572611428797245,0.5952039957046509
15909,38,1948,0.1817997246980667,1.0047600269317627
15588,50,2516,0.0360051281750202,0.946745991706848
15588,92,4623,0.0066781295463442,0.8893799781799316
16355,102,5121,0.2651914358139038,0.9150930047035216
15799,256,12811,0.1966193467378616,0.3323934127752394
15799,256,12846,0.0184354502707719,0.93061500787735
16526,14,705,0.0360880717635154,1.2293426348739445
15882,186,9336,0.0018458192935213,0.982928991317749
16544,53,2688,0.0222383830696344,0.5798119902610779
16544,80,4028,0.0052106063812971,0.8298140168190002
15484,366,18306,0.0296704564243555,1.148210048675537
16161,10,549,0.0592209585011005,1.3134299516677856
16161,32,1622,0.0781852826476097,1.1349706931337382
16759,30,1528,0.0070211309939622,0.9492509961128236
16148,87,4383,0.0260210167616605,1.051699995994568
16148,201,10059,0.1180267110466957,1.1203099489212036
16158,509,25462,0.0020820938516408,1.0400099754333496
16158,512,25605,0.0362749435007572,0.7711300253868103
16118,85,4283,0.0031568261329084,0.9828410148620604
16840,1,55,0.0180226564407348,0.9217900037765504
16840,23,1183,0.0071335565298795,0.9763940281362122
15927,139,6974,0.0028667482547461,0.9161059856414796
15927,139,6983,0.0055828792974352,0.936619997024536
16888,448,22444,0.00384367024526,0.17647074563822152
15589,247,12352,0.0150219071656465,1.0857199430465698
16778,39,1956,0.0399899184703826,0.9420830011367798
15774,96,4850,0.004693598486483,1.0019299983978271
15902,156,7821,0.0459984242916107,1.0422199964523315
15902,319,15993,0.0039676539599895,0.6591370105743408
15701,472,23646,0.0286825578659772,0.8050150275230408
15701,481,24058,0.5422151684761047,0.5014269948005676
15463,398,19912,0.0002878263185266,0.5136169791221619
16935,11,551,0.011743969283998,1.0648637242393306
15901,188,9406,0.0113999024033546,0.9371299743652344
15469,302,15148,0.4194926619529724,0.9561438402379849
15801,331,16563,0.0154009480029344,1.0083500146865845
15801,331,16566,0.9867410063743592,1.0248700380325315
16823,113,5665,0.0481409803032875,0.7381139993667603
16823,193,9688,0.5038667917251587,0.6732760071754456
16509,106,5344,0.2719752192497253,0.8838279843330383
15500,200,10038,0.1489082872867584,0.0052406545847527505
15500,241,12059,0.1502119749784469,0.991303026676178
16119,363,18174,0.0244407765567302,0.993133851894271
16519,52,2618,0.0122531009837985,0.7323349714279175
16519,88,4402,0.1278889626264572,1.15733003616333
15677,204,10234,0.022678455337882,0.6198610067367554
16850,99,4976,0.263707548379898,0.8834436650777207
16850,232,11604,0.0055062496103346,1.235360761715711
16432,60,3045,0.052296943962574,1.3005984523877743
15917,77,3876,0.1916100084781646,1.1815066679877402
15529,260,13025,0.2221601158380508,1.3675214433426388
16148,29,1499,0.0089318361133337,1.0437599420547483
15682,12,633,0.0032166114542633,0.9099509716033936
17055,224,11240,0.0111586721614003,0.8985859751701355
15457,33,1686,0.0437892004847526,1.098449945449829
16964,478,23901,0.0079141510650515,0.8668924738497097
16883,97,4885,0.0009883317397907,1.1239674660684071
16150,384,19203,0.0106855174526572,1.0575400590896606
16978,480,24003,0.0240959394723176,1.062000036239624
17034,109,5456,0.0216936022043228,1.2875178614699792
15877,102,5146,0.0010205300059169,0.949524998664856
15530,4,214,0.8472796082496643,0.6522459983825684
17002,35,1783,0.0394727997481823,1.1771299839019775
15915,103,5159,0.0077006332576274,0.9387379884719848
15589,63,3170,0.1203354075551033,1.0751999616622925
15915,363,18174,0.0048249890096485,1.019860029220581
15915,428,21418,0.0723667591810226,1.2396999597549438
15469,101,5090,0.0813621953129768,0.976837992668152
16904,21,1060,0.10005734115839,0.9524107267337456
16150,366,18314,0.0226927753537893,0.7728698464012494
16741,264,13246,0.020756047219038,0.5017129778862
16497,50,2511,0.0367441065609455,1.0990748748897656
15851,102,5132,0.1100632175803184,1.028339982032776
15254,9,471,0.5663632154464722,0.6534080723598237
15469,153,7669,0.8744975328445435,0.508620023727417
16923,124,6209,0.0497069619596004,0.5133389830589294
16849,20,1046,0.0338122025132179,1.0588500499725342
16849,71,3580,0.0048992759548127,1.1047668868048888
16885,0,45,0.6406365633010864,0.909296989440918
16885,16,830,0.1120925471186637,0.999750018119812
16885,62,3117,0.0095997136086225,0.7507179975509644
17019,44,2230,0.0408372804522514,1.0511499643325806
16921,35,1798,0.0046712663024663,1.086859941482544
16921,40,2028,0.0128091555088758,0.93505197763443
15785,79,3958,0.996691346168518,0.9705449938774108
15916,60,3025,5.981828871881589e-05,0.5491250157356262
15436,128,6411,0.0138316620141267,4.6877412825741747e-07
15436,166,8347,0.008031565696001,0.8503469824790955
15774,185,9296,0.0120521103963255,1.1742306142546965
16137,66,3329,0.0040181553922593,0.8611779808998108
16889,10,524,0.0200634580105543,0.9954670071601868
17023,81,4071,0.0755879878997802,1.2640199661254885
16169,379,18997,0.008699869737029,1.1868000030517578
15511,251,12552,0.1781093627214431,0.9755120277404784
16110,28,1410,0.0039341440424323,1.1330000162124634
16946,138,6914,0.0288372132927179,1.055050015449524
16946,173,8656,0.0300106890499591,0.5685030221939087
15902,483,24198,0.3152368366718292,1.7521358206474957
16852,222,11146,0.1541632115840912,0.6003440022468567
16852,288,14428,0.0253945030272007,1.1041500568389893
16199,115,5756,0.0054412307217717,0.5430589914321899
15497,294,14722,0.0002388418652117,0.4429210126399994
16112,267,13399,0.0408302508294582,0.5798609852790833
16527,32,1635,0.0188892725855112,1.2161099910736084
15639,80,4028,0.1244894936680793,1.1852400302886963
15482,150,7537,0.1104529276490211,1.0
16495,69,3499,0.0088827954605221,1.0103800296783447
16509,97,4868,0.0057265125215053,1.0472500324249268
16509,97,4882,0.0106062367558479,1.0
15479,119,5953,0.633590042591095,0.5968340039253235
16544,57,2865,0.0214478056877851,0.7167909741401672
15910,254,12750,0.0205672476440668,0.9447640180587769
15479,378,18922,0.0080428021028637,0.5266164691593963
15916,504,25245,0.0424387045204639,1.1191600561141968
16788,135,6761,0.0167677775025367,1.096310019493103
17004,36,1801,0.5336310863494873,1.1558899879455566
17004,42,2131,0.088848777115345,0.7956830263137817
16843,292,14609,0.0330987237393856,1.057360053062439
16836,160,8005,0.2723376750946045,1.0255214597294113
16504,60,3050,0.0048618125729262,0.8578619956970215
16504,156,7824,0.0057858997024595,1.1280900239944458
16494,27,1364,0.0148130496963858,0.98293799161911
16494,40,2026,0.0300890207290649,0.5813590288162231
16963,153,7676,0.0038856591563671,0.7268499732017517
16158,24,1208,0.0324911959469318,1.409690022468567
16486,137,6877,0.3272055983543396,0.8107050061225891
15917,256,12843,0.009325448423624,0.9720545318955942
16965,132,6633,7.250648195622489e-05,1.201601956404005
16878,145,7282,0.0252605956047773,0.000613419488375974
16734,161,8053,0.0020252079702913,1.1172599792480469
16751,214,10732,0.0441096872091293,1.040719985961914
16751,279,13995,0.5743486881256104,1.176394174710069
15909,86,4331,0.964072048664093,1.0570900440216064
16970,63,3186,0.0303319152444601,0.645583987236023
15500,123,6157,0.0026472478639334,0.8080800175666809
17011,240,12019,0.0909335985779762,1.0557600259780884
17011,304,15228,0.0274723917245864,1.0350699424743652
16801,9,474,0.0284509360790252,0.5613980293273926
16801,9,475,0.0033788757864385,1.1119378746442978
16801,33,1669,0.0611811988055706,0.6403750352162092
16801,38,1932,0.3403285145759582,0.875944972038269
16801,80,4025,0.0104946894571185,1.0455700159072876
17043,9,456,0.0235731694847345,0.7147409915924072
16462,9,479,0.0358496457338333,1.0627299547195437
16947,261,13094,0.0020832454320043,1.2891700267791748
15858,27,1390,0.2472099810838699,1.0463099479675293
15588,129,6489,0.8354734778404236,1.0852140338776193
15927,59,2951,0.2336135953664779,0.9205089807510376
15489,76,3810,0.731156051158905,0.8491330146789551
16835,7,372,0.0928131267428398,1.074049949645996
16970,100,5026,0.0104201426729559,1.0851713296435951e-08
16964,57,2889,0.4297915995121002,0.5771300196647644
16964,486,24330,0.017656086012721,1.3010283085363312
16553,118,5927,0.0509601384401321,0.5402089953422546
16734,163,8164,0.0798223167657852,0.5238199830055237
16118,60,3009,0.3302204012870788,0.8919919729232788
15479,80,4042,0.317632645368576,0.6317899823188782
15479,134,6733,0.0364887341856956,3.5368992257475185
15479,134,6750,0.2633515894412994,1.01433002948761
15920,81,4093,0.0559921711683273,1.0360599756240845
15590,227,11383,0.173795998096466,0.8225709795951843
15463,38,1903,0.0312205832451581,1.1476849548335222
15790,89,4474,0.2115875780582428,0.9782559871673584
15497,167,8358,0.1858777850866317,1.130620002746582
15497,257,12864,0.0616398230195045,0.566785991191864
16802,423,21151,0.0401863567531108,1.0439200401306152
16508,40,2021,0.0255060195922851,0.9507863198676603
17047,14,704,0.7592718005180359,0.9532110095024108
16744,22,1113,0.003189692273736,0.6432062332266284
16744,22,1127,0.0009151415433734,0.5545269846916199
16994,276,13838,0.0095159169286489,3.9330983860423885
15448,145,7264,0.8168537020683289,0.8437970280647278
15634,82,4148,0.0020806696265935,0.5120139718055725
17055,408,20421,0.034719705581665,0.5214549899101257
17036,258,12948,0.0164007097482681,1.1397556598191727
17036,278,13923,0.0190114546567201,1.0586299896240234
16499,98,4934,0.0126429544761776,0.9884167718144923
16141,13,683,0.0037277780938893,1.100469946861267
16141,19,989,0.0165146104991436,0.7976120114326477
16141,205,10290,0.1125658527016639,0.9363290071487428
17036,53,2674,0.0880687609314918,0.4814200103282928
17036,117,5870,0.0648486316204071,1.135259985923767
16818,31,1582,0.9743631482124328,0.5519769787788391
16787,26,1315,0.4462644457817077,1.0962200164794922
16787,58,2922,0.0049317171797156,1.0368000268936155
16666,179,8984,0.1152559742331504,1.3123500347137451
15801,258,12935,0.2001150101423263,1.0229500532150269
15801,394,19722,0.0053981035016477,1.6962710601316644
15801,488,24449,0.0364522226154804,1.0063600540161133
15785,246,12324,0.1634639352560043,0.9509230256080629
15917,284,14223,0.1513160020112991,0.5471670031547546
17056,132,6627,0.047001801431179,0.7555530071258545
17056,366,18313,0.0096043618395924,1.069113230686277
16921,68,3406,0.0067958510480821,1.0389000177383425
16921,68,3429,0.0029349699616432,1.153492470525066
17004,116,5845,0.0108533566817641,0.9945120215415956
16805,18,913,0.0034902456682175,1.4226354330520508
16805,43,2153,0.3775646090507507,0.02123806809853463
16805,96,4816,0.0015273090684786,1.0229599475860596
15701,423,21193,0.0064047132618725,1.1218723674330706
16850,153,7656,0.049071155488491,0.8625550270080566
16949,107,5370,0.568113386631012,0.9811099767684937
16949,159,7991,0.0487787947058677,0.2723419964313507
16949,201,10087,0.1643872410058975,0.9934769868850708
16835,130,6547,0.0123076243326067,0.7930300235748291
16583,2,110,0.0024023260921239,1.815009951591492
15774,257,12856,0.0039528156630694,1.1274546108387893
15489,48,2447,0.096812792122364,1.0349199771881104
15489,196,9839,0.097345195710659,0.5208629965782166
15489,206,10310,0.0534319728612899,0.7535970211029053
15762,2,131,0.9256736040115356,0.6670612650325296
16776,138,6912,0.0282838568091392,1.0551799535751345
17047,35,1792,0.8129264712333679,0.9281499981880188
15282,12,605,0.4805595576763153,0.4565269947052002
15589,201,10068,0.0232971757650375,0.7444806271547151
15589,201,10088,0.0053083011880517,0.6947720050811768
15589,334,16731,0.1471769213676452,1.01118004322052
16750,34,1743,0.4513828456401825,1.0021599531173706
16750,66,3314,0.0185112096369266,0.7950999736785889
16750,66,3333,0.0400736443698406,1.0895099639892578
16750,126,6310,0.0606671720743179,0.8014812085173162
17055,119,5957,0.0076617654412984,1.4785200357437134
17055,313,15683,0.0321738570928573,1.0840200185775757
16926,45,2258,0.0271286964416503,0.4162519872188568
15486,61,3052,0.0540476515889167,0.9170029759407043
15486,281,14054,0.0013179560191929,1.1134099960327148
15805,11,596,0.2682034075260162,0.9619100093841552
15805,30,1513,0.0092470245435833,1.0602500438690186
16889,30,1541,0.3649522960186004,0.9953290224075316
16889,226,11348,0.0473485440015792,0.9456909894943236
17029,258,12940,0.0214025136083364,1.048840045928955
17029,258,12941,0.0009684509714134,1.100809503310991
15469,97,4886,0.9194668531417848,0.5459159820504131
15676,133,6681,0.1008014231920242,0.5032866403172419
16676,79,3973,0.0099487164989113,0.9520050287246704
15920,4,215,0.0055240020155906,0.8955820202827454
15920,4,238,0.0150356227532029,0.8858129978179932
15920,26,1327,0.0139816012233495,0.2403032870450516
16874,43,2158,0.0179036576300859,1.3609497563188597
16793,49,2496,0.0169572532176971,0.6521829962730408
16929,1,76,0.0270529557019472,0.9787330031394958
16929,1,83,0.0696400851011276,0.9094190001487732
16565,19,974,0.0104343872517347,0.9976850152015686
16506,10,543,0.959324836730957,1.1003186493948718
15771,55,2785,0.023234337568283,1.0
16807,30,1546,0.2793131470680237,1.1891100406646729
16807,100,5029,0.9295576214790344,0.9613230228424072
15639,68,3418,0.0067382296547293,0.6093807094370902
15639,68,3419,0.2647603154182434,0.6225579977035522
16996,44,2224,0.0641734525561332,0.5276129841804504
16996,45,2265,0.0797455385327339,1.0193599462509155
16996,45,2295,0.0494023114442825,0.8624889850616455
15588,168,8436,0.0449240207672119,0.8164299726486206
16891,211,10575,0.0159477647393941,1.0270600318908691
15447,57,2868,0.0006530025275424,0.6391670107841492
16751,45,2266,0.0011781540233641,0.9682869911193848
16845,502,25104,0.0034445386845618,1.0625300407409668
16736,4,211,0.0296808294951915,1.5262999534606934
16736,45,2261,0.0047822818160057,0.967859983444214
17021,6,321,0.0167990960180759,1.032520055770874
17021,6,342,0.0801580995321273,0.8410670161247253
16948,15,783,0.3668513596057892,0.8556089997291565
16948,80,4034,0.2889585793018341,0.2744799852371216
16948,112,5608,0.1566672325134277,1.0
16878,190,9537,0.3533682823181152,1.0694843367467683
16891,216,10810,0.0086437808349728,1.0
15859,18,909,0.0656172335147857,0.4797700047492981
15859,205,10251,0.0965494811534881,1.0102699995040894
16877,75,3796,0.4594461321830749,1.0210000276565552
15652,7,390,0.774151086807251,1.0140199661254885
15704,31,1566,0.2150387018918991,1.309399962425232
16112,284,14227,0.1689872741699218,1.3306466151265044
16921,37,1896,0.0389639176428318,1.0022599697113037
16921,160,8043,0.0052433465607464,1.0317599773406982
15498,170,8536,0.0297492332756519,0.6989120244979858
16119,494,24721,0.060423981398344,0.6699540019035339
16119,512,25602,0.0017224173061549,0.6995540261268616
17044,30,1502,0.6690495610237122,7.723080158233643
15701,84,4219,0.5751534104347229,1.22052001953125
15701,334,16728,0.0095895007252693,0.3712260127067566
15701,362,18118,0.0275503471493721,1.3833400011062622
15701,362,18145,0.1060512885451316,1.0008000135421753
15870,76,3802,0.0220897924154996,1.0
16869,155,7779,0.173642948269844,1.052049994468689
15469,18,941,0.0599012933671474,0.0009077440084135064
15799,159,7985,0.0059657217934727,0.922241985797882
16693,184,9203,0.0009857983095571,0.5732079744338989
16731,191,9551,0.0502694956958293,1.004639983177185
16763,14,735,0.0378008335828781,0.4717459976673126
16759,235,11758,0.0084780054166913,0.9325129985809326
16473,80,4032,0.9904963970184326,1.0522799491882324
16473,92,4616,0.003544887760654,1.192020058631897
15713,62,3117,0.014278101734817,0.7279170155525208
15713,102,5106,0.0086621344089508,0.8356930017471313
15713,175,8785,0.0350751429796218,0.8246170282363892
15859,327,16354,0.0038812214042991,0.4346779882907867
16724,118,5926,0.0056225256994366,0.8520979881286621
16724,128,6401,0.1661718785762787,0.009678934964082266
16802,67,3378,0.034882016479969,0.6545929908752441
16499,89,4452,0.360789954662323,1.0368000268936155
16499,482,24143,0.1402405351400375,1.0775200128555298
15682,101,5066,0.3126018345355987,0.6620219945907593
16873,137,6863,0.079437181353569,0.9930099844932556
16873,137,6895,0.0015060846926644,1.1820292858113393
15877,48,2442,0.0036202678456902,0.6216694322516503
15877,131,6570,0.1079346686601638,1.0014899969100952
15640,87,4395,0.0019607318099588,0.44650599360466
15640,166,8326,0.0001867996470537,0.3402079939842224
16845,286,14324,0.0403502099215984,1.0
16845,367,18351,0.0050448710098862,1.075413135565036
15862,140,7031,0.0191627647727727,1.051929950714111
15862,317,15871,0.0418492816388607,0.960461974143982
15593,109,5457,0.0067696613259613,0.999085009098053
15593,224,11236,0.0947358161211013,0.85225955764448
15436,131,6556,0.0158021282404661,1.0121300220489502
15436,131,6567,0.011298045516014,0.5707020163536072
15436,191,9582,0.6556167006492615,1.154483931383524
15530,20,1038,0.7714817523956299,1.2945300340652466
15497,44,2242,0.1426555663347244,0.8446329832077026
15497,81,4059,0.0013395004207268,0.6057699918746948
15858,34,1734,0.038518950343132,1.1607389291797006
15464,281,14075,0.0096822520717978,1.0153599977493286
15917,304,15229,0.006888679228723,0.12002478586480111
16467,267,13375,0.019573813304305,1.0023800134658811
15875,303,15166,0.018047010526061,0.963034987449646
15875,303,15179,0.1904213577508926,1.0337899923324585
15450,222,11114,0.224319040775299,0.9671120047569276
17029,130,6550,0.0400123037397861,1.09552001953125
15433,147,7386,0.0073472554795444,0.6539620161056519
16815,31,1589,0.0135661121457815,1.0744600296020508
15528,241,12082,0.0005135794053785,1.0157099962234497
16853,107,5365,0.4806366860866546,1.0521600246429443
15877,227,11372,0.05219067633152,0.882839024066925
16467,79,3996,0.1956601440906524,0.6173642187563536
16467,107,5371,0.6478921175003052,1.0006999969482422
16553,69,3486,0.0004320190637372,1.019189953804016
16553,69,3499,0.296931117773056,1.1052900552749634
15589,206,10312,0.0063773193396627,1.0342799425125122
15589,363,18164,0.0035125648137181,1.479444013050184
15928,7,379,0.0037217014469206,1.0962599515914917
16526,25,1274,0.2945869863033294,1.045560002326965
16964,175,8784,0.0679099038243293,0.9973909854888916
16964,175,8789,0.0477586612105369,0.583624005317688
15762,261,13077,0.02813714556396,0.9556450247764589
15801,230,11537,0.1053995564579963,0.5179998283476266
16481,135,6773,0.0156795158982276,0.531961977481842
16467,49,2468,0.3126813769340515,1.023650050163269
16821,111,5597,0.0287795681506395,1.4024699926376345
16576,14,736,0.7597628831863403,2.0540307850232864
16576,42,2103,0.004990741610527,1.2689100503921509
16576,49,2466,0.9355809688568116,1.2017930797561573
15799,83,4173,0.0024084029719233,1.0649199485778809
15799,146,7346,0.0193485189229249,1.0195499658584597
15497,27,1386,0.4108153581619262,1.2487621213172133
17043,18,950,0.0139607889577746,0.9715420007705688
15873,315,15752,0.0039435015060007,0.7844834917574985
16946,183,9161,0.0136623475700616,1.0857800245285034
16946,183,9169,0.0473719276487827,1.3724700212478638
16694,253,12653,0.0335968136787414,0.842615008354187
15463,267,13357,0.0154444994404912,1.1210496501759055
15463,365,18263,0.3728903234004974,0.6049614347816714
15501,192,9635,0.0226291716098785,0.9246439933776855
16585,101,5087,0.0146341687068343,0.8405799865722656
16199,302,15101,0.0176640469580888,1.0632100105285645
16199,302,15119,0.0145587250590324,1.1486300230026243
16469,52,2632,0.0020440872758626,0.9132180213928224
15927,186,9313,0.0333814769983291,0.3701249957084656
15927,186,9333,0.0226037297397851,0.7348799705505371
16141,203,10175,0.0157647859305143,0.9770060181617736
15469,279,13974,0.0017639541765674,1.073349952697754
16486,155,7797,0.0794693380594253,1.0047600269317627
16965,323,16167,0.1694763451814651,0.9295669794082642
15634,134,6741,0.0061690676957368,1.067039966583252
15516,55,2766,0.0035821113269776,1.027899980545044
16916,87,4383,0.0169489551335573,1.0316599607467651
16916,100,5031,0.0004732641100417,1.1126199960708618
16794,37,1876,0.0522310212254524,0.5446469783782959
16802,371,18585,0.3919963836669922,0.8342092709949611
15909,65,3256,0.0031287944875657,0.7163067045048876
15463,21,1078,0.1186753809452056,0.9066460132598876
16172,82,4122,0.0367415100336074,0.6843109726905823
15924,54,2740,0.0501820929348468,0.5961639881134033
15478,66,3342,0.0160766951739788,1.3600483765040678
15590,8,429,0.0315981656312942,0.4514189958572387
16770,159,7961,0.0033886218443512,1.0162299871444702
16770,159,7974,0.5821510553359985,0.6268609762191772
17055,350,17508,0.1498350650072097,0.6836609840393066
17055,452,22620,0.0144122969359159,1.3727500438690186
17055,46,2325,0.7768903970718384,1.0706599950790403
16562,37,1870,0.3047740757465362,0.862034022808075
15676,210,10543,0.0193562507629394,1.1466799974441528
16839,84,4230,0.0042863576672971,0.5946979483662673
16963,3,159,0.1808461397886276,0.674576997756958
16956,5,277,0.044133510440588,1.0289138739390395
16209,342,17113,0.0032829018309712,1.0707099437713623
15479,149,7464,0.0014330284902825,1.1988588612420872
15479,320,16027,0.0146601200103759,1.0788568667544354
15593,148,7416,0.0135579658672213,1.3319400548934937
15593,148,7448,0.0337924249470233,0.8552150130271912
15877,251,12562,0.0191338825970888,0.7876070141792297
15930,2,130,0.0377427153289318,0.9091920256614684
16864,19,996,0.0449267141520977,0.9494799971580504
16851,283,14182,0.6657967567443848,0.9594539999961852
15479,28,1450,0.4665615558624267,0.8737969994544983
16690,58,2940,0.1194946691393852,1.2705399990081787
16759,192,9624,0.0427989214658737,0.989529013633728
16919,97,4861,0.0064046159386634,0.5594980120658875
15433,2,141,0.0591638945043087,1.1222311186010003
15799,121,6075,0.0249368622899055,1.0325100421905518
15799,253,12665,0.0458592735230922,0.493277106988412
17029,170,8520,0.0893276929855346,0.8388010263442993
17029,170,8534,0.0321921408176422,1.0039499998092651
15486,342,17130,0.0341702923178672,0.4650920033454895
16588,76,3846,0.0446511432528495,0.5353400111198425
16952,99,4970,0.0870816633105278,0.4912599921226501
16776,110,5508,0.0720917209982872,0.9125789999961852
16776,154,7708,0.0051593193784356,0.5721319913864136
16919,514,25724,0.0244779922068119,1.0013600587844849
15676,99,4953,0.0470696873962879,0.3832640051841736
15676,100,5001,0.0264546070247888,0.6972759962081909
16118,66,3324,0.0012516743736341,0.8387640118598938
16118,201,10053,0.3648368120193481,0.9868220090866088
16119,226,11308,0.0014122037682682,1.0096499919891355
16119,266,13318,0.0011773904552683,1.5385566358034453
16858,19,997,0.0037533002905547,0.85589998960495
15517,36,1835,0.0068540466018021,1.1340500116348269
16141,84,4248,0.0877579674124717,0.7739620208740234
16141,195,9786,0.2420971691608429,0.4639239907264709
16141,195,9795,0.0303885526955127,1.1706899404525757
15282,71,3567,0.980143129825592,1.090090036392212
15528,168,8428,0.0009023786406032,0.5882989764213562
15528,220,11049,0.0062861125916242,1.0523300170898438
16783,21,1062,0.0068089179694652,0.519133985042572
16834,95,4760,0.1891408413648605,0.8980209827423096
16586,100,5049,0.0243969373404979,1.7368600368499756
16586,114,5736,0.0032515146303921,1.7362799644470217
15862,264,13202,0.0561256520450115,1.044909954071045
15862,279,13972,0.1798830479383468,1.0409499406814575
15489,6,329,0.4606863856315613,1.1606888862859674
15489,6,331,0.4946651756763458,0.9571359753608704
15489,203,10188,0.635353684425354,1.0149099826812744
15676,93,4694,0.0095962192863225,0.8738589882850647
16735,10,508,0.1183702498674392,1.021209955215454
16735,71,3555,0.4041018486022949,1.0262099504470823
16735,91,4597,0.1035180240869522,0.855118989944458
16963,65,3290,0.1046834886074066,1.1841655248622374
16963,129,6455,0.0731525495648384,1.2884900569915771
16520,14,717,0.1227583736181259,1.4850499629974363
16196,172,8603,0.024807184934616,0.9586740136146544
16944,218,10907,0.0154499169439077,1.3705600500106812
16821,118,5915,0.0033507356420159,0.8549249768257141
16821,118,5935,0.3418111801147461,0.8570190072059631
16169,61,3055,0.0885226055979728,1.050379991531372
15877,149,7473,0.1770459711551666,0.9843850135803224
15877,170,8533,0.1542719155550003,0.4346779882907867
16483,20,1035,0.0040724384598433,1.0544899702072144
16821,185,9287,0.0120809469372034,0.976462019510052
16821,239,11996,0.267446756362915,0.7576479911804199
16821,306,15316,0.6540507674217224,0.9627689719200134
16821,306,15340,0.0042665302753448,1.3282300233840942
15484,72,3607,0.0030859534163028,0.5464810132980347
15510,18,909,0.9261309504508972,0.9084360003471376
15510,31,1572,0.0035694900434464,1.1292999982833862
15801,211,10557,0.036731980741024,1.0320600271224976
15801,405,20297,0.0829852521419525,1.0617400407791138
15478,251,12553,0.0161740221083164,0.5911179780960083
15478,279,14000,0.0184522606432437,1.230829257030251
16778,130,6548,0.129313588142395,1.083549976348877
15421,234,11748,0.018011512234807,0.4991799890995025
15676,67,3375,0.043159332126379,1.0273499488830566
15676,67,3376,0.006998133379966,0.9830080270767212
16468,92,4611,0.0049286154098808,0.3473710119724273
16935,491,24594,0.0173250082880258,1.158270001411438
15862,200,10018,0.2003415524959564,0.8979210257530212
16946,84,4212,0.0033620654139667,0.4792880117893219
16946,229,11452,0.1277248859405517,0.9100679755210876
16664,50,2505,0.0457106754183769,1.0431599617004397
15282,62,3146,0.9589611887931824,0.5927760004997253
15909,169,8493,0.0017473191255703,0.9628919959068298
15902,102,5101,0.0185928009450435,0.9675570130348206
16834,28,1423,0.0804883018136024,0.9563770294189452
15432,11,566,0.008904593065381,1.0490000247955322
15432,30,1523,0.0045871785841882,1.0651299953460691
17033,42,2110,0.0068470779806375,1.071269989013672
15450,97,4866,0.0129512194544076,1.044659972190857
15450,97,4890,0.8616260886192322,1.0518900156021118
15589,399,19956,0.0620338320732116,1.1313400268554688
16925,135,6785,0.0014782800571992,0.9669889807701112
16818,98,4920,0.0057864100672304,0.9115710258483888
15915,475,23779,0.0404589474201202,0.9983140230178832
15851,51,2554,0.0142304170876741,0.8597739934921265
15851,76,3803,0.002572086174041,0.8779129981994629
15851,76,3811,0.0060672159306705,0.6565930247306824
15851,123,6158,0.0026554137002676,1.296736311788493
16975,144,7212,0.0304415225982666,1.3550100326538086
16975,144,7230,0.0067039863206446,1.0531100034713743
17005,82,4102,0.0073835859075188,1.1640895596651004
15677,375,18761,0.0018468631897121,1.0454299449920654
15500,146,7346,0.0150816850364208,0.8723220229148865
15652,13,696,0.0053846980445086,0.8145040273666382
15469,180,9001,0.0021788098383694,1.032189965248108
16966,41,2100,0.1763719916343689,0.9210569858551024
16594,10,531,0.0036661161575466,0.8911409974098206
16836,53,2654,0.0494196191430091,1.2203901169129525
15528,164,8214,0.0208236835896968,0.8773390054702759
15528,164,8246,0.098660908639431,1.0068399906158447
15528,364,18243,0.9725978970527648,0.8629019856452942
15915,163,8173,0.4722963273525238,0.6335980296134949
15915,435,21755,0.0351612567901611,0.8875446226979663
17046,64,3211,0.0510018095374107,0.8634600043296814
16843,229,11456,0.1190760433673858,1.0500500202178955
16555,98,4909,0.0061652539297938,1.6562952958674657
16843,270,13525,0.0093318205326795,0.5270320177078247
15484,164,8205,0.0042289681732654,1.0
16798,155,7785,0.0048305466771125,0.014316344664352349
16798,156,7827,0.1206698939204216,1.006019949913025
15862,312,15635,0.0771248787641525,1.0269999504089355
15436,142,7139,0.0147944679483771,1.0254700183868408
15762,76,3830,0.0026162199210375,1.667449951171875
15762,124,6225,0.0263846181333065,1.0824099779129028
15917,274,13715,0.009239561855793,0.5943959951400757
15590,166,8322,0.1433165967464447,1.048799991607666
16515,28,1432,0.0129192750900983,0.6465510248553699
16515,28,1447,0.0740870088338851,1.1250200271606443
16962,96,4832,0.0022961392533034,0.887237012386322
16529,32,1650,0.0545384399592876,1.0510200262069702
16858,110,5545,0.0153329903259873,0.6208150474332754
16858,255,12758,0.005744638852775,1.0286999940872192
15484,136,6829,0.0477988794445991,1.25177001953125
15530,17,866,0.0995434522628784,1.1036399602890017
16158,474,23715,0.0046703773550689,1.3711400032043457
15264,15,757,0.1133687570691108,0.945605993270874
15264,15,783,0.5047399997711182,1.0498100519180298
15497,32,1615,0.0039188456721603,1.170799970626831
15799,187,9351,0.034380629658699,1.346844342936535
15799,271,13573,0.1222272962331771,1.0274300575256348
17011,8,429,0.3023076355457306,1.4749369912994643e-09
17011,330,16545,0.0011674116831272,1.2186199426651
17011,342,17145,0.001083453069441,0.8113449811935425
16119,79,3994,0.0010598035296425,1.0311785060572447
15492,77,3893,0.770425021648407,1.682978081041318e-05
15916,159,7975,0.0598262026906013,0.6138820052146912
15528,355,17752,0.1781299412250518,1.1408699750900269
16469,45,2281,0.6335950493812561,1.000640034675598
16119,178,8910,0.0133575471118092,1.446239948272705
16119,178,8936,0.0036549775395542,1.0046199560165403
16119,178,8938,0.1741144210100174,0.9932429790496826
15902,59,2990,0.0008530932245776,0.7640619874000549
15902,59,2993,0.4398521184921264,1.095770001411438
16778,98,4918,0.3166461288928985,0.8407520055770874
16949,170,8532,0.1500120460987091,0.9831969738006592
16949,170,8544,0.1269301772117614,0.29802981194338685
16919,518,25926,0.0423030965030193,0.4236020147800445
15862,340,17014,0.0269880667328834,0.6160320043563843
15862,340,17021,0.0838258862495422,1.047760009765625
15857,24,1229,0.6465552449226379,0.8689334608406512
16499,357,17890,0.0040551526471972,0.4524300085682285
15478,97,4860,0.0780960321426391,1.0013699531555176
15478,183,9159,0.8115948438644409,1.6504199504852295
16834,1,93,0.5345376133918762,0.8779129981994629
16834,180,9048,0.4129768908023834,0.9352790117263794
15774,156,7844,0.005863700993359,1.0434499979019165
15900,29,1489,0.0032728454098105,1.1551288426439754
15900,114,5718,0.0450526885688304,0.4958460032939911
15504,218,10907,0.0240845493972301,0.8339278221879702
16526,58,2919,0.0262462254613637,0.8839153319975708
16817,80,4032,0.004433908034116,1.128190040588379
16583,73,3678,0.0057355035096406,1.084939956665039
16583,123,6169,0.0037194022443145,1.1652683503404404
16583,123,6177,0.0142059354111552,0.5294740200042725
16735,27,1380,0.0350739061832428,0.9710819721221924
16519,89,4462,0.0411668345332145,0.4478229880332947
15943,74,3712,0.0231140032410621,0.875527024269104
16158,172,8617,0.0004188377643004,0.9217900037765504
16158,218,10933,0.062443122267723,1.060629963874817
15900,141,7053,0.3466335535049438,0.949524998664856
15436,364,18201,0.0065905298106372,1.1358699798583984
15901,277,13858,0.0793001428246498,0.789671003818512
16802,182,9124,0.035570953041315,1.0
16802,418,20905,0.0388683155179023,0.7555379867553711
16384,8,410,0.0007868272368796,1.7096400260925293
15447,5,257,0.0285272784531116,0.9036840200424194
16835,98,4914,0.0213375929743051,0.5751320123672485
16835,98,4929,0.0272679012268781,1.038830041885376
16835,162,8132,0.013734676875174,1.0
15917,42,2110,0.0187043435871601,0.5509070158004761
15917,425,21275,0.0097267441451549,0.8813390135765076
15917,425,21286,0.0193216167390346,0.9972509741783142
15917,512,25647,0.230627492070198,0.7416449785232544
16119,26,1322,0.008588814176619,0.9988160133361816
16517,88,4448,0.0224195402115583,0.5495679974555969
15436,74,3741,0.038831565529108,1.1754543426178687
16873,66,3334,0.001326257828623,0.9142339825630188
16873,67,3399,0.1352799087762832,0.5100899934768677
16836,225,11279,0.1650561839342117,0.3997510075569153
16772,59,2994,0.0738646388053894,1.0835100412368774
16772,60,3008,0.0049318759702146,0.6113119721412659
15930,337,16875,0.0677076652646064,0.8485111397899843
15930,391,19580,0.0052786162123084,0.6280350089073181
16841,110,5529,0.0237234123051166,0.5787839889526367
16886,28,1414,0.0679993107914924,0.9292590022087096
15900,65,3265,0.0066240467131137,0.5209050178527832
15436,315,15800,0.5919721126556396,1.4418799877166748
15677,52,2606,0.0017971196211874,0.698320380241018
15915,393,19697,0.0032292706891894,1.0466599464416504
15780,13,662,0.0986613780260086,0.5555509924888611
16119,136,6828,0.0174087677150964,0.6940910220146179
16119,308,15428,0.1931752264499664,1.2425705072984101
16993,88,4416,0.0004853827122133,0.8845739960670471
16743,132,6633,0.136580541729927,1.0572999715805054
16851,66,3305,0.0117914360016584,0.6635400056838989
16851,66,3327,0.02391910366714,1.2253552503988203
16843,92,4650,0.0565887205302715,0.8223009705543518
16843,297,14876,0.0223345290869474,0.0012603000953949441
16188,22,1131,0.0179168153554201,0.9771559834480286
16188,35,1779,0.0109905125573277,0.5070170164108276
16188,35,1800,0.0346862636506557,0.8870829939842224
16186,204,10212,0.0004814037238247,0.8572369813919067
15529,234,11705,0.0045992000959813,0.9780139923095704
16964,73,3673,0.0499119199812412,1.0147700309753418
16964,296,14844,0.3979133069515228,1.310173194005017
16978,355,17787,0.303415834903717,0.8950579762458801
16573,87,4353,0.0782147794961929,0.7975299954414368
16573,115,5759,0.0107664363458752,1.441474671061087
15940,172,8624,0.9256157875061036,1.3500299453735352
15940,242,12109,0.0038625029847025,1.017850041389465
15589,97,4889,0.1327883601188659,0.5389660000801086
16356,23,1192,0.2084774076938629,1.402683504363587
16509,50,2506,0.0046625440008938,0.2785849869251251
15456,71,3554,0.8598044514656067,1.0494699478149414
15915,455,22757,0.0843637809157371,0.9714609980583192
16851,328,16418,0.0654034912586212,1.0366499423980713
17036,336,16837,0.0964126959443092,1.0061399936676023
16852,55,2760,0.0095346318557858,1.0270999670028689
16109,84,4250,0.87355637550354,0.5764089822769165
16109,86,4313,0.9926362037658693,0.934656023979187
16188,98,4907,0.2834022939205169,0.5429720282554626
16869,115,5756,0.0479178726673126,0.5479660034179688
16761,233,11663,0.0194021910429,1.0413000583648682
15774,81,4069,0.1527207791805267,0.9250919818878174
15774,141,7092,0.0032849058043211,1.0758099555969238
15774,445,22268,0.0019620908424258,1.2317099571228027
15774,471,23576,0.0259513910859823,0.9809600114822388
16948,145,7278,0.0003797628742177,1.2719000577926636
16948,280,14019,0.3050637245178222,0.9618020057678224
16979,67,3393,0.0125420438125729,0.8778799772262573
16979,68,3434,0.0095293913036584,1.3110400438308716
15471,25,1262,0.0066756755113601,0.5370039939880371
15471,39,1974,0.02350839599967,1.2592106719736762
15471,51,2555,0.7346912622451782,1.0443700551986694
16581,60,3021,0.0014584430027753,1.1640860850825445
16581,60,3045,0.0060699861496686,0.569129364194687
16581,84,4231,0.00786326918751,0.6808850169181824
16581,90,4538,0.0282030515372753,0.6135420203208923
16581,90,4547,0.0143881160765886,0.5813620090484619
16150,85,4255,0.0649569109082222,0.8243910074234009
16150,233,11696,0.0088850129395723,1.1469951332007327
15774,151,7583,0.0302878525108099,0.8899000287055969
15902,181,9055,0.0330898538231849,1.0472500324249268
15497,107,5399,0.0030258996412158,0.963440075679614
16802,143,7153,0.0085528464987874,0.9761000275611876
15877,2,119,0.010945800691843,1.0346499681472778
16199,49,2487,0.0230553820729255,1.2088299989700315
16199,216,10805,0.0298141818493604,0.9948959946632384
17023,113,5688,0.0091845942661166,1.102910041809082
15593,146,7312,0.0056892237626016,0.9552149772644044
15282,45,2256,0.06134719774127,1.0578099489212036
16845,456,22848,0.4551868736743927,1.2996476982375216
16923,28,1439,0.0439214222133159,0.9550039768218994
16993,170,8529,0.028490100055933,0.9794960021972656
16138,15,774,0.0209610890597105,1.1116299629211426
16573,65,3275,0.0276673063635826,0.6652740071698702
16573,100,5036,0.0295496676117181,0.5214859843254089
16852,153,7655,0.8734429478645325,1.1096199750900269
16852,154,7743,0.0221344828605651,1.0311199426651
16852,195,9798,0.0042987675406038,1.0499099493026731
15915,191,9556,0.2998054325580597,0.9605339765548706
15915,191,9600,0.8643372058868408,1.3602299690246582
15484,204,10207,0.0015285457484424,1.035249948501587
15484,334,16747,0.0097591867670416,0.8150129914283752
16489,187,9396,0.0122043145820498,0.9893919825553894
15701,0,43,0.032352227717638,1.0469199419021606
15701,89,4498,0.1707846075296402,1.0303000211715698
15701,338,16910,0.006083502434194,0.943211019039154
16962,230,11527,0.0285364296287298,0.4803868068577124
16962,230,11536,0.3331710696220398,0.8125799894332886
16519,34,1720,0.0020370462443679,0.9619569778442384
15450,243,12200,0.155720829963684,0.8517259955406189
15639,91,4595,0.0071049942634999,1.0871700048446655
15902,435,21758,0.5397654175758362,1.0743299722671509
16172,303,15151,0.40752112865448,1.0878299474716189
16172,303,15173,0.1080970987677574,1.3691400289535522
16583,218,10928,0.8635336756706238,0.7615270018577576
15677,11,552,0.0124205332249403,0.8888729810714722
15463,43,2165,0.0037589513231068,0.5028340220451355
15463,122,6112,0.1055315062403678,1.0562200546264648
16751,41,2061,0.0990346223115921,0.8469420075416565
16742,55,2770,0.0067980820313096,1.0398900508880615
15457,94,4741,0.0449420511722564,0.5707253663058544
15930,162,8119,0.1571478396654129,1.1034499406814575
15930,369,18460,0.2743002772331238,0.9078959822654724
16759,223,11155,0.0640773549675941,0.6496610045433044
17056,364,18216,0.0088711585849523,0.9604669809341432
17044,64,3246,0.0091683873906731,1.014780044555664
17044,115,5775,0.1824003010988235,0.746321976184845
15489,181,9062,0.0358714237809181,0.9373689889907836
15920,64,3214,0.1817812770605087,0.438154011964798
15801,213,10683,0.0063910000026226,0.7518237954533333
15801,213,10699,0.0821750983595848,1.0425599813461304
15801,220,11048,0.8850551247596741,0.7609249949455261
16426,23,1188,0.0056937620975077,1.080299973487854
17021,0,16,0.0020334587898105,1.299209908105695
17021,3,193,0.0716930404305458,1.030120015144348
16513,88,4403,0.0127699794247746,1.3241599798202517
15433,163,8151,0.008665295317769,0.9654840230941772
15917,224,11249,0.0188003350049257,1.0015499591827393
16726,157,7869,0.0367214158177375,1.1765400171279907
16726,161,8068,0.0406478829681873,0.8759679794311523
16726,161,8100,0.0489309094846248,0.5637019872665405
16850,55,2799,0.0009516417048871,0.8654429912567139
16850,179,9000,0.9266447424888612,1.0407700538635254
16172,30,1507,0.1121886000037193,0.802939875961826
16935,340,17021,0.0026493638288229,1.0205199718475342
16466,2,125,0.1303634643554687,0.4678849875926971
15500,11,554,0.033939205110073,1.3277599811553955
15500,268,13443,0.0005891228793188,0.6944720149040222
15917,151,7575,0.004442126955837,0.9850289821624756
15909,7,364,0.0853241831064224,1.0456000566482544
16355,101,5054,0.0851087123155593,0.9966620206832886
15517,134,6709,0.0205668471753597,0.9021289944648744
15517,134,6724,0.8656654357910156,0.5584750175476074
16826,142,7105,0.0662421807646751,0.9665589928627014
16826,320,16044,0.0034855999983847,1.001729965209961
17023,214,10747,0.4193227589130401,0.628898024559021
15634,31,1591,0.0109138423576951,0.6814500093460083
15634,224,11210,0.3716751039028168,1.0177600383758545
15870,107,5400,0.0179907511919736,0.7842433690298023
16805,115,5788,0.011153545230627,1.1301685322630417
16805,115,5798,0.0131887579336762,0.7950592386921755
16805,115,5800,0.049790184944868,0.883778989315033
16789,2,140,0.3681497573852539,1.020740032196045
15432,282,14114,0.0506533943116664,0.5744349956512451
15927,83,4157,0.0014228954678401,1.0474599599838257
16821,206,10349,0.0226085167378187,1.3466999530792236
16099,11,579,0.021898977458477,1.0873600244522097
17029,109,5477,0.060222465544939,0.5364429950714111
16759,80,4044,0.0021468410268425,0.9780009984970092
16817,167,8365,0.0117297498509287,1.1047799587249756
16817,167,8385,0.0243293065577745,0.5473920106887817
16759,12,607,0.6140455007553101,0.9541668095745095
15719,3,163,0.0451118797063827,0.9155030250549316
16944,114,5731,0.0011411475716158,1.246556342366489
16835,4,221,0.0230770576745271,0.0060345457552377565
16835,204,10215,0.186915323138237,1.3160500526428225
16724,43,2167,0.0473070703446865,0.9705610275268556
16864,53,2694,0.0016182970721274,0.9504070281982422
15528,380,19032,0.0010334738763049,0.5404959917068481
16746,20,1047,0.035549595952034,0.4993509948253631
16746,54,2720,0.0619587488472461,1.2127983129278161
16770,137,6884,0.0013861937914043,1.0198299884796145
15457,211,10593,0.9293937683105468,1.2014129331317704
16952,47,2378,0.0840047746896743,1.0815099477767944
16920,51,2552,0.0034061393234878,1.028499960899353
16920,54,2723,0.0364407375454902,0.7528615926629955
16907,41,2059,0.7271035313606262,0.9519737417751342
16797,119,5984,0.0322997421026229,1.0454699993133545
16536,54,2714,0.9484832882881165,1.4545799493789673
16888,63,3168,0.0030516132246702,0.7831060645283259
16888,398,19903,0.0042602121829986,0.62984299659729
16462,84,4237,0.3124570548534393,0.8625919818878174
16462,86,4305,0.0106880143284797,0.956336896184979
15436,52,2609,0.005473599769175,0.9952589869499208
17055,161,8054,0.0012471297523006,0.97952401638031
17055,389,19483,0.0141208721324801,0.9644150137901306
16845,41,2064,0.0228083059191703,0.9496219754219056
16845,41,2086,0.0015266584232449,1.0771800532613727
15589,135,6800,0.9785888195037842,1.0579500198364258
16949,114,5709,0.0173659622669219,0.9279850125312804
16785,46,2325,0.0024769469164311,0.5551440119743347
16471,33,1667,0.0775948762893676,1.1962000131607056
16506,264,13207,0.2979778945446014,1.3337572820437484
17011,141,7083,0.091446466743946,1.0308454933901885
16499,336,16821,0.7909576892852783,0.38087516342320876
16741,438,21922,0.5418379306793213,0.949953019618988
15916,525,26272,0.9700897932052612,1.0438499450683594
16817,16,819,0.0038302452303469,0.7487868808330234
16817,66,3339,0.0084436181932687,1.0737491121856382
15799,133,6658,0.0572258681058883,1.0880399942398071
15799,133,6681,0.0355077013373374,0.7995870113372803
15946,466,23330,0.0103409448638558,1.0678600072860718
15640,167,8382,0.1232027783989906,0.854636013507843
16973,46,2319,0.0368125811219215,0.7299690748335905
16697,84,4219,0.0014560575364157,1.0391499996185305
16468,71,3575,0.0043686763383448,0.9990490078926086
16499,181,9065,0.0007354287663474,1.373420000076294
16499,181,9096,0.2543640732765198,0.902854025363922
16109,27,1398,0.0563555471599102,0.9659370183944702
16109,72,3625,0.4513125717639923,0.4838150143623352
15432,46,2320,0.0033137942664325,1.016129970550537
16962,279,13975,0.0960691645741462,0.931047022342682
16499,251,12551,0.613275408744812,0.6694049490232885
15484,166,8332,0.0046526161022484,6.831658993468037e-10
15484,229,11494,0.1332795172929763,0.9487919807434082
16119,503,25156,0.4168553054332733,0.027890954371897893
16119,522,26106,0.0056497789919376,0.9184749722480774
16172,79,3967,0.0102634811773896,0.4027270078659057
16551,345,17269,0.7562087178230286,0.2779564202103231
16551,345,17270,0.0217704754322767,0.3026149868965149
16551,352,17606,0.6824910640716553,1.136625305326291
16964,125,6265,0.0091694360598921,1.0897300243377686
15901,148,7403,0.4699084460735321,1.2651100158691406
15877,85,4257,0.3128760755062103,0.4219889938831329
15877,99,4997,0.1200721338391304,0.8267260193824768
15799,177,8856,0.3451735079288482,1.0091300010681152
15799,177,8888,0.0050833658315241,0.8391926147386357
15774,399,19977,0.0158372279256582,0.8695586349469763
15593,59,2973,0.0009960974566638,1.0583800077438354
15593,86,4312,0.4618169665336609,0.6067879796028137
15676,66,3301,0.0299576427787542,0.7697370052337646
16499,412,20622,0.0247083734720945,0.5490840077400208
16802,61,3065,0.1135419085621833,0.7309960126876831
16802,276,13843,0.1422493755817413,0.9301620125770568
16818,73,3689,0.0175228677690029,0.9846450090408324
16960,63,3185,0.090710662305355,1.1265499591827393
15590,239,11989,0.0011131183709949,1.0606800317764282
16159,133,6682,0.0069488743320107,1.3103290590259462
15433,36,1810,0.1400533467531204,0.9965630173683168
15433,86,4309,0.0050924587994813,1.505579948425293
15469,217,10858,0.0130777806043624,0.5978959798812866
15469,290,14544,0.0079469364136457,1.2051956998516289
16880,4,241,0.068991407752037,1.0219199657440186
16880,4,242,0.0104307392612099,0.5292249917984009
16880,22,1128,0.0830062329769134,1.0461599826812744
16880,32,1604,0.0376757159829139,0.5120850205421448
16188,12,603,0.0079226614907383,0.5941140055656433
16188,212,10623,0.1299631148576736,1.0152100324630735
15489,62,3136,0.9876874089241028,1.0230300426483154
15489,81,4055,0.0020117384847253,0.9762499928474426
15489,175,8777,0.0087395785376429,2.332963163809182
15254,26,1343,0.0340984240174293,0.4462060034275055
16802,242,12137,0.0168927889317274,0.9494490027427672
16753,109,5462,0.6723323464393616,1.140429973602295
15517,41,2081,0.0551914647221565,1.0734200477600098
15873,319,15980,0.0036640963517129,0.9217900037765504
16842,115,5765,0.0746981129050254,1.1076300144195557
15456,175,8762,0.3267772495746612,0.994920015335083
15456,244,12224,0.0029355478473007,1.0936700105667114
15456,244,12231,0.0227760393172502,0.9027730226516724
15495,41,2093,0.0071308347396552,1.0294500589370728
15495,47,2391,0.4900502562522888,1.1322254085400376
16726,11,558,0.0881607085466384,0.99337899684906
16821,29,1496,0.0001078739296644,0.055738869259407346
16551,359,17991,0.0143931079655885,1.1859300136566162
16457,23,1176,0.0138277541846036,0.6113110184669495
16457,23,1199,0.0039319321513175,0.6125800013542175
16468,74,3724,0.0070846648886799,0.4975349903106689
16468,100,5006,0.0090566975995898,1.281290054321289
16978,522,26149,0.0005584037862718,0.8674370050430298
16464,62,3117,0.0140377124771475,0.5226889848709106
15634,79,3984,0.0104299960657954,3.51208331204532
15634,95,4785,0.0008173671085387,0.5607159733772278
15479,358,17935,0.0170025080442428,1.0304499864578247
15479,377,18881,0.3046065866947174,0.974822998046875
16694,88,4439,0.0013551466399803,0.8899742352182471
16942,246,12316,0.0118833286687731,5.621340747669393
17033,13,681,0.002646556822583,1.383620023727417
16525,101,5086,0.2287392616271972,1.2836999893188477
15640,16,840,0.0406440235674381,1.3290607860056411
15640,132,6638,0.0375928357243537,1.0409799814224243
15916,245,12262,0.001149782910943,1.0875099897384644
16852,203,10170,0.0567464791238307,0.5221620202064514
16199,133,6688,0.014568162150681,0.6310930252075195
15639,78,3929,0.0047242399305105,1.0913858690343048
16845,488,24439,0.0150885935872793,0.9865729808807372
16916,123,6192,0.0099736265838146,0.93299800157547
15482,12,641,0.1824918538331985,1.0170999765396118
15822,27,1353,0.0079009309411048,1.3440200090408323
15822,32,1619,0.1410964578390121,1.032289981842041
16469,40,2034,0.0016419610474258,0.4460409879684448
16469,40,2050,0.0891444832086563,1.0392262526900993
15640,105,5251,0.0235206820070743,0.9829400181770324
15640,105,5275,0.0309917610138654,1.0706000328063965
16741,88,4442,0.004171151202172,0.9602329730987548
16741,419,20955,0.0010411345865577,1.1027899980545044
16743,125,6265,0.0018044275930151,1.4142500162124634
16524,374,18740,0.0089309029281139,0.9726470112800598
16805,22,1131,0.3798600435256958,0.5206000208854675
16845,53,2672,0.0331029966473579,0.5610929727554321
16976,37,1881,0.0147440936416387,1.2101865208067015
16976,129,6475,0.2735295593738556,0.5265290141105652
16976,129,6478,0.0043619759380817,0.674347996711731
15701,132,6634,0.0050098113715648,0.6017563355188216
15701,132,6643,0.0190789774060249,0.9971359968185424
17004,251,12569,0.0768316015601158,1.046120047569275
17004,251,12574,0.1121936962008476,0.6200969815254211
17004,251,12584,0.0059423195198178,0.962306022644043
17004,251,12600,0.2721980214118957,0.5554059743881226
16518,41,2069,0.0340938158333301,1.013566569786235
16944,307,15356,0.0036008113529533,0.96111398935318
16874,305,15279,0.7163276672363281,0.512032330460002
16874,324,16237,0.0212619584053754,0.4994100034236908
15930,205,10256,0.016707319766283,1.0326900482177734
15930,205,10258,0.0059597236104309,1.1795200109481812
16573,31,1572,0.0165278520435094,0.5921090245246887
16724,4,221,0.0628540441393852,4.280372963845827e-05
16137,13,698,0.0182782243937253,0.7782639861106873
15514,62,3141,0.1849924772977829,1.0623899698257446
15882,223,11199,0.0537858121097087,0.7250319719314575
15882,224,11228,0.0344840325415134,0.5690680146217346
15593,89,4500,0.0122729623690247,1.100469946861267
15930,111,5553,0.0154247172176837,1.0
15930,131,6568,0.1282897591590881,1.0130800008773804
15554,83,4165,0.0035324555356055,1.5104600191116333
15554,83,4180,0.0358655154705047,1.005519986152649
16551,180,9034,0.7841801047325134,0.8860920071601868
15402,55,2799,0.0710370540618896,1.045549988746643
16877,26,1349,0.0312711931765079,0.8667150139808655
16877,37,1890,0.019238406792283,0.8412079811096191
16877,37,1900,0.0003730981552507,0.8779129981994629
16877,73,3690,0.0336854979395866,0.6340979933738708
16872,29,1460,0.0202843006700277,1.2093716737343243
16776,186,9316,0.0015381397679448,1.1852434981964848
15909,120,6031,0.0189945045858621,3.8188697609623157
16946,5,254,0.0773855596780777,1.0433900356292725
16741,71,3561,0.0137334493920207,0.4768840074539184
16741,144,7228,0.0219362638890743,0.9845119714736938
16741,144,7241,0.0396864265203475,1.213533400156848
16741,211,10573,0.0597466863691806,0.553138017654419
16741,242,12138,0.0187348332256078,0.9989380240440368
15801,490,24528,0.9554367065429688,0.967976987361908
16585,36,1850,0.0419420376420021,0.7711585423739677
16960,20,1015,0.0332301035523414,0.5284479856491089
16960,20,1039,0.0588404051959514,0.5465911736183527
15902,457,22892,0.0124091384932398,1.0157699584960938
16555,142,7144,0.0123433005064725,1.0244457032715604
15504,100,5038,0.0147952325642108,0.998898983001709
15639,34,1703,0.3194423019886017,0.9177849888801576
15639,34,1712,0.490825355052948,0.6165404263854342
15677,385,19262,0.0024869779590517,0.95865797996521
15677,386,19319,0.0016863170312717,0.9119970202445984
16889,25,1263,0.1003964617848396,1.2835533917863413
16889,113,5688,0.001594905857928,1.0128300189971924
16889,113,5696,0.1206417679786682,1.0044000148773191
16795,103,5164,0.0308907311409711,1.0415199995040894
15701,485,24268,0.6323103904724121,0.6878920197486877
15701,485,24284,0.1457404643297195,1.0614299774169922
16508,35,1782,0.018494177609682,1.169828868506023
15447,96,4835,0.0687496364116668,1.022510051727295
16551,215,10781,0.0433451235294342,0.5122979879379272
16199,142,7108,0.0121498070657253,1.019760012626648
16199,259,12986,0.0845007225871086,0.4095019996166229
16854,109,5497,0.8903116583824158,0.9370530247688292
16854,117,5889,0.0980248376727104,0.4983929991722107
16854,134,6715,0.0201617740094661,1.4179065645015212
16978,94,4748,0.0344800800085067,0.5703679919242859
15501,246,12340,0.0022962037473917,0.2996340095996856
16119,157,7851,0.0040229312144219,1.021880030632019
15482,16,820,0.9503579139709472,0.911611020565033
15482,87,4353,0.2184624373912811,1.0641900300979614
15482,109,5489,0.0014506749575957,0.5627689957618713
15450,80,4012,0.0066012223251163,1.1533564264158116
15801,23,1158,0.1168078333139419,1.0151524768237155
15801,23,1164,0.0113026434555649,1.0266300439834597
17048,57,2852,0.5284819006919861,0.6459554613406908
17056,88,4449,0.0317071601748466,1.1126500368118286
17056,307,15383,0.0317047387361526,0.930312991142273
16964,350,17514,0.0238209478557109,0.9712449908256532
15870,17,899,0.6170555353164673,1.2413300275802612
16685,112,5648,0.9001120924949646,0.9288560152053832
15511,153,7684,0.7870175838470459,0.855305016040802
15511,255,12770,0.144857257604599,1.3295199871063232
15677,13,693,0.0186521373689174,1.0691134676208591
15528,176,8828,0.2693256437778473,0.8839120268821716
15528,217,10864,0.003769046626985,0.5126550197601318
15528,410,20513,0.3579634726047516,1.0459200143814087
15528,410,20550,0.0006995334406383,2.6287200450897217
15701,103,5175,0.0039557660929858,1.163699984550476
15529,133,6684,0.4231434464454651,0.9527419805526732
15529,193,9682,0.0207454096525907,1.1557300090789795
16551,76,3810,0.0486293844878673,1.0054800510406494
15282,59,2952,0.1140173897147178,1.1214625498198174
16867,44,2233,0.0470385625958442,0.5639600157737732
15652,27,1396,0.0398321114480495,0.9927099943161012
17011,60,3036,0.0013721530558541,0.5671413945370603
16504,114,5749,0.0010418524034321,0.9235118418651922
15464,9,459,0.0021344714332371,0.4602699875831604
15479,91,4580,0.0084293978288769,0.9912059903144836
16825,2,113,0.024380525574088,0.7076274702481697
15497,113,5661,0.8307977318763733,1.045009970664978
15497,262,13116,0.0248884782195091,1.0748800039291382
15859,97,4856,0.0014479712117463,0.8614959716796875
15447,19,970,0.0069130831398069,0.4555963687392932
15677,273,13661,0.4525811672210693,1.0116499662399292
16685,180,9013,0.1876645386219024,0.7366625866253571
16467,1,56,0.0107052354142069,1.0272599458694458
16467,84,4233,0.2835789620876312,0.9518144130960026
16467,94,4722,0.0530766211450099,1.0137799978256226
16467,94,4730,0.092585451900959,0.951889991760254
15498,102,5120,0.0092534320428967,1.6083147176603632
17036,412,20646,0.8819995522499084,0.9692000150680542
15511,129,6462,0.001493233256042,0.868835985660553
15701,60,3046,0.0988036915659904,0.8779129981994629
15701,304,15250,0.0712763741612434,0.5909619927406311
15875,95,4783,0.11019928753376,0.9208097817173666
15875,272,13636,0.0093378974124789,0.5782960057258606
15875,279,13991,0.1740773469209671,0.6160420179367065
16158,340,17050,0.011038539931178,1.0304489299516888
16158,465,23251,0.0148719754070043,0.9461029767990112
16976,136,6802,0.0005052782944403,0.9936969876289368
16976,136,6816,0.0281627345830202,0.951985001564026
15457,227,11359,0.0094280829653143,1.0750999450683594
16949,96,4850,0.0014284292701631,1.2017500400543213
16949,265,13269,0.0446262098848819,1.0956499576568604
16949,265,13290,0.0025252683553844,1.0408200025558472
16150,15,774,0.0045991567894816,0.994365069213643
15822,10,520,0.0834855064749717,0.5691391372308274
16694,333,16684,0.9810752272605896,1.005910038948059
15634,291,14582,0.95161110162735,1.0491299629211426
15634,291,14587,0.0318534895777702,0.7490009151899812
15927,297,14881,0.0055125299841165,0.8444539904594421
15639,111,5562,0.0727714747190475,0.8918570280075073
15713,47,2359,0.0688357353210449,0.7784789800643921
16551,400,20041,0.005308540072292,1.1225199699401855
15927,288,14417,0.0014486069558188,1.108590006828308
16761,19,1000,0.0176541693508625,1.04135000705719
16761,169,8456,0.1842534095048904,1.0137200355529783
16770,26,1313,0.4757186770439148,0.9592829942703248
16199,248,12441,0.0365386940538883,1.39475378517389
15511,42,2110,0.2774712741374969,1.3005640192647832
15901,68,3424,0.0049788593314588,0.5647879838943481
15801,324,16248,0.0381504446268081,0.8663949966430664
15433,0,14,0.0061998730525374,1.21589994430542
15486,361,18077,0.0681808069348335,1.0157500505447388
15900,177,8874,0.0697886869311332,1.0214999914169312
15900,177,8886,0.0042249062098562,0.8420100212097168
15927,236,11843,0.0301345735788345,0.8209869861602783
15927,246,12328,0.0476881340146064,0.759086012840271
16532,1,100,0.0030611590482294,1.0067399740219116
16532,53,2660,0.0082972347736358,1.7590999603271484
16169,23,1189,0.025932490825653,0.9821990132331848
16169,80,4028,0.000917122059036,1.169594564484271
16731,393,19654,0.0043617067858576,1.0
16731,474,23745,0.0347066260874271,1.1176400184631348
16499,439,21966,0.2850997149944305,1.0830516058478563
15916,148,7406,0.151516243815422,0.9452239871025084
15916,409,20490,0.1165368556976318,0.9732019901275636
16951,3,166,0.0082833608612418,1.160824875256793
15676,5,300,0.0121634369716048,1.0895999670028689
15762,108,5418,0.1694556474685669,1.000059962272644
15762,336,16822,0.0048802620731294,4.644011063901414e-06
17010,23,1156,0.0285093635320663,0.9886000156402588
17010,74,3709,0.0015414716908708,0.6988319754600525
15634,280,14020,0.1512385606765747,1.0932999849319458
15901,250,12539,0.0300858337432146,0.5149840116500854
16901,122,6119,0.173642411828041,0.5960260033607483
17055,377,18860,0.0095651345327496,1.1580100059509275
16199,57,2868,0.9883911609649658,1.0095700025558472
16199,370,18523,0.0179896168410778,1.0252900123596191
16975,102,5144,0.06906608492136,1.0292199850082395
15902,40,2001,0.0076901214197278,0.5892469882965088
15902,452,22610,0.2812353372573852,0.9736490249633788
15774,33,1665,0.0041521582752466,2.068516029854379
15774,213,10688,0.2342580109834671,1.1321200132369995
15873,224,11232,0.0020744048524647,0.8304709792137146
15873,289,14489,0.0002735643356572,1.3961416673343763
15873,308,15433,0.0208816174417734,0.9321470260620116
16834,182,9119,0.0037383902817964,1.0168299674987793
15915,166,8332,0.0848218128085136,0.615041971206665
15915,166,8347,0.0208675973117351,0.9940540194511414
16874,143,7174,0.0956573635339737,0.6000049710273743
17029,169,8463,0.043301623314619,1.094789981842041
15486,225,11254,0.0638349130749702,0.5201849937438965
15486,265,13253,0.1441483348608017,1.1074399948120115
17023,291,14576,0.0031985705718398,1.0517699718475342
17005,291,14575,0.0010493880836293,0.5341560244560242
15589,137,6891,0.4800328016281128,0.8871909976005554
16846,32,1640,0.0121852559968829,1.5671199560165403
16846,47,2363,0.1180755421519279,1.406209945678711
16846,228,11418,0.0684794634580612,1.1638237146217991
16761,240,12027,0.0378994084894657,0.9898059964179992
15486,48,2434,0.001865561818704,1.0258300304412842
16492,10,522,0.7392528653144836,0.49811611952263485
16492,10,525,0.2470618039369583,1.1856851228694725
16690,71,3597,0.0075819217599928,1.0391199588775637
15762,160,8025,0.0063882088288664,1.2086700201034546
16919,11,573,0.1489529907703399,0.96765398979187
16919,11,574,0.0098618669435381,0.5521649718284607
15516,15,772,0.017940467223525,1.2438846697000372
15516,81,4090,0.2037260234355926,0.521208320007183
15501,214,10742,0.8416443467140198,1.627269983291626
16138,7,353,0.3268422484397888,0.858551025390625
16138,17,860,0.1050744131207466,0.9224720001220704
16138,39,1960,0.0656596347689628,0.7706940174102783
16138,39,1966,0.0166862215846776,0.9856979846954346
15875,243,12191,0.0400728918612003,0.9135599732398988
16526,6,331,0.0199608616530895,0.8963770270347595
16526,15,785,0.0011839652433991,0.7960060238838196
15530,135,6764,0.0021416824311017,1.0464400053024292
15530,155,7800,0.1184335052967071,1.0191400051116943
16978,513,25662,0.7694545984268188,0.7765178065084655
16731,164,8201,0.029655335471034,0.4804869890213012
15501,288,14428,0.3788908123970032,0.5456897571098905
16169,106,5322,0.4840701222419739,0.00014505005899329064
16843,253,12667,0.0619681663811206,0.5945749878883362
16150,165,8290,0.082740269601345,0.7512699961662292
16141,118,5918,0.0052007907070219,1.025339961051941
16741,94,4712,0.4123059213161468,0.7566270232200623
15634,165,8288,0.0041270973160862,1.0237799882888794
16793,9,476,0.0058782482519745,1.0707199573516846
16793,24,1239,0.262105792760849,1.043570041656494
15801,479,23975,0.0014771551359444,0.7564830183982849
16735,38,1907,0.4569240212440491,1.0
16196,183,9190,0.0654975846409797,1.0607000589370728
16172,254,12719,0.001333801774308,1.0615899562835691
17010,9,459,0.0045582293532788,0.7023631810884723
16542,11,567,0.1241748034954071,0.8723059892654419
16542,11,597,0.0040783607400953,0.5539929866790771
16852,369,18487,0.0255994126200675,1.1013835681355744
16119,477,23890,0.0290756411850452,0.8548020124435425
16498,15,762,0.973962664604187,1.0126287584898819
15350,18,950,0.0120400628075003,0.5624489784240723
16935,389,19492,0.0721914321184158,1.029129981994629
16993,134,6709,0.0024182023480534,0.9570170044898988
16696,122,6102,0.0337706953287124,1.0662990678480355
15909,174,8709,0.0023380704224109,1.0238100290298462
15909,174,8723,0.0078568812459707,0.9736440181732178
17044,170,8545,0.017163535580039,1.0733599662780762
16952,126,6302,0.0032720365561544,0.6075869798660278
16836,105,5274,0.6265119910240173,0.7604439854621887
16836,108,5448,0.0045871566981077,1.348039984703064
16150,368,18435,0.0098751448094844,1.030140042304993
15902,199,9980,0.0041652927175164,1.105080008506775
17023,215,10757,0.0060459142550826,0.9561060070991516
17023,215,10771,0.1629794538021087,0.9569050073623656
15554,150,7544,0.0183169543743133,0.8026540279388428
15801,433,21663,0.1465564519166946,1.306439995765686
16993,166,8314,0.1439587622880935,0.018804123563846423
16993,166,8347,0.001680914312601,1.102899676925517
15799,230,11528,0.1005488038063049,1.1017800569534302
16169,304,15214,0.0033248919062316,0.6696335785122756
16573,305,15255,0.0509095452725887,0.6135460138320923
16158,115,5787,0.006002286914736,0.9980159997940063
16158,115,5789,0.2906384766101837,1.0838299989700315
16927,5,283,0.109993040561676,1.0851000547409058
16759,317,15899,0.0039981696754693,1.331210017204285
15484,34,1732,0.0012425037566572,1.0
16951,180,9043,0.0860478654503822,0.49583500623703
15676,206,10308,0.1939572095870971,0.5354729890823364
16797,21,1077,0.6059128046035767,0.8914369940757751
16797,124,6222,0.0310651045292615,0.4273760020732879
16525,0,16,0.0285110790282487,1.190933083460365
16731,196,9801,0.0239859912544488,0.9602349996566772
16470,76,3801,0.2164113968610763,1.1588153704863657
15589,146,7312,0.0140543207526206,0.9401140213012696
16731,330,16504,0.0152067840099334,1.485319972038269
16731,330,16512,0.0049404646269977,1.0189000368118286
16909,37,1882,0.0084321685135364,0.9904119968414308
16909,111,5560,0.0389611944556236,0.7483389973640442
16782,15,794,0.0089712953194975,0.9970750212669371
16782,36,1805,0.0131679717451334,0.6727650165557861
16993,44,2218,0.0142347188666462,1.0580500364303589
17052,3,183,0.0081608053296804,1.240310041605099
17052,4,205,0.0060227280482649,0.8182650208473206
17052,5,264,0.2638204097747803,0.8664230108261108
17052,11,569,0.2491027265787124,0.4549460113048553
17011,12,604,0.535539448261261,0.982890009880066
17011,195,9798,0.0356309451162815,0.9187269806861876
16141,275,13775,0.0050095566548407,0.4150199890136719
16858,12,625,0.0018311927560716,0.9345870018005372
16858,232,11641,0.0101864859461784,1.510550022125244
15801,460,23035,0.0066295117139816,0.901049017906189
15801,460,23041,0.0382636897265911,0.6395419836044312
16776,38,1946,0.0465391501784324,1.394610047340393
16962,116,5813,0.0056618461385369,1.073140025138855
16962,220,11048,0.0029889966826885,1.2481562326126152
16804,22,1147,0.0112576577812433,0.6285539865493774
16804,62,3104,0.0965434461832046,0.6501439809799194
16845,227,11397,0.2364082932472229,1.0074299573898315
16467,288,14404,0.6738160252571106,1.0344200134277344
15882,35,1782,0.0005820018122904,1.0474400520324707
15701,215,10782,0.0033776473719626,1.060520052909851
15701,319,16000,0.0070521524176001,1.0442999601364136
15456,160,8043,0.0293273031711578,1.1214996472108396
15456,180,9023,0.0767728239297866,0.6495659947395325
17047,40,2019,0.0935087203979492,1.0170199871063232
16199,19,965,0.02133784070611,0.8101770281791687
16199,19,970,0.0067882887087762,1.0413199663162231
16199,19,986,0.0047858576290309,1.053879976272583
15501,296,14804,0.1253394335508346,2.951702545679353e-06
15785,163,8157,0.0009858363773673,1.1055648817291441
17005,72,3648,0.1273026913404464,1.271424543576714
16839,63,3174,0.0025705907028168,1.0275399684906006
16839,112,5603,0.2894585430622101,0.8433930277824402
16839,112,5619,0.0496252179145813,0.6791260242462158
15497,164,8240,0.0058389864861965,0.5223519802093506
15436,20,1044,0.0240565296262502,1.1828147578304569
16952,14,717,0.001464395201765,0.5747010111808777
16952,100,5016,0.0286889355629682,1.0123300552368164
15677,20,1029,0.1788136810064315,0.9816200137138368
15677,20,1046,0.4185635447502136,0.8729820251464844
16735,111,5564,0.0223698392510414,0.9520220160484314
16835,30,1511,0.5456787943840027,1.0768405623120145
15927,317,15864,0.0400924868881702,0.9047600030899048
16119,358,17902,0.0172307826578617,0.385699987411499
16119,551,27555,0.0441100671887397,1.2732599973678589
16850,107,5363,0.0070196115411818,0.5371260046958923
16850,107,5384,0.2447768896818161,1.3685100078582764
16850,261,13056,0.0031786437612026,0.9900299906730652
16919,299,14959,0.5255102515220642,1.3266061002096012e-05
16919,414,20718,0.1639469563961029,1.0098299980163574
15590,256,12821,0.0971662774682045,1.136299967765808
16118,42,2121,0.0109799290075898,0.416482001543045
15916,273,13669,0.0230466406792402,1.3996116953799598
16817,69,3461,0.0100599732249975,1.02223002910614
16817,102,5112,0.0045426599681377,1.0030499696731567
15701,421,21054,0.1156397089362144,0.5693830251693726
16172,253,12695,0.0256757754832506,1.1681432757405616
16172,253,12700,0.0289101190865039,3.257588459250007e-08
15790,6,304,0.6687481999397278,1.0417699813842771
15801,129,6460,0.0574544072151184,0.4488959908485412
16738,111,5553,0.0119491061195731,0.6184179782867432
15482,43,2171,0.0139426058158278,1.0137399435043335
15482,115,5786,0.0040744715370237,2.838089942932129
16741,472,23625,0.0143431574106216,0.40877230465859066
16741,472,23649,0.0040153241716325,0.9849650263786316
15774,337,16873,0.00068180373637,9.09965319875141
16923,142,7134,0.0011574008967727,1.1724068307184723
16923,215,10785,0.0056925504468381,0.5491200089454651
15436,197,9891,0.5709310173988342,0.5494840145111084
16169,349,17485,0.6945184469223022,0.9354330588677937
15780,119,5991,0.0008331354474648,1.1624399423599243
15676,21,1059,0.0117561668157577,0.8760610222816467
15676,180,9047,0.015741977840662,0.6556540131568909
15915,56,2848,0.004645830951631,1.3980400562286377
15915,160,8025,0.0111804818734526,1.171345489816417
15915,262,13103,0.0020816074684262,1.3800699710845947
16697,34,1720,0.000560525630135,0.863864004611969
16697,114,5705,0.002311393385753,1.0276600122451782
15590,46,2302,0.068934291601181,1.1212838465721833
15590,46,2336,0.0162902940064668,1.0855900049209597
15870,22,1147,0.0096843093633651,1.011579990386963
17005,195,9767,0.0054810806177556,0.6316220164299011
17005,195,9789,0.0031637796200811,1.0170999765396118
16776,277,13859,0.7791585326194763,0.9779989719390868
15862,281,14084,0.0168597269803285,1.0533499717712402
16509,158,7945,0.002024853369221,0.4546779990196228
16509,164,8204,0.0833155363798141,0.9948620200157166
16036,390,19524,0.0052419588901102,0.9070389866828918
15902,362,18135,0.0134619725868105,0.9703277886240329
17048,29,1486,0.1755459457635879,1.0783668872444991
17048,74,3705,0.0112528083845973,0.5311220288276672
16161,41,2085,0.0024757229257375,1.1606099605560305
16763,19,958,0.0928196683526039,1.1718493427602539
16112,49,2484,0.0010281526483595,1.0270899534225464
16529,106,5301,0.0139982085675001,1.0775799751281738
15500,113,5660,0.0012905852636322,1.0211299657821655
15500,113,5684,0.0372930541634559,0.9611250162124634
15500,113,5690,0.114541083574295,0.8679580092430115
15677,139,6959,0.0122560216113924,0.5310009717941284
16942,110,5543,0.0069744670763611,0.895151358035946
16942,227,11386,0.4000988900661468,0.5775110125541687
16731,100,5012,0.0470230504870414,0.8809850215911865
15528,70,3514,0.0087746288627386,1.098649978637695
16873,4,201,0.044400468468666,0.6664860248565674
16919,25,1288,0.0013821456814184,1.0001300573349
17023,15,797,0.0081804431974887,1.0
15682,67,3354,0.0022297438699752,0.92330801486969
16499,62,3141,0.9945319890975952,1.1500044252511543
16499,291,14585,0.247591495513916,0.797203004360199
16499,418,20906,0.0138178681954741,0.9605770111083984
16499,418,20929,0.6553699970245361,0.9920780062675476
15640,205,10263,0.0062446137890219,0.6047239899635315
15774,432,21638,0.0026667707134038,0.3264929950237274
17029,49,2457,0.1396888494491577,1.0249799489974976
16949,486,24332,0.88020259141922,0.9620262876561227
15701,299,14972,0.0092892283573746,1.0
16787,15,783,0.0325478576123714,0.9889479875564576
15456,12,637,0.0125046279281377,0.949633002281189
15902,4,232,0.0054611829109489,0.8606510162353516
15902,348,17445,0.0266229510307312,0.8394820094108582
16119,99,4993,0.0020249334629625,0.2908520102500915
16119,99,4995,0.087456002831459,0.945649027824402
17019,90,4502,0.0060561154969036,0.9387289881706238
16934,5,276,0.0061553949490189,0.9153860211372375
16919,235,11774,0.0435361191630363,1.0392600297927856
16159,141,7062,0.0080430498346686,0.9472180008888244
15640,248,12402,0.9443379640579224,1.2520136816551712
16578,57,2897,0.0016176555072888,0.8933659791946411
16578,62,3138,0.0018341516843065,0.9101999998092652
15946,201,10095,0.0095046749338507,1.1674332081876173
15634,209,10451,0.2762583196163177,0.9074379801750184
16524,220,11014,0.0004509618738666,0.9639930129051208
16524,303,15186,0.0241793356835842,0.9629449844360352
15500,144,7222,0.0034987786784768,1.0700571278348645
15421,219,10955,0.0010411692783236,0.6776940226554871
15785,322,16112,0.0013850326649844,1.0524699687957764
16919,74,3702,0.0050765555351972,0.6101099848747253
16919,438,21922,0.0886720567941665,0.9908170104026794
15554,155,7788,0.0012004502350464,0.8779129981994629
16470,21,1083,0.0244622156023979,1.2388099431991575
16470,36,1820,0.0002989227359648,0.9217900037765504
16948,102,5135,0.0145885003730654,0.4421420097351074
16948,160,8028,0.0007348049548454,1.0898508803400375
17011,132,6617,0.0025556082837283,1.0149099826812744
17011,154,7736,0.0142270205542445,1.1927227077259204
16186,27,1369,0.0379287153482437,0.8945689797401428
15862,18,924,0.0865483880043029,0.6551589965820312
15780,38,1903,0.002324917120859,0.9707800149917604
15780,59,2993,0.0089252581819891,1.081570029258728
16576,0,41,0.0019866081420332,1.097640037536621
16576,51,2574,0.1090276464819908,0.6527770161628723
15433,160,8012,0.0224913042038679,0.6292819976806641
16805,27,1400,0.0440473034977912,0.8623350262641907
16805,55,2754,0.9123100638389589,0.9615619778633118
15447,210,10514,0.1117909997701644,0.4884049892425537
16584,12,636,0.0574362650513649,0.5398340225219727
16584,58,2950,0.1129641830921173,0.9776759743690492
16752,49,2491,0.7313302159309387,0.5527849793434143
16514,76,3837,0.0143097043037414,1.036479949951172
15469,235,11762,0.0106122829020023,0.6073639988899231
16744,45,2254,0.0030353292822837,0.4171350002288818
16744,45,2284,0.0836374461650848,0.5018069744110107
16744,115,5751,0.043652206659317,1.3977700471878052
16744,115,5753,0.0217048544436693,0.68019700050354
16751,29,1456,0.0152077982202172,0.8779129981994629
16751,42,2136,0.070892110466957,1.0739799737930298
16888,530,26520,0.0882157757878303,1.008180022239685
16888,530,26524,0.0247204583138227,1.136873282317822
15471,38,1943,0.165054515004158,1.0100300312042236
15915,413,20670,0.3405172228813171,1.59142005443573
16964,412,20611,0.0012429783819243,1.20973002910614
15478,242,12127,0.0116389105096459,0.6555829834841376
16896,40,2025,0.7874909043312073,0.7025600075721741
15500,167,8399,0.0553046762943267,0.9849650263786316
15902,462,23101,0.0849775746464729,1.0104600191116333
15479,112,5635,0.1465165913105011,0.4791530072689056
16965,127,6369,0.0011500497348606,0.18375876150869352
15497,183,9162,0.0058324742130935,1.225909948348999
15859,135,6765,0.0010462352074682,1.1088299751281738
16119,422,21128,0.0287936385720968,1.119883857791493
16119,491,24560,0.0488028116524219,0.8096039891242981
15639,24,1224,0.3459379374980926,0.5206300020217896
15639,23,1200,0.0173559822142124,1.0049200057983398
16901,0,42,0.0277673210948705,0.9770299792289734
16901,11,568,0.0283523425459861,1.0426000356674194
15909,204,10215,0.3128648996353149,0.8153849840164185
16504,62,3109,0.1589006334543228,0.4647429883480072
16963,89,4471,0.0069121629931032,1.0363600254058838
16963,160,8048,0.0316001065075397,1.1448665112126832
16963,223,11151,0.1524723023176193,0.8322169780731201
15771,39,1956,0.0126349506899714,1.1920499801635742
16169,239,11979,0.2006372809410095,0.5560920238494873
17005,285,14278,0.0013927930267527,1.245442423891298
15457,65,3259,0.0018448655027896,0.7197800278663635
15457,68,3435,0.0060128648765385,0.9714760184288024
15900,137,6863,0.4293349087238312,1.0205199718475342
15901,87,4386,0.0209133252501487,0.781578004360199
15901,196,9834,0.0073097944259643,1.0441399812698364
17010,11,551,0.0025793947279453,0.9531599879264832
17010,11,588,0.0096403202041983,1.0327800512313845
17010,48,2443,0.0998325794935226,0.3486210184405536
16172,423,21158,0.0702914670109748,1.147130012512207
16172,423,21159,0.0877605825662612,1.0595099925994873
16978,200,10031,0.1438010483980178,0.8365210294723511
16733,56,2839,0.0097149284556508,1.0221099853515625
15790,2,101,0.1530123054981231,1.1684600114822388
15790,75,3757,0.105933204293251,0.6712499856948853
15790,75,3793,0.0102907046675682,1.0268014317295808
16852,36,1822,0.005720772780478,1.1160999536514282
16852,172,8616,0.0197223536670207,1.309540033340454
16161,25,1260,0.1262845993041992,0.6730769872665405
16118,177,8894,0.2655996978282928,1.033210039138794
15677,67,3373,0.2687811851501465,0.08590503421101121
15677,264,13223,0.0332143902778625,1.0381699800491333
16738,114,5733,0.2186445146799087,0.018340081880454596
16693,30,1526,0.0244891308248043,1.0099899768829346
15801,178,8914,0.0063556395471096,1.1529484702842723
15927,367,18363,0.1513390988111496,0.7037460207939148
15927,397,19870,0.0037024477496743,1.2711774303157455
15927,274,13749,0.0076434649527072,1.0320426141871621
15450,33,1654,0.0028539232444018,1.048259973526001
15450,33,1688,0.0777348205447197,0.6535400152206421
17035,11,552,0.018559917807579,0.660106545858973
17035,12,611,0.125022679567337,1.2860460484834277
17048,23,1177,0.0023871674202382,1.0510300397872925
17048,43,2164,0.0796457603573799,1.0
16966,46,2320,0.0130678517743945,0.9551397764006992
16489,261,13082,0.030746966600418,1.0655399560928345
15448,129,6470,0.6603038907051086,0.9910709857940674
16978,273,13654,0.4595392644405365,1.1718031027668872
16978,504,25243,0.0261222664266824,1.0444799661636353
16978,509,25498,0.2484037280082702,1.3106600046157837
15780,117,5879,0.0013410481624305,1.0053974711989326
15780,145,7266,0.1270007044076919,1.0777900218963623
15677,239,11969,0.0322003476321697,0.9217900037765504
17028,125,6258,0.0026448683347553,0.04365896587037626
16731,236,11825,0.0061206636019051,0.996092975139618
17011,23,1185,0.0247034337371587,1.0
15875,122,6137,0.0991441681981086,0.9555209875106812
15875,122,6147,0.0127583174034953,0.9949229955673218
15554,236,11826,0.002963213250041,0.8614959716796875
15554,236,11848,0.6337942481040955,0.933747127947484
16581,148,7414,0.066072903573513,0.5156499743461609
16562,14,701,0.0045543797314167,0.9618899822235109
16562,14,716,0.0297866705805063,1.006450057029724
15923,111,5577,0.0793610289692878,1.0495699644088743
15923,111,5599,0.0168370809406042,1.00177001953125
16738,13,672,0.0016978620551526,0.9740520119667052
15943,42,2106,0.0389288812875747,1.4414499998092651
16172,91,4591,0.18221016228199,1.1991564263662724
16172,256,12807,0.0040482790209352,0.9271249771118164
15801,104,5240,0.0024522135499864,0.956160008907318
15882,119,5997,0.0005683789495378,0.451121985912323
16853,215,10752,0.0596369802951812,1.033769965171814
16853,254,12701,0.0025147208943963,0.6841210126876831
16850,108,5449,0.3014079630374908,1.1298199892044067
16689,46,2304,0.6822906732559204,0.7870330214500427
15456,48,2406,0.0004942537634633,1.00764000415802
15456,159,7962,0.0122899459674954,0.3455210030078888
16951,94,4740,0.0185964126139879,1.0974500179290771
16951,66,3337,0.0473549403250217,0.5295900106430054
16951,113,5685,0.0033308053389191,0.9517288679937153
16150,147,7359,0.0057787089608609,1.012279987335205
16150,223,11195,0.0018517051357775,0.9984250068664552
16150,339,16957,0.3164121210575104,0.9528279900550842
16472,62,3113,0.0174294058233499,1.0294699668884275
15917,467,23357,0.0105718905106186,1.4591000080108645
15917,467,23392,0.8578553199768066,1.065690040588379
15877,165,8266,0.0690455585718154,0.925260903659705
15877,238,11931,0.0925686880946159,1.162719964981079
16581,97,4869,0.0164515562355518,0.6418780088424683
16581,123,6181,0.0341006070375442,1.026550054550171
16581,123,6189,0.0335712917149066,1.0469499826431274
15790,30,1548,0.8023535013198853,1.3659600019454956
16499,344,17208,0.0393905788660049,1.0128799676895142
15801,135,6769,0.000559295527637,1.0357799530029297
15882,34,1718,0.5018141269683838,1.0101900100708008
15882,54,2719,0.0128801120445132,1.266837001678198
15882,110,5546,0.0066524716094136,0.9927449822425842
15923,127,6355,0.0043476689606904,1.4528332654523979
16579,69,3473,0.0314129032194614,1.0018500089645386
16579,69,3491,0.0106260096654295,1.049970030784607
15529,73,3693,0.0216433051973581,1.0459699630737305
15464,140,7016,0.8337677121162415,0.7833260297775269
16586,88,4406,0.0100726932287216,0.9564610123634338
15799,66,3327,0.0010552578605711,0.5606859922409058
16519,17,869,0.0125937806442379,1.2524499893188477
15528,19,978,0.3756390511989593,1.039739966392517
15639,103,5193,0.0405987948179245,1.0872900485992432
15590,150,7545,0.2871063649654388,0.8386039733886719
15593,65,3258,0.0301486514508724,0.8031420111656189
15590,318,15945,0.0002277682215208,1.030120015144348
16935,2,104,0.1538146734237671,1.2723848055048563
15916,141,7053,0.0481024608016014,1.3033499717712402
16119,102,5143,0.0469300225377082,0.7226570248603821
15482,42,2136,0.0669298395514488,0.9525129795074464
15482,95,4752,0.0017878371290862,0.8141180276870728
16923,188,9429,0.0015823759604245,0.00757441500951497
16839,145,7277,0.0057964557781815,0.8120719790458679
16169,280,14047,0.0058118756860494,0.92297101020813
15634,58,2938,0.0110302185639739,0.5270709991455078
15634,174,8713,0.1145578920841217,0.5726450085639954
16692,54,2725,0.3815967738628387,0.7317832704181342
16692,56,2829,0.0924392938613891,0.8477510213851929
15917,196,9804,0.4903289675712585,1.018987303083861
16141,90,4515,0.0058345925062894,0.7455738936279204
16119,107,5359,0.0281384456902742,0.8779129981994629
16119,121,6099,0.4708468914031982,1.2398151056586926
16752,71,3565,0.0584263205528259,1.2863484255280753
16919,245,12270,0.018547423183918,1.0147099494934082
16919,245,12298,0.0080191176384687,0.8454539775848389
16919,547,27373,0.0034777168184518,1.0478299856185913
16919,547,27396,0.0035267283674329,1.1993000507354736
15789,41,2054,0.3291605412960052,0.9762016389403813
15501,230,11508,0.0123610664159059,1.5738552721275028
17011,24,1219,0.0251945182681083,1.1829405175930674
16148,138,6911,0.8376830220222473,0.9660170078277588
16148,184,9242,0.0283831879496574,0.9767720103263856
16962,23,1184,0.0009873355738818,1.0635900497436523
16962,145,7262,0.2363713681697845,0.9905089735984802
16962,205,10277,0.0085047464817762,0.7112190127372742
15930,325,16260,0.3323915302753448,0.8428969979286194
16668,71,3592,0.1841799020767212,1.0456899404525757
16850,98,4919,0.1615218073129654,0.9686710238456726
16850,103,5160,0.5663160681724548,0.9928380250930786
16842,134,6722,0.2206873744726181,0.4532999992370605
16842,134,6746,0.01062838640064,0.5510600209236145
16946,292,14635,0.0231859758496284,1.0211299657821655
16946,292,14638,0.076715812087059,1.0088900327682495
15902,461,23079,0.0040720864199101,1.0568499565124512
16825,35,1797,0.6787212491035461,0.2735809981822967
16825,51,2561,0.0086176777258515,0.5524470210075378
17055,241,12070,0.0038078622892498,0.9983959794044496
15634,0,3,0.0183293111622333,0.9741740226745604
15634,15,769,0.002860928652808,0.4963090121746063
15634,15,795,0.001353975967504,1.0522199869155884
15677,23,1193,0.10743248462677,1.4233399629592896
15677,171,8579,0.0078504420816898,1.0191965858250995
15436,176,8832,0.1091681942343711,1.0286799669265747
16355,32,1615,0.0398701876401901,0.965694010257721
15469,85,4284,0.0577896386384964,1.096650004386902
15469,225,11283,0.0005197302671149,0.6685940027236938
16676,231,11565,0.0001257331459783,1.0875300168991089
15701,94,4721,0.0045743486844003,0.4567950069904327
16137,7,384,0.1461058259010315,6.389747680603307
16137,63,3193,0.0288962814956903,0.8906810283660889
16990,12,614,0.0085443016141653,1.011240005493164
15516,115,5774,0.0129947606474161,0.6712890267372131
17001,32,1648,0.0667107626795768,1.026270031929016
16919,372,18643,0.0119992131367325,1.0203900337219238
16919,484,24214,0.0367574281990528,1.244510054588318
16169,163,8152,0.0440735220909118,0.9715149998664856
16949,17,853,0.0614209361374378,1.0195758878744527
16119,18,942,0.0093858707696199,0.5265640020370483
16119,418,20922,0.036714281886816,0.9217900037765504
15478,383,19159,0.0024401522241532,0.9205089807510376
16826,4,242,0.0385444313287735,1.046280026435852
16807,16,830,0.773444414138794,0.9086779952049256
15917,208,10405,0.0279068686068058,0.9028530120849608
16545,23,1165,0.3250656127929687,0.936115026473999
16109,138,6936,0.0300935357809066,0.9360087161851922
16540,6,315,0.045790895819664,1.0125099420547483
16119,417,20863,0.1573428809642791,0.6429100036621094
17055,109,5467,0.045202262699604,0.04272026189206986
17055,109,5492,0.029593925923109,1.0628199577331543
16196,41,2062,0.2192627787590026,0.9981409907341005
15909,8,409,0.0322517827153205,0.9641950130462646
15909,45,2288,0.044195007532835,0.5371140241622925
15639,123,6197,0.0018489530775696,1.000849962234497
16891,21,1098,0.0625359639525413,1.0203700065612793
17033,62,3123,0.2679843604564667,1.089079976081848
16684,29,1498,0.1481720954179763,0.9520990252494812
17047,36,1813,0.0538553185760974,1.0102800130844116
17047,36,1834,0.016435969620943,0.0029608172690221294
17011,251,12590,0.0217877868562936,1.1665791456182004
16158,91,4597,0.0037035173736512,0.77394700050354
16158,486,24333,0.4236144423484802,0.7890300154685974
15762,271,13593,0.0302115622907876,1.2370085038494665
15486,70,3537,0.5426412224769592,0.7840869095973844
16802,81,4056,0.0006725082639604,0.9580069780349731
16802,195,9768,0.0348809510469436,1.0528700351715088
16802,251,12563,0.1006553098559379,0.578125
17004,34,1722,0.0202088002115488,0.5709630250930786
16137,29,1488,0.0244035273790359,1.0810500383377075
16557,11,569,0.0097592882812023,0.8943120241165161
16916,178,8918,0.0118751851841807,1.1919699907302856
16150,132,6612,0.0066101551055908,0.9967569708824158
16150,140,7032,0.0944708287715911,0.94028902053833
16148,48,2448,0.0111550483852624,0.9895300269126892
15915,364,18233,0.0077853193506598,1.0428800582885742
15915,366,18314,0.0104200197383761,1.313230037689209
17005,287,14353,0.4482053518295288,0.5205410122871399
16540,5,277,0.0184417534619569,0.9859730005264282
16540,22,1148,0.0526132956147193,1.0600500106811523
16734,47,2379,0.664497435092926,1.176259994506836
16962,392,19637,0.0025644712150096,1.168961742878153
15801,153,7684,0.1323690861463546,1.0711100101470947
15801,348,17421,0.0908455029129982,0.7898510098457336
15780,10,527,0.0054477266967296,0.9773989915847778
15780,10,538,0.2010190337896347,0.7069820165634155
16690,35,1778,0.0576110444962978,1.0619100332260132
16690,41,2098,0.028962317854166,1.0130300521850586
16731,33,1657,0.0988025143742561,0.7316269874572754
16172,92,4619,0.0182101763784885,0.962306022644043
16172,218,10945,0.00158225314226,0.9820680022239684
16965,244,12221,0.0053450153209269,1.1222000122070312
15915,17,888,0.1347346305847168,0.4226750135421753
15915,337,16883,0.5580053925514221,0.9178019762039183
17048,7,383,0.0069682160392403,1.0948269896555443
15713,23,1153,0.0033203521743416,1.0601229854076168
15713,201,10066,0.0027447126340121,0.9217900037765504
15634,205,10262,0.0318235643208026,1.4703871191035205
15528,314,15715,0.0104158660396933,1.1887855495110102
15528,404,20214,0.997380554676056,1.0641200542449951
16744,135,6782,0.0833785757422447,1.0721399784088137
16199,36,1849,0.0547721497714519,1.240769333674848
16199,267,13378,0.1775182038545608,12.292073611424714
16199,267,13396,0.0090826041996479,1.0240399837493896
15762,276,13825,0.06178480386734,1.3139499425888062
15762,325,16252,0.0007313681417144,0.6709309816360474
16525,114,5740,0.3703005611896515,0.5226839780807495
15478,104,5242,0.6286105513572693,1.0071099996566772
15478,166,8306,0.0507909543812274,0.7699689865112305
15901,15,776,0.5110976099967957,0.8076429963111877
15901,389,19485,0.0130616044625639,0.2652890086174011
16172,37,1873,0.0468016490340232,1.3762400150299072
16172,408,20428,0.0043123448267579,0.6165040135383606
15774,17,886,0.0005052078049629,1.2946100234985352
16817,24,1244,0.0095644714310765,1.0706000328063965
17044,66,3331,0.025172745808959,0.9627329707145692
16947,298,14926,0.0015919579891487,0.9682049751281738
16947,298,14927,0.7199507355690002,1.033650040626526
16172,519,25980,0.006793254520744,1.0880800485610962
16751,39,1994,0.0010561911622062,1.0402100086212158
16946,178,8904,0.263659656047821,0.5572299957275391
16554,1,55,0.0073004621081054,1.02400004863739
16554,7,380,0.0280574932694435,0.9809100031852722
16585,70,3512,0.9971358776092528,0.7746549844741821
16148,42,2139,0.0129408929497003,0.90720397233963
16148,126,6332,0.0099229700863361,0.9967740178108216
16357,14,742,0.0200947746634483,0.5369349718093872
16964,283,14164,0.8779051899909973,0.9353539943695068
16964,348,17426,0.0199218224734067,1.1288700103759766
15917,348,17432,0.1209601014852523,0.9685609936714172
15917,363,18152,0.2181384414434433,1.4205610779122821
16802,117,5860,0.0641560405492782,0.7487030029296875
17056,308,15402,0.0826872363686561,0.3407979905605316
17056,308,15437,0.0233685784041881,1.0899800062179563
17056,371,18556,0.0799837261438369,1.0125958534531352
15463,72,3620,0.7361029982566833,0.561037003993988
15463,290,14540,0.1699168086051941,1.0
16986,107,5352,0.0059990189038217,1.0101799964904783
16986,107,5396,0.0116909323260188,1.176800012588501
16802,322,16135,0.0065427320078015,0.9845409989356996
16066,19,996,0.0189290177077054,1.4006799459457395
16066,40,2001,0.0321489199995994,0.5105149745941162
16795,106,5326,0.0188163705170154,1.142723631802937
16795,153,7698,0.0542953386902809,1.0641900300979614
16964,528,26445,0.1398006528615951,0.6456810235977173
15940,310,15531,0.001776301767677,0.745606005191803
15529,261,13067,0.0534155517816543,0.9890573426168601
15701,499,25000,0.0113083245232701,0.8312339782714844
16942,56,2806,0.0290468800812959,0.6362364849861635
16932,18,947,0.1657742112874984,0.4834040105342865
16932,33,1689,0.0041855280287563,0.8199989795684814
16932,54,2724,0.0010978757636621,1.1347800493240356
15588,190,9510,0.6720772981643677,0.9532325582517841
16489,42,2107,0.0029240890871733,0.8881919980049133
16489,46,2337,0.0019279079278931,1.028040051460266
16846,269,13473,0.1775189489126205,0.9755579829216005
16109,85,4288,0.0015542678302153,0.575098903267282
16109,133,6661,0.0046409228816628,0.6172299981117249
15875,143,7199,0.0820154845714569,0.9390419721603394
16693,17,863,0.0060412883758544,0.8636019825935364
16693,17,891,0.9502702951431274,1.0609899759292605
15528,55,2798,0.0029336891602724,0.9621210098266602
16583,294,14725,0.3623047471046448,0.920082986354828
15514,164,8211,0.0651032254099845,1.1035399436950684
15432,12,649,0.0922016277909278,0.7187479734420776
17005,149,7468,0.0034196572378277,0.5816267260195787
17005,160,8023,0.0078711342066526,0.8089280128479004
17005,221,11099,0.0048834285698831,0.9456040263175964
16159,14,709,0.0047607589513063,0.5703409910202026
16946,100,5026,0.056321807205677,0.924930989742279
16776,80,4027,0.0778086185455322,1.1720399856567385
16776,88,4431,0.0360773243010044,0.6695230007171631
16776,144,7223,0.6987705230712891,1.033869981765747
15495,57,2872,0.0805606767535209,0.9944999814033508
15495,82,4114,0.0197001863270998,1.1962071950712243
16814,23,1171,0.0827345177531242,0.9707750082015992
16814,34,1721,0.0137341599911451,0.7228590250015259
16814,34,1742,0.0711203068494796,1.017799973487854
15486,19,961,0.0078454371541738,0.6349279880523682
15486,223,11168,0.0771766975522041,0.9372190237045288
15486,299,14981,0.0615082532167434,0.5454580187797546
16499,426,21318,0.4884857833385467,1.2674669148439364
16679,133,6677,0.0869545489549636,0.8408210277557373
16159,46,2316,0.0027233087457716,0.8814399838447571
15900,26,1316,0.263059914112091,2.0988507094252498
16110,39,2000,0.0123253334313631,1.0229417582343459
15486,84,4208,0.0190772227942943,1.0
15436,312,15638,0.0438303761184215,1.0462299585342407
16563,12,603,0.208216905593872,0.6607357822676363
15497,92,4647,0.0266763046383857,1.0261600017547607
16506,75,3800,0.0015580543549731,0.8196849822998047
16506,111,5569,0.1709323227405548,0.8977940082550049
16506,216,10842,0.3007273972034454,3.9390165564927884
17030,74,3706,0.0606647841632366,0.9327930212020874
15498,149,7485,0.0010989770526066,1.0022900104522705
15498,149,7500,0.0486706979572773,1.14520001411438
16726,214,10743,0.009636546485126,0.9830530285835266
16919,102,5110,0.0017980935517698,1.0109299421310425
17011,200,10030,0.0773278772830963,0.5341399908065796
16919,63,3188,0.1020406484603881,1.0764000415802002
15529,41,2073,0.0016620305832475,0.5415909886360168
15529,235,11761,0.1592824906110763,1.0929299592971802
15457,64,3201,0.1812327802181244,0.9804540276527404
15457,173,8653,0.0020047733560204,0.7873860001564026
16993,171,8558,0.003268648404628,1.025760054588318
15875,263,13158,0.0056643621064722,0.5927461090721805
15875,517,25858,0.1491611748933792,0.962984025478363
15469,342,17105,0.0334234498441219,1.0070799589157104
15528,85,4269,0.109960563480854,1.1978730418787367
15484,244,12207,0.0308258049190044,0.7731800079345703
16112,193,9668,0.7279329299926758,0.947130024433136
16751,140,7039,0.0073080789297819,0.9921150207519532
15909,219,10979,0.0272070094943046,0.9836655575677751
16797,25,1265,0.0439345203340053,1.1234319239290471
16948,186,9323,0.0087917447090148,1.0066800117492676
16948,263,13172,0.032024759799242,1.6641900539398191
15801,409,20489,0.0021542718168348,1.0345300436019895
15640,83,4151,0.0068210824392735,0.5255799889564514
15640,83,4160,0.002208542311564,0.90489000082016
16823,117,5871,0.0054278438910841,1.077669978141785
16978,195,9784,0.1184641793370246,1.0719300508499146
15463,101,5055,0.0132090533152222,0.8579279780387878
16666,168,8430,0.0075094010680913,1.1814500093460083
15530,0,18,0.1842584013938903,0.6664959788322449
15634,279,13972,0.0019742646254599,1.0862699747085571
15882,71,3564,0.0045898747630417,1.0591000318527222
15882,165,8294,0.0082957781851291,0.868979563811628
15463,430,21534,0.0075373146682977,0.6651068620726619
16975,0,14,0.3243483901023865,0.5273680090904236
16913,1,97,0.0017833155579864,0.4306429922580719
16873,144,7211,0.0017343582585453,1.0457500219345093
15482,68,3414,0.3651311099529266,0.9169099926948548
16679,42,2111,0.0633470565080642,1.3388382463751327
16679,138,6913,0.0711347386240959,0.010496737183915502
16929,110,5526,0.0002893947239499,2.1238475897595777
15859,150,7547,0.0266896989196538,1.028540015220642
16772,38,1936,0.0364294201135635,1.9990055453166347
16772,38,1938,0.007678675930947,0.871304988861084
16772,38,1949,0.0032423231750726,1.1253561888680963
15463,58,2913,0.1424227505922317,0.9681689739227296
16141,46,2329,0.0161803588271141,1.2305899858474731
16944,5,267,0.8161596655845642,0.8648902092930015
16944,5,294,0.0168801471590995,1.33132668182202
16571,21,1089,0.0029208532068878,0.7075610160827637
16744,20,1007,0.1027840375900268,1.2523000240325928
16744,179,8952,0.1691551208496093,0.770380973815918
15517,15,767,0.0325893014669418,1.4075731519618844
16483,18,923,0.1136378794908523,1.1412884747616232
15590,34,1750,0.0065764063037931,0.8493390083312988
15590,182,9102,0.0579188726842403,0.5756350159645081
15941,2,148,0.0392554514110088,1.0473899841308594
15941,54,2707,0.0063509107567369,0.4149830043315887
16851,140,7021,0.0075980457477271,1.1398299932479858
15498,68,3402,0.0660253539681434,0.9460880160331726
17004,160,8004,0.1275524944067001,1.0405999422073364
17004,208,10409,0.8623576164245605,8.877411306899785e-11
17004,208,10436,0.6126518249511719,1.669039964675903
15498,112,5630,0.22749924659729,1.204990029335022
15590,40,2011,0.8857946991920471,1.0254634345446545
15590,40,2025,0.0164864193648099,1.099769949913025
15484,47,2354,0.0299348216503858,1.0656800270080566
16169,57,2864,0.021521808579564,1.1951095698827459
16854,138,6907,0.0704428553581237,0.9403899908065796
15789,40,2045,0.0194446891546249,0.5492269223125419
15789,52,2611,0.0162339583039283,1.0579999685287476
16828,52,2620,0.000217423934373,1.0246100425720217
16828,52,2642,0.9212024807929992,1.1900099515914917
16507,152,7628,0.0159809347242116,1.008620023727417
15785,311,15561,0.0039207744412124,2.2133534611832317
15528,142,7133,0.0923446267843246,1.162600040435791
15528,142,7147,0.606718897819519,1.3065770812851127
15246,9,458,0.00225525861606,1.1408799886703491
15246,158,7908,0.5930433869361877,0.5316150188446045
15246,182,9120,0.0389800444245338,0.9638649821281432
16551,40,2011,0.0645746067166328,0.9647279977798462
16551,289,14461,0.0099697038531303,0.9579610228538512
16551,289,14476,0.2500426173210144,0.842261016368866
16551,334,16732,0.119892694056034,0.8813610076904297
16734,4,231,0.0045722536742687,1.0320299863815308
15530,44,2237,0.0298308208584785,1.0219000577926636
15530,128,6424,0.0695928558707237,1.204759955406189
16948,207,10378,0.0045403945259749,1.4632099866867063
17056,2,101,0.0206486787647008,1.3989200592041016
16199,209,10477,0.0274570621550083,1.43982994556427
16172,135,6761,0.164328321814537,7.891942004300841e-05
16803,29,1483,0.0214906670153141,0.4725970029830932
16803,29,1488,0.1471243500709533,0.5370180010795593
16524,132,6639,0.5853581428527832,0.5140330195426941
16880,31,1554,0.0657580271363258,0.6263250112533569
16880,31,1588,0.0037783216685056,0.8537579815573224
16880,57,2886,0.1576264649629593,1.0068999528884888
15432,171,8584,0.0811580345034599,1.0215100049972534
15501,180,9030,0.0037942249327898,1.0331499576568604
15501,243,12173,0.0178675483912229,1.0619100332260132
15941,77,3890,0.014297435991466,1.0606499910354614
15432,63,3161,0.0223214086145162,1.1478468673029454
15713,93,4653,0.0364213287830352,1.713850021362305
15901,346,17303,0.0030109786894172,0.8779129981994629
15901,346,17335,0.0612921603024005,1.0241092907460825
15529,268,13438,0.6625508069992065,0.9117890000343324
15529,290,14513,0.0057676243595778,1.0102800130844116
16118,175,8783,0.0644183382391929,0.5477772427706071
15484,28,1405,0.0080304937437176,1.091230034828186
15501,36,1816,0.2189775556325912,0.7151852036550679
15492,84,4221,0.0019131144508719,0.8323721620962488
15436,32,1605,0.073471650481224,1.065040655212307
15436,66,3336,0.016159800812602,0.9809340238571168
15436,242,12148,0.7323205471038818,0.9767559766769408
17048,90,4548,0.0189965292811393,0.7115769982337952
15471,58,2905,0.0479743555188179,0.7673829793930054
15471,58,2908,0.0299606155604124,1.0330599546432495
15471,58,2946,0.158043548464775,8.21368881264665e-05
15909,14,702,0.1261943727731704,1.0431699752807615
15909,92,4603,0.0112668173387646,0.7219250202178955
16558,107,5360,0.0078064175322651,1.1860526767370203
15941,19,967,0.1898466348648071,0.006906812306692286
16551,221,11055,0.0433872789144516,0.3680469989776611
16986,18,911,0.032692227512598,1.0416200160980225
16110,24,1243,0.2892045676708221,0.706184983253479
16676,321,16063,0.0517033822834491,1.1232999563217163
15901,380,19032,0.0254640243947505,0.6364709734916687
15504,137,6882,0.0313498340547084,1.1986600160598757
15504,161,8067,0.0519272498786449,1.2238153367261475
16929,109,5456,0.0079915849491953,0.5147740244865417
16509,74,3719,0.0352631136775016,0.9850090146064758
16852,132,6606,0.0254027713090181,0.9635720252990724
16471,44,2211,0.0017447551945224,0.67780601978302
15639,10,516,0.2800519466400146,0.5466027506288285
15915,338,16931,0.0776443183422088,1.0690699815750122
15875,343,17154,0.046687189489603,0.971118986606598
15875,418,20949,0.3299671709537506,0.896465003490448
17055,352,17635,0.0040097297169268,1.4519955420493034
16949,34,1710,0.0123738450929522,0.6255559299653441
16549,53,2675,0.0184423476457595,0.9269289970397948
15799,258,12910,0.0558311454951763,1.0553200244903564
15799,254,12701,0.1685283035039901,1.0208799839019775
15799,254,12735,0.0002121699944837,0.5212649703025818
15511,41,2076,0.0077610244043171,0.9954950213432312
15634,86,4336,0.0070118051953613,0.966488003730774
16573,192,9625,0.0025398810394108,1.0204299688339231
16960,227,11362,0.0079422574490308,0.9506700038909912
16462,38,1915,0.0012824482982978,0.5655660033226013
16462,60,3014,0.1493354588747024,1.6123100519180298
17005,35,1757,0.0076807285659015,0.6700810194015503
16141,162,8120,0.2861681282520294,0.4625259935855865
16141,236,11833,0.0002669157402124,0.5570430159568787
15873,70,3505,0.030446832999587,0.2836660146713257
16821,382,19143,0.0048713288269937,1.0311800241470337
15529,266,13312,0.0055761109106242,0.9956550002098083
16842,136,6830,0.0115348296239972,0.5688289999961853
15502,57,2878,0.004059343598783,1.0441806475759565
16807,84,4227,0.0380713604390621,1.4159276583362725
16807,151,7590,0.0207896325737237,1.0396499633789062
15927,20,1045,0.001482791500166,0.5168020129203796
16172,363,18153,0.0229899864643812,1.2010441906631968
16172,437,21861,0.0017408650601282,1.026919960975647
16172,437,21875,0.5577434301376343,1.0597000122070312
16172,197,9852,0.0328421667218208,1.2007299661636353
16172,270,13535,0.0183771662414073,0.9819560050964355
17043,38,1904,0.0033091891091316,1.7343300580978394
15677,18,923,0.8301368355751038,0.5771809816360474
16676,128,6415,0.0237240772694349,0.9833750128746032
15780,190,9521,0.1344547420740127,0.8904119729995728
16744,73,3654,0.0192221906036138,1.0441700220108032
15801,176,8803,0.004196835681796,0.6406450271606445
15529,72,3623,0.0263267830014228,1.0158900022506714
15529,98,4923,0.0149595597758889,0.5221160054206848
15917,265,13286,0.1420879960060119,0.4765509963035583
16199,431,21553,0.000424247351475,0.7608609795570374
16852,151,7578,0.0069762314669787,0.5314739942550659
16555,85,4278,0.036427304148674,1.04761004447937
16467,209,10466,0.0030681954231113,1.0787999629974363
16979,26,1323,0.0282529648393392,0.4981375468974036
17036,214,10707,0.0299019683152437,1.0020400285720823
16849,94,4710,0.0148299355059862,0.4873769879341125
16828,39,1970,0.0003873784735333,0.4470529854297638
15917,380,19036,0.0037002132739871,0.9376019835472108
15486,42,2137,0.0977370291948318,0.8973410129547119
15497,202,10150,0.0318687222898006,0.5435670018196106
15875,78,3906,0.1865656524896621,6.272787411564218e-11
15701,92,4644,0.3401543200016022,1.0
15701,388,19428,0.0553311109542846,1.0
16504,5,274,0.0645117461681366,1.2466032102854427
16875,51,2585,0.304446816444397,1.1388800144195557
16875,61,3073,0.0230172909796237,1.059440016746521
15901,244,12243,0.0005799104110337,0.9774510264396667
15920,20,1002,0.0004040600615553,0.9844059944152832
15920,22,1138,0.0019651851616799,1.0996500253677368
16848,25,1253,0.0032631831709295,1.3164499998092651
16841,43,2171,0.041638296097517,0.508840024471283
15464,53,2656,0.0011402696836739,1.4886353141743598
15464,171,8558,0.0011383816599845,1.0095100402832031
15900,67,3358,0.3259215354919433,1.114703135501429
16815,10,538,0.0642736852169036,1.3081098459661007
16815,22,1115,0.0683206394314765,1.2668342390479097
15589,107,5387,0.0301416460424661,1.129649996757507
16893,6,341,0.0227100886404514,1.0918644200349874
16851,101,5059,0.0029019708745181,0.9047459959983826
16794,5,262,0.0054662278853356,1.086940050125122
15447,49,2492,0.022080197930336,0.01627544785303133
17011,107,5383,0.0309815853834152,1.0
17011,378,18928,0.0143361613154411,1.0007400512695312
15634,12,630,0.0466437861323356,1.0844903975040125
15469,329,16455,0.0093038128688931,0.3853349983692169
16921,220,11031,0.0099450396373867,0.9245479702949524
16926,187,9391,0.00239845411852,0.8631669878959656
16845,283,14185,0.0330218635499477,1.0111000537872314
15917,308,15441,0.0152697656303644,1.012779951095581
16751,100,5016,0.0787205696105957,0.9314529895782472
16751,100,5046,0.0114821195602417,1.4666800498962402
15501,151,7576,0.0534538999199867,0.02166006379364523
16950,53,2679,0.0403025075793266,1.1001399755477903
15500,131,6578,0.047072347253561,1.0272400379180908
15500,228,11424,0.0109342485666275,1.0919400453567505
16942,146,7346,0.9683699011802672,2.2239999771118164
15875,11,555,0.0604896359145641,1.009269952774048
15875,388,19423,0.0191412717103958,1.1233700513839722
15774,353,17689,0.9412577748298644,0.4273039996623993
16119,182,9142,0.7971243262290955,0.9849629998207092
17004,170,8520,0.0209499411284923,1.0900800228118896
17004,172,8608,0.0048708459362387,1.1208699941635132
16888,369,18489,0.1500787734985351,0.5365390181541443
16562,46,2329,0.019199950620532,0.03177596637978119
16499,148,7417,0.1922693103551864,1.040519952774048
16499,423,21177,0.0018110675737261,7.029718963189225
16172,69,3476,0.0336984731256961,0.9502379894256592
16172,193,9671,0.0448143221437931,1.0195900201797483
16172,503,25186,0.0148475626483559,1.0202800035476685
15489,56,2809,0.003996480256319,0.5080050230026245
16855,10,547,0.1856268942356109,1.0386699438095093
16751,179,8998,0.0703676342964172,0.6137419939041138
16925,101,5094,0.4059262871742248,0.972687005996704
16841,114,5708,0.0322521328926086,1.7406200170516968
16546,121,6066,0.0844900012016296,0.7004989981651306
16853,88,4403,0.0110768973827362,1.3282061257226019
16853,91,4555,0.0483439564704895,1.0315699577331543
16853,94,4749,0.0256834365427494,1.248329997062683
16853,195,9758,0.0405557379126548,1.0920499563217163
15805,54,2727,0.3873072266578674,0.9781669974327089
16955,32,1627,0.0771949589252471,1.2066711568711244
15877,13,656,0.0777812674641609,0.4325135149997265
15877,13,670,0.0801994204521179,1.117959976196289
15801,113,5695,0.005511017050594,1.0943200588226318
16885,83,4166,0.0175452753901481,1.0343600511550903
15489,46,2344,0.000685027684085,0.9805949926376344
15489,119,5968,0.1906117796897888,1.1308599710464478
15489,138,6940,0.0099866576492786,1.0776300430297852
15901,155,7795,0.2911291122436523,0.8762000203132629
15901,155,7797,0.0971464440226554,0.6364390254020691
15901,214,10714,0.0231656432151794,0.8308780193328857
15901,369,18451,0.0232775602489709,1.140589952468872
15639,39,1997,0.0068303635343909,1.2086800336837769
15588,58,2911,0.0182874929159879,1.2251499891281128
16858,14,712,0.0477834604680538,0.9812020063400269
16858,14,728,0.0346823036670684,1.1981099843978882
16858,260,13025,0.0161771699786186,0.7740449905395508
16858,260,13048,0.0009847038891166,0.6861039996147156
15882,230,11517,0.0476133376359939,1.027690052986145
15924,58,2928,0.0036575621925294,1.0673671481013969
16960,39,1983,0.0994267612695694,0.7893480062484741
16960,144,7247,0.0177871864289045,0.8833310008049011
15713,24,1232,0.0259936414659023,1.048069953918457
15713,36,1821,0.0271842591464519,0.5635640025138855
15479,211,10571,0.9617972373962402,1.0057899951934814
15479,344,17206,0.0172478109598159,1.0395699739456177
16864,85,4275,0.0036004625726491,2.374880075454712
16864,97,4855,0.0911931321024894,1.2374199628829956
15634,59,2999,0.001473881304264,0.6273729801177979
16744,43,2164,0.0064393528737127,0.9384409785270692
16744,219,10992,0.0004333126998972,1.042799949645996
16798,61,3087,0.2660968899726867,1.030900001525879
16798,127,6358,0.0493060089647769,1.0631500482559204
15785,151,7579,0.0026831144932657,0.6896690130233765
16965,35,1760,0.1191937327384948,1.0129499435424805
16965,47,2377,0.0137624274939298,0.8785579800605774
16109,57,2873,0.0039439471438527,0.7673829793930054
15593,186,9320,0.0124378576874732,0.9751060009002686
15498,72,3611,0.1753506362438202,0.9248170256614684
15498,131,6556,0.0145165892317891,0.6512730121612549
16565,6,301,0.007437131833285,1.1088099479675293
16565,15,789,0.0232897941023111,0.8080589771270752
16565,16,844,0.002157334703952,0.9993209838867188
15479,360,18033,0.1298214197158813,0.8174899816513062
16571,77,3855,0.0023384832311421,1.1218299865722656
16571,77,3874,0.0199543330818414,1.0421500205993652
15640,95,4797,0.1535516232252121,1.103700041770935
15484,107,5386,0.0357851795852184,0.9509220123291016
16158,1,72,0.3473851382732391,0.3549290001392364
16158,459,22980,0.0041149836033582,0.9999520182609558
15801,267,13381,0.0269871335476636,0.9102090001106262
15801,357,17851,0.8360689282417297,0.6970750093460083
16473,35,1780,0.0054489593021571,1.012719988822937
16473,102,5129,0.0012489174259826,0.9667840003967284
16473,109,5463,0.0527266412973403,0.9842039942741394
15901,73,3679,0.0361477248370647,1.0609899759292605
16743,63,3194,0.0370526798069477,0.9251929661703713
16970,129,6492,0.0105923740193247,1.1261109496985922
15799,15,790,0.1140083074569702,1.4738099575042725
15799,73,3683,0.5044542551040649,1.1168800592422483
16544,136,6840,0.5959441065788269,0.7579560279846191
16529,12,614,0.0634674429893493,1.442131397779178
16529,12,637,0.237537145614624,0.8509439826011658
16864,63,3178,0.0295001231133937,0.8812940120697021
16864,185,9261,0.0136221814900636,0.9537209868431092
16864,185,9299,0.0924126207828521,1.0518900156021118
16509,218,10949,0.1759039610624313,1.1915355093297393
16119,391,19599,0.4286090731620788,1.0986388543817611
16854,42,2144,0.1191469430923461,0.4622789919376373
16854,139,6981,0.0208696238696575,0.6400179862976074
16119,521,26073,0.014688235707581,1.1141200065612793
16158,332,16646,0.0021081324666738,1.0327399969100952
16158,453,22674,0.8994016647338867,0.6426696708416557
16137,77,3893,0.0304265134036541,0.6529150009155273
16544,38,1940,0.0097728641703724,0.455375999212265
16544,38,1948,0.0544867776334285,0.8779249787330627
16594,1,66,0.0044564725831151,1.1748199462890625
15774,37,1878,7.152847683755681e-05,0.5124459862709045
16805,111,5596,0.0041149640455842,0.7074639797210693
16949,102,5124,0.007335933856666,8.736160201716985e-05
16949,102,5142,0.0318584293127059,0.586562991142273
16949,252,12622,0.0332139730453491,0.8962479829788208
16949,297,14863,0.0302768293768167,0.5584459900856018
16949,297,14890,0.0031180053483694,0.7527869939804077
16949,320,16042,0.0551281087100505,0.9611589908599854
16867,136,6845,0.8155810832977295,3.312249119913346e-05
16867,173,8658,0.1147933527827262,0.5954880118370056
15463,62,3134,0.0042771724984049,0.841933012008667
16731,219,10981,0.0862881690263748,0.9612802366809774
15457,199,9983,0.0553561151027679,0.975176990032196
16169,388,19406,0.0662104338407516,0.7526019811630249
15593,189,9495,0.0609027482569217,0.5534650087356567
17045,67,3362,0.0060883676633238,0.6559180021286011
17045,67,3378,0.0139475166797637,0.9866560101509094
16733,11,587,0.2000534534454345,1.0131200551986694
16733,28,1405,0.0152772031724452,1.002060055732727
16733,28,1439,0.0844971612095832,1.088860034942627
16858,121,6064,0.018945837393403,0.8622400164604187
16858,181,9098,0.8675599694252014,1.1378088873592063
15859,47,2352,0.0034829971846193,1.1102099418640137
15877,65,3263,0.0565472170710563,0.7352489845924737
16470,47,2357,0.0067789265885949,1.353950023651123
16819,28,1421,0.439910888671875,1.200719952583313
15901,335,16779,0.004871460609138,0.9744219779968262
16926,209,10472,0.0642989724874496,1.0426700115203855
15774,113,5681,0.028443781659007,1.036679983139038
15774,393,19698,0.0281487423926591,1.1284500360488892
15709,75,3775,0.0031047917436808,0.5671160221099854
15489,120,6024,0.0219785682857036,0.8414260149002075
15489,120,6044,0.0330653898417949,0.6537290215492249
15489,143,7185,0.0190887544304132,0.9903870224952698
15801,118,5926,0.0034940987825393,0.8054609894752502
15801,228,11404,0.2917951345443725,0.868511974811554
15909,166,8347,0.2048626989126205,0.5893599987030029
16741,397,19880,0.2725606560707092,0.983730971813202
16851,143,7151,0.0174904447048902,1.0153800249099731
16467,185,9265,0.0012553217820823,1.006250023841858
16901,67,3371,0.0275213941931724,1.405500054359436
15805,33,1679,0.1319800168275833,1.3635300397872925
15805,40,2009,0.1114853620529174,0.6247749924659729
15805,52,2607,0.0302027761936187,1.2510499954223633
15805,52,2618,0.3569716513156891,0.6204929947853088
16840,70,3507,0.8821674585342407,0.6888059973716736
16199,425,21264,0.0712824612855911,1.0492600202560425
16761,280,14023,0.0037618684582412,1.0585500001907349
16826,257,12887,0.1506944298744201,0.9767680168151855
15309,4,221,0.0060389498248696,1.0319900512695312
15309,20,1032,0.1266950517892837,1.334257138024327
15482,97,4879,0.0258517917245626,0.9365392880443579
16883,145,7255,0.0051449337042868,1.5060299634933472
16978,472,23601,0.3170362710952759,0.984741985797882
16788,126,6332,0.098846323788166,1.0319099426269531
15634,172,8637,0.2198654264211654,1.0849100351333618
15634,244,12249,0.086521103978157,0.9634640216827391
15463,46,2348,0.0033601708710193,0.015149821520710196
16172,67,3375,0.0360579788684845,1.133769989013672
16172,463,23158,0.7932044267654419,0.7107570171356201
15920,30,1538,0.0526284761726856,0.967859983444214
15676,166,8345,0.04618676379323,0.6439849734306335
15928,78,3911,0.0064981933683156,0.952538013458252
16962,13,690,0.1934643387794494,1.105720043182373
16962,76,3831,0.9121564030647278,0.8906204801646425
16761,77,3867,0.0113235618919134,0.9650032920180962
16761,239,11985,0.0260016694664955,1.1475199460983276
16770,188,9441,0.0776779651641845,0.9217900037765504
16199,129,6485,0.0393161997199058,1.019070029258728
16199,325,16290,0.1230587810277938,1.0626699924468994
15486,17,880,0.0080688958987593,0.9060795605993306
15486,33,1680,0.0341958738863468,0.686269998550415
15930,414,20716,0.0100503945723176,0.03744052230946507
15930,503,25163,0.0028395189438015,0.016639127494870284
15930,105,5290,0.0071712881326675,0.9482020139694214
15930,217,10885,0.008436462841928,0.4419150054454803
15902,127,6394,0.0042083701118826,0.9343680143356324
16158,22,1134,0.0518834516406059,0.9646170139312744
16158,384,19201,0.0137418620288372,1.000100016593933
15497,163,8186,0.7782065868377686,6.788386122818863e-06
16169,122,6142,0.0323305539786815,0.9819570183753968
17044,110,5513,0.0036210764665156,0.9793050289154052
17044,179,8951,0.0019607441499829,0.652944028377533
16694,30,1521,0.2858578860759735,0.5275745256787977
15704,19,953,0.0569859072566032,1.0849100351333618
16553,9,478,0.0008224720950238,1.0096499919891355
16553,56,2822,0.907208263874054,0.9372561556793357
15554,18,916,0.956304132938385,0.8870559930801392
16846,256,12848,0.1306637823581695,0.9884246890250099
16846,297,14893,0.0567712672054767,1.0289000272750854
15500,232,11638,0.0131824165582656,1.0320099592208862
16964,0,24,0.0262796077877283,0.5994979739189148
16583,57,2890,0.0167499966919422,1.0312700271606443
15354,53,2665,0.002658667275682,0.8435270190238953
15774,32,1647,0.0427675545215606,1.00927996635437
15774,50,2505,0.3039996922016144,1.0215799808502195
16934,99,4988,0.0063349162228405,1.1728416955777732
16119,28,1405,0.0189792439341545,0.6447070240974426
16883,151,7572,0.0463921055197715,0.7981799840927124
15917,23,1158,0.3130563199520111,1.0384199619293213
15917,339,16990,0.7329163551330566,1.0708003006516265
16809,168,8449,0.0122794741764664,0.978465974330902
16910,67,3387,0.0019666145090013,1.0291399955749512
16809,140,7015,0.3476682305335998,1.0123000144958496
15915,133,6670,0.0031137443147599,0.6940400004386902
15915,133,6688,0.1836096495389938,1.0204099416732788
15915,410,20503,0.0042303563095629,1.0061492182970824
16141,103,5162,0.0017848466522991,1.0266400575637815
15529,148,7413,0.0235371701419353,0.949279010295868
16172,523,26165,0.000826000527013,0.6407170295715332
15859,31,1562,0.0096428738906979,0.0012430618298850907
15859,31,1565,0.0243300255388021,1.0022499561309814
15859,202,10132,0.019364595413208,0.8779129981994629
15514,45,2274,0.4809152781963348,0.9783170223236084
15640,127,6355,0.265512615442276,1.0137799978256226
15640,260,13002,0.0143373468890786,0.5322650074958801
16066,45,2266,0.0033847123850136,1.0212600231170654
17030,136,6824,0.0131852328777313,1.2660399675369265
17030,136,6849,0.0554332956671714,1.0849100351333618
15875,451,22555,0.0109026879072189,0.8922849893569946
16066,24,1204,0.0161104835569858,0.589181828956761
15432,205,10262,0.1435567736625671,0.9650350213050842
15432,232,11639,0.0164070036262273,0.6940292011054225
15652,12,625,0.0100007206201553,0.5191670060157776
15652,12,633,0.0007180909742601,0.6380919814109802
16962,12,650,0.0215007811784744,0.9746670126914978
16962,197,9861,0.0225795693695545,0.878853976726532
16962,213,10686,0.0320425182580947,0.974361002445221
15590,86,4350,0.0041101831011474,1.0278500318527222
15916,443,22178,0.0242182184010744,1.0871700048446655
16842,73,3661,0.0070321829989552,0.9125274813348412
16199,493,24682,0.0005353928427211,0.9482539892196656
17056,96,4832,0.0030899194534868,0.5334089994430542
15713,115,5760,0.0039595896378159,1.2381450595290178
15713,153,7697,0.0404238998889923,0.5629479885101318
16942,145,7263,0.0088702980428934,0.9711080193519592
15701,272,13619,0.3049432337284088,0.9458749890327454
15701,298,14937,0.0872908681631088,1.0332407637991423
16172,138,6930,0.0304584577679634,1.2221599817276
16172,267,13387,0.0614401623606681,0.8205879926681519
15528,157,7860,0.5481071472167969,0.8238250017166138
15528,283,14158,0.0431045182049274,0.6733400225639343
16874,252,12606,0.0016576705966144,10.352664433234965
15640,264,13233,0.1216810792684555,1.0118600130081177
16843,9,490,0.00319290952757,1.0434199571609497
16515,7,382,0.0036169339437037,1.100780010223389
16694,308,15445,0.0980637371540069,0.899810311965453
15875,28,1417,0.0947366207838058,0.4914239943027496
15639,199,9989,0.0040604788810014,1.0861999988555908
15771,23,1165,0.1360427439212799,0.9353740215301514
15771,32,1620,0.0482754595577716,1.0254299640655518
15785,83,4156,0.1412520110607147,0.5975030064582825
16935,237,11894,0.0013919697375968,1.1818672750080168
16935,237,11900,0.536459743976593,0.546970009803772
16841,10,527,0.0144085390493273,0.9845709800720216
16468,60,3048,0.0102267144247889,1.1165981755103618
16468,85,4293,0.0132576394826173,1.0309699773788452
16513,48,2404,0.8207448124885559,0.9749460220336914
16513,54,2713,0.0069657214917242,1.0089000463485718
16793,56,2826,0.0183977559208869,0.9382010102272034
16793,57,2889,0.0023083724081516,0.9873769879341124
15529,275,13779,0.0434988066554069,0.4999130070209503
15935,1,70,0.8730352520942688,0.7194340229034424
15935,1,73,0.1120643466711044,1.1451300382614136
16540,35,1777,0.1320827752351761,1.0831700563430786
15554,27,1362,0.009780079126358,0.4844470024108886
15554,46,2314,0.0277507603168487,0.6317459940910339
16188,109,5495,0.3605945706367492,1.015589952468872
16916,182,9114,0.0109626883640885,1.172719955444336
16499,145,7257,0.0121536729857325,1.1199300289154053
16499,350,17521,0.0520346835255622,0.6570760011672974
16499,350,17530,0.6079236268997192,0.9297900199890136
16119,220,11018,0.0119971325621008,0.7293324267774182
15870,289,14482,0.0077696614898741,0.09599604802936754
15870,198,9908,0.0182209555059671,1.0758299827575684
15870,216,10821,0.131730854511261,0.5513399839401245
15870,255,12790,0.0032939654774963,0.9379460215568542
15870,265,13280,0.0068719708360731,1.0459100008010864
16851,236,11824,0.0830236598849296,1.1300499439239502
15924,49,2452,0.1428628712892532,1.0582900047302246
15924,56,2808,0.5451837182044983,1.0200899839401243
15924,56,2818,0.0011786142131313,0.616023046234261
16355,46,2327,0.4811826944351196,0.996412992477417
16355,68,3447,0.5832112431526184,1.070080041885376
15463,71,3573,0.0419449098408222,1.5196599960327148
15463,118,5933,0.981404185295105,1.1787788086871842
17011,324,16219,0.0152379125356674,1.0828200578689575
16552,77,3852,0.0023031083401292,0.8779129981994629
15916,501,25058,0.0337968245148658,0.9801220297813416
15511,184,9241,0.4998691976070404,0.6100479960441589
15511,215,10797,0.0022872474510222,1.0902099609375
16557,84,4238,0.0125909885391592,0.978551983833313
17036,382,19111,0.7734746336936951,1.0819503235330072
16923,294,14749,0.4579868614673614,0.988493025302887
17005,85,4295,0.2514906525611877,1.09961998462677
16858,59,2973,0.5899755954742432,1.035330057144165
16858,78,3936,0.7206061482429504,0.8654839804457382
15701,279,13985,0.0712789520621299,1.0115200281143188
15294,59,2989,0.0022343101445585,0.6771379709243774
15943,13,692,0.0238911919295787,2.010927156175285
15943,35,1772,0.0198087114840745,0.731893002986908
16551,123,6197,0.0026664154138416,0.9935870170593262
16551,199,9992,0.0153586473315954,0.997730016708374
16551,324,16225,0.0028103014919906,0.9217900037765504
15676,31,1558,0.0032997268717736,0.5353410243988037
15875,265,13265,0.0147371888160705,0.8424990177154541
16499,232,11627,0.1738673448562622,0.8705390095710754
16746,152,7615,0.0020797520410269,0.8930339813232422
15282,44,2219,0.252179741859436,0.9119859933853148
15282,136,6807,0.0040150135755538,1.2161924491276181
15875,360,18002,0.0200327057391405,1.108240008354187
16694,60,3039,0.088384136557579,1.2679597917478986
16694,167,8400,0.0179609023034572,0.8864420056343079
16694,200,10035,0.0152731565758585,1.0249700546264648
15448,64,3215,0.002396042458713,1.0649499893188477
15448,64,3235,0.0063260230235755,0.8957300186157227
15448,76,3818,0.0153151825070381,0.5418450236320496
15448,89,4465,0.1514755338430404,0.3681170046329498
16966,99,4958,0.3501752614974975,0.7470189929008484
16966,109,5457,0.0383833870291709,0.4983029961585998
15432,142,7130,0.0057599376887083,0.5135740041732788
15432,194,9713,0.0187549665570259,0.5987583932950749
15432,194,9718,0.0208633486181497,2.8017899990081787
15875,483,24153,0.0118855582550168,1.1589271942635688
16823,79,3989,0.0009618794429115,1.4078566249146434
16823,81,4078,0.0020830491557717,1.0416300296783447
16119,257,12870,0.001641285023652,15.752784871246151
16199,469,23477,0.018095277249813,0.8053969740867615
15676,49,2480,0.0217702537775039,1.1100000143051147
17034,93,4660,0.9800557494163512,1.141195838586668
16491,12,647,0.0093949288129806,0.5711470246315002
15801,160,8021,0.0160768013447523,0.8619300127029419
16994,85,4296,0.0187251176685094,0.9499469995498656
16894,192,9640,0.0027112166862934,1.1269299983978271
16878,73,3684,0.0035987389273941,1.2332726752119925
15917,418,20905,0.1012778952717781,0.3812350034713745
16964,462,23136,0.2560985386371612,1.045291461465894
16809,100,5029,0.0017073131166398,1.2063599824905396
16489,92,4602,0.0364774800837039,0.971243977546692
16489,92,4619,0.001247199717909,1.207900047302246
16489,248,12410,0.009139665402472,0.0009204096422538766
16148,251,12573,0.0685664191842079,0.3437010049819946
17029,257,12889,0.0647898241877555,1.0084799528121948
17029,257,12891,0.025533527135849,0.8331841992644087
15902,49,2486,0.3137376606464386,0.6458950042724609
15902,184,9235,0.2252175360918045,0.709011971950531
15916,316,15809,0.0805385634303093,1.0498700141906738
15464,271,13559,0.0215862095355987,1.0446300506591797
16150,203,10196,0.0015240352367982,1.0457199811935425
16150,348,17418,0.0107392100617289,1.0
15862,125,6297,0.0042472681961953,0.8198902945827697
16583,178,8941,0.0041496749036014,0.6604970097541809
16583,180,9042,0.7514845728874207,0.8807719945907593
15917,74,3704,0.0191029701381921,0.0014524791872099732
15676,6,311,0.0232482925057411,0.8589320182800293
16161,11,580,0.0512880608439445,1.0
16161,110,5548,0.0008548769401386,1.1936800479888916
16978,272,13617,0.0305106714367866,0.9028859734535216
16978,455,22773,0.0011124388547614,0.9171730279922484
15640,225,11269,0.0320905894041061,1.201405510119912
16110,41,2090,0.5764924883842468,0.9438589811325072
15479,162,8106,0.0016982476226985,0.5865569710731506
15479,169,8500,0.00420175306499,0.4888730049133301
16693,104,5250,0.0212112367153167,0.0484696285467203
15901,69,3457,0.0018525390187278,1.1070300340652466
16919,251,12590,0.024943483993411,1.037369966506958
16919,251,12598,0.997655153274536,1.3215500116348269
16694,41,2077,0.5003341436386108,0.7224400043487549
16694,97,4853,0.0145151428878307,0.9765470027923584
16694,289,14492,0.0879525765776634,0.9223200082778932
17046,13,660,0.0862386301159858,1.4505599737167358
15528,258,12905,0.0788079127669334,0.9289609789848328
16909,59,2966,0.7647044062614441,0.8431580066680908
15790,42,2114,0.0003491072857286,0.3219369947910309
15790,61,3086,0.2754663825035095,1.1625800132751465
16112,58,2949,0.1123862937092781,1.8391618385985564
16947,48,2414,0.2223542332649231,0.00991151508330694
16947,89,4465,0.0387586988508701,0.012602011166488571
15447,247,12368,0.0038887409027665,0.566523015499115
15450,244,12203,0.2751609981060028,0.9773060083389282
15915,231,11560,0.0063920058310031,0.9582650065422058
16761,177,8872,0.001047778292559,1.0547200441360474
16169,217,10887,0.0074869845993816,1.1020300388336182
17037,25,1256,0.0285017918795347,1.1578700542449951
16518,115,5798,0.2125079780817031,0.3152399957180023
15851,47,2375,0.2110368013381958,1.0008699893951416
16499,504,25210,0.9520773887634276,0.5323179960250854
15479,200,10014,0.3707481324672699,0.9766849875450134
15479,201,10057,0.0010730446083471,0.9707059860229492
15479,339,16987,0.0857084989547729,0.998485028743744
17031,0,38,0.0028048492968082,0.9870740175247192
17031,36,1802,0.0071308072656393,0.9870740175247192
15927,234,11707,0.0109373796731233,1.0267399549484253
16744,36,1817,0.0097102867439389,1.4947828560918308
16994,192,9628,0.0212468393146991,1.136989951133728
16588,22,1142,0.1274561434984207,1.3365700244903564
15762,8,426,0.0665011331439018,0.8088529706001282
15762,30,1529,0.0064188665710389,1.0038299560546875
16573,124,6213,0.006229511462152,0.8607439994812012
15554,36,1820,0.0025619305670261,1.0059900283813477
16557,31,1573,0.0074262032285332,1.2485005956123132
16141,74,3735,0.6175388693809509,0.9981250166893004
16782,12,619,0.0029393476434051,0.9472240209579468
15447,64,3211,0.0023152185603976,0.6522849798202515
17052,7,355,0.0585039369761943,0.5368930101394653
17052,7,390,0.4189626574516296,1.0775200128555298
17052,12,610,0.1272255629301071,0.6231222226796405
17052,14,733,0.0170187409967184,0.985518991947174
15489,22,1140,0.058738213032484,0.8207610249519348
16949,483,24195,0.0172974448651075,0.398387998342514
15902,185,9277,0.0039394018240273,1.003159999847412
15511,159,7966,0.0334331281483173,1.0057799816131592
16112,236,11805,0.0513570420444011,1.0
16112,255,12764,0.1331134885549545,1.0510937730929726
15916,291,14557,0.0122764715924859,0.5704590082168579
15799,93,4693,0.0041574104689061,0.7946299910545349
15799,198,9936,0.0009346663719043,0.9276139736175536
16901,50,2514,0.0107203098013997,1.097890019416809
16901,50,2529,0.0194165501743555,0.7817609939570929
16138,0,28,0.0457323975861072,0.8727070093154907
16138,31,1566,0.0024622080381959,0.9607639908790588
16138,33,1696,0.0079015623778104,1.046120047569275
16570,29,1482,0.0518372170627117,1.389449954032898
16570,53,2662,0.0131104150786995,1.0946799516677856
16570,126,6323,0.0159569047391414,1.1307578424870142
15486,151,7575,0.0393280424177646,0.6589480042457581
15983,327,16400,0.2374196201562881,1.3869999647140503
16694,139,6990,0.0314199030399322,1.4818099737167358
16694,324,16221,0.0113194836303591,0.897396981716156
15677,49,2459,0.0024989352095872,1.051010012626648
16828,37,1894,0.0252538379281759,0.6768310070037842
16186,0,29,0.0297995917499065,0.9771689772605896
16150,102,5120,0.545689582824707,0.5601739883422852
15916,151,7594,0.0640782713890075,0.6859854848625062
15917,161,8075,0.0002645789354573,1.0882799625396729
16853,123,6155,0.005187529604882,0.979993999004364
16853,237,11894,0.0053828135132789,0.44998899102211
15701,344,17246,0.0953236520290374,0.9992470145225524
16770,199,9966,0.0347663648426532,1.4570800065994265
16770,213,10677,0.011985907331109,0.9450470209121704
15639,87,4396,0.0124418288469314,0.550525360352168
17055,201,10070,0.3674191236495971,0.7563940286636353
16385,4,248,0.693009614944458,1.0437099933624268
15917,54,2713,0.0834985375404357,1.0816265182677398
15901,310,15524,0.3625930249691009,1.0987844135446423
15917,293,14700,0.0124258510768413,0.999633014202118
15923,15,782,0.0799227654933929,0.96424400806427
15923,316,15848,0.0423925034701824,1.3146563862631382
16150,306,15320,0.1518904566764831,1.029729962348938
16852,72,3614,0.0076237423345446,0.48149103494171897
16526,50,2537,0.0916866213083267,1.034459948539734
16526,55,2769,0.0134437466040253,0.4220300018787384
17045,4,228,0.0622377805411815,1.4175299406051636
17045,4,238,0.0123548852279782,0.9217900037765504
17045,10,521,0.1009142622351646,0.941798985004425
17045,21,1095,0.6362789869308472,0.5285050272941589
15457,67,3375,0.2163372337818145,1.268291569276428
15457,137,6869,0.1143232956528663,0.7603920102119446
16858,63,3161,0.1830004751682281,0.9583560228347778
15780,78,3916,0.00772391166538,1.079596946411968
16923,34,1724,0.0020231187809258,0.960614025592804
16731,307,15359,0.0118345702067017,0.9323769807815552
15897,15,764,0.0275167226791381,0.9997199773788452
15447,117,5853,0.0350323356688022,1.1504700183868408
16119,208,10432,0.0599053464829921,1.0416799783706665
16731,207,10364,0.0110247740522027,1.0
15901,368,18441,0.95524924993515,2.6722400188446045
16679,160,8007,0.352654367685318,0.9111279845237732
16679,160,8009,0.0139626273885369,1.2168713706522567
15877,15,770,0.0681531056761741,0.7625669836997986
16964,386,19314,0.9150622487068176,1.1451900005340576
16964,386,19335,0.0287646315991878,0.6478800177574158
15785,180,9004,0.5592867136001587,1.0783699750900269
16846,278,13910,0.1589092016220092,1.0281100273132324
15862,30,1508,0.0002650710230227,0.9581680297851562
16504,6,335,0.3917692303657532,0.5384479761123657
15450,210,10524,0.0108522968366742,0.5364930103116734
15450,210,10536,0.1178852245211601,2.243666199024787
15450,232,11616,0.0024365021381527,1.0337400436401367
15528,316,15830,0.0001083185925381,0.8143680095672607
15479,55,2771,0.0013554653851315,0.4346779882907867
15463,91,4561,0.0745037272572517,0.6403645412052512
16562,22,1115,0.0508703105151653,0.4906530082225799
16551,118,5921,0.0037515263538807,1.3152802712674827
16551,184,9230,0.0010025717783719,0.4665760099887848
16551,275,13781,0.0040209023281931,0.9299759864807128
16978,71,3554,0.0036237661261111,0.5454080104827881
16821,231,11583,0.068715363740921,0.9985020160675048
15436,124,6201,0.0127892605960369,1.1634926358841113
16511,118,5901,0.3143267631530761,0.57955002784729
15701,453,22671,0.4189748466014862,1.0561082829985935
15590,211,10574,0.148111030459404,1.0373599529266355
15590,261,13054,0.0059501696377992,1.1093499660491943
16910,114,5724,0.0592049360275268,1.2489022496668412
15676,26,1328,0.3681190311908722,0.9858540296554564
16464,17,883,0.0302822440862655,0.9687470197677612
15529,179,8996,0.0018998013110831,0.0005453489330222366
15915,439,21986,0.0269946567714214,1.172432386593471
16734,22,1137,0.0138253811746835,1.2158803325146437
15530,21,1060,0.44151571393013,1.254615314239004
15432,9,455,0.9318572878837584,1.0985003183141657
15432,148,7407,0.029070159420371,1.062600016593933
16468,96,4835,0.0325855873525142,1.0
15432,59,2975,0.0281400997191667,1.139140009880066
15902,474,23727,0.0164870843291282,0.5171669721603394
15882,97,4872,0.0015112350229173,0.5266270041465759
15500,54,2725,0.0041539021767675,2.605848441307586
15500,103,5192,0.0097709679976105,0.0002176935003901061
15801,316,15802,0.0079587679356336,0.6598970293998718
15801,77,3889,0.0575121939182281,1.0303900241851809
15901,376,18806,0.0211463384330272,0.6045964575195268
16112,69,3463,0.0066997776739299,1.0
16112,75,3766,0.0136487567797303,1.0985599756240845
16112,417,20871,0.0804231464862823,1.1402499675750732
16112,417,20892,0.0083858715370297,1.0249700546264648
16850,173,8657,0.0247549898922443,0.4815262479177562
16119,430,21509,0.2408970594406128,1.0208899974822998
16555,158,7933,0.5418828129768372,1.23087310004405
15785,8,446,0.0655531212687492,0.6983829736709595
15785,195,9777,0.0461028255522251,1.080620050430298
16499,42,2103,0.0803863257169723,1.0202699899673462
16499,479,23974,0.0036521500442177,0.5046576886600533
15859,60,3030,0.0423714071512222,0.9768170118331908
15916,179,8983,0.0046820645220577,1.0442800521850586
15305,4,237,0.2486068606376648,0.94131201505661
17028,127,6362,0.0125793917104601,1.121880054473877
17028,178,8912,0.0508066341280937,1.0585500001907349
17028,178,8916,0.0625705495476722,1.0381200313568115
15497,326,16301,0.0786226689815521,0.8583019971847534
15433,66,3347,0.0734054148197174,0.0026273552476338956
16776,254,12726,0.9214425086975098,1.2060600519180298
15463,501,25096,0.2892183661460876,0.6843019723892212
16731,211,10570,0.0120671028271317,1.124269962310791
16731,443,22165,0.0034325649030506,1.0188000202178955
16731,464,23250,0.0073463581502437,0.97010999917984
15902,291,14600,0.0448782444000244,1.0463000535964966
15902,153,7675,0.0676695257425308,0.6378759741783142
15902,432,21611,0.0257237032055854,0.9596859812736512
16141,283,14179,0.0037521596532315,0.65488201379776
16118,125,6257,0.001010586740449,1.1465799808502195
15436,26,1344,0.0236758645623922,0.4770579934120178
16148,44,2201,0.7216048240661621,1.5036100149154663
16148,72,3621,0.0237520653754472,0.6370409727096558
16148,119,5970,0.0024890066124498,0.7329679727554321
16148,119,5972,0.0287044513970613,1.0944499969482422
15780,75,3794,0.0645720288157463,1.1585899591445925
16188,56,2842,0.0396973565220832,0.02388808863158438
15762,277,13886,0.0311586558818817,0.6931189894676208
16789,20,1044,0.0147364549338817,0.9176899790763856
16789,21,1061,0.0081356596201658,1.0770839888152042
16843,150,7524,0.0016924483934417,1.032389998435974
16948,241,12071,0.0097611686214804,0.6961060166358948
17024,25,1273,0.029185302555561,0.05929961063986866
16907,22,1111,0.0196080487221479,0.6046149730682373
16907,31,1575,0.0377411022782325,1.2250299453735352
15785,269,13486,0.014265201985836,1.0261399745941162
15785,269,13499,0.0112177869305014,0.781830735768061
15774,461,23053,0.037563607096672,0.8780660033226013
15774,484,24208,0.2965458929538727,0.5252230167388916
16821,212,10639,0.0127208931371569,1.4339100740308484
16942,179,8993,0.0009984513744711,1.4225499629974363
15901,293,14660,0.0073283296078443,0.5633410215377808
16583,213,10695,0.011139390990138,1.3438400030136108
15774,229,11458,0.0087477732449769,0.9088699817657472
15774,362,18144,0.0011715171858668,0.9985123516538863
15494,29,1498,0.0107825379818677,1.07941997051239
16524,171,8567,0.0104294894263148,1.0033299922943115
16524,333,16653,0.0051758443005383,0.5100259780883789
16118,35,1769,0.0188292749226093,1.166174389150072
16788,105,5259,0.0002940171398222,1.1030100584030151
16858,126,6304,0.0782599300146102,0.390527993440628
16858,200,10007,0.0100760217756032,0.8373730182647705
16858,200,10043,0.0149961337447166,1.046820044517517
15457,95,4776,0.0139628062024712,0.5368930101394653
16544,45,2255,0.0353358276188373,1.2036900520324707
16544,45,2294,0.0510156825184822,0.9862189888954164
16544,65,3278,0.0041246460750699,1.3170576059542043
16544,168,8431,0.0143263339996337,1.3767900466918943
16882,75,3764,0.0040445723570883,1.0106099843978882
16119,338,16922,0.0565783642232418,1.186750054359436
16199,104,5249,0.0291559658944606,1.0819300413131714
16693,8,411,0.0038660543505102,1.0665899515151978
16693,52,2648,0.0008370752329938,1.038159966468811
16970,43,2195,0.140088602900505,1.0820417054729958
16746,49,2457,0.0029870166908949,0.648796021938324
15484,377,18869,0.0738296657800674,0.6990730166435242
16896,0,46,0.01376473903656,0.851032018661499
16896,86,4303,0.1399158537387848,0.5507799931229512
16744,76,3849,0.0703043639659881,0.5762479901313782
16586,9,458,0.0566835105419158,1.272570013999939
17034,248,12433,0.0114272395148873,0.9076539874076844
15590,337,16898,0.1618507802486419,0.9303159713745116
17034,82,4119,0.0538664013147354,0.7468615247017283
17034,82,4139,0.0761927664279937,1.1093800067901611
16118,29,1487,0.0043036541901528,0.532800018787384
16118,194,9724,0.0062052579596638,1.0016599893569946
15801,52,2636,0.2995080649852752,0.12442212808244156
16161,120,6011,0.0647766962647438,0.9990000128746032
16161,120,6050,0.0431394577026367,1.1754993908700726
16476,4,233,0.0615097284317016,1.2138745294605826
16946,6,342,0.0554279349744319,1.0275700092315674
15799,100,5044,0.0017513084458187,1.0046099424362185
15799,169,8465,0.2346143573522567,0.9945949912071228
15282,135,6789,0.1759616732597351,0.7170544303324817
16925,88,4449,0.1157066747546196,1.020859956741333
16583,279,13988,0.0021142854820936,0.5304509997367859
15901,281,14094,0.1103371605277061,1.0038700103759766
15916,51,2567,0.0820588171482086,0.9463923056934078
15916,89,4462,0.0079654045403003,1.0453699827194214
16931,76,3838,0.0014810558641329,0.8911949992179871
17031,6,330,0.0027663721702992,1.011080026626587
17031,8,442,0.0196204856038093,0.770892641443325
17031,18,908,0.1304222494363784,0.979544997215271
16196,91,4588,0.0151386391371488,0.5324169993400574
16731,339,16995,0.0055188443511724,1.1990699768066406
16850,8,436,0.0071859695017337,1.2346099615097046
15943,58,2914,0.0451225750148296,0.977512001991272
15484,326,16333,0.0292094983160495,0.6448050141334534
15859,240,12050,0.0487169064581394,0.9347339868545532
15859,264,13212,0.0696027055382728,1.0145200490951538
15762,288,14439,0.0072219935245811,0.9730219841003418
15701,120,6043,0.0014341274509206,0.9800469875335692
15486,80,4004,0.0394846871495246,1.1959999799728394
15923,161,8059,0.1942822933197021,1.0602500438690186
15923,479,23957,0.0025051201228052,1.3240543975484516
16962,331,16574,0.0079346597194671,0.561119019985199
14642,65,3257,0.0059852246195077,1.1551392196410577
15893,81,4066,0.1454126387834549,0.9217900037765504
15893,81,4070,0.3335361182689667,1.0081199407577517
15927,433,21700,0.9614812135696412,0.10491535506082121
15466,64,3209,0.0195977892726659,0.9703720211982728
15466,105,5252,0.2717126905918121,1.1922401611339524
15803,35,1758,0.0027225757949054,1.2039799690246582
15803,35,1790,0.1220819428563118,0.9673569798469543
15829,11,589,0.2165754437446594,1.0235400199890137
15722,68,3421,0.0023483380209654,1.189620018005371
15722,83,4163,0.0064198370091617,0.7944560050964355
15873,129,6492,0.0050079813227057,0.994359016418457
15465,113,5673,0.0580324418842792,1.0448999404907229
15800,32,1612,0.0244093406945467,1.0966476862324726
15800,34,1742,0.3129024803638458,0.5473459959030151
15800,232,11648,0.0629416108131408,0.640691133631961
15696,34,1735,0.088510662317276,0.9099889993667604
15861,84,4231,0.0856344625353813,0.7050032242872462
15800,61,3055,0.0337286219000816,1.2481000423431396
15859,157,7871,0.0844238921999931,1.0071899890899658
15859,199,9993,0.0195157080888748,3.8945511581181694e-08
15883,38,1919,0.0087952148169279,0.8371909856796265
15828,118,5938,0.0154966479167342,1.028630018234253
15828,199,9988,0.0177455898374319,0.9747719764709472
15875,508,25432,0.0355301313102245,0.5553900003433228
15875,516,25811,0.2134626656770706,0.9585530161857604
15875,537,26867,0.0011219221632927,0.994737982749939
15595,14,714,0.0033965962938964,1.2173899412155151
15443,23,1176,0.4356435239315033,1.1019599437713623
15697,39,1993,0.0228644721210002,1.1115700006484983
15875,262,13143,0.0315992794930934,1.0103700160980225
15458,147,7386,0.1030044481158256,1.2132400274276731
15603,78,3902,0.0178394541144371,1.01937997341156
15603,78,3948,0.1168665140867233,1.0208699703216553
15871,44,2244,0.0137940282002091,0.5084959864616394
15446,7,353,0.0396932326257228,0.8934879899024963
15846,1,96,0.0491477623581886,1.0215200185775757
15846,58,2922,0.0072627430781722,1.0153199434280396
15931,498,24928,0.1857083290815353,0.660040020942688
15706,73,3669,0.0228364169597625,0.8558750152587891
15783,330,16508,0.0408592708408832,1.021049976348877
15474,70,3532,0.0245953500270843,1.0319900512695312
15592,22,1105,0.0120759168639779,0.8183220028877258
15592,22,1147,0.0303311925381422,0.9941195171964522
15592,50,2545,0.2047943621873855,1.0292600393295288
15501,140,7010,0.008150290697813,1.049960017204285
15603,187,9366,0.0238229557871818,1.2350381618861659
15715,214,10714,0.0913764610886573,0.5468109846115112
15596,40,2035,0.0037734736688435,0.9482499957084656
15596,40,2046,0.0012476863339543,1.0269399881362915
15792,16,829,0.0950033143162727,1.0322699546813965
15792,58,2918,0.0049149952828884,1.6444150063859977
15921,109,5459,0.0108446478843688,1.3121455973882092
15921,109,5471,0.0167529638856649,1.1081685762683333
15859,144,7242,0.1051115915179252,0.5609729886054993
16148,100,5004,0.4075475335121155,1.1672099828720093
15678,56,2838,0.0013003449421375,0.8066549897193909
14734,247,12360,0.0024069242645055,1.1529003206741208
15589,185,9280,0.0502736866474151,1.0428199768066406
15800,64,3219,0.5320615768432617,1.008769989013672
15783,20,1014,0.0007715453975833,1.0299500226974487
15783,189,9466,0.0728112831711769,0.4438810050487518
15783,221,11098,0.000833011989016,0.9968600273132324
15873,88,4425,0.0074046989902853,0.6280019879341125
15873,106,5345,0.1484154164791107,1.0334500074386597
15550,5,300,0.7234823703765869,4.400902562980168e-13
15550,10,505,0.2826208770275116,0.8816589713096619
15632,28,1410,0.0144115667790174,0.5952762088891461
15632,28,1443,0.0186579562723636,1.203056232966006
15473,187,9391,0.0232268348336219,1.0231499671936035
15499,51,2577,0.0008106294553726,0.9144709706306458
15499,83,4159,0.7260440587997437,0.9887869954109192
15844,9,459,0.037102960050106,0.752701997756958
15715,26,1329,0.0036280315835028,0.9980559945106506
15715,77,3881,0.0509438626468181,0.8782939910888672
15715,190,9546,0.2968862056732178,1.4765299558639526
15656,74,3710,0.0237374529242515,0.5422559976577759
15656,74,3723,0.0171468947082757,0.9137357381024316
15859,173,8663,0.0074416389688849,1.0373599529266355
15919,50,2536,0.0202181302011013,1.074869990348816
15880,44,2232,0.0232560485601425,1.0242700576782229
15880,44,2234,0.0418879427015781,0.6902269721031189
15797,55,2793,0.0607376620173454,1.0098899602890017
15697,71,3567,0.3202269077301025,0.028873490852786746
15777,42,2137,0.002606859896332,0.9876890182495116
15777,47,2379,0.126248300075531,1.018180012702942
15800,87,4381,0.0661830455064773,1.278120040893555
15783,408,20408,0.2495136857032776,1.013129949569702
15722,65,3285,0.2405993491411209,0.6232454026696246
16970,101,5093,0.0120333768427371,1.2197878203830328
16970,101,5098,0.0129983192309737,1.289870023727417
15751,1,79,0.0143659468740224,0.07656797523792043
15692,16,815,0.3084600269794464,0.5665760040283203
15692,19,976,0.0092985183000564,0.6983879804611206
15806,49,2460,0.0018146754009649,1.0
15806,60,3018,0.009709246456623,1.0
15777,63,3157,0.0557362101972103,1.2688100337982178
15477,1,98,0.1680373549461364,0.4842050075531006
15477,13,672,0.0255009941756725,1.064479947090149
15700,61,3087,0.0542999394237995,0.9464679956436156
15491,254,12731,0.0007159038214012,1.3510248603524815
15460,19,986,0.1812324225902557,0.4580160081386566
15696,86,4323,0.0214344188570976,1.0039000511169434
15416,107,5397,0.5567871332168579,0.6346679925918579
15416,144,7239,0.0031990772113204,0.3432709872722626
15901,362,18123,0.0432788021862506,1.0433599948883057
15910,97,4898,0.0007906401879154,1.6165900230407717
15467,6,345,0.7220350503921509,2.5094713687569606e-07
15467,9,468,0.9663159251213074,1.798126595127514e-05
15714,29,1451,0.0483900532126426,0.4786739945411682
15783,219,10968,0.0008133181836456,1.0850399732589722
15588,420,21037,0.2304757684469223,1.1630100011825562
15783,410,20527,0.0198091845959424,0.7519069910049438
14453,4,226,0.018233673647046,0.9085688233325584
14453,14,707,0.0322069190442562,1.3025782371876742
14453,28,1432,0.0028587363194674,1.460569977760315
14976,176,8822,0.019851729273796,1.5467031987308957
15800,60,3050,0.0299233384430408,1.2955100536346436
15491,286,14318,0.0078870393335819,1.0542199611663818
15673,36,1820,0.0462152585387229,0.336995005607605
15673,81,4096,0.0007955540786497,1.5386889659055354
15834,165,8269,0.2726426124572754,1.0449399948120115
15867,22,1148,0.0034581101499497,1.071969985961914
15867,106,5332,0.0018242134246975,0.8738560080528259
15669,46,2340,0.0084196431562304,0.9875320196151732
15442,191,9579,0.0009081331081688,0.8882949948310852
15921,0,27,0.0444566011428833,0.5489439964294434
15921,80,4036,0.8870702981948853,0.9270129799842834
15910,34,1732,0.0076967389322817,0.3418630063533783
15910,251,12573,0.0009492419776506,0.02807672663713839
15859,121,6089,0.1393889337778091,0.8730683648261817
15778,137,6900,0.0044115814380347,1.1374599933624268
15778,146,7318,0.3187366127967834,0.6187610850817293
15460,58,2931,0.03533685952425,1.2123090348858199
15706,43,2173,0.0355203934013843,1.0376229761100149
15710,39,1983,0.1789982616901397,1.2291200160980225
15710,39,1995,0.0004663381550926,0.5301210284233093
15857,10,543,0.1697451323270797,1.3105483711806298
15857,32,1617,0.0022883564233779,1.0791000127792358
15700,4,228,0.0151013042777776,0.7372009754180908
15700,4,244,0.2088155448436737,1.070989966392517
15442,17,898,0.9997159838676452,0.0030811952971161382
15442,143,7168,0.0077681043185293,0.4640269875526428
15473,122,6150,0.0498017035424709,1.2953285421757528
15473,211,10571,0.0131393009796738,1.0648000240325928
15603,10,544,0.0079735098406672,0.9168319702148438
15722,138,6927,0.0094106644392013,0.5167040228843689
15722,138,6946,0.0012950665550306,1.158229947090149
15828,279,13969,0.0148319834843277,1.16404852756888
15751,30,1504,0.0007753998506814,1.0901800394058228
15751,30,1512,0.0023745943326503,0.4676760137081146
15867,171,8552,0.0290074460208416,0.9217900037765504
15483,2,132,0.0009719464578665,0.9008600115776062
15483,7,395,0.0025209949817508,1.138990044593811
15520,54,2745,0.0136290760710835,1.1006055534520558
15632,51,2597,0.0728048235177993,0.9184389710426332
15846,161,8082,0.0780823156237602,0.5311220288276672
15722,127,6381,0.0389710329473018,0.9946860074996948
15876,44,2216,0.0177196599543094,0.387703001499176
15520,29,1452,0.000917988421861,0.5331389904022217
15520,91,4564,0.0225477218627929,1.0842900276184082
15722,60,3019,0.3709300458431244,1.377879977226257
15901,130,6514,0.0845426544547081,1.39382004737854
15783,345,17253,0.1600469797849655,1.359013280451137
15466,4,231,0.0119138369336724,1.3546600341796875
15867,170,8523,0.0110217751935124,1.2053385172016533
15708,39,1970,0.1994579881429672,0.884379776599431
15708,69,3453,0.1337297260761261,0.46402360999685754
15783,6,324,0.20682193338871,1.0459699630737305
15919,82,4149,0.1810658276081085,1.292003253662557
15590,138,6901,0.0172400064766407,0.9523820281028748
15922,8,431,0.0152156772091984,0.8707420229911804
15922,34,1739,0.8693014979362488,0.5234670042991638
15593,177,8880,0.0022802436724305,0.9951930046081544
15593,206,10328,0.0443104393780231,0.5604514777370183
15783,241,12099,0.0102244801819324,0.602508008480072
16389,0,32,0.0647399425506591,1.1405688419002902
15678,7,368,0.0064922790043056,0.9223309755325316
15678,34,1708,0.0006264171097427,0.9969189763069152
15783,88,4403,0.0044536259956657,0.7077109813690186
14734,12,647,0.1387902200222015,1.3320801551869295
15633,22,1144,0.0466443859040737,1.0025670710772092
15783,70,3501,0.0020051684696227,0.9460129737854004
15987,425,21268,0.0218731965869665,0.011008902104781428
15859,156,7833,0.4062438011169433,0.9807779788970948
15859,250,12504,0.1241567656397819,0.9680050015449524
15592,47,2364,0.0099186981096863,1.0210800170898438
15859,105,5266,0.0162109155207872,1.0199999809265137
14990,68,3447,0.0283298958092927,0.9789040088653564
15657,10,516,0.1960561424493789,1.2625136333979015
15657,31,1568,0.6007554531097412,0.8565800189971924
15657,35,1763,0.0644734352827072,1.4791100025177002
15783,300,15040,0.0128613738343119,0.0086620949356559
15779,62,3112,0.1391104310750961,1.1480735272905565
15907,52,2625,0.1408641040325164,0.6356430053710938
15689,34,1736,0.0003210763679817,0.4004339873790741
15913,2,137,0.0358527563512325,0.8137789964675903
15913,2,142,0.0060723568312823,1.0590699911117554
15730,12,615,0.0270233657211065,0.984279990196228
15464,83,4177,0.3678266108036041,0.7852230072021484
15464,280,14001,0.0023313588462769,0.909080982208252
15778,43,2185,0.0651162415742874,0.946520984172821
15778,169,8486,0.2427618354558944,0.9217900037765504
15834,122,6142,0.0252652093768119,1.0958900451660156
15834,197,9862,0.3066000044345855,1.5857499837875366
15923,154,7727,0.031995091587305,1.2494399547576904
15509,91,4563,0.0409191139042377,0.9982479810714722
15907,34,1729,0.0065354984253644,0.7947329878807068
15520,120,6015,0.0095767648890614,0.485861986875534
15636,3,193,0.0763886198401451,0.5368599891662598
15520,1,55,0.183015301823616,1.104449987411499
15832,10,509,0.031402476131916,0.7388799786567688
15489,63,3173,0.3576917350292206,1.409749984741211
15910,201,10063,0.1138387247920036,1.0374200344085691
15689,117,5882,0.1350192129611969,1.0268399715423584
15689,157,7858,0.0548713356256485,0.4960500001907348
15689,268,13441,0.0075364522635936,0.9772040247917176
15888,18,910,0.0282443258911371,1.0993200540542605
15828,232,11621,0.0568046011030674,0.9989929795265198
15878,78,3939,0.7300602793693542,0.5571689506410848
15696,41,2085,0.0992106273770332,0.8631579875946045
15778,191,9572,0.2623227536678314,1.5231000185012815
15782,28,1422,0.0047925347462296,1.0615400075912476
15445,0,27,0.0036555263213813,0.4423759877681732
15445,14,723,0.0779751390218734,1.003209948539734
15466,207,10385,0.0068386658094823,0.5067949891090393
15700,13,661,0.0234136693179607,1.4350099563598633
15700,54,2736,0.1664027720689773,1.377879977226257
15829,4,209,0.0336817875504493,1.1164300441741943
15903,25,1286,0.0593956336379051,1.1664587134583473
15895,6,344,0.1153835579752922,0.5586000084877014
15895,15,768,0.0026511941105127,0.8779129981994629
15832,160,8012,0.0020603537559509,1.0242600440979004
15832,160,8027,0.0019615429919213,0.7122308168078462
15832,165,8255,0.0418275967240333,0.7701119780540466
15907,109,5464,0.0056635001674294,1.0856499671936035
15509,131,6579,0.0182587597519159,0.9541540145874025
15680,15,779,0.2939551770687103,0.9842659831047058
15827,0,12,0.3277726173400879,0.6188330054283142
15792,23,1177,0.0010691324714571,0.9920570254325868
15792,178,8942,0.0101986620575189,0.851839005947113
15792,178,8944,0.2312816530466079,0.5486609935760498
15792,150,7501,0.5575502514839172,1.0150860623071196
15466,119,5987,0.002346666296944,0.5437750220298767
15467,15,770,0.0187594387680292,0.9751759767532348
15467,39,1970,0.000739901792258,1.3336299657821655
15641,0,21,0.0126404073089361,1.0463698819972933
15588,44,2240,0.1748958230018615,0.9939950108528136
15474,38,1937,0.3006207346916199,1.3535501783156436
15680,85,4262,0.0057974974624812,1.0863422821613822
15803,40,2029,0.012005291879177,1.0294300317764282
15777,114,5711,0.0035371901467442,0.4921010136604309
15828,380,19029,0.0079326070845127,1.0395499467849731
16379,111,5597,0.0034648408181965,0.9990379810333252
15880,28,1422,0.0582104288041591,0.8942019939422607
15894,128,6419,0.0017711982363834,0.4902800023555755
15878,8,432,0.0207990892231464,1.003000020980835
15878,21,1092,0.0588016994297504,0.5624420046806335
15683,44,2231,0.1520458757877349,1.028120040893555
15473,168,8446,0.1738470494747162,1.0770424987474527
15803,16,818,0.0128216193988919,0.967859983444214
15803,54,2718,0.0488040596246719,1.1021300554275513
15846,8,427,0.1854700744152069,1.1727999448776243
15867,33,1665,0.0241270549595356,1.0353599786758425
15867,33,1694,0.2474949359893798,0.9612910151481628
15491,163,8190,0.3152210712432861,0.5413209795951843
15491,208,10438,0.663446843624115,0.7926087938263606
15880,41,2075,0.006108718458563,0.9799439907073976
15509,31,1594,0.0686703473329544,0.8398460149765015
15509,143,7169,0.0988604202866554,1.1965500116348269
15800,109,5488,0.9242231845855712,1.0525000095367432
15800,136,6824,0.406631201505661,0.453031986951828
15800,215,10775,0.0042751040309667,0.8511459827423096
15692,15,796,0.0467718988656997,0.497976005077362
15692,36,1818,0.0161392837762832,1.010040044784546
15692,38,1922,0.0088978912681341,0.6547253011455325
15692,38,1948,0.9438538551330566,0.5829240083694458
15702,39,1988,0.082343190908432,0.7965430021286011
15706,56,2847,0.1415374726057052,0.5045709279843322
15873,157,7851,0.0407464280724525,1.0208899974822998
15715,112,5616,0.0030408389866352,0.4823020100593567
15778,151,7586,0.0133568327873945,0.969219982624054
14453,129,6492,0.1909854114055633,0.9964789748191832
15442,14,743,0.0015328587032854,1.0926799774169922
15442,148,7405,0.7728568911552429,0.6019570231437683
15783,56,2847,0.0016998668434098,0.8158569931983948
15861,10,508,0.1547649055719375,1.2620400190353394
15883,14,730,0.0118565214797854,1.0007799863815308
15828,174,8729,0.0475480817258358,19.306812598335004
15828,259,12968,0.2911476194858551,1.6353036662911788
15597,9,496,0.0376652516424655,0.9217900037765504
15700,1,76,0.0066871754825115,1.0430099964141846
15700,18,940,0.418690413236618,1.4947921652937168
15700,30,1540,0.1659498363733291,1.10224271510198
15898,39,1951,0.8681955933570862,1.0459100008010864
15846,88,4441,0.056947011500597,1.1296099424362185
15846,104,5211,0.0023758925963193,1.742650032043457
15894,37,1859,0.0033542725723236,1.0496400594711304
15894,37,1888,0.5605018138885498,1.029039978981018
15894,119,5969,0.7755372524261475,0.4231390058994293
16993,143,7164,0.039316352456808,0.9172887873745594
15448,162,8109,0.0050858459435403,0.6155440211296082
15689,79,3974,0.553210437297821,1.6523900032043457
15907,89,4490,0.0256982576102018,1.036870002746582
15589,242,12124,0.0006998751778155,0.6962689757347107
15589,242,12128,0.00657998630777,0.6369490027427673
17097,13,687,0.0086983572691679,0.09615876528973641
15824,5,277,0.8684080243110657,0.7565400004386902
15603,59,2956,0.0779358372092247,0.5481172122508581
15442,119,5970,0.1226938962936401,1.1725266534720902
15681,4,235,0.892989456653595,1.01488995552063
15681,8,443,0.2329041063785553,0.8661379814147949
15803,17,865,0.079858012497425,0.9924179911613464
15803,58,2948,0.0245722234249115,0.8779129981994629
15460,43,2176,0.0008300533518195,0.005676307617268431
15846,156,7814,0.1036835685372352,0.97250497341156
15846,156,7816,0.0225988943129777,1.1763021725092528
15632,8,441,0.1037942767143249,0.9445430040359496
15592,143,7176,0.0216572359204292,0.8737750053405762
15722,114,5721,0.0945606678724289,0.5559430122375488
15442,38,1907,0.0057845967821776,1.126579999923706
15913,43,2160,0.0312804691493511,1.1143836369067088
15913,60,3023,0.0649351328611373,0.9515780210494996
15528,198,9919,0.1660422086715698,1.0780199766159058
15528,394,19711,0.5928857922554016,1.0470800399780271
15592,193,9652,0.2889803051948547,1.1212400197982788
15777,122,6123,0.0130549920722842,1.3366600275039673
15910,164,8222,0.1279764175415039,1.193450292308782
15919,76,3835,0.1515573114156723,0.9531360268592834
15710,35,1755,0.0430933944880962,0.84723299741745
15592,93,4669,0.0035830351989716,1.0992976173425149
15673,39,1956,0.0955329686403274,1.0325000286102295
15673,39,1994,0.0548276677727699,0.5186269879341125
15467,11,570,0.0715856775641441,1.0024499893188477
15473,95,4800,0.0198307652026414,0.7708710225196356
15473,135,6766,0.0053950631991028,1.1971700191497805
15689,75,3776,0.0004535764164756,1.031999945640564
15828,484,24238,0.0872563794255256,1.665060043334961
15895,1,53,0.0040795598179101,0.52777498960495
15859,116,5836,0.4429846107959747,0.9464370012283324
15828,15,761,0.0057346764951944,1.2559349568529967
15828,203,10172,0.008388933725655,1.0211399793624878
15907,104,5207,0.1192807108163833,0.5283610224723816
15656,42,2103,0.5772238969802856,0.9322400093078612
15656,51,2573,0.0036138696596026,1.0190099477767944
15792,83,4160,0.0082166343927383,2.046647067849463
15792,202,10104,0.4942382574081421,0.481139987707138
15701,61,3091,0.0020512130577117,0.8470110297203064
15701,62,3145,0.0040218038484454,0.9263070225715636
15838,0,13,0.0228976737707853,0.5832059979438782
15863,23,1186,0.0061980569735169,0.5001220107078552
15603,57,2868,0.0204262696206569,1.286520004272461
15603,135,6774,0.004003457725048,1.0016393799181955
15509,108,5445,0.036315094679594,1.7171599864959717
15907,2,138,0.0134110832586884,1.0209100246429443
15485,29,1467,0.0044121695682406,0.9039084881226955
15806,63,3199,0.0249163415282964,0.9884039759635924
15806,114,5702,0.009479371830821,1.0432599782943726
15965,517,25865,0.003529836423695,1.0856599807739258
15965,517,25866,0.0039083412848412,0.3985280096530914
15520,134,6704,0.0701838880777359,1.1122900247573853
15840,4,241,0.0016393142286688,0.973766028881073
15689,248,12423,0.0264539700001478,1.1210999488830566
15689,276,13838,0.1441445052623748,0.6637340188026428
15689,40,2002,0.0071928715333342,1.2277446953020286
16112,16,824,0.5585525631904602,1.0511800050735474
15696,28,1431,0.9391210675239564,0.8959689736366272
15922,7,376,0.0012223339872434,1.041059970855713
15519,8,421,0.2385614812374115,1.0944499969482422
15846,138,6941,0.0144129004329442,1.1899199485778809
15846,178,8947,0.0046762395650148,1.0463099479675293
15923,437,21866,0.1741527915000915,0.602627971391442
15923,437,21899,0.1334456354379654,0.951457977294922
15828,388,19445,0.0086467685177922,0.9273020029067992
15603,7,387,0.0005257028387859,0.4706481796488155
15603,204,10220,0.1747546941041946,1.0371099710464478
15680,69,3488,0.0587593168020248,1.040869951248169
15680,75,3755,0.4161955118179321,0.8802390098571777
15603,38,1911,0.0087395617738366,0.8817710280418396
15458,30,1544,0.0071861357428133,0.8730890154838562
15458,141,7069,0.5547657012939453,7.410118348104739e-07
15762,45,2288,0.9085448384284972,1.0489599704742432
15762,312,15638,0.0229194648563861,1.0044699907302856
15803,49,2456,0.0033335529733449,0.5460649728775024
15803,105,5288,0.217646911740303,0.00010568990732881188
15701,444,22204,0.2060052454471588,0.8254209756851196
15466,135,6793,0.1292835772037506,1.1245399713516235
15715,64,3235,0.062493473291397,1.1667799949645996
15715,109,5478,0.0054778610356152,1.046582885473413
15466,87,4352,0.1346918642520904,0.7343109846115112
15923,8,414,0.0015295794000849,1.0552699565887451
15783,98,4901,0.0393043309450149,1.0
15783,178,8922,0.0038306454662233,0.5446609854698181
15710,24,1239,0.00570216961205,0.5226259827613831
15449,24,1203,0.0522803328931331,0.6345109939575195
15931,463,23192,0.0286722630262374,1.0838700532913208
15859,255,12783,0.1671892702579498,1.3084986103571055
15528,24,1216,0.2071521133184433,0.8488280177116394
15596,0,47,0.1712203919887542,1.0433000326156616
15151,101,5065,0.0109099503606557,0.053825566407875496
15669,4,237,0.0575129576027393,0.9829249978065492
15669,15,771,0.0026837142650038,1.0463900566101074
15669,15,787,0.0006608287221752,0.9499729871749878
15474,53,2661,0.0004804994096048,0.4901449978351593
15871,8,426,0.7467676401138306,1.1144915248050893
15591,83,4152,0.1101135537028312,0.990215003490448
15667,34,1730,0.003412035992369,1.0207500457763672
15715,33,1665,0.0021747250575572,0.4953379929065704
15698,2,145,0.5869373083114624,9.163730042383103e-08
15467,37,1882,0.0079493159428238,1.319949984550476
15467,46,2344,0.0867170169949531,1.0509300231933594
15462,8,410,0.002756972098723,0.9357709884643556
15462,116,5838,0.0126594537869095,0.8688179850578308
15721,13,657,0.0292996503412723,9.60561585686007e-10
15458,40,2050,0.0012345039285719,1.091230034828186
15458,91,4584,0.1717459261417389,1.1676759897894227
15465,27,1368,0.0008375702891498,0.6387050285543552
15465,78,3942,0.0062582548707723,0.9888039827346802
15683,46,2345,0.0450016483664512,1.0
15828,343,17166,0.0035921155940741,0.9746270179748536
15437,30,1547,0.0038867390248924,0.5744349956512451
15437,33,1688,0.0109188463538885,0.707958996295929
15892,0,4,0.0384940579533577,0.5347989797592163
15706,68,3409,0.0049263592809438,0.4929809868335724
15706,72,3643,0.0004423887876328,0.5963337529655064
15878,5,289,0.0276791118085384,0.976170003414154
15878,20,1002,0.8008101582527161,0.9432060122489928
15973,36,1839,0.0244534201920032,1.0096100568771362
15973,92,4626,0.0029613091610372,0.9881269931793212
15689,336,16805,0.6057405471801758,0.9573670029640198
15722,187,9389,0.0754399523139,0.9827920198440552
15903,48,2414,0.0214824713766574,1.2577345720569613
15903,58,2938,0.0073925866745412,0.8698520064353943
16477,17,896,0.0275901556015014,0.950963020324707
16477,27,1351,0.3934503197669983,1.005079984664917
15880,5,267,0.0040112785063683,1.3120211355679885
15880,5,294,0.039083857089281,0.9503089785575868
15880,10,511,0.0204831641167402,0.043724807189340346
15880,17,870,0.0041532171890139,0.962906002998352
15783,118,5923,0.2670710682868957,1.0438899993896484
15783,225,11274,0.0022522737272083,0.3537600040435791
15867,101,5057,0.0466394387185573,1.1299500465393066
15442,52,2607,0.0364374704658985,1.0327800512313845
15806,29,1473,0.0051815751940011,1.0792800188064575
15806,57,2853,0.757988452911377,1.056439995765686
15846,180,9048,0.007117114495486,1.076449990272522
15840,3,173,0.0088216131553053,0.914588987827301
17332,38,1911,0.04830764234066,1.1074729709723528
17332,38,1917,0.0332477390766143,1.9031096136844636
14154,251,12597,0.0595682449638843,0.5081419944763184
15715,44,2244,0.0511542744934558,0.7497031734775561
15794,144,7242,0.0006200277712196,0.9812729954719543
15921,62,3130,0.0228002667427063,1.023110032081604
15921,72,3610,0.0162604041397571,0.7589390277862549
15697,36,1834,0.9798097610473632,2.023639919313425e-05
15800,92,4646,0.0018506338819861,1.3850204131456962
15987,51,2589,0.0219210423529148,0.3317469954490661
15987,397,19852,0.0273047666996717,0.6045369478537594
15987,469,23499,0.0317686460912227,1.5115228752004841
15794,142,7124,0.9934343099594116,0.4980250000953674
15794,181,9095,0.0277088172733783,0.8345929980278015
15794,19,958,0.6602874994277954,1.2576384423313982
15762,215,10783,0.0042565767653286,0.929310977458954
15491,173,8667,0.0018148378003388,0.9837369918823242
17028,4,241,0.0012987104710191,0.010167233833239905
15689,116,5804,0.9479402899742126,1.0005899667739868
15689,116,5811,0.0110427681356668,1.182135892074939
15689,179,8951,0.0424753613770008,0.9067180156707764
15442,33,1689,0.0692964345216751,0.7266860008239746
15846,54,2738,0.0815464630722999,1.3931961601738292
15491,127,6394,0.0030918254051357,0.8919219970703125
15491,366,18345,0.4352454245090484,0.9910839796066284
15910,68,3419,0.0256761163473129,1.0457899570465088
15832,75,3763,0.3197079598903656,0.4496490061283111
15596,51,2598,0.0323070436716079,1.010949969291687
15915,266,13316,0.0503021068871021,0.9936619997024536
15465,20,1030,0.029775021597743,1.3250696478278599
15465,37,1886,0.1314657777547836,0.9466220140457152
15834,65,3259,0.2636246681213379,1.7222053621227076
15834,113,5652,0.1158811375498771,0.9496809840202332
15834,151,7566,0.0214932337403297,1.1044600009918213
15591,95,4779,0.0479318872094154,1.2306699752807615
15465,6,329,0.0201271288096904,0.9290549755096436
15465,6,348,0.0098925372585654,1.0379899740219116
15878,25,1268,0.0354397892951965,1.09552001953125
15715,155,7764,0.007753137499094,1.1805100440979004
15599,12,643,0.0067849173210561,0.6686800122261047
15483,19,970,0.0036135243717581,1.3188606334170034
15516,31,1598,0.0073337987996637,1.099009990692139
15516,51,2587,0.0332378670573234,0.6779990196228027
15800,170,8549,0.0050659142434597,0.8297950029373169
15141,8,409,0.696005642414093,0.8380370140075684
15141,35,1786,0.1488622426986694,0.540336012840271
15443,82,4122,0.0154662607237696,0.8428630232810974
15603,60,3047,0.0032075089402496,0.758044590678665
15919,27,1367,0.0500467345118522,0.9968270063400269
15919,29,1468,0.0075030955485999,1.038508139247682
15592,19,981,0.0378826037049293,1.0238900184631348
15701,31,1587,0.0470958240330219,1.0194100141525269
15458,105,5295,0.001718335552141,1.035899996757507
15715,71,3587,0.0216347947716712,1.141319990158081
15715,72,3624,0.5584551692008972,1.1434999704360962
15800,224,11227,0.0134034631773829,0.9471510052680968
15689,78,3906,0.0177707318216562,0.5259180068969727
15689,152,7605,0.1588762402534485,0.5700399875640869
15680,68,3427,0.0123903760686516,0.803072988986969
15828,109,5461,0.1054542809724807,1.0925026400842768
15859,129,6453,0.0052286507561802,0.29268129170656465
15469,34,1703,0.4876352548599243,0.715811014175415
15437,19,979,0.0118172792717814,0.4536750018596649
15588,0,41,0.0231541711837053,0.8450469970703125
15588,209,10472,0.0019934049341827,1.056066268762244
15794,87,4355,0.1911659091711044,0.6284760236740112
15680,20,1049,0.0060653216205537,0.4086819887161255
15680,86,4326,0.0581239983439445,1.292115054363535
15633,2,148,0.3170208632946014,0.9207479953765868
15921,160,8016,0.0131408656015992,0.8595250248908997
15778,6,321,0.0053071910515427,0.7203346012636445
15907,69,3491,0.0146686434745788,0.7087500095367432
15907,83,4182,0.0144983110949397,1.1391600370407104
15680,101,5075,0.046222299337387,1.0632599592208862
15828,70,3525,0.1085463538765907,3.46909945401137
15828,298,14921,0.0092509882524609,1.6412999629974363
15673,35,1774,0.0054109399206936,1.172700047492981
15673,85,4259,0.1490421146154403,1.8105943807036053
15673,85,4293,0.005108811892569,1.0258899927139282
15886,6,327,0.012009460479021,0.4751740097999573
15496,54,2708,0.0591376982629299,1.072510004043579
15496,54,2733,0.0015874690143391,1.0651999711990356
15496,120,6018,0.0100688952952623,1.0674899816513062
15603,75,3751,0.0483925752341747,0.7462779879570007
14453,24,1224,0.0258252620697021,1.0703799724578855
14453,81,4075,0.7579978704452515,0.6716269653329476
16134,231,11593,0.6261429190635681,0.9902719855308532
15689,249,12457,0.4793106913566589,0.656046986579895
15689,249,12482,0.0124325407668948,0.9697830080986024
15434,10,533,0.0029859191272407,1.1160399913787842
15783,33,1660,0.1094643175601959,0.5165560245513916
15783,207,10368,0.0121964821591973,1.0781899690628052
16148,0,33,0.1400252878665924,0.7450079917907715
16148,37,1859,0.0110460221767425,1.0161999464035034
15496,29,1464,0.0077262399718165,0.7929739952087402
15762,263,13177,0.0521810501813888,1.0095900297164917
15762,331,16600,0.083058200776577,0.6009200215339661
15592,186,9348,0.2237128913402557,0.9496970176696776
15592,204,10228,0.8882902264595032,1.0377399921417236
15846,76,3801,0.3111962378025055,0.6463980078697205
15846,76,3845,0.0509032011032104,1.0063799619674685
15846,96,4841,0.996967613697052,1.0372200012207031
15846,96,4848,0.0025900700129568,0.9756420254707336
15710,14,713,0.00655900221318,0.4743160009384155
15828,38,1917,0.0109535008668899,1.2791099548339844
15921,67,3383,0.0773232132196426,1.041159987449646
15910,105,5253,0.0199510678648948,1.0769599676132202
15910,109,5489,0.8570080995559692,1.354550004005432
15446,69,3479,0.0284460745751857,1.048949956893921
15800,277,13894,0.0452787093818187,1.521035175094255
15657,6,329,0.0050158142112195,1.3116137441284081
15657,29,1485,0.1188549026846885,1.0760400295257568
15438,20,1035,0.0005309617845341,1.3139599561691284
15438,20,1046,0.0005045869620516,0.9935219883918762
15462,38,1912,0.0522745996713638,1.186973624501661
15462,58,2949,0.0018361203838139,0.8525040149688721
15873,219,10985,0.0989926159381866,0.9875739812850952
15714,8,421,0.0877855345606803,0.5434169769287109
15867,137,6899,0.0030616435687988,0.8606749773025513
15834,149,7451,0.0027734846808016,0.8819209933280945
15834,164,8209,0.006168074440211,0.9475209712982178
15446,3,184,0.2106627970933914,1.0919699668884275
15449,31,1554,0.0692500621080398,0.9608987302570142
15509,68,3421,0.0338821783661842,1.0795600414276123
15774,295,14800,0.1068137437105178,1.00478994846344
15832,95,4758,0.0154242273420095,1.631440043449402
15509,38,1931,0.0062574399635195,0.9608219861984252
15527,38,1923,0.0038948559667915,1.1648992323315637
15527,52,2634,0.0103012342005968,1.0034500360488892
15527,52,2640,0.9874550104141236,0.4031949937343597
15871,18,904,0.0363229662179946,0.8779129981994629
15871,67,3388,0.9911688566207886,0.9814079999923706
15509,89,4477,0.0619330294430255,3.429223261392622
15509,140,7008,0.0578835494816303,1.073070049285889
15591,86,4328,0.1395735740661621,1.029579997062683
15636,38,1914,0.0147125627845525,0.9703310132026672
15828,6,311,0.0025329994969069,1.2235645089153027
15846,110,5514,0.0222360361367464,0.6555290222167969
15778,64,3221,0.2015161961317062,1.0113099813461304
15778,71,3563,0.0040107653476297,0.4981580078601837
15778,139,6969,0.0611339583992958,0.9651960134506226
15783,110,5507,0.1543337255716323,1.0575599670410156
15783,173,8674,0.0032305906061083,1.0124900341033936
15872,10,506,0.0162267629057168,0.9296090006828308
15903,42,2140,0.0972627475857734,1.189910054206848
15697,57,2882,0.422527939081192,0.5609319806098938
15700,81,4052,0.0090332077816128,1.1171233307649258
15706,29,1470,0.1348781585693359,1.038159966468811
15734,2,141,0.0073561146855354,0.3982970118522644
16548,5,271,0.0294138379395008,0.9714329838752748
16548,5,285,0.0910095497965812,1.1475662514612426
15846,79,3987,0.2602916657924652,1.0226500034332275
15894,89,4478,0.404916375875473,1.4228349891546088
15894,196,9825,0.0655961856245994,0.8500400185585022
15894,205,10275,0.0277801118791103,0.0038313055031267123
15509,26,1322,0.0025609049480408,1.048449993133545
15673,32,1603,0.0122488485649228,1.0434999465942385
15466,180,9022,0.0007225849549286,0.9650710225105286
16346,260,13011,0.0022652950137853,1.0391299724578855
16346,304,15229,0.0116052748635411,1.084130048751831
16750,71,3575,0.0086982743814587,1.011620044708252
16750,71,3587,0.0575831420719623,0.5769879817962646
15179,77,3900,0.0498054809868335,1.2339439060950785
15923,0,18,0.0039447527378797,0.654242992401123
15923,295,14796,0.020071592181921,0.6060469746589661
15673,96,4807,0.0036785176489502,0.4779790043830871
15751,6,321,0.0294196493923664,1.049100041389465
15751,31,1600,0.0096902335062623,0.9364910125732422
15496,36,1816,0.0282336603850126,1.0066100358963013
15777,27,1400,0.1722276508808136,0.992385983467102
15762,157,7873,0.0185356270521879,0.9221270084381104
15762,328,16439,0.7361198663711548,1.0125499963760376
15696,36,1830,0.0007015082519501,1.039989948272705
15696,61,3065,0.0055841919966042,1.019919991493225
15834,106,5318,0.0024309437721967,1.0990500450134275
15828,158,7918,0.0550713017582893,1.0425000190734863
15783,313,15698,0.007033925037831,0.4398269951343536
15639,214,10725,0.0016311614308506,0.8779129981994629
15462,64,3207,0.0054209907539188,0.9871399998664856
15462,156,7821,0.0316265113651752,0.8899919986724854
15878,39,1983,0.1990405023097992,0.6233360171318054
15696,46,2301,0.0910664275288581,0.611790506949724
15696,46,2347,0.0121095208451151,1.1244392835239978
15451,72,3607,0.0041746804490685,1.1195000410079956
15451,72,3617,0.0342295430600643,0.9374570250511168
15923,113,5671,0.05491429194808,0.9623540043830872
15603,156,7829,0.0114509379491209,0.981460988521576
15931,91,4582,0.0108919562771916,0.9160119891166688
15876,1,74,0.2577842175960541,0.9217900037765504
15876,65,3271,0.0067081442102789,0.8154280185699463
15782,1,54,0.1103897169232368,1.5375800132751465
15867,74,3708,0.0832122564315795,1.2852599620819092
15867,76,3840,0.0304694604128599,1.0249700546264648
15667,39,1969,0.0127899227663874,1.0239299535751345
15667,39,1975,0.9947932362556458,0.7852250924822499
15828,192,9637,0.0008891620091162,0.7770190238952637
15828,283,14177,0.0011426275596022,0.9237430095672609
15462,90,4548,0.0045681083574891,1.0483900308609009
15174,90,4537,0.0005723275244235,0.715535169839228
15174,90,4540,0.0074291988275945,0.08346791291134535
15174,209,10478,0.0626434236764907,1.0843700170516968
15828,161,8063,0.0149926263839006,1.0092899799346924
15828,161,8065,0.7012619972229004,0.7362359762191772
15499,0,6,0.0101063027977943,0.797868013381958
15499,2,122,0.1156654208898544,0.5641480088233948
15443,89,4470,0.0475789681077003,1.0680099725723269
15443,90,4546,0.2666448652744293,0.9454569816589355
15449,35,1752,0.0217315312474966,0.8919399976730347
15449,35,1774,0.4298309683799743,0.8797953970466779
15491,188,9428,0.2280893474817276,1.0207200050354004
15778,12,621,0.1689545214176178,1.0543500185012815
15778,14,724,0.1216171458363533,0.4491569995880127
15708,13,661,0.0458162203431129,0.5738189816474915
15647,8,420,0.0070883831940591,0.8092259764671326
15894,51,2567,0.0186110083013772,1.0355600118637085
15910,142,7145,0.0001861556374933,1.0473699569702148
15669,23,1184,0.022767324000597,0.98758202791214
15462,113,5674,0.0655217841267585,0.5206350088119507
15783,280,14004,0.0146067170426249,1.03957998752594
15783,288,14423,0.0727652609348297,1.8892602961366263
15783,319,15961,0.2311383038759231,0.5181679725646973
15834,198,9941,0.2923595905303955,0.5263220071792603
15751,60,3009,0.2682897448539734,0.4750100076198578
15800,63,3187,0.1401591449975967,0.9915279746055604
15800,86,4318,0.0615342855453491,0.9870139956474304
15720,26,1331,0.0014581562718376,0.8607439994812012
15806,100,5012,0.2491586655378341,1.2283999919891355
15806,100,5028,0.0001806781947379,0.9461809992790222
15913,56,2822,0.0006278028595261,0.6609650254249573
15767,38,1946,0.3889886140823364,1.0473899841308594
15767,54,2748,0.0027700802311301,2.03410962217005
15894,25,1267,0.2959403395652771,0.8966429829597473
15894,214,10711,0.0122483512386679,0.9274939894676208
15894,226,11318,0.0100242020562291,0.051013356142520956
16563,27,1390,0.0413993149995803,0.9411680102348328
15722,93,4654,0.0049616708420217,1.010890007019043
15722,93,4677,0.6171874403953552,0.9305269718170166
15722,99,4990,0.0976941436529159,0.06906883771573998
15722,50,2541,0.0982696115970611,0.5223820209503174
15722,50,2543,0.0079581132158637,0.9946960210800172
15722,183,9184,0.1445327252149582,1.0473899841308594
15603,93,4662,0.0118723874911665,0.8964018371002567
15918,24,1216,0.0023986059240996,1.008489966392517
15676,113,5695,0.0053846673108637,1.0289100408554075
15676,161,8095,0.0118297189474105,1.2757519987485468
15676,217,10864,0.0269532930105924,1.0054700374603271
15662,3,194,0.00529306801036,1.0644999742507937
16925,23,1175,0.0021545577328652,0.8508209004486886
15595,0,47,0.073891595005989,0.7028409838676453
15803,4,214,0.0375204980373382,0.8823850154876709
15803,33,1655,0.0146970739588141,0.3928509950637817
15803,33,1659,0.0042659183964133,0.9947519898414612
15775,25,1258,0.2926630079746246,0.9040669798851012
15442,146,7320,0.0655287131667137,1.3920600414276123
15667,7,367,0.0045393365435302,0.5928339958190918
15667,30,1524,0.0200283396989107,1.1737377328036729
15919,55,2798,0.0086430618539452,1.125380039215088
15919,60,3006,0.1280031204223632,1.03302001953125
15919,67,3385,0.0281144026666879,0.7953529953956604
15633,3,191,0.0091402735561132,1.0178799629211426
15633,18,939,0.0089297853410243,0.9395139813423156
15655,29,1453,0.0053864778019487,0.8781610131263733
15491,210,10501,0.0087442593649029,0.00047768337498835055
15491,210,10534,0.0024813569616526,0.5936790108680725
15491,247,12371,0.1695409417152404,0.721439003944397
15697,68,3449,0.6281492710113525,1.2170386918118938
15803,92,4611,0.0007860785117372,0.7945259809494019
15461,15,761,0.0093461005017161,1.0178799629211426
15923,264,13243,0.360531747341156,0.9490429759025574
15721,2,121,0.0330998450517654,0.972245991230011
15808,26,1308,0.0240554828196764,1.1596200466156006
15867,150,7539,0.000816979794763,1.0085999965667725
15902,150,7503,0.5109541416168213,0.9979749917984008
15902,350,17545,0.0011500370455905,0.9245280027389526
15644,22,1142,0.5533325672149658,1.0249799489974976
15792,104,5245,0.010376576334238,1.0451099872589111
15794,167,8381,0.0091303726658225,0.2055249959230423
15443,3,163,0.0101915784180164,1.0985000133514404
15443,3,177,0.0516296289861202,1.0033700466156006
15443,19,962,0.0174716580659151,0.0019115284756278151
15591,35,1787,0.067708134651184,0.8745650053024292
15591,61,3051,0.0436291806399822,1.030900001525879
15857,12,614,0.005819943267852,2.3224799633026123
16283,86,4327,0.0315567962825298,0.4439029991626739
16283,143,7194,0.0174650941044092,1.0431100130081177
15466,91,4572,0.9668521285057068,1.021039962768555
15466,91,4589,0.0073194378055632,1.1901799440383911
15603,131,6560,0.0537535659968853,0.7379710078239441
15892,43,2158,0.0136375539004802,1.0290299654006958
15466,154,7725,0.0121399462223052,0.145016972896828
15783,181,9100,0.0780329704284668,1.218559980392456
15708,66,3334,0.0067902659066021,0.8266370296478271
17222,19,982,0.0053832144476473,0.9595246966042908
15897,85,4255,0.0076764300465583,0.8229129910469055
15592,68,3439,0.0111859701573848,1.042330026626587
15592,205,10255,0.0423493757843971,1.053189992904663
15878,83,4153,0.0029693169053643,0.9042050242424012
15778,15,767,0.0030582456383854,0.9310615794594101
15778,92,4623,0.0359634608030319,1.0883699655532837
15808,61,3087,0.0361241586506366,1.1375199556350708
15808,77,3892,0.0084187593311071,1.0047099590301514
15439,56,2833,0.4608578383922577,1.505370020866394
15439,61,3096,0.2719126343727112,0.4766350090503692
15592,11,588,0.0028211381286382,1.085229992866516
15592,21,1095,0.0017447526333853,1.0097700357437134
15894,73,3671,0.0343429334461689,1.2254512227006842
15592,1,88,0.0167382042855024,1.038249969482422
15753,1,61,0.1126256585121154,1.156519527540695
15603,16,850,0.0020771350245922,0.7063549757003784
15603,183,9194,0.0025498413015156,0.8779129981994629
15878,82,4110,0.0150856655091047,0.9217900037765504
15715,92,4616,0.0078921895474195,0.8100816915831217
15715,204,10208,0.2070507407188415,0.901112973690033
15834,92,4643,0.008126207627356,0.7648370265960693
15669,52,2620,0.0181527882814407,0.5774080157279968
15840,37,1895,0.8329252004623413,1.051929950714111
15692,4,229,0.0036991196684539,0.8212000131607056
15692,4,249,0.0093421870842576,0.9937170147895812
15692,33,1682,0.0040188101120293,1.0156999826431274
15923,122,6126,0.0268132332712411,1.0711719826363861
15923,156,7829,0.5894508361816406,1.1162500381469729
15783,298,14939,0.0044237761758267,1.0340499877929688
15797,57,2896,0.0050394195131957,0.9174834174700663
15762,226,11316,0.0243983156979084,1.0238399505615234
15828,78,3919,0.0103324623778462,0.9794229865074158
15591,118,5903,0.5442513227462769,1.3957600593566897
15910,175,8793,0.0129012148827314,0.8272470235824585
15840,47,2381,0.7936964631080627,1.182143341665807
15840,64,3206,0.3550945818424225,0.6171370148658752
15832,74,3728,0.031845711171627,0.4736630022525787
15832,74,3747,0.0011626906925812,0.524308979511261
15641,1,96,0.0179961360991001,1.0933300256729126
15778,117,5860,0.1790831089019775,0.9804800152778624
15778,117,5893,0.0007206734735518,1.0231200456619265
15859,362,18135,0.0011919059325009,1.0351999998092651
15451,10,537,0.0165278986096382,1.0027799606323242
15834,69,3465,0.0113513385877013,0.972793996334076
15834,88,4405,0.0152631560340523,0.6628069877624512
15921,131,6553,0.0067051867954432,1.0405100584030151
15921,131,6557,0.0024849537294358,1.0192099809646606
15680,60,3047,0.3379588723182678,0.5457450151443481
16150,52,2638,0.0530478693544864,1.167515144342147
16150,390,19543,0.0260381400585174,1.049280047416687
14453,42,2137,0.1023228019475936,0.927601993083954
14453,209,10497,0.679440975189209,0.8824984374623455
15894,98,4927,0.067893736064434,0.6972709894180298
15591,177,8867,0.0022957602050155,1.303380012512207
15591,197,9882,0.0733740106225013,0.8779129981994629
15591,197,9893,0.0322275981307029,1.570039987564087
15667,45,2272,0.0023802174255251,0.9090750217437744
15773,27,1370,0.0142536871135234,0.8200525817691187
15792,103,5153,0.002218474401161,1.0417200326919556
15846,145,7285,0.9740269184112548,0.9857829809188844
15797,45,2270,0.6933611631393433,0.5200269818305969
15794,127,6393,0.0211539734154939,1.042019963264465
15783,17,853,0.222758486866951,0.9194660186767578
15783,17,874,0.677830159664154,1.0484100580215454
15439,39,1960,0.1231578141450882,0.5041400194168091
15179,178,8901,0.0259955711662769,1.18094003200531
15179,178,8915,0.0009033521055243,0.026977915749656453
15458,93,4658,0.0288618896156549,0.8804929852485657
15873,228,11441,0.0021306003909558,0.526852011680603
15834,26,1331,0.0015663310186937,1.0783300399780271
15783,163,8196,0.3973026275634765,1.271608191041821
15828,229,11474,0.0196053031831979,0.9302889704704284
15828,497,24884,0.0246937256306409,0.5270379781723022
15656,14,736,0.0005112294456921,1.0141899585723877
15800,13,658,0.0126746129244565,0.96287602186203
15800,160,8044,0.0426047220826149,1.10330776569711
15683,2,118,0.0943860784173011,1.2058833006737188
15465,59,2980,0.0380546823143959,6.395060496509018
15465,92,4640,0.0379374250769615,0.9531599879264832
15603,2,124,0.0398223809897899,0.8486520051956177
15603,122,6112,0.008911526761949,1.23649001121521
15828,189,9495,0.4501384794712066,0.8327590227127075
16028,373,18658,0.0394422300159931,1.0217399597167969
15499,62,3122,0.0818197801709175,0.38816899061203
15509,61,3069,0.0130017586052417,0.5176140069961548
15828,75,3752,0.0181415304541587,0.9870169758796692
15697,40,2048,0.2376830875873565,0.930783987045288
15697,40,2049,0.0289169531315565,0.7185960836642309
15689,32,1602,0.0227344781160354,1.0012600421905518
15521,4,210,0.2433372288942337,0.45312552610685225
15521,7,362,0.0234915241599082,1.051929950714111
15521,7,382,0.1862993836402893,0.9772639870643616
15673,38,1907,0.0295501872897148,1.0996649906395535
15673,49,2453,0.0134972156956791,0.7032979726791382
16389,5,280,0.3268682956695556,0.6025712871526494
15500,128,6401,0.0089385285973548,0.5136139988899231
15783,397,19878,0.0057113855145871,1.5446200370788574
15767,20,1007,0.3037821352481842,0.9100199937820436
15762,18,901,0.0054294527508318,1.0158900022506714
15894,201,10082,0.0135619388893246,1.0485899448394775
15603,29,1471,0.0025168447755277,6.640748853610434
15603,109,5468,0.0218832474201917,0.6815599799156189
15527,34,1731,0.0250563491135835,1.0651999711990356
15702,42,2110,0.0665106624364852,0.8187339901924133
15800,38,1935,0.1272128373384475,0.960893988609314
15800,71,3566,0.9168937802314758,1.0142814495874288
15800,239,11958,0.1886971890926361,0.9583560228347778
15128,135,6779,0.0103202452883124,1.1028499603271484
15922,22,1123,0.0115400338545441,0.3127500116825104
15636,35,1788,0.3071184754371643,0.942704975605011
15689,46,2323,0.0049812155775725,1.0421799421310425
15689,99,4998,0.0028321270365267,1.4947557788455301
15689,173,8683,0.0214283149689435,0.907235026359558
15485,11,554,0.0375126972794532,1.2802300453186035
15828,90,4528,0.0070961057208478,1.006469964981079
15828,239,11999,0.0062620993703603,1.0612200498580933
15692,3,151,0.0583090968430042,0.5404019951820374
15834,214,10736,0.0070080384612083,1.0341099500656128
15443,87,4380,0.0425909385085105,0.9217900037765504
15832,34,1743,-999999.9,1.078279972076416
