method,model,weight_file,input_file,mass_token,entry_number,n_pixels,plane,layer_name,occlusion_size,reason,base_signal_score,base_background_score,active_threshold,active_frac,topk_frac,overlap_topk_signal,overlap_topk_background,has_curves,sig_global_iou@0.01,sig_global_recall@0.01,sig_global_precision@0.01,sig_global_components@0.01,sig_activeonly_iou@0.01,sig_activeonly_recall@0.01,sig_activeonly_precision@0.01,bkg_global_iou@0.01,sig_attr_q99_on_active,sig_attr_max_on_active,sig_pos_frac_active,auc_insertion_signal,auc_deletion_signal,ins_sig_frac_to_90,del_sig_frac_to_50,meta_path
occlusion,mpid,/home/hep/an1522/dark_tridents_wspace/outputs/weights/DM-CNN_model_20260116-10_22_PM_epoch_4_batch_id_1961_labels_2_title_0.001_AG_GN_LM_TRAINING_step_9821.pwf,/data/run1_offbeam_larcv_cropped_full_set.root,,1138,1214,0,,16,A_high_tail,0.997261643409729,0.002845142502337694,0.0,0.00463104248046875,0.01,0.4612743227775658,0.4612743227775658,True,0.4603960396039604,0.9958813838550247,0.4612743227775658,20,0.009884678747940691,0.009884678747940691,1.0,0.4603960396039604,0.44239771366119385,0.563666582107544,0.8179571663920923,0.9496283181011678,0.08444502977654339,0.1,0.1,/vols/sbn/uboone/an1522/cam_methods/occlusion/A_high_tail/run1_samples/mpid/occlusion__ENTRY_1138__offbeam_meta_16.txt
occlusion,mpid,/home/hep/an1522/dark_tridents_wspace/outputs/weights/DM-CNN_model_20260116-10_22_PM_epoch_4_batch_id_1961_labels_2_title_0.001_AG_GN_LM_TRAINING_step_9821.pwf,/data/run1_offbeam_larcv_cropped_full_set.root,,1138,1214,0,,2,A_high_tail,0.9972622394561768,0.002844543196260929,0.0,0.00463104248046875,0.01,0.46318199160625717,0.46318199160625717,True,0.46318199160625717,1.0,0.46318199160625717,20,0.009884678747940691,0.009884678747940691,1.0,0.46318199160625717,0.030652363896369897,0.2662593126296997,0.7273476112026359,0.9498401956632734,0.09624340739101173,0.1,0.1,/vols/sbn/uboone/an1522/cam_methods/occlusion/A_high_tail/run1_samples/mpid/occlusion__ENTRY_1138__offbeam_meta_2.txt
occlusion,mpid,/home/hep/an1522/dark_tridents_wspace/outputs/weights/DM-CNN_model_20260116-10_22_PM_epoch_4_batch_id_1961_labels_2_title_0.001_AG_GN_LM_TRAINING_step_9821.pwf,/data/run1_offbeam_larcv_cropped_full_set.root,,1138,1214,0,,4,A_high_tail,0.997261643409729,0.002845142502337694,0.0,0.00463104248046875,0.01,0.46318199160625717,0.46318199160625717,True,0.46318199160625717,1.0,0.46318199160625717,20,0.009884678747940691,0.009884678747940691,1.0,0.46318199160625717,0.033557761907576866,0.17288726568222046,0.7627677100494233,0.9498387642204762,0.0962269388139248,0.1,0.1,/vols/sbn/uboone/an1522/cam_methods/occlusion/A_high_tail/run1_samples/mpid/occlusion__ENTRY_1138__offbeam_meta_4.txt
occlusion,mpid,/home/hep/an1522/dark_tridents_wspace/outputs/weights/DM-CNN_model_20260116-10_22_PM_epoch_4_batch_id_1961_labels_2_title_0.001_AG_GN_LM_TRAINING_step_9821.pwf,/data/run1_offbeam_larcv_cropped_full_set.root,,1138,1214,0,,8,A_high_tail,0.9972622394561768,0.002844543196260929,0.0,0.00463104248046875,0.01,0.46318199160625717,0.46318199160625717,True,0.46318199160625717,1.0,0.46318199160625717,20,0.009884678747940691,0.009884678747940691,1.0,0.46318199160625717,0.10473579168319702,0.24698907136917114,0.8105436573311368,0.9498401956632734,0.09624340739101173,0.1,0.1,/vols/sbn/uboone/an1522/cam_methods/occlusion/A_high_tail/run1_samples/mpid/occlusion__ENTRY_1138__offbeam_meta_8.txt
occlusion,mpid,/home/hep/an1522/dark_tridents_wspace/outputs/weights/DM-CNN_model_20260116-10_22_PM_epoch_4_batch_id_1961_labels_2_title_0.001_AG_GN_LM_TRAINING_step_9821.pwf,/data/run1_offbeam_larcv_cropped_full_set.root,,2256,946,0,,16,A_high_tail,0.9941054582595825,0.006126153748482466,0.0,0.00360870361328125,0.01,0.3300267073636017,0.3300267073636017,True,0.3201332346410067,0.9143763213530656,0.3300267073636017,15,0.009513742071881607,0.009513742071881607,1.0,0.3201332346410067,0.4205096900463094,0.5019747018814087,0.733615221987315,0.9466112561523914,0.08486188016831875,0.1,0.1,/vols/sbn/uboone/an1522/cam_methods/occlusion/A_high_tail/run1_samples/mpid/occlusion__ENTRY_2256__offbeam_meta_16.txt
occlusion,mpid,/home/hep/an1522/dark_tridents_wspace/outputs/weights/DM-CNN_model_20260116-10_22_PM_epoch_4_batch_id_1961_labels_2_title_0.001_AG_GN_LM_TRAINING_step_9821.pwf,/data/run1_offbeam_larcv_cropped_full_set.root,,2256,946,0,,2,A_high_tail,0.9941073656082153,0.0061241742223501205,0.0,0.00360870361328125,0.01,0.3563525371995422,0.3563525371995422,True,0.35472844663881503,0.9873150105708245,0.3563525371995422,18,0.009513742071881607,0.009513742071881607,1.0,0.35472844663881503,0.0085082322359085,0.02339118719100952,0.6416490486257929,0.9467722790315749,0.0687805614201352,0.1,0.1,/vols/sbn/uboone/an1522/cam_methods/occlusion/A_high_tail/run1_samples/mpid/occlusion__ENTRY_2256__offbeam_meta_2.txt
occlusion,mpid,/home/hep/an1522/dark_tridents_wspace/outputs/weights/DM-CNN_model_20260116-10_22_PM_epoch_4_batch_id_1961_labels_2_title_0.001_AG_GN_LM_TRAINING_step_9821.pwf,/data/run1_offbeam_larcv_cropped_full_set.root,,2256,946,0,,4,A_high_tail,0.9941054582595825,0.006126153748482466,0.0,0.00360870361328125,0.01,0.35291873330789775,0.35291873330789775,True,0.350113550340651,0.9778012684989429,0.35291873330789775,18,0.009513742071881607,0.009513742071881607,1.0,0.350113550340651,0.014683836698532007,0.04879528284072876,0.6215644820295984,0.9466937847435474,0.06881812526844443,0.1,0.1,/vols/sbn/uboone/an1522/cam_methods/occlusion/A_high_tail/run1_samples/mpid/occlusion__ENTRY_2256__offbeam_meta_4.txt
occlusion,mpid,/home/hep/an1522/dark_tridents_wspace/outputs/weights/DM-CNN_model_20260116-10_22_PM_epoch_4_batch_id_1961_labels_2_title_0.001_AG_GN_LM_TRAINING_step_9821.pwf,/data/run1_offbeam_larcv_cropped_full_set.root,,2256,946,0,,8,A_high_tail,0.9941073656082153,0.0061241742223501205,0.0,0.00360870361328125,0.01,0.3464326592903472,0.3464326592903472,True,0.341481760060173,0.959830866807611,0.3464326592903472,16,0.009513742071881607,0.009513742071881607,1.0,0.341481760060173,0.041720119118690474,0.15892106294631958,0.6321353065539113,0.9465760128572585,0.08494462459348143,0.1,0.1,/vols/sbn/uboone/an1522/cam_methods/occlusion/A_high_tail/run1_samples/mpid/occlusion__ENTRY_2256__offbeam_meta_8.txt
occlusion,mpid,/home/hep/an1522/dark_tridents_wspace/outputs/weights/DM-CNN_model_20260116-10_22_PM_epoch_4_batch_id_1961_labels_2_title_0.001_AG_GN_LM_TRAINING_step_9821.pwf,/data/run1_offbeam_larcv_cropped_full_set.root,,2627,328,0,,16,A_high_tail,0.9814391732215881,0.019251545891165733,0.0,0.001251220703125,0.01,0.11140785959557421,0.11140785959557421,True,0.10989838163342115,0.8902439024390244,0.11140785959557421,7,0.009146341463414634,0.009146341463414634,1.0,0.10989838163342115,0.6179118156433105,0.6179118156433105,0.4969512195121951,0.9409813858568669,0.1012519031763077,0.1,0.1,/vols/sbn/uboone/an1522/cam_methods/occlusion/A_high_tail/run1_samples/mpid/occlusion__ENTRY_2627__offbeam_meta_16.txt
occlusion,mpid,/home/hep/an1522/dark_tridents_wspace/outputs/weights/DM-CNN_model_20260116-10_22_PM_epoch_4_batch_id_1961_labels_2_title_0.001_AG_GN_LM_TRAINING_step_9821.pwf,/data/run1_offbeam_larcv_cropped_full_set.root,,2627,328,0,,2,A_high_tail,0.9814391732215881,0.019251545891165733,0.0,0.001251220703125,0.01,0.12323540633346051,0.12323540633346051,True,0.123000761614623,0.9847560975609756,0.12323540633346051,7,0.009146341463414634,0.009146341463414634,1.0,0.123000761614623,0.09727168083190918,0.14773833751678467,0.2896341463414634,0.933513007313013,0.11845194175839426,0.1,0.1,/vols/sbn/uboone/an1522/cam_methods/occlusion/A_high_tail/run1_samples/mpid/occlusion__ENTRY_2627__offbeam_meta_2.txt
occlusion,mpid,/home/hep/an1522/dark_tridents_wspace/outputs/weights/DM-CNN_model_20260116-10_22_PM_epoch_4_batch_id_1961_labels_2_title_0.001_AG_GN_LM_TRAINING_step_9821.pwf,/data/run1_offbeam_larcv_cropped_full_set.root,,2627,328,0,,4,A_high_tail,0.9814299941062927,0.019261065870523453,0.0,0.001251220703125,0.01,0.12170927127050744,0.12170927127050744,True,0.12129277566539924,0.9725609756097561,0.12170927127050744,7,0.009146341463414634,0.009146341463414634,1.0,0.12129277566539924,0.08459894657135023,0.1149645447731018,0.28353658536585363,0.9347293661907315,0.13122523669153452,0.1,0.1,/vols/sbn/uboone/an1522/cam_methods/occlusion/A_high_tail/run1_samples/mpid/occlusion__ENTRY_2627__offbeam_meta_4.txt
occlusion,mpid,/home/hep/an1522/dark_tridents_wspace/outputs/weights/DM-CNN_model_20260116-10_22_PM_epoch_4_batch_id_1961_labels_2_title_0.001_AG_GN_LM_TRAINING_step_9821.pwf,/data/run1_offbeam_larcv_cropped_full_set.root,,2627,328,0,,8,A_high_tail,0.9814391732215881,0.019251545891165733,0.0,0.001251220703125,0.01,0.11827546737886303,0.11827546737886303,True,0.11746873815839333,0.9451219512195121,0.11827546737886303,7,0.009146341463414634,0.009146341463414634,1.0,0.11746873815839333,0.28464224696159385,0.4032837152481079,0.375,0.9390854336321354,0.10672836601734162,0.1,0.1,/vols/sbn/uboone/an1522/cam_methods/occlusion/A_high_tail/run1_samples/mpid/occlusion__ENTRY_2627__offbeam_meta_8.txt
occlusion,mpid,/home/hep/an1522/dark_tridents_wspace/outputs/weights/DM-CNN_model_20260116-10_22_PM_epoch_4_batch_id_1961_labels_2_title_0.001_AG_GN_LM_TRAINING_step_9821.pwf,/data/run1_NuMI_dirt_larcv_cropped.root,,3245,79,0,,16,A_high_tail,0.98243248462677,0.01785660721361637,0.0,0.000301361083984375,0.01,0.03014116749332316,0.03014116749332316,True,0.03014116749332316,1.0,0.03014116749332316,5,0.012658227848101266,0.012658227848101266,1.0,0.03014116749332316,0.9510976076126099,0.9510976076126099,0.9240506329113924,0.935751928575337,0.09550191964954138,0.1,0.1,/vols/sbn/uboone/an1522/cam_methods/occlusion/A_high_tail/run1_samples/mpid/occlusion__ENTRY_3245__dirt_meta_16.txt
occlusion,mpid,/home/hep/an1522/dark_tridents_wspace/outputs/weights/DM-CNN_model_20260116-10_22_PM_epoch_4_batch_id_1961_labels_2_title_0.001_AG_GN_LM_TRAINING_step_9821.pwf,/data/run1_NuMI_dirt_larcv_cropped.root,,3245,79,0,,2,A_high_tail,0.9824283719062805,0.01786087267100811,0.0,0.000301361083984375,0.01,0.03014116749332316,0.03014116749332316,True,0.03014116749332316,1.0,0.03014116749332316,5,0.012658227848101266,0.012658227848101266,1.0,0.03014116749332316,0.3506295084953308,0.3506295084953308,0.6962025316455697,0.9357471562922,0.09548527523875236,0.1,0.1,/vols/sbn/uboone/an1522/cam_methods/occlusion/A_high_tail/run1_samples/mpid/occlusion__ENTRY_3245__dirt_meta_2.txt
occlusion,mpid,/home/hep/an1522/dark_tridents_wspace/outputs/weights/DM-CNN_model_20260116-10_22_PM_epoch_4_batch_id_1961_labels_2_title_0.001_AG_GN_LM_TRAINING_step_9821.pwf,/data/run1_NuMI_dirt_larcv_cropped.root,,3245,79,0,,4,A_high_tail,0.98243248462677,0.01785660721361637,0.0,0.000301361083984375,0.01,0.03014116749332316,0.03014116749332316,True,0.03014116749332316,1.0,0.03014116749332316,5,0.012658227848101266,0.012658227848101266,1.0,0.03014116749332316,0.3756164312362671,0.3756164312362671,0.7848101265822784,0.935751928575337,0.09550191964954138,0.1,0.1,/vols/sbn/uboone/an1522/cam_methods/occlusion/A_high_tail/run1_samples/mpid/occlusion__ENTRY_3245__dirt_meta_4.txt
occlusion,mpid,/home/hep/an1522/dark_tridents_wspace/outputs/weights/DM-CNN_model_20260116-10_22_PM_epoch_4_batch_id_1961_labels_2_title_0.001_AG_GN_LM_TRAINING_step_9821.pwf,/data/run1_NuMI_dirt_larcv_cropped.root,,3245,79,0,,8,A_high_tail,0.9824283719062805,0.01786087267100811,0.0,0.000301361083984375,0.01,0.03014116749332316,0.03014116749332316,True,0.03014116749332316,1.0,0.03014116749332316,5,0.012658227848101266,0.012658227848101266,1.0,0.03014116749332316,0.9267973232269286,0.9324020743370056,0.8227848101265823,0.9357471562922,0.09548527523875236,0.1,0.1,/vols/sbn/uboone/an1522/cam_methods/occlusion/A_high_tail/run1_samples/mpid/occlusion__ENTRY_3245__dirt_meta_8.txt
occlusion,mpid,/home/hep/an1522/dark_tridents_wspace/outputs/weights/DM-CNN_model_20260116-10_22_PM_epoch_4_batch_id_1961_labels_2_title_0.001_AG_GN_LM_TRAINING_step_9821.pwf,/data/run1_NuMI_dirt_larcv_cropped.root,,439,1732,0,,16,A_high_tail,0.9857672452926636,0.014401160180568695,0.0,0.0066070556640625,0.01,0.6322014498283098,0.6322014498283098,True,0.6146142433234422,0.9566974595842956,0.6322014498283098,32,0.009815242494226328,0.009815242494226328,1.0,0.6146142433234422,0.4801735925674446,0.8661159873008728,0.8325635103926097,0.9383948750793935,0.08262667544186116,0.1,0.1,/vols/sbn/uboone/an1522/cam_methods/occlusion/A_high_tail/run1_samples/mpid/occlusion__ENTRY_439__dirt_meta_16.txt
occlusion,mpid,/home/hep/an1522/dark_tridents_wspace/outputs/weights/DM-CNN_model_20260116-10_22_PM_epoch_4_batch_id_1961_labels_2_title_0.001_AG_GN_LM_TRAINING_step_9821.pwf,/data/run1_NuMI_dirt_larcv_cropped.root,,439,1732,0,,2,A_high_tail,0.9857672452926636,0.014401160180568695,0.0,0.0066070556640625,0.01,0.6585272796642503,0.6585272796642503,True,0.6570232204035021,0.9965357967667436,0.6585272796642503,30,0.009815242494226328,0.009815242494226328,1.0,0.6570232204035021,0.04663174688816096,0.2669910192489624,0.754041570438799,0.9388842709362507,0.08822731506079436,0.1,0.1,/vols/sbn/uboone/an1522/cam_methods/occlusion/A_high_tail/run1_samples/mpid/occlusion__ENTRY_439__dirt_meta_2.txt
occlusion,mpid,/home/hep/an1522/dark_tridents_wspace/outputs/weights/DM-CNN_model_20260116-10_22_PM_epoch_4_batch_id_1961_labels_2_title_0.001_AG_GN_LM_TRAINING_step_9821.pwf,/data/run1_NuMI_dirt_larcv_cropped.root,,439,1732,0,,4,A_high_tail,0.9857672452926636,0.014401160180568695,0.0,0.0066070556640625,0.01,0.6562380770698206,0.6562380770698206,True,0.653247246486897,0.9930715935334873,0.6562380770698206,31,0.009815242494226328,0.009815242494226328,1.0,0.653247246486897,0.16449640095234058,0.6720196008682251,0.8140877598152425,0.9388350792229176,0.08656883090734482,0.1,0.1,/vols/sbn/uboone/an1522/cam_methods/occlusion/A_high_tail/run1_samples/mpid/occlusion__ENTRY_439__dirt_meta_4.txt
occlusion,mpid,/home/hep/an1522/dark_tridents_wspace/outputs/weights/DM-CNN_model_20260116-10_22_PM_epoch_4_batch_id_1961_labels_2_title_0.001_AG_GN_LM_TRAINING_step_9821.pwf,/data/run1_NuMI_dirt_larcv_cropped.root,,439,1732,0,,8,A_high_tail,0.9857672452926636,0.014401160180568695,0.0,0.0066070556640625,0.01,0.6497520030522701,0.6497520030522701,True,0.6426415094339623,0.983256351039261,0.6497520030522701,31,0.009815242494226328,0.009815242494226328,1.0,0.6426415094339623,0.20921409130096436,0.3911377787590027,0.8181293302540416,0.9386753268539906,0.08954066485166551,0.1,0.1,/vols/sbn/uboone/an1522/cam_methods/occlusion/A_high_tail/run1_samples/mpid/occlusion__ENTRY_439__dirt_meta_8.txt
occlusion,mpid,/home/hep/an1522/dark_tridents_wspace/outputs/weights/DM-CNN_model_20260116-10_22_PM_epoch_4_batch_id_1961_labels_2_title_0.001_AG_GN_LM_TRAINING_step_9821.pwf,/data/run1_NuMI_nu_overlay_larcv_cropped.root,,4953,1813,0,,16,A_high_tail,0.9995852112770081,0.0004399578319862485,0.0,0.006916046142578125,0.01,0.6577642121327737,0.6577642121327737,True,0.6361623616236163,0.9509100937672367,0.6577642121327737,46,0.009928295642581356,0.009928295642581356,1.0,0.6361623616236163,0.04445016384124756,0.0671127438545227,0.7380033094318809,0.952058271318674,0.20141981542110446,0.1,0.1,/vols/sbn/uboone/an1522/cam_methods/occlusion/A_high_tail/run1_samples/mpid/occlusion__ENTRY_4953__nu_overlay_meta_16.txt
occlusion,mpid,/home/hep/an1522/dark_tridents_wspace/outputs/weights/DM-CNN_model_20260116-10_22_PM_epoch_4_batch_id_1961_labels_2_title_0.001_AG_GN_LM_TRAINING_step_9821.pwf,/data/run1_NuMI_nu_overlay_larcv_cropped.root,,4953,1813,0,,2,A_high_tail,0.9995852112770081,0.0004399578319862485,0.0,0.006916046142578125,0.01,0.6856161770316673,0.6863792445631438,True,0.6814562002275313,0.9911748483177054,0.6856161770316673,48,0.009928295642581356,0.009928295642581356,1.0,0.6827324478178368,0.0010770225524902282,0.009164273738861084,0.6712630998345284,0.9520647265017033,0.32131249383091925,0.1,0.1,/vols/sbn/uboone/an1522/cam_methods/occlusion/A_high_tail/run1_samples/mpid/occlusion__ENTRY_4953__nu_overlay_meta_2.txt
occlusion,mpid,/home/hep/an1522/dark_tridents_wspace/outputs/weights/DM-CNN_model_20260116-10_22_PM_epoch_4_batch_id_1961_labels_2_title_0.001_AG_GN_LM_TRAINING_step_9821.pwf,/data/run1_NuMI_nu_overlay_larcv_cropped.root,,4953,1813,0,,4,A_high_tail,0.9995852112770081,0.0004399578319862485,0.0,0.006916046142578125,0.01,0.679511636779855,0.679511636779855,True,0.6713154918959668,0.9823496966354109,0.679511636779855,49,0.009928295642581356,0.009928295642581356,1.0,0.6713154918959668,0.0027994632720946887,0.009525716304779053,0.7015995587424159,0.9520422197878361,0.375516863912344,0.1,0.1,/vols/sbn/uboone/an1522/cam_methods/occlusion/A_high_tail/run1_samples/mpid/occlusion__ENTRY_4953__nu_overlay_meta_4.txt
occlusion,mpid,/home/hep/an1522/dark_tridents_wspace/outputs/weights/DM-CNN_model_20260116-10_22_PM_epoch_4_batch_id_1961_labels_2_title_0.001_AG_GN_LM_TRAINING_step_9821.pwf,/data/run1_NuMI_nu_overlay_larcv_cropped.root,,4953,1813,0,,8,A_high_tail,0.9995852112770081,0.0004399578319862485,0.0,0.006916046142578125,0.01,0.6734070965280428,0.673788630293781,True,0.6612963656800299,0.9735245449531164,0.6734070965280428,46,0.009928295642581356,0.009928295642581356,1.0,0.6619190404797601,0.006541650295257487,0.013799667358398438,0.7413127413127413,0.9520577766001225,0.5129427172243596,0.1,0.7000000000000001,/vols/sbn/uboone/an1522/cam_methods/occlusion/A_high_tail/run1_samples/mpid/occlusion__ENTRY_4953__nu_overlay_meta_8.txt
occlusion,mpid,/home/hep/an1522/dark_tridents_wspace/outputs/weights/DM-CNN_model_20260116-10_22_PM_epoch_4_batch_id_1961_labels_2_title_0.001_AG_GN_LM_TRAINING_step_9821.pwf,/data/run1_NuMI_dirt_larcv_cropped.root,,952,331,0,,16,A_high_tail,0.9865654110908508,0.013587773777544498,0.0,0.001262664794921875,0.01,0.08737123235406334,0.08737123235406334,True,0.08409842085934631,0.6918429003021148,0.08737123235406334,5,0.00906344410876133,0.00906344410876133,1.0,0.08409842085934631,0.8913989424705503,0.9268144965171814,0.5347432024169184,0.9418206669390201,0.07288661603815853,0.1,0.1,/vols/sbn/uboone/an1522/cam_methods/occlusion/A_high_tail/run1_samples/mpid/occlusion__ENTRY_952__dirt_meta_16.txt
occlusion,mpid,/home/hep/an1522/dark_tridents_wspace/outputs/weights/DM-CNN_model_20260116-10_22_PM_epoch_4_batch_id_1961_labels_2_title_0.001_AG_GN_LM_TRAINING_step_9821.pwf,/data/run1_NuMI_dirt_larcv_cropped.root,,952,331,0,,2,A_high_tail,0.9865743517875671,0.013578732497990131,0.0,0.001262664794921875,0.01,0.11560473101869516,0.11560473101869516,True,0.1143827859569649,0.9154078549848943,0.11560473101869516,7,0.00906344410876133,0.00906344410876133,1.0,0.1143827859569649,0.21153140068054135,0.45362740755081177,0.716012084592145,0.9422205911949277,0.06998052457347512,0.1,0.1,/vols/sbn/uboone/an1522/cam_methods/occlusion/A_high_tail/run1_samples/mpid/occlusion__ENTRY_952__dirt_meta_2.txt
occlusion,mpid,/home/hep/an1522/dark_tridents_wspace/outputs/weights/DM-CNN_model_20260116-10_22_PM_epoch_4_batch_id_1961_labels_2_title_0.001_AG_GN_LM_TRAINING_step_9821.pwf,/data/run1_NuMI_dirt_larcv_cropped.root,,952,331,0,,4,A_high_tail,0.9865654110908508,0.013587773777544498,0.0,0.001262664794921875,0.01,0.10644792064097673,0.10644792064097673,True,0.10437710437710437,0.8429003021148036,0.10644792064097673,8,0.00906344410876133,0.00906344410876133,1.0,0.10437710437710437,0.49919986724853516,0.5473792552947998,0.6827794561933535,0.9415111519396305,0.07220936529338359,0.1,0.1,/vols/sbn/uboone/an1522/cam_methods/occlusion/A_high_tail/run1_samples/mpid/occlusion__ENTRY_952__dirt_meta_4.txt
occlusion,mpid,/home/hep/an1522/dark_tridents_wspace/outputs/weights/DM-CNN_model_20260116-10_22_PM_epoch_4_batch_id_1961_labels_2_title_0.001_AG_GN_LM_TRAINING_step_9821.pwf,/data/run1_NuMI_dirt_larcv_cropped.root,,952,331,0,,8,A_high_tail,0.9865743517875671,0.013578732497990131,0.0,0.001262664794921875,0.01,0.08813429988553988,0.08813429988553988,True,0.08489525909592062,0.6978851963746223,0.08813429988553988,6,0.00906344410876133,0.00906344410876133,1.0,0.08489525909592062,0.83063416481018,0.8554812669754028,0.5921450151057401,0.9413624392822385,0.07501691752113403,0.1,0.1,/vols/sbn/uboone/an1522/cam_methods/occlusion/A_high_tail/run1_samples/mpid/occlusion__ENTRY_952__dirt_meta_8.txt
occlusion,resnet34_gn,/home/hep/an1522/dark_tridents_wspace/outputs/weights/resnet34_gn/resnet34_gn_model_20260123-12_20_AM_epoch_4_batch_id_1961_labels_2_step_9821.pwf,/data/run1_offbeam_larcv_cropped_full_set.root,,1138,1214,0,,16,A_high_tail,0.8087025880813599,0.18993893265724182,0.0,0.00463104248046875,0.01,0.4612743227775658,0.4612743227775658,True,0.4603960396039604,0.9958813838550247,0.4612743227775658,20,0.009884678747940691,0.009884678747940691,1.0,0.4603960396039604,0.7849650979042053,0.7909411787986755,0.8616144975288303,0.7720371499657632,0.17297807559370992,0.1,0.1,/vols/sbn/uboone/an1522/cam_methods/occlusion/A_high_tail/run1_samples/resnet34_gn/occlusion__ENTRY_1138__offbeam_meta_16.txt
occlusion,resnet34_gn,/home/hep/an1522/dark_tridents_wspace/outputs/weights/resnet34_gn/resnet34_gn_model_20260123-12_20_AM_epoch_4_batch_id_1961_labels_2_step_9821.pwf,/data/run1_offbeam_larcv_cropped_full_set.root,,1138,1214,0,,2,A_high_tail,0.8086745142936707,0.18996694684028625,0.0,0.00463104248046875,0.01,0.46318199160625717,0.46318199160625717,True,0.46318199160625717,1.0,0.46318199160625717,20,0.009884678747940691,0.009884678747940691,1.0,0.46318199160625717,0.6602478295564617,0.7688108682632446,0.49835255354200986,0.7778596356511116,0.22319182008504873,0.1,0.1,/vols/sbn/uboone/an1522/cam_methods/occlusion/A_high_tail/run1_samples/resnet34_gn/occlusion__ENTRY_1138__offbeam_meta_2.txt
occlusion,resnet34_gn,/home/hep/an1522/dark_tridents_wspace/outputs/weights/resnet34_gn/resnet34_gn_model_20260123-12_20_AM_epoch_4_batch_id_1961_labels_2_step_9821.pwf,/data/run1_offbeam_larcv_cropped_full_set.root,,1138,1214,0,,4,A_high_tail,0.8087025880813599,0.18993893265724182,0.0,0.00463104248046875,0.01,0.46318199160625717,0.46318199160625717,True,0.46318199160625717,1.0,0.46318199160625717,20,0.009884678747940691,0.009884678747940691,1.0,0.46318199160625717,0.7438862735033032,0.7807637453079224,0.6301482701812191,0.7778863683342936,0.2231944128870964,0.1,0.1,/vols/sbn/uboone/an1522/cam_methods/occlusion/A_high_tail/run1_samples/resnet34_gn/occlusion__ENTRY_1138__offbeam_meta_4.txt
occlusion,resnet34_gn,/home/hep/an1522/dark_tridents_wspace/outputs/weights/resnet34_gn/resnet34_gn_model_20260123-12_20_AM_epoch_4_batch_id_1961_labels_2_step_9821.pwf,/data/run1_offbeam_larcv_cropped_full_set.root,,1138,1214,0,,8,A_high_tail,0.8086745142936707,0.18996694684028625,0.0,0.00463104248046875,0.01,0.46318199160625717,0.46318199160625717,True,0.46318199160625717,1.0,0.46318199160625717,20,0.009884678747940691,0.009884678747940691,1.0,0.46318199160625717,0.7644636034965515,0.7773632407188416,0.8278418451400329,0.7778596356511116,0.22319182008504873,0.1,0.1,/vols/sbn/uboone/an1522/cam_methods/occlusion/A_high_tail/run1_samples/resnet34_gn/occlusion__ENTRY_1138__offbeam_meta_8.txt
occlusion,resnet34_gn,/home/hep/an1522/dark_tridents_wspace/outputs/weights/resnet34_gn/resnet34_gn_model_20260123-12_20_AM_epoch_4_batch_id_1961_labels_2_step_9821.pwf,/data/run1_offbeam_larcv_cropped_full_set.root,,2256,946,0,,16,A_high_tail,0.06234412267804146,0.9369630813598633,0.0,0.00360870361328125,0.01,0.3300267073636017,0.3300267073636017,True,0.3201332346410067,0.9143763213530656,0.3300267073636017,15,0.009513742071881607,0.009513742071881607,1.0,0.3201332346410067,0.1692514114081858,0.20617257058620453,0.5190274841437632,0.07208804991096258,0.07999882521107791,0.0,0.0,/vols/sbn/uboone/an1522/cam_methods/occlusion/A_high_tail/run1_samples/resnet34_gn/occlusion__ENTRY_2256__offbeam_meta_16.txt
occlusion,resnet34_gn,/home/hep/an1522/dark_tridents_wspace/outputs/weights/resnet34_gn/resnet34_gn_model_20260123-12_20_AM_epoch_4_batch_id_1961_labels_2_step_9821.pwf,/data/run1_offbeam_larcv_cropped_full_set.root,,2256,946,0,,2,A_high_tail,0.06233380362391472,0.9369734525680542,0.0,0.00360870361328125,0.01,0.3563525371995422,0.3563525371995422,True,0.35472844663881503,0.9873150105708245,0.3563525371995422,18,0.009513742071881607,0.009513742071881607,1.0,0.35472844663881503,0.039932530373334885,0.06426113843917847,0.3456659619450317,0.06874054614454508,0.07878863159567116,0.0,0.0,/vols/sbn/uboone/an1522/cam_methods/occlusion/A_high_tail/run1_samples/resnet34_gn/occlusion__ENTRY_2256__offbeam_meta_2.txt
occlusion,resnet34_gn,/home/hep/an1522/dark_tridents_wspace/outputs/weights/resnet34_gn/resnet34_gn_model_20260123-12_20_AM_epoch_4_batch_id_1961_labels_2_step_9821.pwf,/data/run1_offbeam_larcv_cropped_full_set.root,,2256,946,0,,4,A_high_tail,0.06233380362391472,0.9369734525680542,0.0,0.00360870361328125,0.01,0.35291873330789775,0.35291873330789775,True,0.350113550340651,0.9778012684989429,0.35291873330789775,18,0.009513742071881607,0.009513742071881607,1.0,0.350113550340651,0.04474978521466255,0.09909380972385406,0.40274841437632136,0.06886188630014659,0.07881451435387134,0.0,0.0,/vols/sbn/uboone/an1522/cam_methods/occlusion/A_high_tail/run1_samples/resnet34_gn/occlusion__ENTRY_2256__offbeam_meta_4.txt
occlusion,resnet34_gn,/home/hep/an1522/dark_tridents_wspace/outputs/weights/resnet34_gn/resnet34_gn_model_20260123-12_20_AM_epoch_4_batch_id_1961_labels_2_step_9821.pwf,/data/run1_offbeam_larcv_cropped_full_set.root,,2256,946,0,,8,A_high_tail,0.06233380362391472,0.9369734525680542,0.0,0.00360870361328125,0.01,0.3464326592903472,0.3464326592903472,True,0.341481760060173,0.959830866807611,0.3464326592903472,16,0.009513742071881607,0.009513742071881607,1.0,0.341481760060173,0.04891253747045994,0.09909380972385406,0.4788583509513742,0.07221742738038302,0.07928701322525739,0.0,0.0,/vols/sbn/uboone/an1522/cam_methods/occlusion/A_high_tail/run1_samples/resnet34_gn/occlusion__ENTRY_2256__offbeam_meta_8.txt
occlusion,resnet34_gn,/home/hep/an1522/dark_tridents_wspace/outputs/weights/resnet34_gn/resnet34_gn_model_20260123-12_20_AM_epoch_4_batch_id_1961_labels_2_step_9821.pwf,/data/run1_offbeam_larcv_cropped_full_set.root,,2627,328,0,,16,A_high_tail,0.11261702328920364,0.8860534429550171,0.0,0.001251220703125,0.01,0.11140785959557421,0.11140785959557421,True,0.10989838163342115,0.8902439024390244,0.11140785959557421,7,0.009146341463414634,0.009146341463414634,1.0,0.10989838163342115,0.10791385173797607,0.10791385173797607,0.4420731707317073,0.13414633609354495,0.019371071364730597,0.0,0.0,/vols/sbn/uboone/an1522/cam_methods/occlusion/A_high_tail/run1_samples/resnet34_gn/occlusion__ENTRY_2627__offbeam_meta_16.txt
occlusion,resnet34_gn,/home/hep/an1522/dark_tridents_wspace/outputs/weights/resnet34_gn/resnet34_gn_model_20260123-12_20_AM_epoch_4_batch_id_1961_labels_2_step_9821.pwf,/data/run1_offbeam_larcv_cropped_full_set.root,,2627,328,0,,2,A_high_tail,0.11267456412315369,0.8859953880310059,0.0,0.001251220703125,0.01,0.12323540633346051,0.12323540633346051,True,0.123000761614623,0.9847560975609756,0.12323540633346051,7,0.009146341463414634,0.009146341463414634,1.0,0.123000761614623,0.11406395897269264,0.127651184797287,0.23170731707317074,0.11769592016935347,0.020009419415146112,0.0,0.0,/vols/sbn/uboone/an1522/cam_methods/occlusion/A_high_tail/run1_samples/resnet34_gn/occlusion__ENTRY_2627__offbeam_meta_2.txt
occlusion,resnet34_gn,/home/hep/an1522/dark_tridents_wspace/outputs/weights/resnet34_gn/resnet34_gn_model_20260123-12_20_AM_epoch_4_batch_id_1961_labels_2_step_9821.pwf,/data/run1_offbeam_larcv_cropped_full_set.root,,2627,328,0,,4,A_high_tail,0.11261702328920364,0.8860534429550171,0.0,0.001251220703125,0.01,0.12170927127050744,0.12170927127050744,True,0.12129277566539924,0.9725609756097561,0.12170927127050744,7,0.009146341463414634,0.009146341463414634,1.0,0.12129277566539924,0.19649996191263222,0.2882302701473236,0.23780487804878048,0.11889366768300533,0.019869490619748832,0.0,0.0,/vols/sbn/uboone/an1522/cam_methods/occlusion/A_high_tail/run1_samples/resnet34_gn/occlusion__ENTRY_2627__offbeam_meta_4.txt
occlusion,resnet34_gn,/home/hep/an1522/dark_tridents_wspace/outputs/weights/resnet34_gn/resnet34_gn_model_20260123-12_20_AM_epoch_4_batch_id_1961_labels_2_step_9821.pwf,/data/run1_offbeam_larcv_cropped_full_set.root,,2627,328,0,,8,A_high_tail,0.11267456412315369,0.8859953880310059,0.0,0.001251220703125,0.01,0.11827546737886303,0.11827546737886303,True,0.11746873815839333,0.9451219512195121,0.11827546737886303,7,0.009146341463414634,0.009146341463414634,1.0,0.11746873815839333,0.1268585242331032,0.2059239149093628,0.2896341463414634,0.125784170627594,0.020062868483364582,0.0,0.0,/vols/sbn/uboone/an1522/cam_methods/occlusion/A_high_tail/run1_samples/resnet34_gn/occlusion__ENTRY_2627__offbeam_meta_8.txt
occlusion,resnet34_gn,/home/hep/an1522/dark_tridents_wspace/outputs/weights/resnet34_gn/resnet34_gn_model_20260123-12_20_AM_epoch_4_batch_id_1961_labels_2_step_9821.pwf,/data/run1_NuMI_dirt_larcv_cropped.root,,3245,79,0,,16,A_high_tail,0.41947880387306213,0.5785639882087708,0.0,0.000301361083984375,0.01,0.03014116749332316,0.03014116749332316,True,0.03014116749332316,1.0,0.03014116749332316,5,0.012658227848101266,0.012658227848101266,1.0,0.03014116749332316,0.39863914251327515,0.39863914251327515,1.0,0.4081237107515334,0.20373203456401828,0.1,0.1,/vols/sbn/uboone/an1522/cam_methods/occlusion/A_high_tail/run1_samples/resnet34_gn/occlusion__ENTRY_3245__dirt_meta_16.txt
occlusion,resnet34_gn,/home/hep/an1522/dark_tridents_wspace/outputs/weights/resnet34_gn/resnet34_gn_model_20260123-12_20_AM_epoch_4_batch_id_1961_labels_2_step_9821.pwf,/data/run1_NuMI_dirt_larcv_cropped.root,,3245,79,0,,2,A_high_tail,0.4195405840873718,0.5785022974014282,0.0,0.000301361083984375,0.01,0.03014116749332316,0.03014116749332316,True,0.03014116749332316,1.0,0.03014116749332316,5,0.012658227848101266,0.012658227848101266,1.0,0.03014116749332316,0.3702285349369049,0.37361451983451843,0.7721518987341772,0.40818246454000473,0.203736312687397,0.1,0.1,/vols/sbn/uboone/an1522/cam_methods/occlusion/A_high_tail/run1_samples/resnet34_gn/occlusion__ENTRY_3245__dirt_meta_2.txt
occlusion,resnet34_gn,/home/hep/an1522/dark_tridents_wspace/outputs/weights/resnet34_gn/resnet34_gn_model_20260123-12_20_AM_epoch_4_batch_id_1961_labels_2_step_9821.pwf,/data/run1_NuMI_dirt_larcv_cropped.root,,3245,79,0,,4,A_high_tail,0.41947880387306213,0.5785639882087708,0.0,0.000301361083984375,0.01,0.03014116749332316,0.03014116749332316,True,0.03014116749332316,1.0,0.03014116749332316,5,0.012658227848101266,0.012658227848101266,1.0,0.03014116749332316,0.3942825496196747,0.3942825496196747,0.8354430379746836,0.4081237107515334,0.20373203456401828,0.1,0.1,/vols/sbn/uboone/an1522/cam_methods/occlusion/A_high_tail/run1_samples/resnet34_gn/occlusion__ENTRY_3245__dirt_meta_4.txt
occlusion,resnet34_gn,/home/hep/an1522/dark_tridents_wspace/outputs/weights/resnet34_gn/resnet34_gn_model_20260123-12_20_AM_epoch_4_batch_id_1961_labels_2_step_9821.pwf,/data/run1_NuMI_dirt_larcv_cropped.root,,3245,79,0,,8,A_high_tail,0.4195405840873718,0.5785022974014282,0.0,0.000301361083984375,0.01,0.03014116749332316,0.03014116749332316,True,0.03014116749332316,1.0,0.03014116749332316,5,0.012658227848101266,0.012658227848101266,1.0,0.03014116749332316,0.39318534612655637,0.39650410413742065,0.8481012658227848,0.40818246454000473,0.203736312687397,0.1,0.1,/vols/sbn/uboone/an1522/cam_methods/occlusion/A_high_tail/run1_samples/resnet34_gn/occlusion__ENTRY_3245__dirt_meta_8.txt
occlusion,resnet34_gn,/home/hep/an1522/dark_tridents_wspace/outputs/weights/resnet34_gn/resnet34_gn_model_20260123-12_20_AM_epoch_4_batch_id_1961_labels_2_step_9821.pwf,/data/run1_NuMI_dirt_larcv_cropped.root,,439,1732,0,,16,A_high_tail,0.9932100176811218,0.006780702620744705,0.0,0.0066070556640625,0.01,0.631056848531095,0.6322014498283098,True,0.6128195628010374,0.9549653579676675,0.631056848531095,33,0.009815242494226328,0.009815242494226328,1.0,0.6146142433234422,0.3938749432563782,0.718807578086853,0.6645496535796767,0.953171007335186,0.11994200260378421,0.1,0.1,/vols/sbn/uboone/an1522/cam_methods/occlusion/A_high_tail/run1_samples/resnet34_gn/occlusion__ENTRY_439__dirt_meta_16.txt
occlusion,resnet34_gn,/home/hep/an1522/dark_tridents_wspace/outputs/weights/resnet34_gn/resnet34_gn_model_20260123-12_20_AM_epoch_4_batch_id_1961_labels_2_step_9821.pwf,/data/run1_NuMI_dirt_larcv_cropped.root,,439,1732,0,,2,A_high_tail,0.9932100176811218,0.006780702620744705,0.0,0.0066070556640625,0.01,0.6577642121327737,0.6585272796642503,True,0.6557626473944466,0.9953810623556582,0.6577642121327737,31,0.009815242494226328,0.009815242494226328,1.0,0.6570232204035021,0.03224154114723232,0.2268216609954834,0.40300230946882215,0.953191851079464,0.15985553816426545,0.1,0.1,/vols/sbn/uboone/an1522/cam_methods/occlusion/A_high_tail/run1_samples/resnet34_gn/occlusion__ENTRY_439__dirt_meta_2.txt
occlusion,resnet34_gn,/home/hep/an1522/dark_tridents_wspace/outputs/weights/resnet34_gn/resnet34_gn_model_20260123-12_20_AM_epoch_4_batch_id_1961_labels_2_step_9821.pwf,/data/run1_NuMI_dirt_larcv_cropped.root,,439,1732,0,,4,A_high_tail,0.9932098984718323,0.0067808981984853745,0.0,0.0066070556640625,0.01,0.6562380770698206,0.6562380770698206,True,0.653247246486897,0.9930715935334873,0.6562380770698206,31,0.009815242494226328,0.009815242494226328,1.0,0.653247246486897,0.09902831017971055,0.2763283848762512,0.5467667436489607,0.9530945971608161,0.1778343844227493,0.1,0.1,/vols/sbn/uboone/an1522/cam_methods/occlusion/A_high_tail/run1_samples/resnet34_gn/occlusion__ENTRY_439__dirt_meta_4.txt
occlusion,resnet34_gn,/home/hep/an1522/dark_tridents_wspace/outputs/weights/resnet34_gn/resnet34_gn_model_20260123-12_20_AM_epoch_4_batch_id_1961_labels_2_step_9821.pwf,/data/run1_NuMI_dirt_larcv_cropped.root,,439,1732,0,,8,A_high_tail,0.9932100176811218,0.006780702620744705,0.0,0.0066070556640625,0.01,0.6497520030522701,0.6497520030522701,True,0.6426415094339623,0.983256351039261,0.6497520030522701,31,0.009815242494226328,0.009815242494226328,1.0,0.6426415094339623,0.18318803787231497,0.41457563638687134,0.6587759815242494,0.9530041143298149,0.17652333667501807,0.1,0.1,/vols/sbn/uboone/an1522/cam_methods/occlusion/A_high_tail/run1_samples/resnet34_gn/occlusion__ENTRY_439__dirt_meta_8.txt
occlusion,resnet34_gn,/home/hep/an1522/dark_tridents_wspace/outputs/weights/resnet34_gn/resnet34_gn_model_20260123-12_20_AM_epoch_4_batch_id_1961_labels_2_step_9821.pwf,/data/run1_NuMI_nu_overlay_larcv_cropped.root,,4953,1813,0,,16,A_high_tail,0.9976873397827148,0.002322112675756216,0.0,0.006916046142578125,0.01,0.6577642121327737,0.6577642121327737,True,0.6361623616236163,0.9509100937672367,0.6577642121327737,47,0.009928295642581356,0.009928295642581356,1.0,0.6361623616236163,0.09037923812866211,0.382887065410614,0.8720353006067292,0.9575967088341713,0.1601142620667815,0.1,0.1,/vols/sbn/uboone/an1522/cam_methods/occlusion/A_high_tail/run1_samples/resnet34_gn/occlusion__ENTRY_4953__nu_overlay_meta_16.txt
occlusion,resnet34_gn,/home/hep/an1522/dark_tridents_wspace/outputs/weights/resnet34_gn/resnet34_gn_model_20260123-12_20_AM_epoch_4_batch_id_1961_labels_2_step_9821.pwf,/data/run1_NuMI_nu_overlay_larcv_cropped.root,,4953,1813,0,,2,A_high_tail,0.9976873397827148,0.002322112675756216,0.0,0.006916046142578125,0.01,0.6859977107974056,0.6863792445631438,True,0.6820940819423369,0.9917264202978489,0.6859977107974056,48,0.009928295642581356,0.009928295642581356,1.0,0.6827324478178368,0.015491001605987379,0.2670990228652954,0.6718146718146718,0.9574538305401802,0.14968649484217164,0.1,0.1,/vols/sbn/uboone/an1522/cam_methods/occlusion/A_high_tail/run1_samples/resnet34_gn/occlusion__ENTRY_4953__nu_overlay_meta_2.txt
occlusion,resnet34_gn,/home/hep/an1522/dark_tridents_wspace/outputs/weights/resnet34_gn/resnet34_gn_model_20260123-12_20_AM_epoch_4_batch_id_1961_labels_2_step_9821.pwf,/data/run1_NuMI_nu_overlay_larcv_cropped.root,,4953,1813,0,,4,A_high_tail,0.997687816619873,0.0023216588888317347,0.0,0.006916046142578125,0.01,0.679511636779855,0.679511636779855,True,0.6713154918959668,0.9823496966354109,0.679511636779855,49,0.009928295642581356,0.009928295642581356,1.0,0.6713154918959668,0.038741054534909766,0.3224605321884155,0.6685052399338114,0.9575046703219414,0.17348207831382756,0.1,0.1,/vols/sbn/uboone/an1522/cam_methods/occlusion/A_high_tail/run1_samples/resnet34_gn/occlusion__ENTRY_4953__nu_overlay_meta_4.txt
occlusion,resnet34_gn,/home/hep/an1522/dark_tridents_wspace/outputs/weights/resnet34_gn/resnet34_gn_model_20260123-12_20_AM_epoch_4_batch_id_1961_labels_2_step_9821.pwf,/data/run1_NuMI_nu_overlay_larcv_cropped.root,,4953,1813,0,,8,A_high_tail,0.9976873397827148,0.002322112675756216,0.0,0.006916046142578125,0.01,0.6734070965280428,0.673788630293781,True,0.6612963656800299,0.9735245449531164,0.6734070965280428,46,0.009928295642581356,0.009928295642581356,1.0,0.6619190404797601,0.10985994338989258,0.6571148037910461,0.7435190292333149,0.9576268389821052,0.18282479196786877,0.1,0.1,/vols/sbn/uboone/an1522/cam_methods/occlusion/A_high_tail/run1_samples/resnet34_gn/occlusion__ENTRY_4953__nu_overlay_meta_8.txt
occlusion,resnet34_gn,/home/hep/an1522/dark_tridents_wspace/outputs/weights/resnet34_gn/resnet34_gn_model_20260123-12_20_AM_epoch_4_batch_id_1961_labels_2_step_9821.pwf,/data/run1_NuMI_dirt_larcv_cropped.root,,952,331,0,,16,A_high_tail,0.08803385496139526,0.910824179649353,0.0,0.001262664794921875,0.01,0.08737123235406334,0.08737123235406334,True,0.08409842085934631,0.6918429003021148,0.08737123235406334,5,0.00906344410876133,0.00906344410876133,1.0,0.08409842085934631,0.08432380855083466,0.08518597483634949,0.2054380664652568,0.1900562599301338,0.07522369800135492,0.0,0.0,/vols/sbn/uboone/an1522/cam_methods/occlusion/A_high_tail/run1_samples/resnet34_gn/occlusion__ENTRY_952__dirt_meta_16.txt
occlusion,resnet34_gn,/home/hep/an1522/dark_tridents_wspace/outputs/weights/resnet34_gn/resnet34_gn_model_20260123-12_20_AM_epoch_4_batch_id_1961_labels_2_step_9821.pwf,/data/run1_NuMI_dirt_larcv_cropped.root,,952,331,0,,2,A_high_tail,0.08806617558002472,0.9107915759086609,0.0,0.001262664794921875,0.01,0.11560473101869516,0.11560473101869516,True,0.1143827859569649,0.9154078549848943,0.11560473101869516,7,0.00906344410876133,0.00906344410876133,1.0,0.1143827859569649,0.07163987085223197,0.07350336760282516,0.2054380664652568,0.10223691537976265,0.0748921949416399,0.0,0.0,/vols/sbn/uboone/an1522/cam_methods/occlusion/A_high_tail/run1_samples/resnet34_gn/occlusion__ENTRY_952__dirt_meta_2.txt
occlusion,resnet34_gn,/home/hep/an1522/dark_tridents_wspace/outputs/weights/resnet34_gn/resnet34_gn_model_20260123-12_20_AM_epoch_4_batch_id_1961_labels_2_step_9821.pwf,/data/run1_NuMI_dirt_larcv_cropped.root,,952,331,0,,4,A_high_tail,0.08803385496139526,0.910824179649353,0.0,0.001262664794921875,0.01,0.10644792064097673,0.10644792064097673,True,0.10437710437710437,0.8429003021148036,0.10644792064097673,8,0.00906344410876133,0.00906344410876133,1.0,0.10437710437710437,0.0752174973487854,0.07539720088243484,0.21450151057401812,0.11641519218683244,0.07464805180206893,0.0,0.0,/vols/sbn/uboone/an1522/cam_methods/occlusion/A_high_tail/run1_samples/resnet34_gn/occlusion__ENTRY_952__dirt_meta_4.txt
occlusion,resnet34_gn,/home/hep/an1522/dark_tridents_wspace/outputs/weights/resnet34_gn/resnet34_gn_model_20260123-12_20_AM_epoch_4_batch_id_1961_labels_2_step_9821.pwf,/data/run1_NuMI_dirt_larcv_cropped.root,,952,331,0,,8,A_high_tail,0.08806617558002472,0.9107915759086609,0.0,0.001262664794921875,0.01,0.08813429988553988,0.08813429988553988,True,0.08489525909592062,0.6978851963746223,0.08813429988553988,6,0.00906344410876133,0.00906344410876133,1.0,0.08489525909592062,0.08118335157632828,0.08159053325653076,0.2054380664652568,0.18247918859124185,0.07520070476457476,0.0,0.0,/vols/sbn/uboone/an1522/cam_methods/occlusion/A_high_tail/run1_samples/resnet34_gn/occlusion__ENTRY_952__dirt_meta_8.txt
occlusion,mpid,/home/hep/an1522/dark_tridents_wspace/outputs/weights/DM-CNN_model_20260116-10_22_PM_epoch_4_batch_id_1961_labels_2_title_0.001_AG_GN_LM_TRAINING_step_9821.pwf,/data/run3_dirt_larcv_cropped.root,,2114,1291,0,,16,A_high_tail,0.992679238319397,0.007600266952067614,0.0,0.004924774169921875,0.01,0.4677603967951164,0.4677603967951164,True,0.4564408041697692,0.9496514329976762,0.4677603967951164,14,0.010069713400464756,0.010069713400464756,1.0,0.4564408041697692,0.9621568322181702,0.9643704891204834,0.855151045701007,0.9448067016899586,0.08715044837445021,0.1,0.1,/vols/sbn/uboone/an1522/cam_methods/occlusion/A_high_tail/run3_samples/mpid/occlusion__ENTRY_2114__dirt_meta_16.txt
occlusion,mpid,/home/hep/an1522/dark_tridents_wspace/outputs/weights/DM-CNN_model_20260116-10_22_PM_epoch_4_batch_id_1961_labels_2_title_0.001_AG_GN_LM_TRAINING_step_9821.pwf,/data/run3_dirt_larcv_cropped.root,,2114,1291,0,,2,A_high_tail,0.992679238319397,0.007600266952067614,0.0,0.004924774169921875,0.01,0.48798168637924455,0.48798168637924455,True,0.48575769084694265,0.9907048799380326,0.48798168637924455,14,0.010069713400464756,0.010069713400464756,1.0,0.48575769084694265,0.06641246080398548,0.2838672399520874,0.6777691711851278,0.9449198134243489,0.0790183105506003,0.1,0.1,/vols/sbn/uboone/an1522/cam_methods/occlusion/A_high_tail/run3_samples/mpid/occlusion__ENTRY_2114__dirt_meta_2.txt
occlusion,mpid,/home/hep/an1522/dark_tridents_wspace/outputs/weights/DM-CNN_model_20260116-10_22_PM_epoch_4_batch_id_1961_labels_2_title_0.001_AG_GN_LM_TRAINING_step_9821.pwf,/data/run3_dirt_larcv_cropped.root,,2114,1291,0,,4,A_high_tail,0.9926806092262268,0.007598792668431997,0.0,0.004924774169921875,0.01,0.48416634872186187,0.48416634872186187,True,0.4801362088535755,0.9829589465530596,0.48416634872186187,14,0.010069713400464756,0.010069713400464756,1.0,0.4801362088535755,0.21302206516265826,0.44477349519729614,0.756003098373354,0.9449725018814206,0.09510576827451588,0.1,0.1,/vols/sbn/uboone/an1522/cam_methods/occlusion/A_high_tail/run3_samples/mpid/occlusion__ENTRY_2114__dirt_meta_4.txt
occlusion,mpid,/home/hep/an1522/dark_tridents_wspace/outputs/weights/DM-CNN_model_20260116-10_22_PM_epoch_4_batch_id_1961_labels_2_title_0.001_AG_GN_LM_TRAINING_step_9821.pwf,/data/run3_dirt_larcv_cropped.root,,2114,1291,0,,8,A_high_tail,0.9926806092262268,0.007598792668431997,0.0,0.004924774169921875,0.01,0.4765356734070965,0.4765356734070965,True,0.4690199023657529,0.9674670797831139,0.4765356734070965,14,0.010069713400464756,0.010069713400464756,1.0,0.4690199023657529,0.5804956912994281,0.9140850901603699,0.7738187451587917,0.9452633308246731,0.06937419790774584,0.1,0.1,/vols/sbn/uboone/an1522/cam_methods/occlusion/A_high_tail/run3_samples/mpid/occlusion__ENTRY_2114__dirt_meta_8.txt
occlusion,mpid,/home/hep/an1522/dark_tridents_wspace/outputs/weights/DM-CNN_model_20260116-10_22_PM_epoch_4_batch_id_1961_labels_2_title_0.001_AG_GN_LM_TRAINING_step_9821.pwf,/data/run3_nu_overlay_larcv_cropped.root,,2790,781,0,,16,A_high_tail,0.9998100399971008,0.00020186252368148416,0.0,0.002979278564453125,0.01,0.29111026325829836,0.29111026325829836,True,0.2891246684350133,0.9769526248399488,0.29111026325829836,16,0.010243277848911651,0.010243277848911651,1.0,0.2891246684350133,0.0633578896522522,0.08658474683761597,0.6440460947503202,0.9522464014589788,0.08312889882363379,0.1,0.1,/vols/sbn/uboone/an1522/cam_methods/occlusion/A_high_tail/run3_samples/mpid/occlusion__ENTRY_2790__nu_overlay_meta_16.txt
occlusion,mpid,/home/hep/an1522/dark_tridents_wspace/outputs/weights/DM-CNN_model_20260116-10_22_PM_epoch_4_batch_id_1961_labels_2_title_0.001_AG_GN_LM_TRAINING_step_9821.pwf,/data/run3_nu_overlay_larcv_cropped.root,,2790,781,0,,2,A_high_tail,0.9998100399971008,0.00020186252368148416,0.0,0.002979278564453125,0.01,0.29492560091568104,0.29492560091568104,True,0.2940281475846329,0.9897567221510883,0.29492560091568104,18,0.010243277848911651,0.010243277848911651,1.0,0.2940281475846329,0.0061540246009827585,0.07183456420898438,0.5044814340588989,0.9522576667368413,0.09333973787724972,0.1,0.1,/vols/sbn/uboone/an1522/cam_methods/occlusion/A_high_tail/run3_samples/mpid/occlusion__ENTRY_2790__nu_overlay_meta_2.txt
occlusion,mpid,/home/hep/an1522/dark_tridents_wspace/outputs/weights/DM-CNN_model_20260116-10_22_PM_epoch_4_batch_id_1961_labels_2_title_0.001_AG_GN_LM_TRAINING_step_9821.pwf,/data/run3_nu_overlay_larcv_cropped.root,,2790,781,0,,4,A_high_tail,0.9998099207878113,0.00020188406051602215,0.0,0.002979278564453125,0.01,0.29072872949256007,0.29111026325829836,True,0.28863636363636364,0.9756722151088348,0.29072872949256007,17,0.010243277848911651,0.010243277848911651,1.0,0.2891246684350133,0.006149768829345703,0.012722790241241455,0.5070422535211268,0.9522486673668027,0.08555076573975384,0.1,0.1,/vols/sbn/uboone/an1522/cam_methods/occlusion/A_high_tail/run3_samples/mpid/occlusion__ENTRY_2790__nu_overlay_meta_4.txt
occlusion,mpid,/home/hep/an1522/dark_tridents_wspace/outputs/weights/DM-CNN_model_20260116-10_22_PM_epoch_4_batch_id_1961_labels_2_title_0.001_AG_GN_LM_TRAINING_step_9821.pwf,/data/run3_nu_overlay_larcv_cropped.root,,2790,781,0,,8,A_high_tail,0.9998099207878113,0.00020188406051602215,0.0,0.002979278564453125,0.01,0.29072872949256007,0.29111026325829836,True,0.28863636363636364,0.9756722151088348,0.29072872949256007,16,0.010243277848911651,0.010243277848911651,1.0,0.2891246684350133,0.02948242425918593,0.05269789695739746,0.5953905249679897,0.9522473799064755,0.0832334856968373,0.1,0.1,/vols/sbn/uboone/an1522/cam_methods/occlusion/A_high_tail/run3_samples/mpid/occlusion__ENTRY_2790__nu_overlay_meta_8.txt
occlusion,mpid,/home/hep/an1522/dark_tridents_wspace/outputs/weights/DM-CNN_model_20260116-10_22_PM_epoch_4_batch_id_1961_labels_2_title_0.001_AG_GN_LM_TRAINING_step_9821.pwf,/data/run3_nu_overlay_larcv_cropped.root,,2992,1957,0,,16,A_high_tail,0.9996644258499146,0.00035471489536575973,0.0,0.007465362548828125,0.01,0.6852346432659291,0.6856161770316673,True,0.6455787203450755,0.9177312212570261,0.6852346432659291,31,0.010219724067450179,0.010219724067450179,1.0,0.6461704422869471,0.1250743269920349,0.20811814069747925,0.4430250383239652,0.9521138207986951,0.4588067153468728,0.1,0.7000000000000001,/vols/sbn/uboone/an1522/cam_methods/occlusion/A_high_tail/run3_samples/mpid/occlusion__ENTRY_2992__nu_overlay_meta_16.txt
occlusion,mpid,/home/hep/an1522/dark_tridents_wspace/outputs/weights/DM-CNN_model_20260116-10_22_PM_epoch_4_batch_id_1961_labels_2_title_0.001_AG_GN_LM_TRAINING_step_9821.pwf,/data/run3_nu_overlay_larcv_cropped.root,,2992,1957,0,,2,A_high_tail,0.9996644258499146,0.00035471489536575973,0.0,0.007465362548828125,0.01,0.7344524990461656,0.73788630293781,True,0.7255936675461742,0.9836484414920798,0.7344524990461656,31,0.010219724067450179,0.010219724067450179,1.0,0.7314674735249622,0.0005688524246215838,0.0024902820587158203,0.4532447623914154,0.9521261351183057,0.5671530002728105,0.1,0.6000000000000001,/vols/sbn/uboone/an1522/cam_methods/occlusion/A_high_tail/run3_samples/mpid/occlusion__ENTRY_2992__nu_overlay_meta_2.txt
occlusion,mpid,/home/hep/an1522/dark_tridents_wspace/outputs/weights/DM-CNN_model_20260116-10_22_PM_epoch_4_batch_id_1961_labels_2_title_0.001_AG_GN_LM_TRAINING_step_9821.pwf,/data/run3_nu_overlay_larcv_cropped.root,,2992,1957,0,,4,A_high_tail,0.9996644258499146,0.0003547618689481169,0.0,0.007465362548828125,0.01,0.7275848912628767,0.7291110263258298,True,0.713964807188319,0.9744506898313745,0.7275848912628767,33,0.010219724067450179,0.010219724067450179,1.0,0.7165354330708661,0.0020211982727051042,0.005713224411010742,0.5222278998467041,0.952106399089098,0.6063751257956028,0.1,0.8,/vols/sbn/uboone/an1522/cam_methods/occlusion/A_high_tail/run3_samples/mpid/occlusion__ENTRY_2992__nu_overlay_meta_4.txt
occlusion,mpid,/home/hep/an1522/dark_tridents_wspace/outputs/weights/DM-CNN_model_20260116-10_22_PM_epoch_4_batch_id_1961_labels_2_title_0.001_AG_GN_LM_TRAINING_step_9821.pwf,/data/run3_nu_overlay_larcv_cropped.root,,2992,1957,0,,8,A_high_tail,0.9996644258499146,0.0003547618689481169,0.0,0.007465362548828125,0.01,0.7149942769935139,0.7153758107592522,True,0.6930473372781065,0.9575881451200817,0.7149942769935139,31,0.010219724067450179,0.010219724067450179,1.0,0.6936736958934517,0.005424141883850098,0.023894548416137695,0.5201839550332141,0.9521071501076221,0.6412288285791874,0.1,0.7000000000000001,/vols/sbn/uboone/an1522/cam_methods/occlusion/A_high_tail/run3_samples/mpid/occlusion__ENTRY_2992__nu_overlay_meta_8.txt
occlusion,mpid,/home/hep/an1522/dark_tridents_wspace/outputs/weights/DM-CNN_model_20260116-10_22_PM_epoch_4_batch_id_1961_labels_2_title_0.001_AG_GN_LM_TRAINING_step_9821.pwf,/data/run3_offbeam_larcv_cropped.root,,3686,268,0,,16,A_high_tail,0.9989343285560608,0.0011177586857229471,0.0,0.0010223388671875,0.01,0.10225104921785579,0.10225104921785579,True,0.10225104921785579,1.0,0.10225104921785579,14,0.011194029850746268,0.011194029850746268,1.0,0.10225104921785579,0.01701366901397705,0.017090916633605957,0.7798507462686567,0.9514286803081632,0.09632701184600592,0.1,0.1,/vols/sbn/uboone/an1522/cam_methods/occlusion/A_high_tail/run3_samples/mpid/occlusion__ENTRY_3686__offbeam_meta_16.txt
occlusion,mpid,/home/hep/an1522/dark_tridents_wspace/outputs/weights/DM-CNN_model_20260116-10_22_PM_epoch_4_batch_id_1961_labels_2_title_0.001_AG_GN_LM_TRAINING_step_9821.pwf,/data/run3_offbeam_larcv_cropped.root,,3686,268,0,,2,A_high_tail,0.9989343285560608,0.0011177586857229471,0.0,0.0010223388671875,0.01,0.10225104921785579,0.10225104921785579,True,0.10225104921785579,1.0,0.10225104921785579,14,0.011194029850746268,0.011194029850746268,1.0,0.10225104921785579,0.006120544075965878,0.00907599925994873,0.5932835820895522,0.9514286803081632,0.09632701184600592,0.1,0.1,/vols/sbn/uboone/an1522/cam_methods/occlusion/A_high_tail/run3_samples/mpid/occlusion__ENTRY_3686__offbeam_meta_2.txt
occlusion,mpid,/home/hep/an1522/dark_tridents_wspace/outputs/weights/DM-CNN_model_20260116-10_22_PM_epoch_4_batch_id_1961_labels_2_title_0.001_AG_GN_LM_TRAINING_step_9821.pwf,/data/run3_offbeam_larcv_cropped.root,,3686,268,0,,4,A_high_tail,0.9989345669746399,0.0011175940744578838,0.0,0.0010223388671875,0.01,0.10225104921785579,0.10225104921785579,True,0.10225104921785579,1.0,0.10225104921785579,14,0.011194029850746268,0.011194029850746268,1.0,0.10225104921785579,0.009252727031707764,0.01536339521408081,0.7089552238805971,0.9514280416071415,0.09631058499217034,0.1,0.1,/vols/sbn/uboone/an1522/cam_methods/occlusion/A_high_tail/run3_samples/mpid/occlusion__ENTRY_3686__offbeam_meta_4.txt
occlusion,mpid,/home/hep/an1522/dark_tridents_wspace/outputs/weights/DM-CNN_model_20260116-10_22_PM_epoch_4_batch_id_1961_labels_2_title_0.001_AG_GN_LM_TRAINING_step_9821.pwf,/data/run3_offbeam_larcv_cropped.root,,3686,268,0,,8,A_high_tail,0.9989345669746399,0.0011175940744578838,0.0,0.0010223388671875,0.01,0.10225104921785579,0.10225104921785579,True,0.10225104921785579,1.0,0.10225104921785579,14,0.011194029850746268,0.011194029850746268,1.0,0.10225104921785579,0.023898335099220232,0.026137828826904297,0.8694029850746269,0.9514280416071415,0.09631058499217034,0.1,0.1,/vols/sbn/uboone/an1522/cam_methods/occlusion/A_high_tail/run3_samples/mpid/occlusion__ENTRY_3686__offbeam_meta_8.txt
occlusion,mpid,/home/hep/an1522/dark_tridents_wspace/outputs/weights/DM-CNN_model_20260116-10_22_PM_epoch_4_batch_id_1961_labels_2_title_0.001_AG_GN_LM_TRAINING_step_9821.pwf,/data/run3_dirt_larcv_cropped.root,,437,247,0,,16,A_high_tail,0.9960556030273438,0.004115397576242685,0.0,0.000942230224609375,0.01,0.08164822586798931,0.08164822586798931,True,0.08063300678221552,0.8663967611336032,0.08164822586798931,11,0.008097165991902834,0.008097165991902834,1.0,0.08063300678221552,0.3485363030433636,0.4563484191894531,0.7894736842105263,0.9485289461910725,0.16472384557127956,0.1,0.1,/vols/sbn/uboone/an1522/cam_methods/occlusion/A_high_tail/run3_samples/mpid/occlusion__ENTRY_437__dirt_meta_16.txt
occlusion,mpid,/home/hep/an1522/dark_tridents_wspace/outputs/weights/DM-CNN_model_20260116-10_22_PM_epoch_4_batch_id_1961_labels_2_title_0.001_AG_GN_LM_TRAINING_step_9821.pwf,/data/run3_dirt_larcv_cropped.root,,437,247,0,,2,A_high_tail,0.9960582256317139,0.00411270372569561,0.0,0.000942230224609375,0.01,0.09347577260587563,0.09347577260587563,True,0.09340449866565002,0.9919028340080972,0.09347577260587563,9,0.008097165991902834,0.008097165991902834,1.0,0.09340449866565002,0.04262266635894768,0.09549891948699951,0.5870445344129555,0.9487153546884657,0.08557722112163901,0.1,0.1,/vols/sbn/uboone/an1522/cam_methods/occlusion/A_high_tail/run3_samples/mpid/occlusion__ENTRY_437__dirt_meta_2.txt
occlusion,mpid,/home/hep/an1522/dark_tridents_wspace/outputs/weights/DM-CNN_model_20260116-10_22_PM_epoch_4_batch_id_1961_labels_2_title_0.001_AG_GN_LM_TRAINING_step_9821.pwf,/data/run3_dirt_larcv_cropped.root,,437,247,0,,4,A_high_tail,0.9960582256317139,0.00411270372569561,0.0,0.000942230224609375,0.01,0.09347577260587563,0.09347577260587563,True,0.09340449866565002,0.9919028340080972,0.09347577260587563,9,0.008097165991902834,0.008097165991902834,1.0,0.09340449866565002,0.07430738091468808,0.16659259796142578,0.6032388663967612,0.9487153546884657,0.08557722112163901,0.1,0.1,/vols/sbn/uboone/an1522/cam_methods/occlusion/A_high_tail/run3_samples/mpid/occlusion__ENTRY_437__dirt_meta_4.txt
occlusion,mpid,/home/hep/an1522/dark_tridents_wspace/outputs/weights/DM-CNN_model_20260116-10_22_PM_epoch_4_batch_id_1961_labels_2_title_0.001_AG_GN_LM_TRAINING_step_9821.pwf,/data/run3_dirt_larcv_cropped.root,,437,247,0,,8,A_high_tail,0.9960556030273438,0.004115397576242685,0.0,0.000942230224609375,0.01,0.09194963754292255,0.09194963754292255,True,0.09173962695089456,0.9757085020242915,0.09194963754292255,10,0.008097165991902834,0.008097165991902834,1.0,0.09173962695089456,0.28031402826309204,0.28031402826309204,0.8016194331983806,0.9489907689392567,0.08007044121623039,0.1,0.1,/vols/sbn/uboone/an1522/cam_methods/occlusion/A_high_tail/run3_samples/mpid/occlusion__ENTRY_437__dirt_meta_8.txt
occlusion,mpid,/home/hep/an1522/dark_tridents_wspace/outputs/weights/DM-CNN_model_20260116-10_22_PM_epoch_4_batch_id_1961_labels_2_title_0.001_AG_GN_LM_TRAINING_step_9821.pwf,/data/run3_nu_overlay_larcv_cropped.root,,4830,2028,0,,16,A_high_tail,0.9997848868370056,0.00022992590675130486,0.0,0.0077362060546875,0.01,0.7191911484166349,0.7214803510110644,True,0.6819826338639653,0.9294871794871795,0.7191911484166349,32,0.009861932938856016,0.009861932938856016,1.0,0.6856417693981146,0.027827441692352295,0.03525102138519287,0.6873767258382643,0.9521298743784428,0.49793259724974637,0.1,0.7000000000000001,/vols/sbn/uboone/an1522/cam_methods/occlusion/A_high_tail/run3_samples/mpid/occlusion__ENTRY_4830__nu_overlay_meta_16.txt
occlusion,mpid,/home/hep/an1522/dark_tridents_wspace/outputs/weights/DM-CNN_model_20260116-10_22_PM_epoch_4_batch_id_1961_labels_2_title_0.001_AG_GN_LM_TRAINING_step_9821.pwf,/data/run3_nu_overlay_larcv_cropped.root,,4830,2028,0,,2,A_high_tail,0.9997848868370056,0.00022992590675130486,0.0,0.0077362060546875,0.01,0.7653567340709653,0.7672644028996566,True,0.7589860007567159,0.9891518737672583,0.7653567340709653,31,0.009861932938856016,0.009861932938856016,1.0,0.7623199393479909,0.000299375057220459,0.0006515979766845703,0.5552268244575936,0.9522250808775425,0.49006286382209513,0.1,0.9,/vols/sbn/uboone/an1522/cam_methods/occlusion/A_high_tail/run3_samples/mpid/occlusion__ENTRY_4830__nu_overlay_meta_2.txt
occlusion,mpid,/home/hep/an1522/dark_tridents_wspace/outputs/weights/DM-CNN_model_20260116-10_22_PM_epoch_4_batch_id_1961_labels_2_title_0.001_AG_GN_LM_TRAINING_step_9821.pwf,/data/run3_nu_overlay_larcv_cropped.root,,4830,2028,0,,4,A_high_tail,0.9997848868370056,0.00022992590675130486,0.0,0.0077362060546875,0.01,0.7561999236932468,0.7607783288821061,True,0.7431571053618298,0.9773175542406312,0.7561999236932468,33,0.009861932938856016,0.009861932938856016,1.0,0.7510357815442561,0.0004928708076477051,0.0008410215377807617,0.5818540433925049,0.9522281803190709,0.6302488185465335,0.1,0.8,/vols/sbn/uboone/an1522/cam_methods/occlusion/A_high_tail/run3_samples/mpid/occlusion__ENTRY_4830__nu_overlay_meta_4.txt
occlusion,mpid,/home/hep/an1522/dark_tridents_wspace/outputs/weights/DM-CNN_model_20260116-10_22_PM_epoch_4_batch_id_1961_labels_2_title_0.001_AG_GN_LM_TRAINING_step_9821.pwf,/data/run3_nu_overlay_larcv_cropped.root,,4830,2028,0,,8,A_high_tail,0.9997848868370056,0.00022991713194642216,0.0,0.0077362060546875,0.01,0.7485692483784815,0.7500953834414346,True,0.7301823595087458,0.9674556213017751,0.7485692483784815,37,0.009861932938856016,0.009861932938856016,1.0,0.73276183376817,0.0010700821876525879,0.0029931068420410156,0.6568047337278107,0.9521945821121335,0.4898267092183232,0.1,0.7000000000000001,/vols/sbn/uboone/an1522/cam_methods/occlusion/A_high_tail/run3_samples/mpid/occlusion__ENTRY_4830__nu_overlay_meta_8.txt
occlusion,mpid,/home/hep/an1522/dark_tridents_wspace/outputs/weights/DM-CNN_model_20260116-10_22_PM_epoch_4_batch_id_1961_labels_2_title_0.001_AG_GN_LM_TRAINING_step_9821.pwf,/data/run3_dirt_larcv_cropped.root,,511,737,0,,16,A_high_tail,0.9925481677055359,0.007608083542436361,0.0,0.002811431884765625,0.01,0.27966425028615033,0.27966425028615033,True,0.27923809523809523,0.994572591587517,0.27966425028615033,43,0.009497964721845319,0.009497964721845319,1.0,0.27923809523809523,0.14627310276031494,0.2894963026046753,0.9131614654002713,0.9456000901758671,0.08324853563681245,0.1,0.1,/vols/sbn/uboone/an1522/cam_methods/occlusion/A_high_tail/run3_samples/mpid/occlusion__ENTRY_511__dirt_meta_16.txt
occlusion,mpid,/home/hep/an1522/dark_tridents_wspace/outputs/weights/DM-CNN_model_20260116-10_22_PM_epoch_4_batch_id_1961_labels_2_title_0.001_AG_GN_LM_TRAINING_step_9821.pwf,/data/run3_dirt_larcv_cropped.root,,511,737,0,,2,A_high_tail,0.9925481677055359,0.007608083542436361,0.0,0.002811431884765625,0.01,0.2811903853491034,0.2811903853491034,True,0.2811903853491034,1.0,0.2811903853491034,43,0.009497964721845319,0.009497964721845319,1.0,0.2811903853491034,0.07950356483459467,0.14445602893829346,0.5223880597014925,0.9453609623014927,0.09599126502871513,0.1,0.1,/vols/sbn/uboone/an1522/cam_methods/occlusion/A_high_tail/run3_samples/mpid/occlusion__ENTRY_511__dirt_meta_2.txt
occlusion,mpid,/home/hep/an1522/dark_tridents_wspace/outputs/weights/DM-CNN_model_20260116-10_22_PM_epoch_4_batch_id_1961_labels_2_title_0.001_AG_GN_LM_TRAINING_step_9821.pwf,/data/run3_dirt_larcv_cropped.root,,511,737,0,,4,A_high_tail,0.9925481677055359,0.007608083542436361,0.0,0.002811431884765625,0.01,0.2811903853491034,0.2811903853491034,True,0.2811903853491034,1.0,0.2811903853491034,43,0.009497964721845319,0.009497964721845319,1.0,0.2811903853491034,0.12541326522827143,0.2980555295944214,0.5970149253731343,0.9453609623014927,0.09599126502871513,0.1,0.1,/vols/sbn/uboone/an1522/cam_methods/occlusion/A_high_tail/run3_samples/mpid/occlusion__ENTRY_511__dirt_meta_4.txt
occlusion,mpid,/home/hep/an1522/dark_tridents_wspace/outputs/weights/DM-CNN_model_20260116-10_22_PM_epoch_4_batch_id_1961_labels_2_title_0.001_AG_GN_LM_TRAINING_step_9821.pwf,/data/run3_dirt_larcv_cropped.root,,511,737,0,,8,A_high_tail,0.9925512075424194,0.007604926358908415,0.0,0.002811431884765625,0.01,0.2811903853491034,0.2811903853491034,True,0.2811903853491034,1.0,0.2811903853491034,43,0.009497964721845319,0.009497964721845319,1.0,0.2811903853491034,0.06433120727539061,0.15923047065734863,0.7489823609226595,0.9453647153452038,0.09600785579532385,0.1,0.1,/vols/sbn/uboone/an1522/cam_methods/occlusion/A_high_tail/run3_samples/mpid/occlusion__ENTRY_511__dirt_meta_8.txt
occlusion,resnet34_gn,/home/hep/an1522/dark_tridents_wspace/outputs/weights/resnet34_gn/resnet34_gn_model_20260123-12_20_AM_epoch_4_batch_id_1961_labels_2_step_9821.pwf,/data/run3_dirt_larcv_cropped.root,,2114,1291,0,,16,A_high_tail,0.576147198677063,0.42138907313346863,0.0,0.004924774169921875,0.01,0.4677603967951164,0.4677603967951164,True,0.4564408041697692,0.9496514329976762,0.4677603967951164,14,0.010069713400464756,0.010069713400464756,1.0,0.4564408041697692,0.5707809329032898,0.5709511041641235,0.7412858249419055,0.5566134110093116,0.0808359042275697,0.1,0.1,/vols/sbn/uboone/an1522/cam_methods/occlusion/A_high_tail/run3_samples/resnet34_gn/occlusion__ENTRY_2114__dirt_meta_16.txt
occlusion,resnet34_gn,/home/hep/an1522/dark_tridents_wspace/outputs/weights/resnet34_gn/resnet34_gn_model_20260123-12_20_AM_epoch_4_batch_id_1961_labels_2_step_9821.pwf,/data/run3_dirt_larcv_cropped.root,,2114,1291,0,,2,A_high_tail,0.576147198677063,0.42138907313346863,0.0,0.004924774169921875,0.01,0.48798168637924455,0.48798168637924455,True,0.48575769084694265,0.9907048799380326,0.48798168637924455,14,0.010069713400464756,0.010069713400464756,1.0,0.48575769084694265,0.5245585203170755,0.5660009384155273,0.4918667699457785,0.5571515992283821,0.0824317925609648,0.1,0.1,/vols/sbn/uboone/an1522/cam_methods/occlusion/A_high_tail/run3_samples/resnet34_gn/occlusion__ENTRY_2114__dirt_meta_2.txt
occlusion,resnet34_gn,/home/hep/an1522/dark_tridents_wspace/outputs/weights/resnet34_gn/resnet34_gn_model_20260123-12_20_AM_epoch_4_batch_id_1961_labels_2_step_9821.pwf,/data/run3_dirt_larcv_cropped.root,,2114,1291,0,,4,A_high_tail,0.5760617852210999,0.4214744567871094,0.0,0.004924774169921875,0.01,0.48416634872186187,0.48416634872186187,True,0.4801362088535755,0.9829589465530596,0.48416634872186187,14,0.010069713400464756,0.010069713400464756,1.0,0.4801362088535755,0.561002117395401,0.5674648880958557,0.5561580170410535,0.55689727216959,0.08159466283395886,0.1,0.1,/vols/sbn/uboone/an1522/cam_methods/occlusion/A_high_tail/run3_samples/resnet34_gn/occlusion__ENTRY_2114__dirt_meta_4.txt
occlusion,resnet34_gn,/home/hep/an1522/dark_tridents_wspace/outputs/weights/resnet34_gn/resnet34_gn_model_20260123-12_20_AM_epoch_4_batch_id_1961_labels_2_step_9821.pwf,/data/run3_dirt_larcv_cropped.root,,2114,1291,0,,8,A_high_tail,0.5760617852210999,0.4214744567871094,0.0,0.004924774169921875,0.01,0.4765356734070965,0.4765356734070965,True,0.4690199023657529,0.9674670797831139,0.4765356734070965,14,0.010069713400464756,0.010069713400464756,1.0,0.4690199023657529,0.5701422095298767,0.5709642767906189,0.713400464756003,0.5573601558804513,0.08132730331271887,0.1,0.1,/vols/sbn/uboone/an1522/cam_methods/occlusion/A_high_tail/run3_samples/resnet34_gn/occlusion__ENTRY_2114__dirt_meta_8.txt
occlusion,resnet34_gn,/home/hep/an1522/dark_tridents_wspace/outputs/weights/resnet34_gn/resnet34_gn_model_20260123-12_20_AM_epoch_4_batch_id_1961_labels_2_step_9821.pwf,/data/run3_nu_overlay_larcv_cropped.root,,2790,781,0,,16,A_high_tail,0.9493423104286194,0.05045714229345322,0.0,0.002979278564453125,0.01,0.29111026325829836,0.29111026325829836,True,0.2891246684350133,0.9769526248399488,0.29111026325829836,16,0.010243277848911651,0.010243277848911651,1.0,0.2891246684350133,0.7443549156188995,0.8002204895019531,0.5979513444302177,0.9113806650042534,0.1745454077143222,0.1,0.1,/vols/sbn/uboone/an1522/cam_methods/occlusion/A_high_tail/run3_samples/resnet34_gn/occlusion__ENTRY_2790__nu_overlay_meta_16.txt
occlusion,resnet34_gn,/home/hep/an1522/dark_tridents_wspace/outputs/weights/resnet34_gn/resnet34_gn_model_20260123-12_20_AM_epoch_4_batch_id_1961_labels_2_step_9821.pwf,/data/run3_nu_overlay_larcv_cropped.root,,2790,781,0,,2,A_high_tail,0.9493423104286194,0.05045714229345322,0.0,0.002979278564453125,0.01,0.29492560091568104,0.29492560091568104,True,0.2940281475846329,0.9897567221510883,0.29492560091568104,18,0.010243277848911651,0.010243277848911651,1.0,0.2940281475846329,0.44024022817611846,0.6648250818252563,0.39820742637644047,0.9113813087344169,0.17514926167204975,0.1,0.1,/vols/sbn/uboone/an1522/cam_methods/occlusion/A_high_tail/run3_samples/resnet34_gn/occlusion__ENTRY_2790__nu_overlay_meta_2.txt
occlusion,resnet34_gn,/home/hep/an1522/dark_tridents_wspace/outputs/weights/resnet34_gn/resnet34_gn_model_20260123-12_20_AM_epoch_4_batch_id_1961_labels_2_step_9821.pwf,/data/run3_nu_overlay_larcv_cropped.root,,2790,781,0,,4,A_high_tail,0.9493453502655029,0.050454236567020416,0.0,0.002979278564453125,0.01,0.29072872949256007,0.29111026325829836,True,0.28863636363636364,0.9756722151088348,0.29072872949256007,16,0.010243277848911651,0.010243277848911651,1.0,0.2891246684350133,0.5607187151908875,0.6628934144973755,0.58898847631242,0.9114362761378287,0.17490814505144958,0.1,0.1,/vols/sbn/uboone/an1522/cam_methods/occlusion/A_high_tail/run3_samples/resnet34_gn/occlusion__ENTRY_2790__nu_overlay_meta_4.txt
occlusion,resnet34_gn,/home/hep/an1522/dark_tridents_wspace/outputs/weights/resnet34_gn/resnet34_gn_model_20260123-12_20_AM_epoch_4_batch_id_1961_labels_2_step_9821.pwf,/data/run3_nu_overlay_larcv_cropped.root,,2790,781,0,,8,A_high_tail,0.9493453502655029,0.050454236567020416,0.0,0.002979278564453125,0.01,0.29111026325829836,0.29111026325829836,True,0.2891246684350133,0.9769526248399488,0.29111026325829836,16,0.010243277848911651,0.010243277848911651,1.0,0.2891246684350133,0.664496409893036,0.7724489569664001,0.6798975672215108,0.9113849923014641,0.1745446643792093,0.1,0.1,/vols/sbn/uboone/an1522/cam_methods/occlusion/A_high_tail/run3_samples/resnet34_gn/occlusion__ENTRY_2790__nu_overlay_meta_8.txt
occlusion,resnet34_gn,/home/hep/an1522/dark_tridents_wspace/outputs/weights/resnet34_gn/resnet34_gn_model_20260123-12_20_AM_epoch_4_batch_id_1961_labels_2_step_9821.pwf,/data/run3_nu_overlay_larcv_cropped.root,,2992,1957,0,,16,A_high_tail,0.9985204339027405,0.001482008257880807,0.0,0.007465362548828125,0.01,0.6856161770316673,0.6856161770316673,True,0.6461704422869471,0.9182422074603985,0.6856161770316673,33,0.010219724067450179,0.010219724067450179,1.0,0.6461704422869471,0.18976176261902178,0.5984241366386414,0.655595298926929,0.9581936970353125,0.16101949214935302,0.1,0.1,/vols/sbn/uboone/an1522/cam_methods/occlusion/A_high_tail/run3_samples/resnet34_gn/occlusion__ENTRY_2992__nu_overlay_meta_16.txt
occlusion,resnet34_gn,/home/hep/an1522/dark_tridents_wspace/outputs/weights/resnet34_gn/resnet34_gn_model_20260123-12_20_AM_epoch_4_batch_id_1961_labels_2_step_9821.pwf,/data/run3_nu_overlay_larcv_cropped.root,,2992,1957,0,,2,A_high_tail,0.9985204339027405,0.001482008257880807,0.0,0.007465362548828125,0.01,0.73788630293781,0.73788630293781,True,0.7314674735249622,0.9882473173224323,0.73788630293781,33,0.010219724067450179,0.010219724067450179,1.0,0.7314674735249622,0.0032106971740722694,0.029050052165985107,0.5917220235053654,0.9582050338387489,0.23452270776033407,0.1,0.1,/vols/sbn/uboone/an1522/cam_methods/occlusion/A_high_tail/run3_samples/resnet34_gn/occlusion__ENTRY_2992__nu_overlay_meta_2.txt
occlusion,resnet34_gn,/home/hep/an1522/dark_tridents_wspace/outputs/weights/resnet34_gn/resnet34_gn_model_20260123-12_20_AM_epoch_4_batch_id_1961_labels_2_step_9821.pwf,/data/run3_nu_overlay_larcv_cropped.root,,2992,1957,0,,4,A_high_tail,0.99852055311203,0.0014819445786997676,0.0,0.007465362548828125,0.01,0.7283479587943533,0.7291110263258298,True,0.7152491569876358,0.9754726622381196,0.7283479587943533,33,0.010219724067450179,0.010219724067450179,1.0,0.7165354330708661,0.006639957427978516,0.02781224250793457,0.5993868165559529,0.9581988081336021,0.13572145029902458,0.1,0.1,/vols/sbn/uboone/an1522/cam_methods/occlusion/A_high_tail/run3_samples/resnet34_gn/occlusion__ENTRY_2992__nu_overlay_meta_4.txt
occlusion,resnet34_gn,/home/hep/an1522/dark_tridents_wspace/outputs/weights/resnet34_gn/resnet34_gn_model_20260123-12_20_AM_epoch_4_batch_id_1961_labels_2_step_9821.pwf,/data/run3_nu_overlay_larcv_cropped.root,,2992,1957,0,,8,A_high_tail,0.99852055311203,0.0014819445786997676,0.0,0.007465362548828125,0.01,0.7149942769935139,0.7153758107592522,True,0.6930473372781065,0.9575881451200817,0.7149942769935139,30,0.010219724067450179,0.010219724067450179,1.0,0.6936736958934517,0.010659413337707566,0.07326656579971313,0.6111394992335207,0.9582015976309777,0.13067511208355426,0.1,0.1,/vols/sbn/uboone/an1522/cam_methods/occlusion/A_high_tail/run3_samples/resnet34_gn/occlusion__ENTRY_2992__nu_overlay_meta_8.txt
occlusion,resnet34_gn,/home/hep/an1522/dark_tridents_wspace/outputs/weights/resnet34_gn/resnet34_gn_model_20260123-12_20_AM_epoch_4_batch_id_1961_labels_2_step_9821.pwf,/data/run3_offbeam_larcv_cropped.root,,3686,268,0,,16,A_high_tail,0.04761131480336189,0.9521942734718323,0.0,0.0010223388671875,0.01,0.10225104921785579,0.10225104921785579,True,0.10225104921785579,1.0,0.10225104921785579,14,0.011194029850746268,0.011194029850746268,1.0,0.10225104921785579,0.12760169804096222,0.2558779716491699,0.3358208955223881,0.05484959613531828,0.18513866011053326,0.0,0.0,/vols/sbn/uboone/an1522/cam_methods/occlusion/A_high_tail/run3_samples/resnet34_gn/occlusion__ENTRY_3686__offbeam_meta_16.txt
occlusion,resnet34_gn,/home/hep/an1522/dark_tridents_wspace/outputs/weights/resnet34_gn/resnet34_gn_model_20260123-12_20_AM_epoch_4_batch_id_1961_labels_2_step_9821.pwf,/data/run3_offbeam_larcv_cropped.root,,3686,268,0,,2,A_high_tail,0.04761131480336189,0.9521942734718323,0.0,0.0010223388671875,0.01,0.10225104921785579,0.10225104921785579,True,0.10225104921785579,1.0,0.10225104921785579,14,0.011194029850746268,0.011194029850746268,1.0,0.10225104921785579,0.052192885279655404,0.2558779716491699,0.4552238805970149,0.05484959613531828,0.18513866011053326,0.0,0.0,/vols/sbn/uboone/an1522/cam_methods/occlusion/A_high_tail/run3_samples/resnet34_gn/occlusion__ENTRY_3686__offbeam_meta_2.txt
occlusion,resnet34_gn,/home/hep/an1522/dark_tridents_wspace/outputs/weights/resnet34_gn/resnet34_gn_model_20260123-12_20_AM_epoch_4_batch_id_1961_labels_2_step_9821.pwf,/data/run3_offbeam_larcv_cropped.root,,3686,268,0,,4,A_high_tail,0.04761121794581413,0.9521943926811218,0.0,0.0010223388671875,0.01,0.10225104921785579,0.10225104921785579,True,0.10225104921785579,1.0,0.10225104921785579,14,0.011194029850746268,0.011194029850746268,1.0,0.10225104921785579,0.10890217632055268,0.25583723187446594,0.503731343283582,0.05484956670552492,0.1851398443803191,0.0,0.0,/vols/sbn/uboone/an1522/cam_methods/occlusion/A_high_tail/run3_samples/resnet34_gn/occlusion__ENTRY_3686__offbeam_meta_4.txt
occlusion,resnet34_gn,/home/hep/an1522/dark_tridents_wspace/outputs/weights/resnet34_gn/resnet34_gn_model_20260123-12_20_AM_epoch_4_batch_id_1961_labels_2_step_9821.pwf,/data/run3_offbeam_larcv_cropped.root,,3686,268,0,,8,A_high_tail,0.04761121794581413,0.9521943926811218,0.0,0.0010223388671875,0.01,0.10225104921785579,0.10225104921785579,True,0.10225104921785579,1.0,0.10225104921785579,14,0.011194029850746268,0.011194029850746268,1.0,0.10225104921785579,0.13126080214977245,0.25583723187446594,0.5634328358208955,0.05484956670552492,0.1851398443803191,0.0,0.0,/vols/sbn/uboone/an1522/cam_methods/occlusion/A_high_tail/run3_samples/resnet34_gn/occlusion__ENTRY_3686__offbeam_meta_8.txt
occlusion,resnet34_gn,/home/hep/an1522/dark_tridents_wspace/outputs/weights/resnet34_gn/resnet34_gn_model_20260123-12_20_AM_epoch_4_batch_id_1961_labels_2_step_9821.pwf,/data/run3_dirt_larcv_cropped.root,,437,247,0,,16,A_high_tail,0.11483753472566605,0.8839173316955566,0.0,0.000942230224609375,0.01,0.08164822586798931,0.08164822586798931,True,0.08063300678221552,0.8663967611336032,0.08164822586798931,11,0.008097165991902834,0.008097165991902834,1.0,0.08063300678221552,0.3261924624443053,0.3354984521865845,0.38461538461538464,0.11327322386205196,0.08300016224384305,0.0,0.0,/vols/sbn/uboone/an1522/cam_methods/occlusion/A_high_tail/run3_samples/resnet34_gn/occlusion__ENTRY_437__dirt_meta_16.txt
occlusion,resnet34_gn,/home/hep/an1522/dark_tridents_wspace/outputs/weights/resnet34_gn/resnet34_gn_model_20260123-12_20_AM_epoch_4_batch_id_1961_labels_2_step_9821.pwf,/data/run3_dirt_larcv_cropped.root,,437,247,0,,2,A_high_tail,0.11485756188631058,0.8838972449302673,0.0,0.000942230224609375,0.01,0.09347577260587563,0.09347577260587563,True,0.09340449866565002,0.9919028340080972,0.09347577260587563,9,0.008097165991902834,0.008097165991902834,1.0,0.09340449866565002,0.09455809071660042,0.09614155441522598,0.5951417004048583,0.12147998549044133,0.13359042936936022,0.0,0.0,/vols/sbn/uboone/an1522/cam_methods/occlusion/A_high_tail/run3_samples/resnet34_gn/occlusion__ENTRY_437__dirt_meta_2.txt
occlusion,resnet34_gn,/home/hep/an1522/dark_tridents_wspace/outputs/weights/resnet34_gn/resnet34_gn_model_20260123-12_20_AM_epoch_4_batch_id_1961_labels_2_step_9821.pwf,/data/run3_dirt_larcv_cropped.root,,437,247,0,,4,A_high_tail,0.11485756188631058,0.8838972449302673,0.0,0.000942230224609375,0.01,0.09347577260587563,0.09347577260587563,True,0.09340449866565002,0.9919028340080972,0.09347577260587563,9,0.008097165991902834,0.008097165991902834,1.0,0.09340449866565002,0.10402356877923011,0.10521445423364639,0.47368421052631576,0.12147998549044133,0.13359042936936022,0.0,0.0,/vols/sbn/uboone/an1522/cam_methods/occlusion/A_high_tail/run3_samples/resnet34_gn/occlusion__ENTRY_437__dirt_meta_4.txt
occlusion,resnet34_gn,/home/hep/an1522/dark_tridents_wspace/outputs/weights/resnet34_gn/resnet34_gn_model_20260123-12_20_AM_epoch_4_batch_id_1961_labels_2_step_9821.pwf,/data/run3_dirt_larcv_cropped.root,,437,247,0,,8,A_high_tail,0.11483753472566605,0.8839173316955566,0.0,0.000942230224609375,0.01,0.09194963754292255,0.09194963754292255,True,0.09173962695089456,0.9757085020242915,0.09194963754292255,10,0.008097165991902834,0.008097165991902834,1.0,0.09173962695089456,0.16724509000778198,0.16724509000778198,0.44129554655870445,0.11999579183757303,0.0764181900769472,0.0,0.0,/vols/sbn/uboone/an1522/cam_methods/occlusion/A_high_tail/run3_samples/resnet34_gn/occlusion__ENTRY_437__dirt_meta_8.txt
occlusion,resnet34_gn,/home/hep/an1522/dark_tridents_wspace/outputs/weights/resnet34_gn/resnet34_gn_model_20260123-12_20_AM_epoch_4_batch_id_1961_labels_2_step_9821.pwf,/data/run3_nu_overlay_larcv_cropped.root,,4830,2028,0,,16,A_high_tail,0.9989375472068787,0.0010665805311873555,0.0,0.0077362060546875,0.01,0.7214803510110644,0.7214803510110644,True,0.6856417693981146,0.9324457593688363,0.7214803510110644,31,0.009861932938856016,0.009861932938856016,1.0,0.6856417693981146,0.376858115196228,0.41207313537597656,0.8520710059171598,0.958451096713543,0.2737236935645342,0.1,0.1,/vols/sbn/uboone/an1522/cam_methods/occlusion/A_high_tail/run3_samples/resnet34_gn/occlusion__ENTRY_4830__nu_overlay_meta_16.txt
occlusion,resnet34_gn,/home/hep/an1522/dark_tridents_wspace/outputs/weights/resnet34_gn/resnet34_gn_model_20260123-12_20_AM_epoch_4_batch_id_1961_labels_2_step_9821.pwf,/data/run3_nu_overlay_larcv_cropped.root,,4830,2028,0,,2,A_high_tail,0.9989375472068787,0.0010665805311873555,0.0,0.0077362060546875,0.01,0.7661198016024419,0.7672644028996566,True,0.7603180613404014,0.9901380670611439,0.7661198016024419,31,0.009861932938856016,0.009861932938856016,1.0,0.7623199393479909,0.0033885306119918824,0.061975836753845215,0.5887573964497042,0.9586225494742394,0.07201023381203413,0.1,0.1,/vols/sbn/uboone/an1522/cam_methods/occlusion/A_high_tail/run3_samples/resnet34_gn/occlusion__ENTRY_4830__nu_overlay_meta_2.txt
occlusion,resnet34_gn,/home/hep/an1522/dark_tridents_wspace/outputs/weights/resnet34_gn/resnet34_gn_model_20260123-12_20_AM_epoch_4_batch_id_1961_labels_2_step_9821.pwf,/data/run3_nu_overlay_larcv_cropped.root,,4830,2028,0,,4,A_high_tail,0.9989375472068787,0.0010665805311873555,0.0,0.0077362060546875,0.01,0.7596337275848912,0.7607783288821061,True,0.7490594431903687,0.9817554240631163,0.7596337275848912,32,0.009861932938856016,0.009861932938856016,1.0,0.7510357815442561,0.0026093846559524588,0.04741388559341431,0.6503944773175543,0.9586200043559074,0.06742250928655266,0.1,0.1,/vols/sbn/uboone/an1522/cam_methods/occlusion/A_high_tail/run3_samples/resnet34_gn/occlusion__ENTRY_4830__nu_overlay_meta_4.txt
occlusion,resnet34_gn,/home/hep/an1522/dark_tridents_wspace/outputs/weights/resnet34_gn/resnet34_gn_model_20260123-12_20_AM_epoch_4_batch_id_1961_labels_2_step_9821.pwf,/data/run3_nu_overlay_larcv_cropped.root,,4830,2028,0,,8,A_high_tail,0.9989376664161682,0.0010664414148777723,0.0,0.0077362060546875,0.01,0.7497138496756963,0.7500953834414346,True,0.7321162444113264,0.9689349112426036,0.7497138496756963,35,0.009861932938856016,0.009861932938856016,1.0,0.73276183376817,0.00678938627243042,0.07501894235610962,0.7840236686390533,0.958604373037815,0.19881946220993998,0.1,0.1,/vols/sbn/uboone/an1522/cam_methods/occlusion/A_high_tail/run3_samples/resnet34_gn/occlusion__ENTRY_4830__nu_overlay_meta_8.txt
occlusion,resnet34_gn,/home/hep/an1522/dark_tridents_wspace/outputs/weights/resnet34_gn/resnet34_gn_model_20260123-12_20_AM_epoch_4_batch_id_1961_labels_2_step_9821.pwf,/data/run3_dirt_larcv_cropped.root,,511,737,0,,16,A_high_tail,0.31484103202819824,0.683413028717041,0.0,0.002811431884765625,0.01,0.27966425028615033,0.27966425028615033,True,0.27923809523809523,0.994572591587517,0.27966425028615033,43,0.009497964721845319,0.009497964721845319,1.0,0.27923809523809523,0.3356469869613644,0.4528680443763733,0.8548168249660787,0.30642004162073133,0.14575376249849795,0.1,0.1,/vols/sbn/uboone/an1522/cam_methods/occlusion/A_high_tail/run3_samples/resnet34_gn/occlusion__ENTRY_511__dirt_meta_16.txt
occlusion,resnet34_gn,/home/hep/an1522/dark_tridents_wspace/outputs/weights/resnet34_gn/resnet34_gn_model_20260123-12_20_AM_epoch_4_batch_id_1961_labels_2_step_9821.pwf,/data/run3_dirt_larcv_cropped.root,,511,737,0,,2,A_high_tail,0.31484103202819824,0.683413028717041,0.0,0.002811431884765625,0.01,0.2811903853491034,0.2811903853491034,True,0.2811903853491034,1.0,0.2811903853491034,43,0.009497964721845319,0.009497964721845319,1.0,0.2811903853491034,0.3055222260951996,0.4736785292625427,0.35278154681139756,0.3087178900837898,0.19850133508443832,0.1,0.1,/vols/sbn/uboone/an1522/cam_methods/occlusion/A_high_tail/run3_samples/resnet34_gn/occlusion__ENTRY_511__dirt_meta_2.txt
occlusion,resnet34_gn,/home/hep/an1522/dark_tridents_wspace/outputs/weights/resnet34_gn/resnet34_gn_model_20260123-12_20_AM_epoch_4_batch_id_1961_labels_2_step_9821.pwf,/data/run3_dirt_larcv_cropped.root,,511,737,0,,4,A_high_tail,0.31484103202819824,0.683413028717041,0.0,0.002811431884765625,0.01,0.2811903853491034,0.2811903853491034,True,0.2811903853491034,1.0,0.2811903853491034,43,0.009497964721845319,0.009497964721845319,1.0,0.2811903853491034,0.3067048096656799,0.4690667390823364,0.4735413839891452,0.3087178900837898,0.19850133508443832,0.1,0.1,/vols/sbn/uboone/an1522/cam_methods/occlusion/A_high_tail/run3_samples/resnet34_gn/occlusion__ENTRY_511__dirt_meta_4.txt
occlusion,resnet34_gn,/home/hep/an1522/dark_tridents_wspace/outputs/weights/resnet34_gn/resnet34_gn_model_20260123-12_20_AM_epoch_4_batch_id_1961_labels_2_step_9821.pwf,/data/run3_dirt_larcv_cropped.root,,511,737,0,,8,A_high_tail,0.314940869808197,0.6833130121231079,0.0,0.002811431884765625,0.01,0.2811903853491034,0.2811903853491034,True,0.2811903853491034,1.0,0.2811903853491034,43,0.009497964721845319,0.009497964721845319,1.0,0.2811903853491034,0.3089479839801788,0.3094922602176666,0.6852103120759837,0.30881267338991164,0.19850513786077506,0.1,0.1,/vols/sbn/uboone/an1522/cam_methods/occlusion/A_high_tail/run3_samples/resnet34_gn/occlusion__ENTRY_511__dirt_meta_8.txt
occlusion,mpid,/home/hep/an1522/dark_tridents_wspace/outputs/weights/DM-CNN_model_20260116-10_22_PM_epoch_4_batch_id_1961_labels_2_title_0.001_AG_GN_LM_TRAINING_step_9821.pwf,/data/run1_NuMI_nu_overlay_larcv_cropped.root,,12411,583,0,,16,A_high_tail+C_weird_lowpix,0.9987194538116455,0.0013189769815653563,0.0,0.002223968505859375,0.01,0.22243418542541016,0.22243418542541016,True,0.22243418542541016,1.0,0.22243418542541016,27,0.010291595197255575,0.010291595197255575,1.0,0.22243418542541016,0.0862724781036377,0.09768474102020264,0.8970840480274442,0.9512236841022969,0.09629982933402062,0.1,0.1,/vols/sbn/uboone/an1522/cam_methods/occlusion/A_high_tail+C_weird_lowpix/run1_samples/mpid/occlusion__ENTRY_12411__nu_overlay_meta_16.txt
occlusion,mpid,/home/hep/an1522/dark_tridents_wspace/outputs/weights/DM-CNN_model_20260116-10_22_PM_epoch_4_batch_id_1961_labels_2_title_0.001_AG_GN_LM_TRAINING_step_9821.pwf,/data/run1_NuMI_nu_overlay_larcv_cropped.root,,12411,583,0,,2,A_high_tail+C_weird_lowpix,0.9987198114395142,0.0013185455463826656,0.0,0.002223968505859375,0.01,0.22243418542541016,0.22243418542541016,True,0.22243418542541016,1.0,0.22243418542541016,27,0.010291595197255575,0.010291595197255575,1.0,0.22243418542541016,0.0017522585391998265,0.004720926284790039,0.7890222984562607,0.9512248890474437,0.09631628599017858,0.1,0.1,/vols/sbn/uboone/an1522/cam_methods/occlusion/A_high_tail+C_weird_lowpix/run1_samples/mpid/occlusion__ENTRY_12411__nu_overlay_meta_2.txt
occlusion,mpid,/home/hep/an1522/dark_tridents_wspace/outputs/weights/DM-CNN_model_20260116-10_22_PM_epoch_4_batch_id_1961_labels_2_title_0.001_AG_GN_LM_TRAINING_step_9821.pwf,/data/run1_NuMI_nu_overlay_larcv_cropped.root,,12411,583,0,,4,A_high_tail+C_weird_lowpix,0.9987194538116455,0.0013189769815653563,0.0,0.002223968505859375,0.01,0.22243418542541016,0.22243418542541016,True,0.22243418542541016,1.0,0.22243418542541016,27,0.010291595197255575,0.010291595197255575,1.0,0.22243418542541016,0.00457670092582701,0.006336033344268799,0.8216123499142367,0.9512236841022969,0.09629982933402062,0.1,0.1,/vols/sbn/uboone/an1522/cam_methods/occlusion/A_high_tail+C_weird_lowpix/run1_samples/mpid/occlusion__ENTRY_12411__nu_overlay_meta_4.txt
occlusion,mpid,/home/hep/an1522/dark_tridents_wspace/outputs/weights/DM-CNN_model_20260116-10_22_PM_epoch_4_batch_id_1961_labels_2_title_0.001_AG_GN_LM_TRAINING_step_9821.pwf,/data/run1_NuMI_nu_overlay_larcv_cropped.root,,12411,583,0,,8,A_high_tail+C_weird_lowpix,0.9987198114395142,0.0013185455463826656,0.0,0.002223968505859375,0.01,0.22243418542541016,0.22243418542541016,True,0.22243418542541016,1.0,0.22243418542541016,27,0.010291595197255575,0.010291595197255575,1.0,0.22243418542541016,0.061619604825972556,0.09174257516860962,0.8765008576329331,0.9512248890474437,0.09631628599017858,0.1,0.1,/vols/sbn/uboone/an1522/cam_methods/occlusion/A_high_tail+C_weird_lowpix/run1_samples/mpid/occlusion__ENTRY_12411__nu_overlay_meta_8.txt
occlusion,mpid,/home/hep/an1522/dark_tridents_wspace/outputs/weights/DM-CNN_model_20260116-10_22_PM_epoch_4_batch_id_1961_labels_2_title_0.001_AG_GN_LM_TRAINING_step_9821.pwf,/data/run1_offbeam_larcv_cropped_full_set.root,,452,277,0,,16,A_high_tail+C_weird_lowpix,0.9975531697273254,0.002538773464038968,0.0,0.001056671142578125,0.01,0.10492178557802366,0.10492178557802366,True,0.10484178421654594,0.9927797833935018,0.10492178557802366,10,0.010830324909747292,0.010830324909747292,1.0,0.10484178421654594,0.9823731446266174,0.9827176928520203,0.6787003610108303,0.9501605676487088,0.05711092432029546,0.1,0.1,/vols/sbn/uboone/an1522/cam_methods/occlusion/A_high_tail+C_weird_lowpix/run1_samples/mpid/occlusion__ENTRY_452__offbeam_meta_16.txt
occlusion,mpid,/home/hep/an1522/dark_tridents_wspace/outputs/weights/DM-CNN_model_20260116-10_22_PM_epoch_4_batch_id_1961_labels_2_title_0.001_AG_GN_LM_TRAINING_step_9821.pwf,/data/run1_offbeam_larcv_cropped_full_set.root,,452,277,0,,2,A_high_tail+C_weird_lowpix,0.9975528120994568,0.0025391089729964733,0.0,0.001056671142578125,0.01,0.10492178557802366,0.10492178557802366,True,0.10484178421654594,0.9927797833935018,0.10492178557802366,10,0.010830324909747292,0.010830324909747292,1.0,0.10484178421654594,0.20724083900451673,0.5785374641418457,0.3212996389891697,0.9501588262617588,0.057112321536988024,0.1,0.1,/vols/sbn/uboone/an1522/cam_methods/occlusion/A_high_tail+C_weird_lowpix/run1_samples/mpid/occlusion__ENTRY_452__offbeam_meta_2.txt
occlusion,mpid,/home/hep/an1522/dark_tridents_wspace/outputs/weights/DM-CNN_model_20260116-10_22_PM_epoch_4_batch_id_1961_labels_2_title_0.001_AG_GN_LM_TRAINING_step_9821.pwf,/data/run1_offbeam_larcv_cropped_full_set.root,,452,277,0,,4,A_high_tail+C_weird_lowpix,0.9975528120994568,0.0025391089729964733,0.0,0.001056671142578125,0.01,0.10492178557802366,0.10492178557802366,True,0.10484178421654594,0.9927797833935018,0.10492178557802366,10,0.010830324909747292,0.010830324909747292,1.0,0.10484178421654594,0.5167874097824097,0.5167874097824097,0.3862815884476534,0.9501588262617588,0.057112321536988024,0.1,0.1,/vols/sbn/uboone/an1522/cam_methods/occlusion/A_high_tail+C_weird_lowpix/run1_samples/mpid/occlusion__ENTRY_452__offbeam_meta_4.txt
occlusion,mpid,/home/hep/an1522/dark_tridents_wspace/outputs/weights/DM-CNN_model_20260116-10_22_PM_epoch_4_batch_id_1961_labels_2_title_0.001_AG_GN_LM_TRAINING_step_9821.pwf,/data/run1_offbeam_larcv_cropped_full_set.root,,452,277,0,,8,A_high_tail+C_weird_lowpix,0.9975528120994568,0.0025391089729964733,0.0,0.001056671142578125,0.01,0.10492178557802366,0.10492178557802366,True,0.10484178421654594,0.9927797833935018,0.10492178557802366,10,0.010830324909747292,0.010830324909747292,1.0,0.10484178421654594,0.8110593557357788,0.8596851825714111,0.4259927797833935,0.9501588262617588,0.057112321536988024,0.1,0.1,/vols/sbn/uboone/an1522/cam_methods/occlusion/A_high_tail+C_weird_lowpix/run1_samples/mpid/occlusion__ENTRY_452__offbeam_meta_8.txt
occlusion,mpid,/home/hep/an1522/dark_tridents_wspace/outputs/weights/DM-CNN_model_20260116-10_22_PM_epoch_4_batch_id_1961_labels_2_title_0.001_AG_GN_LM_TRAINING_step_9821.pwf,/data/run1_NuMI_dirt_larcv_cropped.root,,495,54,0,,16,A_high_tail+C_weird_lowpix,0.9928483963012695,0.00741165317595005,0.0,0.00020599365234375,0.01,0.020221289584128194,0.020221289584128194,True,0.02021357742181541,0.9814814814814815,0.020221289584128194,3,0.018518518518518517,0.018518518518518517,1.0,0.02021357742181541,0.9820393323898315,0.9820393323898315,0.9814814814814815,0.9455776043236256,0.08460777131840587,0.1,0.1,/vols/sbn/uboone/an1522/cam_methods/occlusion/A_high_tail+C_weird_lowpix/run1_samples/mpid/occlusion__ENTRY_495__dirt_meta_16.txt
occlusion,mpid,/home/hep/an1522/dark_tridents_wspace/outputs/weights/DM-CNN_model_20260116-10_22_PM_epoch_4_batch_id_1961_labels_2_title_0.001_AG_GN_LM_TRAINING_step_9821.pwf,/data/run1_NuMI_dirt_larcv_cropped.root,,495,54,0,,2,A_high_tail+C_weird_lowpix,0.9928505420684814,0.007409523706883192,0.0,0.00020599365234375,0.01,0.02060282334986646,0.02060282334986646,True,0.02060282334986646,1.0,0.02060282334986646,4,0.018518518518518517,0.018518518518518517,1.0,0.02060282334986646,0.1902542912960052,0.2049824595451355,0.8518518518518519,0.9456490831449627,0.09602282252162694,0.1,0.1,/vols/sbn/uboone/an1522/cam_methods/occlusion/A_high_tail+C_weird_lowpix/run1_samples/mpid/occlusion__ENTRY_495__dirt_meta_2.txt
occlusion,mpid,/home/hep/an1522/dark_tridents_wspace/outputs/weights/DM-CNN_model_20260116-10_22_PM_epoch_4_batch_id_1961_labels_2_title_0.001_AG_GN_LM_TRAINING_step_9821.pwf,/data/run1_NuMI_dirt_larcv_cropped.root,,495,54,0,,4,A_high_tail+C_weird_lowpix,0.9928483963012695,0.00741165317595005,0.0,0.00020599365234375,0.01,0.02060282334986646,0.02060282334986646,True,0.02060282334986646,1.0,0.02060282334986646,4,0.018518518518518517,0.018518518518518517,1.0,0.02060282334986646,0.5432002621889112,0.6601380109786987,0.9074074074074074,0.9456461794674397,0.09600627645850182,0.1,0.1,/vols/sbn/uboone/an1522/cam_methods/occlusion/A_high_tail+C_weird_lowpix/run1_samples/mpid/occlusion__ENTRY_495__dirt_meta_4.txt
occlusion,mpid,/home/hep/an1522/dark_tridents_wspace/outputs/weights/DM-CNN_model_20260116-10_22_PM_epoch_4_batch_id_1961_labels_2_title_0.001_AG_GN_LM_TRAINING_step_9821.pwf,/data/run1_NuMI_dirt_larcv_cropped.root,,495,54,0,,8,A_high_tail+C_weird_lowpix,0.9928505420684814,0.007409523706883192,0.0,0.00020599365234375,0.01,0.02060282334986646,0.02060282334986646,True,0.02060282334986646,1.0,0.02060282334986646,4,0.018518518518518517,0.018518518518518517,1.0,0.02060282334986646,0.9320550096035004,0.9374830722808838,1.0,0.9456490831449627,0.09602282252162694,0.1,0.1,/vols/sbn/uboone/an1522/cam_methods/occlusion/A_high_tail+C_weird_lowpix/run1_samples/mpid/occlusion__ENTRY_495__dirt_meta_8.txt
occlusion,resnet34_gn,/home/hep/an1522/dark_tridents_wspace/outputs/weights/resnet34_gn/resnet34_gn_model_20260123-12_20_AM_epoch_4_batch_id_1961_labels_2_step_9821.pwf,/data/run1_NuMI_nu_overlay_larcv_cropped.root,,12411,583,0,,16,A_high_tail+C_weird_lowpix,0.9643728733062744,0.03572019562125206,0.0,0.002223968505859375,0.01,0.22243418542541016,0.22243418542541016,True,0.22243418542541016,1.0,0.22243418542541016,27,0.010291595197255575,0.010291595197255575,1.0,0.22243418542541016,0.9495601069927215,0.9530078172683716,0.8404802744425386,0.9257731392979622,0.23097792714834214,0.1,0.1,/vols/sbn/uboone/an1522/cam_methods/occlusion/A_high_tail+C_weird_lowpix/run1_samples/resnet34_gn/occlusion__ENTRY_12411__nu_overlay_meta_16.txt
occlusion,resnet34_gn,/home/hep/an1522/dark_tridents_wspace/outputs/weights/resnet34_gn/resnet34_gn_model_20260123-12_20_AM_epoch_4_batch_id_1961_labels_2_step_9821.pwf,/data/run1_NuMI_nu_overlay_larcv_cropped.root,,12411,583,0,,2,A_high_tail+C_weird_lowpix,0.9643672108650208,0.03572581335902214,0.0,0.002223968505859375,0.01,0.22243418542541016,0.22243418542541016,True,0.22243418542541016,1.0,0.22243418542541016,27,0.010291595197255575,0.010291595197255575,1.0,0.22243418542541016,0.8567664825916281,0.9196553230285645,0.5900514579759862,0.9257676973938942,0.23097645491361624,0.1,0.1,/vols/sbn/uboone/an1522/cam_methods/occlusion/A_high_tail+C_weird_lowpix/run1_samples/resnet34_gn/occlusion__ENTRY_12411__nu_overlay_meta_2.txt
occlusion,resnet34_gn,/home/hep/an1522/dark_tridents_wspace/outputs/weights/resnet34_gn/resnet34_gn_model_20260123-12_20_AM_epoch_4_batch_id_1961_labels_2_step_9821.pwf,/data/run1_NuMI_nu_overlay_larcv_cropped.root,,12411,583,0,,4,A_high_tail+C_weird_lowpix,0.9643672108650208,0.03572581335902214,0.0,0.002223968505859375,0.01,0.22243418542541016,0.22243418542541016,True,0.22243418542541016,1.0,0.22243418542541016,27,0.010291595197255575,0.010291595197255575,1.0,0.22243418542541016,0.9293835985660552,0.9338482022285461,0.6174957118353345,0.9257676973938942,0.23097645491361624,0.1,0.1,/vols/sbn/uboone/an1522/cam_methods/occlusion/A_high_tail+C_weird_lowpix/run1_samples/resnet34_gn/occlusion__ENTRY_12411__nu_overlay_meta_4.txt
occlusion,resnet34_gn,/home/hep/an1522/dark_tridents_wspace/outputs/weights/resnet34_gn/resnet34_gn_model_20260123-12_20_AM_epoch_4_batch_id_1961_labels_2_step_9821.pwf,/data/run1_NuMI_nu_overlay_larcv_cropped.root,,12411,583,0,,8,A_high_tail+C_weird_lowpix,0.9643672108650208,0.03572581335902214,0.0,0.002223968505859375,0.01,0.22243418542541016,0.22243418542541016,True,0.22243418542541016,1.0,0.22243418542541016,27,0.010291595197255575,0.010291595197255575,1.0,0.22243418542541016,0.9457455956935882,0.9471243619918823,0.6792452830188679,0.9257676973938942,0.23097645491361624,0.1,0.1,/vols/sbn/uboone/an1522/cam_methods/occlusion/A_high_tail+C_weird_lowpix/run1_samples/resnet34_gn/occlusion__ENTRY_12411__nu_overlay_meta_8.txt
occlusion,resnet34_gn,/home/hep/an1522/dark_tridents_wspace/outputs/weights/resnet34_gn/resnet34_gn_model_20260123-12_20_AM_epoch_4_batch_id_1961_labels_2_step_9821.pwf,/data/run1_offbeam_larcv_cropped_full_set.root,,452,277,0,,16,A_high_tail+C_weird_lowpix,0.8202394247055054,0.17854735255241394,0.0,0.001056671142578125,0.01,0.10492178557802366,0.10492178557802366,True,0.10484178421654594,0.9927797833935018,0.10492178557802366,10,0.010830324909747292,0.010830324909747292,1.0,0.10484178421654594,0.7977281355857849,0.7984031438827515,0.6389891696750902,0.7991271629929543,0.05663196649402379,0.1,0.1,/vols/sbn/uboone/an1522/cam_methods/occlusion/A_high_tail+C_weird_lowpix/run1_samples/resnet34_gn/occlusion__ENTRY_452__offbeam_meta_16.txt
occlusion,resnet34_gn,/home/hep/an1522/dark_tridents_wspace/outputs/weights/resnet34_gn/resnet34_gn_model_20260123-12_20_AM_epoch_4_batch_id_1961_labels_2_step_9821.pwf,/data/run1_offbeam_larcv_cropped_full_set.root,,452,277,0,,2,A_high_tail+C_weird_lowpix,0.8202394247055054,0.17854735255241394,0.0,0.001056671142578125,0.01,0.10492178557802366,0.10492178557802366,True,0.10484178421654594,0.9927797833935018,0.10492178557802366,10,0.010830324909747292,0.010830324909747292,1.0,0.10484178421654594,0.8023165702819824,0.8057008385658264,0.30685920577617326,0.7991271629929543,0.05663196649402379,0.1,0.1,/vols/sbn/uboone/an1522/cam_methods/occlusion/A_high_tail+C_weird_lowpix/run1_samples/resnet34_gn/occlusion__ENTRY_452__offbeam_meta_2.txt
occlusion,resnet34_gn,/home/hep/an1522/dark_tridents_wspace/outputs/weights/resnet34_gn/resnet34_gn_model_20260123-12_20_AM_epoch_4_batch_id_1961_labels_2_step_9821.pwf,/data/run1_offbeam_larcv_cropped_full_set.root,,452,277,0,,4,A_high_tail+C_weird_lowpix,0.8202394247055054,0.17854735255241394,0.0,0.001056671142578125,0.01,0.10492178557802366,0.10492178557802366,True,0.10484178421654594,0.9927797833935018,0.10492178557802366,10,0.010830324909747292,0.010830324909747292,1.0,0.10484178421654594,0.7953276991844177,0.796560525894165,0.3898916967509025,0.7991271629929543,0.05663196649402379,0.1,0.1,/vols/sbn/uboone/an1522/cam_methods/occlusion/A_high_tail+C_weird_lowpix/run1_samples/resnet34_gn/occlusion__ENTRY_452__offbeam_meta_4.txt
occlusion,resnet34_gn,/home/hep/an1522/dark_tridents_wspace/outputs/weights/resnet34_gn/resnet34_gn_model_20260123-12_20_AM_epoch_4_batch_id_1961_labels_2_step_9821.pwf,/data/run1_offbeam_larcv_cropped_full_set.root,,452,277,0,,8,A_high_tail+C_weird_lowpix,0.8202394247055054,0.17854735255241394,0.0,0.001056671142578125,0.01,0.10492178557802366,0.10492178557802366,True,0.10484178421654594,0.9927797833935018,0.10492178557802366,10,0.010830324909747292,0.010830324909747292,1.0,0.10484178421654594,0.7980943155288697,0.8019018769264221,0.5018050541516246,0.7991271629929543,0.05663196649402379,0.1,0.1,/vols/sbn/uboone/an1522/cam_methods/occlusion/A_high_tail+C_weird_lowpix/run1_samples/resnet34_gn/occlusion__ENTRY_452__offbeam_meta_8.txt
occlusion,resnet34_gn,/home/hep/an1522/dark_tridents_wspace/outputs/weights/resnet34_gn/resnet34_gn_model_20260123-12_20_AM_epoch_4_batch_id_1961_labels_2_step_9821.pwf,/data/run1_NuMI_dirt_larcv_cropped.root,,495,54,0,,16,A_high_tail+C_weird_lowpix,0.8824745416641235,0.11683253943920135,0.0,0.00020599365234375,0.01,0.020221289584128194,0.020221289584128194,True,0.02021357742181541,0.9814814814814815,0.020221289584128194,3,0.018518518518518517,0.018518518518518517,1.0,0.02021357742181541,0.870109498500824,0.870109498500824,0.9814814814814815,0.8522837534546852,0.17287905691191552,0.1,0.1,/vols/sbn/uboone/an1522/cam_methods/occlusion/A_high_tail+C_weird_lowpix/run1_samples/resnet34_gn/occlusion__ENTRY_495__dirt_meta_16.txt
occlusion,resnet34_gn,/home/hep/an1522/dark_tridents_wspace/outputs/weights/resnet34_gn/resnet34_gn_model_20260123-12_20_AM_epoch_4_batch_id_1961_labels_2_step_9821.pwf,/data/run1_NuMI_dirt_larcv_cropped.root,,495,54,0,,2,A_high_tail+C_weird_lowpix,0.8824428915977478,0.11686418205499649,0.0,0.00020599365234375,0.01,0.02060282334986646,0.02060282334986646,True,0.02060282334986646,1.0,0.02060282334986646,4,0.018518518518518517,0.018518518518518517,1.0,0.02060282334986646,0.831692076921463,0.8323190212249756,0.6851851851851852,0.8479395940899849,0.22688023895025256,0.1,0.1,/vols/sbn/uboone/an1522/cam_methods/occlusion/A_high_tail+C_weird_lowpix/run1_samples/resnet34_gn/occlusion__ENTRY_495__dirt_meta_2.txt
occlusion,resnet34_gn,/home/hep/an1522/dark_tridents_wspace/outputs/weights/resnet34_gn/resnet34_gn_model_20260123-12_20_AM_epoch_4_batch_id_1961_labels_2_step_9821.pwf,/data/run1_NuMI_dirt_larcv_cropped.root,,495,54,0,,4,A_high_tail+C_weird_lowpix,0.8824745416641235,0.11683253943920135,0.0,0.00020599365234375,0.01,0.02060282334986646,0.02060282334986646,True,0.02060282334986646,1.0,0.02060282334986646,4,0.018518518518518517,0.018518518518518517,1.0,0.02060282334986646,0.8365342986583709,0.836778998374939,0.9259259259259259,0.8479697242379188,0.22688301056623458,0.1,0.1,/vols/sbn/uboone/an1522/cam_methods/occlusion/A_high_tail+C_weird_lowpix/run1_samples/resnet34_gn/occlusion__ENTRY_495__dirt_meta_4.txt
occlusion,resnet34_gn,/home/hep/an1522/dark_tridents_wspace/outputs/weights/resnet34_gn/resnet34_gn_model_20260123-12_20_AM_epoch_4_batch_id_1961_labels_2_step_9821.pwf,/data/run1_NuMI_dirt_larcv_cropped.root,,495,54,0,,8,A_high_tail+C_weird_lowpix,0.8824428915977478,0.11686418205499649,0.0,0.00020599365234375,0.01,0.02060282334986646,0.02060282334986646,True,0.02060282334986646,1.0,0.02060282334986646,4,0.018518518518518517,0.018518518518518517,1.0,0.02060282334986646,0.8489923804998398,0.8490481376647949,0.9814814814814815,0.8479395940899849,0.22688023895025256,0.1,0.1,/vols/sbn/uboone/an1522/cam_methods/occlusion/A_high_tail+C_weird_lowpix/run1_samples/resnet34_gn/occlusion__ENTRY_495__dirt_meta_8.txt
occlusion,mpid,/home/hep/an1522/dark_tridents_wspace/outputs/weights/DM-CNN_model_20260116-10_22_PM_epoch_4_batch_id_1961_labels_2_title_0.001_AG_GN_LM_TRAINING_step_9821.pwf,/data/run3_nu_overlay_larcv_cropped.root,,10807,624,0,,16,A_high_tail+C_weird_lowpix,0.9997161030769348,0.0002925533626694232,0.0,0.00238037109375,0.01,0.2266310568485311,0.2266310568485311,True,0.22406639004149378,0.9519230769230769,0.2266310568485311,32,0.009615384615384616,0.009615384615384616,1.0,0.22406639004149378,0.2921774268150327,0.577759861946106,0.9022435897435898,0.9521737979725002,0.06964516658335924,0.1,0.1,/vols/sbn/uboone/an1522/cam_methods/occlusion/A_high_tail+C_weird_lowpix/run3_samples/mpid/occlusion__ENTRY_10807__nu_overlay_meta_16.txt
occlusion,mpid,/home/hep/an1522/dark_tridents_wspace/outputs/weights/DM-CNN_model_20260116-10_22_PM_epoch_4_batch_id_1961_labels_2_title_0.001_AG_GN_LM_TRAINING_step_9821.pwf,/data/run3_nu_overlay_larcv_cropped.root,,10807,624,0,,2,A_high_tail+C_weird_lowpix,0.9997159838676453,0.0002926585148088634,0.0,0.00238037109375,0.01,0.2266310568485311,0.22701259061426937,True,0.22406639004149378,0.9519230769230769,0.2266310568485311,33,0.009615384615384616,0.009615384615384616,1.0,0.22452830188679246,0.0024110561609268165,0.02028977870941162,0.6217948717948718,0.952170566469431,0.20669033452868463,0.1,0.1,/vols/sbn/uboone/an1522/cam_methods/occlusion/A_high_tail+C_weird_lowpix/run3_samples/mpid/occlusion__ENTRY_10807__nu_overlay_meta_2.txt
occlusion,mpid,/home/hep/an1522/dark_tridents_wspace/outputs/weights/DM-CNN_model_20260116-10_22_PM_epoch_4_batch_id_1961_labels_2_title_0.001_AG_GN_LM_TRAINING_step_9821.pwf,/data/run3_nu_overlay_larcv_cropped.root,,10807,624,0,,4,A_high_tail+C_weird_lowpix,0.9997159838676453,0.0002926585148088634,0.0,0.00238037109375,0.01,0.22624952308279284,0.2266310568485311,True,0.22360482654600303,0.9503205128205128,0.22624952308279284,32,0.009615384615384616,0.009615384615384616,1.0,0.22406639004149378,0.011459256410598627,0.03196519613265991,0.6586538461538461,0.9521721042692661,0.15909405723214148,0.1,0.1,/vols/sbn/uboone/an1522/cam_methods/occlusion/A_high_tail+C_weird_lowpix/run3_samples/mpid/occlusion__ENTRY_10807__nu_overlay_meta_4.txt
occlusion,mpid,/home/hep/an1522/dark_tridents_wspace/outputs/weights/DM-CNN_model_20260116-10_22_PM_epoch_4_batch_id_1961_labels_2_title_0.001_AG_GN_LM_TRAINING_step_9821.pwf,/data/run3_nu_overlay_larcv_cropped.root,,10807,624,0,,8,A_high_tail+C_weird_lowpix,0.9997159838676453,0.0002926585148088634,0.0,0.00238037109375,0.01,0.2266310568485311,0.2266310568485311,True,0.22406639004149378,0.9519230769230769,0.2266310568485311,32,0.009615384615384616,0.009615384615384616,1.0,0.22406639004149378,0.011188058257102946,0.07036501169204712,0.8125,0.9521728910505771,0.069637765083462,0.1,0.1,/vols/sbn/uboone/an1522/cam_methods/occlusion/A_high_tail+C_weird_lowpix/run3_samples/mpid/occlusion__ENTRY_10807__nu_overlay_meta_8.txt
occlusion,mpid,/home/hep/an1522/dark_tridents_wspace/outputs/weights/DM-CNN_model_20260116-10_22_PM_epoch_4_batch_id_1961_labels_2_title_0.001_AG_GN_LM_TRAINING_step_9821.pwf,/data/run3_offbeam_larcv_cropped.root,,5594,154,0,,16,A_high_tail+C_weird_lowpix,0.9992603659629822,0.0007708116318099201,0.0,0.00058746337890625,0.01,0.05875619992369325,0.05875619992369325,True,0.05875619992369325,1.0,0.05875619992369325,8,0.012987012987012988,0.012987012987012988,1.0,0.05875619992369325,0.7671692967414856,0.7671692967414856,0.9935064935064936,0.9517384158447385,0.09634331371635199,0.1,0.1,/vols/sbn/uboone/an1522/cam_methods/occlusion/A_high_tail+C_weird_lowpix/run3_samples/mpid/occlusion__ENTRY_5594__offbeam_meta_16.txt
occlusion,mpid,/home/hep/an1522/dark_tridents_wspace/outputs/weights/DM-CNN_model_20260116-10_22_PM_epoch_4_batch_id_1961_labels_2_title_0.001_AG_GN_LM_TRAINING_step_9821.pwf,/data/run3_offbeam_larcv_cropped.root,,5594,154,0,,2,A_high_tail+C_weird_lowpix,0.9992607235908508,0.0007705453899689019,0.0,0.00058746337890625,0.01,0.05837466615795498,0.05875619992369325,True,0.05835240274599542,0.9935064935064936,0.05837466615795498,8,0.012987012987012988,0.012987012987012988,1.0,0.05875619992369325,0.015987145304679862,0.019283831119537354,0.577922077922078,0.9517562009394169,0.4345185332000256,0.1,0.1,/vols/sbn/uboone/an1522/cam_methods/occlusion/A_high_tail+C_weird_lowpix/run3_samples/mpid/occlusion__ENTRY_5594__offbeam_meta_2.txt
occlusion,mpid,/home/hep/an1522/dark_tridents_wspace/outputs/weights/DM-CNN_model_20260116-10_22_PM_epoch_4_batch_id_1961_labels_2_title_0.001_AG_GN_LM_TRAINING_step_9821.pwf,/data/run3_offbeam_larcv_cropped.root,,5594,154,0,,4,A_high_tail+C_weird_lowpix,0.9992607235908508,0.0007705453899689019,0.0,0.00058746337890625,0.01,0.05875619992369325,0.05875619992369325,True,0.05875619992369325,1.0,0.05875619992369325,8,0.012987012987012988,0.012987012987012988,1.0,0.05875619992369325,0.06642902374267577,0.08613705635070801,0.7402597402597403,0.9517378903925418,0.09632689282298088,0.1,0.1,/vols/sbn/uboone/an1522/cam_methods/occlusion/A_high_tail+C_weird_lowpix/run3_samples/mpid/occlusion__ENTRY_5594__offbeam_meta_4.txt
occlusion,mpid,/home/hep/an1522/dark_tridents_wspace/outputs/weights/DM-CNN_model_20260116-10_22_PM_epoch_4_batch_id_1961_labels_2_title_0.001_AG_GN_LM_TRAINING_step_9821.pwf,/data/run3_offbeam_larcv_cropped.root,,5594,154,0,,8,A_high_tail+C_weird_lowpix,0.9992607235908508,0.0007705453899689019,0.0,0.00058746337890625,0.01,0.05875619992369325,0.05875619992369325,True,0.05875619992369325,1.0,0.05875619992369325,8,0.012987012987012988,0.012987012987012988,1.0,0.05875619992369325,0.2188217043876648,0.25943899154663086,0.9545454545454546,0.9517378903925418,0.09632689282298088,0.1,0.1,/vols/sbn/uboone/an1522/cam_methods/occlusion/A_high_tail+C_weird_lowpix/run3_samples/mpid/occlusion__ENTRY_5594__offbeam_meta_8.txt
occlusion,mpid,/home/hep/an1522/dark_tridents_wspace/outputs/weights/DM-CNN_model_20260116-10_22_PM_epoch_4_batch_id_1961_labels_2_title_0.001_AG_GN_LM_TRAINING_step_9821.pwf,/data/run3_dirt_larcv_cropped.root,,566,81,0,,16,A_high_tail+C_weird_lowpix,0.9993832111358643,0.0006505170022137463,0.0,0.000308990478515625,0.01,0.030904235024799696,0.030904235024799696,True,0.030904235024799696,1.0,0.030904235024799696,4,0.012345679012345678,0.012345679012345678,1.0,0.030904235024799696,0.9687777161598206,0.9687777161598206,0.9629629629629629,0.9518551187589763,0.09634945597499608,0.1,0.1,/vols/sbn/uboone/an1522/cam_methods/occlusion/A_high_tail+C_weird_lowpix/run3_samples/mpid/occlusion__ENTRY_566__dirt_meta_16.txt
occlusion,mpid,/home/hep/an1522/dark_tridents_wspace/outputs/weights/DM-CNN_model_20260116-10_22_PM_epoch_4_batch_id_1961_labels_2_title_0.001_AG_GN_LM_TRAINING_step_9821.pwf,/data/run3_dirt_larcv_cropped.root,,566,81,0,,2,A_high_tail+C_weird_lowpix,0.9993832111358643,0.0006505170022137463,0.0,0.000308990478515625,0.01,0.030904235024799696,0.030904235024799696,True,0.030904235024799696,1.0,0.030904235024799696,4,0.012345679012345678,0.012345679012345678,1.0,0.030904235024799696,0.010654878616333012,0.011929512023925781,0.6296296296296297,0.9518551187589763,0.09634945597499608,0.1,0.1,/vols/sbn/uboone/an1522/cam_methods/occlusion/A_high_tail+C_weird_lowpix/run3_samples/mpid/occlusion__ENTRY_566__dirt_meta_2.txt
occlusion,mpid,/home/hep/an1522/dark_tridents_wspace/outputs/weights/DM-CNN_model_20260116-10_22_PM_epoch_4_batch_id_1961_labels_2_title_0.001_AG_GN_LM_TRAINING_step_9821.pwf,/data/run3_dirt_larcv_cropped.root,,566,81,0,,4,A_high_tail+C_weird_lowpix,0.9993832111358643,0.0006505644414573908,0.0,0.000308990478515625,0.01,0.030904235024799696,0.030904235024799696,True,0.030904235024799696,1.0,0.030904235024799696,4,0.012345679012345678,0.012345679012345678,1.0,0.030904235024799696,0.022554516792297433,0.04238760471343994,0.7530864197530864,0.9518542535603045,0.09633301720023155,0.1,0.1,/vols/sbn/uboone/an1522/cam_methods/occlusion/A_high_tail+C_weird_lowpix/run3_samples/mpid/occlusion__ENTRY_566__dirt_meta_4.txt
occlusion,mpid,/home/hep/an1522/dark_tridents_wspace/outputs/weights/DM-CNN_model_20260116-10_22_PM_epoch_4_batch_id_1961_labels_2_title_0.001_AG_GN_LM_TRAINING_step_9821.pwf,/data/run3_dirt_larcv_cropped.root,,566,81,0,,8,A_high_tail+C_weird_lowpix,0.9993832111358643,0.0006505644414573908,0.0,0.000308990478515625,0.01,0.030904235024799696,0.030904235024799696,True,0.030904235024799696,1.0,0.030904235024799696,4,0.012345679012345678,0.012345679012345678,1.0,0.030904235024799696,0.12240636348724365,0.12240636348724365,0.8765432098765432,0.9518542535603045,0.09633301720023155,0.1,0.1,/vols/sbn/uboone/an1522/cam_methods/occlusion/A_high_tail+C_weird_lowpix/run3_samples/mpid/occlusion__ENTRY_566__dirt_meta_8.txt
occlusion,resnet34_gn,/home/hep/an1522/dark_tridents_wspace/outputs/weights/resnet34_gn/resnet34_gn_model_20260123-12_20_AM_epoch_4_batch_id_1961_labels_2_step_9821.pwf,/data/run3_nu_overlay_larcv_cropped.root,,10807,624,0,,16,A_high_tail+C_weird_lowpix,0.930790901184082,0.06940644979476929,0.0,0.00238037109375,0.01,0.2266310568485311,0.2266310568485311,True,0.22406639004149378,0.9519230769230769,0.2266310568485311,32,0.009615384615384616,0.009615384615384616,1.0,0.22406639004149378,0.9068310040235519,0.9251356720924377,0.8733974358974359,0.8923108741641045,0.11752626514062284,0.1,0.1,/vols/sbn/uboone/an1522/cam_methods/occlusion/A_high_tail+C_weird_lowpix/run3_samples/resnet34_gn/occlusion__ENTRY_10807__nu_overlay_meta_16.txt
occlusion,resnet34_gn,/home/hep/an1522/dark_tridents_wspace/outputs/weights/resnet34_gn/resnet34_gn_model_20260123-12_20_AM_epoch_4_batch_id_1961_labels_2_step_9821.pwf,/data/run3_nu_overlay_larcv_cropped.root,,10807,624,0,,2,A_high_tail+C_weird_lowpix,0.9307688474655151,0.06942856311798096,0.0,0.00238037109375,0.01,0.22701259061426937,0.22701259061426937,True,0.22452830188679246,0.9535256410256411,0.22701259061426937,33,0.009615384615384616,0.009615384615384616,1.0,0.22452830188679246,0.7866334950923913,0.8796901702880859,0.5032051282051282,0.8883638039231301,0.11749781006947158,0.1,0.1,/vols/sbn/uboone/an1522/cam_methods/occlusion/A_high_tail+C_weird_lowpix/run3_samples/resnet34_gn/occlusion__ENTRY_10807__nu_overlay_meta_2.txt
occlusion,resnet34_gn,/home/hep/an1522/dark_tridents_wspace/outputs/weights/resnet34_gn/resnet34_gn_model_20260123-12_20_AM_epoch_4_batch_id_1961_labels_2_step_9821.pwf,/data/run3_nu_overlay_larcv_cropped.root,,10807,624,0,,4,A_high_tail+C_weird_lowpix,0.9307688474655151,0.06942856311798096,0.0,0.00238037109375,0.01,0.2266310568485311,0.2266310568485311,True,0.22406639004149378,0.9519230769230769,0.2266310568485311,32,0.009615384615384616,0.009615384615384616,1.0,0.22406639004149378,0.7915842533111572,0.8901008367538452,0.6682692307692307,0.8922911658883095,0.11752571510151028,0.1,0.1,/vols/sbn/uboone/an1522/cam_methods/occlusion/A_high_tail+C_weird_lowpix/run3_samples/resnet34_gn/occlusion__ENTRY_10807__nu_overlay_meta_4.txt
occlusion,resnet34_gn,/home/hep/an1522/dark_tridents_wspace/outputs/weights/resnet34_gn/resnet34_gn_model_20260123-12_20_AM_epoch_4_batch_id_1961_labels_2_step_9821.pwf,/data/run3_nu_overlay_larcv_cropped.root,,10807,624,0,,8,A_high_tail+C_weird_lowpix,0.9307688474655151,0.06942856311798096,0.0,0.00238037109375,0.01,0.2266310568485311,0.2266310568485311,True,0.22406639004149378,0.9519230769230769,0.2266310568485311,32,0.009615384615384616,0.009615384615384616,1.0,0.22406639004149378,0.8515906691551206,0.9128023386001587,0.8044871794871795,0.8922911658883095,0.11752571510151028,0.1,0.1,/vols/sbn/uboone/an1522/cam_methods/occlusion/A_high_tail+C_weird_lowpix/run3_samples/resnet34_gn/occlusion__ENTRY_10807__nu_overlay_meta_8.txt
occlusion,resnet34_gn,/home/hep/an1522/dark_tridents_wspace/outputs/weights/resnet34_gn/resnet34_gn_model_20260123-12_20_AM_epoch_4_batch_id_1961_labels_2_step_9821.pwf,/data/run3_offbeam_larcv_cropped.root,,5594,154,0,,16,A_high_tail+C_weird_lowpix,0.9644840955734253,0.035461872816085815,0.0,0.00058746337890625,0.01,0.05875619992369325,0.05875619992369325,True,0.05875619992369325,1.0,0.05875619992369325,8,0.012987012987012988,0.012987012987012988,1.0,0.05875619992369325,0.9099262952804565,0.9170964956283569,0.9935064935064936,0.9258787378668785,0.23098229914903645,0.1,0.1,/vols/sbn/uboone/an1522/cam_methods/occlusion/A_high_tail+C_weird_lowpix/run3_samples/resnet34_gn/occlusion__ENTRY_5594__offbeam_meta_16.txt
occlusion,resnet34_gn,/home/hep/an1522/dark_tridents_wspace/outputs/weights/resnet34_gn/resnet34_gn_model_20260123-12_20_AM_epoch_4_batch_id_1961_labels_2_step_9821.pwf,/data/run3_offbeam_larcv_cropped.root,,5594,154,0,,2,A_high_tail+C_weird_lowpix,0.9644978046417236,0.03544814512133598,0.0,0.00058746337890625,0.01,0.05875619992369325,0.05875619992369325,True,0.05875619992369325,1.0,0.05875619992369325,8,0.012987012987012988,0.012987012987012988,1.0,0.05875619992369325,0.6632903951406479,0.6771115064620972,0.551948051948052,0.9258918240666388,0.2309841737151146,0.1,0.1,/vols/sbn/uboone/an1522/cam_methods/occlusion/A_high_tail+C_weird_lowpix/run3_samples/resnet34_gn/occlusion__ENTRY_5594__offbeam_meta_2.txt
occlusion,resnet34_gn,/home/hep/an1522/dark_tridents_wspace/outputs/weights/resnet34_gn/resnet34_gn_model_20260123-12_20_AM_epoch_4_batch_id_1961_labels_2_step_9821.pwf,/data/run3_offbeam_larcv_cropped.root,,5594,154,0,,4,A_high_tail+C_weird_lowpix,0.9644978046417236,0.03544814512133598,0.0,0.00058746337890625,0.01,0.05875619992369325,0.05875619992369325,True,0.05875619992369325,1.0,0.05875619992369325,8,0.012987012987012988,0.012987012987012988,1.0,0.05875619992369325,0.7583013594150543,0.7684611678123474,0.7597402597402597,0.9258918240666388,0.2309841737151146,0.1,0.1,/vols/sbn/uboone/an1522/cam_methods/occlusion/A_high_tail+C_weird_lowpix/run3_samples/resnet34_gn/occlusion__ENTRY_5594__offbeam_meta_4.txt
occlusion,resnet34_gn,/home/hep/an1522/dark_tridents_wspace/outputs/weights/resnet34_gn/resnet34_gn_model_20260123-12_20_AM_epoch_4_batch_id_1961_labels_2_step_9821.pwf,/data/run3_offbeam_larcv_cropped.root,,5594,154,0,,8,A_high_tail+C_weird_lowpix,0.9644978046417236,0.03544814512133598,0.0,0.00058746337890625,0.01,0.05875619992369325,0.05875619992369325,True,0.05875619992369325,1.0,0.05875619992369325,8,0.012987012987012988,0.012987012987012988,1.0,0.05875619992369325,0.8756917065382004,0.8775572776794434,0.9805194805194806,0.9258918240666388,0.2309841737151146,0.1,0.1,/vols/sbn/uboone/an1522/cam_methods/occlusion/A_high_tail+C_weird_lowpix/run3_samples/resnet34_gn/occlusion__ENTRY_5594__offbeam_meta_8.txt
occlusion,resnet34_gn,/home/hep/an1522/dark_tridents_wspace/outputs/weights/resnet34_gn/resnet34_gn_model_20260123-12_20_AM_epoch_4_batch_id_1961_labels_2_step_9821.pwf,/data/run3_dirt_larcv_cropped.root,,566,81,0,,16,A_high_tail+C_weird_lowpix,0.8704042434692383,0.12937110662460327,0.0,0.000308990478515625,0.01,0.030904235024799696,0.030904235024799696,True,0.030904235024799696,1.0,0.030904235024799696,4,0.012345679012345678,0.012345679012345678,1.0,0.030904235024799696,0.8575401902198792,0.8575401902198792,0.9135802469135802,0.8365028783679008,0.22627830654382708,0.1,0.1,/vols/sbn/uboone/an1522/cam_methods/occlusion/A_high_tail+C_weird_lowpix/run3_samples/resnet34_gn/occlusion__ENTRY_566__dirt_meta_16.txt
occlusion,resnet34_gn,/home/hep/an1522/dark_tridents_wspace/outputs/weights/resnet34_gn/resnet34_gn_model_20260123-12_20_AM_epoch_4_batch_id_1961_labels_2_step_9821.pwf,/data/run3_dirt_larcv_cropped.root,,566,81,0,,2,A_high_tail+C_weird_lowpix,0.8704042434692383,0.12937110662460327,0.0,0.000308990478515625,0.01,0.030904235024799696,0.030904235024799696,True,0.030904235024799696,1.0,0.030904235024799696,4,0.012345679012345678,0.012345679012345678,1.0,0.030904235024799696,0.5738443255424504,0.6794318556785583,0.4567901234567901,0.8365028783679008,0.22627830654382708,0.1,0.1,/vols/sbn/uboone/an1522/cam_methods/occlusion/A_high_tail+C_weird_lowpix/run3_samples/resnet34_gn/occlusion__ENTRY_566__dirt_meta_2.txt
occlusion,resnet34_gn,/home/hep/an1522/dark_tridents_wspace/outputs/weights/resnet34_gn/resnet34_gn_model_20260123-12_20_AM_epoch_4_batch_id_1961_labels_2_step_9821.pwf,/data/run3_dirt_larcv_cropped.root,,566,81,0,,4,A_high_tail+C_weird_lowpix,0.8704198598861694,0.1293555498123169,0.0,0.000308990478515625,0.01,0.030904235024799696,0.030904235024799696,True,0.030904235024799696,1.0,0.030904235024799696,4,0.012345679012345678,0.012345679012345678,1.0,0.030904235024799696,0.599602460861206,0.599602460861206,0.7160493827160493,0.8365177765488625,0.2262802764773369,0.1,0.1,/vols/sbn/uboone/an1522/cam_methods/occlusion/A_high_tail+C_weird_lowpix/run3_samples/resnet34_gn/occlusion__ENTRY_566__dirt_meta_4.txt
occlusion,resnet34_gn,/home/hep/an1522/dark_tridents_wspace/outputs/weights/resnet34_gn/resnet34_gn_model_20260123-12_20_AM_epoch_4_batch_id_1961_labels_2_step_9821.pwf,/data/run3_dirt_larcv_cropped.root,,566,81,0,,8,A_high_tail+C_weird_lowpix,0.8704198598861694,0.1293555498123169,0.0,0.000308990478515625,0.01,0.030904235024799696,0.030904235024799696,True,0.030904235024799696,1.0,0.030904235024799696,4,0.012345679012345678,0.012345679012345678,1.0,0.030904235024799696,0.6442148685455322,0.6442148685455322,0.9135802469135802,0.8365177765488625,0.2262802764773369,0.1,0.1,/vols/sbn/uboone/an1522/cam_methods/occlusion/A_high_tail+C_weird_lowpix/run3_samples/resnet34_gn/occlusion__ENTRY_566__dirt_meta_8.txt
occlusion,mpid,/home/hep/an1522/dark_tridents_wspace/outputs/weights/DM-CNN_model_20260116-10_22_PM_epoch_4_batch_id_1961_labels_2_title_0.001_AG_GN_LM_TRAINING_step_9821.pwf,/data/run1_NuMI_nu_overlay_larcv_cropped.root,,1650,2935,0,,16,A_high_tail+D_busy,0.9987261891365051,0.0013473313301801682,0.0,0.011196136474609375,0.01,1.0,1.0,True,0.893015332197615,0.893015332197615,1.0,40,0.009880749574105622,0.009880749574105622,1.0,0.893015332197615,0.006159722805023193,0.013033449649810791,0.7127768313458263,0.9512200759723783,0.41069481056183577,0.1,0.1,/vols/sbn/uboone/an1522/cam_methods/occlusion/A_high_tail+D_busy/run1_samples/mpid/occlusion__ENTRY_1650__nu_overlay_meta_16.txt
occlusion,mpid,/home/hep/an1522/dark_tridents_wspace/outputs/weights/DM-CNN_model_20260116-10_22_PM_epoch_4_batch_id_1961_labels_2_title_0.001_AG_GN_LM_TRAINING_step_9821.pwf,/data/run1_NuMI_nu_overlay_larcv_cropped.root,,1650,2935,0,,2,A_high_tail+D_busy,0.9987260699272156,0.001347357057966292,0.0,0.011196136474609375,0.01,1.0,1.0,True,0.893015332197615,0.893015332197615,1.0,38,0.009880749574105622,0.009880749574105622,1.0,0.893015332197615,0.0013811278343200612,0.003191649913787842,0.6235093696763203,0.9512204445898533,0.6379699356853962,0.1,0.6000000000000001,/vols/sbn/uboone/an1522/cam_methods/occlusion/A_high_tail+D_busy/run1_samples/mpid/occlusion__ENTRY_1650__nu_overlay_meta_2.txt
occlusion,mpid,/home/hep/an1522/dark_tridents_wspace/outputs/weights/DM-CNN_model_20260116-10_22_PM_epoch_4_batch_id_1961_labels_2_title_0.001_AG_GN_LM_TRAINING_step_9821.pwf,/data/run1_NuMI_nu_overlay_larcv_cropped.root,,1650,2935,0,,4,A_high_tail+D_busy,0.9987261891365051,0.0013473313301801682,0.0,0.011196136474609375,0.01,1.0,1.0,True,0.893015332197615,0.893015332197615,1.0,44,0.009880749574105622,0.009880749574105622,1.0,0.893015332197615,0.0016832351684570312,0.003818988800048828,0.6282793867120954,0.9512615131214261,0.3445578901097179,0.1,0.1,/vols/sbn/uboone/an1522/cam_methods/occlusion/A_high_tail+D_busy/run1_samples/mpid/occlusion__ENTRY_1650__nu_overlay_meta_4.txt
occlusion,mpid,/home/hep/an1522/dark_tridents_wspace/outputs/weights/DM-CNN_model_20260116-10_22_PM_epoch_4_batch_id_1961_labels_2_title_0.001_AG_GN_LM_TRAINING_step_9821.pwf,/data/run1_NuMI_nu_overlay_larcv_cropped.root,,1650,2935,0,,8,A_high_tail+D_busy,0.9987260699272156,0.001347357057966292,0.0,0.011196136474609375,0.01,1.0,1.0,True,0.893015332197615,0.893015332197615,1.0,39,0.009880749574105622,0.009880749574105622,1.0,0.893015332197615,0.0020644068717956543,0.005352675914764404,0.676320272572402,0.9512408591806887,0.08388662803918123,0.1,0.1,/vols/sbn/uboone/an1522/cam_methods/occlusion/A_high_tail+D_busy/run1_samples/mpid/occlusion__ENTRY_1650__nu_overlay_meta_8.txt
occlusion,mpid,/home/hep/an1522/dark_tridents_wspace/outputs/weights/DM-CNN_model_20260116-10_22_PM_epoch_4_batch_id_1961_labels_2_title_0.001_AG_GN_LM_TRAINING_step_9821.pwf,/data/run1_NuMI_nu_overlay_larcv_cropped.root,,7913,3777,0,,16,A_high_tail+D_busy,0.999537467956543,0.00047933353926055133,0.0,0.014408111572265625,0.01,1.0,1.0,True,0.6939369870267408,0.6939369870267408,1.0,89,0.010060894890124437,0.010060894890124437,1.0,0.6939369870267408,0.009296298027038574,0.08527427911758423,0.7696584590945195,0.952005703933537,0.13292740005999804,0.1,0.1,/vols/sbn/uboone/an1522/cam_methods/occlusion/A_high_tail+D_busy/run1_samples/mpid/occlusion__ENTRY_7913__nu_overlay_meta_16.txt
occlusion,mpid,/home/hep/an1522/dark_tridents_wspace/outputs/weights/DM-CNN_model_20260116-10_22_PM_epoch_4_batch_id_1961_labels_2_title_0.001_AG_GN_LM_TRAINING_step_9821.pwf,/data/run1_NuMI_nu_overlay_larcv_cropped.root,,7913,3777,0,,2,A_high_tail+D_busy,0.9995375871658325,0.00047927896957844496,0.0,0.014408111572265625,0.01,1.0,1.0,True,0.6939369870267408,0.6939369870267408,1.0,126,0.010060894890124437,0.010060894890124437,1.0,0.6939369870267408,0.0004008007049560535,0.008529841899871826,0.556791104050834,0.9520383246243,0.16805788241326808,0.1,0.1,/vols/sbn/uboone/an1522/cam_methods/occlusion/A_high_tail+D_busy/run1_samples/mpid/occlusion__ENTRY_7913__nu_overlay_meta_2.txt
occlusion,mpid,/home/hep/an1522/dark_tridents_wspace/outputs/weights/DM-CNN_model_20260116-10_22_PM_epoch_4_batch_id_1961_labels_2_title_0.001_AG_GN_LM_TRAINING_step_9821.pwf,/data/run1_NuMI_nu_overlay_larcv_cropped.root,,7913,3777,0,,4,A_high_tail+D_busy,0.999537467956543,0.00047933353926055133,0.0,0.014408111572265625,0.01,1.0,1.0,True,0.6939369870267408,0.6939369870267408,1.0,133,0.010060894890124437,0.010060894890124437,1.0,0.6939369870267408,0.0007895469665527342,0.005804479122161865,0.5297855440826053,0.9519921617582441,0.22387696672230958,0.1,0.1,/vols/sbn/uboone/an1522/cam_methods/occlusion/A_high_tail+D_busy/run1_samples/mpid/occlusion__ENTRY_7913__nu_overlay_meta_4.txt
occlusion,mpid,/home/hep/an1522/dark_tridents_wspace/outputs/weights/DM-CNN_model_20260116-10_22_PM_epoch_4_batch_id_1961_labels_2_title_0.001_AG_GN_LM_TRAINING_step_9821.pwf,/data/run1_NuMI_nu_overlay_larcv_cropped.root,,7913,3777,0,,8,A_high_tail+D_busy,0.9995375871658325,0.00047927896957844496,0.0,0.014408111572265625,0.01,1.0,1.0,True,0.6939369870267408,0.6939369870267408,1.0,127,0.010060894890124437,0.010060894890124437,1.0,0.6939369870267408,0.0014195752143859853,0.0030868053436279297,0.6081546200688377,0.9520153112709522,0.1879950024187565,0.1,0.1,/vols/sbn/uboone/an1522/cam_methods/occlusion/A_high_tail+D_busy/run1_samples/mpid/occlusion__ENTRY_7913__nu_overlay_meta_8.txt
occlusion,resnet34_gn,/home/hep/an1522/dark_tridents_wspace/outputs/weights/resnet34_gn/resnet34_gn_model_20260123-12_20_AM_epoch_4_batch_id_1961_labels_2_step_9821.pwf,/data/run1_NuMI_nu_overlay_larcv_cropped.root,,1650,2935,0,,16,A_high_tail+D_busy,0.997793436050415,0.0022082049399614334,0.0,0.011196136474609375,0.01,1.0,1.0,True,0.893015332197615,0.893015332197615,1.0,38,0.009880749574105622,0.009880749574105622,1.0,0.893015332197615,0.02989261388778661,0.09288400411605835,0.7349233390119251,0.9575460121035576,0.14204842001199722,0.1,0.1,/vols/sbn/uboone/an1522/cam_methods/occlusion/A_high_tail+D_busy/run1_samples/resnet34_gn/occlusion__ENTRY_1650__nu_overlay_meta_16.txt
occlusion,resnet34_gn,/home/hep/an1522/dark_tridents_wspace/outputs/weights/resnet34_gn/resnet34_gn_model_20260123-12_20_AM_epoch_4_batch_id_1961_labels_2_step_9821.pwf,/data/run1_NuMI_nu_overlay_larcv_cropped.root,,1650,2935,0,,2,A_high_tail+D_busy,0.9977927207946777,0.002209015190601349,0.0,0.011196136474609375,0.01,1.0,1.0,True,0.893015332197615,0.893015332197615,1.0,42,0.009880749574105622,0.009880749574105622,1.0,0.893015332197615,0.0038540601730346446,0.02352011203765869,0.4831345826235094,0.9575551465153695,0.16115679442882536,0.1,0.1,/vols/sbn/uboone/an1522/cam_methods/occlusion/A_high_tail+D_busy/run1_samples/resnet34_gn/occlusion__ENTRY_1650__nu_overlay_meta_2.txt
occlusion,resnet34_gn,/home/hep/an1522/dark_tridents_wspace/outputs/weights/resnet34_gn/resnet34_gn_model_20260123-12_20_AM_epoch_4_batch_id_1961_labels_2_step_9821.pwf,/data/run1_NuMI_nu_overlay_larcv_cropped.root,,1650,2935,0,,4,A_high_tail+D_busy,0.9977927207946777,0.002209015190601349,0.0,0.011196136474609375,0.01,1.0,1.0,True,0.893015332197615,0.893015332197615,1.0,43,0.009880749574105622,0.009880749574105622,1.0,0.893015332197615,0.004439078569412212,0.03926163911819458,0.5291311754684838,0.9574659898877145,0.3159564808011055,0.1,0.1,/vols/sbn/uboone/an1522/cam_methods/occlusion/A_high_tail+D_busy/run1_samples/resnet34_gn/occlusion__ENTRY_1650__nu_overlay_meta_4.txt
occlusion,resnet34_gn,/home/hep/an1522/dark_tridents_wspace/outputs/weights/resnet34_gn/resnet34_gn_model_20260123-12_20_AM_epoch_4_batch_id_1961_labels_2_step_9821.pwf,/data/run1_NuMI_nu_overlay_larcv_cropped.root,,1650,2935,0,,8,A_high_tail+D_busy,0.9977927207946777,0.002209015190601349,0.0,0.011196136474609375,0.01,1.0,1.0,True,0.893015332197615,0.893015332197615,1.0,37,0.009880749574105622,0.009880749574105622,1.0,0.893015332197615,0.006934702396392822,0.07075124979019165,0.6361158432708688,0.9575334563851357,0.20078536495566365,0.1,0.1,/vols/sbn/uboone/an1522/cam_methods/occlusion/A_high_tail+D_busy/run1_samples/resnet34_gn/occlusion__ENTRY_1650__nu_overlay_meta_8.txt
occlusion,resnet34_gn,/home/hep/an1522/dark_tridents_wspace/outputs/weights/resnet34_gn/resnet34_gn_model_20260123-12_20_AM_epoch_4_batch_id_1961_labels_2_step_9821.pwf,/data/run1_NuMI_nu_overlay_larcv_cropped.root,,7913,3777,0,,16,A_high_tail+D_busy,0.9919243454933167,0.008088578470051289,0.0,0.014408111572265625,0.01,1.0,1.0,True,0.6939369870267408,0.6939369870267408,1.0,38,0.010060894890124437,0.010060894890124437,1.0,0.6939369870267408,0.05439901351928711,0.38846445083618164,0.7648927720413026,0.9520180717110636,0.17194712907075882,0.1,0.1,/vols/sbn/uboone/an1522/cam_methods/occlusion/A_high_tail+D_busy/run1_samples/resnet34_gn/occlusion__ENTRY_7913__nu_overlay_meta_16.txt
occlusion,resnet34_gn,/home/hep/an1522/dark_tridents_wspace/outputs/weights/resnet34_gn/resnet34_gn_model_20260123-12_20_AM_epoch_4_batch_id_1961_labels_2_step_9821.pwf,/data/run1_NuMI_nu_overlay_larcv_cropped.root,,7913,3777,0,,2,A_high_tail+D_busy,0.9919258952140808,0.008087022230029106,0.0,0.014408111572265625,0.01,1.0,1.0,True,0.6939369870267408,0.6939369870267408,1.0,97,0.010060894890124437,0.010060894890124437,1.0,0.6939369870267408,0.010079069137572514,0.36031049489974976,0.6521048451151708,0.9519891008734703,0.12320023421198129,0.1,0.1,/vols/sbn/uboone/an1522/cam_methods/occlusion/A_high_tail+D_busy/run1_samples/resnet34_gn/occlusion__ENTRY_7913__nu_overlay_meta_2.txt
occlusion,resnet34_gn,/home/hep/an1522/dark_tridents_wspace/outputs/weights/resnet34_gn/resnet34_gn_model_20260123-12_20_AM_epoch_4_batch_id_1961_labels_2_step_9821.pwf,/data/run1_NuMI_nu_overlay_larcv_cropped.root,,7913,3777,0,,4,A_high_tail+D_busy,0.9919258952140808,0.008087022230029106,0.0,0.014408111572265625,0.01,1.0,1.0,True,0.6939369870267408,0.6939369870267408,1.0,68,0.010060894890124437,0.010060894890124437,1.0,0.6939369870267408,0.018799524307247843,0.26274359226226807,0.7042626423087106,0.9519867584109307,0.1873295798897743,0.1,0.1,/vols/sbn/uboone/an1522/cam_methods/occlusion/A_high_tail+D_busy/run1_samples/resnet34_gn/occlusion__ENTRY_7913__nu_overlay_meta_4.txt
occlusion,resnet34_gn,/home/hep/an1522/dark_tridents_wspace/outputs/weights/resnet34_gn/resnet34_gn_model_20260123-12_20_AM_epoch_4_batch_id_1961_labels_2_step_9821.pwf,/data/run1_NuMI_nu_overlay_larcv_cropped.root,,7913,3777,0,,8,A_high_tail+D_busy,0.9919258952140808,0.008087022230029106,0.0,0.014408111572265625,0.01,1.0,1.0,True,0.6939369870267408,0.6939369870267408,1.0,70,0.010060894890124437,0.010060894890124437,1.0,0.6939369870267408,0.042981112003325675,0.09927976131439209,0.7627746889065395,0.9519575580954551,0.13280171044170855,0.1,0.1,/vols/sbn/uboone/an1522/cam_methods/occlusion/A_high_tail+D_busy/run1_samples/resnet34_gn/occlusion__ENTRY_7913__nu_overlay_meta_8.txt
occlusion,mpid,/home/hep/an1522/dark_tridents_wspace/outputs/weights/DM-CNN_model_20260116-10_22_PM_epoch_4_batch_id_1961_labels_2_title_0.001_AG_GN_LM_TRAINING_step_9821.pwf,/data/run3_offbeam_larcv_cropped.root,,8761,2777,0,,16,A_high_tail+D_busy,0.9979224801063538,0.002176862908527255,0.0,0.010593414306640625,0.01,0.9202594429607021,0.9202594429607021,True,0.8077695914266577,0.8685631976953547,0.9202594429607021,26,0.010082823190493338,0.010082823190493338,1.0,0.8077695914266577,0.013936877250671387,0.034445106983184814,0.5196254951386389,0.9504749335348607,0.25182927679270506,0.1,0.1,/vols/sbn/uboone/an1522/cam_methods/occlusion/A_high_tail+D_busy/run3_samples/mpid/occlusion__ENTRY_8761__offbeam_meta_16.txt
occlusion,mpid,/home/hep/an1522/dark_tridents_wspace/outputs/weights/DM-CNN_model_20260116-10_22_PM_epoch_4_batch_id_1961_labels_2_title_0.001_AG_GN_LM_TRAINING_step_9821.pwf,/data/run3_offbeam_larcv_cropped.root,,8761,2777,0,,2,A_high_tail+D_busy,0.9979221224784851,0.002177274087443948,0.0,0.010593414306640625,0.01,1.0,1.0,True,0.9438242707958229,0.9438242707958229,1.0,45,0.010082823190493338,0.010082823190493338,1.0,0.9438242707958229,0.0023289871215819817,0.023003220558166504,0.45516744688512784,0.9504702495411039,0.16769478414207697,0.1,0.1,/vols/sbn/uboone/an1522/cam_methods/occlusion/A_high_tail+D_busy/run3_samples/mpid/occlusion__ENTRY_8761__offbeam_meta_2.txt
occlusion,mpid,/home/hep/an1522/dark_tridents_wspace/outputs/weights/DM-CNN_model_20260116-10_22_PM_epoch_4_batch_id_1961_labels_2_title_0.001_AG_GN_LM_TRAINING_step_9821.pwf,/data/run3_offbeam_larcv_cropped.root,,8761,2777,0,,4,A_high_tail+D_busy,0.9979221224784851,0.002177274087443948,0.0,0.010593414306640625,0.01,1.0,1.0,True,0.9438242707958229,0.9438242707958229,1.0,47,0.010082823190493338,0.010082823190493338,1.0,0.9438242707958229,0.007347388267516977,0.03313189744949341,0.4256391789701116,0.9505328999832273,0.14008114878088235,0.1,0.1,/vols/sbn/uboone/an1522/cam_methods/occlusion/A_high_tail+D_busy/run3_samples/mpid/occlusion__ENTRY_8761__offbeam_meta_4.txt
occlusion,mpid,/home/hep/an1522/dark_tridents_wspace/outputs/weights/DM-CNN_model_20260116-10_22_PM_epoch_4_batch_id_1961_labels_2_title_0.001_AG_GN_LM_TRAINING_step_9821.pwf,/data/run3_offbeam_larcv_cropped.root,,8761,2777,0,,8,A_high_tail+D_busy,0.9979224801063538,0.002176862908527255,0.0,0.010593414306640625,0.01,1.0,1.0,True,0.9438242707958229,0.9438242707958229,1.0,27,0.010082823190493338,0.010082823190493338,1.0,0.9438242707958229,0.007856905460357666,0.027683556079864502,0.4371624054735326,0.9502941347658634,0.06846108073368669,0.1,0.1,/vols/sbn/uboone/an1522/cam_methods/occlusion/A_high_tail+D_busy/run3_samples/mpid/occlusion__ENTRY_8761__offbeam_meta_8.txt
occlusion,resnet34_gn,/home/hep/an1522/dark_tridents_wspace/outputs/weights/resnet34_gn/resnet34_gn_model_20260123-12_20_AM_epoch_4_batch_id_1961_labels_2_step_9821.pwf,/data/run3_offbeam_larcv_cropped.root,,8761,2777,0,,16,A_high_tail+D_busy,0.943362832069397,0.05668674409389496,0.0,0.010593414306640625,0.01,0.9202594429607021,0.9202594429607021,True,0.8077695914266577,0.8685631976953547,0.9202594429607021,27,0.010082823190493338,0.010082823190493338,1.0,0.8077695914266577,0.17430567741394043,0.2614806890487671,0.30320489737126394,0.8875477030873299,0.24305507512763141,0.1,0.1,/vols/sbn/uboone/an1522/cam_methods/occlusion/A_high_tail+D_busy/run3_samples/resnet34_gn/occlusion__ENTRY_8761__offbeam_meta_16.txt
occlusion,resnet34_gn,/home/hep/an1522/dark_tridents_wspace/outputs/weights/resnet34_gn/resnet34_gn_model_20260123-12_20_AM_epoch_4_batch_id_1961_labels_2_step_9821.pwf,/data/run3_offbeam_larcv_cropped.root,,8761,2777,0,,2,A_high_tail+D_busy,0.9433580636978149,0.05669165402650833,0.0,0.010593414306640625,0.01,1.0,1.0,True,0.9438242707958229,0.9438242707958229,1.0,34,0.010082823190493338,0.010082823190493338,1.0,0.9438242707958229,0.03665519714355384,0.1396315097808838,0.22506301764494058,0.9058561369776725,0.1892084635794163,0.1,0.1,/vols/sbn/uboone/an1522/cam_methods/occlusion/A_high_tail+D_busy/run3_samples/resnet34_gn/occlusion__ENTRY_8761__offbeam_meta_2.txt
occlusion,resnet34_gn,/home/hep/an1522/dark_tridents_wspace/outputs/weights/resnet34_gn/resnet34_gn_model_20260123-12_20_AM_epoch_4_batch_id_1961_labels_2_step_9821.pwf,/data/run3_offbeam_larcv_cropped.root,,8761,2777,0,,4,A_high_tail+D_busy,0.9433580636978149,0.05669165402650833,0.0,0.010593414306640625,0.01,1.0,1.0,True,0.9438242707958229,0.9438242707958229,1.0,40,0.010082823190493338,0.010082823190493338,1.0,0.9438242707958229,0.0323338747024535,0.07358157634735107,0.2405473532589125,0.9049426659941673,0.1898418210446835,0.1,0.1,/vols/sbn/uboone/an1522/cam_methods/occlusion/A_high_tail+D_busy/run3_samples/resnet34_gn/occlusion__ENTRY_8761__offbeam_meta_4.txt
occlusion,resnet34_gn,/home/hep/an1522/dark_tridents_wspace/outputs/weights/resnet34_gn/resnet34_gn_model_20260123-12_20_AM_epoch_4_batch_id_1961_labels_2_step_9821.pwf,/data/run3_offbeam_larcv_cropped.root,,8761,2777,0,,8,A_high_tail+D_busy,0.943362832069397,0.05668674409389496,0.0,0.010593414306640625,0.01,1.0,1.0,True,0.9438242707958229,0.9438242707958229,1.0,27,0.010082823190493338,0.010082823190493338,1.0,0.9438242707958229,0.06677175760269122,0.11097204685211182,0.25063017644940583,0.8995790675282479,0.08753020912408829,0.1,0.1,/vols/sbn/uboone/an1522/cam_methods/occlusion/A_high_tail+D_busy/run3_samples/resnet34_gn/occlusion__ENTRY_8761__offbeam_meta_8.txt
occlusion,mpid,/home/hep/an1522/dark_tridents_wspace/outputs/weights/DM-CNN_model_20260116-10_22_PM_epoch_4_batch_id_1961_labels_2_title_0.001_AG_GN_LM_TRAINING_step_9821.pwf,/data/run1_dt_ratio_0.6_ma_0.4_eta_larcv_cropped.root,0.4,121,2172,0,,16,A_low_tail,0.0001997098879655823,0.9997934699058533,0.0,0.0082855224609375,0.01,0.7832888210606639,0.7829072872949256,True,0.7492700729927008,0.9452117863720073,0.7832888210606639,51,0.010128913443830571,0.010128913443830571,1.0,0.7486318861729296,0.0010235289228148756,0.004608634393662214,0.4111418047882136,0.002615854878240498,0.53473909054228,0.0,0.0,/vols/sbn/uboone/an1522/cam_methods/occlusion/A_low_tail/run1_signal/mpid/occlusion__ENTRY_121_meta_16.txt
occlusion,mpid,/home/hep/an1522/dark_tridents_wspace/outputs/weights/DM-CNN_model_20260116-10_22_PM_epoch_4_batch_id_1961_labels_2_title_0.001_AG_GN_LM_TRAINING_step_9821.pwf,/data/run1_dt_ratio_0.6_ma_0.4_eta_larcv_cropped.root,0.4,121,2172,0,,2,A_low_tail,0.00019969753338955343,0.9997934699058533,0.0,0.0082855224609375,0.01,0.8222052651659671,0.8176268599771079,True,0.8169067475360121,0.9921731123388582,0.8222052651659671,54,0.010128913443830571,0.010128913443830571,1.0,0.8086792452830188,8.368810667889188e-05,0.000194383756024763,0.5322283609576427,0.002628455833473709,0.26320438420370923,0.0,0.0,/vols/sbn/uboone/an1522/cam_methods/occlusion/A_low_tail/run1_signal/mpid/occlusion__ENTRY_121_meta_2.txt
occlusion,mpid,/home/hep/an1522/dark_tridents_wspace/outputs/weights/DM-CNN_model_20260116-10_22_PM_epoch_4_batch_id_1961_labels_2_title_0.001_AG_GN_LM_TRAINING_step_9821.pwf,/data/run1_dt_ratio_0.6_ma_0.4_eta_larcv_cropped.root,0.4,121,2172,0,,4,A_low_tail,0.0001997098879655823,0.9997934699058533,0.0,0.0082855224609375,0.01,0.8164822586798932,0.8141930560854636,True,0.8066339992461364,0.9852670349907919,0.8164822586798932,49,0.010128913443830571,0.010128913443830571,1.0,0.8025573523881159,0.00019436895672697574,0.000442272808868438,0.4976979742173112,0.002627351767296205,0.5415531650585763,0.0,0.0,/vols/sbn/uboone/an1522/cam_methods/occlusion/A_low_tail/run1_signal/mpid/occlusion__ENTRY_121_meta_4.txt
occlusion,mpid,/home/hep/an1522/dark_tridents_wspace/outputs/weights/DM-CNN_model_20260116-10_22_PM_epoch_4_batch_id_1961_labels_2_title_0.001_AG_GN_LM_TRAINING_step_9821.pwf,/data/run1_dt_ratio_0.6_ma_0.4_eta_larcv_cropped.root,0.4,121,2172,0,,8,A_low_tail,0.00019969753338955343,0.9997934699058533,0.0,0.0082855224609375,0.01,0.8050362457077451,0.803510110644792,True,0.7864330972791651,0.9714548802946593,0.8050362457077451,49,0.010128913443830571,0.010128913443830571,1.0,0.78377372534425,0.00040722577425185544,0.0009516559075564146,0.47605893186003684,0.002623601755476557,0.5655026022155654,0.0,0.0,/vols/sbn/uboone/an1522/cam_methods/occlusion/A_low_tail/run1_signal/mpid/occlusion__ENTRY_121_meta_8.txt
occlusion,mpid,/home/hep/an1522/dark_tridents_wspace/outputs/weights/DM-CNN_model_20260116-10_22_PM_epoch_4_batch_id_1961_labels_2_title_0.001_AG_GN_LM_TRAINING_step_9821.pwf,/data/run1_dt_ratio_0.6_ma_0.01_pi0_larcv_cropped.root,0.01,2096,949,0,,16,A_low_tail,0.00018803070997819304,0.9998058676719666,0.0,0.003620147705078125,0.01,0.2918733307897749,0.2918733307897749,True,0.2727272727272727,0.8061116965226555,0.2918733307897749,15,0.009483667017913594,0.009483667017913594,1.0,0.2727272727272727,0.010868754237890244,0.05401445925235748,0.24130663856691253,0.0026060087198857217,0.07634179314773065,0.0,0.0,/vols/sbn/uboone/an1522/cam_methods/occlusion/A_low_tail/run1_signal/mpid/occlusion__ENTRY_2096_meta_16.txt
occlusion,mpid,/home/hep/an1522/dark_tridents_wspace/outputs/weights/DM-CNN_model_20260116-10_22_PM_epoch_4_batch_id_1961_labels_2_title_0.001_AG_GN_LM_TRAINING_step_9821.pwf,/data/run1_dt_ratio_0.6_ma_0.01_pi0_larcv_cropped.root,0.01,2096,949,0,,2,A_low_tail,0.00018804988940246403,0.9998058676719666,0.0,0.003620147705078125,0.01,0.35101106447920644,0.35101106447920644,True,0.3471698113207547,0.9694415173867229,0.35101106447920644,17,0.009483667017913594,0.009483667017913594,1.0,0.3471698113207547,0.00044503503362648185,0.0025098875630646944,0.45310853530031614,0.0026170607350650245,0.5581162592876354,0.0,0.0,/vols/sbn/uboone/an1522/cam_methods/occlusion/A_low_tail/run1_signal/mpid/occlusion__ENTRY_2096_meta_2.txt
occlusion,mpid,/home/hep/an1522/dark_tridents_wspace/outputs/weights/DM-CNN_model_20260116-10_22_PM_epoch_4_batch_id_1961_labels_2_title_0.001_AG_GN_LM_TRAINING_step_9821.pwf,/data/run1_dt_ratio_0.6_ma_0.01_pi0_larcv_cropped.root,0.01,2096,949,0,,4,A_low_tail,0.00018804988940246403,0.9998058676719666,0.0,0.003620147705078125,0.01,0.33994658527279664,0.33994658527279664,True,0.3325867861142217,0.9388830347734457,0.33994658527279664,18,0.009483667017913594,0.009483667017913594,1.0,0.3325867861142217,0.008745023049414158,0.009969030506908894,0.40147523709167543,0.002625066976179369,0.5841811558711925,0.0,0.0,/vols/sbn/uboone/an1522/cam_methods/occlusion/A_low_tail/run1_signal/mpid/occlusion__ENTRY_2096_meta_4.txt
occlusion,mpid,/home/hep/an1522/dark_tridents_wspace/outputs/weights/DM-CNN_model_20260116-10_22_PM_epoch_4_batch_id_1961_labels_2_title_0.001_AG_GN_LM_TRAINING_step_9821.pwf,/data/run1_dt_ratio_0.6_ma_0.01_pi0_larcv_cropped.root,0.01,2096,949,0,,8,A_low_tail,0.00018804988940246403,0.9998058676719666,0.0,0.003620147705078125,0.01,0.32544830217474247,0.32544830217474247,True,0.3139492086860508,0.898840885142255,0.32544830217474247,17,0.009483667017913594,0.009483667017913594,1.0,0.3139492086860508,0.018688831478357253,0.03998861461877823,0.3466807165437302,0.0026152727645239794,0.5011875888812938,0.0,0.0,/vols/sbn/uboone/an1522/cam_methods/occlusion/A_low_tail/run1_signal/mpid/occlusion__ENTRY_2096_meta_8.txt
occlusion,mpid,/home/hep/an1522/dark_tridents_wspace/outputs/weights/DM-CNN_model_20260116-10_22_PM_epoch_4_batch_id_1961_labels_2_title_0.001_AG_GN_LM_TRAINING_step_9821.pwf,/data/run1_dt_ratio_0.6_ma_0.09_pi0_larcv_cropped.root,0.09,2475,3030,0,,16,A_low_tail,0.00020015024347230792,0.9997977614402771,0.0,0.01155853271484375,0.01,1.0,1.0,True,0.865016501650165,0.865016501650165,1.0,75,0.009900990099009901,0.009900990099009901,1.0,0.865016501650165,0.00030983009142801173,0.0004642815329134464,0.4986798679867987,0.0026305041552404872,0.17193110946973322,0.0,0.0,/vols/sbn/uboone/an1522/cam_methods/occlusion/A_low_tail/run1_signal/mpid/occlusion__ENTRY_2475_meta_16.txt
occlusion,mpid,/home/hep/an1522/dark_tridents_wspace/outputs/weights/DM-CNN_model_20260116-10_22_PM_epoch_4_batch_id_1961_labels_2_title_0.001_AG_GN_LM_TRAINING_step_9821.pwf,/data/run1_dt_ratio_0.6_ma_0.09_pi0_larcv_cropped.root,0.09,2475,3030,0,,2,A_low_tail,0.00020015024347230792,0.9997977614402771,0.0,0.01155853271484375,0.01,1.0,1.0,True,0.865016501650165,0.865016501650165,1.0,80,0.009900990099009901,0.009900990099009901,1.0,0.865016501650165,6.272388403885998e-05,0.00015517877181991935,0.46534653465346537,0.0026315426293876953,0.11937263001163957,0.0,0.0,/vols/sbn/uboone/an1522/cam_methods/occlusion/A_low_tail/run1_signal/mpid/occlusion__ENTRY_2475_meta_2.txt
occlusion,mpid,/home/hep/an1522/dark_tridents_wspace/outputs/weights/DM-CNN_model_20260116-10_22_PM_epoch_4_batch_id_1961_labels_2_title_0.001_AG_GN_LM_TRAINING_step_9821.pwf,/data/run1_dt_ratio_0.6_ma_0.09_pi0_larcv_cropped.root,0.09,2475,3030,0,,4,A_low_tail,0.00020015024347230792,0.9997977614402771,0.0,0.01155853271484375,0.01,1.0,1.0,True,0.865016501650165,0.865016501650165,1.0,71,0.009900990099009901,0.009900990099009901,1.0,0.865016501650165,0.0001087944399478147,0.00015517877181991935,0.46897689768976897,0.0026270500704413282,0.1826431809779024,0.0,0.0,/vols/sbn/uboone/an1522/cam_methods/occlusion/A_low_tail/run1_signal/mpid/occlusion__ENTRY_2475_meta_4.txt
occlusion,mpid,/home/hep/an1522/dark_tridents_wspace/outputs/weights/DM-CNN_model_20260116-10_22_PM_epoch_4_batch_id_1961_labels_2_title_0.001_AG_GN_LM_TRAINING_step_9821.pwf,/data/run1_dt_ratio_0.6_ma_0.09_pi0_larcv_cropped.root,0.09,2475,3030,0,,8,A_low_tail,0.00020015024347230792,0.9997977614402771,0.0,0.01155853271484375,0.01,1.0,1.0,True,0.865016501650165,0.865016501650165,1.0,63,0.009900990099009901,0.009900990099009901,1.0,0.865016501650165,0.00011853478732518853,0.00017696476425044239,0.5495049504950495,0.002626468405651394,0.2083127616759157,0.0,0.0,/vols/sbn/uboone/an1522/cam_methods/occlusion/A_low_tail/run1_signal/mpid/occlusion__ENTRY_2475_meta_8.txt
occlusion,mpid,/home/hep/an1522/dark_tridents_wspace/outputs/weights/DM-CNN_model_20260116-10_22_PM_epoch_4_batch_id_1961_labels_2_title_0.001_AG_GN_LM_TRAINING_step_9821.pwf,/data/run1_dt_ratio_0.6_ma_0.3_eta_larcv_cropped.root,0.3,2875,2430,0,,16,A_low_tail,0.000245481583988294,0.9997443556785583,0.0,0.00926971435546875,0.01,0.9206409767264403,0.9206409767264403,True,0.9147081122062168,0.9930041152263375,0.9206409767264403,50,0.009876543209876543,0.009876543209876543,1.0,0.9147081122062168,0.0015073939797002826,0.004199562594294548,0.20246913580246914,0.0026775327060022396,0.09143006726371823,0.0,0.0,/vols/sbn/uboone/an1522/cam_methods/occlusion/A_low_tail/run1_signal/mpid/occlusion__ENTRY_2875_meta_16.txt
occlusion,mpid,/home/hep/an1522/dark_tridents_wspace/outputs/weights/DM-CNN_model_20260116-10_22_PM_epoch_4_batch_id_1961_labels_2_title_0.001_AG_GN_LM_TRAINING_step_9821.pwf,/data/run1_dt_ratio_0.6_ma_0.3_eta_larcv_cropped.root,0.3,2875,2430,0,,2,A_low_tail,0.0002454724453855306,0.9997443556785583,0.0,0.00926971435546875,0.01,0.9244563143838229,0.9214040442579168,True,0.9219939117199392,0.997119341563786,0.9244563143838229,44,0.009876543209876543,0.009876543209876543,1.0,0.9161608497723824,0.0003797061723889784,0.0024530512746423483,0.42921810699588475,0.0026742961999843833,0.043570317422563676,0.0,0.0,/vols/sbn/uboone/an1522/cam_methods/occlusion/A_low_tail/run1_signal/mpid/occlusion__ENTRY_2875_meta_2.txt
occlusion,mpid,/home/hep/an1522/dark_tridents_wspace/outputs/weights/DM-CNN_model_20260116-10_22_PM_epoch_4_batch_id_1961_labels_2_title_0.001_AG_GN_LM_TRAINING_step_9821.pwf,/data/run1_dt_ratio_0.6_ma_0.3_eta_larcv_cropped.root,0.3,2875,2430,0,,4,A_low_tail,0.000245481583988294,0.9997443556785583,0.0,0.00926971435546875,0.01,0.9225486455551316,0.9202594429607021,True,0.9183440941891379,0.9950617283950617,0.9225486455551316,45,0.009876543209876543,0.009876543209876543,1.0,0.913982569154983,0.0006196294259279973,0.0024527187924832106,0.3958847736625514,0.002666971446888056,0.04399507790076314,0.0,0.0,/vols/sbn/uboone/an1522/cam_methods/occlusion/A_low_tail/run1_signal/mpid/occlusion__ENTRY_2875_meta_4.txt
occlusion,mpid,/home/hep/an1522/dark_tridents_wspace/outputs/weights/DM-CNN_model_20260116-10_22_PM_epoch_4_batch_id_1961_labels_2_title_0.001_AG_GN_LM_TRAINING_step_9821.pwf,/data/run1_dt_ratio_0.6_ma_0.3_eta_larcv_cropped.root,0.3,2875,2430,0,,8,A_low_tail,0.0002454724453855306,0.9997443556785583,0.0,0.00926971435546875,0.01,0.9225486455551316,0.9221671117893934,True,0.9183440941891379,0.9950617283950617,0.9225486455551316,47,0.009876543209876543,0.009876543209876543,1.0,0.9176157934700075,0.00042389778536744416,0.0024530512746423483,0.33786008230452674,0.0026679019516450356,0.044005230908805974,0.0,0.0,/vols/sbn/uboone/an1522/cam_methods/occlusion/A_low_tail/run1_signal/mpid/occlusion__ENTRY_2875_meta_8.txt
occlusion,mpid,/home/hep/an1522/dark_tridents_wspace/outputs/weights/DM-CNN_model_20260116-10_22_PM_epoch_4_batch_id_1961_labels_2_title_0.001_AG_GN_LM_TRAINING_step_9821.pwf,/data/run1_dt_ratio_0.6_ma_0.2_eta_larcv_cropped.root,0.2,4369,1412,0,,16,A_low_tail,0.00033792079193517566,0.9996498823165894,0.0,0.0053863525390625,0.01,0.5364364746280046,0.5364364746280046,True,0.5352112676056338,0.9957507082152974,0.5364364746280046,38,0.009915014164305949,0.009915014164305949,1.0,0.5352112676056338,0.0029464822728186846,0.0033578788861632347,0.2953257790368272,0.002743199997348711,0.06537666934018489,0.0,0.0,/vols/sbn/uboone/an1522/cam_methods/occlusion/A_low_tail/run1_signal/mpid/occlusion__ENTRY_4369_meta_16.txt
occlusion,mpid,/home/hep/an1522/dark_tridents_wspace/outputs/weights/DM-CNN_model_20260116-10_22_PM_epoch_4_batch_id_1961_labels_2_title_0.001_AG_GN_LM_TRAINING_step_9821.pwf,/data/run1_dt_ratio_0.6_ma_0.2_eta_larcv_cropped.root,0.2,4369,1412,0,,2,A_low_tail,0.00033794846967794,0.9996498823165894,0.0,0.0053863525390625,0.01,0.5387256772224341,0.5383441434566959,True,0.5387256772224341,1.0,0.5387256772224341,40,0.009915014164305949,0.009915014164305949,1.0,0.53813882532418,0.00019265132141299546,0.0003215247706975788,0.5127478753541076,0.00276125402742764,0.046380754066922235,0.0,0.0,/vols/sbn/uboone/an1522/cam_methods/occlusion/A_low_tail/run1_signal/mpid/occlusion__ENTRY_4369_meta_2.txt
occlusion,mpid,/home/hep/an1522/dark_tridents_wspace/outputs/weights/DM-CNN_model_20260116-10_22_PM_epoch_4_batch_id_1961_labels_2_title_0.001_AG_GN_LM_TRAINING_step_9821.pwf,/data/run1_dt_ratio_0.6_ma_0.2_eta_larcv_cropped.root,0.2,4369,1412,0,,4,A_low_tail,0.00033794846967794,0.9996498823165894,0.0,0.0053863525390625,0.01,0.5387256772224341,0.5383441434566959,True,0.5387256772224341,1.0,0.5387256772224341,40,0.009915014164305949,0.009915014164305949,1.0,0.53813882532418,0.00027419790392741583,0.0003215247706975788,0.5063739376770539,0.00276125402742764,0.046380754066922235,0.0,0.0,/vols/sbn/uboone/an1522/cam_methods/occlusion/A_low_tail/run1_signal/mpid/occlusion__ENTRY_4369_meta_4.txt
occlusion,mpid,/home/hep/an1522/dark_tridents_wspace/outputs/weights/DM-CNN_model_20260116-10_22_PM_epoch_4_batch_id_1961_labels_2_title_0.001_AG_GN_LM_TRAINING_step_9821.pwf,/data/run1_dt_ratio_0.6_ma_0.2_eta_larcv_cropped.root,0.2,4369,1412,0,,8,A_low_tail,0.00033794846967794,0.9996498823165894,0.0,0.0053863525390625,0.01,0.5379626096909577,0.5379626096909577,True,0.5375524208921083,0.9985835694050992,0.5379626096909577,39,0.009915014164305949,0.009915014164305949,1.0,0.5375524208921083,0.00041617820970714364,0.001055117230862379,0.42209631728045327,0.0027550332757527943,0.051037165029265454,0.0,0.0,/vols/sbn/uboone/an1522/cam_methods/occlusion/A_low_tail/run1_signal/mpid/occlusion__ENTRY_4369_meta_8.txt
occlusion,resnet34_gn,/home/hep/an1522/dark_tridents_wspace/outputs/weights/resnet34_gn/resnet34_gn_model_20260123-12_20_AM_epoch_4_batch_id_1961_labels_2_step_9821.pwf,/data/run1_dt_ratio_0.6_ma_0.4_eta_larcv_cropped.root,0.4,121,2172,0,,16,A_low_tail,0.006835288368165493,0.993109941482544,0.0,0.0082855224609375,0.01,0.7832888210606639,0.7832888210606639,True,0.7492700729927008,0.9452117863720073,0.7832888210606639,50,0.010128913443830571,0.010128913443830571,1.0,0.7492700729927008,0.004474098989740014,0.03101426735520363,0.6247697974217311,0.016121482569724323,0.06995854389388112,0.0,0.0,/vols/sbn/uboone/an1522/cam_methods/occlusion/A_low_tail/run1_signal/resnet34_gn/occlusion__ENTRY_121_meta_16.txt
occlusion,resnet34_gn,/home/hep/an1522/dark_tridents_wspace/outputs/weights/resnet34_gn/resnet34_gn_model_20260123-12_20_AM_epoch_4_batch_id_1961_labels_2_step_9821.pwf,/data/run1_dt_ratio_0.6_ma_0.4_eta_larcv_cropped.root,0.4,121,2172,0,,2,A_low_tail,0.006835288368165493,0.993109941482544,0.0,0.0082855224609375,0.01,0.8222052651659671,0.8218237314002289,True,0.8169067475360121,0.9921731123388582,0.8222052651659671,58,0.010128913443830571,0.010128913443830571,1.0,0.8162182644941266,0.0024791238363832224,0.0036072945222258568,0.5883977900552486,0.01607075813226402,0.1520193729083985,0.0,0.0,/vols/sbn/uboone/an1522/cam_methods/occlusion/A_low_tail/run1_signal/resnet34_gn/occlusion__ENTRY_121_meta_2.txt
occlusion,resnet34_gn,/home/hep/an1522/dark_tridents_wspace/outputs/weights/resnet34_gn/resnet34_gn_model_20260123-12_20_AM_epoch_4_batch_id_1961_labels_2_step_9821.pwf,/data/run1_dt_ratio_0.6_ma_0.4_eta_larcv_cropped.root,0.4,121,2172,0,,4,A_low_tail,0.006835288368165493,0.993109941482544,0.0,0.0082855224609375,0.01,0.8164822586798932,0.8164822586798932,True,0.8066339992461364,0.9852670349907919,0.8164822586798932,49,0.010128913443830571,0.010128913443830571,1.0,0.8066339992461364,0.0028582620900124305,0.004400612786412239,0.6537753222836096,0.016078473581001163,0.24627810302190484,0.0,0.0,/vols/sbn/uboone/an1522/cam_methods/occlusion/A_low_tail/run1_signal/resnet34_gn/occlusion__ENTRY_121_meta_4.txt
occlusion,resnet34_gn,/home/hep/an1522/dark_tridents_wspace/outputs/weights/resnet34_gn/resnet34_gn_model_20260123-12_20_AM_epoch_4_batch_id_1961_labels_2_step_9821.pwf,/data/run1_dt_ratio_0.6_ma_0.4_eta_larcv_cropped.root,0.4,121,2172,0,,8,A_low_tail,0.006835288368165493,0.993109941482544,0.0,0.0082855224609375,0.01,0.8050362457077451,0.8050362457077451,True,0.7864330972791651,0.9714548802946593,0.8050362457077451,49,0.010128913443830571,0.010128913443830571,1.0,0.7864330972791651,0.003580094659700989,0.010869155637919903,0.6560773480662984,0.016193425562232733,0.13070589187555012,0.0,0.0,/vols/sbn/uboone/an1522/cam_methods/occlusion/A_low_tail/run1_signal/resnet34_gn/occlusion__ENTRY_121_meta_8.txt
occlusion,resnet34_gn,/home/hep/an1522/dark_tridents_wspace/outputs/weights/resnet34_gn/resnet34_gn_model_20260123-12_20_AM_epoch_4_batch_id_1961_labels_2_step_9821.pwf,/data/run1_dt_ratio_0.6_ma_0.01_pi0_larcv_cropped.root,0.01,2096,949,0,,16,A_low_tail,0.005732393357902765,0.9941719174385071,0.0,0.003620147705078125,0.01,0.2918733307897749,0.2918733307897749,True,0.2727272727272727,0.8061116965226555,0.2918733307897749,15,0.009483667017913594,0.009483667017913594,1.0,0.2727272727272727,0.0018168315291404724,0.0020216971170157194,0.5858798735511064,0.01573438916821033,0.07674606435466556,0.0,0.0,/vols/sbn/uboone/an1522/cam_methods/occlusion/A_low_tail/run1_signal/resnet34_gn/occlusion__ENTRY_2096_meta_16.txt
occlusion,resnet34_gn,/home/hep/an1522/dark_tridents_wspace/outputs/weights/resnet34_gn/resnet34_gn_model_20260123-12_20_AM_epoch_4_batch_id_1961_labels_2_step_9821.pwf,/data/run1_dt_ratio_0.6_ma_0.01_pi0_larcv_cropped.root,0.01,2096,949,0,,2,A_low_tail,0.005732393357902765,0.9941719174385071,0.0,0.003620147705078125,0.01,0.35101106447920644,0.35101106447920644,True,0.3471698113207547,0.9694415173867229,0.35101106447920644,17,0.009483667017913594,0.009483667017913594,1.0,0.3471698113207547,0.0016691271401941773,0.002180578652769327,0.839831401475237,0.015016325120814147,0.14389900669921188,0.0,0.0,/vols/sbn/uboone/an1522/cam_methods/occlusion/A_low_tail/run1_signal/resnet34_gn/occlusion__ENTRY_2096_meta_2.txt
occlusion,resnet34_gn,/home/hep/an1522/dark_tridents_wspace/outputs/weights/resnet34_gn/resnet34_gn_model_20260123-12_20_AM_epoch_4_batch_id_1961_labels_2_step_9821.pwf,/data/run1_dt_ratio_0.6_ma_0.01_pi0_larcv_cropped.root,0.01,2096,949,0,,4,A_low_tail,0.005731490906327963,0.9941728711128235,0.0,0.003620147705078125,0.01,0.33994658527279664,0.33994658527279664,True,0.3325867861142217,0.9388830347734457,0.33994658527279664,18,0.009483667017913594,0.009483667017913594,1.0,0.3325867861142217,0.001787787228822708,0.0021842285059392452,0.8103266596417281,0.014583502640016378,0.12519734750967473,0.0,0.0,/vols/sbn/uboone/an1522/cam_methods/occlusion/A_low_tail/run1_signal/resnet34_gn/occlusion__ENTRY_2096_meta_4.txt
occlusion,resnet34_gn,/home/hep/an1522/dark_tridents_wspace/outputs/weights/resnet34_gn/resnet34_gn_model_20260123-12_20_AM_epoch_4_batch_id_1961_labels_2_step_9821.pwf,/data/run1_dt_ratio_0.6_ma_0.01_pi0_larcv_cropped.root,0.01,2096,949,0,,8,A_low_tail,0.005732393357902765,0.9941719174385071,0.0,0.003620147705078125,0.01,0.32544830217474247,0.32544830217474247,True,0.3139492086860508,0.898840885142255,0.32544830217474247,17,0.009483667017913594,0.009483667017913594,1.0,0.3139492086860508,0.0016672243364155293,0.002180578652769327,0.7239199157007377,0.014824862848035993,0.12944127090740948,0.0,0.0,/vols/sbn/uboone/an1522/cam_methods/occlusion/A_low_tail/run1_signal/resnet34_gn/occlusion__ENTRY_2096_meta_8.txt
occlusion,resnet34_gn,/home/hep/an1522/dark_tridents_wspace/outputs/weights/resnet34_gn/resnet34_gn_model_20260123-12_20_AM_epoch_4_batch_id_1961_labels_2_step_9821.pwf,/data/run1_dt_ratio_0.6_ma_0.09_pi0_larcv_cropped.root,0.09,2475,3030,0,,16,A_low_tail,0.004258410539478064,0.9956756234169006,0.0,0.01155853271484375,0.01,1.0,1.0,True,0.865016501650165,0.865016501650165,1.0,62,0.009900990099009901,0.009900990099009901,1.0,0.865016501650165,0.001003414117731154,0.0011808103881776333,0.597029702970297,0.013477283739484846,0.04492831996176391,0.0,0.0,/vols/sbn/uboone/an1522/cam_methods/occlusion/A_low_tail/run1_signal/resnet34_gn/occlusion__ENTRY_2475_meta_16.txt
occlusion,resnet34_gn,/home/hep/an1522/dark_tridents_wspace/outputs/weights/resnet34_gn/resnet34_gn_model_20260123-12_20_AM_epoch_4_batch_id_1961_labels_2_step_9821.pwf,/data/run1_dt_ratio_0.6_ma_0.09_pi0_larcv_cropped.root,0.09,2475,3030,0,,2,A_low_tail,0.004259077832102776,0.9956749081611633,0.0,0.01155853271484375,0.01,1.0,1.0,True,0.865016501650165,0.865016501650165,1.0,69,0.009900990099009901,0.009900990099009901,1.0,0.865016501650165,0.00021267503499984748,0.0009577604942023754,0.4966996699669967,0.013456241600215435,0.03629752141423523,0.0,0.0,/vols/sbn/uboone/an1522/cam_methods/occlusion/A_low_tail/run1_signal/resnet34_gn/occlusion__ENTRY_2475_meta_2.txt
occlusion,resnet34_gn,/home/hep/an1522/dark_tridents_wspace/outputs/weights/resnet34_gn/resnet34_gn_model_20260123-12_20_AM_epoch_4_batch_id_1961_labels_2_step_9821.pwf,/data/run1_dt_ratio_0.6_ma_0.09_pi0_larcv_cropped.root,0.09,2475,3030,0,,4,A_low_tail,0.004259077832102776,0.9956749081611633,0.0,0.01155853271484375,0.01,1.0,1.0,True,0.865016501650165,0.865016501650165,1.0,68,0.009900990099009901,0.009900990099009901,1.0,0.865016501650165,0.0002940131351351738,0.0009577604942023754,0.5108910891089109,0.013480474520474675,0.05023251827806234,0.0,0.0,/vols/sbn/uboone/an1522/cam_methods/occlusion/A_low_tail/run1_signal/resnet34_gn/occlusion__ENTRY_2475_meta_4.txt
occlusion,resnet34_gn,/home/hep/an1522/dark_tridents_wspace/outputs/weights/resnet34_gn/resnet34_gn_model_20260123-12_20_AM_epoch_4_batch_id_1961_labels_2_step_9821.pwf,/data/run1_dt_ratio_0.6_ma_0.09_pi0_larcv_cropped.root,0.09,2475,3030,0,,8,A_low_tail,0.004259077832102776,0.9956749081611633,0.0,0.01155853271484375,0.01,1.0,1.0,True,0.865016501650165,0.865016501650165,1.0,64,0.009900990099009901,0.009900990099009901,1.0,0.865016501650165,0.0005634450353682041,0.0009577604942023754,0.5485148514851486,0.01347891208715737,0.044340879656374454,0.0,0.0,/vols/sbn/uboone/an1522/cam_methods/occlusion/A_low_tail/run1_signal/resnet34_gn/occlusion__ENTRY_2475_meta_8.txt
occlusion,resnet34_gn,/home/hep/an1522/dark_tridents_wspace/outputs/weights/resnet34_gn/resnet34_gn_model_20260123-12_20_AM_epoch_4_batch_id_1961_labels_2_step_9821.pwf,/data/run1_dt_ratio_0.6_ma_0.3_eta_larcv_cropped.root,0.3,2875,2430,0,,16,A_low_tail,0.007554001174867153,0.992429792881012,0.0,0.00926971435546875,0.01,0.9206409767264403,0.9206409767264403,True,0.9147081122062168,0.9930041152263375,0.9206409767264403,54,0.009876543209876543,0.009876543209876543,1.0,0.9147081122062168,0.2525723069906235,0.5012662410736084,0.7670781893004115,0.01712374449707568,0.14817424598149953,0.0,0.0,/vols/sbn/uboone/an1522/cam_methods/occlusion/A_low_tail/run1_signal/resnet34_gn/occlusion__ENTRY_2875_meta_16.txt
occlusion,resnet34_gn,/home/hep/an1522/dark_tridents_wspace/outputs/weights/resnet34_gn/resnet34_gn_model_20260123-12_20_AM_epoch_4_batch_id_1961_labels_2_step_9821.pwf,/data/run1_dt_ratio_0.6_ma_0.3_eta_larcv_cropped.root,0.3,2875,2430,0,,2,A_low_tail,0.007554001174867153,0.992429792881012,0.0,0.00926971435546875,0.01,0.9244563143838229,0.9244563143838229,True,0.9219939117199392,0.997119341563786,0.9244563143838229,44,0.009876543209876543,0.009876543209876543,1.0,0.9219939117199392,0.0022354559786617774,0.01004097331315279,0.5872427983539095,0.016926444275304677,0.16413322868756952,0.0,0.0,/vols/sbn/uboone/an1522/cam_methods/occlusion/A_low_tail/run1_signal/resnet34_gn/occlusion__ENTRY_2875_meta_2.txt
occlusion,resnet34_gn,/home/hep/an1522/dark_tridents_wspace/outputs/weights/resnet34_gn/resnet34_gn_model_20260123-12_20_AM_epoch_4_batch_id_1961_labels_2_step_9821.pwf,/data/run1_dt_ratio_0.6_ma_0.3_eta_larcv_cropped.root,0.3,2875,2430,0,,4,A_low_tail,0.0075567117892205715,0.9924271106719971,0.0,0.00926971435546875,0.01,0.9225486455551316,0.9225486455551316,True,0.9183440941891379,0.9950617283950617,0.9225486455551316,55,0.009876543209876543,0.009876543209876543,1.0,0.9183440941891379,0.0026007709093391895,0.010035451501607895,0.6032921810699589,0.017440507118590177,0.2344085457501933,0.0,0.0,/vols/sbn/uboone/an1522/cam_methods/occlusion/A_low_tail/run1_signal/resnet34_gn/occlusion__ENTRY_2875_meta_4.txt
occlusion,resnet34_gn,/home/hep/an1522/dark_tridents_wspace/outputs/weights/resnet34_gn/resnet34_gn_model_20260123-12_20_AM_epoch_4_batch_id_1961_labels_2_step_9821.pwf,/data/run1_dt_ratio_0.6_ma_0.3_eta_larcv_cropped.root,0.3,2875,2430,0,,8,A_low_tail,0.007554001174867153,0.992429792881012,0.0,0.00926971435546875,0.01,0.9225486455551316,0.9225486455551316,True,0.9183440941891379,0.9950617283950617,0.9225486455551316,52,0.009876543209876543,0.009876543209876543,1.0,0.9183440941891379,0.015018396396189949,0.06901337206363678,0.6580246913580247,0.017437234381213782,0.2344552862923593,0.0,0.0,/vols/sbn/uboone/an1522/cam_methods/occlusion/A_low_tail/run1_signal/resnet34_gn/occlusion__ENTRY_2875_meta_8.txt
occlusion,resnet34_gn,/home/hep/an1522/dark_tridents_wspace/outputs/weights/resnet34_gn/resnet34_gn_model_20260123-12_20_AM_epoch_4_batch_id_1961_labels_2_step_9821.pwf,/data/run1_dt_ratio_0.6_ma_0.2_eta_larcv_cropped.root,0.2,4369,1412,0,,16,A_low_tail,0.002576034516096115,0.9974071383476257,0.0,0.0053863525390625,0.01,0.5364364746280046,0.5364364746280046,True,0.5352112676056338,0.9957507082152974,0.5364364746280046,38,0.009915014164305949,0.009915014164305949,1.0,0.5352112676056338,0.001782817766070366,0.0023393314331769943,0.5368271954674221,0.011989281559363007,0.07286513443104922,0.0,0.0,/vols/sbn/uboone/an1522/cam_methods/occlusion/A_low_tail/run1_signal/resnet34_gn/occlusion__ENTRY_4369_meta_16.txt
occlusion,resnet34_gn,/home/hep/an1522/dark_tridents_wspace/outputs/weights/resnet34_gn/resnet34_gn_model_20260123-12_20_AM_epoch_4_batch_id_1961_labels_2_step_9821.pwf,/data/run1_dt_ratio_0.6_ma_0.2_eta_larcv_cropped.root,0.2,4369,1412,0,,2,A_low_tail,0.0025753004010766745,0.9974079728126526,0.0,0.0053863525390625,0.01,0.5387256772224341,0.5387256772224341,True,0.5387256772224341,1.0,0.5387256772224341,40,0.009915014164305949,0.009915014164305949,1.0,0.5387256772224341,0.0010964580555446455,0.0017828361596912146,0.5743626062322946,0.012065445038024338,0.18288804850308224,0.0,0.0,/vols/sbn/uboone/an1522/cam_methods/occlusion/A_low_tail/run1_signal/resnet34_gn/occlusion__ENTRY_4369_meta_2.txt
occlusion,resnet34_gn,/home/hep/an1522/dark_tridents_wspace/outputs/weights/resnet34_gn/resnet34_gn_model_20260123-12_20_AM_epoch_4_batch_id_1961_labels_2_step_9821.pwf,/data/run1_dt_ratio_0.6_ma_0.2_eta_larcv_cropped.root,0.2,4369,1412,0,,4,A_low_tail,0.0025753004010766745,0.9974079728126526,0.0,0.0053863525390625,0.01,0.5387256772224341,0.5387256772224341,True,0.5387256772224341,1.0,0.5387256772224341,40,0.009915014164305949,0.009915014164305949,1.0,0.5387256772224341,0.0013870246242731843,0.0015145090874284506,0.5672804532577904,0.012065445038024338,0.18288804850308224,0.0,0.0,/vols/sbn/uboone/an1522/cam_methods/occlusion/A_low_tail/run1_signal/resnet34_gn/occlusion__ENTRY_4369_meta_4.txt
occlusion,resnet34_gn,/home/hep/an1522/dark_tridents_wspace/outputs/weights/resnet34_gn/resnet34_gn_model_20260123-12_20_AM_epoch_4_batch_id_1961_labels_2_step_9821.pwf,/data/run1_dt_ratio_0.6_ma_0.2_eta_larcv_cropped.root,0.2,4369,1412,0,,8,A_low_tail,0.0025753004010766745,0.9974079728126526,0.0,0.0053863525390625,0.01,0.5379626096909577,0.5375810759252194,True,0.5375524208921083,0.9985835694050992,0.5379626096909577,39,0.009915014164305949,0.009915014164305949,1.0,0.5369664634146342,0.0012238200311549014,0.0014904539566487074,0.5842776203966006,0.011966653831768783,0.08031209892360493,0.0,0.0,/vols/sbn/uboone/an1522/cam_methods/occlusion/A_low_tail/run1_signal/resnet34_gn/occlusion__ENTRY_4369_meta_8.txt
occlusion,mpid,/home/hep/an1522/dark_tridents_wspace/outputs/weights/DM-CNN_model_20260116-10_22_PM_epoch_4_batch_id_1961_labels_2_title_0.001_AG_GN_LM_TRAINING_step_9821.pwf,/data/run3_dt_ratio_0.6_ma_0.2_eta_larcv_cropped.root,0.2,1481,2468,0,,16,A_low_tail,0.0002634268603287637,0.9997308850288391,0.0,0.0094146728515625,0.01,0.8966043494849294,0.8966043494849294,True,0.8579773640014604,0.9521880064829822,0.8966043494849294,46,0.01012965964343598,0.01012965964343598,1.0,0.8579773640014604,0.0029743402684107322,0.00455954996868968,0.5068881685575365,0.002674191855476238,0.15986947568308096,0.0,0.0,/vols/sbn/uboone/an1522/cam_methods/occlusion/A_low_tail/run3_signal/mpid/occlusion__ENTRY_1481_meta_16.txt
occlusion,mpid,/home/hep/an1522/dark_tridents_wspace/outputs/weights/DM-CNN_model_20260116-10_22_PM_epoch_4_batch_id_1961_labels_2_title_0.001_AG_GN_LM_TRAINING_step_9821.pwf,/data/run3_dt_ratio_0.6_ma_0.2_eta_larcv_cropped.root,0.2,1481,2468,0,,2,A_low_tail,0.0002634268603287637,0.9997308850288391,0.0,0.0094146728515625,0.01,0.9374284624189241,0.9320869896985883,True,0.9335106382978723,0.9955429497568882,0.9374284624189241,53,0.01012965964343598,0.01012965964343598,1.0,0.9232804232804233,0.0001322226648335345,0.0002717705210670829,0.5186385737439222,0.0026913473149761556,0.09691608550201636,0.0,0.0,/vols/sbn/uboone/an1522/cam_methods/occlusion/A_low_tail/run3_signal/mpid/occlusion__ENTRY_1481_meta_2.txt
occlusion,mpid,/home/hep/an1522/dark_tridents_wspace/outputs/weights/DM-CNN_model_20260116-10_22_PM_epoch_4_batch_id_1961_labels_2_title_0.001_AG_GN_LM_TRAINING_step_9821.pwf,/data/run3_dt_ratio_0.6_ma_0.2_eta_larcv_cropped.root,0.2,1481,2468,0,,4,A_low_tail,0.0002631299430504441,0.9997311234474182,0.0,0.0094146728515625,0.01,0.9324685234643266,0.9297977871041587,True,0.924007561436673,0.9902755267423015,0.9324685234643266,56,0.01012965964343598,0.01012965964343598,1.0,0.9189291101055806,0.00016088078002212558,0.0005140361026860774,0.5344408427876823,0.0026891752262599767,0.30331596236792396,0.0,0.0,/vols/sbn/uboone/an1522/cam_methods/occlusion/A_low_tail/run3_signal/mpid/occlusion__ENTRY_1481_meta_4.txt
occlusion,mpid,/home/hep/an1522/dark_tridents_wspace/outputs/weights/DM-CNN_model_20260116-10_22_PM_epoch_4_batch_id_1961_labels_2_title_0.001_AG_GN_LM_TRAINING_step_9821.pwf,/data/run3_dt_ratio_0.6_ma_0.2_eta_larcv_cropped.root,0.2,1481,2468,0,,8,A_low_tail,0.0002631299430504441,0.9997311234474182,0.0,0.0094146728515625,0.01,0.9233117130866082,0.9229301793208698,True,0.9067066316972648,0.9805510534846029,0.9233117130866082,51,0.01012965964343598,0.01012965964343598,1.0,0.9059925093632959,0.0004889721440849814,0.0021666130051016808,0.5944084278768234,0.002685562983970158,0.18547655593720266,0.0,0.0,/vols/sbn/uboone/an1522/cam_methods/occlusion/A_low_tail/run3_signal/mpid/occlusion__ENTRY_1481_meta_8.txt
occlusion,mpid,/home/hep/an1522/dark_tridents_wspace/outputs/weights/DM-CNN_model_20260116-10_22_PM_epoch_4_batch_id_1961_labels_2_title_0.001_AG_GN_LM_TRAINING_step_9821.pwf,/data/run3_dt_ratio_0.6_ma_0.09_eta_larcv_cropped.root,0.09,1993,1603,0,,16,A_low_tail,0.00010862435010494664,0.9998886585235596,0.0,0.006114959716796875,0.01,0.5650515070583747,0.5619992369324686,True,0.5399197958439664,0.9238927011852776,0.5650515070583747,19,0.009981285090455396,0.009981285090455396,1.0,0.5354416575790621,0.00023197877220809487,0.0003541485930327326,0.272613849033063,0.0025426531788980355,0.026972962986110363,0.0,0.0,/vols/sbn/uboone/an1522/cam_methods/occlusion/A_low_tail/run3_signal/mpid/occlusion__ENTRY_1993_meta_16.txt
occlusion,mpid,/home/hep/an1522/dark_tridents_wspace/outputs/weights/DM-CNN_model_20260116-10_22_PM_epoch_4_batch_id_1961_labels_2_title_0.001_AG_GN_LM_TRAINING_step_9821.pwf,/data/run3_dt_ratio_0.6_ma_0.09_eta_larcv_cropped.root,0.09,1993,1603,0,,2,A_low_tail,0.00010862435010494664,0.9998886585235596,0.0,0.006114959716796875,0.01,0.6062571537581076,0.6043494849294162,True,0.6030360531309298,0.9912663755458515,0.6062571537581076,21,0.009981285090455396,0.009981285090455396,1.0,0.6,0.00010006733122281742,0.00019915070151910186,0.3137866500311915,0.0025436407417146257,0.0393352658724325,0.0,0.0,/vols/sbn/uboone/an1522/cam_methods/occlusion/A_low_tail/run3_signal/mpid/occlusion__ENTRY_1993_meta_2.txt
occlusion,mpid,/home/hep/an1522/dark_tridents_wspace/outputs/weights/DM-CNN_model_20260116-10_22_PM_epoch_4_batch_id_1961_labels_2_title_0.001_AG_GN_LM_TRAINING_step_9821.pwf,/data/run3_dt_ratio_0.6_ma_0.09_eta_larcv_cropped.root,0.09,1993,1603,0,,4,A_low_tail,0.00010862704220926389,0.9998886585235596,0.0,0.006114959716796875,0.01,0.5978634109118657,0.5967188096146508,True,0.5897628904779827,0.9775421085464754,0.5978634109118657,21,0.009981285090455396,0.009981285090455396,1.0,0.58796992481203,0.00012510036161984331,0.0003181796637363732,0.35308796007485965,0.002540602606677567,0.026368964062930902,0.0,0.0,/vols/sbn/uboone/an1522/cam_methods/occlusion/A_low_tail/run3_signal/mpid/occlusion__ENTRY_1993_meta_4.txt
occlusion,mpid,/home/hep/an1522/dark_tridents_wspace/outputs/weights/DM-CNN_model_20260116-10_22_PM_epoch_4_batch_id_1961_labels_2_title_0.001_AG_GN_LM_TRAINING_step_9821.pwf,/data/run3_dt_ratio_0.6_ma_0.09_eta_larcv_cropped.root,0.09,1993,1603,0,,8,A_low_tail,0.00010862704220926389,0.9998886585235596,0.0,0.006114959716796875,0.01,0.5833651278138116,0.5810759252193819,True,0.5673469387755102,0.9538365564566438,0.5833651278138116,20,0.009981285090455396,0.009981285090455396,1.0,0.5638652350981118,0.0002041243755957115,0.0003660276415757835,0.3705552089831566,0.002541956577260862,0.026273940475584824,0.0,0.0,/vols/sbn/uboone/an1522/cam_methods/occlusion/A_low_tail/run3_signal/mpid/occlusion__ENTRY_1993_meta_8.txt
occlusion,mpid,/home/hep/an1522/dark_tridents_wspace/outputs/weights/DM-CNN_model_20260116-10_22_PM_epoch_4_batch_id_1961_labels_2_title_0.001_AG_GN_LM_TRAINING_step_9821.pwf,/data/run3_dt_ratio_0.6_ma_0.4_eta_larcv_cropped.root,0.4,3246,2216,0,,16,A_low_tail,0.00033017914392985404,0.9996569156646729,0.0,0.008453369140625,0.01,0.7996947729874094,0.7962609690957649,True,0.7646844217438891,0.9458483754512635,0.7996947729874094,39,0.009927797833935019,0.009927797833935019,1.0,0.7589090909090909,0.001214045326923949,0.0028786365874111652,0.46705776173285196,0.0027622424051514834,0.03223744421993615,0.0,0.0,/vols/sbn/uboone/an1522/cam_methods/occlusion/A_low_tail/run3_signal/mpid/occlusion__ENTRY_3246_meta_16.txt
occlusion,mpid,/home/hep/an1522/dark_tridents_wspace/outputs/weights/DM-CNN_model_20260116-10_22_PM_epoch_4_batch_id_1961_labels_2_title_0.001_AG_GN_LM_TRAINING_step_9821.pwf,/data/run3_dt_ratio_0.6_ma_0.4_eta_larcv_cropped.root,0.4,3246,2216,0,,2,A_low_tail,0.00033021694980561733,0.9996569156646729,0.0,0.008453369140625,0.01,0.8389927508584509,0.8370850820297596,True,0.8335860500379075,0.9923285198555957,0.8389927508584509,55,0.009927797833935019,0.009927797833935019,1.0,0.8301172909572455,0.0002829503762768559,0.03931128978729248,0.6159747292418772,0.0027527953032404186,0.05796077809063718,0.0,0.0,/vols/sbn/uboone/an1522/cam_methods/occlusion/A_low_tail/run3_signal/mpid/occlusion__ENTRY_3246_meta_2.txt
occlusion,mpid,/home/hep/an1522/dark_tridents_wspace/outputs/weights/DM-CNN_model_20260116-10_22_PM_epoch_4_batch_id_1961_labels_2_title_0.001_AG_GN_LM_TRAINING_step_9821.pwf,/data/run3_dt_ratio_0.6_ma_0.4_eta_larcv_cropped.root,0.4,3246,2216,0,,4,A_low_tail,0.00033021694980561733,0.9996569156646729,0.0,0.008453369140625,0.01,0.8367035482640214,0.8355589469668065,True,0.8294251134644478,0.9896209386281588,0.8367035482640214,43,0.009927797833935019,0.009927797833935019,1.0,0.8273517189270873,0.0007228653004858596,0.02921299636363983,0.6092057761732852,0.0027529555896762758,0.07376153728691862,0.0,0.0,/vols/sbn/uboone/an1522/cam_methods/occlusion/A_low_tail/run3_signal/mpid/occlusion__ENTRY_3246_meta_4.txt
occlusion,mpid,/home/hep/an1522/dark_tridents_wspace/outputs/weights/DM-CNN_model_20260116-10_22_PM_epoch_4_batch_id_1961_labels_2_title_0.001_AG_GN_LM_TRAINING_step_9821.pwf,/data/run3_dt_ratio_0.6_ma_0.4_eta_larcv_cropped.root,0.4,3246,2216,0,,8,A_low_tail,0.00033021694980561733,0.9996569156646729,0.0,0.008453369140625,0.01,0.8237314002289202,0.8225867989317055,True,0.8061986557132188,0.9742779783393501,0.8237314002289202,45,0.009927797833935019,0.009927797833935019,1.0,0.804177545691906,0.0035225208033807403,0.011849764734506607,0.6385379061371841,0.0027506983780767767,0.02510614729253575,0.0,0.0,/vols/sbn/uboone/an1522/cam_methods/occlusion/A_low_tail/run3_signal/mpid/occlusion__ENTRY_3246_meta_8.txt
occlusion,mpid,/home/hep/an1522/dark_tridents_wspace/outputs/weights/DM-CNN_model_20260116-10_22_PM_epoch_4_batch_id_1961_labels_2_title_0.001_AG_GN_LM_TRAINING_step_9821.pwf,/data/run3_dt_ratio_0.6_ma_0.4_eta_larcv_cropped.root,0.4,468,1822,0,,16,A_low_tail,0.00022270198678597808,0.9997711777687073,0.0,0.00695037841796875,0.01,0.6730255627623045,0.6726440289965662,True,0.658454647256439,0.9681668496158068,0.6730255627623045,34,0.009879253567508232,0.009879253567508232,1.0,0.6578358208955224,0.002957369966898104,0.004251438658684492,0.10098792535675083,0.002681156049948186,0.02746777811262291,0.0,0.0,/vols/sbn/uboone/an1522/cam_methods/occlusion/A_low_tail/run3_signal/mpid/occlusion__ENTRY_468_meta_16.txt
occlusion,mpid,/home/hep/an1522/dark_tridents_wspace/outputs/weights/DM-CNN_model_20260116-10_22_PM_epoch_4_batch_id_1961_labels_2_title_0.001_AG_GN_LM_TRAINING_step_9821.pwf,/data/run3_dt_ratio_0.6_ma_0.4_eta_larcv_cropped.root,0.4,468,1822,0,,2,A_low_tail,0.0002226580400019884,0.9997711777687073,0.0,0.00695037841796875,0.01,0.6928653185806944,0.6913391835177414,True,0.6912828321279025,0.9967069154774972,0.6928653185806944,38,0.009879253567508232,0.009879253567508232,1.0,0.6887115165336374,0.00012166470027295871,0.0002977481344714761,0.3013172338090011,0.0026479742824449207,0.053768254874739796,0.0,0.0,/vols/sbn/uboone/an1522/cam_methods/occlusion/A_low_tail/run3_signal/mpid/occlusion__ENTRY_468_meta_2.txt
occlusion,mpid,/home/hep/an1522/dark_tridents_wspace/outputs/weights/DM-CNN_model_20260116-10_22_PM_epoch_4_batch_id_1961_labels_2_title_0.001_AG_GN_LM_TRAINING_step_9821.pwf,/data/run3_dt_ratio_0.6_ma_0.4_eta_larcv_cropped.root,0.4,468,1822,0,,4,A_low_tail,0.0002226580400019884,0.9997711777687073,0.0,0.00695037841796875,0.01,0.6905761159862648,0.6886684471575735,True,0.6874287884542347,0.9934138309549945,0.6905761159862648,38,0.009879253567508232,0.009879253567508232,1.0,0.6842304776345717,0.00021190038474742324,0.0002471200132276863,0.22063666300768386,0.0026473747784621087,0.050805664493236695,0.0,0.0,/vols/sbn/uboone/an1522/cam_methods/occlusion/A_low_tail/run3_signal/mpid/occlusion__ENTRY_468_meta_4.txt
occlusion,mpid,/home/hep/an1522/dark_tridents_wspace/outputs/weights/DM-CNN_model_20260116-10_22_PM_epoch_4_batch_id_1961_labels_2_title_0.001_AG_GN_LM_TRAINING_step_9821.pwf,/data/run3_dt_ratio_0.6_ma_0.4_eta_larcv_cropped.root,0.4,468,1822,0,,8,A_low_tail,0.00022270198678597808,0.9997711777687073,0.0,0.00695037841796875,0.01,0.6848531095001907,0.6844715757344525,True,0.677870090634441,0.9851811196487377,0.6848531095001907,35,0.009879253567508232,0.009879253567508232,1.0,0.6772366930917327,0.0007336784619837999,0.0014293657150119543,0.150384193194292,0.002656672937155236,0.0709523359517334,0.0,0.0,/vols/sbn/uboone/an1522/cam_methods/occlusion/A_low_tail/run3_signal/mpid/occlusion__ENTRY_468_meta_8.txt
occlusion,mpid,/home/hep/an1522/dark_tridents_wspace/outputs/weights/DM-CNN_model_20260116-10_22_PM_epoch_4_batch_id_1961_labels_2_title_0.001_AG_GN_LM_TRAINING_step_9821.pwf,/data/run3_dt_ratio_0.6_ma_0.05_eta_larcv_cropped.root,0.05,890,2660,0,,16,A_low_tail,0.00022612541215494275,0.9997664093971252,0.0,0.0101470947265625,0.01,0.9889355207935903,0.9885539870278519,True,0.9639271104499814,0.9744360902255639,0.9889355207935903,62,0.010150375939849625,0.010150375939849625,1.0,0.9631970260223048,0.0010288073215633626,0.0017486570868641138,0.5052631578947369,0.00265487346041482,0.017516727340989746,0.0,0.0,/vols/sbn/uboone/an1522/cam_methods/occlusion/A_low_tail/run3_signal/mpid/occlusion__ENTRY_890_meta_16.txt
occlusion,mpid,/home/hep/an1522/dark_tridents_wspace/outputs/weights/DM-CNN_model_20260116-10_22_PM_epoch_4_batch_id_1961_labels_2_title_0.001_AG_GN_LM_TRAINING_step_9821.pwf,/data/run3_dt_ratio_0.6_ma_0.05_eta_larcv_cropped.root,0.05,890,2660,0,,2,A_low_tail,0.00022612541215494275,0.9997664093971252,0.0,0.0101470947265625,0.01,1.0,1.0,True,0.9853383458646616,0.9853383458646616,1.0,58,0.010150375939849625,0.010150375939849625,1.0,0.9853383458646616,7.877231109887362e-05,0.0006922453176230192,0.512781954887218,0.0026545191678451372,0.0164340505056316,0.0,0.0,/vols/sbn/uboone/an1522/cam_methods/occlusion/A_low_tail/run3_signal/mpid/occlusion__ENTRY_890_meta_2.txt
occlusion,mpid,/home/hep/an1522/dark_tridents_wspace/outputs/weights/DM-CNN_model_20260116-10_22_PM_epoch_4_batch_id_1961_labels_2_title_0.001_AG_GN_LM_TRAINING_step_9821.pwf,/data/run3_dt_ratio_0.6_ma_0.05_eta_larcv_cropped.root,0.05,890,2660,0,,4,A_low_tail,0.00022608230938203633,0.9997664093971252,0.0,0.0101470947265625,0.01,1.0,1.0,True,0.9853383458646616,0.9853383458646616,1.0,57,0.010150375939849625,0.010150375939849625,1.0,0.9853383458646616,0.00018870271684136216,0.0013121109222993255,0.4635338345864662,0.0026576207717880617,0.016873512558231593,0.0,0.0,/vols/sbn/uboone/an1522/cam_methods/occlusion/A_low_tail/run3_signal/mpid/occlusion__ENTRY_890_meta_4.txt
occlusion,mpid,/home/hep/an1522/dark_tridents_wspace/outputs/weights/DM-CNN_model_20260116-10_22_PM_epoch_4_batch_id_1961_labels_2_title_0.001_AG_GN_LM_TRAINING_step_9821.pwf,/data/run3_dt_ratio_0.6_ma_0.05_eta_larcv_cropped.root,0.05,890,2660,0,,8,A_low_tail,0.00022608230938203633,0.9997664093971252,0.0,0.0101470947265625,0.01,0.9992369324685234,0.9984738649370469,True,0.9838467317806161,0.9845864661654136,0.9992369324685234,58,0.010150375939849625,0.010150375939849625,1.0,0.9823573573573574,0.0007060134131461373,0.0019572614692151546,0.4906015037593985,0.0026560306025203324,0.021369711217994334,0.0,0.0,/vols/sbn/uboone/an1522/cam_methods/occlusion/A_low_tail/run3_signal/mpid/occlusion__ENTRY_890_meta_8.txt
occlusion,resnet34_gn,/home/hep/an1522/dark_tridents_wspace/outputs/weights/resnet34_gn/resnet34_gn_model_20260123-12_20_AM_epoch_4_batch_id_1961_labels_2_step_9821.pwf,/data/run3_dt_ratio_0.6_ma_0.2_eta_larcv_cropped.root,0.2,1481,2468,0,,16,A_low_tail,0.1852513998746872,0.8139409422874451,0.0,0.0094146728515625,0.01,0.8966043494849294,0.8966043494849294,True,0.8579773640014604,0.9521880064829822,0.8966043494849294,46,0.01012965964343598,0.01012965964343598,1.0,0.8579773640014604,0.6494432216882702,0.7570940852165222,0.6491085899513777,0.17222142443060875,0.32485065534710883,0.0,0.0,/vols/sbn/uboone/an1522/cam_methods/occlusion/A_low_tail/run3_signal/resnet34_gn/occlusion__ENTRY_1481_meta_16.txt
occlusion,resnet34_gn,/home/hep/an1522/dark_tridents_wspace/outputs/weights/resnet34_gn/resnet34_gn_model_20260123-12_20_AM_epoch_4_batch_id_1961_labels_2_step_9821.pwf,/data/run3_dt_ratio_0.6_ma_0.2_eta_larcv_cropped.root,0.2,1481,2468,0,,2,A_low_tail,0.1852513998746872,0.8139409422874451,0.0,0.0094146728515625,0.01,0.9374284624189241,0.9374284624189241,True,0.9335106382978723,0.9955429497568882,0.9374284624189241,50,0.01012965964343598,0.01012965964343598,1.0,0.9335106382978723,0.09968212619423847,0.17159070074558258,0.5380875202593193,0.18549009338021277,0.09858830971643326,0.0,0.0,/vols/sbn/uboone/an1522/cam_methods/occlusion/A_low_tail/run3_signal/resnet34_gn/occlusion__ENTRY_1481_meta_2.txt
occlusion,resnet34_gn,/home/hep/an1522/dark_tridents_wspace/outputs/weights/resnet34_gn/resnet34_gn_model_20260123-12_20_AM_epoch_4_batch_id_1961_labels_2_step_9821.pwf,/data/run3_dt_ratio_0.6_ma_0.2_eta_larcv_cropped.root,0.2,1481,2468,0,,4,A_low_tail,0.1852513998746872,0.8139409422874451,0.0,0.0094146728515625,0.01,0.9324685234643266,0.9324685234643266,True,0.924007561436673,0.9902755267423015,0.9324685234643266,60,0.01012965964343598,0.01012965964343598,1.0,0.924007561436673,0.1340932178497314,0.1712425798177719,0.5615883306320908,0.18514643087983132,0.27225419059395795,0.0,0.0,/vols/sbn/uboone/an1522/cam_methods/occlusion/A_low_tail/run3_signal/resnet34_gn/occlusion__ENTRY_1481_meta_4.txt
occlusion,resnet34_gn,/home/hep/an1522/dark_tridents_wspace/outputs/weights/resnet34_gn/resnet34_gn_model_20260123-12_20_AM_epoch_4_batch_id_1961_labels_2_step_9821.pwf,/data/run3_dt_ratio_0.6_ma_0.2_eta_larcv_cropped.root,0.2,1481,2468,0,,8,A_low_tail,0.18523865938186646,0.8139536380767822,0.0,0.0094146728515625,0.01,0.9233117130866082,0.9233117130866082,True,0.9067066316972648,0.9805510534846029,0.9233117130866082,56,0.01012965964343598,0.01012965964343598,1.0,0.9067066316972648,0.18674197793006897,0.3290103077888489,0.5814424635332253,0.1850482240319252,0.3367702625691891,0.0,0.0,/vols/sbn/uboone/an1522/cam_methods/occlusion/A_low_tail/run3_signal/resnet34_gn/occlusion__ENTRY_1481_meta_8.txt
occlusion,resnet34_gn,/home/hep/an1522/dark_tridents_wspace/outputs/weights/resnet34_gn/resnet34_gn_model_20260123-12_20_AM_epoch_4_batch_id_1961_labels_2_step_9821.pwf,/data/run3_dt_ratio_0.6_ma_0.09_eta_larcv_cropped.root,0.09,1993,1603,0,,16,A_low_tail,0.004184548277407885,0.9957614541053772,0.0,0.006114959716796875,0.01,0.5650515070583747,0.5650515070583747,True,0.5399197958439664,0.9238927011852776,0.5650515070583747,19,0.009981285090455396,0.009981285090455396,1.0,0.5399197958439664,0.0007491291034966707,0.006719670724123716,0.587024329382408,0.01359293402638286,0.09929024220909921,0.0,0.0,/vols/sbn/uboone/an1522/cam_methods/occlusion/A_low_tail/run3_signal/resnet34_gn/occlusion__ENTRY_1993_meta_16.txt
occlusion,resnet34_gn,/home/hep/an1522/dark_tridents_wspace/outputs/weights/resnet34_gn/resnet34_gn_model_20260123-12_20_AM_epoch_4_batch_id_1961_labels_2_step_9821.pwf,/data/run3_dt_ratio_0.6_ma_0.09_eta_larcv_cropped.root,0.09,1993,1603,0,,2,A_low_tail,0.004184548277407885,0.9957614541053772,0.0,0.006114959716796875,0.01,0.6062571537581076,0.6024418161007249,True,0.6030360531309298,0.9912663755458515,0.6062571537581076,21,0.009981285090455396,0.009981285090455396,1.0,0.5969754253308128,0.0007400037720799446,0.0036160461604595184,0.4878353087960075,0.01359293598216027,0.1473507402697578,0.0,0.0,/vols/sbn/uboone/an1522/cam_methods/occlusion/A_low_tail/run3_signal/resnet34_gn/occlusion__ENTRY_1993_meta_2.txt
occlusion,resnet34_gn,/home/hep/an1522/dark_tridents_wspace/outputs/weights/resnet34_gn/resnet34_gn_model_20260123-12_20_AM_epoch_4_batch_id_1961_labels_2_step_9821.pwf,/data/run3_dt_ratio_0.6_ma_0.09_eta_larcv_cropped.root,0.09,1993,1603,0,,4,A_low_tail,0.004184548277407885,0.9957614541053772,0.0,0.006114959716796875,0.01,0.5978634109118657,0.5959557420831744,True,0.5897628904779827,0.9775421085464754,0.5978634109118657,21,0.009981285090455396,0.009981285090455396,1.0,0.5867768595041323,0.0011553382501006126,0.004361195955425501,0.4890829694323144,0.013644130690954624,0.09099616419989615,0.0,0.0,/vols/sbn/uboone/an1522/cam_methods/occlusion/A_low_tail/run3_signal/resnet34_gn/occlusion__ENTRY_1993_meta_4.txt
occlusion,resnet34_gn,/home/hep/an1522/dark_tridents_wspace/outputs/weights/resnet34_gn/resnet34_gn_model_20260123-12_20_AM_epoch_4_batch_id_1961_labels_2_step_9821.pwf,/data/run3_dt_ratio_0.6_ma_0.09_eta_larcv_cropped.root,0.09,1993,1603,0,,8,A_low_tail,0.004184351768344641,0.9957615733146667,0.0,0.006114959716796875,0.01,0.5833651278138116,0.5833651278138116,True,0.5673469387755102,0.9538365564566438,0.5833651278138116,20,0.009981285090455396,0.009981285090455396,1.0,0.5673469387755102,0.0014806463662534997,0.011209670454263687,0.5283842794759825,0.013566844048909843,0.09721575963776559,0.0,0.0,/vols/sbn/uboone/an1522/cam_methods/occlusion/A_low_tail/run3_signal/resnet34_gn/occlusion__ENTRY_1993_meta_8.txt
occlusion,resnet34_gn,/home/hep/an1522/dark_tridents_wspace/outputs/weights/resnet34_gn/resnet34_gn_model_20260123-12_20_AM_epoch_4_batch_id_1961_labels_2_step_9821.pwf,/data/run3_dt_ratio_0.6_ma_0.4_eta_larcv_cropped.root,0.4,3246,2216,0,,16,A_low_tail,0.005642419680953026,0.9942665696144104,0.0,0.008453369140625,0.01,0.7996947729874094,0.7996947729874094,True,0.7646844217438891,0.9458483754512635,0.7996947729874094,39,0.009927797833935019,0.009927797833935019,1.0,0.7646844217438891,0.0014390945434570312,0.00434634555131197,0.733754512635379,0.01515655517578125,0.07879731198772787,0.0,0.0,/vols/sbn/uboone/an1522/cam_methods/occlusion/A_low_tail/run3_signal/resnet34_gn/occlusion__ENTRY_3246_meta_16.txt
occlusion,resnet34_gn,/home/hep/an1522/dark_tridents_wspace/outputs/weights/resnet34_gn/resnet34_gn_model_20260123-12_20_AM_epoch_4_batch_id_1961_labels_2_step_9821.pwf,/data/run3_dt_ratio_0.6_ma_0.4_eta_larcv_cropped.root,0.4,3246,2216,0,,2,A_low_tail,0.005642419680953026,0.9942665696144104,0.0,0.008453369140625,0.01,0.8389927508584509,0.8389927508584509,True,0.8335860500379075,0.9923285198555957,0.8389927508584509,50,0.009927797833935019,0.009927797833935019,1.0,0.8335860500379075,0.0004696173593401901,0.0009299986995756626,0.6850180505415162,0.014968392066657541,0.1798891651444137,0.0,0.0,/vols/sbn/uboone/an1522/cam_methods/occlusion/A_low_tail/run3_signal/resnet34_gn/occlusion__ENTRY_3246_meta_2.txt
occlusion,resnet34_gn,/home/hep/an1522/dark_tridents_wspace/outputs/weights/resnet34_gn/resnet34_gn_model_20260123-12_20_AM_epoch_4_batch_id_1961_labels_2_step_9821.pwf,/data/run3_dt_ratio_0.6_ma_0.4_eta_larcv_cropped.root,0.4,3246,2216,0,,4,A_low_tail,0.0056431470438838005,0.9942658543586731,0.0,0.008453369140625,0.01,0.8367035482640214,0.8367035482640214,True,0.8294251134644478,0.9896209386281588,0.8367035482640214,43,0.009927797833935019,0.009927797833935019,1.0,0.8294251134644478,0.0005150936311110848,0.0005789534188807011,0.6525270758122743,0.014957830635830765,0.10598157136701047,0.0,0.0,/vols/sbn/uboone/an1522/cam_methods/occlusion/A_low_tail/run3_signal/resnet34_gn/occlusion__ENTRY_3246_meta_4.txt
occlusion,resnet34_gn,/home/hep/an1522/dark_tridents_wspace/outputs/weights/resnet34_gn/resnet34_gn_model_20260123-12_20_AM_epoch_4_batch_id_1961_labels_2_step_9821.pwf,/data/run3_dt_ratio_0.6_ma_0.4_eta_larcv_cropped.root,0.4,3246,2216,0,,8,A_low_tail,0.0056431470438838005,0.9942658543586731,0.0,0.008453369140625,0.01,0.8237314002289202,0.823349866463182,True,0.8061986557132188,0.9742779783393501,0.8237314002289202,45,0.009927797833935019,0.009927797833935019,1.0,0.8055244494214259,0.0006242932984605431,0.001139896921813488,0.651173285198556,0.015131779713556174,0.07025138116441666,0.0,0.0,/vols/sbn/uboone/an1522/cam_methods/occlusion/A_low_tail/run3_signal/resnet34_gn/occlusion__ENTRY_3246_meta_8.txt
occlusion,resnet34_gn,/home/hep/an1522/dark_tridents_wspace/outputs/weights/resnet34_gn/resnet34_gn_model_20260123-12_20_AM_epoch_4_batch_id_1961_labels_2_step_9821.pwf,/data/run3_dt_ratio_0.6_ma_0.4_eta_larcv_cropped.root,0.4,468,1822,0,,16,A_low_tail,0.0025341263972222805,0.9974446296691895,0.0,0.00695037841796875,0.01,0.6730255627623045,0.6730255627623045,True,0.658454647256439,0.9681668496158068,0.6730255627623045,34,0.009879253567508232,0.009879253567508232,1.0,0.658454647256439,0.0018278139829635619,0.013021048158407211,0.8463227222832053,0.012009800761006773,0.051656685280613596,0.0,0.0,/vols/sbn/uboone/an1522/cam_methods/occlusion/A_low_tail/run3_signal/resnet34_gn/occlusion__ENTRY_468_meta_16.txt
occlusion,resnet34_gn,/home/hep/an1522/dark_tridents_wspace/outputs/weights/resnet34_gn/resnet34_gn_model_20260123-12_20_AM_epoch_4_batch_id_1961_labels_2_step_9821.pwf,/data/run3_dt_ratio_0.6_ma_0.4_eta_larcv_cropped.root,0.4,468,1822,0,,2,A_low_tail,0.0025336502585560083,0.9974451065063477,0.0,0.00695037841796875,0.01,0.6928653185806944,0.6928653185806944,True,0.6912828321279025,0.9967069154774972,0.6928653185806944,36,0.009879253567508232,0.009879253567508232,1.0,0.6912828321279025,0.0003708095755428076,0.0005654012784361839,0.747530186608123,0.012024599907454104,0.12673804649384693,0.0,0.0,/vols/sbn/uboone/an1522/cam_methods/occlusion/A_low_tail/run3_signal/resnet34_gn/occlusion__ENTRY_468_meta_2.txt
occlusion,resnet34_gn,/home/hep/an1522/dark_tridents_wspace/outputs/weights/resnet34_gn/resnet34_gn_model_20260123-12_20_AM_epoch_4_batch_id_1961_labels_2_step_9821.pwf,/data/run3_dt_ratio_0.6_ma_0.4_eta_larcv_cropped.root,0.4,468,1822,0,,4,A_low_tail,0.0025336502585560083,0.9974451065063477,0.0,0.00695037841796875,0.01,0.6905761159862648,0.6905761159862648,True,0.6874287884542347,0.9934138309549945,0.6905761159862648,38,0.009879253567508232,0.009879253567508232,1.0,0.6874287884542347,0.0004183777724392711,0.0005654012784361839,0.814489571899012,0.012023913383018225,0.12672078890027477,0.0,0.0,/vols/sbn/uboone/an1522/cam_methods/occlusion/A_low_tail/run3_signal/resnet34_gn/occlusion__ENTRY_468_meta_4.txt
occlusion,resnet34_gn,/home/hep/an1522/dark_tridents_wspace/outputs/weights/resnet34_gn/resnet34_gn_model_20260123-12_20_AM_epoch_4_batch_id_1961_labels_2_step_9821.pwf,/data/run3_dt_ratio_0.6_ma_0.4_eta_larcv_cropped.root,0.4,468,1822,0,,8,A_low_tail,0.0025336502585560083,0.9974451065063477,0.0,0.00695037841796875,0.01,0.6848531095001907,0.6848531095001907,True,0.677870090634441,0.9851811196487377,0.6848531095001907,35,0.009879253567508232,0.009879253567508232,1.0,0.677870090634441,0.0009925122978165638,0.004448936320841312,0.8562019758507134,0.012019510695245117,0.12674061079742385,0.0,0.0,/vols/sbn/uboone/an1522/cam_methods/occlusion/A_low_tail/run3_signal/resnet34_gn/occlusion__ENTRY_468_meta_8.txt
occlusion,resnet34_gn,/home/hep/an1522/dark_tridents_wspace/outputs/weights/resnet34_gn/resnet34_gn_model_20260123-12_20_AM_epoch_4_batch_id_1961_labels_2_step_9821.pwf,/data/run3_dt_ratio_0.6_ma_0.05_eta_larcv_cropped.root,0.05,890,2660,0,,16,A_low_tail,0.006296698469668627,0.9936363697052002,0.0,0.0101470947265625,0.01,0.9889355207935903,0.9889355207935903,True,0.9639271104499814,0.9744360902255639,0.9889355207935903,66,0.010150375939849625,0.010150375939849625,1.0,0.9639271104499814,0.00220617190003395,0.0039727515541017056,0.4620300751879699,0.015713018528185786,0.05276471793185919,0.0,0.0,/vols/sbn/uboone/an1522/cam_methods/occlusion/A_low_tail/run3_signal/resnet34_gn/occlusion__ENTRY_890_meta_16.txt
occlusion,resnet34_gn,/home/hep/an1522/dark_tridents_wspace/outputs/weights/resnet34_gn/resnet34_gn_model_20260123-12_20_AM_epoch_4_batch_id_1961_labels_2_step_9821.pwf,/data/run3_dt_ratio_0.6_ma_0.05_eta_larcv_cropped.root,0.05,890,2660,0,,2,A_low_tail,0.006296698469668627,0.9936363697052002,0.0,0.0101470947265625,0.01,1.0,1.0,True,0.9853383458646616,0.9853383458646616,1.0,57,0.010150375939849625,0.010150375939849625,1.0,0.9853383458646616,0.0014201190369203685,0.0039727515541017056,0.5131578947368421,0.01560607731807977,0.054488051333464675,0.0,0.0,/vols/sbn/uboone/an1522/cam_methods/occlusion/A_low_tail/run3_signal/resnet34_gn/occlusion__ENTRY_890_meta_2.txt
occlusion,resnet34_gn,/home/hep/an1522/dark_tridents_wspace/outputs/weights/resnet34_gn/resnet34_gn_model_20260123-12_20_AM_epoch_4_batch_id_1961_labels_2_step_9821.pwf,/data/run3_dt_ratio_0.6_ma_0.05_eta_larcv_cropped.root,0.05,890,2660,0,,4,A_low_tail,0.0062988558784127235,0.9936342239379883,0.0,0.0101470947265625,0.01,1.0,1.0,True,0.9853383458646616,0.9853383458646616,1.0,58,0.010150375939849625,0.010150375939849625,1.0,0.9853383458646616,0.0016518553532659937,0.003971428610384464,0.5349624060150376,0.01562588708475232,0.053490843810141075,0.0,0.0,/vols/sbn/uboone/an1522/cam_methods/occlusion/A_low_tail/run3_signal/resnet34_gn/occlusion__ENTRY_890_meta_4.txt
occlusion,resnet34_gn,/home/hep/an1522/dark_tridents_wspace/outputs/weights/resnet34_gn/resnet34_gn_model_20260123-12_20_AM_epoch_4_batch_id_1961_labels_2_step_9821.pwf,/data/run3_dt_ratio_0.6_ma_0.05_eta_larcv_cropped.root,0.05,890,2660,0,,8,A_low_tail,0.0062988558784127235,0.9936342239379883,0.0,0.0101470947265625,0.01,0.9992369324685234,0.9992369324685234,True,0.9838467317806161,0.9845864661654136,0.9992369324685234,58,0.010150375939849625,0.010150375939849625,1.0,0.9838467317806161,0.0017342877574264993,0.003971428610384464,0.524812030075188,0.015590191073715686,0.052984348451718684,0.0,0.0,/vols/sbn/uboone/an1522/cam_methods/occlusion/A_low_tail/run3_signal/resnet34_gn/occlusion__ENTRY_890_meta_8.txt
occlusion,mpid,/home/hep/an1522/dark_tridents_wspace/outputs/weights/DM-CNN_model_20260116-10_22_PM_epoch_4_batch_id_1961_labels_2_title_0.001_AG_GN_LM_TRAINING_step_9821.pwf,/data/run1_dt_ratio_0.6_ma_0.2_eta_larcv_cropped.root,0.2,3420,606,0,,16,A_low_tail+C_weird_lowpix,0.00013449040125124156,0.9998618364334106,0.0,0.00231170654296875,0.01,0.23120946203739032,0.23120946203739032,True,0.23120946203739032,1.0,0.23120946203739032,21,0.009900990099009901,0.009900990099009901,1.0,0.23120946203739032,0.0004297068517189473,0.0004672041686717421,0.11056105610561057,0.0025679688624222763,0.0463705811635009,0.0,0.0,/vols/sbn/uboone/an1522/cam_methods/occlusion/A_low_tail+C_weird_lowpix/run1_signal/mpid/occlusion__ENTRY_3420_meta_16.txt
occlusion,mpid,/home/hep/an1522/dark_tridents_wspace/outputs/weights/DM-CNN_model_20260116-10_22_PM_epoch_4_batch_id_1961_labels_2_title_0.001_AG_GN_LM_TRAINING_step_9821.pwf,/data/run1_dt_ratio_0.6_ma_0.2_eta_larcv_cropped.root,0.2,3420,606,0,,2,A_low_tail+C_weird_lowpix,0.00013447193487081677,0.9998618364334106,0.0,0.00231170654296875,0.01,0.23120946203739032,0.23006486074017551,True,0.23120946203739032,1.0,0.23120946203739032,21,0.009900990099009901,0.009900990099009901,1.0,0.22980182926829268,0.0001027323305606842,0.00010947440750896931,0.367986798679868,0.0025688165180326903,0.04638701901494642,0.0,0.0,/vols/sbn/uboone/an1522/cam_methods/occlusion/A_low_tail+C_weird_lowpix/run1_signal/mpid/occlusion__ENTRY_3420_meta_2.txt
occlusion,mpid,/home/hep/an1522/dark_tridents_wspace/outputs/weights/DM-CNN_model_20260116-10_22_PM_epoch_4_batch_id_1961_labels_2_title_0.001_AG_GN_LM_TRAINING_step_9821.pwf,/data/run1_dt_ratio_0.6_ma_0.2_eta_larcv_cropped.root,0.2,3420,606,0,,4,A_low_tail+C_weird_lowpix,0.00013449040125124156,0.9998618364334106,0.0,0.00231170654296875,0.01,0.23120946203739032,0.23120946203739032,True,0.23120946203739032,1.0,0.23120946203739032,21,0.009900990099009901,0.009900990099009901,1.0,0.23120946203739032,0.00013827206566929817,0.0002010572061408311,0.31518151815181517,0.0025679688624222763,0.0463705811635009,0.0,0.0,/vols/sbn/uboone/an1522/cam_methods/occlusion/A_low_tail+C_weird_lowpix/run1_signal/mpid/occlusion__ENTRY_3420_meta_4.txt
occlusion,mpid,/home/hep/an1522/dark_tridents_wspace/outputs/weights/DM-CNN_model_20260116-10_22_PM_epoch_4_batch_id_1961_labels_2_title_0.001_AG_GN_LM_TRAINING_step_9821.pwf,/data/run1_dt_ratio_0.6_ma_0.2_eta_larcv_cropped.root,0.2,3420,606,0,,8,A_low_tail+C_weird_lowpix,0.00013447193487081677,0.9998618364334106,0.0,0.00231170654296875,0.01,0.23120946203739032,0.23006486074017551,True,0.23120946203739032,1.0,0.23120946203739032,21,0.009900990099009901,0.009900990099009901,1.0,0.22980182926829268,0.00026690713057178405,0.00043789163464680314,0.29042904290429045,0.0025688165180326903,0.04638701901494642,0.0,0.0,/vols/sbn/uboone/an1522/cam_methods/occlusion/A_low_tail+C_weird_lowpix/run1_signal/mpid/occlusion__ENTRY_3420_meta_8.txt
occlusion,resnet34_gn,/home/hep/an1522/dark_tridents_wspace/outputs/weights/resnet34_gn/resnet34_gn_model_20260123-12_20_AM_epoch_4_batch_id_1961_labels_2_step_9821.pwf,/data/run1_dt_ratio_0.6_ma_0.2_eta_larcv_cropped.root,0.2,3420,606,0,,16,A_low_tail+C_weird_lowpix,0.0028484733775258064,0.9971033930778503,0.0,0.00231170654296875,0.01,0.23120946203739032,0.23120946203739032,True,0.23120946203739032,1.0,0.23120946203739032,21,0.009900990099009901,0.009900990099009901,1.0,0.23120946203739032,0.001005583326332271,0.0010713562369346619,0.8894389438943895,0.012324896780773998,0.18290051803924146,0.0,0.0,/vols/sbn/uboone/an1522/cam_methods/occlusion/A_low_tail+C_weird_lowpix/run1_signal/resnet34_gn/occlusion__ENTRY_3420_meta_16.txt
occlusion,resnet34_gn,/home/hep/an1522/dark_tridents_wspace/outputs/weights/resnet34_gn/resnet34_gn_model_20260123-12_20_AM_epoch_4_batch_id_1961_labels_2_step_9821.pwf,/data/run1_dt_ratio_0.6_ma_0.2_eta_larcv_cropped.root,0.2,3420,606,0,,2,A_low_tail+C_weird_lowpix,0.0028484733775258064,0.9971033930778503,0.0,0.00231170654296875,0.01,0.23120946203739032,0.23120946203739032,True,0.23120946203739032,1.0,0.23120946203739032,21,0.009900990099009901,0.009900990099009901,1.0,0.23120946203739032,0.0003951753955334426,0.0005634026601910591,0.8811881188118812,0.012324896780773998,0.18290051803924146,0.0,0.0,/vols/sbn/uboone/an1522/cam_methods/occlusion/A_low_tail+C_weird_lowpix/run1_signal/resnet34_gn/occlusion__ENTRY_3420_meta_2.txt
occlusion,resnet34_gn,/home/hep/an1522/dark_tridents_wspace/outputs/weights/resnet34_gn/resnet34_gn_model_20260123-12_20_AM_epoch_4_batch_id_1961_labels_2_step_9821.pwf,/data/run1_dt_ratio_0.6_ma_0.2_eta_larcv_cropped.root,0.2,3420,606,0,,4,A_low_tail+C_weird_lowpix,0.0028482757043093443,0.9971036314964294,0.0,0.00231170654296875,0.01,0.23120946203739032,0.23120946203739032,True,0.23120946203739032,1.0,0.23120946203739032,21,0.009900990099009901,0.009900990099009901,1.0,0.23120946203739032,0.0005184016190469265,0.0005568691994994879,0.8729372937293729,0.012324771576095375,0.18290169726824387,0.0,0.0,/vols/sbn/uboone/an1522/cam_methods/occlusion/A_low_tail+C_weird_lowpix/run1_signal/resnet34_gn/occlusion__ENTRY_3420_meta_4.txt
occlusion,resnet34_gn,/home/hep/an1522/dark_tridents_wspace/outputs/weights/resnet34_gn/resnet34_gn_model_20260123-12_20_AM_epoch_4_batch_id_1961_labels_2_step_9821.pwf,/data/run1_dt_ratio_0.6_ma_0.2_eta_larcv_cropped.root,0.2,3420,606,0,,8,A_low_tail+C_weird_lowpix,0.0028484733775258064,0.9971033930778503,0.0,0.00231170654296875,0.01,0.23120946203739032,0.23120946203739032,True,0.23120946203739032,1.0,0.23120946203739032,21,0.009900990099009901,0.009900990099009901,1.0,0.23120946203739032,0.0007976841647177959,0.0008920058608055115,0.900990099009901,0.012324896780773998,0.18290051803924146,0.0,0.0,/vols/sbn/uboone/an1522/cam_methods/occlusion/A_low_tail+C_weird_lowpix/run1_signal/resnet34_gn/occlusion__ENTRY_3420_meta_8.txt
occlusion,mpid,/home/hep/an1522/dark_tridents_wspace/outputs/weights/DM-CNN_model_20260116-10_22_PM_epoch_4_batch_id_1961_labels_2_title_0.001_AG_GN_LM_TRAINING_step_9821.pwf,/data/run3_dt_ratio_0.6_ma_0.03_pi0_larcv_cropped.root,0.03,6178,1356,0,,16,A_low_tail+C_weird_lowpix,0.0002550969074945897,0.9997349381446838,0.0,0.0051727294921875,0.01,0.5173597863410911,0.5173597863410911,True,0.5173597863410911,1.0,0.5173597863410911,16,0.01032448377581121,0.01032448377581121,1.0,0.5173597863410911,0.004316249862313271,0.0051920125260949135,0.2750737463126844,0.0026834102420252746,0.04639305026357761,0.0,0.0,/vols/sbn/uboone/an1522/cam_methods/occlusion/A_low_tail+C_weird_lowpix/run3_signal/mpid/occlusion__ENTRY_6178_meta_16.txt
occlusion,mpid,/home/hep/an1522/dark_tridents_wspace/outputs/weights/DM-CNN_model_20260116-10_22_PM_epoch_4_batch_id_1961_labels_2_title_0.001_AG_GN_LM_TRAINING_step_9821.pwf,/data/run3_dt_ratio_0.6_ma_0.03_pi0_larcv_cropped.root,0.03,6178,1356,0,,2,A_low_tail+C_weird_lowpix,0.00025498768081888556,0.9997350573539734,0.0,0.0051727294921875,0.01,0.5173597863410911,0.5165967188096147,True,0.5173597863410911,1.0,0.5173597863410911,16,0.01032448377581121,0.01032448377581121,1.0,0.5162028211971026,0.0008900094428099693,0.004803200252354145,0.2883480825958702,0.002682441278011538,0.046376606027479284,0.0,0.0,/vols/sbn/uboone/an1522/cam_methods/occlusion/A_low_tail+C_weird_lowpix/run3_signal/mpid/occlusion__ENTRY_6178_meta_2.txt
occlusion,mpid,/home/hep/an1522/dark_tridents_wspace/outputs/weights/DM-CNN_model_20260116-10_22_PM_epoch_4_batch_id_1961_labels_2_title_0.001_AG_GN_LM_TRAINING_step_9821.pwf,/data/run3_dt_ratio_0.6_ma_0.03_pi0_larcv_cropped.root,0.03,6178,1356,0,,4,A_low_tail+C_weird_lowpix,0.00025498768081888556,0.9997350573539734,0.0,0.0051727294921875,0.01,0.5173597863410911,0.5173597863410911,True,0.5173597863410911,1.0,0.5173597863410911,16,0.01032448377581121,0.01032448377581121,1.0,0.5173597863410911,0.0018389483913779263,0.003127401228994131,0.2743362831858407,0.002682441278011538,0.046376606027479284,0.0,0.0,/vols/sbn/uboone/an1522/cam_methods/occlusion/A_low_tail+C_weird_lowpix/run3_signal/mpid/occlusion__ENTRY_6178_meta_4.txt
occlusion,mpid,/home/hep/an1522/dark_tridents_wspace/outputs/weights/DM-CNN_model_20260116-10_22_PM_epoch_4_batch_id_1961_labels_2_title_0.001_AG_GN_LM_TRAINING_step_9821.pwf,/data/run3_dt_ratio_0.6_ma_0.03_pi0_larcv_cropped.root,0.03,6178,1356,0,,8,A_low_tail+C_weird_lowpix,0.00025498768081888556,0.9997350573539734,0.0,0.0051727294921875,0.01,0.5173597863410911,0.5158336512781381,True,0.5173597863410911,1.0,0.5173597863410911,16,0.01032448377581121,0.01032448377581121,1.0,0.5150476190476191,0.0021594393183477236,0.0046277944929897785,0.3215339233038348,0.002682441278011538,0.046376606027479284,0.0,0.0,/vols/sbn/uboone/an1522/cam_methods/occlusion/A_low_tail+C_weird_lowpix/run3_signal/mpid/occlusion__ENTRY_6178_meta_8.txt
occlusion,resnet34_gn,/home/hep/an1522/dark_tridents_wspace/outputs/weights/resnet34_gn/resnet34_gn_model_20260123-12_20_AM_epoch_4_batch_id_1961_labels_2_step_9821.pwf,/data/run3_dt_ratio_0.6_ma_0.03_pi0_larcv_cropped.root,0.03,6178,1356,0,,16,A_low_tail+C_weird_lowpix,0.0059163752011954784,0.9940130114555359,0.0,0.0051727294921875,0.01,0.5173597863410911,0.5173597863410911,True,0.5173597863410911,1.0,0.5173597863410911,16,0.01032448377581121,0.01032448377581121,1.0,0.5173597863410911,0.011303653940558434,0.03266740217804909,0.8266961651917404,0.0152394660981372,0.18305510224308819,0.0,0.0,/vols/sbn/uboone/an1522/cam_methods/occlusion/A_low_tail+C_weird_lowpix/run3_signal/resnet34_gn/occlusion__ENTRY_6178_meta_16.txt
occlusion,resnet34_gn,/home/hep/an1522/dark_tridents_wspace/outputs/weights/resnet34_gn/resnet34_gn_model_20260123-12_20_AM_epoch_4_batch_id_1961_labels_2_step_9821.pwf,/data/run3_dt_ratio_0.6_ma_0.03_pi0_larcv_cropped.root,0.03,6178,1356,0,,2,A_low_tail+C_weird_lowpix,0.0059163752011954784,0.9940130114555359,0.0,0.0051727294921875,0.01,0.5173597863410911,0.5173597863410911,True,0.5173597863410911,1.0,0.5173597863410911,16,0.01032448377581121,0.01032448377581121,1.0,0.5173597863410911,0.003492344776168498,0.011970369145274162,0.6932153392330384,0.0152394660981372,0.18305510224308819,0.0,0.0,/vols/sbn/uboone/an1522/cam_methods/occlusion/A_low_tail+C_weird_lowpix/run3_signal/resnet34_gn/occlusion__ENTRY_6178_meta_2.txt
occlusion,resnet34_gn,/home/hep/an1522/dark_tridents_wspace/outputs/weights/resnet34_gn/resnet34_gn_model_20260123-12_20_AM_epoch_4_batch_id_1961_labels_2_step_9821.pwf,/data/run3_dt_ratio_0.6_ma_0.03_pi0_larcv_cropped.root,0.03,6178,1356,0,,4,A_low_tail+C_weird_lowpix,0.005915677174925804,0.9940137267112732,0.0,0.0051727294921875,0.01,0.5173597863410911,0.5173597863410911,True,0.5173597863410911,1.0,0.5173597863410911,16,0.01032448377581121,0.01032448377581121,1.0,0.5173597863410911,0.004706190200522547,0.008868647739291191,0.7109144542772862,0.015238740388303995,0.18305387822911146,0.0,0.0,/vols/sbn/uboone/an1522/cam_methods/occlusion/A_low_tail+C_weird_lowpix/run3_signal/resnet34_gn/occlusion__ENTRY_6178_meta_4.txt
occlusion,resnet34_gn,/home/hep/an1522/dark_tridents_wspace/outputs/weights/resnet34_gn/resnet34_gn_model_20260123-12_20_AM_epoch_4_batch_id_1961_labels_2_step_9821.pwf,/data/run3_dt_ratio_0.6_ma_0.03_pi0_larcv_cropped.root,0.03,6178,1356,0,,8,A_low_tail+C_weird_lowpix,0.005915677174925804,0.9940137267112732,0.0,0.0051727294921875,0.01,0.5173597863410911,0.5162151850438764,True,0.5173597863410911,1.0,0.5173597863410911,16,0.01032448377581121,0.01032448377581121,1.0,0.515625,0.010513453371822962,0.01977428048849106,0.7728613569321534,0.015238740388303995,0.18305387822911146,0.0,0.0,/vols/sbn/uboone/an1522/cam_methods/occlusion/A_low_tail+C_weird_lowpix/run3_signal/resnet34_gn/occlusion__ENTRY_6178_meta_8.txt
occlusion,mpid,/home/hep/an1522/dark_tridents_wspace/outputs/weights/DM-CNN_model_20260116-10_22_PM_epoch_4_batch_id_1961_labels_2_title_0.001_AG_GN_LM_TRAINING_step_9821.pwf,/data/run1_dt_ratio_0.6_ma_0.3_eta_larcv_cropped.root,0.3,11761,4088,0,,16,A_low_tail+D_busy,0.00018756906501948833,0.9998074173927307,0.0,0.015594482421875,0.01,1.0,1.0,True,0.6411448140900196,0.6411448140900196,1.0,157,0.010029354207436399,0.010029354207436399,1.0,0.6411448140900196,0.0009210832905955613,0.0032098230440169573,0.3886986301369863,0.002608256373787299,0.013329836365301162,0.0,0.0,/vols/sbn/uboone/an1522/cam_methods/occlusion/A_low_tail+D_busy/run1_signal/mpid/occlusion__ENTRY_11761_meta_16.txt
occlusion,mpid,/home/hep/an1522/dark_tridents_wspace/outputs/weights/DM-CNN_model_20260116-10_22_PM_epoch_4_batch_id_1961_labels_2_title_0.001_AG_GN_LM_TRAINING_step_9821.pwf,/data/run1_dt_ratio_0.6_ma_0.3_eta_larcv_cropped.root,0.3,11761,4088,0,,2,A_low_tail+D_busy,0.00018765905406326056,0.9998072981834412,0.0,0.015594482421875,0.01,1.0,1.0,True,0.6411448140900196,0.6411448140900196,1.0,204,0.010029354207436399,0.010029354207436399,1.0,0.6411448140900196,0.00010983802756527453,0.0004539514775387943,0.5618884540117417,0.002620387375645805,0.007968990175868383,0.0,0.0,/vols/sbn/uboone/an1522/cam_methods/occlusion/A_low_tail+D_busy/run1_signal/mpid/occlusion__ENTRY_11761_meta_2.txt
occlusion,mpid,/home/hep/an1522/dark_tridents_wspace/outputs/weights/DM-CNN_model_20260116-10_22_PM_epoch_4_batch_id_1961_labels_2_title_0.001_AG_GN_LM_TRAINING_step_9821.pwf,/data/run1_dt_ratio_0.6_ma_0.3_eta_larcv_cropped.root,0.3,11761,4088,0,,4,A_low_tail+D_busy,0.00018765905406326056,0.9998072981834412,0.0,0.015594482421875,0.01,1.0,1.0,True,0.6411448140900196,0.6411448140900196,1.0,181,0.010029354207436399,0.010029354207436399,1.0,0.6411448140900196,0.00010346886119805276,0.0004845474031753838,0.5716731898238747,0.0026096774308825843,0.00833893225644715,0.0,0.0,/vols/sbn/uboone/an1522/cam_methods/occlusion/A_low_tail+D_busy/run1_signal/mpid/occlusion__ENTRY_11761_meta_4.txt
occlusion,mpid,/home/hep/an1522/dark_tridents_wspace/outputs/weights/DM-CNN_model_20260116-10_22_PM_epoch_4_batch_id_1961_labels_2_title_0.001_AG_GN_LM_TRAINING_step_9821.pwf,/data/run1_dt_ratio_0.6_ma_0.3_eta_larcv_cropped.root,0.3,11761,4088,0,,8,A_low_tail+D_busy,0.00018765905406326056,0.9998072981834412,0.0,0.015594482421875,0.01,1.0,1.0,True,0.6411448140900196,0.6411448140900196,1.0,152,0.010029354207436399,0.010029354207436399,1.0,0.6411448140900196,0.00024084547912934875,0.001624664175324142,0.535958904109589,0.0025995959382271393,0.008528883854160084,0.0,0.0,/vols/sbn/uboone/an1522/cam_methods/occlusion/A_low_tail+D_busy/run1_signal/mpid/occlusion__ENTRY_11761_meta_8.txt
occlusion,mpid,/home/hep/an1522/dark_tridents_wspace/outputs/weights/DM-CNN_model_20260116-10_22_PM_epoch_4_batch_id_1961_labels_2_title_0.001_AG_GN_LM_TRAINING_step_9821.pwf,/data/run1_dt_ratio_0.6_ma_0.06_eta_larcv_cropped.root,0.06,1987,4347,0,,16,A_low_tail+D_busy,0.0002874135971069336,0.9996979236602783,0.0,0.016582489013671875,0.01,1.0,1.0,True,0.6029445594662985,0.6029445594662985,1.0,117,0.00989187945709685,0.00989187945709685,1.0,0.6029445594662985,0.0010324586206115777,0.18341213464736938,0.463768115942029,0.0027273307205177844,0.18978013973683122,0.0,0.0,/vols/sbn/uboone/an1522/cam_methods/occlusion/A_low_tail+D_busy/run1_signal/mpid/occlusion__ENTRY_1987_meta_16.txt
occlusion,mpid,/home/hep/an1522/dark_tridents_wspace/outputs/weights/DM-CNN_model_20260116-10_22_PM_epoch_4_batch_id_1961_labels_2_title_0.001_AG_GN_LM_TRAINING_step_9821.pwf,/data/run1_dt_ratio_0.6_ma_0.06_eta_larcv_cropped.root,0.06,1987,4347,0,,2,A_low_tail+D_busy,0.0002874569036066532,0.9996979236602783,0.0,0.016582489013671875,0.01,1.0,1.0,True,0.6029445594662985,0.6029445594662985,1.0,165,0.00989187945709685,0.00989187945709685,1.0,0.6029445594662985,0.0002005002088844776,0.00043458188883960247,0.4304117782378652,0.0027152217226102953,0.05454754077363759,0.0,0.0,/vols/sbn/uboone/an1522/cam_methods/occlusion/A_low_tail+D_busy/run1_signal/mpid/occlusion__ENTRY_1987_meta_2.txt
occlusion,mpid,/home/hep/an1522/dark_tridents_wspace/outputs/weights/DM-CNN_model_20260116-10_22_PM_epoch_4_batch_id_1961_labels_2_title_0.001_AG_GN_LM_TRAINING_step_9821.pwf,/data/run1_dt_ratio_0.6_ma_0.06_eta_larcv_cropped.root,0.06,1987,4347,0,,4,A_low_tail+D_busy,0.0002874135971069336,0.9996979236602783,0.0,0.016582489013671875,0.01,1.0,1.0,True,0.6029445594662985,0.6029445594662985,1.0,157,0.00989187945709685,0.00989187945709685,1.0,0.6029445594662985,0.0002651698398403823,0.0017446058336645365,0.4359328272371751,0.002719115180661902,0.0207788678817451,0.0,0.0,/vols/sbn/uboone/an1522/cam_methods/occlusion/A_low_tail+D_busy/run1_signal/mpid/occlusion__ENTRY_1987_meta_4.txt
occlusion,mpid,/home/hep/an1522/dark_tridents_wspace/outputs/weights/DM-CNN_model_20260116-10_22_PM_epoch_4_batch_id_1961_labels_2_title_0.001_AG_GN_LM_TRAINING_step_9821.pwf,/data/run1_dt_ratio_0.6_ma_0.06_eta_larcv_cropped.root,0.06,1987,4347,0,,8,A_low_tail+D_busy,0.0002874569036066532,0.9996979236602783,0.0,0.016582489013671875,0.01,1.0,1.0,True,0.6029445594662985,0.6029445594662985,1.0,136,0.00989187945709685,0.00989187945709685,1.0,0.6029445594662985,0.0003056862042285502,0.005422230809926987,0.43386243386243384,0.002716103254351765,0.03993781425524503,0.0,0.0,/vols/sbn/uboone/an1522/cam_methods/occlusion/A_low_tail+D_busy/run1_signal/mpid/occlusion__ENTRY_1987_meta_8.txt
occlusion,mpid,/home/hep/an1522/dark_tridents_wspace/outputs/weights/DM-CNN_model_20260116-10_22_PM_epoch_4_batch_id_1961_labels_2_title_0.001_AG_GN_LM_TRAINING_step_9821.pwf,/data/run1_dt_ratio_0.6_ma_0.2_eta_larcv_cropped.root,0.2,4380,3173,0,,16,A_low_tail+D_busy,0.0002659116580616683,0.9997201561927795,0.0,0.012104034423828125,0.01,1.0,1.0,True,0.8260321462338481,0.8260321462338481,1.0,73,0.010085092971950834,0.010085092971950834,1.0,0.8260321462338481,0.0016610916517674698,0.004008820746093988,0.28175228490387644,0.0026901994177023878,0.03292394765740028,0.0,0.0,/vols/sbn/uboone/an1522/cam_methods/occlusion/A_low_tail+D_busy/run1_signal/mpid/occlusion__ENTRY_4380_meta_16.txt
occlusion,mpid,/home/hep/an1522/dark_tridents_wspace/outputs/weights/DM-CNN_model_20260116-10_22_PM_epoch_4_batch_id_1961_labels_2_title_0.001_AG_GN_LM_TRAINING_step_9821.pwf,/data/run1_dt_ratio_0.6_ma_0.2_eta_larcv_cropped.root,0.2,4380,3173,0,,2,A_low_tail+D_busy,0.0002660374448169023,0.99972003698349,0.0,0.012104034423828125,0.01,1.0,1.0,True,0.8260321462338481,0.8260321462338481,1.0,93,0.010085092971950834,0.010085092971950834,1.0,0.8260321462338481,0.00034384840051643355,0.0031592620071023703,0.3602269145918689,0.0026928033868898645,0.014916111146158073,0.0,0.0,/vols/sbn/uboone/an1522/cam_methods/occlusion/A_low_tail+D_busy/run1_signal/mpid/occlusion__ENTRY_4380_meta_2.txt
occlusion,mpid,/home/hep/an1522/dark_tridents_wspace/outputs/weights/DM-CNN_model_20260116-10_22_PM_epoch_4_batch_id_1961_labels_2_title_0.001_AG_GN_LM_TRAINING_step_9821.pwf,/data/run1_dt_ratio_0.6_ma_0.2_eta_larcv_cropped.root,0.2,4380,3173,0,,4,A_low_tail+D_busy,0.0002660374448169023,0.99972003698349,0.0,0.012104034423828125,0.01,1.0,1.0,True,0.8260321462338481,0.8260321462338481,1.0,87,0.010085092971950834,0.010085092971950834,1.0,0.8260321462338481,0.00047904104809276695,0.0020675095729529858,0.29845572013867006,0.002693525557697285,0.010976956436934415,0.0,0.0,/vols/sbn/uboone/an1522/cam_methods/occlusion/A_low_tail+D_busy/run1_signal/mpid/occlusion__ENTRY_4380_meta_4.txt
occlusion,mpid,/home/hep/an1522/dark_tridents_wspace/outputs/weights/DM-CNN_model_20260116-10_22_PM_epoch_4_batch_id_1961_labels_2_title_0.001_AG_GN_LM_TRAINING_step_9821.pwf,/data/run1_dt_ratio_0.6_ma_0.2_eta_larcv_cropped.root,0.2,4380,3173,0,,8,A_low_tail+D_busy,0.0002660374448169023,0.99972003698349,0.0,0.012104034423828125,0.01,1.0,1.0,True,0.8260321462338481,0.8260321462338481,1.0,78,0.010085092971950834,0.010085092971950834,1.0,0.8260321462338481,0.0010256686294451347,0.005607795435935259,0.2593759848723605,0.0026921851516817697,0.008060145915078464,0.0,0.0,/vols/sbn/uboone/an1522/cam_methods/occlusion/A_low_tail+D_busy/run1_signal/mpid/occlusion__ENTRY_4380_meta_8.txt
occlusion,mpid,/home/hep/an1522/dark_tridents_wspace/outputs/weights/DM-CNN_model_20260116-10_22_PM_epoch_4_batch_id_1961_labels_2_title_0.001_AG_GN_LM_TRAINING_step_9821.pwf,/data/run1_dt_ratio_0.6_ma_0.4_eta_larcv_cropped.root,0.4,7491,3507,0,,16,A_low_tail+D_busy,0.00025194903719238937,0.9997418522834778,0.0,0.013378143310546875,0.01,1.0,1.0,True,0.7473624180211007,0.7473624180211007,1.0,129,0.00998003992015968,0.00998003992015968,1.0,0.7473624180211007,0.003055103160440924,0.005332052707672119,0.5979469632164243,0.0026870303001487626,0.06295807064598194,0.0,0.0,/vols/sbn/uboone/an1522/cam_methods/occlusion/A_low_tail+D_busy/run1_signal/mpid/occlusion__ENTRY_7491_meta_16.txt
occlusion,mpid,/home/hep/an1522/dark_tridents_wspace/outputs/weights/DM-CNN_model_20260116-10_22_PM_epoch_4_batch_id_1961_labels_2_title_0.001_AG_GN_LM_TRAINING_step_9821.pwf,/data/run1_dt_ratio_0.6_ma_0.4_eta_larcv_cropped.root,0.4,7491,3507,0,,2,A_low_tail+D_busy,0.0002519853296689689,0.9997418522834778,0.0,0.013378143310546875,0.01,1.0,1.0,True,0.7473624180211007,0.7473624180211007,1.0,149,0.00998003992015968,0.00998003992015968,1.0,0.7473624180211007,0.00029770056717097796,0.0043203639797866344,0.547761619617907,0.002680454243090935,0.046392894684686325,0.0,0.0,/vols/sbn/uboone/an1522/cam_methods/occlusion/A_low_tail+D_busy/run1_signal/mpid/occlusion__ENTRY_7491_meta_2.txt
occlusion,mpid,/home/hep/an1522/dark_tridents_wspace/outputs/weights/DM-CNN_model_20260116-10_22_PM_epoch_4_batch_id_1961_labels_2_title_0.001_AG_GN_LM_TRAINING_step_9821.pwf,/data/run1_dt_ratio_0.6_ma_0.4_eta_larcv_cropped.root,0.4,7491,3507,0,,4,A_low_tail+D_busy,0.0002519853296689689,0.9997418522834778,0.0,0.013378143310546875,0.01,1.0,1.0,True,0.7473624180211007,0.7473624180211007,1.0,130,0.00998003992015968,0.00998003992015968,1.0,0.7473624180211007,0.0005168544931802903,0.0036734214518219233,0.5677216994582264,0.002681804497842677,0.031918212174787186,0.0,0.0,/vols/sbn/uboone/an1522/cam_methods/occlusion/A_low_tail+D_busy/run1_signal/mpid/occlusion__ENTRY_7491_meta_4.txt
occlusion,mpid,/home/hep/an1522/dark_tridents_wspace/outputs/weights/DM-CNN_model_20260116-10_22_PM_epoch_4_batch_id_1961_labels_2_title_0.001_AG_GN_LM_TRAINING_step_9821.pwf,/data/run1_dt_ratio_0.6_ma_0.4_eta_larcv_cropped.root,0.4,7491,3507,0,,8,A_low_tail+D_busy,0.0002519853296689689,0.9997418522834778,0.0,0.013378143310546875,0.01,1.0,1.0,True,0.7473624180211007,0.7473624180211007,1.0,132,0.00998003992015968,0.00998003992015968,1.0,0.7473624180211007,0.001258190190419557,0.003951570019125938,0.605930995152552,0.002668021499994211,0.03170532338263001,0.0,0.0,/vols/sbn/uboone/an1522/cam_methods/occlusion/A_low_tail+D_busy/run1_signal/mpid/occlusion__ENTRY_7491_meta_8.txt
occlusion,resnet34_gn,/home/hep/an1522/dark_tridents_wspace/outputs/weights/resnet34_gn/resnet34_gn_model_20260123-12_20_AM_epoch_4_batch_id_1961_labels_2_step_9821.pwf,/data/run1_dt_ratio_0.6_ma_0.3_eta_larcv_cropped.root,0.3,11761,4088,0,,16,A_low_tail+D_busy,0.00338612194173038,0.996606707572937,0.0,0.015594482421875,0.01,1.0,1.0,True,0.6411448140900196,0.6411448140900196,1.0,87,0.010029354207436399,0.010029354207436399,1.0,0.6411448140900196,0.005938918748870496,0.009575280360877514,0.45768101761252444,0.012619680876377971,0.0339605399291031,0.0,0.0,/vols/sbn/uboone/an1522/cam_methods/occlusion/A_low_tail+D_busy/run1_signal/resnet34_gn/occlusion__ENTRY_11761_meta_16.txt
occlusion,resnet34_gn,/home/hep/an1522/dark_tridents_wspace/outputs/weights/resnet34_gn/resnet34_gn_model_20260123-12_20_AM_epoch_4_batch_id_1961_labels_2_step_9821.pwf,/data/run1_dt_ratio_0.6_ma_0.3_eta_larcv_cropped.root,0.3,11761,4088,0,,2,A_low_tail+D_busy,0.0033865710720419884,0.9966063499450684,0.0,0.015594482421875,0.01,1.0,1.0,True,0.6411448140900196,0.6411448140900196,1.0,121,0.010029354207436399,0.010029354207436399,1.0,0.6411448140900196,0.0008881588373333219,0.0035999412648379803,0.5039138943248532,0.012862776895053685,0.03628322081640362,0.0,0.0,/vols/sbn/uboone/an1522/cam_methods/occlusion/A_low_tail+D_busy/run1_signal/resnet34_gn/occlusion__ENTRY_11761_meta_2.txt
occlusion,resnet34_gn,/home/hep/an1522/dark_tridents_wspace/outputs/weights/resnet34_gn/resnet34_gn_model_20260123-12_20_AM_epoch_4_batch_id_1961_labels_2_step_9821.pwf,/data/run1_dt_ratio_0.6_ma_0.3_eta_larcv_cropped.root,0.3,11761,4088,0,,4,A_low_tail+D_busy,0.0033865710720419884,0.9966063499450684,0.0,0.015594482421875,0.01,1.0,1.0,True,0.6411448140900196,0.6411448140900196,1.0,124,0.010029354207436399,0.010029354207436399,1.0,0.6411448140900196,0.0013137588510289805,0.004335140809416771,0.48679060665362034,0.012756106606684628,0.03605620171874761,0.0,0.0,/vols/sbn/uboone/an1522/cam_methods/occlusion/A_low_tail+D_busy/run1_signal/resnet34_gn/occlusion__ENTRY_11761_meta_4.txt
occlusion,resnet34_gn,/home/hep/an1522/dark_tridents_wspace/outputs/weights/resnet34_gn/resnet34_gn_model_20260123-12_20_AM_epoch_4_batch_id_1961_labels_2_step_9821.pwf,/data/run1_dt_ratio_0.6_ma_0.3_eta_larcv_cropped.root,0.3,11761,4088,0,,8,A_low_tail+D_busy,0.0033865710720419884,0.9966063499450684,0.0,0.015594482421875,0.01,1.0,1.0,True,0.6411448140900196,0.6411448140900196,1.0,119,0.010029354207436399,0.010029354207436399,1.0,0.6411448140900196,0.002536340691149235,0.005450055934488773,0.4711350293542074,0.012757339514791965,0.035472404863685365,0.0,0.0,/vols/sbn/uboone/an1522/cam_methods/occlusion/A_low_tail+D_busy/run1_signal/resnet34_gn/occlusion__ENTRY_11761_meta_8.txt
occlusion,resnet34_gn,/home/hep/an1522/dark_tridents_wspace/outputs/weights/resnet34_gn/resnet34_gn_model_20260123-12_20_AM_epoch_4_batch_id_1961_labels_2_step_9821.pwf,/data/run1_dt_ratio_0.6_ma_0.06_eta_larcv_cropped.root,0.06,1987,4347,0,,16,A_low_tail+D_busy,0.03344348445534706,0.9662301540374756,0.0,0.016582489013671875,0.01,1.0,1.0,True,0.6029445594662985,0.6029445594662985,1.0,57,0.00989187945709685,0.00989187945709685,1.0,0.6029445594662985,0.14930654346942898,0.3751332461833954,0.5698182654704393,0.037293398194015025,0.10398817937821148,0.0,0.0,/vols/sbn/uboone/an1522/cam_methods/occlusion/A_low_tail+D_busy/run1_signal/resnet34_gn/occlusion__ENTRY_1987_meta_16.txt
occlusion,resnet34_gn,/home/hep/an1522/dark_tridents_wspace/outputs/weights/resnet34_gn/resnet34_gn_model_20260123-12_20_AM_epoch_4_batch_id_1961_labels_2_step_9821.pwf,/data/run1_dt_ratio_0.6_ma_0.06_eta_larcv_cropped.root,0.06,1987,4347,0,,2,A_low_tail+D_busy,0.03344348445534706,0.9662301540374756,0.0,0.016582489013671875,0.01,1.0,1.0,True,0.6029445594662985,0.6029445594662985,1.0,93,0.00989187945709685,0.00989187945709685,1.0,0.6029445594662985,0.02659234419465061,0.2716522514820099,0.6645962732919255,0.04069585185497999,0.0757087081670761,0.0,0.0,/vols/sbn/uboone/an1522/cam_methods/occlusion/A_low_tail+D_busy/run1_signal/resnet34_gn/occlusion__ENTRY_1987_meta_2.txt
occlusion,resnet34_gn,/home/hep/an1522/dark_tridents_wspace/outputs/weights/resnet34_gn/resnet34_gn_model_20260123-12_20_AM_epoch_4_batch_id_1961_labels_2_step_9821.pwf,/data/run1_dt_ratio_0.6_ma_0.06_eta_larcv_cropped.root,0.06,1987,4347,0,,4,A_low_tail+D_busy,0.03344348445534706,0.9662301540374756,0.0,0.016582489013671875,0.01,1.0,1.0,True,0.6029445594662985,0.6029445594662985,1.0,107,0.00989187945709685,0.00989187945709685,1.0,0.6029445594662985,0.047117557376623154,0.25972166657447815,0.650103519668737,0.039377087913453575,0.16283674258738756,0.0,0.0,/vols/sbn/uboone/an1522/cam_methods/occlusion/A_low_tail+D_busy/run1_signal/resnet34_gn/occlusion__ENTRY_1987_meta_4.txt
occlusion,resnet34_gn,/home/hep/an1522/dark_tridents_wspace/outputs/weights/resnet34_gn/resnet34_gn_model_20260123-12_20_AM_epoch_4_batch_id_1961_labels_2_step_9821.pwf,/data/run1_dt_ratio_0.6_ma_0.06_eta_larcv_cropped.root,0.06,1987,4347,0,,8,A_low_tail+D_busy,0.03344348445534706,0.9662301540374756,0.0,0.016582489013671875,0.01,1.0,1.0,True,0.6029445594662985,0.6029445594662985,1.0,75,0.00989187945709685,0.00989187945709685,1.0,0.6029445594662985,0.1089573037624359,0.4350970387458801,0.6390614216701174,0.038556076027452944,0.24623870868235825,0.0,0.0,/vols/sbn/uboone/an1522/cam_methods/occlusion/A_low_tail+D_busy/run1_signal/resnet34_gn/occlusion__ENTRY_1987_meta_8.txt
occlusion,resnet34_gn,/home/hep/an1522/dark_tridents_wspace/outputs/weights/resnet34_gn/resnet34_gn_model_20260123-12_20_AM_epoch_4_batch_id_1961_labels_2_step_9821.pwf,/data/run1_dt_ratio_0.6_ma_0.2_eta_larcv_cropped.root,0.2,4380,3173,0,,16,A_low_tail+D_busy,0.0064687710255384445,0.9934770464897156,0.0,0.012104034423828125,0.01,1.0,1.0,True,0.8260321462338481,0.8260321462338481,1.0,49,0.010085092971950834,0.010085092971950834,1.0,0.8260321462338481,0.01785323031246661,0.026734234765172005,0.5915537346359911,0.01500978646799922,0.02232850403524935,0.0,0.0,/vols/sbn/uboone/an1522/cam_methods/occlusion/A_low_tail+D_busy/run1_signal/resnet34_gn/occlusion__ENTRY_4380_meta_16.txt
occlusion,resnet34_gn,/home/hep/an1522/dark_tridents_wspace/outputs/weights/resnet34_gn/resnet34_gn_model_20260123-12_20_AM_epoch_4_batch_id_1961_labels_2_step_9821.pwf,/data/run1_dt_ratio_0.6_ma_0.2_eta_larcv_cropped.root,0.2,4380,3173,0,,2,A_low_tail+D_busy,0.0064687710255384445,0.9934770464897156,0.0,0.012104034423828125,0.01,1.0,1.0,True,0.8260321462338481,0.8260321462338481,1.0,71,0.010085092971950834,0.010085092971950834,1.0,0.8260321462338481,0.0009447552263736722,0.003050423227250576,0.4834541443428932,0.01572287380695343,0.03945801798254252,0.0,0.0,/vols/sbn/uboone/an1522/cam_methods/occlusion/A_low_tail+D_busy/run1_signal/resnet34_gn/occlusion__ENTRY_4380_meta_2.txt
occlusion,resnet34_gn,/home/hep/an1522/dark_tridents_wspace/outputs/weights/resnet34_gn/resnet34_gn_model_20260123-12_20_AM_epoch_4_batch_id_1961_labels_2_step_9821.pwf,/data/run1_dt_ratio_0.6_ma_0.2_eta_larcv_cropped.root,0.2,4380,3173,0,,4,A_low_tail+D_busy,0.006469154264777899,0.9934766888618469,0.0,0.012104034423828125,0.01,1.0,1.0,True,0.8260321462338481,0.8260321462338481,1.0,64,0.010085092971950834,0.010085092971950834,1.0,0.8260321462338481,0.0015940659679472384,0.003049787599593401,0.46265364008824456,0.01570631132926792,0.03387323960196227,0.0,0.0,/vols/sbn/uboone/an1522/cam_methods/occlusion/A_low_tail+D_busy/run1_signal/resnet34_gn/occlusion__ENTRY_4380_meta_4.txt
occlusion,resnet34_gn,/home/hep/an1522/dark_tridents_wspace/outputs/weights/resnet34_gn/resnet34_gn_model_20260123-12_20_AM_epoch_4_batch_id_1961_labels_2_step_9821.pwf,/data/run1_dt_ratio_0.6_ma_0.2_eta_larcv_cropped.root,0.2,4380,3173,0,,8,A_low_tail+D_busy,0.0064687710255384445,0.9934770464897156,0.0,0.012104034423828125,0.01,1.0,1.0,True,0.8260321462338481,0.8260321462338481,1.0,64,0.010085092971950834,0.010085092971950834,1.0,0.8260321462338481,0.0037899236753582955,0.00696333684027195,0.4944847147809644,0.015219267969951033,0.03616608614102006,0.0,0.0,/vols/sbn/uboone/an1522/cam_methods/occlusion/A_low_tail+D_busy/run1_signal/resnet34_gn/occlusion__ENTRY_4380_meta_8.txt
occlusion,resnet34_gn,/home/hep/an1522/dark_tridents_wspace/outputs/weights/resnet34_gn/resnet34_gn_model_20260123-12_20_AM_epoch_4_batch_id_1961_labels_2_step_9821.pwf,/data/run1_dt_ratio_0.6_ma_0.4_eta_larcv_cropped.root,0.4,7491,3507,0,,16,A_low_tail+D_busy,0.08855562657117844,0.9110912084579468,0.0,0.013378143310546875,0.01,1.0,1.0,True,0.7473624180211007,0.7473624180211007,1.0,77,0.00998003992015968,0.00998003992015968,1.0,0.7473624180211007,0.1387004685401917,0.19521653652191162,0.7248360422013117,0.10049006678164005,0.056678950926288954,0.0,0.0,/vols/sbn/uboone/an1522/cam_methods/occlusion/A_low_tail+D_busy/run1_signal/resnet34_gn/occlusion__ENTRY_7491_meta_16.txt
occlusion,resnet34_gn,/home/hep/an1522/dark_tridents_wspace/outputs/weights/resnet34_gn/resnet34_gn_model_20260123-12_20_AM_epoch_4_batch_id_1961_labels_2_step_9821.pwf,/data/run1_dt_ratio_0.6_ma_0.4_eta_larcv_cropped.root,0.4,7491,3507,0,,2,A_low_tail+D_busy,0.08857123553752899,0.9110754728317261,0.0,0.013378143310546875,0.01,1.0,1.0,True,0.7473624180211007,0.7473624180211007,1.0,115,0.00998003992015968,0.00998003992015968,1.0,0.7473624180211007,0.06288258478045465,0.09346258640289307,0.5765611633875107,0.09376152083277703,0.18718665614724161,0.0,0.0,/vols/sbn/uboone/an1522/cam_methods/occlusion/A_low_tail+D_busy/run1_signal/resnet34_gn/occlusion__ENTRY_7491_meta_2.txt
occlusion,resnet34_gn,/home/hep/an1522/dark_tridents_wspace/outputs/weights/resnet34_gn/resnet34_gn_model_20260123-12_20_AM_epoch_4_batch_id_1961_labels_2_step_9821.pwf,/data/run1_dt_ratio_0.6_ma_0.4_eta_larcv_cropped.root,0.4,7491,3507,0,,4,A_low_tail+D_busy,0.08857123553752899,0.9110754728317261,0.0,0.013378143310546875,0.01,1.0,1.0,True,0.7473624180211007,0.7473624180211007,1.0,102,0.00998003992015968,0.00998003992015968,1.0,0.7473624180211007,0.07327476248145104,0.09346258640289307,0.5614485315084118,0.09392999783158303,0.05618196027353405,0.0,0.0,/vols/sbn/uboone/an1522/cam_methods/occlusion/A_low_tail+D_busy/run1_signal/resnet34_gn/occlusion__ENTRY_7491_meta_4.txt
occlusion,resnet34_gn,/home/hep/an1522/dark_tridents_wspace/outputs/weights/resnet34_gn/resnet34_gn_model_20260123-12_20_AM_epoch_4_batch_id_1961_labels_2_step_9821.pwf,/data/run1_dt_ratio_0.6_ma_0.4_eta_larcv_cropped.root,0.4,7491,3507,0,,8,A_low_tail+D_busy,0.08857123553752899,0.9110754728317261,0.0,0.013378143310546875,0.01,1.0,1.0,True,0.7473624180211007,0.7473624180211007,1.0,103,0.00998003992015968,0.00998003992015968,1.0,0.7473624180211007,0.09550192654132854,0.14321382343769073,0.6287425149700598,0.0937018908560276,0.05721014658920466,0.0,0.0,/vols/sbn/uboone/an1522/cam_methods/occlusion/A_low_tail+D_busy/run1_signal/resnet34_gn/occlusion__ENTRY_7491_meta_8.txt
occlusion,mpid,/home/hep/an1522/dark_tridents_wspace/outputs/weights/DM-CNN_model_20260116-10_22_PM_epoch_4_batch_id_1961_labels_2_title_0.001_AG_GN_LM_TRAINING_step_9821.pwf,/data/run3_dt_ratio_0.6_ma_0.03_pi0_larcv_cropped.root,0.03,2776,6117,0,,16,A_low_tail+D_busy,0.0003278314252384007,0.9996762275695801,0.0,0.023334503173828125,0.01,1.0,1.0,True,0.42847801209743336,0.42847801209743336,1.0,192,0.009972208598986431,0.009972208598986431,1.0,0.42847801209743336,0.0004151099896989763,0.0009643969242461026,0.3805787150564002,0.0027553599065868184,0.016632151338853873,0.0,0.0,/vols/sbn/uboone/an1522/cam_methods/occlusion/A_low_tail+D_busy/run3_signal/mpid/occlusion__ENTRY_2776_meta_16.txt
occlusion,mpid,/home/hep/an1522/dark_tridents_wspace/outputs/weights/DM-CNN_model_20260116-10_22_PM_epoch_4_batch_id_1961_labels_2_title_0.001_AG_GN_LM_TRAINING_step_9821.pwf,/data/run3_dt_ratio_0.6_ma_0.03_pi0_larcv_cropped.root,0.03,2776,6117,0,,2,A_low_tail+D_busy,0.0003278314252384007,0.9996762275695801,0.0,0.023334503173828125,0.01,1.0,1.0,True,0.42847801209743336,0.42847801209743336,1.0,240,0.009972208598986431,0.009972208598986431,1.0,0.42847801209743336,9.282785467803482e-05,0.0006265542469918728,0.47261729606016023,0.002750263616326266,0.00877730268111918,0.0,0.0,/vols/sbn/uboone/an1522/cam_methods/occlusion/A_low_tail+D_busy/run3_signal/mpid/occlusion__ENTRY_2776_meta_2.txt
occlusion,mpid,/home/hep/an1522/dark_tridents_wspace/outputs/weights/DM-CNN_model_20260116-10_22_PM_epoch_4_batch_id_1961_labels_2_title_0.001_AG_GN_LM_TRAINING_step_9821.pwf,/data/run3_dt_ratio_0.6_ma_0.03_pi0_larcv_cropped.root,0.03,2776,6117,0,,4,A_low_tail+D_busy,0.0003278314252384007,0.9996762275695801,0.0,0.023334503173828125,0.01,1.0,1.0,True,0.42847801209743336,0.42847801209743336,1.0,244,0.009972208598986431,0.009972208598986431,1.0,0.42847801209743336,0.0001357050240039826,0.0006748859887011349,0.45496158247506946,0.002748594174045138,0.008376509966910816,0.0,0.0,/vols/sbn/uboone/an1522/cam_methods/occlusion/A_low_tail+D_busy/run3_signal/mpid/occlusion__ENTRY_2776_meta_4.txt
occlusion,mpid,/home/hep/an1522/dark_tridents_wspace/outputs/weights/DM-CNN_model_20260116-10_22_PM_epoch_4_batch_id_1961_labels_2_title_0.001_AG_GN_LM_TRAINING_step_9821.pwf,/data/run3_dt_ratio_0.6_ma_0.03_pi0_larcv_cropped.root,0.03,2776,6117,0,,8,A_low_tail+D_busy,0.0003280374512542039,0.9996761083602905,0.0,0.023334503173828125,0.01,1.0,1.0,True,0.42847801209743336,0.42847801209743336,1.0,233,0.009972208598986431,0.009972208598986431,1.0,0.42847801209743336,0.00017185558681376278,0.00048266115481965244,0.4695111982998202,0.0027439703568234108,0.009124869715014937,0.0,0.0,/vols/sbn/uboone/an1522/cam_methods/occlusion/A_low_tail+D_busy/run3_signal/mpid/occlusion__ENTRY_2776_meta_8.txt
occlusion,mpid,/home/hep/an1522/dark_tridents_wspace/outputs/weights/DM-CNN_model_20260116-10_22_PM_epoch_4_batch_id_1961_labels_2_title_0.001_AG_GN_LM_TRAINING_step_9821.pwf,/data/run3_dt_ratio_0.6_ma_0.1_eta_larcv_cropped.root,0.1,5322,4682,0,,16,A_low_tail+D_busy,0.0002812470484059304,0.9997130036354065,0.0,0.01786041259765625,0.01,1.0,1.0,True,0.5598035027765912,0.5598035027765912,1.0,157,0.01003844510892781,0.01003844510892781,1.0,0.5598035027765912,0.001528413729974999,0.0033476725220680237,0.3780435711234515,0.0026454711303813385,0.2060379283371731,0.0,0.0,/vols/sbn/uboone/an1522/cam_methods/occlusion/A_low_tail+D_busy/run3_signal/mpid/occlusion__ENTRY_5322_meta_16.txt
occlusion,mpid,/home/hep/an1522/dark_tridents_wspace/outputs/weights/DM-CNN_model_20260116-10_22_PM_epoch_4_batch_id_1961_labels_2_title_0.001_AG_GN_LM_TRAINING_step_9821.pwf,/data/run3_dt_ratio_0.6_ma_0.1_eta_larcv_cropped.root,0.1,5322,4682,0,,2,A_low_tail+D_busy,0.0002812470484059304,0.9997130036354065,0.0,0.01786041259765625,0.01,1.0,1.0,True,0.5598035027765912,0.5598035027765912,1.0,254,0.01003844510892781,0.01003844510892781,1.0,0.5598035027765912,9.364141689729866e-05,0.0007017484167590737,0.5645023494233233,0.002697923591767904,0.0087870893170475,0.0,0.0,/vols/sbn/uboone/an1522/cam_methods/occlusion/A_low_tail+D_busy/run3_signal/mpid/occlusion__ENTRY_5322_meta_2.txt
occlusion,mpid,/home/hep/an1522/dark_tridents_wspace/outputs/weights/DM-CNN_model_20260116-10_22_PM_epoch_4_batch_id_1961_labels_2_title_0.001_AG_GN_LM_TRAINING_step_9821.pwf,/data/run3_dt_ratio_0.6_ma_0.1_eta_larcv_cropped.root,0.1,5322,4682,0,,4,A_low_tail+D_busy,0.0002812706516124308,0.9997128844261169,0.0,0.01786041259765625,0.01,1.0,1.0,True,0.5598035027765912,0.5598035027765912,1.0,231,0.01003844510892781,0.01003844510892781,1.0,0.5598035027765912,0.00012341749563347544,0.0005900044925510883,0.45002135839384877,0.0026511378586292268,0.011792374137439766,0.0,0.0,/vols/sbn/uboone/an1522/cam_methods/occlusion/A_low_tail+D_busy/run3_signal/mpid/occlusion__ENTRY_5322_meta_4.txt
occlusion,mpid,/home/hep/an1522/dark_tridents_wspace/outputs/weights/DM-CNN_model_20260116-10_22_PM_epoch_4_batch_id_1961_labels_2_title_0.001_AG_GN_LM_TRAINING_step_9821.pwf,/data/run3_dt_ratio_0.6_ma_0.1_eta_larcv_cropped.root,0.1,5322,4682,0,,8,A_low_tail+D_busy,0.0002812706516124308,0.9997128844261169,0.0,0.01786041259765625,0.01,1.0,1.0,True,0.5598035027765912,0.5598035027765912,1.0,189,0.01003844510892781,0.01003844510892781,1.0,0.5598035027765912,0.00018055267515592273,0.0006215729517862201,0.42567278940623665,0.0026605298640788536,0.032510711290524345,0.0,0.0,/vols/sbn/uboone/an1522/cam_methods/occlusion/A_low_tail+D_busy/run3_signal/mpid/occlusion__ENTRY_5322_meta_8.txt
occlusion,mpid,/home/hep/an1522/dark_tridents_wspace/outputs/weights/DM-CNN_model_20260116-10_22_PM_epoch_4_batch_id_1961_labels_2_title_0.001_AG_GN_LM_TRAINING_step_9821.pwf,/data/run3_dt_ratio_0.6_ma_0.4_eta_larcv_cropped.root,0.4,6150,3150,0,,16,A_low_tail+D_busy,0.00022805656772106886,0.9997627139091492,0.0,0.01201629638671875,0.01,1.0,1.0,True,0.8320634920634921,0.8320634920634921,1.0,67,0.010158730158730159,0.010158730158730159,1.0,0.8320634920634921,0.0010416243923827946,0.0017803778173401952,0.11841269841269841,0.002667405555257574,0.1749155041703489,0.0,0.0,/vols/sbn/uboone/an1522/cam_methods/occlusion/A_low_tail+D_busy/run3_signal/mpid/occlusion__ENTRY_6150_meta_16.txt
occlusion,mpid,/home/hep/an1522/dark_tridents_wspace/outputs/weights/DM-CNN_model_20260116-10_22_PM_epoch_4_batch_id_1961_labels_2_title_0.001_AG_GN_LM_TRAINING_step_9821.pwf,/data/run3_dt_ratio_0.6_ma_0.4_eta_larcv_cropped.root,0.4,6150,3150,0,,2,A_low_tail+D_busy,0.00022805656772106886,0.9997627139091492,0.0,0.01201629638671875,0.01,1.0,1.0,True,0.8320634920634921,0.8320634920634921,1.0,94,0.010158730158730159,0.010158730158730159,1.0,0.8320634920634921,0.00021310959244146742,0.009289181791245937,0.5028571428571429,0.0026568212459096687,0.03979893670766614,0.0,0.0,/vols/sbn/uboone/an1522/cam_methods/occlusion/A_low_tail+D_busy/run3_signal/mpid/occlusion__ENTRY_6150_meta_2.txt
occlusion,mpid,/home/hep/an1522/dark_tridents_wspace/outputs/weights/DM-CNN_model_20260116-10_22_PM_epoch_4_batch_id_1961_labels_2_title_0.001_AG_GN_LM_TRAINING_step_9821.pwf,/data/run3_dt_ratio_0.6_ma_0.4_eta_larcv_cropped.root,0.4,6150,3150,0,,4,A_low_tail+D_busy,0.00022805656772106886,0.9997627139091492,0.0,0.01201629638671875,0.01,1.0,1.0,True,0.8320634920634921,0.8320634920634921,1.0,86,0.010158730158730159,0.010158730158730159,1.0,0.8320634920634921,0.00044419485086109043,0.004226537887006998,0.44,0.002657109810388647,0.05168261350481771,0.0,0.0,/vols/sbn/uboone/an1522/cam_methods/occlusion/A_low_tail+D_busy/run3_signal/mpid/occlusion__ENTRY_6150_meta_4.txt
occlusion,mpid,/home/hep/an1522/dark_tridents_wspace/outputs/weights/DM-CNN_model_20260116-10_22_PM_epoch_4_batch_id_1961_labels_2_title_0.001_AG_GN_LM_TRAINING_step_9821.pwf,/data/run3_dt_ratio_0.6_ma_0.4_eta_larcv_cropped.root,0.4,6150,3150,0,,8,A_low_tail+D_busy,0.00022806396009400487,0.9997627139091492,0.0,0.01201629638671875,0.01,1.0,1.0,True,0.8320634920634921,0.8320634920634921,1.0,73,0.010158730158730159,0.010158730158730159,1.0,0.8320634920634921,0.0018842043355107307,0.006052093580365181,0.3292063492063492,0.002662806096486747,0.030015382068813778,0.0,0.0,/vols/sbn/uboone/an1522/cam_methods/occlusion/A_low_tail+D_busy/run3_signal/mpid/occlusion__ENTRY_6150_meta_8.txt
occlusion,mpid,/home/hep/an1522/dark_tridents_wspace/outputs/weights/DM-CNN_model_20260116-10_22_PM_epoch_4_batch_id_1961_labels_2_title_0.001_AG_GN_LM_TRAINING_step_9821.pwf,/data/run3_dt_ratio_0.6_ma_0.4_eta_larcv_cropped.root,0.4,9739,4913,0,,16,A_low_tail+D_busy,0.00026789522962644696,0.9997196793556213,0.0,0.018741607666015625,0.01,1.0,1.0,True,0.5334825971911256,0.5334825971911256,1.0,134,0.009973539588845918,0.009973539588845918,1.0,0.5334825971911256,0.005802136845886707,0.018381236121058464,0.3130470181152046,0.0027138678968185565,0.17762806137616285,0.0,0.0,/vols/sbn/uboone/an1522/cam_methods/occlusion/A_low_tail+D_busy/run3_signal/mpid/occlusion__ENTRY_9739_meta_16.txt
occlusion,mpid,/home/hep/an1522/dark_tridents_wspace/outputs/weights/DM-CNN_model_20260116-10_22_PM_epoch_4_batch_id_1961_labels_2_title_0.001_AG_GN_LM_TRAINING_step_9821.pwf,/data/run3_dt_ratio_0.6_ma_0.4_eta_larcv_cropped.root,0.4,9739,4913,0,,2,A_low_tail+D_busy,0.00026792308199219406,0.9997196793556213,0.0,0.018741607666015625,0.01,1.0,1.0,True,0.5334825971911256,0.5334825971911256,1.0,208,0.009973539588845918,0.009973539588845918,1.0,0.5334825971911256,0.000336223304038868,0.02249174192547798,0.37187054752696924,0.002698314633744303,0.025928248335549145,0.0,0.0,/vols/sbn/uboone/an1522/cam_methods/occlusion/A_low_tail+D_busy/run3_signal/mpid/occlusion__ENTRY_9739_meta_2.txt
occlusion,mpid,/home/hep/an1522/dark_tridents_wspace/outputs/weights/DM-CNN_model_20260116-10_22_PM_epoch_4_batch_id_1961_labels_2_title_0.001_AG_GN_LM_TRAINING_step_9821.pwf,/data/run3_dt_ratio_0.6_ma_0.4_eta_larcv_cropped.root,0.4,9739,4913,0,,4,A_low_tail+D_busy,0.00026792308199219406,0.9997196793556213,0.0,0.018741607666015625,0.01,1.0,1.0,True,0.5334825971911256,0.5334825971911256,1.0,188,0.009973539588845918,0.009973539588845918,1.0,0.5334825971911256,0.0005557931074872616,0.0032748617231845856,0.3641359658050071,0.00268885830155341,0.06726872875442495,0.0,0.0,/vols/sbn/uboone/an1522/cam_methods/occlusion/A_low_tail+D_busy/run3_signal/mpid/occlusion__ENTRY_9739_meta_4.txt
occlusion,mpid,/home/hep/an1522/dark_tridents_wspace/outputs/weights/DM-CNN_model_20260116-10_22_PM_epoch_4_batch_id_1961_labels_2_title_0.001_AG_GN_LM_TRAINING_step_9821.pwf,/data/run3_dt_ratio_0.6_ma_0.4_eta_larcv_cropped.root,0.4,9739,4913,0,,8,A_low_tail+D_busy,0.00026789522962644696,0.9997196793556213,0.0,0.018741607666015625,0.01,1.0,1.0,True,0.5334825971911256,0.5334825971911256,1.0,156,0.009973539588845918,0.009973539588845918,1.0,0.5334825971911256,0.0017123239766806393,0.011531817726790905,0.38510075310400976,0.002710680771269836,0.06544790669868235,0.0,0.0,/vols/sbn/uboone/an1522/cam_methods/occlusion/A_low_tail+D_busy/run3_signal/mpid/occlusion__ENTRY_9739_meta_8.txt
occlusion,resnet34_gn,/home/hep/an1522/dark_tridents_wspace/outputs/weights/resnet34_gn/resnet34_gn_model_20260123-12_20_AM_epoch_4_batch_id_1961_labels_2_step_9821.pwf,/data/run3_dt_ratio_0.6_ma_0.03_pi0_larcv_cropped.root,0.03,2776,6117,0,,16,A_low_tail+D_busy,0.003860661294311285,0.9960829019546509,0.0,0.023334503173828125,0.01,1.0,1.0,True,0.42847801209743336,0.42847801209743336,1.0,76,0.009972208598986431,0.009972208598986431,1.0,0.42847801209743336,0.001145333657041192,0.0025569796562194824,0.7114598659473598,0.013115336489863695,0.033967400598339734,0.0,0.0,/vols/sbn/uboone/an1522/cam_methods/occlusion/A_low_tail+D_busy/run3_signal/resnet34_gn/occlusion__ENTRY_2776_meta_16.txt
occlusion,resnet34_gn,/home/hep/an1522/dark_tridents_wspace/outputs/weights/resnet34_gn/resnet34_gn_model_20260123-12_20_AM_epoch_4_batch_id_1961_labels_2_step_9821.pwf,/data/run3_dt_ratio_0.6_ma_0.03_pi0_larcv_cropped.root,0.03,2776,6117,0,,2,A_low_tail+D_busy,0.003860865021124482,0.9960826635360718,0.0,0.023334503173828125,0.01,1.0,1.0,True,0.42847801209743336,0.42847801209743336,1.0,149,0.009972208598986431,0.009972208598986431,1.0,0.42847801209743336,0.00022943591699004173,0.0004691977519541979,0.6576753310446297,0.013181579473894088,0.0389974080142565,0.0,0.0,/vols/sbn/uboone/an1522/cam_methods/occlusion/A_low_tail+D_busy/run3_signal/resnet34_gn/occlusion__ENTRY_2776_meta_2.txt
occlusion,resnet34_gn,/home/hep/an1522/dark_tridents_wspace/outputs/weights/resnet34_gn/resnet34_gn_model_20260123-12_20_AM_epoch_4_batch_id_1961_labels_2_step_9821.pwf,/data/run3_dt_ratio_0.6_ma_0.03_pi0_larcv_cropped.root,0.03,2776,6117,0,,4,A_low_tail+D_busy,0.003860865021124482,0.9960826635360718,0.0,0.023334503173828125,0.01,1.0,1.0,True,0.42847801209743336,0.42847801209743336,1.0,146,0.009972208598986431,0.009972208598986431,1.0,0.42847801209743336,0.0003024494647979738,0.0004691977519541979,0.6939676311917606,0.013087972754146906,0.037275847245473406,0.0,0.0,/vols/sbn/uboone/an1522/cam_methods/occlusion/A_low_tail+D_busy/run3_signal/resnet34_gn/occlusion__ENTRY_2776_meta_4.txt
occlusion,resnet34_gn,/home/hep/an1522/dark_tridents_wspace/outputs/weights/resnet34_gn/resnet34_gn_model_20260123-12_20_AM_epoch_4_batch_id_1961_labels_2_step_9821.pwf,/data/run3_dt_ratio_0.6_ma_0.03_pi0_larcv_cropped.root,0.03,2776,6117,0,,8,A_low_tail+D_busy,0.003860661294311285,0.9960829019546509,0.0,0.023334503173828125,0.01,1.0,1.0,True,0.42847801209743336,0.42847801209743336,1.0,95,0.009972208598986431,0.009972208598986431,1.0,0.42847801209743336,0.0004939730744808913,0.0007030023261904716,0.6993624325649829,0.013109532254748047,0.035428746673278506,0.0,0.0,/vols/sbn/uboone/an1522/cam_methods/occlusion/A_low_tail+D_busy/run3_signal/resnet34_gn/occlusion__ENTRY_2776_meta_8.txt
occlusion,resnet34_gn,/home/hep/an1522/dark_tridents_wspace/outputs/weights/resnet34_gn/resnet34_gn_model_20260123-12_20_AM_epoch_4_batch_id_1961_labels_2_step_9821.pwf,/data/run3_dt_ratio_0.6_ma_0.1_eta_larcv_cropped.root,0.1,5322,4682,0,,16,A_low_tail+D_busy,0.9026314616203308,0.09728746116161346,0.0,0.01786041259765625,0.01,1.0,1.0,True,0.5598035027765912,0.5598035027765912,1.0,125,0.01003844510892781,0.01003844510892781,1.0,0.5598035027765912,0.686944842338562,0.8013095855712891,0.4839812046134131,0.6386698201298714,0.07073565749451519,1.0,0.1,/vols/sbn/uboone/an1522/cam_methods/occlusion/A_low_tail+D_busy/run3_signal/resnet34_gn/occlusion__ENTRY_5322_meta_16.txt
occlusion,resnet34_gn,/home/hep/an1522/dark_tridents_wspace/outputs/weights/resnet34_gn/resnet34_gn_model_20260123-12_20_AM_epoch_4_batch_id_1961_labels_2_step_9821.pwf,/data/run3_dt_ratio_0.6_ma_0.1_eta_larcv_cropped.root,0.1,5322,4682,0,,2,A_low_tail+D_busy,0.9026314616203308,0.09728746116161346,0.0,0.01786041259765625,0.01,1.0,1.0,True,0.5598035027765912,0.5598035027765912,1.0,168,0.01003844510892781,0.01003844510892781,1.0,0.5598035027765912,0.03887339532375152,0.6291481256484985,0.579666809055959,0.856070651113987,0.06193227483890951,0.1,0.1,/vols/sbn/uboone/an1522/cam_methods/occlusion/A_low_tail+D_busy/run3_signal/resnet34_gn/occlusion__ENTRY_5322_meta_2.txt
occlusion,resnet34_gn,/home/hep/an1522/dark_tridents_wspace/outputs/weights/resnet34_gn/resnet34_gn_model_20260123-12_20_AM_epoch_4_batch_id_1961_labels_2_step_9821.pwf,/data/run3_dt_ratio_0.6_ma_0.1_eta_larcv_cropped.root,0.1,5322,4682,0,,4,A_low_tail+D_busy,0.9026119112968445,0.09730686992406845,0.0,0.01786041259765625,0.01,1.0,1.0,True,0.5598035027765912,0.5598035027765912,1.0,157,0.01003844510892781,0.01003844510892781,1.0,0.5598035027765912,0.06271358549594842,0.7734805941581726,0.47970952584365656,0.5907676592469214,0.06339536383748054,1.0,0.1,/vols/sbn/uboone/an1522/cam_methods/occlusion/A_low_tail+D_busy/run3_signal/resnet34_gn/occlusion__ENTRY_5322_meta_4.txt
occlusion,resnet34_gn,/home/hep/an1522/dark_tridents_wspace/outputs/weights/resnet34_gn/resnet34_gn_model_20260123-12_20_AM_epoch_4_batch_id_1961_labels_2_step_9821.pwf,/data/run3_dt_ratio_0.6_ma_0.1_eta_larcv_cropped.root,0.1,5322,4682,0,,8,A_low_tail+D_busy,0.9026119112968445,0.09730686992406845,0.0,0.01786041259765625,0.01,1.0,1.0,True,0.5598035027765912,0.5598035027765912,1.0,141,0.01003844510892781,0.01003844510892781,1.0,0.5598035027765912,0.3146528291702263,0.8296186327934265,0.4566424604869714,0.6493771240115165,0.06141420039348304,1.0,0.1,/vols/sbn/uboone/an1522/cam_methods/occlusion/A_low_tail+D_busy/run3_signal/resnet34_gn/occlusion__ENTRY_5322_meta_8.txt
occlusion,resnet34_gn,/home/hep/an1522/dark_tridents_wspace/outputs/weights/resnet34_gn/resnet34_gn_model_20260123-12_20_AM_epoch_4_batch_id_1961_labels_2_step_9821.pwf,/data/run3_dt_ratio_0.6_ma_0.4_eta_larcv_cropped.root,0.4,6150,3150,0,,16,A_low_tail+D_busy,0.005927685648202896,0.9940485954284668,0.0,0.01201629638671875,0.01,1.0,1.0,True,0.8320634920634921,0.8320634920634921,1.0,73,0.010158730158730159,0.010158730158730159,1.0,0.8320634920634921,0.005134242521598891,0.00995856523513794,0.6914285714285714,0.014412711374461653,0.0730957482010126,0.0,0.0,/vols/sbn/uboone/an1522/cam_methods/occlusion/A_low_tail+D_busy/run3_signal/resnet34_gn/occlusion__ENTRY_6150_meta_16.txt
occlusion,resnet34_gn,/home/hep/an1522/dark_tridents_wspace/outputs/weights/resnet34_gn/resnet34_gn_model_20260123-12_20_AM_epoch_4_batch_id_1961_labels_2_step_9821.pwf,/data/run3_dt_ratio_0.6_ma_0.4_eta_larcv_cropped.root,0.4,6150,3150,0,,2,A_low_tail+D_busy,0.005927002523094416,0.9940491914749146,0.0,0.01201629638671875,0.01,1.0,1.0,True,0.8320634920634921,0.8320634920634921,1.0,77,0.010158730158730159,0.010158730158730159,1.0,0.8320634920634921,0.003036288209259488,0.29297322034835815,0.4650793650793651,0.015352664212696255,0.07213852864224463,0.0,0.0,/vols/sbn/uboone/an1522/cam_methods/occlusion/A_low_tail+D_busy/run3_signal/resnet34_gn/occlusion__ENTRY_6150_meta_2.txt
occlusion,resnet34_gn,/home/hep/an1522/dark_tridents_wspace/outputs/weights/resnet34_gn/resnet34_gn_model_20260123-12_20_AM_epoch_4_batch_id_1961_labels_2_step_9821.pwf,/data/run3_dt_ratio_0.6_ma_0.4_eta_larcv_cropped.root,0.4,6150,3150,0,,4,A_low_tail+D_busy,0.005927002523094416,0.9940491914749146,0.0,0.01201629638671875,0.01,1.0,1.0,True,0.8320634920634921,0.8320634920634921,1.0,80,0.010158730158730159,0.010158730158730159,1.0,0.8320634920634921,0.005105750169605017,0.24898889660835266,0.4419047619047619,0.015429848409257832,0.07695618954021483,0.0,0.0,/vols/sbn/uboone/an1522/cam_methods/occlusion/A_low_tail+D_busy/run3_signal/resnet34_gn/occlusion__ENTRY_6150_meta_4.txt
occlusion,resnet34_gn,/home/hep/an1522/dark_tridents_wspace/outputs/weights/resnet34_gn/resnet34_gn_model_20260123-12_20_AM_epoch_4_batch_id_1961_labels_2_step_9821.pwf,/data/run3_dt_ratio_0.6_ma_0.4_eta_larcv_cropped.root,0.4,6150,3150,0,,8,A_low_tail+D_busy,0.005927685648202896,0.9940485954284668,0.0,0.01201629638671875,0.01,1.0,1.0,True,0.8320634920634921,0.8320634920634921,1.0,79,0.010158730158730159,0.010158730158730159,1.0,0.8320634920634921,0.007190618459135293,0.039313580840826035,0.5761904761904761,0.014749285299330952,0.1532476084306836,0.0,0.0,/vols/sbn/uboone/an1522/cam_methods/occlusion/A_low_tail+D_busy/run3_signal/resnet34_gn/occlusion__ENTRY_6150_meta_8.txt
occlusion,resnet34_gn,/home/hep/an1522/dark_tridents_wspace/outputs/weights/resnet34_gn/resnet34_gn_model_20260123-12_20_AM_epoch_4_batch_id_1961_labels_2_step_9821.pwf,/data/run3_dt_ratio_0.6_ma_0.4_eta_larcv_cropped.root,0.4,9739,4913,0,,16,A_low_tail+D_busy,0.011741978116333485,0.9881945848464966,0.0,0.018741607666015625,0.01,1.0,1.0,True,0.5334825971911256,0.5334825971911256,1.0,70,0.009973539588845918,0.009973539588845918,1.0,0.5334825971911256,0.07089237451553349,0.22256620228290558,0.536535721555058,0.023479535570368172,0.0599918082356453,0.0,0.0,/vols/sbn/uboone/an1522/cam_methods/occlusion/A_low_tail+D_busy/run3_signal/resnet34_gn/occlusion__ENTRY_9739_meta_16.txt
occlusion,resnet34_gn,/home/hep/an1522/dark_tridents_wspace/outputs/weights/resnet34_gn/resnet34_gn_model_20260123-12_20_AM_epoch_4_batch_id_1961_labels_2_step_9821.pwf,/data/run3_dt_ratio_0.6_ma_0.4_eta_larcv_cropped.root,0.4,9739,4913,0,,2,A_low_tail+D_busy,0.01174737885594368,0.9881891012191772,0.0,0.018741607666015625,0.01,1.0,1.0,True,0.5334825971911256,0.5334825971911256,1.0,94,0.009973539588845918,0.009973539588845918,1.0,0.5334825971911256,0.014385166168212896,0.03962904214859009,0.5298188479544067,0.020676174480468035,0.3840898124501109,0.0,0.0,/vols/sbn/uboone/an1522/cam_methods/occlusion/A_low_tail+D_busy/run3_signal/resnet34_gn/occlusion__ENTRY_9739_meta_2.txt
occlusion,resnet34_gn,/home/hep/an1522/dark_tridents_wspace/outputs/weights/resnet34_gn/resnet34_gn_model_20260123-12_20_AM_epoch_4_batch_id_1961_labels_2_step_9821.pwf,/data/run3_dt_ratio_0.6_ma_0.4_eta_larcv_cropped.root,0.4,9739,4913,0,,4,A_low_tail+D_busy,0.01174737885594368,0.9881891012191772,0.0,0.018741607666015625,0.01,1.0,1.0,True,0.5334825971911256,0.5334825971911256,1.0,91,0.009973539588845918,0.009973539588845918,1.0,0.5334825971911256,0.02596282258629805,0.04137766361236572,0.5080398941583554,0.0203238676302135,0.43840022124350075,0.0,0.0,/vols/sbn/uboone/an1522/cam_methods/occlusion/A_low_tail+D_busy/run3_signal/resnet34_gn/occlusion__ENTRY_9739_meta_4.txt
occlusion,resnet34_gn,/home/hep/an1522/dark_tridents_wspace/outputs/weights/resnet34_gn/resnet34_gn_model_20260123-12_20_AM_epoch_4_batch_id_1961_labels_2_step_9821.pwf,/data/run3_dt_ratio_0.6_ma_0.4_eta_larcv_cropped.root,0.4,9739,4913,0,,8,A_low_tail+D_busy,0.01174737885594368,0.9881891012191772,0.0,0.018741607666015625,0.01,1.0,1.0,True,0.5334825971911256,0.5334825971911256,1.0,62,0.009973539588845918,0.009973539588845918,1.0,0.5334825971911256,0.02577844068408013,0.044702231884002686,0.5161815591288419,0.020770744048058988,0.4462366343475879,0.0,0.0,/vols/sbn/uboone/an1522/cam_methods/occlusion/A_low_tail+D_busy/run3_signal/resnet34_gn/occlusion__ENTRY_9739_meta_8.txt
occlusion,mpid,/home/hep/an1522/dark_tridents_wspace/outputs/weights/DM-CNN_model_20260116-10_22_PM_epoch_4_batch_id_1961_labels_2_title_0.001_AG_GN_LM_TRAINING_step_9821.pwf,/data/run1_offbeam_larcv_cropped_full_set.root,,2265,1030,0,,16,B_border,0.49289560317993164,0.5048751831054688,0.0,0.00392913818359375,0.01,0.37046928653185807,0.37046928653185807,True,0.3623134328358209,0.9427184466019417,0.37046928653185807,12,0.009708737864077669,0.009708737864077669,1.0,0.3623134328358209,0.4823862445354462,0.4894709885120392,0.8825242718446602,0.4513266570866108,0.05991125488653779,0.4,0.1,/vols/sbn/uboone/an1522/cam_methods/occlusion/B_border/run1_samples/mpid/occlusion__ENTRY_2265__offbeam_meta_16.txt
occlusion,mpid,/home/hep/an1522/dark_tridents_wspace/outputs/weights/DM-CNN_model_20260116-10_22_PM_epoch_4_batch_id_1961_labels_2_title_0.001_AG_GN_LM_TRAINING_step_9821.pwf,/data/run1_offbeam_larcv_cropped_full_set.root,,2265,1030,0,,2,B_border,0.4929957091808319,0.5047759413719177,0.0,0.00392913818359375,0.01,0.38992750858450975,0.38992750858450975,True,0.3887409661468239,0.9922330097087378,0.38992750858450975,11,0.009708737864077669,0.009708737864077669,1.0,0.3887409661468239,0.4580663773417475,0.48752695322036743,0.6242718446601941,0.4722336681559682,0.058500399766489866,0.1,0.1,/vols/sbn/uboone/an1522/cam_methods/occlusion/B_border/run1_samples/mpid/occlusion__ENTRY_2265__offbeam_meta_2.txt
occlusion,mpid,/home/hep/an1522/dark_tridents_wspace/outputs/weights/DM-CNN_model_20260116-10_22_PM_epoch_4_batch_id_1961_labels_2_title_0.001_AG_GN_LM_TRAINING_step_9821.pwf,/data/run1_offbeam_larcv_cropped_full_set.root,,2265,1030,0,,4,B_border,0.49289560317993164,0.5048751831054688,0.0,0.00392913818359375,0.01,0.38725677222434185,0.38725677222434185,True,0.38505311077389986,0.9854368932038835,0.38725677222434185,12,0.009708737864077669,0.009708737864077669,1.0,0.38505311077389986,0.47876430988311774,0.48806482553482056,0.8242718446601942,0.46330229118466376,0.07216296456754208,0.1,0.1,/vols/sbn/uboone/an1522/cam_methods/occlusion/B_border/run1_samples/mpid/occlusion__ENTRY_2265__offbeam_meta_4.txt
occlusion,mpid,/home/hep/an1522/dark_tridents_wspace/outputs/weights/DM-CNN_model_20260116-10_22_PM_epoch_4_batch_id_1961_labels_2_title_0.001_AG_GN_LM_TRAINING_step_9821.pwf,/data/run1_offbeam_larcv_cropped_full_set.root,,2265,1030,0,,8,B_border,0.4929957091808319,0.5047759413719177,0.0,0.00392913818359375,0.01,0.38153376573826786,0.38153376573826786,True,0.37721614485099964,0.970873786407767,0.38153376573826786,11,0.009708737864077669,0.009708737864077669,1.0,0.37721614485099964,0.4792742463946344,0.489345520734787,0.8689320388349514,0.4560697020962834,0.058377104345709085,0.4,0.1,/vols/sbn/uboone/an1522/cam_methods/occlusion/B_border/run1_samples/mpid/occlusion__ENTRY_2265__offbeam_meta_8.txt
occlusion,mpid,/home/hep/an1522/dark_tridents_wspace/outputs/weights/DM-CNN_model_20260116-10_22_PM_epoch_4_batch_id_1961_labels_2_title_0.001_AG_GN_LM_TRAINING_step_9821.pwf,/data/run1_NuMI_dirt_larcv_cropped.root,,2313,334,0,,16,B_border,0.4979492127895355,0.5023460388183594,0.0,0.00127410888671875,0.01,0.12743227775658145,0.12743227775658145,True,0.12743227775658145,1.0,0.12743227775658145,16,0.008982035928143712,0.008982035928143712,1.0,0.12743227775658145,0.43486897796392443,0.4646979868412018,0.7005988023952096,0.4754919551312923,0.07126131728291511,0.1,0.1,/vols/sbn/uboone/an1522/cam_methods/occlusion/B_border/run1_samples/mpid/occlusion__ENTRY_2313__dirt_meta_16.txt
occlusion,mpid,/home/hep/an1522/dark_tridents_wspace/outputs/weights/DM-CNN_model_20260116-10_22_PM_epoch_4_batch_id_1961_labels_2_title_0.001_AG_GN_LM_TRAINING_step_9821.pwf,/data/run1_NuMI_dirt_larcv_cropped.root,,2313,334,0,,2,B_border,0.49795815348625183,0.502337634563446,0.0,0.00127410888671875,0.01,0.12743227775658145,0.12743227775658145,True,0.12743227775658145,1.0,0.12743227775658145,16,0.008982035928143712,0.008982035928143712,1.0,0.12743227775658145,0.2755332750082017,0.4102102220058441,0.6437125748502994,0.4755013139918446,0.07127820309251547,0.1,0.1,/vols/sbn/uboone/an1522/cam_methods/occlusion/B_border/run1_samples/mpid/occlusion__ENTRY_2313__dirt_meta_2.txt
occlusion,mpid,/home/hep/an1522/dark_tridents_wspace/outputs/weights/DM-CNN_model_20260116-10_22_PM_epoch_4_batch_id_1961_labels_2_title_0.001_AG_GN_LM_TRAINING_step_9821.pwf,/data/run1_NuMI_dirt_larcv_cropped.root,,2313,334,0,,4,B_border,0.4979492127895355,0.5023460388183594,0.0,0.00127410888671875,0.01,0.12743227775658145,0.12743227775658145,True,0.12743227775658145,1.0,0.12743227775658145,16,0.008982035928143712,0.008982035928143712,1.0,0.12743227775658145,0.32935203850269323,0.3876694142818451,0.7395209580838323,0.4754919551312923,0.07126131728291511,0.1,0.1,/vols/sbn/uboone/an1522/cam_methods/occlusion/B_border/run1_samples/mpid/occlusion__ENTRY_2313__dirt_meta_4.txt
occlusion,mpid,/home/hep/an1522/dark_tridents_wspace/outputs/weights/DM-CNN_model_20260116-10_22_PM_epoch_4_batch_id_1961_labels_2_title_0.001_AG_GN_LM_TRAINING_step_9821.pwf,/data/run1_NuMI_dirt_larcv_cropped.root,,2313,334,0,,8,B_border,0.49795815348625183,0.502337634563446,0.0,0.00127410888671875,0.01,0.12743227775658145,0.12743227775658145,True,0.12743227775658145,1.0,0.12743227775658145,16,0.008982035928143712,0.008982035928143712,1.0,0.12743227775658145,0.3904014611244202,0.3969251811504364,0.7634730538922155,0.4755013139918446,0.07127820309251547,0.1,0.1,/vols/sbn/uboone/an1522/cam_methods/occlusion/B_border/run1_samples/mpid/occlusion__ENTRY_2313__dirt_meta_8.txt
occlusion,mpid,/home/hep/an1522/dark_tridents_wspace/outputs/weights/DM-CNN_model_20260116-10_22_PM_epoch_4_batch_id_1961_labels_2_title_0.001_AG_GN_LM_TRAINING_step_9821.pwf,/data/run1_NuMI_dirt_larcv_cropped.root,,3122,140,0,,16,B_border,0.49779462814331055,0.5052845478057861,0.0,0.0005340576171875,0.01,0.0534147272033575,0.0534147272033575,True,0.0534147272033575,1.0,0.0534147272033575,8,0.007142857142857143,0.007142857142857143,1.0,0.0534147272033575,0.46271910190582266,0.4653182625770569,0.7357142857142858,0.4753450997173786,0.07125358805060386,0.1,0.1,/vols/sbn/uboone/an1522/cam_methods/occlusion/B_border/run1_samples/mpid/occlusion__ENTRY_3122__dirt_meta_16.txt
occlusion,mpid,/home/hep/an1522/dark_tridents_wspace/outputs/weights/DM-CNN_model_20260116-10_22_PM_epoch_4_batch_id_1961_labels_2_title_0.001_AG_GN_LM_TRAINING_step_9821.pwf,/data/run1_NuMI_dirt_larcv_cropped.root,,3122,140,0,,2,B_border,0.49779462814331055,0.5052845478057861,0.0,0.0005340576171875,0.01,0.0534147272033575,0.0534147272033575,True,0.0534147272033575,1.0,0.0534147272033575,8,0.007142857142857143,0.007142857142857143,1.0,0.0534147272033575,0.3836792171001434,0.3951561450958252,0.6642857142857143,0.4753450997173786,0.07125358805060386,0.1,0.1,/vols/sbn/uboone/an1522/cam_methods/occlusion/B_border/run1_samples/mpid/occlusion__ENTRY_3122__dirt_meta_2.txt
occlusion,mpid,/home/hep/an1522/dark_tridents_wspace/outputs/weights/DM-CNN_model_20260116-10_22_PM_epoch_4_batch_id_1961_labels_2_title_0.001_AG_GN_LM_TRAINING_step_9821.pwf,/data/run1_NuMI_dirt_larcv_cropped.root,,3122,140,0,,4,B_border,0.49779462814331055,0.5052845478057861,0.0,0.0005340576171875,0.01,0.0534147272033575,0.0534147272033575,True,0.0534147272033575,1.0,0.0534147272033575,8,0.007142857142857143,0.007142857142857143,1.0,0.0534147272033575,0.40436829805374136,0.4185484051704407,0.7357142857142858,0.4753450997173786,0.07125358805060386,0.1,0.1,/vols/sbn/uboone/an1522/cam_methods/occlusion/B_border/run1_samples/mpid/occlusion__ENTRY_3122__dirt_meta_4.txt
occlusion,mpid,/home/hep/an1522/dark_tridents_wspace/outputs/weights/DM-CNN_model_20260116-10_22_PM_epoch_4_batch_id_1961_labels_2_title_0.001_AG_GN_LM_TRAINING_step_9821.pwf,/data/run1_NuMI_dirt_larcv_cropped.root,,3122,140,0,,8,B_border,0.49779462814331055,0.5052845478057861,0.0,0.0005340576171875,0.01,0.0534147272033575,0.0534147272033575,True,0.0534147272033575,1.0,0.0534147272033575,8,0.007142857142857143,0.007142857142857143,1.0,0.0534147272033575,0.4566526445746421,0.4585314989089966,0.6642857142857143,0.4753450997173786,0.07125358805060386,0.1,0.1,/vols/sbn/uboone/an1522/cam_methods/occlusion/B_border/run1_samples/mpid/occlusion__ENTRY_3122__dirt_meta_8.txt
occlusion,mpid,/home/hep/an1522/dark_tridents_wspace/outputs/weights/DM-CNN_model_20260116-10_22_PM_epoch_4_batch_id_1961_labels_2_title_0.001_AG_GN_LM_TRAINING_step_9821.pwf,/data/run1_offbeam_larcv_cropped_full_set.root,,3374,666,0,,16,B_border,0.49957525730133057,0.50640469789505,0.0,0.00254058837890625,0.01,0.23464326592903473,0.23464326592903473,True,0.23016467065868262,0.9234234234234234,0.23464326592903473,16,0.010510510510510511,0.010510510510510511,1.0,0.23016467065868262,0.32603776454925537,0.4080018997192383,0.19369369369369369,0.4410800592973828,0.04799642562866212,0.5,0.1,/vols/sbn/uboone/an1522/cam_methods/occlusion/B_border/run1_samples/mpid/occlusion__ENTRY_3374__offbeam_meta_16.txt
occlusion,mpid,/home/hep/an1522/dark_tridents_wspace/outputs/weights/DM-CNN_model_20260116-10_22_PM_epoch_4_batch_id_1961_labels_2_title_0.001_AG_GN_LM_TRAINING_step_9821.pwf,/data/run1_offbeam_larcv_cropped_full_set.root,,3374,666,0,,2,B_border,0.499565988779068,0.5064142942428589,0.0,0.00254058837890625,0.01,0.25181228538725675,0.25181228538725675,True,0.25123715264560337,0.990990990990991,0.25181228538725675,17,0.010510510510510511,0.010510510510510511,1.0,0.25123715264560337,0.3040101230144501,0.3258602023124695,0.22072072072072071,0.4759126298129558,0.03533182786777615,0.1,0.1,/vols/sbn/uboone/an1522/cam_methods/occlusion/B_border/run1_samples/mpid/occlusion__ENTRY_3374__offbeam_meta_2.txt
occlusion,mpid,/home/hep/an1522/dark_tridents_wspace/outputs/weights/DM-CNN_model_20260116-10_22_PM_epoch_4_batch_id_1961_labels_2_title_0.001_AG_GN_LM_TRAINING_step_9821.pwf,/data/run1_offbeam_larcv_cropped_full_set.root,,3374,666,0,,4,B_border,0.49957525730133057,0.50640469789505,0.0,0.00254058837890625,0.01,0.24990461655856544,0.24990461655856544,True,0.24886018237082067,0.9834834834834835,0.24990461655856544,17,0.010510510510510511,0.010510510510510511,1.0,0.24886018237082067,0.33437609672546387,0.35095399618148804,0.28678678678678676,0.47332932818681,0.03627512650564313,0.1,0.1,/vols/sbn/uboone/an1522/cam_methods/occlusion/B_border/run1_samples/mpid/occlusion__ENTRY_3374__offbeam_meta_4.txt
occlusion,mpid,/home/hep/an1522/dark_tridents_wspace/outputs/weights/DM-CNN_model_20260116-10_22_PM_epoch_4_batch_id_1961_labels_2_title_0.001_AG_GN_LM_TRAINING_step_9821.pwf,/data/run1_offbeam_larcv_cropped_full_set.root,,3374,666,0,,8,B_border,0.499565988779068,0.5064142942428589,0.0,0.00254058837890625,0.01,0.2457077451354445,0.2457077451354445,True,0.2436625047294741,0.9669669669669669,0.2457077451354445,17,0.010510510510510511,0.010510510510510511,1.0,0.2436625047294741,0.3853255182504657,0.4079921543598175,0.28678678678678676,0.46857182607054704,0.030341130611486734,0.1,0.1,/vols/sbn/uboone/an1522/cam_methods/occlusion/B_border/run1_samples/mpid/occlusion__ENTRY_3374__offbeam_meta_8.txt
occlusion,mpid,/home/hep/an1522/dark_tridents_wspace/outputs/weights/DM-CNN_model_20260116-10_22_PM_epoch_4_batch_id_1961_labels_2_title_0.001_AG_GN_LM_TRAINING_step_9821.pwf,/data/run1_NuMI_dirt_larcv_cropped.root,,414,729,0,,16,B_border,0.49938374757766724,0.49948185682296753,0.0,0.002780914306640625,0.01,0.20335749713849677,0.20335749713849677,True,0.18920837770678026,0.7311385459533608,0.20335749713849677,25,0.009602194787379973,0.009602194787379973,1.0,0.18920837770678026,0.4104429364204407,0.4307829737663269,0.5212620027434842,0.4401728706434369,0.08983488720841706,0.7000000000000001,0.1,/vols/sbn/uboone/an1522/cam_methods/occlusion/B_border/run1_samples/mpid/occlusion__ENTRY_414__dirt_meta_16.txt
occlusion,mpid,/home/hep/an1522/dark_tridents_wspace/outputs/weights/DM-CNN_model_20260116-10_22_PM_epoch_4_batch_id_1961_labels_2_title_0.001_AG_GN_LM_TRAINING_step_9821.pwf,/data/run1_NuMI_dirt_larcv_cropped.root,,414,729,0,,2,B_border,0.49940264225006104,0.49946317076683044,0.0,0.002780914306640625,0.01,0.2655475009538344,0.2655475009538344,True,0.26224566691785983,0.9547325102880658,0.2655475009538344,24,0.009602194787379973,0.009602194787379973,1.0,0.26224566691785983,0.34299712061882126,0.4482543468475342,0.654320987654321,0.4814690716564655,0.09623662540689112,0.1,0.1,/vols/sbn/uboone/an1522/cam_methods/occlusion/B_border/run1_samples/mpid/occlusion__ENTRY_414__dirt_meta_2.txt
occlusion,mpid,/home/hep/an1522/dark_tridents_wspace/outputs/weights/DM-CNN_model_20260116-10_22_PM_epoch_4_batch_id_1961_labels_2_title_0.001_AG_GN_LM_TRAINING_step_9821.pwf,/data/run1_NuMI_dirt_larcv_cropped.root,,414,729,0,,4,B_border,0.49938374757766724,0.49948185682296753,0.0,0.002780914306640625,0.01,0.25562762304463943,0.25562762304463943,True,0.25,0.9190672153635117,0.25562762304463943,23,0.009602194787379973,0.009602194787379973,1.0,0.25,0.3182052969932556,0.44014009833335876,0.43072702331961593,0.47830330301076174,0.07117683179676533,0.1,0.1,/vols/sbn/uboone/an1522/cam_methods/occlusion/B_border/run1_samples/mpid/occlusion__ENTRY_414__dirt_meta_4.txt
occlusion,mpid,/home/hep/an1522/dark_tridents_wspace/outputs/weights/DM-CNN_model_20260116-10_22_PM_epoch_4_batch_id_1961_labels_2_title_0.001_AG_GN_LM_TRAINING_step_9821.pwf,/data/run1_NuMI_dirt_larcv_cropped.root,,414,729,0,,8,B_border,0.49940264225006104,0.49946317076683044,0.0,0.002780914306640625,0.01,0.23922167111789394,0.23922167111789394,True,0.23026074182886522,0.8600823045267489,0.23922167111789394,23,0.009602194787379973,0.009602194787379973,1.0,0.23026074182886522,0.3949584782123567,0.4161602854728699,0.44170096021947874,0.47325964346528054,0.04817164638079703,0.1,0.1,/vols/sbn/uboone/an1522/cam_methods/occlusion/B_border/run1_samples/mpid/occlusion__ENTRY_414__dirt_meta_8.txt
occlusion,mpid,/home/hep/an1522/dark_tridents_wspace/outputs/weights/DM-CNN_model_20260116-10_22_PM_epoch_4_batch_id_1961_labels_2_title_0.001_AG_GN_LM_TRAINING_step_9821.pwf,/data/run1_NuMI_nu_overlay_larcv_cropped.root,,6438,2109,0,,16,B_border,0.4994056224822998,0.5006585717201233,0.0,0.008045196533203125,0.01,0.780618084700496,0.780618084700496,True,0.7622950819672131,0.9701280227596017,0.780618084700496,43,0.00995732574679943,0.00995732574679943,1.0,0.7622950819672131,0.3956000804901123,0.45028313994407654,0.6339497392128971,0.4931710975244641,0.04009687381330878,0.1,0.1,/vols/sbn/uboone/an1522/cam_methods/occlusion/B_border/run1_samples/mpid/occlusion__ENTRY_6438__nu_overlay_meta_16.txt
occlusion,mpid,/home/hep/an1522/dark_tridents_wspace/outputs/weights/DM-CNN_model_20260116-10_22_PM_epoch_4_batch_id_1961_labels_2_title_0.001_AG_GN_LM_TRAINING_step_9821.pwf,/data/run1_NuMI_nu_overlay_larcv_cropped.root,,6438,2109,0,,2,B_border,0.4992392957210541,0.5008243322372437,0.0,0.008045196533203125,0.01,0.8031285768790538,0.8031285768790538,True,0.8019047619047619,0.9981033665244191,0.8031285768790538,42,0.00995732574679943,0.00995732574679943,1.0,0.8019047619047619,0.2715822160243988,0.37366846203804016,0.6216216216216216,0.47579168900847435,0.07974555715918541,0.1,0.1,/vols/sbn/uboone/an1522/cam_methods/occlusion/B_border/run1_samples/mpid/occlusion__ENTRY_6438__nu_overlay_meta_2.txt
occlusion,mpid,/home/hep/an1522/dark_tridents_wspace/outputs/weights/DM-CNN_model_20260116-10_22_PM_epoch_4_batch_id_1961_labels_2_title_0.001_AG_GN_LM_TRAINING_step_9821.pwf,/data/run1_NuMI_nu_overlay_larcv_cropped.root,,6438,2109,0,,4,B_border,0.4992392957210541,0.5008243322372437,0.0,0.008045196533203125,0.01,0.8016024418161007,0.8016024418161007,True,0.799163179916318,0.9962067330488383,0.8016024418161007,42,0.00995732574679943,0.00995732574679943,1.0,0.799163179916318,0.29751116037368774,0.39969947934150696,0.5822664770033191,0.47535690292716026,0.11513492688536645,0.1,0.1,/vols/sbn/uboone/an1522/cam_methods/occlusion/B_border/run1_samples/mpid/occlusion__ENTRY_6438__nu_overlay_meta_4.txt
occlusion,mpid,/home/hep/an1522/dark_tridents_wspace/outputs/weights/DM-CNN_model_20260116-10_22_PM_epoch_4_batch_id_1961_labels_2_title_0.001_AG_GN_LM_TRAINING_step_9821.pwf,/data/run1_NuMI_nu_overlay_larcv_cropped.root,,6438,2109,0,,8,B_border,0.4992392957210541,0.5008243322372437,0.0,0.008045196533203125,0.01,0.7981686379244564,0.7981686379244564,True,0.7930250189537529,0.9919393077287814,0.7981686379244564,43,0.00995732574679943,0.00995732574679943,1.0,0.7930250189537529,0.35404577374458357,0.4373737871646881,0.6396396396396397,0.4733223937451839,0.09738489016890527,0.1,0.1,/vols/sbn/uboone/an1522/cam_methods/occlusion/B_border/run1_samples/mpid/occlusion__ENTRY_6438__nu_overlay_meta_8.txt
occlusion,mpid,/home/hep/an1522/dark_tridents_wspace/outputs/weights/DM-CNN_model_20260116-10_22_PM_epoch_4_batch_id_1961_labels_2_title_0.001_AG_GN_LM_TRAINING_step_9821.pwf,/data/run1_NuMI_nu_overlay_larcv_cropped.root,,734,1333,0,,16,B_border,0.5002497434616089,0.5005155205726624,0.0,0.005084991455078125,0.01,0.46699732926363985,0.46699732926363985,True,0.44835164835164837,0.9182295573893473,0.46699732926363985,15,0.009752438109527382,0.009752438109527382,1.0,0.44835164835164837,0.45998212695121765,0.4707983136177063,0.5873968492123031,0.4868436016142368,0.04004956877324731,0.1,0.1,/vols/sbn/uboone/an1522/cam_methods/occlusion/B_border/run1_samples/mpid/occlusion__ENTRY_734__nu_overlay_meta_16.txt
occlusion,mpid,/home/hep/an1522/dark_tridents_wspace/outputs/weights/DM-CNN_model_20260116-10_22_PM_epoch_4_batch_id_1961_labels_2_title_0.001_AG_GN_LM_TRAINING_step_9821.pwf,/data/run1_NuMI_nu_overlay_larcv_cropped.root,,734,1333,0,,2,B_border,0.4999464750289917,0.5008175373077393,0.0,0.005084991455078125,0.01,0.5040061045402519,0.5040061045402519,True,0.5017090770983669,0.9909977494373593,0.5040061045402519,17,0.009752438109527382,0.009752438109527382,1.0,0.5017090770983669,0.3082560205459595,0.44942182302474976,0.4913728432108027,0.4949683653190732,0.03842469202354551,0.1,0.1,/vols/sbn/uboone/an1522/cam_methods/occlusion/B_border/run1_samples/mpid/occlusion__ENTRY_734__nu_overlay_meta_2.txt
occlusion,mpid,/home/hep/an1522/dark_tridents_wspace/outputs/weights/DM-CNN_model_20260116-10_22_PM_epoch_4_batch_id_1961_labels_2_title_0.001_AG_GN_LM_TRAINING_step_9821.pwf,/data/run1_NuMI_nu_overlay_larcv_cropped.root,,734,1333,0,,4,B_border,0.5002497434616089,0.5005155205726624,0.0,0.005084991455078125,0.01,0.49904616558565434,0.49904616558565434,True,0.4943310657596372,0.981245311327832,0.49904616558565434,17,0.009752438109527382,0.009752438109527382,1.0,0.4943310657596372,0.35156816720962575,0.4552207291126251,0.4696174043510878,0.4980555362999439,0.049854107107967144,0.1,0.1,/vols/sbn/uboone/an1522/cam_methods/occlusion/B_border/run1_samples/mpid/occlusion__ENTRY_734__nu_overlay_meta_4.txt
occlusion,mpid,/home/hep/an1522/dark_tridents_wspace/outputs/weights/DM-CNN_model_20260116-10_22_PM_epoch_4_batch_id_1961_labels_2_title_0.001_AG_GN_LM_TRAINING_step_9821.pwf,/data/run1_NuMI_nu_overlay_larcv_cropped.root,,734,1333,0,,8,B_border,0.4999464750289917,0.5008175373077393,0.0,0.005084991455078125,0.01,0.4895078214421976,0.4895078214421976,True,0.4803444402845376,0.9624906226556639,0.4895078214421976,17,0.009752438109527382,0.009752438109527382,1.0,0.4803444402845376,0.427523374557496,0.4623498320579529,0.4981245311327832,0.4982987927272916,0.038887471053749324,0.1,0.1,/vols/sbn/uboone/an1522/cam_methods/occlusion/B_border/run1_samples/mpid/occlusion__ENTRY_734__nu_overlay_meta_8.txt
occlusion,resnet34_gn,/home/hep/an1522/dark_tridents_wspace/outputs/weights/resnet34_gn/resnet34_gn_model_20260123-12_20_AM_epoch_4_batch_id_1961_labels_2_step_9821.pwf,/data/run1_offbeam_larcv_cropped_full_set.root,,2265,1030,0,,16,B_border,0.2340458631515503,0.7640119791030884,0.0,0.00392913818359375,0.01,0.37046928653185807,0.37046928653185807,True,0.3623134328358209,0.9427184466019417,0.37046928653185807,12,0.009708737864077669,0.009708737864077669,1.0,0.3623134328358209,0.23110857605934143,0.23110857605934143,0.9019417475728155,0.2285140037536621,0.1384037091396749,0.4,0.1,/vols/sbn/uboone/an1522/cam_methods/occlusion/B_border/run1_samples/resnet34_gn/occlusion__ENTRY_2265__offbeam_meta_16.txt
occlusion,resnet34_gn,/home/hep/an1522/dark_tridents_wspace/outputs/weights/resnet34_gn/resnet34_gn_model_20260123-12_20_AM_epoch_4_batch_id_1961_labels_2_step_9821.pwf,/data/run1_offbeam_larcv_cropped_full_set.root,,2265,1030,0,,2,B_border,0.2340652346611023,0.7639924883842468,0.0,0.00392913818359375,0.01,0.38992750858450975,0.38992750858450975,True,0.3887409661468239,0.9922330097087378,0.38992750858450975,11,0.009708737864077669,0.009708737864077669,1.0,0.3887409661468239,0.17856653481721896,0.21625640988349915,0.8504854368932039,0.23193783760070802,0.13948928480967882,0.1,0.1,/vols/sbn/uboone/an1522/cam_methods/occlusion/B_border/run1_samples/resnet34_gn/occlusion__ENTRY_2265__offbeam_meta_2.txt
occlusion,resnet34_gn,/home/hep/an1522/dark_tridents_wspace/outputs/weights/resnet34_gn/resnet34_gn_model_20260123-12_20_AM_epoch_4_batch_id_1961_labels_2_step_9821.pwf,/data/run1_offbeam_larcv_cropped_full_set.root,,2265,1030,0,,4,B_border,0.2340652346611023,0.7639924883842468,0.0,0.00392913818359375,0.01,0.38725677222434185,0.38725677222434185,True,0.38505311077389986,0.9854368932038835,0.38725677222434185,12,0.009708737864077669,0.009708737864077669,1.0,0.38505311077389986,0.20844264775514612,0.2318112850189209,0.8650485436893204,0.23194748014211652,0.13917790465056898,0.1,0.1,/vols/sbn/uboone/an1522/cam_methods/occlusion/B_border/run1_samples/resnet34_gn/occlusion__ENTRY_2265__offbeam_meta_4.txt
occlusion,resnet34_gn,/home/hep/an1522/dark_tridents_wspace/outputs/weights/resnet34_gn/resnet34_gn_model_20260123-12_20_AM_epoch_4_batch_id_1961_labels_2_step_9821.pwf,/data/run1_offbeam_larcv_cropped_full_set.root,,2265,1030,0,,8,B_border,0.2340652346611023,0.7639924883842468,0.0,0.00392913818359375,0.01,0.38153376573826786,0.38153376573826786,True,0.37721614485099964,0.970873786407767,0.38153376573826786,11,0.009708737864077669,0.009708737864077669,1.0,0.37721614485099964,0.23113051056861877,0.23113051056861877,0.8951456310679612,0.2306928187608719,0.13859860827215018,0.4,0.1,/vols/sbn/uboone/an1522/cam_methods/occlusion/B_border/run1_samples/resnet34_gn/occlusion__ENTRY_2265__offbeam_meta_8.txt
occlusion,resnet34_gn,/home/hep/an1522/dark_tridents_wspace/outputs/weights/resnet34_gn/resnet34_gn_model_20260123-12_20_AM_epoch_4_batch_id_1961_labels_2_step_9821.pwf,/data/run1_NuMI_dirt_larcv_cropped.root,,2313,334,0,,16,B_border,0.892543613910675,0.10764914751052856,0.0,0.00127410888671875,0.01,0.12743227775658145,0.12743227775658145,True,0.12743227775658145,1.0,0.12743227775658145,16,0.008982035928143712,0.008982035928143712,1.0,0.12743227775658145,0.8359662622213364,0.8554018139839172,0.7604790419161677,0.8575353428721428,0.22738646417856218,0.1,0.1,/vols/sbn/uboone/an1522/cam_methods/occlusion/B_border/run1_samples/resnet34_gn/occlusion__ENTRY_2313__dirt_meta_16.txt
occlusion,resnet34_gn,/home/hep/an1522/dark_tridents_wspace/outputs/weights/resnet34_gn/resnet34_gn_model_20260123-12_20_AM_epoch_4_batch_id_1961_labels_2_step_9821.pwf,/data/run1_NuMI_dirt_larcv_cropped.root,,2313,334,0,,2,B_border,0.892532229423523,0.10766055434942245,0.0,0.00127410888671875,0.01,0.12743227775658145,0.12743227775658145,True,0.12743227775658145,1.0,0.12743227775658145,16,0.008982035928143712,0.008982035928143712,1.0,0.12743227775658145,0.7714202636480332,0.819784939289093,0.5718562874251497,0.8575244650244713,0.22738470584154136,0.1,0.1,/vols/sbn/uboone/an1522/cam_methods/occlusion/B_border/run1_samples/resnet34_gn/occlusion__ENTRY_2313__dirt_meta_2.txt
occlusion,resnet34_gn,/home/hep/an1522/dark_tridents_wspace/outputs/weights/resnet34_gn/resnet34_gn_model_20260123-12_20_AM_epoch_4_batch_id_1961_labels_2_step_9821.pwf,/data/run1_NuMI_dirt_larcv_cropped.root,,2313,334,0,,4,B_border,0.892543613910675,0.10764914751052856,0.0,0.00127410888671875,0.01,0.12743227775658145,0.12743227775658145,True,0.12743227775658145,1.0,0.12743227775658145,16,0.008982035928143712,0.008982035928143712,1.0,0.12743227775658145,0.7592175084352494,0.8028916716575623,0.6826347305389222,0.8575353428721428,0.22738646417856218,0.1,0.1,/vols/sbn/uboone/an1522/cam_methods/occlusion/B_border/run1_samples/resnet34_gn/occlusion__ENTRY_2313__dirt_meta_4.txt
occlusion,resnet34_gn,/home/hep/an1522/dark_tridents_wspace/outputs/weights/resnet34_gn/resnet34_gn_model_20260123-12_20_AM_epoch_4_batch_id_1961_labels_2_step_9821.pwf,/data/run1_NuMI_dirt_larcv_cropped.root,,2313,334,0,,8,B_border,0.892532229423523,0.10766055434942245,0.0,0.00127410888671875,0.01,0.12743227775658145,0.12743227775658145,True,0.12743227775658145,1.0,0.12743227775658145,16,0.008982035928143712,0.008982035928143712,1.0,0.12743227775658145,0.8302183920145035,0.8401520848274231,0.7724550898203593,0.8575244650244713,0.22738470584154136,0.1,0.1,/vols/sbn/uboone/an1522/cam_methods/occlusion/B_border/run1_samples/resnet34_gn/occlusion__ENTRY_2313__dirt_meta_8.txt
occlusion,resnet34_gn,/home/hep/an1522/dark_tridents_wspace/outputs/weights/resnet34_gn/resnet34_gn_model_20260123-12_20_AM_epoch_4_batch_id_1961_labels_2_step_9821.pwf,/data/run1_NuMI_dirt_larcv_cropped.root,,3122,140,0,,16,B_border,0.04905136674642563,0.9506250023841858,0.0,0.0005340576171875,0.01,0.0534147272033575,0.0534147272033575,True,0.0534147272033575,1.0,0.0534147272033575,8,0.007142857142857143,0.007142857142857143,1.0,0.0534147272033575,0.14605429768562317,0.14605429768562317,0.7928571428571428,0.05621770806610585,0.1852118518203497,0.0,0.0,/vols/sbn/uboone/an1522/cam_methods/occlusion/B_border/run1_samples/resnet34_gn/occlusion__ENTRY_3122__dirt_meta_16.txt
occlusion,resnet34_gn,/home/hep/an1522/dark_tridents_wspace/outputs/weights/resnet34_gn/resnet34_gn_model_20260123-12_20_AM_epoch_4_batch_id_1961_labels_2_step_9821.pwf,/data/run1_NuMI_dirt_larcv_cropped.root,,3122,140,0,,2,B_border,0.04905136674642563,0.9506250023841858,0.0,0.0005340576171875,0.01,0.0534147272033575,0.0534147272033575,True,0.0534147272033575,1.0,0.0534147272033575,8,0.007142857142857143,0.007142857142857143,1.0,0.0534147272033575,0.2119613370299337,0.24694067239761353,0.5,0.05621770806610585,0.1852118518203497,0.0,0.0,/vols/sbn/uboone/an1522/cam_methods/occlusion/B_border/run1_samples/resnet34_gn/occlusion__ENTRY_3122__dirt_meta_2.txt
occlusion,resnet34_gn,/home/hep/an1522/dark_tridents_wspace/outputs/weights/resnet34_gn/resnet34_gn_model_20260123-12_20_AM_epoch_4_batch_id_1961_labels_2_step_9821.pwf,/data/run1_NuMI_dirt_larcv_cropped.root,,3122,140,0,,4,B_border,0.0490572527050972,0.950619101524353,0.0,0.0005340576171875,0.01,0.0534147272033575,0.0534147272033575,True,0.0534147272033575,1.0,0.0534147272033575,8,0.007142857142857143,0.007142857142857143,1.0,0.0534147272033575,0.14612352848052979,0.14612352848052979,0.7142857142857143,0.05622323714196682,0.18521095700562007,0.0,0.0,/vols/sbn/uboone/an1522/cam_methods/occlusion/B_border/run1_samples/resnet34_gn/occlusion__ENTRY_3122__dirt_meta_4.txt
occlusion,resnet34_gn,/home/hep/an1522/dark_tridents_wspace/outputs/weights/resnet34_gn/resnet34_gn_model_20260123-12_20_AM_epoch_4_batch_id_1961_labels_2_step_9821.pwf,/data/run1_NuMI_dirt_larcv_cropped.root,,3122,140,0,,8,B_border,0.04905136674642563,0.9506250023841858,0.0,0.0005340576171875,0.01,0.0534147272033575,0.0534147272033575,True,0.0534147272033575,1.0,0.0534147272033575,8,0.007142857142857143,0.007142857142857143,1.0,0.0534147272033575,0.14605429768562317,0.14605429768562317,0.7428571428571429,0.05621770806610585,0.1852118518203497,0.0,0.0,/vols/sbn/uboone/an1522/cam_methods/occlusion/B_border/run1_samples/resnet34_gn/occlusion__ENTRY_3122__dirt_meta_8.txt
occlusion,resnet34_gn,/home/hep/an1522/dark_tridents_wspace/outputs/weights/resnet34_gn/resnet34_gn_model_20260123-12_20_AM_epoch_4_batch_id_1961_labels_2_step_9821.pwf,/data/run1_offbeam_larcv_cropped_full_set.root,,3374,666,0,,16,B_border,0.4182586073875427,0.5806353688240051,0.0,0.00254058837890625,0.01,0.23464326592903473,0.23464326592903473,True,0.23016467065868262,0.9234234234234234,0.23464326592903473,16,0.010510510510510511,0.010510510510510511,1.0,0.23016467065868262,0.3526681333780292,0.3737789988517761,0.38288288288288286,0.388401372730732,0.03826976614072919,0.1,0.1,/vols/sbn/uboone/an1522/cam_methods/occlusion/B_border/run1_samples/resnet34_gn/occlusion__ENTRY_3374__offbeam_meta_16.txt
occlusion,resnet34_gn,/home/hep/an1522/dark_tridents_wspace/outputs/weights/resnet34_gn/resnet34_gn_model_20260123-12_20_AM_epoch_4_batch_id_1961_labels_2_step_9821.pwf,/data/run1_offbeam_larcv_cropped_full_set.root,,3374,666,0,,2,B_border,0.4182972311973572,0.5805970430374146,0.0,0.00254058837890625,0.01,0.25181228538725675,0.25181228538725675,True,0.25123715264560337,0.990990990990991,0.25181228538725675,17,0.010510510510510511,0.010510510510510511,1.0,0.25123715264560337,0.28840299397706987,0.3125322163105011,0.3768768768768769,0.40546008199453354,0.04050784120336175,0.1,0.1,/vols/sbn/uboone/an1522/cam_methods/occlusion/B_border/run1_samples/resnet34_gn/occlusion__ENTRY_3374__offbeam_meta_2.txt
occlusion,resnet34_gn,/home/hep/an1522/dark_tridents_wspace/outputs/weights/resnet34_gn/resnet34_gn_model_20260123-12_20_AM_epoch_4_batch_id_1961_labels_2_step_9821.pwf,/data/run1_offbeam_larcv_cropped_full_set.root,,3374,666,0,,4,B_border,0.4182972311973572,0.5805970430374146,0.0,0.00254058837890625,0.01,0.24990461655856544,0.24990461655856544,True,0.24886018237082067,0.9834834834834835,0.24990461655856544,17,0.010510510510510511,0.010510510510510511,1.0,0.24886018237082067,0.306033194065094,0.31981033086776733,0.40540540540540543,0.3998510196805,0.038756163418293,0.1,0.1,/vols/sbn/uboone/an1522/cam_methods/occlusion/B_border/run1_samples/resnet34_gn/occlusion__ENTRY_3374__offbeam_meta_4.txt
occlusion,resnet34_gn,/home/hep/an1522/dark_tridents_wspace/outputs/weights/resnet34_gn/resnet34_gn_model_20260123-12_20_AM_epoch_4_batch_id_1961_labels_2_step_9821.pwf,/data/run1_offbeam_larcv_cropped_full_set.root,,3374,666,0,,8,B_border,0.4182972311973572,0.5805970430374146,0.0,0.00254058837890625,0.01,0.2457077451354445,0.2457077451354445,True,0.2436625047294741,0.9669669669669669,0.2457077451354445,17,0.010510510510510511,0.010510510510510511,1.0,0.2436625047294741,0.25556129217147827,0.2641459107398987,0.44894894894894893,0.3928567573428154,0.037085620360448955,0.1,0.1,/vols/sbn/uboone/an1522/cam_methods/occlusion/B_border/run1_samples/resnet34_gn/occlusion__ENTRY_3374__offbeam_meta_8.txt
occlusion,resnet34_gn,/home/hep/an1522/dark_tridents_wspace/outputs/weights/resnet34_gn/resnet34_gn_model_20260123-12_20_AM_epoch_4_batch_id_1961_labels_2_step_9821.pwf,/data/run1_NuMI_dirt_larcv_cropped.root,,414,729,0,,16,B_border,0.006278684828430414,0.9936356544494629,0.0,0.002780914306640625,0.01,0.20335749713849677,0.20335749713849677,True,0.18920837770678026,0.7311385459533608,0.20335749713849677,25,0.009602194787379973,0.009602194787379973,1.0,0.18920837770678026,0.003868171339854598,0.004711481276899576,0.3676268861454047,0.01691873611416668,0.03517298141960054,0.0,0.0,/vols/sbn/uboone/an1522/cam_methods/occlusion/B_border/run1_samples/resnet34_gn/occlusion__ENTRY_414__dirt_meta_16.txt
occlusion,resnet34_gn,/home/hep/an1522/dark_tridents_wspace/outputs/weights/resnet34_gn/resnet34_gn_model_20260123-12_20_AM_epoch_4_batch_id_1961_labels_2_step_9821.pwf,/data/run1_NuMI_dirt_larcv_cropped.root,,414,729,0,,2,B_border,0.006277129054069519,0.993637204170227,0.0,0.002780914306640625,0.01,0.2655475009538344,0.2655475009538344,True,0.26224566691785983,0.9547325102880658,0.2655475009538344,24,0.009602194787379973,0.009602194787379973,1.0,0.26224566691785983,0.004463363885879541,0.010624412447214127,0.1934156378600823,0.015784829435870052,0.053877866407856335,0.0,0.0,/vols/sbn/uboone/an1522/cam_methods/occlusion/B_border/run1_samples/resnet34_gn/occlusion__ENTRY_414__dirt_meta_2.txt
occlusion,resnet34_gn,/home/hep/an1522/dark_tridents_wspace/outputs/weights/resnet34_gn/resnet34_gn_model_20260123-12_20_AM_epoch_4_batch_id_1961_labels_2_step_9821.pwf,/data/run1_NuMI_dirt_larcv_cropped.root,,414,729,0,,4,B_border,0.006277129054069519,0.993637204170227,0.0,0.002780914306640625,0.01,0.25562762304463943,0.25562762304463943,True,0.25,0.9190672153635117,0.25562762304463943,23,0.009602194787379973,0.009602194787379973,1.0,0.25,0.003711896408349277,0.008744792081415653,0.29492455418381347,0.01574635854922235,0.03647019625641405,0.0,0.0,/vols/sbn/uboone/an1522/cam_methods/occlusion/B_border/run1_samples/resnet34_gn/occlusion__ENTRY_414__dirt_meta_4.txt
occlusion,resnet34_gn,/home/hep/an1522/dark_tridents_wspace/outputs/weights/resnet34_gn/resnet34_gn_model_20260123-12_20_AM_epoch_4_batch_id_1961_labels_2_step_9821.pwf,/data/run1_NuMI_dirt_larcv_cropped.root,,414,729,0,,8,B_border,0.006277129054069519,0.993637204170227,0.0,0.002780914306640625,0.01,0.23922167111789394,0.23922167111789394,True,0.23026074182886522,0.8600823045267489,0.23922167111789394,23,0.009602194787379973,0.009602194787379973,1.0,0.23026074182886522,0.003750164443627,0.004713327623903751,0.4074074074074074,0.015993773145601155,0.03472765279002487,0.0,0.0,/vols/sbn/uboone/an1522/cam_methods/occlusion/B_border/run1_samples/resnet34_gn/occlusion__ENTRY_414__dirt_meta_8.txt
occlusion,resnet34_gn,/home/hep/an1522/dark_tridents_wspace/outputs/weights/resnet34_gn/resnet34_gn_model_20260123-12_20_AM_epoch_4_batch_id_1961_labels_2_step_9821.pwf,/data/run1_NuMI_nu_overlay_larcv_cropped.root,,6438,2109,0,,16,B_border,0.0064224982634186745,0.9935245513916016,0.0,0.008045196533203125,0.01,0.780618084700496,0.780618084700496,True,0.7622950819672131,0.9701280227596017,0.780618084700496,43,0.00995732574679943,0.00995732574679943,1.0,0.7622950819672131,0.014463141523301613,0.154951274394989,0.65149359886202,0.015576461702585219,0.04980671633966266,0.0,0.0,/vols/sbn/uboone/an1522/cam_methods/occlusion/B_border/run1_samples/resnet34_gn/occlusion__ENTRY_6438__nu_overlay_meta_16.txt
occlusion,resnet34_gn,/home/hep/an1522/dark_tridents_wspace/outputs/weights/resnet34_gn/resnet34_gn_model_20260123-12_20_AM_epoch_4_batch_id_1961_labels_2_step_9821.pwf,/data/run1_NuMI_nu_overlay_larcv_cropped.root,,6438,2109,0,,2,B_border,0.0064224982634186745,0.9935245513916016,0.0,0.008045196533203125,0.01,0.8023655093475772,0.8031285768790538,True,0.8005329272934907,0.9971550497866287,0.8023655093475772,45,0.00995732574679943,0.00995732574679943,1.0,0.8019047619047619,0.010709378086030508,0.3693273663520813,0.620199146514936,0.015716607496142388,0.0937546853441745,0.0,0.0,/vols/sbn/uboone/an1522/cam_methods/occlusion/B_border/run1_samples/resnet34_gn/occlusion__ENTRY_6438__nu_overlay_meta_2.txt
occlusion,resnet34_gn,/home/hep/an1522/dark_tridents_wspace/outputs/weights/resnet34_gn/resnet34_gn_model_20260123-12_20_AM_epoch_4_batch_id_1961_labels_2_step_9821.pwf,/data/run1_NuMI_nu_overlay_larcv_cropped.root,,6438,2109,0,,4,B_border,0.0064224982634186745,0.9935245513916016,0.0,0.008045196533203125,0.01,0.8016024418161007,0.8016024418161007,True,0.799163179916318,0.9962067330488383,0.8016024418161007,42,0.00995732574679943,0.00995732574679943,1.0,0.799163179916318,0.0035192820429802004,0.41584572196006775,0.6036036036036037,0.015708383219316602,0.07051527765579521,0.0,0.0,/vols/sbn/uboone/an1522/cam_methods/occlusion/B_border/run1_samples/resnet34_gn/occlusion__ENTRY_6438__nu_overlay_meta_4.txt
occlusion,resnet34_gn,/home/hep/an1522/dark_tridents_wspace/outputs/weights/resnet34_gn/resnet34_gn_model_20260123-12_20_AM_epoch_4_batch_id_1961_labels_2_step_9821.pwf,/data/run1_NuMI_nu_overlay_larcv_cropped.root,,6438,2109,0,,8,B_border,0.0064224982634186745,0.9935245513916016,0.0,0.008045196533203125,0.01,0.7981686379244564,0.7981686379244564,True,0.7930250189537529,0.9919393077287814,0.7981686379244564,43,0.00995732574679943,0.00995732574679943,1.0,0.7930250189537529,0.03129339843988482,0.14698481559753418,0.665244191559981,0.015689343167468905,0.07069522789679467,0.0,0.0,/vols/sbn/uboone/an1522/cam_methods/occlusion/B_border/run1_samples/resnet34_gn/occlusion__ENTRY_6438__nu_overlay_meta_8.txt
occlusion,resnet34_gn,/home/hep/an1522/dark_tridents_wspace/outputs/weights/resnet34_gn/resnet34_gn_model_20260123-12_20_AM_epoch_4_batch_id_1961_labels_2_step_9821.pwf,/data/run1_NuMI_nu_overlay_larcv_cropped.root,,734,1333,0,,16,B_border,0.005425998941063881,0.9945136308670044,0.0,0.005084991455078125,0.01,0.46661579549790155,0.46699732926363985,True,0.4478213108751373,0.9174793698424606,0.46661579549790155,15,0.009752438109527382,0.009752438109527382,1.0,0.44835164835164837,0.0012747452966868883,0.0035594338551163673,0.43060765191297823,0.015087733510881664,0.014948173239827153,0.0,0.0,/vols/sbn/uboone/an1522/cam_methods/occlusion/B_border/run1_samples/resnet34_gn/occlusion__ENTRY_734__nu_overlay_meta_16.txt
occlusion,resnet34_gn,/home/hep/an1522/dark_tridents_wspace/outputs/weights/resnet34_gn/resnet34_gn_model_20260123-12_20_AM_epoch_4_batch_id_1961_labels_2_step_9821.pwf,/data/run1_NuMI_nu_overlay_larcv_cropped.root,,734,1333,0,,2,B_border,0.005425754468888044,0.9945138692855835,0.0,0.005084991455078125,0.01,0.5040061045402519,0.5040061045402519,True,0.5017090770983669,0.9909977494373593,0.5040061045402519,17,0.009752438109527382,0.009752438109527382,1.0,0.5017090770983669,0.0020731035619974162,0.003027342725545168,0.11177794448612154,0.01480843515601009,0.022433470538817345,0.0,0.0,/vols/sbn/uboone/an1522/cam_methods/occlusion/B_border/run1_samples/resnet34_gn/occlusion__ENTRY_734__nu_overlay_meta_2.txt
occlusion,resnet34_gn,/home/hep/an1522/dark_tridents_wspace/outputs/weights/resnet34_gn/resnet34_gn_model_20260123-12_20_AM_epoch_4_batch_id_1961_labels_2_step_9821.pwf,/data/run1_NuMI_nu_overlay_larcv_cropped.root,,734,1333,0,,4,B_border,0.005425754468888044,0.9945138692855835,0.0,0.005084991455078125,0.01,0.49904616558565434,0.49866463181991605,True,0.4943310657596372,0.981245311327832,0.49904616558565434,17,0.009752438109527382,0.009752438109527382,1.0,0.4937665281450699,0.002652063239365821,0.004513605963438749,0.22280570142535633,0.014836582238785923,0.01929228522349149,0.0,0.0,/vols/sbn/uboone/an1522/cam_methods/occlusion/B_border/run1_samples/resnet34_gn/occlusion__ENTRY_734__nu_overlay_meta_4.txt
occlusion,resnet34_gn,/home/hep/an1522/dark_tridents_wspace/outputs/weights/resnet34_gn/resnet34_gn_model_20260123-12_20_AM_epoch_4_batch_id_1961_labels_2_step_9821.pwf,/data/run1_NuMI_nu_overlay_larcv_cropped.root,,734,1333,0,,8,B_border,0.005425754468888044,0.9945138692855835,0.0,0.005084991455078125,0.01,0.4895078214421976,0.4895078214421976,True,0.4803444402845376,0.9624906226556639,0.4895078214421976,17,0.009752438109527382,0.009752438109527382,1.0,0.4803444402845376,0.0032788298837841063,0.005374965723603964,0.49287321830457614,0.01495697300415486,0.015913969953544434,0.0,0.0,/vols/sbn/uboone/an1522/cam_methods/occlusion/B_border/run1_samples/resnet34_gn/occlusion__ENTRY_734__nu_overlay_meta_8.txt
occlusion,mpid,/home/hep/an1522/dark_tridents_wspace/outputs/weights/DM-CNN_model_20260116-10_22_PM_epoch_4_batch_id_1961_labels_2_title_0.001_AG_GN_LM_TRAINING_step_9821.pwf,/data/run1_dt_ratio_0.6_ma_0.3_eta_larcv_cropped.root,0.3,10861,2448,0,,16,B_border,0.49996161460876465,0.49948662519454956,0.0,0.00933837890625,0.01,0.8603586417397939,0.8603586417397939,True,0.8013503909026297,0.9211601307189542,0.8603586417397939,61,0.00980392156862745,0.00980392156862745,1.0,0.8013503909026297,0.3034381616115577,0.41829633712768555,0.6560457516339869,0.4440070517361163,0.13503217026591302,0.7000000000000001,0.1,/vols/sbn/uboone/an1522/cam_methods/occlusion/B_border/run1_signal/mpid/occlusion__ENTRY_10861_meta_16.txt
occlusion,mpid,/home/hep/an1522/dark_tridents_wspace/outputs/weights/DM-CNN_model_20260116-10_22_PM_epoch_4_batch_id_1961_labels_2_title_0.001_AG_GN_LM_TRAINING_step_9821.pwf,/data/run1_dt_ratio_0.6_ma_0.3_eta_larcv_cropped.root,0.3,10861,2448,0,,2,B_border,0.5000272989273071,0.4994211494922638,0.0,0.00933837890625,0.01,0.9229301793208698,0.9229301793208698,True,0.9128301886792453,0.9881535947712419,0.9229301793208698,66,0.00980392156862745,0.00980392156862745,1.0,0.9128301886792453,0.30537025451660255,0.4283222258090973,0.42892156862745096,0.4771802918985486,0.04325474160723388,0.1,0.1,/vols/sbn/uboone/an1522/cam_methods/occlusion/B_border/run1_signal/mpid/occlusion__ENTRY_10861_meta_2.txt
occlusion,mpid,/home/hep/an1522/dark_tridents_wspace/outputs/weights/DM-CNN_model_20260116-10_22_PM_epoch_4_batch_id_1961_labels_2_title_0.001_AG_GN_LM_TRAINING_step_9821.pwf,/data/run1_dt_ratio_0.6_ma_0.3_eta_larcv_cropped.root,0.3,10861,2448,0,,4,B_border,0.5000272989273071,0.4994211494922638,0.0,0.00933837890625,0.01,0.9141549027088898,0.9141549027088898,True,0.8963711185933408,0.9787581699346405,0.9141549027088898,68,0.00980392156862745,0.00980392156862745,1.0,0.8963711185933408,0.32749879360198975,0.4389016032218933,0.43014705882352944,0.4753829972818494,0.08245553355664016,0.1,0.1,/vols/sbn/uboone/an1522/cam_methods/occlusion/B_border/run1_signal/mpid/occlusion__ENTRY_10861_meta_4.txt
occlusion,mpid,/home/hep/an1522/dark_tridents_wspace/outputs/weights/DM-CNN_model_20260116-10_22_PM_epoch_4_batch_id_1961_labels_2_title_0.001_AG_GN_LM_TRAINING_step_9821.pwf,/data/run1_dt_ratio_0.6_ma_0.3_eta_larcv_cropped.root,0.3,10861,2448,0,,8,B_border,0.5000272989273071,0.4994211494922638,0.0,0.00933837890625,0.01,0.8924074780618084,0.8924074780618084,True,0.8567765567765567,0.9554738562091504,0.8924074780618084,82,0.00980392156862745,0.00980392156862745,1.0,0.8567765567765567,0.25336776852607895,0.38509076833724976,0.497140522875817,0.46674222517758607,0.11211776565760374,0.1,0.1,/vols/sbn/uboone/an1522/cam_methods/occlusion/B_border/run1_signal/mpid/occlusion__ENTRY_10861_meta_8.txt
occlusion,mpid,/home/hep/an1522/dark_tridents_wspace/outputs/weights/DM-CNN_model_20260116-10_22_PM_epoch_4_batch_id_1961_labels_2_title_0.001_AG_GN_LM_TRAINING_step_9821.pwf,/data/run1_dt_ratio_0.6_ma_0.3_eta_larcv_cropped.root,0.3,11799,2176,0,,16,B_border,0.4999734163284302,0.500789999961853,0.0,0.00830078125,0.01,0.7882487600152613,0.7882487600152613,True,0.7564994507506408,0.9494485294117647,0.7882487600152613,41,0.01011029411764706,0.01011029411764706,1.0,0.7564994507506408,0.4787430614233017,0.4958641231060028,0.22977941176470587,0.466759897954762,0.0518219331279397,0.1,0.1,/vols/sbn/uboone/an1522/cam_methods/occlusion/B_border/run1_signal/mpid/occlusion__ENTRY_11799_meta_16.txt
occlusion,mpid,/home/hep/an1522/dark_tridents_wspace/outputs/weights/DM-CNN_model_20260116-10_22_PM_epoch_4_batch_id_1961_labels_2_title_0.001_AG_GN_LM_TRAINING_step_9821.pwf,/data/run1_dt_ratio_0.6_ma_0.3_eta_larcv_cropped.root,0.3,11799,2176,0,,2,B_border,0.4999734163284302,0.500789999961853,0.0,0.00830078125,0.01,0.8237314002289202,0.8237314002289202,True,0.8184230477634572,0.9921875,0.8237314002289202,42,0.01011029411764706,0.01011029411764706,1.0,0.8184230477634572,0.17075165361166,0.46560564637184143,0.34099264705882354,0.478845931775868,0.0938012344762683,0.1,0.1,/vols/sbn/uboone/an1522/cam_methods/occlusion/B_border/run1_signal/mpid/occlusion__ENTRY_11799_meta_2.txt
occlusion,mpid,/home/hep/an1522/dark_tridents_wspace/outputs/weights/DM-CNN_model_20260116-10_22_PM_epoch_4_batch_id_1961_labels_2_title_0.001_AG_GN_LM_TRAINING_step_9821.pwf,/data/run1_dt_ratio_0.6_ma_0.3_eta_larcv_cropped.root,0.3,11799,2176,0,,4,B_border,0.5000041127204895,0.5007591843605042,0.0,0.00830078125,0.01,0.8130484547882487,0.8130484547882487,True,0.799324831207802,0.9793198529411765,0.8130484547882487,43,0.01011029411764706,0.01011029411764706,1.0,0.799324831207802,0.3594881147146225,0.45745450258255005,0.2899816176470588,0.47545251622796064,0.18288208767771724,0.1,0.1,/vols/sbn/uboone/an1522/cam_methods/occlusion/B_border/run1_signal/mpid/occlusion__ENTRY_11799_meta_4.txt
occlusion,mpid,/home/hep/an1522/dark_tridents_wspace/outputs/weights/DM-CNN_model_20260116-10_22_PM_epoch_4_batch_id_1961_labels_2_title_0.001_AG_GN_LM_TRAINING_step_9821.pwf,/data/run1_dt_ratio_0.6_ma_0.3_eta_larcv_cropped.root,0.3,11799,2176,0,,8,B_border,0.4999734163284302,0.500789999961853,0.0,0.00830078125,0.01,0.8027470431133156,0.8027470431133156,True,0.7812848124767917,0.9669117647058824,0.8027470431133156,43,0.01011029411764706,0.01011029411764706,1.0,0.7812848124767917,0.455452099442482,0.48006895184516907,0.27619485294117646,0.4620951967313886,0.053770039416849616,0.1,0.1,/vols/sbn/uboone/an1522/cam_methods/occlusion/B_border/run1_signal/mpid/occlusion__ENTRY_11799_meta_8.txt
occlusion,mpid,/home/hep/an1522/dark_tridents_wspace/outputs/weights/DM-CNN_model_20260116-10_22_PM_epoch_4_batch_id_1961_labels_2_title_0.001_AG_GN_LM_TRAINING_step_9821.pwf,/data/run1_dt_ratio_0.6_ma_0.05_eta_larcv_cropped.root,0.05,143,2855,0,,16,B_border,0.5001280903816223,0.50267094373703,0.0,0.010890960693359375,0.01,1.0,1.0,True,0.9180385288966725,0.9180385288966725,1.0,46,0.010157618213660246,0.010157618213660246,1.0,0.9180385288966725,0.34842628240585327,0.4107123017311096,0.6007005253940455,0.4826899237930775,0.07089194022119046,0.1,0.1,/vols/sbn/uboone/an1522/cam_methods/occlusion/B_border/run1_signal/mpid/occlusion__ENTRY_143_meta_16.txt
occlusion,mpid,/home/hep/an1522/dark_tridents_wspace/outputs/weights/DM-CNN_model_20260116-10_22_PM_epoch_4_batch_id_1961_labels_2_title_0.001_AG_GN_LM_TRAINING_step_9821.pwf,/data/run1_dt_ratio_0.6_ma_0.05_eta_larcv_cropped.root,0.05,143,2855,0,,2,B_border,0.5000646114349365,0.502734899520874,0.0,0.010890960693359375,0.01,1.0,1.0,True,0.9180385288966725,0.9180385288966725,1.0,83,0.010157618213660246,0.010157618213660246,1.0,0.9180385288966725,0.27624513983726534,0.4085163474082947,0.6066549912434326,0.47363412547856576,0.04574354651849717,0.1,0.1,/vols/sbn/uboone/an1522/cam_methods/occlusion/B_border/run1_signal/mpid/occlusion__ENTRY_143_meta_2.txt
occlusion,mpid,/home/hep/an1522/dark_tridents_wspace/outputs/weights/DM-CNN_model_20260116-10_22_PM_epoch_4_batch_id_1961_labels_2_title_0.001_AG_GN_LM_TRAINING_step_9821.pwf,/data/run1_dt_ratio_0.6_ma_0.05_eta_larcv_cropped.root,0.05,143,2855,0,,4,B_border,0.5000646114349365,0.502734899520874,0.0,0.010890960693359375,0.01,1.0,1.0,True,0.9180385288966725,0.9180385288966725,1.0,85,0.010157618213660246,0.010157618213660246,1.0,0.9180385288966725,0.28961586952209495,0.39463403820991516,0.5845884413309983,0.45280096698552375,0.04325168003560975,0.6000000000000001,0.1,/vols/sbn/uboone/an1522/cam_methods/occlusion/B_border/run1_signal/mpid/occlusion__ENTRY_143_meta_4.txt
occlusion,mpid,/home/hep/an1522/dark_tridents_wspace/outputs/weights/DM-CNN_model_20260116-10_22_PM_epoch_4_batch_id_1961_labels_2_title_0.001_AG_GN_LM_TRAINING_step_9821.pwf,/data/run1_dt_ratio_0.6_ma_0.05_eta_larcv_cropped.root,0.05,143,2855,0,,8,B_border,0.5000646114349365,0.502734899520874,0.0,0.010890960693359375,0.01,1.0,1.0,True,0.9180385288966725,0.9180385288966725,1.0,66,0.010157618213660246,0.010157618213660246,1.0,0.9180385288966725,0.2897580862045288,0.34760040044784546,0.5695271453590193,0.4710977600887418,0.05094835268100724,0.1,0.1,/vols/sbn/uboone/an1522/cam_methods/occlusion/B_border/run1_signal/mpid/occlusion__ENTRY_143_meta_8.txt
occlusion,mpid,/home/hep/an1522/dark_tridents_wspace/outputs/weights/DM-CNN_model_20260116-10_22_PM_epoch_4_batch_id_1961_labels_2_title_0.001_AG_GN_LM_TRAINING_step_9821.pwf,/data/run1_dt_ratio_0.6_ma_0.07_eta_larcv_cropped.root,0.07,2394,2964,0,,16,B_border,0.5000160336494446,0.5020612478256226,0.0,0.0113067626953125,0.01,1.0,1.0,True,0.8842780026990553,0.8842780026990553,1.0,69,0.010121457489878543,0.010121457489878543,1.0,0.8842780026990553,0.36947715491056443,0.4166656732559204,0.4908906882591093,0.4735313780605794,0.041665164195001124,0.1,0.1,/vols/sbn/uboone/an1522/cam_methods/occlusion/B_border/run1_signal/mpid/occlusion__ENTRY_2394_meta_16.txt
occlusion,mpid,/home/hep/an1522/dark_tridents_wspace/outputs/weights/DM-CNN_model_20260116-10_22_PM_epoch_4_batch_id_1961_labels_2_title_0.001_AG_GN_LM_TRAINING_step_9821.pwf,/data/run1_dt_ratio_0.6_ma_0.07_eta_larcv_cropped.root,0.07,2394,2964,0,,2,B_border,0.5000160336494446,0.5020612478256226,0.0,0.0113067626953125,0.01,1.0,1.0,True,0.8842780026990553,0.8842780026990553,1.0,107,0.010121457489878543,0.010121457489878543,1.0,0.8842780026990553,0.23979403048753722,0.4420892000198364,0.5138326585695007,0.4790865041315556,0.05499060293659568,0.1,0.1,/vols/sbn/uboone/an1522/cam_methods/occlusion/B_border/run1_signal/mpid/occlusion__ENTRY_2394_meta_2.txt
occlusion,mpid,/home/hep/an1522/dark_tridents_wspace/outputs/weights/DM-CNN_model_20260116-10_22_PM_epoch_4_batch_id_1961_labels_2_title_0.001_AG_GN_LM_TRAINING_step_9821.pwf,/data/run1_dt_ratio_0.6_ma_0.07_eta_larcv_cropped.root,0.07,2394,2964,0,,4,B_border,0.5000665187835693,0.5020115971565247,0.0,0.0113067626953125,0.01,1.0,1.0,True,0.8842780026990553,0.8842780026990553,1.0,118,0.010121457489878543,0.010121457489878543,1.0,0.8842780026990553,0.23305846095085136,0.416268914937973,0.5371120107962213,0.4731442736461758,0.04922031806781889,0.1,0.1,/vols/sbn/uboone/an1522/cam_methods/occlusion/B_border/run1_signal/mpid/occlusion__ENTRY_2394_meta_4.txt
occlusion,mpid,/home/hep/an1522/dark_tridents_wspace/outputs/weights/DM-CNN_model_20260116-10_22_PM_epoch_4_batch_id_1961_labels_2_title_0.001_AG_GN_LM_TRAINING_step_9821.pwf,/data/run1_dt_ratio_0.6_ma_0.07_eta_larcv_cropped.root,0.07,2394,2964,0,,8,B_border,0.5000160336494446,0.5020612478256226,0.0,0.0113067626953125,0.01,1.0,1.0,True,0.8842780026990553,0.8842780026990553,1.0,106,0.010121457489878543,0.010121457489878543,1.0,0.8842780026990553,0.20020144492387726,0.3432125449180603,0.5158569500674763,0.4734110422432423,0.03884844495914877,0.1,0.1,/vols/sbn/uboone/an1522/cam_methods/occlusion/B_border/run1_signal/mpid/occlusion__ENTRY_2394_meta_8.txt
occlusion,mpid,/home/hep/an1522/dark_tridents_wspace/outputs/weights/DM-CNN_model_20260116-10_22_PM_epoch_4_batch_id_1961_labels_2_title_0.001_AG_GN_LM_TRAINING_step_9821.pwf,/data/run1_dt_ratio_0.6_ma_0.03_eta_larcv_cropped.root,0.03,2644,2836,0,,16,B_border,0.5000073313713074,0.5015246868133545,0.0,0.0108184814453125,0.01,1.0,1.0,True,0.9241889985895627,0.9241889985895627,1.0,50,0.009873060648801129,0.009873060648801129,1.0,0.9241889985895627,0.24636590480804443,0.29526370763778687,0.6555007052186178,0.48249637261033057,0.11922082230448723,0.1,0.1,/vols/sbn/uboone/an1522/cam_methods/occlusion/B_border/run1_signal/mpid/occlusion__ENTRY_2644_meta_16.txt
occlusion,mpid,/home/hep/an1522/dark_tridents_wspace/outputs/weights/DM-CNN_model_20260116-10_22_PM_epoch_4_batch_id_1961_labels_2_title_0.001_AG_GN_LM_TRAINING_step_9821.pwf,/data/run1_dt_ratio_0.6_ma_0.03_eta_larcv_cropped.root,0.03,2644,2836,0,,2,B_border,0.5000073313713074,0.5015246868133545,0.0,0.0108184814453125,0.01,1.0,1.0,True,0.9241889985895627,0.9241889985895627,1.0,61,0.009873060648801129,0.009873060648801129,1.0,0.9241889985895627,0.12257560491561914,0.21591335535049438,0.47990126939351196,0.47772558107972146,0.04707531686872244,0.1,0.1,/vols/sbn/uboone/an1522/cam_methods/occlusion/B_border/run1_signal/mpid/occlusion__ENTRY_2644_meta_2.txt
occlusion,mpid,/home/hep/an1522/dark_tridents_wspace/outputs/weights/DM-CNN_model_20260116-10_22_PM_epoch_4_batch_id_1961_labels_2_title_0.001_AG_GN_LM_TRAINING_step_9821.pwf,/data/run1_dt_ratio_0.6_ma_0.03_eta_larcv_cropped.root,0.03,2644,2836,0,,4,B_border,0.5000073313713074,0.5015246868133545,0.0,0.0108184814453125,0.01,1.0,1.0,True,0.9241889985895627,0.9241889985895627,1.0,64,0.009873060648801129,0.009873060648801129,1.0,0.9241889985895627,0.1188587248325348,0.20106536149978638,0.46614950634696756,0.4756620146334171,0.07682432234287263,0.1,0.1,/vols/sbn/uboone/an1522/cam_methods/occlusion/B_border/run1_signal/mpid/occlusion__ENTRY_2644_meta_4.txt
occlusion,mpid,/home/hep/an1522/dark_tridents_wspace/outputs/weights/DM-CNN_model_20260116-10_22_PM_epoch_4_batch_id_1961_labels_2_title_0.001_AG_GN_LM_TRAINING_step_9821.pwf,/data/run1_dt_ratio_0.6_ma_0.03_eta_larcv_cropped.root,0.03,2644,2836,0,,8,B_border,0.5000073313713074,0.5015246868133545,0.0,0.0108184814453125,0.01,1.0,1.0,True,0.9241889985895627,0.9241889985895627,1.0,60,0.009873060648801129,0.009873060648801129,1.0,0.9241889985895627,0.17083996534347534,0.2147158980369568,0.5313822284908322,0.4762576438486576,0.046384381502866744,0.1,0.1,/vols/sbn/uboone/an1522/cam_methods/occlusion/B_border/run1_signal/mpid/occlusion__ENTRY_2644_meta_8.txt
occlusion,mpid,/home/hep/an1522/dark_tridents_wspace/outputs/weights/DM-CNN_model_20260116-10_22_PM_epoch_4_batch_id_1961_labels_2_title_0.001_AG_GN_LM_TRAINING_step_9821.pwf,/data/run1_dt_ratio_0.6_ma_0.06_eta_larcv_cropped.root,0.06,4558,2333,0,,16,B_border,0.49993133544921875,0.49858731031417847,0.0,0.008899688720703125,0.01,0.8847768027470431,0.8847768027470431,True,0.8800759013282733,0.9939991427346764,0.8847768027470431,50,0.009858551221603087,0.009858551221603087,1.0,0.8800759013282733,0.29422235250473,0.3663940131664276,0.612087441063009,0.46370232179760934,0.0495135024189949,0.1,0.1,/vols/sbn/uboone/an1522/cam_methods/occlusion/B_border/run1_signal/mpid/occlusion__ENTRY_4558_meta_16.txt
occlusion,mpid,/home/hep/an1522/dark_tridents_wspace/outputs/weights/DM-CNN_model_20260116-10_22_PM_epoch_4_batch_id_1961_labels_2_title_0.001_AG_GN_LM_TRAINING_step_9821.pwf,/data/run1_dt_ratio_0.6_ma_0.06_eta_larcv_cropped.root,0.06,4558,2333,0,,2,B_border,0.49993133544921875,0.49858731031417847,0.0,0.008899688720703125,0.01,0.8901182754673789,0.8901182754673789,True,0.8901182754673789,1.0,0.8901182754673789,44,0.009858551221603087,0.009858551221603087,1.0,0.8901182754673789,0.15027276754379248,0.26991647481918335,0.4582083154736391,0.4773749716579914,0.07136042341589928,0.1,0.1,/vols/sbn/uboone/an1522/cam_methods/occlusion/B_border/run1_signal/mpid/occlusion__ENTRY_4558_meta_2.txt
occlusion,mpid,/home/hep/an1522/dark_tridents_wspace/outputs/weights/DM-CNN_model_20260116-10_22_PM_epoch_4_batch_id_1961_labels_2_title_0.001_AG_GN_LM_TRAINING_step_9821.pwf,/data/run1_dt_ratio_0.6_ma_0.06_eta_larcv_cropped.root,0.06,4558,2333,0,,4,B_border,0.49993133544921875,0.49858731031417847,0.0,0.008899688720703125,0.01,0.888973674170164,0.888973674170164,True,0.8879573170731707,0.9987141020145736,0.888973674170164,51,0.009858551221603087,0.009858551221603087,1.0,0.8879573170731707,0.1620262861251831,0.26991647481918335,0.49035576510930134,0.4746945329010487,0.045815336890518664,0.1,0.1,/vols/sbn/uboone/an1522/cam_methods/occlusion/B_border/run1_signal/mpid/occlusion__ENTRY_4558_meta_4.txt
occlusion,mpid,/home/hep/an1522/dark_tridents_wspace/outputs/weights/DM-CNN_model_20260116-10_22_PM_epoch_4_batch_id_1961_labels_2_title_0.001_AG_GN_LM_TRAINING_step_9821.pwf,/data/run1_dt_ratio_0.6_ma_0.06_eta_larcv_cropped.root,0.06,4558,2333,0,,8,B_border,0.49993133544921875,0.49858731031417847,0.0,0.008899688720703125,0.01,0.8866844715757345,0.8866844715757345,True,0.8836501901140684,0.9961423060437206,0.8866844715757345,48,0.009858551221603087,0.009858551221603087,1.0,0.8836501901140684,0.21519070863723755,0.26991647481918335,0.5220745820831547,0.47801158502697944,0.053674191981554036,0.1,0.1,/vols/sbn/uboone/an1522/cam_methods/occlusion/B_border/run1_signal/mpid/occlusion__ENTRY_4558_meta_8.txt
occlusion,mpid,/home/hep/an1522/dark_tridents_wspace/outputs/weights/DM-CNN_model_20260116-10_22_PM_epoch_4_batch_id_1961_labels_2_title_0.001_AG_GN_LM_TRAINING_step_9821.pwf,/data/run1_dt_ratio_0.6_ma_0.03_pi0_larcv_cropped.root,0.03,833,2916,0,,16,B_border,0.4999285340309143,0.49815136194229126,0.0,0.0111236572265625,0.01,1.0,1.0,True,0.8988340192043895,0.8988340192043895,1.0,50,0.009945130315500686,0.009945130315500686,1.0,0.8988340192043895,0.21135764718055725,0.3532536029815674,0.4379286694101509,0.48923615086823696,0.11539141777902844,0.1,0.1,/vols/sbn/uboone/an1522/cam_methods/occlusion/B_border/run1_signal/mpid/occlusion__ENTRY_833_meta_16.txt
occlusion,mpid,/home/hep/an1522/dark_tridents_wspace/outputs/weights/DM-CNN_model_20260116-10_22_PM_epoch_4_batch_id_1961_labels_2_title_0.001_AG_GN_LM_TRAINING_step_9821.pwf,/data/run1_dt_ratio_0.6_ma_0.03_pi0_larcv_cropped.root,0.03,833,2916,0,,2,B_border,0.49986496567726135,0.49821457266807556,0.0,0.0111236572265625,0.01,1.0,1.0,True,0.8988340192043895,0.8988340192043895,1.0,66,0.009945130315500686,0.009945130315500686,1.0,0.8988340192043895,0.16505999863147733,0.4474579989910126,0.6364883401920439,0.47791272625327114,0.07108950987458229,0.1,0.1,/vols/sbn/uboone/an1522/cam_methods/occlusion/B_border/run1_signal/mpid/occlusion__ENTRY_833_meta_2.txt
occlusion,mpid,/home/hep/an1522/dark_tridents_wspace/outputs/weights/DM-CNN_model_20260116-10_22_PM_epoch_4_batch_id_1961_labels_2_title_0.001_AG_GN_LM_TRAINING_step_9821.pwf,/data/run1_dt_ratio_0.6_ma_0.03_pi0_larcv_cropped.root,0.03,833,2916,0,,4,B_border,0.49986496567726135,0.49821457266807556,0.0,0.0111236572265625,0.01,1.0,1.0,True,0.8988340192043895,0.8988340192043895,1.0,61,0.009945130315500686,0.009945130315500686,1.0,0.8988340192043895,0.17321157455444336,0.4243105947971344,0.5500685871056241,0.47925364002585413,0.06309069134294987,0.1,0.1,/vols/sbn/uboone/an1522/cam_methods/occlusion/B_border/run1_signal/mpid/occlusion__ENTRY_833_meta_4.txt
occlusion,mpid,/home/hep/an1522/dark_tridents_wspace/outputs/weights/DM-CNN_model_20260116-10_22_PM_epoch_4_batch_id_1961_labels_2_title_0.001_AG_GN_LM_TRAINING_step_9821.pwf,/data/run1_dt_ratio_0.6_ma_0.03_pi0_larcv_cropped.root,0.03,833,2916,0,,8,B_border,0.49986496567726135,0.49821457266807556,0.0,0.0111236572265625,0.01,1.0,1.0,True,0.8988340192043895,0.8988340192043895,1.0,49,0.009945130315500686,0.009945130315500686,1.0,0.8988340192043895,0.17555004358291626,0.29936254024505615,0.4941700960219479,0.4846204958856106,0.058456725301221014,0.1,0.1,/vols/sbn/uboone/an1522/cam_methods/occlusion/B_border/run1_signal/mpid/occlusion__ENTRY_833_meta_8.txt
occlusion,resnet34_gn,/home/hep/an1522/dark_tridents_wspace/outputs/weights/resnet34_gn/resnet34_gn_model_20260123-12_20_AM_epoch_4_batch_id_1961_labels_2_step_9821.pwf,/data/run1_dt_ratio_0.6_ma_0.3_eta_larcv_cropped.root,0.3,10861,2448,0,,16,B_border,0.9850147366523743,0.01504638884216547,0.0,0.00933837890625,0.01,0.8603586417397939,0.8603586417397939,True,0.8013503909026297,0.9211601307189542,0.8603586417397939,61,0.00980392156862745,0.00980392156862745,1.0,0.8013503909026297,0.718941867351532,0.9242010712623596,0.7675653594771242,0.9442009851336479,0.27549470812082294,0.1,0.1,/vols/sbn/uboone/an1522/cam_methods/occlusion/B_border/run1_signal/resnet34_gn/occlusion__ENTRY_10861_meta_16.txt
occlusion,resnet34_gn,/home/hep/an1522/dark_tridents_wspace/outputs/weights/resnet34_gn/resnet34_gn_model_20260123-12_20_AM_epoch_4_batch_id_1961_labels_2_step_9821.pwf,/data/run1_dt_ratio_0.6_ma_0.3_eta_larcv_cropped.root,0.3,10861,2448,0,,2,B_border,0.9850134253501892,0.01504771038889885,0.0,0.00933837890625,0.01,0.9221671117893934,0.9229301793208698,True,0.9113876319758673,0.9873366013071896,0.9221671117893934,65,0.00980392156862745,0.00980392156862745,1.0,0.9128301886792453,0.06357741117477465,0.4198390245437622,0.380718954248366,0.9453606918454169,0.11366813406348228,0.1,0.1,/vols/sbn/uboone/an1522/cam_methods/occlusion/B_border/run1_signal/resnet34_gn/occlusion__ENTRY_10861_meta_2.txt
occlusion,resnet34_gn,/home/hep/an1522/dark_tridents_wspace/outputs/weights/resnet34_gn/resnet34_gn_model_20260123-12_20_AM_epoch_4_batch_id_1961_labels_2_step_9821.pwf,/data/run1_dt_ratio_0.6_ma_0.3_eta_larcv_cropped.root,0.3,10861,2448,0,,4,B_border,0.9850134253501892,0.01504771038889885,0.0,0.00933837890625,0.01,0.9141549027088898,0.9141549027088898,True,0.8963711185933408,0.9787581699346405,0.9141549027088898,66,0.00980392156862745,0.00980392156862745,1.0,0.8963711185933408,0.07398205935955177,0.5804070234298706,0.45588235294117646,0.945416934788227,0.13573691695928572,0.1,0.1,/vols/sbn/uboone/an1522/cam_methods/occlusion/B_border/run1_signal/resnet34_gn/occlusion__ENTRY_10861_meta_4.txt
occlusion,resnet34_gn,/home/hep/an1522/dark_tridents_wspace/outputs/weights/resnet34_gn/resnet34_gn_model_20260123-12_20_AM_epoch_4_batch_id_1961_labels_2_step_9821.pwf,/data/run1_dt_ratio_0.6_ma_0.3_eta_larcv_cropped.root,0.3,10861,2448,0,,8,B_border,0.9850134253501892,0.01504771038889885,0.0,0.00933837890625,0.01,0.8924074780618084,0.8924074780618084,True,0.8567765567765567,0.9554738562091504,0.8924074780618084,74,0.00980392156862745,0.00980392156862745,1.0,0.8567765567765567,0.18703603744506836,0.795561671257019,0.5841503267973857,0.9455460026860236,0.17113424837589264,0.1,0.1,/vols/sbn/uboone/an1522/cam_methods/occlusion/B_border/run1_signal/resnet34_gn/occlusion__ENTRY_10861_meta_8.txt
occlusion,resnet34_gn,/home/hep/an1522/dark_tridents_wspace/outputs/weights/resnet34_gn/resnet34_gn_model_20260123-12_20_AM_epoch_4_batch_id_1961_labels_2_step_9821.pwf,/data/run1_dt_ratio_0.6_ma_0.3_eta_larcv_cropped.root,0.3,11799,2176,0,,16,B_border,0.29021498560905457,0.7106564044952393,0.0,0.00830078125,0.01,0.7882487600152613,0.7882487600152613,True,0.7564994507506408,0.9494485294117647,0.7882487600152613,41,0.01011029411764706,0.01011029411764706,1.0,0.7564994507506408,0.34736232459545135,0.6454704999923706,0.37775735294117646,0.27385447621345516,0.09664470627903937,0.7000000000000001,0.1,/vols/sbn/uboone/an1522/cam_methods/occlusion/B_border/run1_signal/resnet34_gn/occlusion__ENTRY_11799_meta_16.txt
occlusion,resnet34_gn,/home/hep/an1522/dark_tridents_wspace/outputs/weights/resnet34_gn/resnet34_gn_model_20260123-12_20_AM_epoch_4_batch_id_1961_labels_2_step_9821.pwf,/data/run1_dt_ratio_0.6_ma_0.3_eta_larcv_cropped.root,0.3,11799,2176,0,,2,B_border,0.29021498560905457,0.7106564044952393,0.0,0.00830078125,0.01,0.8237314002289202,0.8237314002289202,True,0.8184230477634572,0.9921875,0.8237314002289202,42,0.01011029411764706,0.01011029411764706,1.0,0.8184230477634572,0.2320217490196228,0.27592170238494873,0.36075367647058826,0.2846520483493805,0.12002208232879638,0.1,0.1,/vols/sbn/uboone/an1522/cam_methods/occlusion/B_border/run1_signal/resnet34_gn/occlusion__ENTRY_11799_meta_2.txt
occlusion,resnet34_gn,/home/hep/an1522/dark_tridents_wspace/outputs/weights/resnet34_gn/resnet34_gn_model_20260123-12_20_AM_epoch_4_batch_id_1961_labels_2_step_9821.pwf,/data/run1_dt_ratio_0.6_ma_0.3_eta_larcv_cropped.root,0.3,11799,2176,0,,4,B_border,0.2902224659919739,0.7106488347053528,0.0,0.00830078125,0.01,0.8130484547882487,0.8130484547882487,True,0.799324831207802,0.9793198529411765,0.8130484547882487,44,0.01011029411764706,0.01011029411764706,1.0,0.799324831207802,0.2597150579094887,0.275820255279541,0.2835477941176471,0.283758245408535,0.08615518463775515,0.1,0.1,/vols/sbn/uboone/an1522/cam_methods/occlusion/B_border/run1_signal/resnet34_gn/occlusion__ENTRY_11799_meta_4.txt
occlusion,resnet34_gn,/home/hep/an1522/dark_tridents_wspace/outputs/weights/resnet34_gn/resnet34_gn_model_20260123-12_20_AM_epoch_4_batch_id_1961_labels_2_step_9821.pwf,/data/run1_dt_ratio_0.6_ma_0.3_eta_larcv_cropped.root,0.3,11799,2176,0,,8,B_border,0.29021498560905457,0.7106564044952393,0.0,0.00830078125,0.01,0.8027470431133156,0.8027470431133156,True,0.7812848124767917,0.9669117647058824,0.8027470431133156,43,0.01011029411764706,0.01011029411764706,1.0,0.7812848124767917,0.27253398299217224,0.278205543756485,0.32858455882352944,0.2819370448589325,0.09250063523650169,0.1,0.1,/vols/sbn/uboone/an1522/cam_methods/occlusion/B_border/run1_signal/resnet34_gn/occlusion__ENTRY_11799_meta_8.txt
occlusion,resnet34_gn,/home/hep/an1522/dark_tridents_wspace/outputs/weights/resnet34_gn/resnet34_gn_model_20260123-12_20_AM_epoch_4_batch_id_1961_labels_2_step_9821.pwf,/data/run1_dt_ratio_0.6_ma_0.05_eta_larcv_cropped.root,0.05,143,2855,0,,16,B_border,0.8964167833328247,0.10371164977550507,0.0,0.010890960693359375,0.01,1.0,1.0,True,0.9180385288966725,0.9180385288966725,1.0,42,0.010157618213660246,0.010157618213660246,1.0,0.9180385288966725,0.6092346787452708,0.7346254587173462,0.784938704028021,0.8550999596714973,0.0991660030558705,0.1,0.1,/vols/sbn/uboone/an1522/cam_methods/occlusion/B_border/run1_signal/resnet34_gn/occlusion__ENTRY_143_meta_16.txt
occlusion,resnet34_gn,/home/hep/an1522/dark_tridents_wspace/outputs/weights/resnet34_gn/resnet34_gn_model_20260123-12_20_AM_epoch_4_batch_id_1961_labels_2_step_9821.pwf,/data/run1_dt_ratio_0.6_ma_0.05_eta_larcv_cropped.root,0.05,143,2855,0,,2,B_border,0.8963677883148193,0.10376057028770447,0.0,0.010890960693359375,0.01,1.0,1.0,True,0.9180385288966725,0.9180385288966725,1.0,65,0.010157618213660246,0.010157618213660246,1.0,0.9180385288966725,0.17857439994812122,0.7550502419471741,0.708231173380035,0.8609011039137839,0.1226355898194015,0.1,0.1,/vols/sbn/uboone/an1522/cam_methods/occlusion/B_border/run1_signal/resnet34_gn/occlusion__ENTRY_143_meta_2.txt
occlusion,resnet34_gn,/home/hep/an1522/dark_tridents_wspace/outputs/weights/resnet34_gn/resnet34_gn_model_20260123-12_20_AM_epoch_4_batch_id_1961_labels_2_step_9821.pwf,/data/run1_dt_ratio_0.6_ma_0.05_eta_larcv_cropped.root,0.05,143,2855,0,,4,B_border,0.8963677883148193,0.10376057028770447,0.0,0.010890960693359375,0.01,1.0,1.0,True,0.9180385288966725,0.9180385288966725,1.0,60,0.010157618213660246,0.010157618213660246,1.0,0.9180385288966725,0.4367082595825196,0.7137174606323242,0.7352014010507881,0.8605871424078941,0.11361261848360299,0.1,0.1,/vols/sbn/uboone/an1522/cam_methods/occlusion/B_border/run1_signal/resnet34_gn/occlusion__ENTRY_143_meta_4.txt
occlusion,resnet34_gn,/home/hep/an1522/dark_tridents_wspace/outputs/weights/resnet34_gn/resnet34_gn_model_20260123-12_20_AM_epoch_4_batch_id_1961_labels_2_step_9821.pwf,/data/run1_dt_ratio_0.6_ma_0.05_eta_larcv_cropped.root,0.05,143,2855,0,,8,B_border,0.8963677883148193,0.10376057028770447,0.0,0.010890960693359375,0.01,1.0,1.0,True,0.9180385288966725,0.9180385288966725,1.0,53,0.010157618213660246,0.010157618213660246,1.0,0.9180385288966725,0.48364731669425964,0.7171103954315186,0.7695271453590192,0.8585907384753226,0.11867176899686455,0.1,0.1,/vols/sbn/uboone/an1522/cam_methods/occlusion/B_border/run1_signal/resnet34_gn/occlusion__ENTRY_143_meta_8.txt
occlusion,resnet34_gn,/home/hep/an1522/dark_tridents_wspace/outputs/weights/resnet34_gn/resnet34_gn_model_20260123-12_20_AM_epoch_4_batch_id_1961_labels_2_step_9821.pwf,/data/run1_dt_ratio_0.6_ma_0.07_eta_larcv_cropped.root,0.07,2394,2964,0,,16,B_border,0.03952818736433983,0.9600361585617065,0.0,0.0113067626953125,0.01,1.0,1.0,True,0.8842780026990553,0.8842780026990553,1.0,64,0.010121457489878543,0.010121457489878543,1.0,0.8842780026990553,0.09823965266346922,0.26172584295272827,0.6707152496626181,0.045106181316077715,0.04520977800711989,0.0,0.0,/vols/sbn/uboone/an1522/cam_methods/occlusion/B_border/run1_signal/resnet34_gn/occlusion__ENTRY_2394_meta_16.txt
occlusion,resnet34_gn,/home/hep/an1522/dark_tridents_wspace/outputs/weights/resnet34_gn/resnet34_gn_model_20260123-12_20_AM_epoch_4_batch_id_1961_labels_2_step_9821.pwf,/data/run1_dt_ratio_0.6_ma_0.07_eta_larcv_cropped.root,0.07,2394,2964,0,,2,B_border,0.03952818736433983,0.9600361585617065,0.0,0.0113067626953125,0.01,1.0,1.0,True,0.8842780026990553,0.8842780026990553,1.0,94,0.010121457489878543,0.010121457489878543,1.0,0.8842780026990553,0.13432331681251525,0.19356442987918854,0.5280026990553306,0.047145686112344265,0.09471009168773889,0.0,0.0,/vols/sbn/uboone/an1522/cam_methods/occlusion/B_border/run1_signal/resnet34_gn/occlusion__ENTRY_2394_meta_2.txt
occlusion,resnet34_gn,/home/hep/an1522/dark_tridents_wspace/outputs/weights/resnet34_gn/resnet34_gn_model_20260123-12_20_AM_epoch_4_batch_id_1961_labels_2_step_9821.pwf,/data/run1_dt_ratio_0.6_ma_0.07_eta_larcv_cropped.root,0.07,2394,2964,0,,4,B_border,0.03954600542783737,0.9600181579589844,0.0,0.0113067626953125,0.01,1.0,1.0,True,0.8842780026990553,0.8842780026990553,1.0,83,0.010121457489878543,0.010121457489878543,1.0,0.8842780026990553,0.15109793543815553,0.22847199440002441,0.5968286099865048,0.047099719569087026,0.07407545577734709,0.0,0.0,/vols/sbn/uboone/an1522/cam_methods/occlusion/B_border/run1_signal/resnet34_gn/occlusion__ENTRY_2394_meta_4.txt
occlusion,resnet34_gn,/home/hep/an1522/dark_tridents_wspace/outputs/weights/resnet34_gn/resnet34_gn_model_20260123-12_20_AM_epoch_4_batch_id_1961_labels_2_step_9821.pwf,/data/run1_dt_ratio_0.6_ma_0.07_eta_larcv_cropped.root,0.07,2394,2964,0,,8,B_border,0.03952818736433983,0.9600361585617065,0.0,0.0113067626953125,0.01,1.0,1.0,True,0.8842780026990553,0.8842780026990553,1.0,71,0.010121457489878543,0.010121457489878543,1.0,0.8842780026990553,0.11576648980379102,0.2753330171108246,0.638663967611336,0.04737446885555982,0.036858043726533646,0.0,0.0,/vols/sbn/uboone/an1522/cam_methods/occlusion/B_border/run1_signal/resnet34_gn/occlusion__ENTRY_2394_meta_8.txt
occlusion,resnet34_gn,/home/hep/an1522/dark_tridents_wspace/outputs/weights/resnet34_gn/resnet34_gn_model_20260123-12_20_AM_epoch_4_batch_id_1961_labels_2_step_9821.pwf,/data/run1_dt_ratio_0.6_ma_0.03_eta_larcv_cropped.root,0.03,2644,2836,0,,16,B_border,0.9572049379348755,0.04283609241247177,0.0,0.0108184814453125,0.01,1.0,1.0,True,0.9241889985895627,0.9241889985895627,1.0,56,0.009873060648801129,0.009873060648801129,1.0,0.9241889985895627,0.2222905158996582,0.28223270177841187,0.7792665726375176,0.9154887810349466,0.49021614640951156,0.1,0.7000000000000001,/vols/sbn/uboone/an1522/cam_methods/occlusion/B_border/run1_signal/resnet34_gn/occlusion__ENTRY_2644_meta_16.txt
occlusion,resnet34_gn,/home/hep/an1522/dark_tridents_wspace/outputs/weights/resnet34_gn/resnet34_gn_model_20260123-12_20_AM_epoch_4_batch_id_1961_labels_2_step_9821.pwf,/data/run1_dt_ratio_0.6_ma_0.03_eta_larcv_cropped.root,0.03,2644,2836,0,,2,B_border,0.9572049379348755,0.04283609241247177,0.0,0.0108184814453125,0.01,1.0,1.0,True,0.9241889985895627,0.9241889985895627,1.0,60,0.009873060648801129,0.009873060648801129,1.0,0.9241889985895627,0.030066686868667616,0.126226544380188,0.6822990126939351,0.9189552679657937,0.14900040179491042,0.1,0.1,/vols/sbn/uboone/an1522/cam_methods/occlusion/B_border/run1_signal/resnet34_gn/occlusion__ENTRY_2644_meta_2.txt
occlusion,resnet34_gn,/home/hep/an1522/dark_tridents_wspace/outputs/weights/resnet34_gn/resnet34_gn_model_20260123-12_20_AM_epoch_4_batch_id_1961_labels_2_step_9821.pwf,/data/run1_dt_ratio_0.6_ma_0.03_eta_larcv_cropped.root,0.03,2644,2836,0,,4,B_border,0.9572049379348755,0.04283609241247177,0.0,0.0108184814453125,0.01,1.0,1.0,True,0.9241889985895627,0.9241889985895627,1.0,58,0.009873060648801129,0.009873060648801129,1.0,0.9241889985895627,0.03378009498119356,0.09351682662963867,0.6833568406205924,0.9189394608139994,0.27220221012830736,0.1,0.1,/vols/sbn/uboone/an1522/cam_methods/occlusion/B_border/run1_signal/resnet34_gn/occlusion__ENTRY_2644_meta_4.txt
occlusion,resnet34_gn,/home/hep/an1522/dark_tridents_wspace/outputs/weights/resnet34_gn/resnet34_gn_model_20260123-12_20_AM_epoch_4_batch_id_1961_labels_2_step_9821.pwf,/data/run1_dt_ratio_0.6_ma_0.03_eta_larcv_cropped.root,0.03,2644,2836,0,,8,B_border,0.9572049379348755,0.04283609241247177,0.0,0.0108184814453125,0.01,1.0,1.0,True,0.9241889985895627,0.9241889985895627,1.0,67,0.009873060648801129,0.009873060648801129,1.0,0.9241889985895627,0.05643117427825928,0.07474958896636963,0.7404795486600846,0.9187442675232889,0.4474437817931175,0.1,0.1,/vols/sbn/uboone/an1522/cam_methods/occlusion/B_border/run1_signal/resnet34_gn/occlusion__ENTRY_2644_meta_8.txt
occlusion,resnet34_gn,/home/hep/an1522/dark_tridents_wspace/outputs/weights/resnet34_gn/resnet34_gn_model_20260123-12_20_AM_epoch_4_batch_id_1961_labels_2_step_9821.pwf,/data/run1_dt_ratio_0.6_ma_0.06_eta_larcv_cropped.root,0.06,4558,2333,0,,16,B_border,0.4537990391254425,0.5460364818572998,0.0,0.008899688720703125,0.01,0.8847768027470431,0.8847768027470431,True,0.8800759013282733,0.9939991427346764,0.8847768027470431,57,0.009858551221603087,0.009858551221603087,1.0,0.8800759013282733,0.33782242655753997,0.4114209711551666,0.7552507501071581,0.42882446050643924,0.10778843052685258,0.1,0.1,/vols/sbn/uboone/an1522/cam_methods/occlusion/B_border/run1_signal/resnet34_gn/occlusion__ENTRY_4558_meta_16.txt
occlusion,resnet34_gn,/home/hep/an1522/dark_tridents_wspace/outputs/weights/resnet34_gn/resnet34_gn_model_20260123-12_20_AM_epoch_4_batch_id_1961_labels_2_step_9821.pwf,/data/run1_dt_ratio_0.6_ma_0.06_eta_larcv_cropped.root,0.06,4558,2333,0,,2,B_border,0.4537990391254425,0.5460364818572998,0.0,0.008899688720703125,0.01,0.8901182754673789,0.8901182754673789,True,0.8901182754673789,1.0,0.8901182754673789,44,0.009858551221603087,0.009858551221603087,1.0,0.8901182754673789,0.12252891898155188,0.20058801770210266,0.5850835833690528,0.4407279968261719,0.20544923543930055,0.1,0.1,/vols/sbn/uboone/an1522/cam_methods/occlusion/B_border/run1_signal/resnet34_gn/occlusion__ENTRY_4558_meta_2.txt
occlusion,resnet34_gn,/home/hep/an1522/dark_tridents_wspace/outputs/weights/resnet34_gn/resnet34_gn_model_20260123-12_20_AM_epoch_4_batch_id_1961_labels_2_step_9821.pwf,/data/run1_dt_ratio_0.6_ma_0.06_eta_larcv_cropped.root,0.06,4558,2333,0,,4,B_border,0.4537273943424225,0.5461084246635437,0.0,0.008899688720703125,0.01,0.888973674170164,0.888973674170164,True,0.8879573170731707,0.9987141020145736,0.888973674170164,52,0.009858551221603087,0.009858551221603087,1.0,0.8879573170731707,0.14382426142692548,0.17520269751548767,0.6116588084012001,0.43911626040935514,0.11227285563945769,0.1,0.1,/vols/sbn/uboone/an1522/cam_methods/occlusion/B_border/run1_signal/resnet34_gn/occlusion__ENTRY_4558_meta_4.txt
occlusion,resnet34_gn,/home/hep/an1522/dark_tridents_wspace/outputs/weights/resnet34_gn/resnet34_gn_model_20260123-12_20_AM_epoch_4_batch_id_1961_labels_2_step_9821.pwf,/data/run1_dt_ratio_0.6_ma_0.06_eta_larcv_cropped.root,0.06,4558,2333,0,,8,B_border,0.4537990391254425,0.5460364818572998,0.0,0.008899688720703125,0.01,0.8866844715757345,0.8866844715757345,True,0.8836501901140684,0.9961423060437206,0.8866844715757345,53,0.009858551221603087,0.009858551221603087,1.0,0.8836501901140684,0.18965822458267212,0.2744220793247223,0.6866695242177454,0.4347204744815827,0.12390118986368179,0.1,0.1,/vols/sbn/uboone/an1522/cam_methods/occlusion/B_border/run1_signal/resnet34_gn/occlusion__ENTRY_4558_meta_8.txt
occlusion,resnet34_gn,/home/hep/an1522/dark_tridents_wspace/outputs/weights/resnet34_gn/resnet34_gn_model_20260123-12_20_AM_epoch_4_batch_id_1961_labels_2_step_9821.pwf,/data/run1_dt_ratio_0.6_ma_0.03_pi0_larcv_cropped.root,0.03,833,2916,0,,16,B_border,0.3261900842189789,0.6725025177001953,0.0,0.0111236572265625,0.01,1.0,1.0,True,0.8988340192043895,0.8988340192043895,1.0,52,0.009945130315500686,0.009945130315500686,1.0,0.8988340192043895,0.28459577560424765,0.5101325511932373,0.629286694101509,0.34376063644886024,0.1017223760485649,0.1,0.1,/vols/sbn/uboone/an1522/cam_methods/occlusion/B_border/run1_signal/resnet34_gn/occlusion__ENTRY_833_meta_16.txt
occlusion,resnet34_gn,/home/hep/an1522/dark_tridents_wspace/outputs/weights/resnet34_gn/resnet34_gn_model_20260123-12_20_AM_epoch_4_batch_id_1961_labels_2_step_9821.pwf,/data/run1_dt_ratio_0.6_ma_0.03_pi0_larcv_cropped.root,0.03,833,2916,0,,2,B_border,0.3261212110519409,0.6725713610649109,0.0,0.0111236572265625,0.01,1.0,1.0,True,0.8988340192043895,0.8988340192043895,1.0,64,0.009945130315500686,0.009945130315500686,1.0,0.8988340192043895,0.17753562331199643,0.23021674156188965,0.6508916323731139,0.3198566243052482,0.14357164273969827,0.1,0.1,/vols/sbn/uboone/an1522/cam_methods/occlusion/B_border/run1_signal/resnet34_gn/occlusion__ENTRY_833_meta_2.txt
occlusion,resnet34_gn,/home/hep/an1522/dark_tridents_wspace/outputs/weights/resnet34_gn/resnet34_gn_model_20260123-12_20_AM_epoch_4_batch_id_1961_labels_2_step_9821.pwf,/data/run1_dt_ratio_0.6_ma_0.03_pi0_larcv_cropped.root,0.03,833,2916,0,,4,B_border,0.3261212110519409,0.6725713610649109,0.0,0.0111236572265625,0.01,1.0,1.0,True,0.8988340192043895,0.8988340192043895,1.0,59,0.009945130315500686,0.009945130315500686,1.0,0.8988340192043895,0.1746077120304106,0.23833979666233063,0.668724279835391,0.3139386937022209,0.14361143740825355,0.4,0.1,/vols/sbn/uboone/an1522/cam_methods/occlusion/B_border/run1_signal/resnet34_gn/occlusion__ENTRY_833_meta_4.txt
occlusion,resnet34_gn,/home/hep/an1522/dark_tridents_wspace/outputs/weights/resnet34_gn/resnet34_gn_model_20260123-12_20_AM_epoch_4_batch_id_1961_labels_2_step_9821.pwf,/data/run1_dt_ratio_0.6_ma_0.03_pi0_larcv_cropped.root,0.03,833,2916,0,,8,B_border,0.3261900842189789,0.6725025177001953,0.0,0.0111236572265625,0.01,1.0,1.0,True,0.8988340192043895,0.8988340192043895,1.0,52,0.009945130315500686,0.009945130315500686,1.0,0.8988340192043895,0.19898250699043274,0.22799885272979736,0.6923868312757202,0.3113149553537369,0.14356872835196555,0.4,0.1,/vols/sbn/uboone/an1522/cam_methods/occlusion/B_border/run1_signal/resnet34_gn/occlusion__ENTRY_833_meta_8.txt
occlusion,mpid,/home/hep/an1522/dark_tridents_wspace/outputs/weights/DM-CNN_model_20260116-10_22_PM_epoch_4_batch_id_1961_labels_2_title_0.001_AG_GN_LM_TRAINING_step_9821.pwf,/data/run3_nu_overlay_larcv_cropped.root,,10407,779,0,,16,B_border,0.5003341436386108,0.5081216096878052,0.0,0.002971649169921875,0.01,0.2823349866463182,0.2823349866463182,True,0.2781954887218045,0.9499358151476252,0.2823349866463182,29,0.010269576379974325,0.010269576379974325,1.0,0.2781954887218045,0.47524598002433777,0.48129212856292725,0.5956354300385109,0.47457839921116823,0.0726432528346777,0.1,0.1,/vols/sbn/uboone/an1522/cam_methods/occlusion/B_border/run3_samples/mpid/occlusion__ENTRY_10407__nu_overlay_meta_16.txt
occlusion,mpid,/home/hep/an1522/dark_tridents_wspace/outputs/weights/DM-CNN_model_20260116-10_22_PM_epoch_4_batch_id_1961_labels_2_title_0.001_AG_GN_LM_TRAINING_step_9821.pwf,/data/run3_nu_overlay_larcv_cropped.root,,10407,779,0,,2,B_border,0.5003341436386108,0.5081216096878052,0.0,0.002971649169921875,0.01,0.2953071346814193,0.2953071346814193,True,0.2947448591012947,0.993581514762516,0.2953071346814193,31,0.010269576379974325,0.010269576379974325,1.0,0.2947448591012947,0.35215813517570516,0.37827178835868835,0.6829268292682927,0.47027492001652715,0.08371681943535805,0.1,0.1,/vols/sbn/uboone/an1522/cam_methods/occlusion/B_border/run3_samples/mpid/occlusion__ENTRY_10407__nu_overlay_meta_2.txt
occlusion,mpid,/home/hep/an1522/dark_tridents_wspace/outputs/weights/DM-CNN_model_20260116-10_22_PM_epoch_4_batch_id_1961_labels_2_title_0.001_AG_GN_LM_TRAINING_step_9821.pwf,/data/run3_nu_overlay_larcv_cropped.root,,10407,779,0,,4,B_border,0.5003225207328796,0.5081331729888916,0.0,0.002971649169921875,0.01,0.2937809996184662,0.2937809996184662,True,0.29277566539923955,0.9884467265725289,0.2937809996184662,31,0.010269576379974325,0.010269576379974325,1.0,0.29277566539923955,0.395852923989296,0.4236595332622528,0.7086007702182285,0.479566036351025,0.07595344204455615,0.1,0.1,/vols/sbn/uboone/an1522/cam_methods/occlusion/B_border/run3_samples/mpid/occlusion__ENTRY_10407__nu_overlay_meta_4.txt
occlusion,mpid,/home/hep/an1522/dark_tridents_wspace/outputs/weights/DM-CNN_model_20260116-10_22_PM_epoch_4_batch_id_1961_labels_2_title_0.001_AG_GN_LM_TRAINING_step_9821.pwf,/data/run3_nu_overlay_larcv_cropped.root,,10407,779,0,,8,B_border,0.5003225207328796,0.5081331729888916,0.0,0.002971649169921875,0.01,0.28882106066386876,0.28882106066386876,True,0.2864169504351116,0.9717586649550706,0.28882106066386876,29,0.010269576379974325,0.010269576379974325,1.0,0.2864169504351116,0.449353598356247,0.456794798374176,0.7740693196405648,0.46023142207413903,0.058519020304083826,0.1,0.1,/vols/sbn/uboone/an1522/cam_methods/occlusion/B_border/run3_samples/mpid/occlusion__ENTRY_10407__nu_overlay_meta_8.txt
occlusion,mpid,/home/hep/an1522/dark_tridents_wspace/outputs/weights/DM-CNN_model_20260116-10_22_PM_epoch_4_batch_id_1961_labels_2_title_0.001_AG_GN_LM_TRAINING_step_9821.pwf,/data/run3_offbeam_larcv_cropped.root,,11118,2130,0,,16,B_border,0.5007273554801941,0.4999575614929199,0.0,0.00812530517578125,0.01,0.7558183899275086,0.7558183899275086,True,0.7151624548736462,0.9300469483568075,0.7558183899275086,35,0.009859154929577466,0.009859154929577466,1.0,0.7151624548736462,0.3406401020288468,0.4320102334022522,0.5882629107981221,0.48461123574525117,0.0384365014731884,0.1,0.1,/vols/sbn/uboone/an1522/cam_methods/occlusion/B_border/run3_samples/mpid/occlusion__ENTRY_11118__offbeam_meta_16.txt
occlusion,mpid,/home/hep/an1522/dark_tridents_wspace/outputs/weights/DM-CNN_model_20260116-10_22_PM_epoch_4_batch_id_1961_labels_2_title_0.001_AG_GN_LM_TRAINING_step_9821.pwf,/data/run3_offbeam_larcv_cropped.root,,11118,2130,0,,2,B_border,0.5007273554801941,0.4999575614929199,0.0,0.00812530517578125,0.01,0.8046547119420069,0.8046547119420069,True,0.7982588947766843,0.9901408450704225,0.8046547119420069,37,0.009859154929577466,0.009859154929577466,1.0,0.7982588947766843,0.14463983327150368,0.3653604984283447,0.5051643192488263,0.4727917419746518,0.061056798603385684,0.1,0.1,/vols/sbn/uboone/an1522/cam_methods/occlusion/B_border/run3_samples/mpid/occlusion__ENTRY_11118__offbeam_meta_2.txt
occlusion,mpid,/home/hep/an1522/dark_tridents_wspace/outputs/weights/DM-CNN_model_20260116-10_22_PM_epoch_4_batch_id_1961_labels_2_title_0.001_AG_GN_LM_TRAINING_step_9821.pwf,/data/run3_offbeam_larcv_cropped.root,,11118,2130,0,,4,B_border,0.5006998777389526,0.49998486042022705,0.0,0.00812530517578125,0.01,0.7962609690957649,0.7962609690957649,True,0.7834084084084084,0.9798122065727699,0.7962609690957649,36,0.009859154929577466,0.009859154929577466,1.0,0.7834084084084084,0.14141903251409532,0.30928266048431396,0.5178403755868545,0.47359188273549085,0.07526293722912669,0.1,0.1,/vols/sbn/uboone/an1522/cam_methods/occlusion/B_border/run3_samples/mpid/occlusion__ENTRY_11118__offbeam_meta_4.txt
occlusion,mpid,/home/hep/an1522/dark_tridents_wspace/outputs/weights/DM-CNN_model_20260116-10_22_PM_epoch_4_batch_id_1961_labels_2_title_0.001_AG_GN_LM_TRAINING_step_9821.pwf,/data/run3_offbeam_larcv_cropped.root,,11118,2130,0,,8,B_border,0.5006998777389526,0.49998486042022705,0.0,0.00812530517578125,0.01,0.780618084700496,0.780618084700496,True,0.7563770794824399,0.9605633802816902,0.780618084700496,36,0.009859154929577466,0.009859154929577466,1.0,0.7563770794824399,0.1956530463695527,0.32364416122436523,0.5220657276995305,0.47570213750004775,0.05857337526977062,0.1,0.1,/vols/sbn/uboone/an1522/cam_methods/occlusion/B_border/run3_samples/mpid/occlusion__ENTRY_11118__offbeam_meta_8.txt
occlusion,mpid,/home/hep/an1522/dark_tridents_wspace/outputs/weights/DM-CNN_model_20260116-10_22_PM_epoch_4_batch_id_1961_labels_2_title_0.001_AG_GN_LM_TRAINING_step_9821.pwf,/data/run3_dirt_larcv_cropped.root,,1142,1443,0,,16,B_border,0.4942873418331146,0.5105864405632019,0.0,0.005504608154296875,0.01,0.5196489889355208,0.5196489889355208,True,0.5040710584752035,0.9438669438669439,0.5196489889355208,25,0.009702009702009701,0.009702009702009701,1.0,0.5040710584752035,0.3253148108720779,0.3599745035171509,0.7435897435897436,0.4683099113404751,0.0683293953537941,0.1,0.1,/vols/sbn/uboone/an1522/cam_methods/occlusion/B_border/run3_samples/mpid/occlusion__ENTRY_1142__dirt_meta_16.txt
occlusion,mpid,/home/hep/an1522/dark_tridents_wspace/outputs/weights/DM-CNN_model_20260116-10_22_PM_epoch_4_batch_id_1961_labels_2_title_0.001_AG_GN_LM_TRAINING_step_9821.pwf,/data/run3_dirt_larcv_cropped.root,,1142,1443,0,,2,B_border,0.4942873418331146,0.5105864405632019,0.0,0.005504608154296875,0.01,0.5467378863029378,0.5467378863029378,True,0.5446598251615355,0.9930699930699931,0.5467378863029378,25,0.009702009702009701,0.009702009702009701,1.0,0.5446598251615355,0.17440175592899318,0.2827758193016052,0.7851697851697852,0.4714926026761531,0.054041432030498986,0.1,0.1,/vols/sbn/uboone/an1522/cam_methods/occlusion/B_border/run3_samples/mpid/occlusion__ENTRY_1142__dirt_meta_2.txt
occlusion,mpid,/home/hep/an1522/dark_tridents_wspace/outputs/weights/DM-CNN_model_20260116-10_22_PM_epoch_4_batch_id_1961_labels_2_title_0.001_AG_GN_LM_TRAINING_step_9821.pwf,/data/run3_dirt_larcv_cropped.root,,1142,1443,0,,4,B_border,0.49429330229759216,0.5105804204940796,0.0,0.005504608154296875,0.01,0.5433040824112934,0.5433040824112934,True,0.5393939393939394,0.9868329868329868,0.5433040824112934,25,0.009702009702009701,0.009702009702009701,1.0,0.5393939393939394,0.22606947004795058,0.3079141080379486,0.8309078309078309,0.4717634620144963,0.05837024413049221,0.1,0.1,/vols/sbn/uboone/an1522/cam_methods/occlusion/B_border/run3_samples/mpid/occlusion__ENTRY_1142__dirt_meta_4.txt
occlusion,mpid,/home/hep/an1522/dark_tridents_wspace/outputs/weights/DM-CNN_model_20260116-10_22_PM_epoch_4_batch_id_1961_labels_2_title_0.001_AG_GN_LM_TRAINING_step_9821.pwf,/data/run3_dirt_larcv_cropped.root,,1142,1443,0,,8,B_border,0.49429330229759216,0.5105804204940796,0.0,0.005504608154296875,0.01,0.535673407096528,0.535673407096528,True,0.5278195488721804,0.972972972972973,0.535673407096528,26,0.009702009702009701,0.009702009702009701,1.0,0.5278195488721804,0.2632946866750715,0.31587326526641846,0.8537768537768538,0.4737020255997777,0.06219471730291843,0.1,0.1,/vols/sbn/uboone/an1522/cam_methods/occlusion/B_border/run3_samples/mpid/occlusion__ENTRY_1142__dirt_meta_8.txt
occlusion,mpid,/home/hep/an1522/dark_tridents_wspace/outputs/weights/DM-CNN_model_20260116-10_22_PM_epoch_4_batch_id_1961_labels_2_title_0.001_AG_GN_LM_TRAINING_step_9821.pwf,/data/run3_dirt_larcv_cropped.root,,152,1010,0,,16,B_border,0.503976583480835,0.49761897325515747,0.0,0.00385284423828125,0.01,0.3479587943533003,0.3479587943533003,True,0.3354174328797352,0.902970297029703,0.3479587943533003,46,0.009900990099009901,0.009900990099009901,1.0,0.3354174328797352,0.312564492225647,0.41818732023239136,0.7376237623762376,0.47658346761018033,0.06332395812496543,0.1,0.1,/vols/sbn/uboone/an1522/cam_methods/occlusion/B_border/run3_samples/mpid/occlusion__ENTRY_152__dirt_meta_16.txt
occlusion,mpid,/home/hep/an1522/dark_tridents_wspace/outputs/weights/DM-CNN_model_20260116-10_22_PM_epoch_4_batch_id_1961_labels_2_title_0.001_AG_GN_LM_TRAINING_step_9821.pwf,/data/run3_dirt_larcv_cropped.root,,152,1010,0,,2,B_border,0.503976583480835,0.49761897325515747,0.0,0.00385284423828125,0.01,0.3822968332697444,0.3822968332697444,True,0.3811335108406238,0.9920792079207921,0.3822968332697444,48,0.009900990099009901,0.009900990099009901,1.0,0.3811335108406238,0.24986893385648706,0.2930983901023865,0.6851485148514852,0.48108226824551814,0.07198415901511908,0.1,0.1,/vols/sbn/uboone/an1522/cam_methods/occlusion/B_border/run3_samples/mpid/occlusion__ENTRY_152__dirt_meta_2.txt
occlusion,mpid,/home/hep/an1522/dark_tridents_wspace/outputs/weights/DM-CNN_model_20260116-10_22_PM_epoch_4_batch_id_1961_labels_2_title_0.001_AG_GN_LM_TRAINING_step_9821.pwf,/data/run3_dirt_larcv_cropped.root,,152,1010,0,,4,B_border,0.5040997266769409,0.49749693274497986,0.0,0.00385284423828125,0.01,0.37924456314383825,0.37924456314383825,True,0.3769434963974213,0.9841584158415841,0.37924456314383825,48,0.009900990099009901,0.009900990099009901,1.0,0.3769434963974213,0.25651001930236816,0.2922079563140869,0.7099009900990099,0.4810400135815144,0.07305522635579109,0.1,0.1,/vols/sbn/uboone/an1522/cam_methods/occlusion/B_border/run3_samples/mpid/occlusion__ENTRY_152__dirt_meta_4.txt
occlusion,mpid,/home/hep/an1522/dark_tridents_wspace/outputs/weights/DM-CNN_model_20260116-10_22_PM_epoch_4_batch_id_1961_labels_2_title_0.001_AG_GN_LM_TRAINING_step_9821.pwf,/data/run3_dirt_larcv_cropped.root,,152,1010,0,,8,B_border,0.5040997266769409,0.49749693274497986,0.0,0.00385284423828125,0.01,0.37199542159481114,0.37199542159481114,True,0.3670933734939759,0.9653465346534653,0.37199542159481114,49,0.009900990099009901,0.009900990099009901,1.0,0.3670933734939759,0.3985148072242737,0.4158884882926941,0.7306930693069307,0.48133365884423257,0.0590229713357985,0.1,0.1,/vols/sbn/uboone/an1522/cam_methods/occlusion/B_border/run3_samples/mpid/occlusion__ENTRY_152__dirt_meta_8.txt
occlusion,mpid,/home/hep/an1522/dark_tridents_wspace/outputs/weights/DM-CNN_model_20260116-10_22_PM_epoch_4_batch_id_1961_labels_2_title_0.001_AG_GN_LM_TRAINING_step_9821.pwf,/data/run3_nu_overlay_larcv_cropped.root,,3893,787,0,,16,B_border,0.49959883093833923,0.5008833408355713,0.0,0.003002166748046875,0.01,0.2975963372758489,0.2975963372758489,True,0.2968036529680365,0.9911054637865311,0.2975963372758489,31,0.010165184243964422,0.010165184243964422,1.0,0.2968036529680365,0.32133248448371887,0.3331458866596222,0.7636594663278272,0.4768841587007046,0.058186043752357364,0.1,0.1,/vols/sbn/uboone/an1522/cam_methods/occlusion/B_border/run3_samples/mpid/occlusion__ENTRY_3893__nu_overlay_meta_16.txt
occlusion,mpid,/home/hep/an1522/dark_tridents_wspace/outputs/weights/DM-CNN_model_20260116-10_22_PM_epoch_4_batch_id_1961_labels_2_title_0.001_AG_GN_LM_TRAINING_step_9821.pwf,/data/run3_nu_overlay_larcv_cropped.root,,3893,787,0,,2,B_border,0.49959883093833923,0.5008833408355713,0.0,0.003002166748046875,0.01,0.29912247233880196,0.29912247233880196,True,0.29878048780487804,0.9961880559085133,0.29912247233880196,32,0.010165184243964422,0.010165184243964422,1.0,0.29878048780487804,0.1922362923622131,0.2200779914855957,0.6493011435832274,0.47529824897646905,0.07782658785581589,0.1,0.1,/vols/sbn/uboone/an1522/cam_methods/occlusion/B_border/run3_samples/mpid/occlusion__ENTRY_3893__nu_overlay_meta_2.txt
occlusion,mpid,/home/hep/an1522/dark_tridents_wspace/outputs/weights/DM-CNN_model_20260116-10_22_PM_epoch_4_batch_id_1961_labels_2_title_0.001_AG_GN_LM_TRAINING_step_9821.pwf,/data/run3_nu_overlay_larcv_cropped.root,,3893,787,0,,4,B_border,0.49959883093833923,0.5008833408355713,0.0,0.003002166748046875,0.01,0.29912247233880196,0.29912247233880196,True,0.29878048780487804,0.9961880559085133,0.29912247233880196,32,0.010165184243964422,0.010165184243964422,1.0,0.29878048780487804,0.20271631896495818,0.24243047833442688,0.7090216010165185,0.47529824897646905,0.07782658785581589,0.1,0.1,/vols/sbn/uboone/an1522/cam_methods/occlusion/B_border/run3_samples/mpid/occlusion__ENTRY_3893__nu_overlay_meta_4.txt
occlusion,mpid,/home/hep/an1522/dark_tridents_wspace/outputs/weights/DM-CNN_model_20260116-10_22_PM_epoch_4_batch_id_1961_labels_2_title_0.001_AG_GN_LM_TRAINING_step_9821.pwf,/data/run3_nu_overlay_larcv_cropped.root,,3893,787,0,,8,B_border,0.49965596199035645,0.5008258819580078,0.0,0.003002166748046875,0.01,0.2975963372758489,0.2975963372758489,True,0.2968036529680365,0.9911054637865311,0.2975963372758489,31,0.010165184243964422,0.010165184243964422,1.0,0.2968036529680365,0.26423805952072144,0.309854656457901,0.7242693773824651,0.4769074695184827,0.05820070416666567,0.1,0.1,/vols/sbn/uboone/an1522/cam_methods/occlusion/B_border/run3_samples/mpid/occlusion__ENTRY_3893__nu_overlay_meta_8.txt
occlusion,mpid,/home/hep/an1522/dark_tridents_wspace/outputs/weights/DM-CNN_model_20260116-10_22_PM_epoch_4_batch_id_1961_labels_2_title_0.001_AG_GN_LM_TRAINING_step_9821.pwf,/data/run3_offbeam_larcv_cropped.root,,3929,2097,0,,16,B_border,0.5002440214157104,0.5024338960647583,0.0,0.007999420166015625,0.01,0.6493704692865319,0.6493704692865319,True,0.5643236074270557,0.8116356700047688,0.6493704692865319,40,0.010014306151645207,0.010014306151645207,1.0,0.5643236074270557,0.34704393029212877,0.4731212258338928,0.60896518836433,0.4708119787275792,0.03424235573038459,0.1,0.1,/vols/sbn/uboone/an1522/cam_methods/occlusion/B_border/run3_samples/mpid/occlusion__ENTRY_3929__offbeam_meta_16.txt
occlusion,mpid,/home/hep/an1522/dark_tridents_wspace/outputs/weights/DM-CNN_model_20260116-10_22_PM_epoch_4_batch_id_1961_labels_2_title_0.001_AG_GN_LM_TRAINING_step_9821.pwf,/data/run3_offbeam_larcv_cropped.root,,3929,2097,0,,2,B_border,0.5002440214157104,0.5024338960647583,0.0,0.007999420166015625,0.01,0.7855780236550934,0.7855780236550934,True,0.7743512598721324,0.9818788745827373,0.7855780236550934,43,0.010014306151645207,0.010014306151645207,1.0,0.7743512598721324,0.19918627500534056,0.4559052288532257,0.6380543633762518,0.47404036298394203,0.0999513179063797,0.1,0.1,/vols/sbn/uboone/an1522/cam_methods/occlusion/B_border/run3_samples/mpid/occlusion__ENTRY_3929__offbeam_meta_2.txt
occlusion,mpid,/home/hep/an1522/dark_tridents_wspace/outputs/weights/DM-CNN_model_20260116-10_22_PM_epoch_4_batch_id_1961_labels_2_title_0.001_AG_GN_LM_TRAINING_step_9821.pwf,/data/run3_offbeam_larcv_cropped.root,,3929,2097,0,,4,B_border,0.500335156917572,0.5023412704467773,0.0,0.007999420166015625,0.01,0.7630675314765357,0.7630675314765357,True,0.7358351729212657,0.9537434430138293,0.7630675314765357,43,0.010014306151645207,0.010014306151645207,1.0,0.7358351729212657,0.2329950046539305,0.4666694700717926,0.6418693371483071,0.4588925557211041,0.04546833485364914,0.1,0.1,/vols/sbn/uboone/an1522/cam_methods/occlusion/B_border/run3_samples/mpid/occlusion__ENTRY_3929__offbeam_meta_4.txt
occlusion,mpid,/home/hep/an1522/dark_tridents_wspace/outputs/weights/DM-CNN_model_20260116-10_22_PM_epoch_4_batch_id_1961_labels_2_title_0.001_AG_GN_LM_TRAINING_step_9821.pwf,/data/run3_offbeam_larcv_cropped.root,,3929,2097,0,,8,B_border,0.500335156917572,0.5023412704467773,0.0,0.007999420166015625,0.01,0.7226249523082793,0.7226249523082793,True,0.6706798866855525,0.9031950405340964,0.7226249523082793,43,0.010014306151645207,0.010014306151645207,1.0,0.6706798866855525,0.22560475826263396,0.4766322374343872,0.6571292322365284,0.4540290521457791,0.04841777626425028,0.30000000000000004,0.1,/vols/sbn/uboone/an1522/cam_methods/occlusion/B_border/run3_samples/mpid/occlusion__ENTRY_3929__offbeam_meta_8.txt
occlusion,mpid,/home/hep/an1522/dark_tridents_wspace/outputs/weights/DM-CNN_model_20260116-10_22_PM_epoch_4_batch_id_1961_labels_2_title_0.001_AG_GN_LM_TRAINING_step_9821.pwf,/data/run3_dirt_larcv_cropped.root,,859,315,0,,16,B_border,0.4979862868785858,0.504754900932312,0.0,0.001201629638671875,0.01,0.12018313620755437,0.12018313620755437,True,0.12018313620755437,1.0,0.12018313620755437,7,0.009523809523809525,0.009523809523809525,1.0,0.12018313620755437,0.4926740229129791,0.4927372932434082,0.2857142857142857,0.47552804071456195,0.07127960976213217,0.1,0.1,/vols/sbn/uboone/an1522/cam_methods/occlusion/B_border/run3_samples/mpid/occlusion__ENTRY_859__dirt_meta_16.txt
occlusion,mpid,/home/hep/an1522/dark_tridents_wspace/outputs/weights/DM-CNN_model_20260116-10_22_PM_epoch_4_batch_id_1961_labels_2_title_0.001_AG_GN_LM_TRAINING_step_9821.pwf,/data/run3_dirt_larcv_cropped.root,,859,315,0,,2,B_border,0.49831411242485046,0.5044286847114563,0.0,0.001201629638671875,0.01,0.12018313620755437,0.12018313620755437,True,0.12018313620755437,1.0,0.12018313620755437,7,0.009523809523809525,0.009523809523809525,1.0,0.12018313620755437,0.49244558811187744,0.49390509724617004,0.5968253968253968,0.47583860978484155,0.07127956226468087,0.1,0.1,/vols/sbn/uboone/an1522/cam_methods/occlusion/B_border/run3_samples/mpid/occlusion__ENTRY_859__dirt_meta_2.txt
occlusion,mpid,/home/hep/an1522/dark_tridents_wspace/outputs/weights/DM-CNN_model_20260116-10_22_PM_epoch_4_batch_id_1961_labels_2_title_0.001_AG_GN_LM_TRAINING_step_9821.pwf,/data/run3_dirt_larcv_cropped.root,,859,315,0,,4,B_border,0.49831411242485046,0.5044286847114563,0.0,0.001201629638671875,0.01,0.12018313620755437,0.12018313620755437,True,0.12018313620755437,1.0,0.12018313620755437,7,0.009523809523809525,0.009523809523809525,1.0,0.12018313620755437,0.4933563768863678,0.493913471698761,0.5555555555555556,0.47583860978484155,0.07127956226468087,0.1,0.1,/vols/sbn/uboone/an1522/cam_methods/occlusion/B_border/run3_samples/mpid/occlusion__ENTRY_859__dirt_meta_4.txt
occlusion,mpid,/home/hep/an1522/dark_tridents_wspace/outputs/weights/DM-CNN_model_20260116-10_22_PM_epoch_4_batch_id_1961_labels_2_title_0.001_AG_GN_LM_TRAINING_step_9821.pwf,/data/run3_dirt_larcv_cropped.root,,859,315,0,,8,B_border,0.49831411242485046,0.5044286847114563,0.0,0.001201629638671875,0.01,0.12018313620755437,0.12018313620755437,True,0.12018313620755437,1.0,0.12018313620755437,7,0.009523809523809525,0.009523809523809525,1.0,0.12018313620755437,0.49306467175483704,0.49507325887680054,0.3682539682539683,0.47583860978484155,0.07127956226468087,0.1,0.1,/vols/sbn/uboone/an1522/cam_methods/occlusion/B_border/run3_samples/mpid/occlusion__ENTRY_859__dirt_meta_8.txt
occlusion,resnet34_gn,/home/hep/an1522/dark_tridents_wspace/outputs/weights/resnet34_gn/resnet34_gn_model_20260123-12_20_AM_epoch_4_batch_id_1961_labels_2_step_9821.pwf,/data/run3_nu_overlay_larcv_cropped.root,,10407,779,0,,16,B_border,0.00247478811070323,0.9974794983863831,0.0,0.002971649169921875,0.01,0.2823349866463182,0.2823349866463182,True,0.2781954887218045,0.9499358151476252,0.2823349866463182,29,0.010269576379974325,0.010269576379974325,1.0,0.2781954887218045,0.0003819956909865141,0.0006507185753434896,0.6367137355584083,0.012250013742595912,0.07371568342205137,0.0,0.0,/vols/sbn/uboone/an1522/cam_methods/occlusion/B_border/run3_samples/resnet34_gn/occlusion__ENTRY_10407__nu_overlay_meta_16.txt
occlusion,resnet34_gn,/home/hep/an1522/dark_tridents_wspace/outputs/weights/resnet34_gn/resnet34_gn_model_20260123-12_20_AM_epoch_4_batch_id_1961_labels_2_step_9821.pwf,/data/run3_nu_overlay_larcv_cropped.root,,10407,779,0,,2,B_border,0.00247478811070323,0.9974794983863831,0.0,0.002971649169921875,0.01,0.2953071346814193,0.2953071346814193,True,0.2947448591012947,0.993581514762516,0.2953071346814193,31,0.010269576379974325,0.010269576379974325,1.0,0.2947448591012947,0.00046792503912001913,0.0014328109100461006,0.7355584082156611,0.011966616520658136,0.10795214555691926,0.0,0.0,/vols/sbn/uboone/an1522/cam_methods/occlusion/B_border/run3_samples/resnet34_gn/occlusion__ENTRY_10407__nu_overlay_meta_2.txt
occlusion,resnet34_gn,/home/hep/an1522/dark_tridents_wspace/outputs/weights/resnet34_gn/resnet34_gn_model_20260123-12_20_AM_epoch_4_batch_id_1961_labels_2_step_9821.pwf,/data/run3_nu_overlay_larcv_cropped.root,,10407,779,0,,4,B_border,0.0024749222211539745,0.9974793791770935,0.0,0.002971649169921875,0.01,0.2937809996184662,0.2937809996184662,True,0.29277566539923955,0.9884467265725289,0.2937809996184662,31,0.010269576379974325,0.010269576379974325,1.0,0.29277566539923955,0.000556802717037499,0.0014328141696751118,0.7265725288831836,0.011963509395718575,0.10796064038295299,0.0,0.0,/vols/sbn/uboone/an1522/cam_methods/occlusion/B_border/run3_samples/resnet34_gn/occlusion__ENTRY_10407__nu_overlay_meta_4.txt
occlusion,resnet34_gn,/home/hep/an1522/dark_tridents_wspace/outputs/weights/resnet34_gn/resnet34_gn_model_20260123-12_20_AM_epoch_4_batch_id_1961_labels_2_step_9821.pwf,/data/run3_nu_overlay_larcv_cropped.root,,10407,779,0,,8,B_border,0.0024749222211539745,0.9974793791770935,0.0,0.002971649169921875,0.01,0.28882106066386876,0.28882106066386876,True,0.2864169504351116,0.9717586649550706,0.28882106066386876,29,0.010269576379974325,0.010269576379974325,1.0,0.2864169504351116,0.00036493432708084583,0.0014328141696751118,0.7252888318356868,0.012263250048272313,0.07357028487604111,0.0,0.0,/vols/sbn/uboone/an1522/cam_methods/occlusion/B_border/run3_samples/resnet34_gn/occlusion__ENTRY_10407__nu_overlay_meta_8.txt
occlusion,resnet34_gn,/home/hep/an1522/dark_tridents_wspace/outputs/weights/resnet34_gn/resnet34_gn_model_20260123-12_20_AM_epoch_4_batch_id_1961_labels_2_step_9821.pwf,/data/run3_offbeam_larcv_cropped.root,,11118,2130,0,,16,B_border,0.01623992994427681,0.9837320446968079,0.0,0.00812530517578125,0.01,0.7558183899275086,0.7558183899275086,True,0.7151624548736462,0.9300469483568075,0.7558183899275086,35,0.009859154929577466,0.009859154929577466,1.0,0.7151624548736462,0.024183097779750893,0.06944939494132996,0.5375586854460094,0.031739621981978425,0.03406771691516041,0.0,0.0,/vols/sbn/uboone/an1522/cam_methods/occlusion/B_border/run3_samples/resnet34_gn/occlusion__ENTRY_11118__offbeam_meta_16.txt
occlusion,resnet34_gn,/home/hep/an1522/dark_tridents_wspace/outputs/weights/resnet34_gn/resnet34_gn_model_20260123-12_20_AM_epoch_4_batch_id_1961_labels_2_step_9821.pwf,/data/run3_offbeam_larcv_cropped.root,,11118,2130,0,,2,B_border,0.01623992994427681,0.9837320446968079,0.0,0.00812530517578125,0.01,0.8046547119420069,0.8046547119420069,True,0.7982588947766843,0.9901408450704225,0.8046547119420069,41,0.009859154929577466,0.009859154929577466,1.0,0.7982588947766843,0.006841142848134043,0.008838437497615814,0.5248826291079812,0.025106689147651195,0.05347943045198916,0.0,0.0,/vols/sbn/uboone/an1522/cam_methods/occlusion/B_border/run3_samples/resnet34_gn/occlusion__ENTRY_11118__offbeam_meta_2.txt
occlusion,resnet34_gn,/home/hep/an1522/dark_tridents_wspace/outputs/weights/resnet34_gn/resnet34_gn_model_20260123-12_20_AM_epoch_4_batch_id_1961_labels_2_step_9821.pwf,/data/run3_offbeam_larcv_cropped.root,,11118,2130,0,,4,B_border,0.01624150760471821,0.9837304353713989,0.0,0.00812530517578125,0.01,0.7962609690957649,0.7962609690957649,True,0.7834084084084084,0.9798122065727699,0.7962609690957649,36,0.009859154929577466,0.009859154929577466,1.0,0.7834084084084084,0.009404938668012619,0.011097600683569908,0.5291079812206573,0.025103751104325063,0.05427694171667098,0.0,0.0,/vols/sbn/uboone/an1522/cam_methods/occlusion/B_border/run3_samples/resnet34_gn/occlusion__ENTRY_11118__offbeam_meta_4.txt
occlusion,resnet34_gn,/home/hep/an1522/dark_tridents_wspace/outputs/weights/resnet34_gn/resnet34_gn_model_20260123-12_20_AM_epoch_4_batch_id_1961_labels_2_step_9821.pwf,/data/run3_offbeam_larcv_cropped.root,,11118,2130,0,,8,B_border,0.01624150760471821,0.9837304353713989,0.0,0.00812530517578125,0.01,0.780618084700496,0.780618084700496,True,0.7563770794824399,0.9605633802816902,0.780618084700496,36,0.009859154929577466,0.009859154929577466,1.0,0.7563770794824399,0.012692811768502003,0.022837260738015175,0.5028169014084507,0.025509021896868947,0.054313666094094507,0.0,0.0,/vols/sbn/uboone/an1522/cam_methods/occlusion/B_border/run3_samples/resnet34_gn/occlusion__ENTRY_11118__offbeam_meta_8.txt
occlusion,resnet34_gn,/home/hep/an1522/dark_tridents_wspace/outputs/weights/resnet34_gn/resnet34_gn_model_20260123-12_20_AM_epoch_4_batch_id_1961_labels_2_step_9821.pwf,/data/run3_dirt_larcv_cropped.root,,1142,1443,0,,16,B_border,0.004406656138598919,0.9955357313156128,0.0,0.005504608154296875,0.01,0.5196489889355208,0.5196489889355208,True,0.5040710584752035,0.9438669438669439,0.5196489889355208,25,0.009702009702009701,0.009702009702009701,1.0,0.5040710584752035,0.0028581573814153655,0.004449742846190929,0.5155925155925156,0.013888511760160328,0.09000782715156674,0.0,0.0,/vols/sbn/uboone/an1522/cam_methods/occlusion/B_border/run3_samples/resnet34_gn/occlusion__ENTRY_1142__dirt_meta_16.txt
occlusion,resnet34_gn,/home/hep/an1522/dark_tridents_wspace/outputs/weights/resnet34_gn/resnet34_gn_model_20260123-12_20_AM_epoch_4_batch_id_1961_labels_2_step_9821.pwf,/data/run3_dirt_larcv_cropped.root,,1142,1443,0,,2,B_border,0.004406656138598919,0.9955357313156128,0.0,0.005504608154296875,0.01,0.5467378863029378,0.5467378863029378,True,0.5446598251615355,0.9930699930699931,0.5467378863029378,25,0.009702009702009701,0.009702009702009701,1.0,0.5446598251615355,0.0028671594336628914,0.015397815965116024,0.3049203049203049,0.01384089048951864,0.09122794535942375,0.0,0.0,/vols/sbn/uboone/an1522/cam_methods/occlusion/B_border/run3_samples/resnet34_gn/occlusion__ENTRY_1142__dirt_meta_2.txt
occlusion,resnet34_gn,/home/hep/an1522/dark_tridents_wspace/outputs/weights/resnet34_gn/resnet34_gn_model_20260123-12_20_AM_epoch_4_batch_id_1961_labels_2_step_9821.pwf,/data/run3_dirt_larcv_cropped.root,,1142,1443,0,,4,B_border,0.00440635671839118,0.9955359697341919,0.0,0.005504608154296875,0.01,0.5433040824112934,0.5433040824112934,True,0.5393939393939394,0.9868329868329868,0.5433040824112934,25,0.009702009702009701,0.009702009702009701,1.0,0.5393939393939394,0.002866589929908514,0.015394335612654686,0.3458073458073458,0.013896161667071283,0.09044243714306503,0.0,0.0,/vols/sbn/uboone/an1522/cam_methods/occlusion/B_border/run3_samples/resnet34_gn/occlusion__ENTRY_1142__dirt_meta_4.txt
occlusion,resnet34_gn,/home/hep/an1522/dark_tridents_wspace/outputs/weights/resnet34_gn/resnet34_gn_model_20260123-12_20_AM_epoch_4_batch_id_1961_labels_2_step_9821.pwf,/data/run3_dirt_larcv_cropped.root,,1142,1443,0,,8,B_border,0.00440635671839118,0.9955359697341919,0.0,0.005504608154296875,0.01,0.535673407096528,0.535673407096528,True,0.5278195488721804,0.972972972972973,0.535673407096528,26,0.009702009702009701,0.009702009702009701,1.0,0.5278195488721804,0.002866589929908514,0.050227608531713486,0.3866943866943867,0.01395716785918921,0.08992279942613095,0.0,0.0,/vols/sbn/uboone/an1522/cam_methods/occlusion/B_border/run3_samples/resnet34_gn/occlusion__ENTRY_1142__dirt_meta_8.txt
occlusion,resnet34_gn,/home/hep/an1522/dark_tridents_wspace/outputs/weights/resnet34_gn/resnet34_gn_model_20260123-12_20_AM_epoch_4_batch_id_1961_labels_2_step_9821.pwf,/data/run3_dirt_larcv_cropped.root,,152,1010,0,,16,B_border,0.021051183342933655,0.978774905204773,0.0,0.00385284423828125,0.01,0.3479587943533003,0.3479587943533003,True,0.3354174328797352,0.902970297029703,0.3479587943533003,46,0.009900990099009901,0.009900990099009901,1.0,0.3354174328797352,0.48297590017318726,0.7453709244728088,0.7316831683168317,0.0316651251167059,0.13060119608417153,0.0,0.0,/vols/sbn/uboone/an1522/cam_methods/occlusion/B_border/run3_samples/resnet34_gn/occlusion__ENTRY_152__dirt_meta_16.txt
occlusion,resnet34_gn,/home/hep/an1522/dark_tridents_wspace/outputs/weights/resnet34_gn/resnet34_gn_model_20260123-12_20_AM_epoch_4_batch_id_1961_labels_2_step_9821.pwf,/data/run3_dirt_larcv_cropped.root,,152,1010,0,,2,B_border,0.021051183342933655,0.978774905204773,0.0,0.00385284423828125,0.01,0.3822968332697444,0.3822968332697444,True,0.3811335108406238,0.9920792079207921,0.3822968332697444,48,0.009900990099009901,0.009900990099009901,1.0,0.3811335108406238,0.008137301858514545,0.08524403721094131,0.6782178217821783,0.029620884172618392,0.16508144196122887,0.0,0.0,/vols/sbn/uboone/an1522/cam_methods/occlusion/B_border/run3_samples/resnet34_gn/occlusion__ENTRY_152__dirt_meta_2.txt
occlusion,resnet34_gn,/home/hep/an1522/dark_tridents_wspace/outputs/weights/resnet34_gn/resnet34_gn_model_20260123-12_20_AM_epoch_4_batch_id_1961_labels_2_step_9821.pwf,/data/run3_dirt_larcv_cropped.root,,152,1010,0,,4,B_border,0.021055065095424652,0.9787710309028625,0.0,0.00385284423828125,0.01,0.37924456314383825,0.37924456314383825,True,0.3769434963974213,0.9841584158415841,0.37924456314383825,48,0.009900990099009901,0.009900990099009901,1.0,0.3769434963974213,0.009905591607093811,0.0851854681968689,0.7198019801980198,0.02961370851844549,0.1650880590546876,0.0,0.0,/vols/sbn/uboone/an1522/cam_methods/occlusion/B_border/run3_samples/resnet34_gn/occlusion__ENTRY_152__dirt_meta_4.txt
occlusion,resnet34_gn,/home/hep/an1522/dark_tridents_wspace/outputs/weights/resnet34_gn/resnet34_gn_model_20260123-12_20_AM_epoch_4_batch_id_1961_labels_2_step_9821.pwf,/data/run3_dirt_larcv_cropped.root,,152,1010,0,,8,B_border,0.021055065095424652,0.9787710309028625,0.0,0.00385284423828125,0.01,0.37199542159481114,0.37199542159481114,True,0.3670933734939759,0.9653465346534653,0.37199542159481114,49,0.009900990099009901,0.009900990099009901,1.0,0.3670933734939759,0.020410854369401932,0.0502634271979332,0.7495049504950495,0.029548023268580435,0.1290632701013237,0.0,0.0,/vols/sbn/uboone/an1522/cam_methods/occlusion/B_border/run3_samples/resnet34_gn/occlusion__ENTRY_152__dirt_meta_8.txt
occlusion,resnet34_gn,/home/hep/an1522/dark_tridents_wspace/outputs/weights/resnet34_gn/resnet34_gn_model_20260123-12_20_AM_epoch_4_batch_id_1961_labels_2_step_9821.pwf,/data/run3_nu_overlay_larcv_cropped.root,,3893,787,0,,16,B_border,0.018346287310123444,0.9814879894256592,0.0,0.003002166748046875,0.01,0.2975963372758489,0.2975963372758489,True,0.2968036529680365,0.9911054637865311,0.2975963372758489,31,0.010165184243964422,0.010165184243964422,1.0,0.2968036529680365,0.05398730933666229,0.05398730933666229,0.7992376111817027,0.02699729949235917,0.12824031747877598,0.0,0.0,/vols/sbn/uboone/an1522/cam_methods/occlusion/B_border/run3_samples/resnet34_gn/occlusion__ENTRY_3893__nu_overlay_meta_16.txt
occlusion,resnet34_gn,/home/hep/an1522/dark_tridents_wspace/outputs/weights/resnet34_gn/resnet34_gn_model_20260123-12_20_AM_epoch_4_batch_id_1961_labels_2_step_9821.pwf,/data/run3_nu_overlay_larcv_cropped.root,,3893,787,0,,2,B_border,0.018346287310123444,0.9814879894256592,0.0,0.003002166748046875,0.01,0.29912247233880196,0.29912247233880196,True,0.29878048780487804,0.9961880559085133,0.29912247233880196,32,0.010165184243964422,0.010165184243964422,1.0,0.29878048780487804,0.01405593067407608,0.02110135555267334,0.602287166454892,0.02701419852674008,0.12918115872889757,0.0,0.0,/vols/sbn/uboone/an1522/cam_methods/occlusion/B_border/run3_samples/resnet34_gn/occlusion__ENTRY_3893__nu_overlay_meta_2.txt
occlusion,resnet34_gn,/home/hep/an1522/dark_tridents_wspace/outputs/weights/resnet34_gn/resnet34_gn_model_20260123-12_20_AM_epoch_4_batch_id_1961_labels_2_step_9821.pwf,/data/run3_nu_overlay_larcv_cropped.root,,3893,787,0,,4,B_border,0.018346287310123444,0.9814879894256592,0.0,0.003002166748046875,0.01,0.29912247233880196,0.29912247233880196,True,0.29878048780487804,0.9961880559085133,0.29912247233880196,32,0.010165184243964422,0.010165184243964422,1.0,0.29878048780487804,0.02250066153705118,0.0447784960269928,0.6188055908513341,0.02701419852674008,0.12918115872889757,0.0,0.0,/vols/sbn/uboone/an1522/cam_methods/occlusion/B_border/run3_samples/resnet34_gn/occlusion__ENTRY_3893__nu_overlay_meta_4.txt
occlusion,resnet34_gn,/home/hep/an1522/dark_tridents_wspace/outputs/weights/resnet34_gn/resnet34_gn_model_20260123-12_20_AM_epoch_4_batch_id_1961_labels_2_step_9821.pwf,/data/run3_nu_overlay_larcv_cropped.root,,3893,787,0,,8,B_border,0.01834918186068535,0.98148512840271,0.0,0.003002166748046875,0.01,0.2975963372758489,0.2975963372758489,True,0.2968036529680365,0.9911054637865311,0.2975963372758489,31,0.010165184243964422,0.010165184243964422,1.0,0.2968036529680365,0.07133591175079346,0.0726860910654068,0.7369758576874206,0.02699838299304247,0.12824004087597132,0.0,0.0,/vols/sbn/uboone/an1522/cam_methods/occlusion/B_border/run3_samples/resnet34_gn/occlusion__ENTRY_3893__nu_overlay_meta_8.txt
occlusion,resnet34_gn,/home/hep/an1522/dark_tridents_wspace/outputs/weights/resnet34_gn/resnet34_gn_model_20260123-12_20_AM_epoch_4_batch_id_1961_labels_2_step_9821.pwf,/data/run3_offbeam_larcv_cropped.root,,3929,2097,0,,16,B_border,0.00572110153734684,0.9942134022712708,0.0,0.007999420166015625,0.01,0.6493704692865319,0.6497520030522701,True,0.5643236074270557,0.8116356700047688,0.6493704692865319,41,0.010014306151645207,0.010014306151645207,1.0,0.5648424543946932,0.0031202858500182624,0.00889033917337656,0.5402956604673342,0.014664205303415657,0.042126467078924174,0.0,0.0,/vols/sbn/uboone/an1522/cam_methods/occlusion/B_border/run3_samples/resnet34_gn/occlusion__ENTRY_3929__offbeam_meta_16.txt
occlusion,resnet34_gn,/home/hep/an1522/dark_tridents_wspace/outputs/weights/resnet34_gn/resnet34_gn_model_20260123-12_20_AM_epoch_4_batch_id_1961_labels_2_step_9821.pwf,/data/run3_offbeam_larcv_cropped.root,,3929,2097,0,,2,B_border,0.00572110153734684,0.9942134022712708,0.0,0.007999420166015625,0.01,0.7855780236550934,0.7840518885921404,True,0.7743512598721324,0.9818788745827373,0.7855780236550934,41,0.010014306151645207,0.010014306151645207,1.0,0.7716860683439729,0.010373741984367364,0.017216293141245842,0.25226514067715783,0.01507103852927685,0.04416991546750068,0.0,0.0,/vols/sbn/uboone/an1522/cam_methods/occlusion/B_border/run3_samples/resnet34_gn/occlusion__ENTRY_3929__offbeam_meta_2.txt
occlusion,resnet34_gn,/home/hep/an1522/dark_tridents_wspace/outputs/weights/resnet34_gn/resnet34_gn_model_20260123-12_20_AM_epoch_4_batch_id_1961_labels_2_step_9821.pwf,/data/run3_offbeam_larcv_cropped.root,,3929,2097,0,,4,B_border,0.005720637273043394,0.994213879108429,0.0,0.007999420166015625,0.01,0.7630675314765357,0.7630675314765357,True,0.7358351729212657,0.9537434430138293,0.7630675314765357,43,0.010014306151645207,0.010014306151645207,1.0,0.7358351729212657,0.00647129988297817,0.016404202207922935,0.3719599427753934,0.014828331046737728,0.035653468756936486,0.0,0.0,/vols/sbn/uboone/an1522/cam_methods/occlusion/B_border/run3_samples/resnet34_gn/occlusion__ENTRY_3929__offbeam_meta_4.txt
occlusion,resnet34_gn,/home/hep/an1522/dark_tridents_wspace/outputs/weights/resnet34_gn/resnet34_gn_model_20260123-12_20_AM_epoch_4_batch_id_1961_labels_2_step_9821.pwf,/data/run3_offbeam_larcv_cropped.root,,3929,2097,0,,8,B_border,0.005720637273043394,0.994213879108429,0.0,0.007999420166015625,0.01,0.7226249523082793,0.722243418542541,True,0.6706798866855525,0.9031950405340964,0.7226249523082793,42,0.010014306151645207,0.010014306151645207,1.0,0.6700884955752212,0.00453317491337657,0.006923542823642492,0.4711492608488317,0.014783709985204042,0.03338497581426054,0.0,0.0,/vols/sbn/uboone/an1522/cam_methods/occlusion/B_border/run3_samples/resnet34_gn/occlusion__ENTRY_3929__offbeam_meta_8.txt
occlusion,resnet34_gn,/home/hep/an1522/dark_tridents_wspace/outputs/weights/resnet34_gn/resnet34_gn_model_20260123-12_20_AM_epoch_4_batch_id_1961_labels_2_step_9821.pwf,/data/run3_dirt_larcv_cropped.root,,859,315,0,,16,B_border,0.004833000246435404,0.995102047920227,0.0,0.001201629638671875,0.01,0.12018313620755437,0.12018313620755437,True,0.12018313620755437,1.0,0.12018313620755437,7,0.009523809523809525,0.009523809523809525,1.0,0.12018313620755437,0.0008138925768435001,0.0008967164903879166,0.707936507936508,0.014210197306238114,0.18299974438268696,0.0,0.0,/vols/sbn/uboone/an1522/cam_methods/occlusion/B_border/run3_samples/resnet34_gn/occlusion__ENTRY_859__dirt_meta_16.txt
occlusion,resnet34_gn,/home/hep/an1522/dark_tridents_wspace/outputs/weights/resnet34_gn/resnet34_gn_model_20260123-12_20_AM_epoch_4_batch_id_1961_labels_2_step_9821.pwf,/data/run3_dirt_larcv_cropped.root,,859,315,0,,2,B_border,0.004833032377064228,0.9951019287109375,0.0,0.001201629638671875,0.01,0.12018313620755437,0.12018313620755437,True,0.12018313620755437,1.0,0.12018313620755437,7,0.009523809523809525,0.009523809523809525,1.0,0.12018313620755437,0.00031971437856554997,0.0008005495183169842,0.9142857142857143,0.014210290415212514,0.18300093510188162,0.0,0.0,/vols/sbn/uboone/an1522/cam_methods/occlusion/B_border/run3_samples/resnet34_gn/occlusion__ENTRY_859__dirt_meta_2.txt
occlusion,resnet34_gn,/home/hep/an1522/dark_tridents_wspace/outputs/weights/resnet34_gn/resnet34_gn_model_20260123-12_20_AM_epoch_4_batch_id_1961_labels_2_step_9821.pwf,/data/run3_dirt_larcv_cropped.root,,859,315,0,,4,B_border,0.004833032377064228,0.9951019287109375,0.0,0.001201629638671875,0.01,0.12018313620755437,0.12018313620755437,True,0.12018313620755437,1.0,0.12018313620755437,7,0.009523809523809525,0.009523809523809525,1.0,0.12018313620755437,0.00035695384256541747,0.0008005495183169842,0.9206349206349206,0.014210290415212514,0.18300093510188162,0.0,0.0,/vols/sbn/uboone/an1522/cam_methods/occlusion/B_border/run3_samples/resnet34_gn/occlusion__ENTRY_859__dirt_meta_4.txt
occlusion,resnet34_gn,/home/hep/an1522/dark_tridents_wspace/outputs/weights/resnet34_gn/resnet34_gn_model_20260123-12_20_AM_epoch_4_batch_id_1961_labels_2_step_9821.pwf,/data/run3_dirt_larcv_cropped.root,,859,315,0,,8,B_border,0.004833032377064228,0.9951019287109375,0.0,0.001201629638671875,0.01,0.12018313620755437,0.12018313620755437,True,0.12018313620755437,1.0,0.12018313620755437,7,0.009523809523809525,0.009523809523809525,1.0,0.12018313620755437,0.0004001162294298415,0.0008005495183169842,0.8952380952380953,0.014210290415212514,0.18300093510188162,0.0,0.0,/vols/sbn/uboone/an1522/cam_methods/occlusion/B_border/run3_samples/resnet34_gn/occlusion__ENTRY_859__dirt_meta_8.txt
occlusion,mpid,/home/hep/an1522/dark_tridents_wspace/outputs/weights/DM-CNN_model_20260116-10_22_PM_epoch_4_batch_id_1961_labels_2_title_0.001_AG_GN_LM_TRAINING_step_9821.pwf,/data/run3_dt_ratio_0.6_ma_0.05_eta_larcv_cropped.root,0.05,10005,1835,0,,16,B_border,0.5001029372215271,0.49933695793151855,0.0,0.006999969482421875,0.01,0.6600534147272034,0.6600534147272034,True,0.6346294937637564,0.9427792915531336,0.6600534147272034,35,0.009809264305177113,0.009809264305177113,1.0,0.6346294937637564,0.29727967262268096,0.4156549572944641,0.7743869209809264,0.4334612505510449,0.04345988174900413,0.2,0.1,/vols/sbn/uboone/an1522/cam_methods/occlusion/B_border/run3_signal/mpid/occlusion__ENTRY_10005_meta_16.txt
occlusion,mpid,/home/hep/an1522/dark_tridents_wspace/outputs/weights/DM-CNN_model_20260116-10_22_PM_epoch_4_batch_id_1961_labels_2_title_0.001_AG_GN_LM_TRAINING_step_9821.pwf,/data/run3_dt_ratio_0.6_ma_0.05_eta_larcv_cropped.root,0.05,10005,1835,0,,2,B_border,0.5001842975616455,0.4992556869983673,0.0,0.006999969482421875,0.01,0.6943914536436475,0.6943914536436475,True,0.6904400606980273,0.9918256130790191,0.6943914536436475,34,0.009809264305177113,0.009809264305177113,1.0,0.6904400606980273,0.26858484268188487,0.37259525060653687,0.6381471389645776,0.4729875810444355,0.03930350458249451,0.1,0.1,/vols/sbn/uboone/an1522/cam_methods/occlusion/B_border/run3_signal/mpid/occlusion__ENTRY_10005_meta_2.txt
occlusion,mpid,/home/hep/an1522/dark_tridents_wspace/outputs/weights/DM-CNN_model_20260116-10_22_PM_epoch_4_batch_id_1961_labels_2_title_0.001_AG_GN_LM_TRAINING_step_9821.pwf,/data/run3_dt_ratio_0.6_ma_0.05_eta_larcv_cropped.root,0.05,10005,1835,0,,4,B_border,0.5001842975616455,0.4992556869983673,0.0,0.006999969482421875,0.01,0.6898130484547883,0.6898130484547883,True,0.6827794561933535,0.9852861035422343,0.6898130484547883,35,0.009809264305177113,0.009809264305177113,1.0,0.6827794561933535,0.3255149722099304,0.46189939975738525,0.7133514986376022,0.44807453230023386,0.03607777848374099,0.2,0.1,/vols/sbn/uboone/an1522/cam_methods/occlusion/B_border/run3_signal/mpid/occlusion__ENTRY_10005_meta_4.txt
occlusion,mpid,/home/hep/an1522/dark_tridents_wspace/outputs/weights/DM-CNN_model_20260116-10_22_PM_epoch_4_batch_id_1961_labels_2_title_0.001_AG_GN_LM_TRAINING_step_9821.pwf,/data/run3_dt_ratio_0.6_ma_0.05_eta_larcv_cropped.root,0.05,10005,1835,0,,8,B_border,0.5001842975616455,0.4992556869983673,0.0,0.006999969482421875,0.01,0.6787485692483785,0.6787485692483785,True,0.6645498692566305,0.9694822888283379,0.6787485692483785,34,0.009809264305177113,0.009809264305177113,1.0,0.6645498692566305,0.30973130464553833,0.3647273778915405,0.735149863760218,0.4480273850262166,0.038538683392107496,0.2,0.1,/vols/sbn/uboone/an1522/cam_methods/occlusion/B_border/run3_signal/mpid/occlusion__ENTRY_10005_meta_8.txt
occlusion,mpid,/home/hep/an1522/dark_tridents_wspace/outputs/weights/DM-CNN_model_20260116-10_22_PM_epoch_4_batch_id_1961_labels_2_title_0.001_AG_GN_LM_TRAINING_step_9821.pwf,/data/run3_dt_ratio_0.6_ma_0.4_eta_larcv_cropped.root,0.4,11552,2786,0,,16,B_border,0.5001229643821716,0.5022159218788147,0.0,0.01062774658203125,0.01,1.0,1.0,True,0.9407753050969131,0.9407753050969131,1.0,37,0.010050251256281407,0.010050251256281407,1.0,0.9407753050969131,0.4823256731033325,0.4943152070045471,0.47702799712849964,0.4988837994635105,0.3324989400804043,0.1,0.7000000000000001,/vols/sbn/uboone/an1522/cam_methods/occlusion/B_border/run3_signal/mpid/occlusion__ENTRY_11552_meta_16.txt
occlusion,mpid,/home/hep/an1522/dark_tridents_wspace/outputs/weights/DM-CNN_model_20260116-10_22_PM_epoch_4_batch_id_1961_labels_2_title_0.001_AG_GN_LM_TRAINING_step_9821.pwf,/data/run3_dt_ratio_0.6_ma_0.4_eta_larcv_cropped.root,0.4,11552,2786,0,,2,B_border,0.5001229643821716,0.5022159218788147,0.0,0.01062774658203125,0.01,1.0,1.0,True,0.9407753050969131,0.9407753050969131,1.0,39,0.010050251256281407,0.010050251256281407,1.0,0.9407753050969131,0.18471873104572367,0.45182210206985474,0.4371859296482412,0.4775085963308811,0.07765523418784143,0.1,0.1,/vols/sbn/uboone/an1522/cam_methods/occlusion/B_border/run3_signal/mpid/occlusion__ENTRY_11552_meta_2.txt
occlusion,mpid,/home/hep/an1522/dark_tridents_wspace/outputs/weights/DM-CNN_model_20260116-10_22_PM_epoch_4_batch_id_1961_labels_2_title_0.001_AG_GN_LM_TRAINING_step_9821.pwf,/data/run3_dt_ratio_0.6_ma_0.4_eta_larcv_cropped.root,0.4,11552,2786,0,,4,B_border,0.4999241828918457,0.5024129748344421,0.0,0.01062774658203125,0.01,1.0,1.0,True,0.9407753050969131,0.9407753050969131,1.0,39,0.010050251256281407,0.010050251256281407,1.0,0.9407753050969131,0.34706718474626563,0.4589211642742157,0.4210337401292175,0.477975900657475,0.1990164635702968,0.1,0.1,/vols/sbn/uboone/an1522/cam_methods/occlusion/B_border/run3_signal/mpid/occlusion__ENTRY_11552_meta_4.txt
occlusion,mpid,/home/hep/an1522/dark_tridents_wspace/outputs/weights/DM-CNN_model_20260116-10_22_PM_epoch_4_batch_id_1961_labels_2_title_0.001_AG_GN_LM_TRAINING_step_9821.pwf,/data/run3_dt_ratio_0.6_ma_0.4_eta_larcv_cropped.root,0.4,11552,2786,0,,8,B_border,0.4999241828918457,0.5024129748344421,0.0,0.01062774658203125,0.01,1.0,1.0,True,0.9407753050969131,0.9407753050969131,1.0,38,0.010050251256281407,0.010050251256281407,1.0,0.9407753050969131,0.45078234374523174,0.4729699194431305,0.4490308686288586,0.48365263510495426,0.06170556079596281,0.1,0.1,/vols/sbn/uboone/an1522/cam_methods/occlusion/B_border/run3_signal/mpid/occlusion__ENTRY_11552_meta_8.txt
occlusion,mpid,/home/hep/an1522/dark_tridents_wspace/outputs/weights/DM-CNN_model_20260116-10_22_PM_epoch_4_batch_id_1961_labels_2_title_0.001_AG_GN_LM_TRAINING_step_9821.pwf,/data/run3_dt_ratio_0.6_ma_0.02_pi0_larcv_cropped.root,0.02,1728,1655,0,,16,B_border,0.499955415725708,0.5032082200050354,0.0,0.006313323974609375,0.01,0.6306753147653568,0.6306753147653568,True,0.6301944338543652,0.9987915407854985,0.6306753147653568,72,0.01027190332326284,0.01027190332326284,1.0,0.6301944338543652,0.3238257169723511,0.39990514516830444,0.7879154078549849,0.4739060945808888,0.14932933077216148,0.1,0.1,/vols/sbn/uboone/an1522/cam_methods/occlusion/B_border/run3_signal/mpid/occlusion__ENTRY_1728_meta_16.txt
occlusion,mpid,/home/hep/an1522/dark_tridents_wspace/outputs/weights/DM-CNN_model_20260116-10_22_PM_epoch_4_batch_id_1961_labels_2_title_0.001_AG_GN_LM_TRAINING_step_9821.pwf,/data/run3_dt_ratio_0.6_ma_0.02_pi0_larcv_cropped.root,0.02,1728,1655,0,,2,B_border,0.499955415725708,0.5032082200050354,0.0,0.006313323974609375,0.01,0.6314383822968332,0.6314383822968332,True,0.6314383822968332,1.0,0.6314383822968332,73,0.01027190332326284,0.01027190332326284,1.0,0.6314383822968332,0.15062237739563025,0.2551559805870056,0.6084592145015105,0.4773978479206562,0.07136162742972374,0.1,0.1,/vols/sbn/uboone/an1522/cam_methods/occlusion/B_border/run3_signal/mpid/occlusion__ENTRY_1728_meta_2.txt
occlusion,mpid,/home/hep/an1522/dark_tridents_wspace/outputs/weights/DM-CNN_model_20260116-10_22_PM_epoch_4_batch_id_1961_labels_2_title_0.001_AG_GN_LM_TRAINING_step_9821.pwf,/data/run3_dt_ratio_0.6_ma_0.02_pi0_larcv_cropped.root,0.02,1728,1655,0,,4,B_border,0.4999929666519165,0.5031710267066956,0.0,0.006313323974609375,0.01,0.6314383822968332,0.6314383822968332,True,0.6314383822968332,1.0,0.6314383822968332,73,0.01027190332326284,0.01027190332326284,1.0,0.6314383822968332,0.22822153747081764,0.32576143741607666,0.6078549848942598,0.4774343864992261,0.0713799437507987,0.1,0.1,/vols/sbn/uboone/an1522/cam_methods/occlusion/B_border/run3_signal/mpid/occlusion__ENTRY_1728_meta_4.txt
occlusion,mpid,/home/hep/an1522/dark_tridents_wspace/outputs/weights/DM-CNN_model_20260116-10_22_PM_epoch_4_batch_id_1961_labels_2_title_0.001_AG_GN_LM_TRAINING_step_9821.pwf,/data/run3_dt_ratio_0.6_ma_0.02_pi0_larcv_cropped.root,0.02,1728,1655,0,,8,B_border,0.4999929666519165,0.5031710267066956,0.0,0.006313323974609375,0.01,0.6314383822968332,0.6314383822968332,True,0.6314383822968332,1.0,0.6314383822968332,73,0.01027190332326284,0.01027190332326284,1.0,0.6314383822968332,0.337924599647522,0.4185371994972229,0.7383685800604229,0.4774343864992261,0.0713799437507987,0.1,0.1,/vols/sbn/uboone/an1522/cam_methods/occlusion/B_border/run3_signal/mpid/occlusion__ENTRY_1728_meta_8.txt
occlusion,mpid,/home/hep/an1522/dark_tridents_wspace/outputs/weights/DM-CNN_model_20260116-10_22_PM_epoch_4_batch_id_1961_labels_2_title_0.001_AG_GN_LM_TRAINING_step_9821.pwf,/data/run3_dt_ratio_0.6_ma_0.03_pi0_larcv_cropped.root,0.03,175,1825,0,,16,B_border,0.5000643730163574,0.5010930299758911,0.0,0.006961822509765625,0.01,0.6703548264021366,0.6703548264021366,True,0.6534027519523986,0.9627397260273972,0.6703548264021366,42,0.009863013698630137,0.009863013698630137,1.0,0.6534027519523986,0.3232255280017853,0.3459434509277344,0.673972602739726,0.47965046036988496,0.043707579653710124,0.1,0.1,/vols/sbn/uboone/an1522/cam_methods/occlusion/B_border/run3_signal/mpid/occlusion__ENTRY_175_meta_16.txt
occlusion,mpid,/home/hep/an1522/dark_tridents_wspace/outputs/weights/DM-CNN_model_20260116-10_22_PM_epoch_4_batch_id_1961_labels_2_title_0.001_AG_GN_LM_TRAINING_step_9821.pwf,/data/run3_dt_ratio_0.6_ma_0.03_pi0_larcv_cropped.root,0.03,175,1825,0,,2,B_border,0.5000643730163574,0.5010930299758911,0.0,0.006961822509765625,0.01,0.6905761159862648,0.6905761159862648,True,0.6866464339908953,0.9917808219178083,0.6905761159862648,48,0.009863013698630137,0.009863013698630137,1.0,0.6866464339908953,0.06613262772560119,0.14607369899749756,0.6465753424657534,0.47975919414311646,0.07172095663845539,0.1,0.1,/vols/sbn/uboone/an1522/cam_methods/occlusion/B_border/run3_signal/mpid/occlusion__ENTRY_175_meta_2.txt
occlusion,mpid,/home/hep/an1522/dark_tridents_wspace/outputs/weights/DM-CNN_model_20260116-10_22_PM_epoch_4_batch_id_1961_labels_2_title_0.001_AG_GN_LM_TRAINING_step_9821.pwf,/data/run3_dt_ratio_0.6_ma_0.03_pi0_larcv_cropped.root,0.03,175,1825,0,,4,B_border,0.5001131892204285,0.5010441541671753,0.0,0.006961822509765625,0.01,0.6859977107974056,0.6859977107974056,True,0.6790030211480362,0.9852054794520548,0.6859977107974056,46,0.009863013698630137,0.009863013698630137,1.0,0.6790030211480362,0.1033434271812439,0.14603954553604126,0.6575342465753424,0.47487779930233953,0.059117287583649154,0.1,0.1,/vols/sbn/uboone/an1522/cam_methods/occlusion/B_border/run3_signal/mpid/occlusion__ENTRY_175_meta_4.txt
occlusion,mpid,/home/hep/an1522/dark_tridents_wspace/outputs/weights/DM-CNN_model_20260116-10_22_PM_epoch_4_batch_id_1961_labels_2_title_0.001_AG_GN_LM_TRAINING_step_9821.pwf,/data/run3_dt_ratio_0.6_ma_0.03_pi0_larcv_cropped.root,0.03,175,1825,0,,8,B_border,0.5001131892204285,0.5010441541671753,0.0,0.006961822509765625,0.01,0.6810377718428081,0.6810377718428081,True,0.6708004509582863,0.9780821917808219,0.6810377718428081,42,0.009863013698630137,0.009863013698630137,1.0,0.6708004509582863,0.16367480397224426,0.21958482265472412,0.6931506849315069,0.4774878390133381,0.053324067313224074,0.1,0.1,/vols/sbn/uboone/an1522/cam_methods/occlusion/B_border/run3_signal/mpid/occlusion__ENTRY_175_meta_8.txt
occlusion,mpid,/home/hep/an1522/dark_tridents_wspace/outputs/weights/DM-CNN_model_20260116-10_22_PM_epoch_4_batch_id_1961_labels_2_title_0.001_AG_GN_LM_TRAINING_step_9821.pwf,/data/run3_dt_ratio_0.6_ma_0.03_eta_larcv_cropped.root,0.03,257,2395,0,,16,B_border,0.5000654458999634,0.5018708109855652,0.0,0.009136199951171875,0.01,0.8721861884776803,0.8721861884776803,True,0.8373626373626374,0.9544885177453027,0.8721861884776803,48,0.010020876826722338,0.010020876826722338,1.0,0.8373626373626374,0.44937538146972655,0.46913808584213257,0.5824634655532359,0.47395837381482125,0.1080821268260479,0.1,0.1,/vols/sbn/uboone/an1522/cam_methods/occlusion/B_border/run3_signal/mpid/occlusion__ENTRY_257_meta_16.txt
occlusion,mpid,/home/hep/an1522/dark_tridents_wspace/outputs/weights/DM-CNN_model_20260116-10_22_PM_epoch_4_batch_id_1961_labels_2_title_0.001_AG_GN_LM_TRAINING_step_9821.pwf,/data/run3_dt_ratio_0.6_ma_0.03_eta_larcv_cropped.root,0.03,257,2395,0,,2,B_border,0.5001376271247864,0.5017994046211243,0.0,0.009136199951171875,0.01,0.9080503624570775,0.9080503624570775,True,0.9028831562974203,0.9937369519832986,0.9080503624570775,42,0.010020876826722338,0.010020876826722338,1.0,0.9028831562974203,0.37988159477710637,0.4893113374710083,0.4910229645093946,0.47704867590218786,0.07778136190026999,0.1,0.1,/vols/sbn/uboone/an1522/cam_methods/occlusion/B_border/run3_signal/mpid/occlusion__ENTRY_257_meta_2.txt
occlusion,mpid,/home/hep/an1522/dark_tridents_wspace/outputs/weights/DM-CNN_model_20260116-10_22_PM_epoch_4_batch_id_1961_labels_2_title_0.001_AG_GN_LM_TRAINING_step_9821.pwf,/data/run3_dt_ratio_0.6_ma_0.03_eta_larcv_cropped.root,0.03,257,2395,0,,4,B_border,0.5001376271247864,0.5017994046211243,0.0,0.009136199951171875,0.01,0.9023273559710034,0.9023273559710034,True,0.8921161825726142,0.9874739039665971,0.9023273559710034,39,0.010020876826722338,0.010020876826722338,1.0,0.8921161825726142,0.43546919226646424,0.4895120859146118,0.4989561586638831,0.4710766660049558,0.263974985294044,0.1,0.7000000000000001,/vols/sbn/uboone/an1522/cam_methods/occlusion/B_border/run3_signal/mpid/occlusion__ENTRY_257_meta_4.txt
occlusion,mpid,/home/hep/an1522/dark_tridents_wspace/outputs/weights/DM-CNN_model_20260116-10_22_PM_epoch_4_batch_id_1961_labels_2_title_0.001_AG_GN_LM_TRAINING_step_9821.pwf,/data/run3_dt_ratio_0.6_ma_0.03_eta_larcv_cropped.root,0.03,257,2395,0,,8,B_border,0.5000654458999634,0.5018708109855652,0.0,0.009136199951171875,0.01,0.8904998092331171,0.8904998092331171,True,0.8702460850111857,0.9745302713987474,0.8904998092331171,40,0.010020876826722338,0.010020876826722338,1.0,0.8702460850111857,0.4333445131778717,0.45885929465293884,0.5649269311064719,0.4818245954811573,0.0503443630412221,0.1,0.1,/vols/sbn/uboone/an1522/cam_methods/occlusion/B_border/run3_signal/mpid/occlusion__ENTRY_257_meta_8.txt
occlusion,mpid,/home/hep/an1522/dark_tridents_wspace/outputs/weights/DM-CNN_model_20260116-10_22_PM_epoch_4_batch_id_1961_labels_2_title_0.001_AG_GN_LM_TRAINING_step_9821.pwf,/data/run3_dt_ratio_0.6_ma_0.08_eta_larcv_cropped.root,0.08,4422,2145,0,,16,B_border,0.5001955628395081,0.5007869601249695,0.0,0.008182525634765625,0.01,0.7874856924837849,0.7874856924837849,True,0.7638786084381939,0.9622377622377623,0.7874856924837849,57,0.009790209790209791,0.009790209790209791,1.0,0.7638786084381939,0.44681668281555176,0.4780009984970093,0.6018648018648018,0.48467061296105385,0.049057396780699494,0.1,0.1,/vols/sbn/uboone/an1522/cam_methods/occlusion/B_border/run3_signal/mpid/occlusion__ENTRY_4422_meta_16.txt
occlusion,mpid,/home/hep/an1522/dark_tridents_wspace/outputs/weights/DM-CNN_model_20260116-10_22_PM_epoch_4_batch_id_1961_labels_2_title_0.001_AG_GN_LM_TRAINING_step_9821.pwf,/data/run3_dt_ratio_0.6_ma_0.08_eta_larcv_cropped.root,0.08,4422,2145,0,,2,B_border,0.5001955628395081,0.5007869601249695,0.0,0.008182525634765625,0.01,0.8126669210225105,0.8126669210225105,True,0.8080424886191199,0.993006993006993,0.8126669210225105,57,0.009790209790209791,0.009790209790209791,1.0,0.8080424886191199,0.22498166084289525,0.416267991065979,0.531934731934732,0.48240602388978004,0.09676016867160797,0.1,0.1,/vols/sbn/uboone/an1522/cam_methods/occlusion/B_border/run3_signal/mpid/occlusion__ENTRY_4422_meta_2.txt
occlusion,mpid,/home/hep/an1522/dark_tridents_wspace/outputs/weights/DM-CNN_model_20260116-10_22_PM_epoch_4_batch_id_1961_labels_2_title_0.001_AG_GN_LM_TRAINING_step_9821.pwf,/data/run3_dt_ratio_0.6_ma_0.08_eta_larcv_cropped.root,0.08,4422,2145,0,,4,B_border,0.5001955628395081,0.5007869601249695,0.0,0.008182525634765625,0.01,0.8073254483021748,0.8073254483021748,True,0.7984905660377358,0.9864801864801864,0.8073254483021748,69,0.009790209790209791,0.009790209790209791,1.0,0.7984905660377358,0.3191511464118955,0.4747498631477356,0.5324009324009324,0.4899993933737278,0.10039570853114128,0.1,0.1,/vols/sbn/uboone/an1522/cam_methods/occlusion/B_border/run3_signal/mpid/occlusion__ENTRY_4422_meta_4.txt
occlusion,mpid,/home/hep/an1522/dark_tridents_wspace/outputs/weights/DM-CNN_model_20260116-10_22_PM_epoch_4_batch_id_1961_labels_2_title_0.001_AG_GN_LM_TRAINING_step_9821.pwf,/data/run3_dt_ratio_0.6_ma_0.08_eta_larcv_cropped.root,0.08,4422,2145,0,,8,B_border,0.5000771880149841,0.5009042620658875,0.0,0.008182525634765625,0.01,0.7981686379244564,0.7981686379244564,True,0.7823485415108452,0.9752913752913753,0.7981686379244564,56,0.009790209790209791,0.009790209790209791,1.0,0.7823485415108452,0.4620962142944336,0.48647546768188477,0.5477855477855478,0.4888920055702329,0.07022155802696943,0.1,0.1,/vols/sbn/uboone/an1522/cam_methods/occlusion/B_border/run3_signal/mpid/occlusion__ENTRY_4422_meta_8.txt
occlusion,resnet34_gn,/home/hep/an1522/dark_tridents_wspace/outputs/weights/resnet34_gn/resnet34_gn_model_20260123-12_20_AM_epoch_4_batch_id_1961_labels_2_step_9821.pwf,/data/run3_dt_ratio_0.6_ma_0.05_eta_larcv_cropped.root,0.05,10005,1835,0,,16,B_border,0.8612040281295776,0.13873139023780823,0.0,0.006999969482421875,0.01,0.6600534147272034,0.6600534147272034,True,0.6346294937637564,0.9427792915531336,0.6600534147272034,35,0.009809264305177113,0.009809264305177113,1.0,0.6346294937637564,0.2941231238842018,0.40301451086997986,0.849591280653951,0.8108092859387398,0.05813160357065499,0.1,0.1,/vols/sbn/uboone/an1522/cam_methods/occlusion/B_border/run3_signal/resnet34_gn/occlusion__ENTRY_10005_meta_16.txt
occlusion,resnet34_gn,/home/hep/an1522/dark_tridents_wspace/outputs/weights/resnet34_gn/resnet34_gn_model_20260123-12_20_AM_epoch_4_batch_id_1961_labels_2_step_9821.pwf,/data/run3_dt_ratio_0.6_ma_0.05_eta_larcv_cropped.root,0.05,10005,1835,0,,2,B_border,0.8611798286437988,0.1387554258108139,0.0,0.006999969482421875,0.01,0.6943914536436475,0.6943914536436475,True,0.6904400606980273,0.9918256130790191,0.6943914536436475,34,0.009809264305177113,0.009809264305177113,1.0,0.6904400606980273,0.47285069465637225,0.6557009220123291,0.7743869209809264,0.8303309068083762,0.06523006968200207,0.1,0.1,/vols/sbn/uboone/an1522/cam_methods/occlusion/B_border/run3_signal/resnet34_gn/occlusion__ENTRY_10005_meta_2.txt
occlusion,resnet34_gn,/home/hep/an1522/dark_tridents_wspace/outputs/weights/resnet34_gn/resnet34_gn_model_20260123-12_20_AM_epoch_4_batch_id_1961_labels_2_step_9821.pwf,/data/run3_dt_ratio_0.6_ma_0.05_eta_larcv_cropped.root,0.05,10005,1835,0,,4,B_border,0.8611798286437988,0.1387554258108139,0.0,0.006999969482421875,0.01,0.6898130484547883,0.6898130484547883,True,0.6827794561933535,0.9852861035422343,0.6898130484547883,35,0.009809264305177113,0.009809264305177113,1.0,0.6827794561933535,0.48729356586933154,0.6451537609100342,0.7885558583106267,0.8259144589304923,0.0616448235232383,0.1,0.1,/vols/sbn/uboone/an1522/cam_methods/occlusion/B_border/run3_signal/resnet34_gn/occlusion__ENTRY_10005_meta_4.txt
occlusion,resnet34_gn,/home/hep/an1522/dark_tridents_wspace/outputs/weights/resnet34_gn/resnet34_gn_model_20260123-12_20_AM_epoch_4_batch_id_1961_labels_2_step_9821.pwf,/data/run3_dt_ratio_0.6_ma_0.05_eta_larcv_cropped.root,0.05,10005,1835,0,,8,B_border,0.8611798286437988,0.1387554258108139,0.0,0.006999969482421875,0.01,0.6787485692483785,0.6787485692483785,True,0.6645498692566305,0.9694822888283379,0.6787485692483785,34,0.009809264305177113,0.009809264305177113,1.0,0.6645498692566305,0.3518257141113281,0.4933928847312927,0.8119891008174387,0.8217177137732505,0.05981280952692032,0.1,0.1,/vols/sbn/uboone/an1522/cam_methods/occlusion/B_border/run3_signal/resnet34_gn/occlusion__ENTRY_10005_meta_8.txt
occlusion,resnet34_gn,/home/hep/an1522/dark_tridents_wspace/outputs/weights/resnet34_gn/resnet34_gn_model_20260123-12_20_AM_epoch_4_batch_id_1961_labels_2_step_9821.pwf,/data/run3_dt_ratio_0.6_ma_0.4_eta_larcv_cropped.root,0.4,11552,2786,0,,16,B_border,0.3692059814929962,0.6309490203857422,0.0,0.01062774658203125,0.01,1.0,1.0,True,0.9407753050969131,0.9407753050969131,1.0,36,0.010050251256281407,0.010050251256281407,1.0,0.9407753050969131,0.30239638686180115,0.5884040594100952,0.7336683417085427,0.31662653386592865,0.46052550971508033,0.7000000000000001,0.7000000000000001,/vols/sbn/uboone/an1522/cam_methods/occlusion/B_border/run3_signal/resnet34_gn/occlusion__ENTRY_11552_meta_16.txt
occlusion,resnet34_gn,/home/hep/an1522/dark_tridents_wspace/outputs/weights/resnet34_gn/resnet34_gn_model_20260123-12_20_AM_epoch_4_batch_id_1961_labels_2_step_9821.pwf,/data/run3_dt_ratio_0.6_ma_0.4_eta_larcv_cropped.root,0.4,11552,2786,0,,2,B_border,0.36922508478164673,0.6309300661087036,0.0,0.01062774658203125,0.01,1.0,1.0,True,0.9407753050969131,0.9407753050969131,1.0,40,0.010050251256281407,0.010050251256281407,1.0,0.9407753050969131,0.14702360928058686,0.2747691869735718,0.5771715721464465,0.355134104192257,0.10766542255878447,0.1,0.1,/vols/sbn/uboone/an1522/cam_methods/occlusion/B_border/run3_signal/resnet34_gn/occlusion__ENTRY_11552_meta_2.txt
occlusion,resnet34_gn,/home/hep/an1522/dark_tridents_wspace/outputs/weights/resnet34_gn/resnet34_gn_model_20260123-12_20_AM_epoch_4_batch_id_1961_labels_2_step_9821.pwf,/data/run3_dt_ratio_0.6_ma_0.4_eta_larcv_cropped.root,0.4,11552,2786,0,,4,B_border,0.36922508478164673,0.6309300661087036,0.0,0.01062774658203125,0.01,1.0,1.0,True,0.9407753050969131,0.9407753050969131,1.0,39,0.010050251256281407,0.010050251256281407,1.0,0.9407753050969131,0.18994130268693016,0.2647039592266083,0.5757358219669777,0.34834951013326654,0.39912141114473343,0.7000000000000001,0.7000000000000001,/vols/sbn/uboone/an1522/cam_methods/occlusion/B_border/run3_signal/resnet34_gn/occlusion__ENTRY_11552_meta_4.txt
occlusion,resnet34_gn,/home/hep/an1522/dark_tridents_wspace/outputs/weights/resnet34_gn/resnet34_gn_model_20260123-12_20_AM_epoch_4_batch_id_1961_labels_2_step_9821.pwf,/data/run3_dt_ratio_0.6_ma_0.4_eta_larcv_cropped.root,0.4,11552,2786,0,,8,B_border,0.36922508478164673,0.6309300661087036,0.0,0.01062774658203125,0.01,1.0,1.0,True,0.9407753050969131,0.9407753050969131,1.0,39,0.010050251256281407,0.010050251256281407,1.0,0.9407753050969131,0.18812328577041626,0.2608460783958435,0.6572146446518305,0.35897502750158317,0.30786588340997695,0.1,0.7000000000000001,/vols/sbn/uboone/an1522/cam_methods/occlusion/B_border/run3_signal/resnet34_gn/occlusion__ENTRY_11552_meta_8.txt
occlusion,resnet34_gn,/home/hep/an1522/dark_tridents_wspace/outputs/weights/resnet34_gn/resnet34_gn_model_20260123-12_20_AM_epoch_4_batch_id_1961_labels_2_step_9821.pwf,/data/run3_dt_ratio_0.6_ma_0.02_pi0_larcv_cropped.root,0.02,1728,1655,0,,16,B_border,0.2782873213291168,0.7208304405212402,0.0,0.006313323974609375,0.01,0.6306753147653568,0.6306753147653568,True,0.6301944338543652,0.9987915407854985,0.6306753147653568,72,0.01027190332326284,0.01027190332326284,1.0,0.6301944338543652,0.6494122266769419,0.6992812156677246,0.7903323262839879,0.274478605389595,0.11146596893668174,0.1,0.1,/vols/sbn/uboone/an1522/cam_methods/occlusion/B_border/run3_signal/resnet34_gn/occlusion__ENTRY_1728_meta_16.txt
occlusion,resnet34_gn,/home/hep/an1522/dark_tridents_wspace/outputs/weights/resnet34_gn/resnet34_gn_model_20260123-12_20_AM_epoch_4_batch_id_1961_labels_2_step_9821.pwf,/data/run3_dt_ratio_0.6_ma_0.02_pi0_larcv_cropped.root,0.02,1728,1655,0,,2,B_border,0.27826327085494995,0.7208545207977295,0.0,0.006313323974609375,0.01,0.6314383822968332,0.6314383822968332,True,0.6314383822968332,1.0,0.6314383822968332,73,0.01027190332326284,0.01027190332326284,1.0,0.6314383822968332,0.14945845782756811,0.1719123125076294,0.525679758308157,0.27396901696920395,0.1966724470257759,0.1,0.1,/vols/sbn/uboone/an1522/cam_methods/occlusion/B_border/run3_signal/resnet34_gn/occlusion__ENTRY_1728_meta_2.txt
occlusion,resnet34_gn,/home/hep/an1522/dark_tridents_wspace/outputs/weights/resnet34_gn/resnet34_gn_model_20260123-12_20_AM_epoch_4_batch_id_1961_labels_2_step_9821.pwf,/data/run3_dt_ratio_0.6_ma_0.02_pi0_larcv_cropped.root,0.02,1728,1655,0,,4,B_border,0.27826327085494995,0.7208545207977295,0.0,0.006313323974609375,0.01,0.6314383822968332,0.6314383822968332,True,0.6314383822968332,1.0,0.6314383822968332,73,0.01027190332326284,0.01027190332326284,1.0,0.6314383822968332,0.1734208548069001,0.19495552778244019,0.6175226586102719,0.27396901696920395,0.1966724470257759,0.1,0.1,/vols/sbn/uboone/an1522/cam_methods/occlusion/B_border/run3_signal/resnet34_gn/occlusion__ENTRY_1728_meta_4.txt
occlusion,resnet34_gn,/home/hep/an1522/dark_tridents_wspace/outputs/weights/resnet34_gn/resnet34_gn_model_20260123-12_20_AM_epoch_4_batch_id_1961_labels_2_step_9821.pwf,/data/run3_dt_ratio_0.6_ma_0.02_pi0_larcv_cropped.root,0.02,1728,1655,0,,8,B_border,0.27826327085494995,0.7208545207977295,0.0,0.006313323974609375,0.01,0.6314383822968332,0.6314383822968332,True,0.6314383822968332,1.0,0.6314383822968332,73,0.01027190332326284,0.01027190332326284,1.0,0.6314383822968332,0.6660254096984869,0.717467188835144,0.8072507552870091,0.27396901696920395,0.1966724470257759,0.1,0.1,/vols/sbn/uboone/an1522/cam_methods/occlusion/B_border/run3_signal/resnet34_gn/occlusion__ENTRY_1728_meta_8.txt
occlusion,resnet34_gn,/home/hep/an1522/dark_tridents_wspace/outputs/weights/resnet34_gn/resnet34_gn_model_20260123-12_20_AM_epoch_4_batch_id_1961_labels_2_step_9821.pwf,/data/run3_dt_ratio_0.6_ma_0.03_pi0_larcv_cropped.root,0.03,175,1825,0,,16,B_border,0.6244510412216187,0.37440940737724304,0.0,0.006961822509765625,0.01,0.6703548264021366,0.6703548264021366,True,0.6534027519523986,0.9627397260273972,0.6703548264021366,46,0.009863013698630137,0.009863013698630137,1.0,0.6534027519523986,0.3291912078857422,0.35477975010871887,0.812054794520548,0.6075783506035805,0.050036957114934916,0.1,0.1,/vols/sbn/uboone/an1522/cam_methods/occlusion/B_border/run3_signal/resnet34_gn/occlusion__ENTRY_175_meta_16.txt
occlusion,resnet34_gn,/home/hep/an1522/dark_tridents_wspace/outputs/weights/resnet34_gn/resnet34_gn_model_20260123-12_20_AM_epoch_4_batch_id_1961_labels_2_step_9821.pwf,/data/run3_dt_ratio_0.6_ma_0.03_pi0_larcv_cropped.root,0.03,175,1825,0,,2,B_border,0.6244822144508362,0.37437862157821655,0.0,0.006961822509765625,0.01,0.6905761159862648,0.6905761159862648,True,0.6866464339908953,0.9917808219178083,0.6905761159862648,47,0.009863013698630137,0.009863013698630137,1.0,0.6866464339908953,0.08905168294906615,0.17611682415008545,0.7035616438356165,0.6032223656773568,0.04937203628942371,0.1,0.1,/vols/sbn/uboone/an1522/cam_methods/occlusion/B_border/run3_signal/resnet34_gn/occlusion__ENTRY_175_meta_2.txt
occlusion,resnet34_gn,/home/hep/an1522/dark_tridents_wspace/outputs/weights/resnet34_gn/resnet34_gn_model_20260123-12_20_AM_epoch_4_batch_id_1961_labels_2_step_9821.pwf,/data/run3_dt_ratio_0.6_ma_0.03_pi0_larcv_cropped.root,0.03,175,1825,0,,4,B_border,0.6244510412216187,0.37440940737724304,0.0,0.006961822509765625,0.01,0.6859977107974056,0.6859977107974056,True,0.6790030211480362,0.9852054794520548,0.6859977107974056,44,0.009863013698630137,0.009863013698630137,1.0,0.6790030211480362,0.12322756052017211,0.17612701654434204,0.7594520547945205,0.6059341028332711,0.05031393305398524,0.1,0.1,/vols/sbn/uboone/an1522/cam_methods/occlusion/B_border/run3_signal/resnet34_gn/occlusion__ENTRY_175_meta_4.txt
occlusion,resnet34_gn,/home/hep/an1522/dark_tridents_wspace/outputs/weights/resnet34_gn/resnet34_gn_model_20260123-12_20_AM_epoch_4_batch_id_1961_labels_2_step_9821.pwf,/data/run3_dt_ratio_0.6_ma_0.03_pi0_larcv_cropped.root,0.03,175,1825,0,,8,B_border,0.6244822144508362,0.37437862157821655,0.0,0.006961822509765625,0.01,0.6810377718428081,0.6810377718428081,True,0.6708004509582863,0.9780821917808219,0.6810377718428081,42,0.009863013698630137,0.009863013698630137,1.0,0.6708004509582863,0.18620869517326355,0.26875215768814087,0.7572602739726028,0.5996611431241036,0.05131687084212899,0.1,0.1,/vols/sbn/uboone/an1522/cam_methods/occlusion/B_border/run3_signal/resnet34_gn/occlusion__ENTRY_175_meta_8.txt
occlusion,resnet34_gn,/home/hep/an1522/dark_tridents_wspace/outputs/weights/resnet34_gn/resnet34_gn_model_20260123-12_20_AM_epoch_4_batch_id_1961_labels_2_step_9821.pwf,/data/run3_dt_ratio_0.6_ma_0.03_eta_larcv_cropped.root,0.03,257,2395,0,,16,B_border,0.9342973232269287,0.0656772330403328,0.0,0.009136199951171875,0.01,0.8721861884776803,0.8721861884776803,True,0.8373626373626374,0.9544885177453027,0.8721861884776803,43,0.010020876826722338,0.010020876826722338,1.0,0.8373626373626374,0.717749834060669,0.8241191506385803,0.7440501043841337,0.8960090085864065,0.11698460159823298,0.1,0.1,/vols/sbn/uboone/an1522/cam_methods/occlusion/B_border/run3_signal/resnet34_gn/occlusion__ENTRY_257_meta_16.txt
occlusion,resnet34_gn,/home/hep/an1522/dark_tridents_wspace/outputs/weights/resnet34_gn/resnet34_gn_model_20260123-12_20_AM_epoch_4_batch_id_1961_labels_2_step_9821.pwf,/data/run3_dt_ratio_0.6_ma_0.03_eta_larcv_cropped.root,0.03,257,2395,0,,2,B_border,0.9343108534812927,0.06566372513771057,0.0,0.009136199951171875,0.01,0.9080503624570775,0.9080503624570775,True,0.9028831562974203,0.9937369519832986,0.9080503624570775,40,0.010020876826722338,0.010020876826722338,1.0,0.9028831562974203,0.22774610042571952,0.7796424031257629,0.6154488517745302,0.8973674640059471,0.13929400146007537,0.1,0.1,/vols/sbn/uboone/an1522/cam_methods/occlusion/B_border/run3_signal/resnet34_gn/occlusion__ENTRY_257_meta_2.txt
occlusion,resnet34_gn,/home/hep/an1522/dark_tridents_wspace/outputs/weights/resnet34_gn/resnet34_gn_model_20260123-12_20_AM_epoch_4_batch_id_1961_labels_2_step_9821.pwf,/data/run3_dt_ratio_0.6_ma_0.03_eta_larcv_cropped.root,0.03,257,2395,0,,4,B_border,0.9343108534812927,0.06566372513771057,0.0,0.009136199951171875,0.01,0.9023273559710034,0.9023273559710034,True,0.8921161825726142,0.9874739039665971,0.9023273559710034,39,0.010020876826722338,0.010020876826722338,1.0,0.8921161825726142,0.4103056788444519,0.7854870557785034,0.6250521920668058,0.8977290257811547,0.12726151235401628,0.1,0.1,/vols/sbn/uboone/an1522/cam_methods/occlusion/B_border/run3_signal/resnet34_gn/occlusion__ENTRY_257_meta_4.txt
occlusion,resnet34_gn,/home/hep/an1522/dark_tridents_wspace/outputs/weights/resnet34_gn/resnet34_gn_model_20260123-12_20_AM_epoch_4_batch_id_1961_labels_2_step_9821.pwf,/data/run3_dt_ratio_0.6_ma_0.03_eta_larcv_cropped.root,0.03,257,2395,0,,8,B_border,0.9343108534812927,0.06566372513771057,0.0,0.009136199951171875,0.01,0.8904998092331171,0.8904998092331171,True,0.8702460850111857,0.9745302713987474,0.8904998092331171,40,0.010020876826722338,0.010020876826722338,1.0,0.8702460850111857,0.4678800165653224,0.6221708059310913,0.6,0.8980219230055809,0.11761745857074854,0.1,0.1,/vols/sbn/uboone/an1522/cam_methods/occlusion/B_border/run3_signal/resnet34_gn/occlusion__ENTRY_257_meta_8.txt
occlusion,resnet34_gn,/home/hep/an1522/dark_tridents_wspace/outputs/weights/resnet34_gn/resnet34_gn_model_20260123-12_20_AM_epoch_4_batch_id_1961_labels_2_step_9821.pwf,/data/run3_dt_ratio_0.6_ma_0.08_eta_larcv_cropped.root,0.08,4422,2145,0,,16,B_border,0.6850211024284363,0.3129917085170746,0.0,0.008182525634765625,0.01,0.7874856924837849,0.7874856924837849,True,0.7638786084381939,0.9622377622377623,0.7874856924837849,58,0.009790209790209791,0.009790209790209791,1.0,0.7638786084381939,0.5011500716209412,0.5249266624450684,0.6456876456876457,0.6512420877814293,0.10449904301203786,0.1,0.1,/vols/sbn/uboone/an1522/cam_methods/occlusion/B_border/run3_signal/resnet34_gn/occlusion__ENTRY_4422_meta_16.txt
occlusion,resnet34_gn,/home/hep/an1522/dark_tridents_wspace/outputs/weights/resnet34_gn/resnet34_gn_model_20260123-12_20_AM_epoch_4_batch_id_1961_labels_2_step_9821.pwf,/data/run3_dt_ratio_0.6_ma_0.08_eta_larcv_cropped.root,0.08,4422,2145,0,,2,B_border,0.6850211024284363,0.3129917085170746,0.0,0.008182525634765625,0.01,0.8126669210225105,0.8126669210225105,True,0.8080424886191199,0.993006993006993,0.8126669210225105,59,0.009790209790209791,0.009790209790209791,1.0,0.8080424886191199,0.24558570981025682,0.38114815950393677,0.5212121212121212,0.6535178527235985,0.10659043751657007,0.1,0.1,/vols/sbn/uboone/an1522/cam_methods/occlusion/B_border/run3_signal/resnet34_gn/occlusion__ENTRY_4422_meta_2.txt
occlusion,resnet34_gn,/home/hep/an1522/dark_tridents_wspace/outputs/weights/resnet34_gn/resnet34_gn_model_20260123-12_20_AM_epoch_4_batch_id_1961_labels_2_step_9821.pwf,/data/run3_dt_ratio_0.6_ma_0.08_eta_larcv_cropped.root,0.08,4422,2145,0,,4,B_border,0.6850510835647583,0.31296229362487793,0.0,0.008182525634765625,0.01,0.8073254483021748,0.8073254483021748,True,0.7984905660377358,0.9864801864801864,0.8073254483021748,62,0.009790209790209791,0.009790209790209791,1.0,0.7984905660377358,0.31482914566993714,0.39318931102752686,0.5701631701631702,0.6445223376154899,0.14073936305940152,0.1,0.1,/vols/sbn/uboone/an1522/cam_methods/occlusion/B_border/run3_signal/resnet34_gn/occlusion__ENTRY_4422_meta_4.txt
occlusion,resnet34_gn,/home/hep/an1522/dark_tridents_wspace/outputs/weights/resnet34_gn/resnet34_gn_model_20260123-12_20_AM_epoch_4_batch_id_1961_labels_2_step_9821.pwf,/data/run3_dt_ratio_0.6_ma_0.08_eta_larcv_cropped.root,0.08,4422,2145,0,,8,B_border,0.6850211024284363,0.3129917085170746,0.0,0.008182525634765625,0.01,0.7981686379244564,0.7981686379244564,True,0.7823485415108452,0.9752913752913753,0.7981686379244564,56,0.009790209790209791,0.009790209790209791,1.0,0.7823485415108452,0.43839535117149353,0.5397515296936035,0.6382284382284382,0.6519239947199821,0.10458769225515424,0.1,0.1,/vols/sbn/uboone/an1522/cam_methods/occlusion/B_border/run3_signal/resnet34_gn/occlusion__ENTRY_4422_meta_8.txt
occlusion,mpid,/home/hep/an1522/dark_tridents_wspace/outputs/weights/DM-CNN_model_20260116-10_22_PM_epoch_4_batch_id_1961_labels_2_title_0.001_AG_GN_LM_TRAINING_step_9821.pwf,/data/run1_NuMI_nu_overlay_larcv_cropped.root,,2688,439,0,,16,B_border+C_weird_lowpix,0.4995426535606384,0.49769413471221924,0.0,0.001674652099609375,0.01,0.1648225867989317,0.1648225867989317,True,0.1643835616438356,0.9840546697038725,0.1648225867989317,26,0.009111617312072893,0.009111617312072893,1.0,0.1643835616438356,0.40847488582134245,0.4148314595222473,0.621867881548975,0.4972623096778989,0.3458383707329631,0.1,0.7000000000000001,/vols/sbn/uboone/an1522/cam_methods/occlusion/B_border+C_weird_lowpix/run1_samples/mpid/occlusion__ENTRY_2688__nu_overlay_meta_16.txt
occlusion,mpid,/home/hep/an1522/dark_tridents_wspace/outputs/weights/DM-CNN_model_20260116-10_22_PM_epoch_4_batch_id_1961_labels_2_title_0.001_AG_GN_LM_TRAINING_step_9821.pwf,/data/run1_NuMI_nu_overlay_larcv_cropped.root,,2688,439,0,,2,B_border+C_weird_lowpix,0.4996335208415985,0.49760374426841736,0.0,0.001674652099609375,0.01,0.1674933231590996,0.1674933231590996,True,0.1674933231590996,1.0,0.1674933231590996,29,0.009111617312072893,0.009111617312072893,1.0,0.1674933231590996,0.239172751903534,0.2575186789035797,0.4031890660592255,0.4770920477807522,0.07134553268551827,0.1,0.1,/vols/sbn/uboone/an1522/cam_methods/occlusion/B_border+C_weird_lowpix/run1_samples/mpid/occlusion__ENTRY_2688__nu_overlay_meta_2.txt
occlusion,mpid,/home/hep/an1522/dark_tridents_wspace/outputs/weights/DM-CNN_model_20260116-10_22_PM_epoch_4_batch_id_1961_labels_2_title_0.001_AG_GN_LM_TRAINING_step_9821.pwf,/data/run1_NuMI_nu_overlay_larcv_cropped.root,,2688,439,0,,4,B_border+C_weird_lowpix,0.4995426535606384,0.49769413471221924,0.0,0.001674652099609375,0.01,0.1674933231590996,0.1674933231590996,True,0.1674933231590996,1.0,0.1674933231590996,29,0.009111617312072893,0.009111617312072893,1.0,0.1674933231590996,0.2544053494930268,0.26472848653793335,0.4601366742596811,0.4770065890625119,0.0713574280962348,0.1,0.1,/vols/sbn/uboone/an1522/cam_methods/occlusion/B_border+C_weird_lowpix/run1_samples/mpid/occlusion__ENTRY_2688__nu_overlay_meta_4.txt
occlusion,mpid,/home/hep/an1522/dark_tridents_wspace/outputs/weights/DM-CNN_model_20260116-10_22_PM_epoch_4_batch_id_1961_labels_2_title_0.001_AG_GN_LM_TRAINING_step_9821.pwf,/data/run1_NuMI_nu_overlay_larcv_cropped.root,,2688,439,0,,8,B_border+C_weird_lowpix,0.4996335208415985,0.49760374426841736,0.0,0.001674652099609375,0.01,0.16711178939336133,0.16711178939336133,True,0.16704805491990846,0.9977220956719818,0.16711178939336133,28,0.009111617312072893,0.009111617312072893,1.0,0.16704805491990846,0.2750830900669098,0.28418681025505066,0.45558086560364464,0.4852255247533322,0.09548261985182763,0.1,0.1,/vols/sbn/uboone/an1522/cam_methods/occlusion/B_border+C_weird_lowpix/run1_samples/mpid/occlusion__ENTRY_2688__nu_overlay_meta_8.txt
occlusion,mpid,/home/hep/an1522/dark_tridents_wspace/outputs/weights/DM-CNN_model_20260116-10_22_PM_epoch_4_batch_id_1961_labels_2_title_0.001_AG_GN_LM_TRAINING_step_9821.pwf,/data/run1_offbeam_larcv_cropped_full_set.root,,758,218,0,,16,B_border+C_weird_lowpix,0.5070663690567017,0.49730709195137024,0.0,0.00083160400390625,0.01,0.06371613887829072,0.06371613887829072,True,0.0625,0.7660550458715596,0.06371613887829072,8,0.009174311926605505,0.009174311926605505,1.0,0.0625,0.4935312867164612,0.4939001798629761,0.591743119266055,0.4255286224186421,0.0953519567847252,0.7000000000000001,0.1,/vols/sbn/uboone/an1522/cam_methods/occlusion/B_border+C_weird_lowpix/run1_samples/mpid/occlusion__ENTRY_758__offbeam_meta_16.txt
occlusion,mpid,/home/hep/an1522/dark_tridents_wspace/outputs/weights/DM-CNN_model_20260116-10_22_PM_epoch_4_batch_id_1961_labels_2_title_0.001_AG_GN_LM_TRAINING_step_9821.pwf,/data/run1_offbeam_larcv_cropped_full_set.root,,758,218,0,,2,B_border+C_weird_lowpix,0.5069567561149597,0.4974164366722107,0.0,0.00083160400390625,0.01,0.08241129339946585,0.08241129339946585,True,0.08234845596645063,0.9908256880733946,0.08241129339946585,10,0.009174311926605505,0.009174311926605505,1.0,0.08234845596645063,0.4448132008314132,0.45251357555389404,0.3944954128440367,0.48789777625352143,0.06763866748660803,0.1,0.1,/vols/sbn/uboone/an1522/cam_methods/occlusion/B_border+C_weird_lowpix/run1_samples/mpid/occlusion__ENTRY_758__offbeam_meta_2.txt
occlusion,mpid,/home/hep/an1522/dark_tridents_wspace/outputs/weights/DM-CNN_model_20260116-10_22_PM_epoch_4_batch_id_1961_labels_2_title_0.001_AG_GN_LM_TRAINING_step_9821.pwf,/data/run1_offbeam_larcv_cropped_full_set.root,,758,218,0,,4,B_border+C_weird_lowpix,0.5070663690567017,0.49730709195137024,0.0,0.00083160400390625,0.01,0.08241129339946585,0.08241129339946585,True,0.08234845596645063,0.9908256880733946,0.08241129339946585,10,0.009174311926605505,0.009174311926605505,1.0,0.08234845596645063,0.46345856994390483,0.4648892879486084,0.5321100917431193,0.4878303833305836,0.06773318573832512,0.1,0.1,/vols/sbn/uboone/an1522/cam_methods/occlusion/B_border+C_weird_lowpix/run1_samples/mpid/occlusion__ENTRY_758__offbeam_meta_4.txt
occlusion,mpid,/home/hep/an1522/dark_tridents_wspace/outputs/weights/DM-CNN_model_20260116-10_22_PM_epoch_4_batch_id_1961_labels_2_title_0.001_AG_GN_LM_TRAINING_step_9821.pwf,/data/run1_offbeam_larcv_cropped_full_set.root,,758,218,0,,8,B_border+C_weird_lowpix,0.5069567561149597,0.4974164366722107,0.0,0.00083160400390625,0.01,0.08202975963372758,0.08202975963372758,True,0.0819359756097561,0.9862385321100917,0.08202975963372758,11,0.009174311926605505,0.009174311926605505,1.0,0.0819359756097561,0.4275095626711843,0.43024179339408875,0.8073394495412844,0.4930054532364011,0.0614794371649623,0.1,0.1,/vols/sbn/uboone/an1522/cam_methods/occlusion/B_border+C_weird_lowpix/run1_samples/mpid/occlusion__ENTRY_758__offbeam_meta_8.txt
occlusion,resnet34_gn,/home/hep/an1522/dark_tridents_wspace/outputs/weights/resnet34_gn/resnet34_gn_model_20260123-12_20_AM_epoch_4_batch_id_1961_labels_2_step_9821.pwf,/data/run1_NuMI_nu_overlay_larcv_cropped.root,,2688,439,0,,16,B_border+C_weird_lowpix,0.7196504473686218,0.27916839718818665,0.0,0.001674652099609375,0.01,0.1648225867989317,0.1648225867989317,True,0.1643835616438356,0.9840546697038725,0.1648225867989317,26,0.009111617312072893,0.009111617312072893,1.0,0.1643835616438356,0.7006397247314453,0.7048243880271912,0.7403189066059226,0.6834361270070076,0.13389273434877397,0.1,0.1,/vols/sbn/uboone/an1522/cam_methods/occlusion/B_border+C_weird_lowpix/run1_samples/resnet34_gn/occlusion__ENTRY_2688__nu_overlay_meta_16.txt
occlusion,resnet34_gn,/home/hep/an1522/dark_tridents_wspace/outputs/weights/resnet34_gn/resnet34_gn_model_20260123-12_20_AM_epoch_4_batch_id_1961_labels_2_step_9821.pwf,/data/run1_NuMI_nu_overlay_larcv_cropped.root,,2688,439,0,,2,B_border+C_weird_lowpix,0.7195969223976135,0.2792215049266815,0.0,0.001674652099609375,0.01,0.1674933231590996,0.1674933231590996,True,0.1674933231590996,1.0,0.1674933231590996,29,0.009111617312072893,0.009111617312072893,1.0,0.1674933231590996,0.6710181903839112,0.6780298352241516,0.4305239179954442,0.6932359859347346,0.2187391296029091,0.1,0.1,/vols/sbn/uboone/an1522/cam_methods/occlusion/B_border+C_weird_lowpix/run1_samples/resnet34_gn/occlusion__ENTRY_2688__nu_overlay_meta_2.txt
occlusion,resnet34_gn,/home/hep/an1522/dark_tridents_wspace/outputs/weights/resnet34_gn/resnet34_gn_model_20260123-12_20_AM_epoch_4_batch_id_1961_labels_2_step_9821.pwf,/data/run1_NuMI_nu_overlay_larcv_cropped.root,,2688,439,0,,4,B_border+C_weird_lowpix,0.7196504473686218,0.27916839718818665,0.0,0.001674652099609375,0.01,0.1674933231590996,0.1674933231590996,True,0.1674933231590996,1.0,0.1674933231590996,29,0.009111617312072893,0.009111617312072893,1.0,0.1674933231590996,0.6496055483818055,0.6668713688850403,0.5671981776765376,0.6932867720723153,0.2187406167387963,0.1,0.1,/vols/sbn/uboone/an1522/cam_methods/occlusion/B_border+C_weird_lowpix/run1_samples/resnet34_gn/occlusion__ENTRY_2688__nu_overlay_meta_4.txt
occlusion,resnet34_gn,/home/hep/an1522/dark_tridents_wspace/outputs/weights/resnet34_gn/resnet34_gn_model_20260123-12_20_AM_epoch_4_batch_id_1961_labels_2_step_9821.pwf,/data/run1_NuMI_nu_overlay_larcv_cropped.root,,2688,439,0,,8,B_border+C_weird_lowpix,0.7195969223976135,0.2792215049266815,0.0,0.001674652099609375,0.01,0.16711178939336133,0.16711178939336133,True,0.16704805491990846,0.9977220956719818,0.16711178939336133,28,0.009111617312072893,0.009111617312072893,1.0,0.16704805491990846,0.48775625228881836,0.5062313675880432,0.6674259681093394,0.6830513164401055,0.13357488065958023,0.1,0.1,/vols/sbn/uboone/an1522/cam_methods/occlusion/B_border+C_weird_lowpix/run1_samples/resnet34_gn/occlusion__ENTRY_2688__nu_overlay_meta_8.txt
occlusion,resnet34_gn,/home/hep/an1522/dark_tridents_wspace/outputs/weights/resnet34_gn/resnet34_gn_model_20260123-12_20_AM_epoch_4_batch_id_1961_labels_2_step_9821.pwf,/data/run1_offbeam_larcv_cropped_full_set.root,,758,218,0,,16,B_border+C_weird_lowpix,0.1279478669166565,0.8702599406242371,0.0,0.00083160400390625,0.01,0.06371613887829072,0.06371613887829072,True,0.0625,0.7660550458715596,0.06371613887829072,8,0.009174311926605505,0.009174311926605505,1.0,0.0625,0.30907881259918213,0.30907881259918213,0.24770642201834864,0.12480602860450744,0.14615226089954375,0.0,0.0,/vols/sbn/uboone/an1522/cam_methods/occlusion/B_border+C_weird_lowpix/run1_samples/resnet34_gn/occlusion__ENTRY_758__offbeam_meta_16.txt
occlusion,resnet34_gn,/home/hep/an1522/dark_tridents_wspace/outputs/weights/resnet34_gn/resnet34_gn_model_20260123-12_20_AM_epoch_4_batch_id_1961_labels_2_step_9821.pwf,/data/run1_offbeam_larcv_cropped_full_set.root,,758,218,0,,2,B_border+C_weird_lowpix,0.1280636340379715,0.8701432347297668,0.0,0.00083160400390625,0.01,0.08241129339946585,0.08241129339946585,True,0.08234845596645063,0.9908256880733946,0.08241129339946585,10,0.009174311926605505,0.009174311926605505,1.0,0.08234845596645063,0.31291849374771086,0.39254969358444214,0.3532110091743119,0.1336301900446415,0.04092001132667064,0.0,0.0,/vols/sbn/uboone/an1522/cam_methods/occlusion/B_border+C_weird_lowpix/run1_samples/resnet34_gn/occlusion__ENTRY_758__offbeam_meta_2.txt
occlusion,resnet34_gn,/home/hep/an1522/dark_tridents_wspace/outputs/weights/resnet34_gn/resnet34_gn_model_20260123-12_20_AM_epoch_4_batch_id_1961_labels_2_step_9821.pwf,/data/run1_offbeam_larcv_cropped_full_set.root,,758,218,0,,4,B_border+C_weird_lowpix,0.1279478669166565,0.8702599406242371,0.0,0.00083160400390625,0.01,0.08241129339946585,0.08241129339946585,True,0.08234845596645063,0.9908256880733946,0.08241129339946585,10,0.009174311926605505,0.009174311926605505,1.0,0.08234845596645063,0.2076643413305269,0.2781614065170288,0.42201834862385323,0.13362654894590378,0.040914292633533474,0.0,0.0,/vols/sbn/uboone/an1522/cam_methods/occlusion/B_border+C_weird_lowpix/run1_samples/resnet34_gn/occlusion__ENTRY_758__offbeam_meta_4.txt
occlusion,resnet34_gn,/home/hep/an1522/dark_tridents_wspace/outputs/weights/resnet34_gn/resnet34_gn_model_20260123-12_20_AM_epoch_4_batch_id_1961_labels_2_step_9821.pwf,/data/run1_offbeam_larcv_cropped_full_set.root,,758,218,0,,8,B_border+C_weird_lowpix,0.1280636340379715,0.8701432347297668,0.0,0.00083160400390625,0.01,0.08202975963372758,0.08202975963372758,True,0.0819359756097561,0.9862385321100917,0.08202975963372758,11,0.009174311926605505,0.009174311926605505,1.0,0.0819359756097561,0.24654580652713776,0.2958480715751648,0.4724770642201835,0.13385094478726386,0.052209230978041886,0.0,0.0,/vols/sbn/uboone/an1522/cam_methods/occlusion/B_border+C_weird_lowpix/run1_samples/resnet34_gn/occlusion__ENTRY_758__offbeam_meta_8.txt
occlusion,mpid,/home/hep/an1522/dark_tridents_wspace/outputs/weights/DM-CNN_model_20260116-10_22_PM_epoch_4_batch_id_1961_labels_2_title_0.001_AG_GN_LM_TRAINING_step_9821.pwf,/data/run1_dt_ratio_0.6_ma_0.04_pi0_larcv_cropped.root,0.04,1599,283,0,,16,B_border+C_weird_lowpix,0.5001170635223389,0.5015483498573303,0.0,0.001079559326171875,0.01,0.10759252193819153,0.10759252193819153,True,0.10755148741418764,0.9964664310954063,0.10759252193819153,11,0.01060070671378092,0.01060070671378092,1.0,0.10755148741418764,0.4857862740755081,0.4875123202800751,0.8374558303886925,0.47760106399655344,0.06376240588724613,0.1,0.1,/vols/sbn/uboone/an1522/cam_methods/occlusion/B_border+C_weird_lowpix/run1_signal/mpid/occlusion__ENTRY_1599_meta_16.txt
occlusion,mpid,/home/hep/an1522/dark_tridents_wspace/outputs/weights/DM-CNN_model_20260116-10_22_PM_epoch_4_batch_id_1961_labels_2_title_0.001_AG_GN_LM_TRAINING_step_9821.pwf,/data/run1_dt_ratio_0.6_ma_0.04_pi0_larcv_cropped.root,0.04,1599,283,0,,2,B_border+C_weird_lowpix,0.5001170635223389,0.5015483498573303,0.0,0.001079559326171875,0.01,0.10759252193819153,0.10759252193819153,True,0.10755148741418764,0.9964664310954063,0.10759252193819153,11,0.01060070671378092,0.01060070671378092,1.0,0.10755148741418764,0.3795928227901459,0.39313527941703796,0.5229681978798587,0.47760106399655344,0.06376240588724613,0.1,0.1,/vols/sbn/uboone/an1522/cam_methods/occlusion/B_border+C_weird_lowpix/run1_signal/mpid/occlusion__ENTRY_1599_meta_2.txt
occlusion,mpid,/home/hep/an1522/dark_tridents_wspace/outputs/weights/DM-CNN_model_20260116-10_22_PM_epoch_4_batch_id_1961_labels_2_title_0.001_AG_GN_LM_TRAINING_step_9821.pwf,/data/run1_dt_ratio_0.6_ma_0.04_pi0_larcv_cropped.root,0.04,1599,283,0,,4,B_border+C_weird_lowpix,0.4999535083770752,0.5017113089561462,0.0,0.001079559326171875,0.01,0.10759252193819153,0.10759252193819153,True,0.10755148741418764,0.9964664310954063,0.10759252193819153,11,0.01060070671378092,0.01060070671378092,1.0,0.10755148741418764,0.407599824666977,0.42251914739608765,0.6607773851590106,0.4774824814870954,0.06376963295042515,0.1,0.1,/vols/sbn/uboone/an1522/cam_methods/occlusion/B_border+C_weird_lowpix/run1_signal/mpid/occlusion__ENTRY_1599_meta_4.txt
occlusion,mpid,/home/hep/an1522/dark_tridents_wspace/outputs/weights/DM-CNN_model_20260116-10_22_PM_epoch_4_batch_id_1961_labels_2_title_0.001_AG_GN_LM_TRAINING_step_9821.pwf,/data/run1_dt_ratio_0.6_ma_0.04_pi0_larcv_cropped.root,0.04,1599,283,0,,8,B_border+C_weird_lowpix,0.5001170635223389,0.5015483498573303,0.0,0.001079559326171875,0.01,0.10759252193819153,0.10759252193819153,True,0.10755148741418764,0.9964664310954063,0.10759252193819153,11,0.01060070671378092,0.01060070671378092,1.0,0.10755148741418764,0.45796945571899417,0.46371224522590637,0.784452296819788,0.47760106399655344,0.06376240588724613,0.1,0.1,/vols/sbn/uboone/an1522/cam_methods/occlusion/B_border+C_weird_lowpix/run1_signal/mpid/occlusion__ENTRY_1599_meta_8.txt
occlusion,resnet34_gn,/home/hep/an1522/dark_tridents_wspace/outputs/weights/resnet34_gn/resnet34_gn_model_20260123-12_20_AM_epoch_4_batch_id_1961_labels_2_step_9821.pwf,/data/run1_dt_ratio_0.6_ma_0.04_pi0_larcv_cropped.root,0.04,1599,283,0,,16,B_border+C_weird_lowpix,0.7630173563957214,0.23725269734859467,0.0,0.001079559326171875,0.01,0.10759252193819153,0.10759252193819153,True,0.10755148741418764,0.9964664310954063,0.10759252193819153,11,0.01060070671378092,0.01060070671378092,1.0,0.10755148741418764,0.7503598928451538,0.7503598928451538,0.9045936395759717,0.7365360483527184,0.18444632682949302,0.1,0.1,/vols/sbn/uboone/an1522/cam_methods/occlusion/B_border+C_weird_lowpix/run1_signal/resnet34_gn/occlusion__ENTRY_1599_meta_16.txt
occlusion,resnet34_gn,/home/hep/an1522/dark_tridents_wspace/outputs/weights/resnet34_gn/resnet34_gn_model_20260123-12_20_AM_epoch_4_batch_id_1961_labels_2_step_9821.pwf,/data/run1_dt_ratio_0.6_ma_0.04_pi0_larcv_cropped.root,0.04,1599,283,0,,2,B_border+C_weird_lowpix,0.7630173563957214,0.23725269734859467,0.0,0.001079559326171875,0.01,0.10759252193819153,0.10759252193819153,True,0.10755148741418764,0.9964664310954063,0.10759252193819153,11,0.01060070671378092,0.01060070671378092,1.0,0.10755148741418764,0.6970214724540711,0.7064282298088074,0.30742049469964666,0.7365360483527184,0.18444632682949302,0.1,0.1,/vols/sbn/uboone/an1522/cam_methods/occlusion/B_border+C_weird_lowpix/run1_signal/resnet34_gn/occlusion__ENTRY_1599_meta_2.txt
occlusion,resnet34_gn,/home/hep/an1522/dark_tridents_wspace/outputs/weights/resnet34_gn/resnet34_gn_model_20260123-12_20_AM_epoch_4_batch_id_1961_labels_2_step_9821.pwf,/data/run1_dt_ratio_0.6_ma_0.04_pi0_larcv_cropped.root,0.04,1599,283,0,,4,B_border+C_weird_lowpix,0.7630173563957214,0.23725269734859467,0.0,0.001079559326171875,0.01,0.10759252193819153,0.10759252193819153,True,0.10755148741418764,0.9964664310954063,0.10759252193819153,11,0.01060070671378092,0.01060070671378092,1.0,0.10755148741418764,0.7255662953853608,0.7338131070137024,0.4381625441696113,0.7365360483527184,0.18444632682949302,0.1,0.1,/vols/sbn/uboone/an1522/cam_methods/occlusion/B_border+C_weird_lowpix/run1_signal/resnet34_gn/occlusion__ENTRY_1599_meta_4.txt
occlusion,resnet34_gn,/home/hep/an1522/dark_tridents_wspace/outputs/weights/resnet34_gn/resnet34_gn_model_20260123-12_20_AM_epoch_4_batch_id_1961_labels_2_step_9821.pwf,/data/run1_dt_ratio_0.6_ma_0.04_pi0_larcv_cropped.root,0.04,1599,283,0,,8,B_border+C_weird_lowpix,0.7630173563957214,0.23725269734859467,0.0,0.001079559326171875,0.01,0.10759252193819153,0.10759252193819153,True,0.10755148741418764,0.9964664310954063,0.10759252193819153,11,0.01060070671378092,0.01060070671378092,1.0,0.10755148741418764,0.7341318714618683,0.7382347583770752,0.6713780918727915,0.7365360483527184,0.18444632682949302,0.1,0.1,/vols/sbn/uboone/an1522/cam_methods/occlusion/B_border+C_weird_lowpix/run1_signal/resnet34_gn/occlusion__ENTRY_1599_meta_8.txt
occlusion,mpid,/home/hep/an1522/dark_tridents_wspace/outputs/weights/DM-CNN_model_20260116-10_22_PM_epoch_4_batch_id_1961_labels_2_title_0.001_AG_GN_LM_TRAINING_step_9821.pwf,/data/run3_nu_overlay_larcv_cropped.root,,10329,304,0,,16,B_border+C_weird_lowpix,0.4998691976070404,0.4985038936138153,0.0,0.00115966796875,0.01,0.11446012972148036,0.11446012972148036,True,0.11428571428571428,0.9868421052631579,0.11446012972148036,18,0.009868421052631578,0.009868421052631578,1.0,0.11428571428571428,0.3664943277835846,0.4077208340167999,0.40789473684210525,0.47558146342635155,0.2867720402777195,0.1,0.7000000000000001,/vols/sbn/uboone/an1522/cam_methods/occlusion/B_border+C_weird_lowpix/run3_samples/mpid/occlusion__ENTRY_10329__nu_overlay_meta_16.txt
occlusion,mpid,/home/hep/an1522/dark_tridents_wspace/outputs/weights/DM-CNN_model_20260116-10_22_PM_epoch_4_batch_id_1961_labels_2_title_0.001_AG_GN_LM_TRAINING_step_9821.pwf,/data/run3_nu_overlay_larcv_cropped.root,,10329,304,0,,2,B_border+C_weird_lowpix,0.4999300241470337,0.498442679643631,0.0,0.00115966796875,0.01,0.11598626478443343,0.11598626478443343,True,0.11598626478443343,1.0,0.11598626478443343,19,0.009868421052631578,0.009868421052631578,1.0,0.11598626478443343,0.15572401881217957,0.16897839307785034,0.6151315789473685,0.47737459111958735,0.07137679662555456,0.1,0.1,/vols/sbn/uboone/an1522/cam_methods/occlusion/B_border+C_weird_lowpix/run3_samples/mpid/occlusion__ENTRY_10329__nu_overlay_meta_2.txt
occlusion,mpid,/home/hep/an1522/dark_tridents_wspace/outputs/weights/DM-CNN_model_20260116-10_22_PM_epoch_4_batch_id_1961_labels_2_title_0.001_AG_GN_LM_TRAINING_step_9821.pwf,/data/run3_nu_overlay_larcv_cropped.root,,10329,304,0,,4,B_border+C_weird_lowpix,0.4999300241470337,0.498442679643631,0.0,0.00115966796875,0.01,0.11598626478443343,0.11598626478443343,True,0.11598626478443343,1.0,0.11598626478443343,19,0.009868421052631578,0.009868421052631578,1.0,0.11598626478443343,0.2378590703010559,0.28184080123901367,0.5625,0.47737459111958735,0.07137679662555456,0.1,0.1,/vols/sbn/uboone/an1522/cam_methods/occlusion/B_border+C_weird_lowpix/run3_samples/mpid/occlusion__ENTRY_10329__nu_overlay_meta_4.txt
occlusion,mpid,/home/hep/an1522/dark_tridents_wspace/outputs/weights/DM-CNN_model_20260116-10_22_PM_epoch_4_batch_id_1961_labels_2_title_0.001_AG_GN_LM_TRAINING_step_9821.pwf,/data/run3_nu_overlay_larcv_cropped.root,,10329,304,0,,8,B_border+C_weird_lowpix,0.4998691976070404,0.4985038936138153,0.0,0.00115966796875,0.01,0.11446012972148036,0.11446012972148036,True,0.11428571428571428,0.9868421052631579,0.11446012972148036,18,0.009868421052631578,0.009868421052631578,1.0,0.11428571428571428,0.2866805717349044,0.2875325083732605,0.6546052631578947,0.47558146342635155,0.2867720402777195,0.1,0.7000000000000001,/vols/sbn/uboone/an1522/cam_methods/occlusion/B_border+C_weird_lowpix/run3_samples/mpid/occlusion__ENTRY_10329__nu_overlay_meta_8.txt
occlusion,mpid,/home/hep/an1522/dark_tridents_wspace/outputs/weights/DM-CNN_model_20260116-10_22_PM_epoch_4_batch_id_1961_labels_2_title_0.001_AG_GN_LM_TRAINING_step_9821.pwf,/data/run3_dirt_larcv_cropped.root,,1940,127,0,,16,B_border+C_weird_lowpix,0.49540579319000244,0.503105878829956,0.0,0.000484466552734375,0.01,0.04845478824876002,0.04845478824876002,True,0.04845478824876002,1.0,0.04845478824876002,11,0.007874015748031496,0.007874015748031496,1.0,0.04845478824876002,0.486009806394577,0.486009806394577,0.8346456692913385,0.4730757065117359,0.07113414630293846,0.1,0.1,/vols/sbn/uboone/an1522/cam_methods/occlusion/B_border+C_weird_lowpix/run3_samples/mpid/occlusion__ENTRY_1940__dirt_meta_16.txt
occlusion,mpid,/home/hep/an1522/dark_tridents_wspace/outputs/weights/DM-CNN_model_20260116-10_22_PM_epoch_4_batch_id_1961_labels_2_title_0.001_AG_GN_LM_TRAINING_step_9821.pwf,/data/run3_dirt_larcv_cropped.root,,1940,127,0,,2,B_border+C_weird_lowpix,0.4954194128513336,0.5030925273895264,0.0,0.000484466552734375,0.01,0.04845478824876002,0.04845478824876002,True,0.04845478824876002,1.0,0.04845478824876002,11,0.007874015748031496,0.007874015748031496,1.0,0.04845478824876002,0.3570486104488371,0.38237395882606506,0.47244094488188976,0.47308951038867236,0.07115126606076956,0.1,0.1,/vols/sbn/uboone/an1522/cam_methods/occlusion/B_border+C_weird_lowpix/run3_samples/mpid/occlusion__ENTRY_1940__dirt_meta_2.txt
occlusion,mpid,/home/hep/an1522/dark_tridents_wspace/outputs/weights/DM-CNN_model_20260116-10_22_PM_epoch_4_batch_id_1961_labels_2_title_0.001_AG_GN_LM_TRAINING_step_9821.pwf,/data/run3_dirt_larcv_cropped.root,,1940,127,0,,4,B_border+C_weird_lowpix,0.4954194128513336,0.5030925273895264,0.0,0.000484466552734375,0.01,0.04845478824876002,0.04845478824876002,True,0.04845478824876002,1.0,0.04845478824876002,11,0.007874015748031496,0.007874015748031496,1.0,0.04845478824876002,0.3972799777984619,0.3972799777984619,0.4409448818897638,0.47308951038867236,0.07115126606076956,0.1,0.1,/vols/sbn/uboone/an1522/cam_methods/occlusion/B_border+C_weird_lowpix/run3_samples/mpid/occlusion__ENTRY_1940__dirt_meta_4.txt
occlusion,mpid,/home/hep/an1522/dark_tridents_wspace/outputs/weights/DM-CNN_model_20260116-10_22_PM_epoch_4_batch_id_1961_labels_2_title_0.001_AG_GN_LM_TRAINING_step_9821.pwf,/data/run3_dirt_larcv_cropped.root,,1940,127,0,,8,B_border+C_weird_lowpix,0.49540579319000244,0.503105878829956,0.0,0.000484466552734375,0.01,0.04845478824876002,0.04845478824876002,True,0.04845478824876002,1.0,0.04845478824876002,11,0.007874015748031496,0.007874015748031496,1.0,0.04845478824876002,0.4169215184450149,0.41857585310935974,0.5669291338582677,0.4730757065117359,0.07113414630293846,0.1,0.1,/vols/sbn/uboone/an1522/cam_methods/occlusion/B_border+C_weird_lowpix/run3_samples/mpid/occlusion__ENTRY_1940__dirt_meta_8.txt
occlusion,mpid,/home/hep/an1522/dark_tridents_wspace/outputs/weights/DM-CNN_model_20260116-10_22_PM_epoch_4_batch_id_1961_labels_2_title_0.001_AG_GN_LM_TRAINING_step_9821.pwf,/data/run3_nu_overlay_larcv_cropped.root,,3372,59,0,,16,B_border+C_weird_lowpix,0.5006101131439209,0.5001822113990784,0.0,0.000225067138671875,0.01,0.022510492178557804,0.022510492178557804,True,0.022510492178557804,1.0,0.022510492178557804,7,0.01694915254237288,0.01694915254237288,1.0,0.022510492178557804,0.47336829483509063,0.4783543050289154,0.9152542372881356,0.4780206756666302,0.07141080107539892,0.1,0.1,/vols/sbn/uboone/an1522/cam_methods/occlusion/B_border+C_weird_lowpix/run3_samples/mpid/occlusion__ENTRY_3372__nu_overlay_meta_16.txt
occlusion,mpid,/home/hep/an1522/dark_tridents_wspace/outputs/weights/DM-CNN_model_20260116-10_22_PM_epoch_4_batch_id_1961_labels_2_title_0.001_AG_GN_LM_TRAINING_step_9821.pwf,/data/run3_nu_overlay_larcv_cropped.root,,3372,59,0,,2,B_border+C_weird_lowpix,0.5006677508354187,0.5001248717308044,0.0,0.000225067138671875,0.01,0.022510492178557804,0.022510492178557804,True,0.022510492178557804,1.0,0.022510492178557804,7,0.01694915254237288,0.01694915254237288,1.0,0.022510492178557804,0.4885179775953293,0.49174779653549194,0.6610169491525424,0.4780745662748814,0.07139724418520928,0.1,0.1,/vols/sbn/uboone/an1522/cam_methods/occlusion/B_border+C_weird_lowpix/run3_samples/mpid/occlusion__ENTRY_3372__nu_overlay_meta_2.txt
occlusion,mpid,/home/hep/an1522/dark_tridents_wspace/outputs/weights/DM-CNN_model_20260116-10_22_PM_epoch_4_batch_id_1961_labels_2_title_0.001_AG_GN_LM_TRAINING_step_9821.pwf,/data/run3_nu_overlay_larcv_cropped.root,,3372,59,0,,4,B_border+C_weird_lowpix,0.5006677508354187,0.5001248717308044,0.0,0.000225067138671875,0.01,0.022510492178557804,0.022510492178557804,True,0.022510492178557804,1.0,0.022510492178557804,7,0.01694915254237288,0.01694915254237288,1.0,0.022510492178557804,0.4819293332099915,0.48364511132240295,0.7966101694915254,0.4780745662748814,0.07139724418520928,0.1,0.1,/vols/sbn/uboone/an1522/cam_methods/occlusion/B_border+C_weird_lowpix/run3_samples/mpid/occlusion__ENTRY_3372__nu_overlay_meta_4.txt
occlusion,mpid,/home/hep/an1522/dark_tridents_wspace/outputs/weights/DM-CNN_model_20260116-10_22_PM_epoch_4_batch_id_1961_labels_2_title_0.001_AG_GN_LM_TRAINING_step_9821.pwf,/data/run3_nu_overlay_larcv_cropped.root,,3372,59,0,,8,B_border+C_weird_lowpix,0.5006677508354187,0.5001248717308044,0.0,0.000225067138671875,0.01,0.022510492178557804,0.022510492178557804,True,0.022510492178557804,1.0,0.022510492178557804,7,0.01694915254237288,0.01694915254237288,1.0,0.022510492178557804,0.4926446670293808,0.49293971061706543,0.9152542372881356,0.4780745662748814,0.07139724418520928,0.1,0.1,/vols/sbn/uboone/an1522/cam_methods/occlusion/B_border+C_weird_lowpix/run3_samples/mpid/occlusion__ENTRY_3372__nu_overlay_meta_8.txt
occlusion,mpid,/home/hep/an1522/dark_tridents_wspace/outputs/weights/DM-CNN_model_20260116-10_22_PM_epoch_4_batch_id_1961_labels_2_title_0.001_AG_GN_LM_TRAINING_step_9821.pwf,/data/run3_offbeam_larcv_cropped.root,,3940,144,0,,16,B_border+C_weird_lowpix,0.4993579387664795,0.5016293525695801,0.0,0.00054931640625,0.01,0.04044257916825639,0.04044257916825639,True,0.03986461075592328,0.7361111111111112,0.04044257916825639,7,0.006944444444444444,0.006944444444444444,1.0,0.03986461075592328,0.4744890332221985,0.4744890332221985,0.6319444444444444,0.5417647080495954,0.03670622643548995,0.1,0.1,/vols/sbn/uboone/an1522/cam_methods/occlusion/B_border+C_weird_lowpix/run3_samples/mpid/occlusion__ENTRY_3940__offbeam_meta_16.txt
occlusion,mpid,/home/hep/an1522/dark_tridents_wspace/outputs/weights/DM-CNN_model_20260116-10_22_PM_epoch_4_batch_id_1961_labels_2_title_0.001_AG_GN_LM_TRAINING_step_9821.pwf,/data/run3_offbeam_larcv_cropped.root,,3940,144,0,,2,B_border+C_weird_lowpix,0.4993925392627716,0.5015950798988342,0.0,0.00054931640625,0.01,0.05112552460892789,0.05112552460892789,True,0.050931204865070315,0.9305555555555556,0.05112552460892789,12,0.006944444444444444,0.006944444444444444,1.0,0.050931204865070315,0.38061873972415905,0.39799585938453674,0.5486111111111112,0.5579657964408398,0.03252766120713204,0.1,0.1,/vols/sbn/uboone/an1522/cam_methods/occlusion/B_border+C_weird_lowpix/run3_samples/mpid/occlusion__ENTRY_3940__offbeam_meta_2.txt
occlusion,mpid,/home/hep/an1522/dark_tridents_wspace/outputs/weights/DM-CNN_model_20260116-10_22_PM_epoch_4_batch_id_1961_labels_2_title_0.001_AG_GN_LM_TRAINING_step_9821.pwf,/data/run3_offbeam_larcv_cropped.root,,3940,144,0,,4,B_border+C_weird_lowpix,0.4993925392627716,0.5015950798988342,0.0,0.00054931640625,0.01,0.04807325448302175,0.04807325448302175,True,0.04774535809018567,0.875,0.04807325448302175,12,0.006944444444444444,0.006944444444444444,1.0,0.04774535809018567,0.38018055975437165,0.38602134585380554,0.5208333333333334,0.5485753588378429,0.03398667548317462,0.1,0.1,/vols/sbn/uboone/an1522/cam_methods/occlusion/B_border+C_weird_lowpix/run3_samples/mpid/occlusion__ENTRY_3940__offbeam_meta_4.txt
occlusion,mpid,/home/hep/an1522/dark_tridents_wspace/outputs/weights/DM-CNN_model_20260116-10_22_PM_epoch_4_batch_id_1961_labels_2_title_0.001_AG_GN_LM_TRAINING_step_9821.pwf,/data/run3_offbeam_larcv_cropped.root,,3940,144,0,,8,B_border+C_weird_lowpix,0.4993925392627716,0.5015950798988342,0.0,0.00054931640625,0.01,0.04463945059137734,0.04463945059137734,True,0.04418429003021148,0.8125,0.04463945059137734,11,0.006944444444444444,0.006944444444444444,1.0,0.04418429003021148,0.41770332783460584,0.44971540570259094,0.4236111111111111,0.6144836001098156,0.03402400626800954,0.1,0.1,/vols/sbn/uboone/an1522/cam_methods/occlusion/B_border+C_weird_lowpix/run3_samples/mpid/occlusion__ENTRY_3940__offbeam_meta_8.txt
occlusion,resnet34_gn,/home/hep/an1522/dark_tridents_wspace/outputs/weights/resnet34_gn/resnet34_gn_model_20260123-12_20_AM_epoch_4_batch_id_1961_labels_2_step_9821.pwf,/data/run3_nu_overlay_larcv_cropped.root,,10329,304,0,,16,B_border+C_weird_lowpix,0.007842587307095528,0.9920364022254944,0.0,0.00115966796875,0.01,0.11446012972148036,0.11446012972148036,True,0.11428571428571428,0.9868421052631579,0.11446012972148036,18,0.009868421052631578,0.009868421052631578,1.0,0.11428571428571428,0.003870630087330911,0.003936116583645344,0.805921052631579,0.01766280075535178,0.09874003762379288,0.0,0.0,/vols/sbn/uboone/an1522/cam_methods/occlusion/B_border+C_weird_lowpix/run3_samples/resnet34_gn/occlusion__ENTRY_10329__nu_overlay_meta_16.txt
occlusion,resnet34_gn,/home/hep/an1522/dark_tridents_wspace/outputs/weights/resnet34_gn/resnet34_gn_model_20260123-12_20_AM_epoch_4_batch_id_1961_labels_2_step_9821.pwf,/data/run3_nu_overlay_larcv_cropped.root,,10329,304,0,,2,B_border+C_weird_lowpix,0.007842843420803547,0.9920361638069153,0.0,0.00115966796875,0.01,0.11598626478443343,0.11598626478443343,True,0.11598626478443343,1.0,0.11598626478443343,19,0.009868421052631578,0.009868421052631578,1.0,0.11598626478443343,0.0019752057269215584,0.0019752057269215584,0.569078947368421,0.01706954832188785,0.1831502365414054,0.0,0.0,/vols/sbn/uboone/an1522/cam_methods/occlusion/B_border+C_weird_lowpix/run3_samples/resnet34_gn/occlusion__ENTRY_10329__nu_overlay_meta_2.txt
occlusion,resnet34_gn,/home/hep/an1522/dark_tridents_wspace/outputs/weights/resnet34_gn/resnet34_gn_model_20260123-12_20_AM_epoch_4_batch_id_1961_labels_2_step_9821.pwf,/data/run3_nu_overlay_larcv_cropped.root,,10329,304,0,,4,B_border+C_weird_lowpix,0.007842843420803547,0.9920361638069153,0.0,0.00115966796875,0.01,0.11598626478443343,0.11598626478443343,True,0.11598626478443343,1.0,0.11598626478443343,19,0.009868421052631578,0.009868421052631578,1.0,0.11598626478443343,0.0019752057269215584,0.001978319138288498,0.5888157894736842,0.01706954832188785,0.1831502365414054,0.0,0.0,/vols/sbn/uboone/an1522/cam_methods/occlusion/B_border+C_weird_lowpix/run3_samples/resnet34_gn/occlusion__ENTRY_10329__nu_overlay_meta_4.txt
occlusion,resnet34_gn,/home/hep/an1522/dark_tridents_wspace/outputs/weights/resnet34_gn/resnet34_gn_model_20260123-12_20_AM_epoch_4_batch_id_1961_labels_2_step_9821.pwf,/data/run3_nu_overlay_larcv_cropped.root,,10329,304,0,,8,B_border+C_weird_lowpix,0.007842587307095528,0.9920364022254944,0.0,0.00115966796875,0.01,0.11446012972148036,0.11446012972148036,True,0.11428571428571428,0.9868421052631579,0.11446012972148036,18,0.009868421052631578,0.009868421052631578,1.0,0.11428571428571428,0.001975205261260271,0.0023067109286785126,0.6447368421052632,0.01766280075535178,0.09874003762379288,0.0,0.0,/vols/sbn/uboone/an1522/cam_methods/occlusion/B_border+C_weird_lowpix/run3_samples/resnet34_gn/occlusion__ENTRY_10329__nu_overlay_meta_8.txt
occlusion,resnet34_gn,/home/hep/an1522/dark_tridents_wspace/outputs/weights/resnet34_gn/resnet34_gn_model_20260123-12_20_AM_epoch_4_batch_id_1961_labels_2_step_9821.pwf,/data/run3_dirt_larcv_cropped.root,,1940,127,0,,16,B_border+C_weird_lowpix,0.04472187161445618,0.9549905061721802,0.0,0.000484466552734375,0.01,0.04845478824876002,0.04845478824876002,True,0.04845478824876002,1.0,0.04845478824876002,11,0.007874015748031496,0.007874015748031496,1.0,0.04845478824876002,0.05305510759353638,0.13703739643096924,0.8110236220472441,0.05210468769073487,0.18499537706375122,0.0,0.0,/vols/sbn/uboone/an1522/cam_methods/occlusion/B_border+C_weird_lowpix/run3_samples/resnet34_gn/occlusion__ENTRY_1940__dirt_meta_16.txt
occlusion,resnet34_gn,/home/hep/an1522/dark_tridents_wspace/outputs/weights/resnet34_gn/resnet34_gn_model_20260123-12_20_AM_epoch_4_batch_id_1961_labels_2_step_9821.pwf,/data/run3_dirt_larcv_cropped.root,,1940,127,0,,2,B_border+C_weird_lowpix,0.044738322496414185,0.9549739956855774,0.0,0.000484466552734375,0.01,0.04845478824876002,0.04845478824876002,True,0.04845478824876002,1.0,0.04845478824876002,11,0.007874015748031496,0.007874015748031496,1.0,0.04845478824876002,0.07265056639909744,0.07351485639810562,0.5118110236220472,0.05212025344371796,0.1849950104951859,0.0,0.0,/vols/sbn/uboone/an1522/cam_methods/occlusion/B_border+C_weird_lowpix/run3_samples/resnet34_gn/occlusion__ENTRY_1940__dirt_meta_2.txt
occlusion,resnet34_gn,/home/hep/an1522/dark_tridents_wspace/outputs/weights/resnet34_gn/resnet34_gn_model_20260123-12_20_AM_epoch_4_batch_id_1961_labels_2_step_9821.pwf,/data/run3_dirt_larcv_cropped.root,,1940,127,0,,4,B_border+C_weird_lowpix,0.044738322496414185,0.9549739956855774,0.0,0.000484466552734375,0.01,0.04845478824876002,0.04845478824876002,True,0.04845478824876002,1.0,0.04845478824876002,11,0.007874015748031496,0.007874015748031496,1.0,0.04845478824876002,0.09936095774173737,0.09936095774173737,0.5984251968503937,0.05212025344371796,0.1849950104951859,0.0,0.0,/vols/sbn/uboone/an1522/cam_methods/occlusion/B_border+C_weird_lowpix/run3_samples/resnet34_gn/occlusion__ENTRY_1940__dirt_meta_4.txt
occlusion,resnet34_gn,/home/hep/an1522/dark_tridents_wspace/outputs/weights/resnet34_gn/resnet34_gn_model_20260123-12_20_AM_epoch_4_batch_id_1961_labels_2_step_9821.pwf,/data/run3_dirt_larcv_cropped.root,,1940,127,0,,8,B_border+C_weird_lowpix,0.04472187161445618,0.9549905061721802,0.0,0.000484466552734375,0.01,0.04845478824876002,0.04845478824876002,True,0.04845478824876002,1.0,0.04845478824876002,11,0.007874015748031496,0.007874015748031496,1.0,0.04845478824876002,0.059135131537914276,0.059135131537914276,0.6141732283464567,0.05210468769073487,0.18499537706375122,0.0,0.0,/vols/sbn/uboone/an1522/cam_methods/occlusion/B_border+C_weird_lowpix/run3_samples/resnet34_gn/occlusion__ENTRY_1940__dirt_meta_8.txt
occlusion,resnet34_gn,/home/hep/an1522/dark_tridents_wspace/outputs/weights/resnet34_gn/resnet34_gn_model_20260123-12_20_AM_epoch_4_batch_id_1961_labels_2_step_9821.pwf,/data/run3_nu_overlay_larcv_cropped.root,,3372,59,0,,16,B_border+C_weird_lowpix,0.0712755024433136,0.9279463291168213,0.0,0.000225067138671875,0.01,0.022510492178557804,0.022510492178557804,True,0.022510492178557804,1.0,0.022510492178557804,7,0.01694915254237288,0.01694915254237288,1.0,0.022510492178557804,0.1185777336359024,0.1185777336359024,0.03389830508474576,0.0773305743932724,0.18632186949253088,0.0,0.0,/vols/sbn/uboone/an1522/cam_methods/occlusion/B_border+C_weird_lowpix/run3_samples/resnet34_gn/occlusion__ENTRY_3372__nu_overlay_meta_16.txt
occlusion,resnet34_gn,/home/hep/an1522/dark_tridents_wspace/outputs/weights/resnet34_gn/resnet34_gn_model_20260123-12_20_AM_epoch_4_batch_id_1961_labels_2_step_9821.pwf,/data/run3_nu_overlay_larcv_cropped.root,,3372,59,0,,2,B_border+C_weird_lowpix,0.07128652930259705,0.9279352426528931,0.0,0.000225067138671875,0.01,0.022510492178557804,0.022510492178557804,True,0.022510492178557804,1.0,0.022510492178557804,7,0.01694915254237288,0.01694915254237288,1.0,0.022510492178557804,0.2009631031751634,0.24231672286987305,0.3220338983050847,0.07734111249446869,0.18632360994815828,0.0,0.0,/vols/sbn/uboone/an1522/cam_methods/occlusion/B_border+C_weird_lowpix/run3_samples/resnet34_gn/occlusion__ENTRY_3372__nu_overlay_meta_2.txt
occlusion,resnet34_gn,/home/hep/an1522/dark_tridents_wspace/outputs/weights/resnet34_gn/resnet34_gn_model_20260123-12_20_AM_epoch_4_batch_id_1961_labels_2_step_9821.pwf,/data/run3_nu_overlay_larcv_cropped.root,,3372,59,0,,4,B_border+C_weird_lowpix,0.07128652930259705,0.9279352426528931,0.0,0.000225067138671875,0.01,0.022510492178557804,0.022510492178557804,True,0.022510492178557804,1.0,0.022510492178557804,7,0.01694915254237288,0.01694915254237288,1.0,0.022510492178557804,0.16222938746213916,0.1712341457605362,0.4406779661016949,0.07734111249446869,0.18632360994815828,0.0,0.0,/vols/sbn/uboone/an1522/cam_methods/occlusion/B_border+C_weird_lowpix/run3_samples/resnet34_gn/occlusion__ENTRY_3372__nu_overlay_meta_4.txt
occlusion,resnet34_gn,/home/hep/an1522/dark_tridents_wspace/outputs/weights/resnet34_gn/resnet34_gn_model_20260123-12_20_AM_epoch_4_batch_id_1961_labels_2_step_9821.pwf,/data/run3_nu_overlay_larcv_cropped.root,,3372,59,0,,8,B_border+C_weird_lowpix,0.07128652930259705,0.9279352426528931,0.0,0.000225067138671875,0.01,0.022510492178557804,0.022510492178557804,True,0.022510492178557804,1.0,0.022510492178557804,7,0.01694915254237288,0.01694915254237288,1.0,0.022510492178557804,0.11855892837047577,0.11855892837047577,0.864406779661017,0.07734111249446869,0.18632360994815828,0.0,0.0,/vols/sbn/uboone/an1522/cam_methods/occlusion/B_border+C_weird_lowpix/run3_samples/resnet34_gn/occlusion__ENTRY_3372__nu_overlay_meta_8.txt
occlusion,resnet34_gn,/home/hep/an1522/dark_tridents_wspace/outputs/weights/resnet34_gn/resnet34_gn_model_20260123-12_20_AM_epoch_4_batch_id_1961_labels_2_step_9821.pwf,/data/run3_offbeam_larcv_cropped.root,,3940,144,0,,16,B_border+C_weird_lowpix,0.018664134666323662,0.9810730218887329,0.0,0.00054931640625,0.01,0.04044257916825639,0.04044257916825639,True,0.03986461075592328,0.7361111111111112,0.04044257916825639,7,0.006944444444444444,0.006944444444444444,1.0,0.03986461075592328,0.01674465648829937,0.01674465648829937,0.5208333333333334,0.033901537675410515,0.038091990444809196,0.0,0.0,/vols/sbn/uboone/an1522/cam_methods/occlusion/B_border+C_weird_lowpix/run3_samples/resnet34_gn/occlusion__ENTRY_3940__offbeam_meta_16.txt
occlusion,resnet34_gn,/home/hep/an1522/dark_tridents_wspace/outputs/weights/resnet34_gn/resnet34_gn_model_20260123-12_20_AM_epoch_4_batch_id_1961_labels_2_step_9821.pwf,/data/run3_offbeam_larcv_cropped.root,,3940,144,0,,2,B_border+C_weird_lowpix,0.018661418929696083,0.9810757637023926,0.0,0.00054931640625,0.01,0.05112552460892789,0.05112552460892789,True,0.050931204865070315,0.9305555555555556,0.05112552460892789,12,0.006944444444444444,0.006944444444444444,1.0,0.050931204865070315,0.06347038678824898,0.06675552576780319,0.2152777777777778,0.027584589924663304,0.03790162997320294,0.0,0.0,/vols/sbn/uboone/an1522/cam_methods/occlusion/B_border+C_weird_lowpix/run3_samples/resnet34_gn/occlusion__ENTRY_3940__offbeam_meta_2.txt
occlusion,resnet34_gn,/home/hep/an1522/dark_tridents_wspace/outputs/weights/resnet34_gn/resnet34_gn_model_20260123-12_20_AM_epoch_4_batch_id_1961_labels_2_step_9821.pwf,/data/run3_offbeam_larcv_cropped.root,,3940,144,0,,4,B_border+C_weird_lowpix,0.018661418929696083,0.9810757637023926,0.0,0.00054931640625,0.01,0.04807325448302175,0.04807325448302175,True,0.04774535809018567,0.875,0.04807325448302175,12,0.006944444444444444,0.006944444444444444,1.0,0.04774535809018567,0.09463633768260472,0.10450977087020874,0.09722222222222222,0.02758460780605674,0.038807967212051146,0.0,0.0,/vols/sbn/uboone/an1522/cam_methods/occlusion/B_border+C_weird_lowpix/run3_samples/resnet34_gn/occlusion__ENTRY_3940__offbeam_meta_4.txt
occlusion,resnet34_gn,/home/hep/an1522/dark_tridents_wspace/outputs/weights/resnet34_gn/resnet34_gn_model_20260123-12_20_AM_epoch_4_batch_id_1961_labels_2_step_9821.pwf,/data/run3_offbeam_larcv_cropped.root,,3940,144,0,,8,B_border+C_weird_lowpix,0.018661418929696083,0.9810757637023926,0.0,0.00054931640625,0.01,0.04463945059137734,0.04463945059137734,True,0.04418429003021148,0.8125,0.04463945059137734,11,0.006944444444444444,0.006944444444444444,1.0,0.04418429003021148,0.18962391316890706,0.23331202566623688,0.08333333333333333,0.0289662498049438,0.040812038723379365,0.0,0.0,/vols/sbn/uboone/an1522/cam_methods/occlusion/B_border+C_weird_lowpix/run3_samples/resnet34_gn/occlusion__ENTRY_3940__offbeam_meta_8.txt
occlusion,mpid,/home/hep/an1522/dark_tridents_wspace/outputs/weights/DM-CNN_model_20260116-10_22_PM_epoch_4_batch_id_1961_labels_2_title_0.001_AG_GN_LM_TRAINING_step_9821.pwf,/data/run3_dt_ratio_0.6_ma_0.02_pi0_larcv_cropped.root,0.02,1734,381,0,,16,B_border+C_weird_lowpix,0.49997997283935547,0.4996451139450073,0.0,0.001453399658203125,0.01,0.13773368943151468,0.13773368943151468,True,0.1366906474820144,0.94750656167979,0.13773368943151468,21,0.010498687664041995,0.010498687664041995,1.0,0.1366906474820144,0.49416813254356384,0.49585023522377014,0.8530183727034121,0.495017708092928,0.04225398031994701,0.1,0.1,/vols/sbn/uboone/an1522/cam_methods/occlusion/B_border+C_weird_lowpix/run3_signal/mpid/occlusion__ENTRY_1734_meta_16.txt
occlusion,mpid,/home/hep/an1522/dark_tridents_wspace/outputs/weights/DM-CNN_model_20260116-10_22_PM_epoch_4_batch_id_1961_labels_2_title_0.001_AG_GN_LM_TRAINING_step_9821.pwf,/data/run3_dt_ratio_0.6_ma_0.02_pi0_larcv_cropped.root,0.02,1734,381,0,,2,B_border+C_weird_lowpix,0.4999241828918457,0.4997008442878723,0.0,0.001453399658203125,0.01,0.14193056085463562,0.14193056085463562,True,0.1414448669201521,0.9763779527559056,0.14193056085463562,22,0.010498687664041995,0.010498687664041995,1.0,0.1414448669201521,0.35139867067337033,0.3649376630783081,0.5406824146981627,0.4746525036171078,0.043185754958540205,0.1,0.1,/vols/sbn/uboone/an1522/cam_methods/occlusion/B_border+C_weird_lowpix/run3_signal/mpid/occlusion__ENTRY_1734_meta_2.txt
occlusion,mpid,/home/hep/an1522/dark_tridents_wspace/outputs/weights/DM-CNN_model_20260116-10_22_PM_epoch_4_batch_id_1961_labels_2_title_0.001_AG_GN_LM_TRAINING_step_9821.pwf,/data/run3_dt_ratio_0.6_ma_0.02_pi0_larcv_cropped.root,0.02,1734,381,0,,4,B_border+C_weird_lowpix,0.4999241828918457,0.4997008442878723,0.0,0.001453399658203125,0.01,0.13887829072872948,0.13887829072872948,True,0.1379833206974981,0.9553805774278216,0.13887829072872948,22,0.010498687664041995,0.010498687664041995,1.0,0.1379833206974981,0.3993171334266661,0.4275607466697693,0.5931758530183727,0.4581111328676343,0.04216794231906534,0.1,0.1,/vols/sbn/uboone/an1522/cam_methods/occlusion/B_border+C_weird_lowpix/run3_signal/mpid/occlusion__ENTRY_1734_meta_4.txt
occlusion,mpid,/home/hep/an1522/dark_tridents_wspace/outputs/weights/DM-CNN_model_20260116-10_22_PM_epoch_4_batch_id_1961_labels_2_title_0.001_AG_GN_LM_TRAINING_step_9821.pwf,/data/run3_dt_ratio_0.6_ma_0.02_pi0_larcv_cropped.root,0.02,1734,381,0,,8,B_border+C_weird_lowpix,0.49997997283935547,0.4996451139450073,0.0,0.001453399658203125,0.01,0.13773368943151468,0.13773368943151468,True,0.1366906474820144,0.94750656167979,0.13773368943151468,21,0.010498687664041995,0.010498687664041995,1.0,0.1366906474820144,0.45871803760528557,0.46552714705467224,0.6561679790026247,0.495017708092928,0.04225398031994701,0.1,0.1,/vols/sbn/uboone/an1522/cam_methods/occlusion/B_border+C_weird_lowpix/run3_signal/mpid/occlusion__ENTRY_1734_meta_8.txt
occlusion,mpid,/home/hep/an1522/dark_tridents_wspace/outputs/weights/DM-CNN_model_20260116-10_22_PM_epoch_4_batch_id_1961_labels_2_title_0.001_AG_GN_LM_TRAINING_step_9821.pwf,/data/run3_dt_ratio_0.6_ma_0.04_pi0_larcv_cropped.root,0.04,2248,947,0,,16,B_border+C_weird_lowpix,0.5000014901161194,0.4969223737716675,0.0,0.003612518310546875,0.01,0.34490652422739415,0.34490652422739415,True,0.33933933933933935,0.9545934530095037,0.34490652422739415,20,0.009503695881731784,0.009503695881731784,1.0,0.33933933933933935,0.49440770387649535,0.49600404500961304,0.7032734952481521,0.4412919299677014,0.1050913965329528,0.7000000000000001,0.1,/vols/sbn/uboone/an1522/cam_methods/occlusion/B_border+C_weird_lowpix/run3_signal/mpid/occlusion__ENTRY_2248_meta_16.txt
occlusion,mpid,/home/hep/an1522/dark_tridents_wspace/outputs/weights/DM-CNN_model_20260116-10_22_PM_epoch_4_batch_id_1961_labels_2_title_0.001_AG_GN_LM_TRAINING_step_9821.pwf,/data/run3_dt_ratio_0.6_ma_0.04_pi0_larcv_cropped.root,0.04,2248,947,0,,2,B_border+C_weird_lowpix,0.5000014901161194,0.4969223737716675,0.0,0.003612518310546875,0.01,0.35978634109118657,0.35978634109118657,True,0.35923809523809525,0.9957761351636748,0.35978634109118657,20,0.009503695881731784,0.009503695881731784,1.0,0.35923809523809525,0.41083637595176664,0.47520777583122253,0.6715945089757128,0.47725413907319303,0.061105966567993164,0.1,0.1,/vols/sbn/uboone/an1522/cam_methods/occlusion/B_border+C_weird_lowpix/run3_signal/mpid/occlusion__ENTRY_2248_meta_2.txt
occlusion,mpid,/home/hep/an1522/dark_tridents_wspace/outputs/weights/DM-CNN_model_20260116-10_22_PM_epoch_4_batch_id_1961_labels_2_title_0.001_AG_GN_LM_TRAINING_step_9821.pwf,/data/run3_dt_ratio_0.6_ma_0.04_pi0_larcv_cropped.root,0.04,2248,947,0,,4,B_border+C_weird_lowpix,0.49998152256011963,0.49694201350212097,0.0,0.003612518310546875,0.01,0.3582602060282335,0.3582602060282335,True,0.3571700266260936,0.9915522703273495,0.3582602060282335,20,0.009503695881731784,0.009503695881731784,1.0,0.3571700266260936,0.4833791422843933,0.4910336136817932,0.6948257655755016,0.4761724717915058,0.0636821635067463,0.1,0.1,/vols/sbn/uboone/an1522/cam_methods/occlusion/B_border+C_weird_lowpix/run3_signal/mpid/occlusion__ENTRY_2248_meta_4.txt
occlusion,mpid,/home/hep/an1522/dark_tridents_wspace/outputs/weights/DM-CNN_model_20260116-10_22_PM_epoch_4_batch_id_1961_labels_2_title_0.001_AG_GN_LM_TRAINING_step_9821.pwf,/data/run3_dt_ratio_0.6_ma_0.04_pi0_larcv_cropped.root,0.04,2248,947,0,,8,B_border+C_weird_lowpix,0.49998152256011963,0.49694201350212097,0.0,0.003612518310546875,0.01,0.35520793590232735,0.35520793590232735,True,0.35305271141448613,0.9831045406546991,0.35520793590232735,20,0.009503695881731784,0.009503695881731784,1.0,0.35305271141448613,0.49724557995796204,0.49765780568122864,0.7212249208025343,0.4765456028282642,0.05982763972133398,0.1,0.1,/vols/sbn/uboone/an1522/cam_methods/occlusion/B_border+C_weird_lowpix/run3_signal/mpid/occlusion__ENTRY_2248_meta_8.txt
occlusion,mpid,/home/hep/an1522/dark_tridents_wspace/outputs/weights/DM-CNN_model_20260116-10_22_PM_epoch_4_batch_id_1961_labels_2_title_0.001_AG_GN_LM_TRAINING_step_9821.pwf,/data/run3_dt_ratio_0.6_ma_0.03_eta_larcv_cropped.root,0.03,6385,1170,0,,16,B_border+C_weird_lowpix,0.4999436140060425,0.5026144981384277,0.0,0.00446319580078125,0.01,0.3948874475391072,0.3948874475391072,True,0.37554426705370103,0.8846153846153846,0.3948874475391072,47,0.010256410256410256,0.010256410256410256,1.0,0.37554426705370103,0.40235137939453125,0.43874505162239075,0.4897435897435897,0.4604707665741443,0.07043844927102327,0.1,0.1,/vols/sbn/uboone/an1522/cam_methods/occlusion/B_border+C_weird_lowpix/run3_signal/mpid/occlusion__ENTRY_6385_meta_16.txt
occlusion,mpid,/home/hep/an1522/dark_tridents_wspace/outputs/weights/DM-CNN_model_20260116-10_22_PM_epoch_4_batch_id_1961_labels_2_title_0.001_AG_GN_LM_TRAINING_step_9821.pwf,/data/run3_dt_ratio_0.6_ma_0.03_eta_larcv_cropped.root,0.03,6385,1170,0,,2,B_border+C_weird_lowpix,0.4999436140060425,0.5026144981384277,0.0,0.00446319580078125,0.01,0.4376192293017932,0.4376192293017932,True,0.4338124054462935,0.9803418803418803,0.4376192293017932,51,0.010256410256410256,0.010256410256410256,1.0,0.4338124054462935,0.37964011937379755,0.4588615894317627,0.4794871794871795,0.46267860010266304,0.12347486317157748,0.1,0.1,/vols/sbn/uboone/an1522/cam_methods/occlusion/B_border+C_weird_lowpix/run3_signal/mpid/occlusion__ENTRY_6385_meta_2.txt
occlusion,mpid,/home/hep/an1522/dark_tridents_wspace/outputs/weights/DM-CNN_model_20260116-10_22_PM_epoch_4_batch_id_1961_labels_2_title_0.001_AG_GN_LM_TRAINING_step_9821.pwf,/data/run3_dt_ratio_0.6_ma_0.03_eta_larcv_cropped.root,0.03,6385,1170,0,,4,B_border+C_weird_lowpix,0.4999436140060425,0.5026144981384277,0.0,0.00446319580078125,0.01,0.433040824112934,0.433040824112934,True,0.4273343373493976,0.9700854700854701,0.433040824112934,51,0.010256410256410256,0.010256410256410256,1.0,0.4273343373493976,0.37801887065172196,0.4377115070819855,0.49401709401709404,0.48212111070752145,0.1916558362543583,0.1,0.1,/vols/sbn/uboone/an1522/cam_methods/occlusion/B_border+C_weird_lowpix/run3_signal/mpid/occlusion__ENTRY_6385_meta_4.txt
occlusion,mpid,/home/hep/an1522/dark_tridents_wspace/outputs/weights/DM-CNN_model_20260116-10_22_PM_epoch_4_batch_id_1961_labels_2_title_0.001_AG_GN_LM_TRAINING_step_9821.pwf,/data/run3_dt_ratio_0.6_ma_0.03_eta_larcv_cropped.root,0.03,6385,1170,0,,8,B_border+C_weird_lowpix,0.4999334216117859,0.5026245713233948,0.0,0.00446319580078125,0.01,0.4223578786722625,0.4223578786722625,True,0.4124441132637854,0.9461538461538461,0.4223578786722625,46,0.010256410256410256,0.010256410256410256,1.0,0.4124441132637854,0.3582225912809366,0.3907085955142975,0.5641025641025641,0.46735768783837556,0.08531673830002545,0.1,0.1,/vols/sbn/uboone/an1522/cam_methods/occlusion/B_border+C_weird_lowpix/run3_signal/mpid/occlusion__ENTRY_6385_meta_8.txt
occlusion,resnet34_gn,/home/hep/an1522/dark_tridents_wspace/outputs/weights/resnet34_gn/resnet34_gn_model_20260123-12_20_AM_epoch_4_batch_id_1961_labels_2_step_9821.pwf,/data/run3_dt_ratio_0.6_ma_0.02_pi0_larcv_cropped.root,0.02,1734,381,0,,16,B_border+C_weird_lowpix,0.1345043033361435,0.8647518754005432,0.0,0.001453399658203125,0.01,0.13773368943151468,0.13773368943151468,True,0.1366906474820144,0.94750656167979,0.13773368943151468,21,0.010498687664041995,0.010498687664041995,1.0,0.1366906474820144,0.14998961985111237,0.14998961985111237,0.5459317585301837,0.14289045706391335,0.05994499549269676,0.0,0.0,/vols/sbn/uboone/an1522/cam_methods/occlusion/B_border+C_weird_lowpix/run3_signal/resnet34_gn/occlusion__ENTRY_1734_meta_16.txt
occlusion,resnet34_gn,/home/hep/an1522/dark_tridents_wspace/outputs/weights/resnet34_gn/resnet34_gn_model_20260123-12_20_AM_epoch_4_batch_id_1961_labels_2_step_9821.pwf,/data/run3_dt_ratio_0.6_ma_0.02_pi0_larcv_cropped.root,0.02,1734,381,0,,2,B_border+C_weird_lowpix,0.13451741635799408,0.8647387027740479,0.0,0.001453399658203125,0.01,0.14193056085463562,0.14193056085463562,True,0.1414448669201521,0.9763779527559056,0.14193056085463562,22,0.010498687664041995,0.010498687664041995,1.0,0.1414448669201521,0.12907424867153153,0.16445188224315643,0.5459317585301837,0.13291095718741416,0.05988538386300205,0.0,0.0,/vols/sbn/uboone/an1522/cam_methods/occlusion/B_border+C_weird_lowpix/run3_signal/resnet34_gn/occlusion__ENTRY_1734_meta_2.txt
occlusion,resnet34_gn,/home/hep/an1522/dark_tridents_wspace/outputs/weights/resnet34_gn/resnet34_gn_model_20260123-12_20_AM_epoch_4_batch_id_1961_labels_2_step_9821.pwf,/data/run3_dt_ratio_0.6_ma_0.02_pi0_larcv_cropped.root,0.02,1734,381,0,,4,B_border+C_weird_lowpix,0.13451741635799408,0.8647387027740479,0.0,0.001453399658203125,0.01,0.13887829072872948,0.13887829072872948,True,0.1379833206974981,0.9553805774278216,0.13887829072872948,22,0.010498687664041995,0.010498687664041995,1.0,0.1379833206974981,0.1299775093793869,0.16067247092723846,0.5275590551181102,0.13282837644219397,0.05998752270825206,0.0,0.0,/vols/sbn/uboone/an1522/cam_methods/occlusion/B_border+C_weird_lowpix/run3_signal/resnet34_gn/occlusion__ENTRY_1734_meta_4.txt
occlusion,resnet34_gn,/home/hep/an1522/dark_tridents_wspace/outputs/weights/resnet34_gn/resnet34_gn_model_20260123-12_20_AM_epoch_4_batch_id_1961_labels_2_step_9821.pwf,/data/run3_dt_ratio_0.6_ma_0.02_pi0_larcv_cropped.root,0.02,1734,381,0,,8,B_border+C_weird_lowpix,0.13451741635799408,0.8647387027740479,0.0,0.001453399658203125,0.01,0.13773368943151468,0.13773368943151468,True,0.1366906474820144,0.94750656167979,0.13773368943151468,21,0.010498687664041995,0.010498687664041995,1.0,0.1366906474820144,0.13100029528141022,0.13113850355148315,0.6351706036745407,0.14289044961333275,0.05994530073367058,0.0,0.0,/vols/sbn/uboone/an1522/cam_methods/occlusion/B_border+C_weird_lowpix/run3_signal/resnet34_gn/occlusion__ENTRY_1734_meta_8.txt
occlusion,resnet34_gn,/home/hep/an1522/dark_tridents_wspace/outputs/weights/resnet34_gn/resnet34_gn_model_20260123-12_20_AM_epoch_4_batch_id_1961_labels_2_step_9821.pwf,/data/run3_dt_ratio_0.6_ma_0.04_pi0_larcv_cropped.root,0.04,2248,947,0,,16,B_border+C_weird_lowpix,0.023707911372184753,0.9759247303009033,0.0,0.003612518310546875,0.01,0.34490652422739415,0.34490652422739415,True,0.33933933933933935,0.9545934530095037,0.34490652422739415,20,0.009503695881731784,0.009503695881731784,1.0,0.33933933933933935,0.025415170937776566,0.02841026335954666,0.34213305174234426,0.030942666344344623,0.07788835945539176,0.0,0.0,/vols/sbn/uboone/an1522/cam_methods/occlusion/B_border+C_weird_lowpix/run3_signal/resnet34_gn/occlusion__ENTRY_2248_meta_16.txt
occlusion,resnet34_gn,/home/hep/an1522/dark_tridents_wspace/outputs/weights/resnet34_gn/resnet34_gn_model_20260123-12_20_AM_epoch_4_batch_id_1961_labels_2_step_9821.pwf,/data/run3_dt_ratio_0.6_ma_0.04_pi0_larcv_cropped.root,0.04,2248,947,0,,2,B_border+C_weird_lowpix,0.023707911372184753,0.9759247303009033,0.0,0.003612518310546875,0.01,0.35978634109118657,0.35978634109118657,True,0.35923809523809525,0.9957761351636748,0.35978634109118657,20,0.009503695881731784,0.009503695881731784,1.0,0.35923809523809525,0.020118318498134613,0.023908745497465134,0.18796198521647306,0.03219590615481139,0.1291742886416614,0.0,0.0,/vols/sbn/uboone/an1522/cam_methods/occlusion/B_border+C_weird_lowpix/run3_signal/resnet34_gn/occlusion__ENTRY_2248_meta_2.txt
occlusion,resnet34_gn,/home/hep/an1522/dark_tridents_wspace/outputs/weights/resnet34_gn/resnet34_gn_model_20260123-12_20_AM_epoch_4_batch_id_1961_labels_2_step_9821.pwf,/data/run3_dt_ratio_0.6_ma_0.04_pi0_larcv_cropped.root,0.04,2248,947,0,,4,B_border+C_weird_lowpix,0.023707911372184753,0.9759247303009033,0.0,0.003612518310546875,0.01,0.3582602060282335,0.3582602060282335,True,0.3571700266260936,0.9915522703273495,0.3582602060282335,20,0.009503695881731784,0.009503695881731784,1.0,0.3571700266260936,0.0202043916285038,0.029299363493919373,0.23020063357972545,0.03217371199280024,0.12854125504381955,0.0,0.0,/vols/sbn/uboone/an1522/cam_methods/occlusion/B_border+C_weird_lowpix/run3_signal/resnet34_gn/occlusion__ENTRY_2248_meta_4.txt
occlusion,resnet34_gn,/home/hep/an1522/dark_tridents_wspace/outputs/weights/resnet34_gn/resnet34_gn_model_20260123-12_20_AM_epoch_4_batch_id_1961_labels_2_step_9821.pwf,/data/run3_dt_ratio_0.6_ma_0.04_pi0_larcv_cropped.root,0.04,2248,947,0,,8,B_border+C_weird_lowpix,0.023699134588241577,0.9759337306022644,0.0,0.003612518310546875,0.01,0.35520793590232735,0.35520793590232735,True,0.35305271141448613,0.9831045406546991,0.35520793590232735,20,0.009503695881731784,0.009503695881731784,1.0,0.35305271141448613,0.02844809740781784,0.03408583998680115,0.2819429778247096,0.0319443253800273,0.12850686167366804,0.0,0.0,/vols/sbn/uboone/an1522/cam_methods/occlusion/B_border+C_weird_lowpix/run3_signal/resnet34_gn/occlusion__ENTRY_2248_meta_8.txt
occlusion,resnet34_gn,/home/hep/an1522/dark_tridents_wspace/outputs/weights/resnet34_gn/resnet34_gn_model_20260123-12_20_AM_epoch_4_batch_id_1961_labels_2_step_9821.pwf,/data/run3_dt_ratio_0.6_ma_0.03_eta_larcv_cropped.root,0.03,6385,1170,0,,16,B_border+C_weird_lowpix,0.9367084503173828,0.06342217326164246,0.0,0.00446319580078125,0.01,0.3948874475391072,0.3948874475391072,True,0.37554426705370103,0.8846153846153846,0.3948874475391072,47,0.010256410256410256,0.010256410256410256,1.0,0.37554426705370103,0.38023805618286133,0.7706460952758789,0.5452991452991452,0.8963215842843055,0.07522690775804222,0.1,0.1,/vols/sbn/uboone/an1522/cam_methods/occlusion/B_border+C_weird_lowpix/run3_signal/resnet34_gn/occlusion__ENTRY_6385_meta_16.txt
occlusion,resnet34_gn,/home/hep/an1522/dark_tridents_wspace/outputs/weights/resnet34_gn/resnet34_gn_model_20260123-12_20_AM_epoch_4_batch_id_1961_labels_2_step_9821.pwf,/data/run3_dt_ratio_0.6_ma_0.03_eta_larcv_cropped.root,0.03,6385,1170,0,,2,B_border+C_weird_lowpix,0.9367084503173828,0.06342217326164246,0.0,0.00446319580078125,0.01,0.4376192293017932,0.4376192293017932,True,0.4338124054462935,0.9803418803418803,0.4376192293017932,51,0.010256410256410256,0.010256410256410256,1.0,0.4338124054462935,0.37416371107101426,0.5467928647994995,0.5017094017094017,0.8981301084160804,0.07396567212417722,0.1,0.1,/vols/sbn/uboone/an1522/cam_methods/occlusion/B_border+C_weird_lowpix/run3_signal/resnet34_gn/occlusion__ENTRY_6385_meta_2.txt
occlusion,resnet34_gn,/home/hep/an1522/dark_tridents_wspace/outputs/weights/resnet34_gn/resnet34_gn_model_20260123-12_20_AM_epoch_4_batch_id_1961_labels_2_step_9821.pwf,/data/run3_dt_ratio_0.6_ma_0.03_eta_larcv_cropped.root,0.03,6385,1170,0,,4,B_border+C_weird_lowpix,0.9367087483406067,0.06342186033725739,0.0,0.00446319580078125,0.01,0.433040824112934,0.433040824112934,True,0.4273343373493976,0.9700854700854701,0.433040824112934,51,0.010256410256410256,0.010256410256410256,1.0,0.4273343373493976,0.3046314001083373,0.528785228729248,0.5196581196581197,0.8983702436089516,0.08714267890900375,0.1,0.1,/vols/sbn/uboone/an1522/cam_methods/occlusion/B_border+C_weird_lowpix/run3_signal/resnet34_gn/occlusion__ENTRY_6385_meta_4.txt
occlusion,resnet34_gn,/home/hep/an1522/dark_tridents_wspace/outputs/weights/resnet34_gn/resnet34_gn_model_20260123-12_20_AM_epoch_4_batch_id_1961_labels_2_step_9821.pwf,/data/run3_dt_ratio_0.6_ma_0.03_eta_larcv_cropped.root,0.03,6385,1170,0,,8,B_border+C_weird_lowpix,0.9367084503173828,0.06342217326164246,0.0,0.00446319580078125,0.01,0.4223578786722625,0.4223578786722625,True,0.4124441132637854,0.9461538461538461,0.4223578786722625,46,0.010256410256410256,0.010256410256410256,1.0,0.4124441132637854,0.23047161102294922,0.6517055034637451,0.5615384615384615,0.8991478279232978,0.0709169817622751,0.1,0.1,/vols/sbn/uboone/an1522/cam_methods/occlusion/B_border+C_weird_lowpix/run3_signal/resnet34_gn/occlusion__ENTRY_6385_meta_8.txt
occlusion,mpid,/home/hep/an1522/dark_tridents_wspace/outputs/weights/DM-CNN_model_20260116-10_22_PM_epoch_4_batch_id_1961_labels_2_title_0.001_AG_GN_LM_TRAINING_step_9821.pwf,/data/run1_NuMI_nu_overlay_larcv_cropped.root,,1427,5654,0,,16,B_border+D_busy,0.49992895126342773,0.5004463791847229,0.0,0.02156829833984375,0.01,1.0,1.0,True,0.4635656172621153,0.4635656172621153,1.0,171,0.010081358330385568,0.010081358330385568,1.0,0.4635656172621153,0.27374910682439885,0.4134160876274109,0.49080297134771844,0.49026285782456397,0.08701290478929877,0.1,0.1,/vols/sbn/uboone/an1522/cam_methods/occlusion/B_border+D_busy/run1_samples/mpid/occlusion__ENTRY_1427__nu_overlay_meta_16.txt
occlusion,mpid,/home/hep/an1522/dark_tridents_wspace/outputs/weights/DM-CNN_model_20260116-10_22_PM_epoch_4_batch_id_1961_labels_2_title_0.001_AG_GN_LM_TRAINING_step_9821.pwf,/data/run1_NuMI_nu_overlay_larcv_cropped.root,,1427,5654,0,,2,B_border+D_busy,0.49992895126342773,0.5004463791847229,0.0,0.02156829833984375,0.01,1.0,1.0,True,0.4635656172621153,0.4635656172621153,1.0,225,0.010081358330385568,0.010081358330385568,1.0,0.4635656172621153,0.07271764606237431,0.4116800129413605,0.6091262822780332,0.47542896345257757,0.06639741770923138,0.1,0.1,/vols/sbn/uboone/an1522/cam_methods/occlusion/B_border+D_busy/run1_samples/mpid/occlusion__ENTRY_1427__nu_overlay_meta_2.txt
occlusion,mpid,/home/hep/an1522/dark_tridents_wspace/outputs/weights/DM-CNN_model_20260116-10_22_PM_epoch_4_batch_id_1961_labels_2_title_0.001_AG_GN_LM_TRAINING_step_9821.pwf,/data/run1_NuMI_nu_overlay_larcv_cropped.root,,1427,5654,0,,4,B_border+D_busy,0.4998590052127838,0.5005157589912415,0.0,0.02156829833984375,0.01,1.0,1.0,True,0.4635656172621153,0.4635656172621153,1.0,194,0.010081358330385568,0.010081358330385568,1.0,0.4635656172621153,0.09650382399559021,0.42368176579475403,0.5848956490979837,0.47300551552325487,0.05699912486597895,0.1,0.1,/vols/sbn/uboone/an1522/cam_methods/occlusion/B_border+D_busy/run1_samples/mpid/occlusion__ENTRY_1427__nu_overlay_meta_4.txt
occlusion,mpid,/home/hep/an1522/dark_tridents_wspace/outputs/weights/DM-CNN_model_20260116-10_22_PM_epoch_4_batch_id_1961_labels_2_title_0.001_AG_GN_LM_TRAINING_step_9821.pwf,/data/run1_NuMI_nu_overlay_larcv_cropped.root,,1427,5654,0,,8,B_border+D_busy,0.49992895126342773,0.5004463791847229,0.0,0.02156829833984375,0.01,1.0,1.0,True,0.4635656172621153,0.4635656172621153,1.0,180,0.010081358330385568,0.010081358330385568,1.0,0.4635656172621153,0.18967359125614247,0.4110640585422516,0.5758754863813229,0.44358227923512455,0.05137227005325258,0.2,0.1,/vols/sbn/uboone/an1522/cam_methods/occlusion/B_border+D_busy/run1_samples/mpid/occlusion__ENTRY_1427__nu_overlay_meta_8.txt
occlusion,mpid,/home/hep/an1522/dark_tridents_wspace/outputs/weights/DM-CNN_model_20260116-10_22_PM_epoch_4_batch_id_1961_labels_2_title_0.001_AG_GN_LM_TRAINING_step_9821.pwf,/data/run1_offbeam_larcv_cropped_full_set.root,,2559,3319,0,,16,B_border+D_busy,0.5035154223442078,0.495039701461792,0.0,0.012660980224609375,0.01,1.0,1.0,True,0.7896956914733353,0.7896956914733353,1.0,91,0.009942753841518529,0.009942753841518529,1.0,0.7896956914733353,0.30799525499343877,0.3818093538284302,0.5119011750527267,0.4753841387107969,0.07574227992445232,0.1,0.1,/vols/sbn/uboone/an1522/cam_methods/occlusion/B_border+D_busy/run1_samples/mpid/occlusion__ENTRY_2559__offbeam_meta_16.txt
occlusion,mpid,/home/hep/an1522/dark_tridents_wspace/outputs/weights/DM-CNN_model_20260116-10_22_PM_epoch_4_batch_id_1961_labels_2_title_0.001_AG_GN_LM_TRAINING_step_9821.pwf,/data/run1_offbeam_larcv_cropped_full_set.root,,2559,3319,0,,2,B_border+D_busy,0.5035548806190491,0.4949997365474701,0.0,0.012660980224609375,0.01,1.0,1.0,True,0.7896956914733353,0.7896956914733353,1.0,102,0.009942753841518529,0.009942753841518529,1.0,0.7896956914733353,0.1744478940963745,0.3500974178314209,0.586019885507683,0.48212305679917333,0.0539557408541441,0.1,0.1,/vols/sbn/uboone/an1522/cam_methods/occlusion/B_border+D_busy/run1_samples/mpid/occlusion__ENTRY_2559__offbeam_meta_2.txt
occlusion,mpid,/home/hep/an1522/dark_tridents_wspace/outputs/weights/DM-CNN_model_20260116-10_22_PM_epoch_4_batch_id_1961_labels_2_title_0.001_AG_GN_LM_TRAINING_step_9821.pwf,/data/run1_offbeam_larcv_cropped_full_set.root,,2559,3319,0,,4,B_border+D_busy,0.5035548806190491,0.4949997365474701,0.0,0.012660980224609375,0.01,1.0,1.0,True,0.7896956914733353,0.7896956914733353,1.0,106,0.009942753841518529,0.009942753841518529,1.0,0.7896956914733353,0.20651804149150868,0.2823902368545532,0.583006929798132,0.48668309822678557,0.04747798354364932,0.1,0.1,/vols/sbn/uboone/an1522/cam_methods/occlusion/B_border+D_busy/run1_samples/mpid/occlusion__ENTRY_2559__offbeam_meta_4.txt
occlusion,mpid,/home/hep/an1522/dark_tridents_wspace/outputs/weights/DM-CNN_model_20260116-10_22_PM_epoch_4_batch_id_1961_labels_2_title_0.001_AG_GN_LM_TRAINING_step_9821.pwf,/data/run1_offbeam_larcv_cropped_full_set.root,,2559,3319,0,,8,B_border+D_busy,0.5035548806190491,0.4949997365474701,0.0,0.012660980224609375,0.01,1.0,1.0,True,0.7896956914733353,0.7896956914733353,1.0,112,0.009942753841518529,0.009942753841518529,1.0,0.7896956914733353,0.2942199039459241,0.3774339556694031,0.5393190720096415,0.49363682642579076,0.04984046133467928,0.1,0.1,/vols/sbn/uboone/an1522/cam_methods/occlusion/B_border+D_busy/run1_samples/mpid/occlusion__ENTRY_2559__offbeam_meta_8.txt
occlusion,mpid,/home/hep/an1522/dark_tridents_wspace/outputs/weights/DM-CNN_model_20260116-10_22_PM_epoch_4_batch_id_1961_labels_2_title_0.001_AG_GN_LM_TRAINING_step_9821.pwf,/data/run1_NuMI_dirt_larcv_cropped.root,,2926,4102,0,,16,B_border+D_busy,0.4977341294288635,0.5065299868583679,0.0,0.01564788818359375,0.01,1.0,1.0,True,0.6389566065333984,0.6389566065333984,1.0,151,0.009995124329595319,0.009995124329595319,1.0,0.6389566065333984,0.27127718925476074,0.3274361193180084,0.42905899561189664,0.4835036970674991,0.12342165922746061,0.1,0.1,/vols/sbn/uboone/an1522/cam_methods/occlusion/B_border+D_busy/run1_samples/mpid/occlusion__ENTRY_2926__dirt_meta_16.txt
occlusion,mpid,/home/hep/an1522/dark_tridents_wspace/outputs/weights/DM-CNN_model_20260116-10_22_PM_epoch_4_batch_id_1961_labels_2_title_0.001_AG_GN_LM_TRAINING_step_9821.pwf,/data/run1_NuMI_dirt_larcv_cropped.root,,2926,4102,0,,2,B_border+D_busy,0.49777352809906006,0.5064907670021057,0.0,0.01564788818359375,0.01,1.0,1.0,True,0.6389566065333984,0.6389566065333984,1.0,174,0.009995124329595319,0.009995124329595319,1.0,0.6389566065333984,0.13214330613613104,0.2973747253417969,0.4497805948317894,0.4785944120958447,0.05321322195231915,0.1,0.1,/vols/sbn/uboone/an1522/cam_methods/occlusion/B_border+D_busy/run1_samples/mpid/occlusion__ENTRY_2926__dirt_meta_2.txt
occlusion,mpid,/home/hep/an1522/dark_tridents_wspace/outputs/weights/DM-CNN_model_20260116-10_22_PM_epoch_4_batch_id_1961_labels_2_title_0.001_AG_GN_LM_TRAINING_step_9821.pwf,/data/run1_NuMI_dirt_larcv_cropped.root,,2926,4102,0,,4,B_border+D_busy,0.4977341294288635,0.5065299868583679,0.0,0.01564788818359375,0.01,1.0,1.0,True,0.6389566065333984,0.6389566065333984,1.0,166,0.009995124329595319,0.009995124329595319,1.0,0.6389566065333984,0.17058268517255773,0.30250686407089233,0.4444173573866407,0.4817234553396702,0.057696296460926534,0.1,0.1,/vols/sbn/uboone/an1522/cam_methods/occlusion/B_border+D_busy/run1_samples/mpid/occlusion__ENTRY_2926__dirt_meta_4.txt
occlusion,mpid,/home/hep/an1522/dark_tridents_wspace/outputs/weights/DM-CNN_model_20260116-10_22_PM_epoch_4_batch_id_1961_labels_2_title_0.001_AG_GN_LM_TRAINING_step_9821.pwf,/data/run1_NuMI_dirt_larcv_cropped.root,,2926,4102,0,,8,B_border+D_busy,0.49777352809906006,0.5064907670021057,0.0,0.01564788818359375,0.01,1.0,1.0,True,0.6389566065333984,0.6389566065333984,1.0,154,0.009995124329595319,0.009995124329595319,1.0,0.6389566065333984,0.22310613989830017,0.3369610607624054,0.43076548025353484,0.46359702814370396,0.0529819536022842,0.1,0.1,/vols/sbn/uboone/an1522/cam_methods/occlusion/B_border+D_busy/run1_samples/mpid/occlusion__ENTRY_2926__dirt_meta_8.txt
occlusion,resnet34_gn,/home/hep/an1522/dark_tridents_wspace/outputs/weights/resnet34_gn/resnet34_gn_model_20260123-12_20_AM_epoch_4_batch_id_1961_labels_2_step_9821.pwf,/data/run1_NuMI_nu_overlay_larcv_cropped.root,,1427,5654,0,,16,B_border+D_busy,0.9576911330223083,0.042356573045253754,0.0,0.02156829833984375,0.01,1.0,1.0,True,0.4635656172621153,0.4635656172621153,1.0,67,0.010081358330385568,0.010081358330385568,1.0,0.4635656172621153,0.07223888099193573,0.10136407613754272,0.6142553944110364,0.9056722655892373,0.07116910857148469,0.1,0.1,/vols/sbn/uboone/an1522/cam_methods/occlusion/B_border+D_busy/run1_samples/resnet34_gn/occlusion__ENTRY_1427__nu_overlay_meta_16.txt
occlusion,resnet34_gn,/home/hep/an1522/dark_tridents_wspace/outputs/weights/resnet34_gn/resnet34_gn_model_20260123-12_20_AM_epoch_4_batch_id_1961_labels_2_step_9821.pwf,/data/run1_NuMI_nu_overlay_larcv_cropped.root,,1427,5654,0,,2,B_border+D_busy,0.9577075242996216,0.04234021157026291,0.0,0.02156829833984375,0.01,1.0,1.0,True,0.4635656172621153,0.4635656172621153,1.0,91,0.010081358330385568,0.010081358330385568,1.0,0.4635656172621153,0.011925517320632935,0.35803669691085815,0.6227449593208348,0.9189999058842658,0.06495539962779731,0.1,0.1,/vols/sbn/uboone/an1522/cam_methods/occlusion/B_border+D_busy/run1_samples/resnet34_gn/occlusion__ENTRY_1427__nu_overlay_meta_2.txt
occlusion,resnet34_gn,/home/hep/an1522/dark_tridents_wspace/outputs/weights/resnet34_gn/resnet34_gn_model_20260123-12_20_AM_epoch_4_batch_id_1961_labels_2_step_9821.pwf,/data/run1_NuMI_nu_overlay_larcv_cropped.root,,1427,5654,0,,4,B_border+D_busy,0.9577075242996216,0.04234021157026291,0.0,0.02156829833984375,0.01,1.0,1.0,True,0.4635656172621153,0.4635656172621153,1.0,86,0.010081358330385568,0.010081358330385568,1.0,0.4635656172621153,0.016136021018028267,0.3182082772254944,0.6160240537672445,0.9183131888508796,0.08008754858747125,0.1,0.1,/vols/sbn/uboone/an1522/cam_methods/occlusion/B_border+D_busy/run1_samples/resnet34_gn/occlusion__ENTRY_1427__nu_overlay_meta_4.txt
occlusion,resnet34_gn,/home/hep/an1522/dark_tridents_wspace/outputs/weights/resnet34_gn/resnet34_gn_model_20260123-12_20_AM_epoch_4_batch_id_1961_labels_2_step_9821.pwf,/data/run1_NuMI_nu_overlay_larcv_cropped.root,,1427,5654,0,,8,B_border+D_busy,0.9577075242996216,0.04234021157026291,0.0,0.02156829833984375,0.01,1.0,1.0,True,0.4635656172621153,0.4635656172621153,1.0,87,0.010081358330385568,0.010081358330385568,1.0,0.4635656172621153,0.023774098753929156,0.24500757455825806,0.6050583657587548,0.9194222465157509,0.08047400871291756,0.1,0.1,/vols/sbn/uboone/an1522/cam_methods/occlusion/B_border+D_busy/run1_samples/resnet34_gn/occlusion__ENTRY_1427__nu_overlay_meta_8.txt
occlusion,resnet34_gn,/home/hep/an1522/dark_tridents_wspace/outputs/weights/resnet34_gn/resnet34_gn_model_20260123-12_20_AM_epoch_4_batch_id_1961_labels_2_step_9821.pwf,/data/run1_offbeam_larcv_cropped_full_set.root,,2559,3319,0,,16,B_border+D_busy,0.09893423318862915,0.9000155925750732,0.0,0.012660980224609375,0.01,1.0,1.0,True,0.7896956914733353,0.7896956914733353,1.0,43,0.009942753841518529,0.009942753841518529,1.0,0.7896956914733353,0.07479473948478699,0.22711440920829773,0.5929496836396505,0.0987293154001236,0.01982476161792874,0.0,0.0,/vols/sbn/uboone/an1522/cam_methods/occlusion/B_border+D_busy/run1_samples/resnet34_gn/occlusion__ENTRY_2559__offbeam_meta_16.txt
occlusion,resnet34_gn,/home/hep/an1522/dark_tridents_wspace/outputs/weights/resnet34_gn/resnet34_gn_model_20260123-12_20_AM_epoch_4_batch_id_1961_labels_2_step_9821.pwf,/data/run1_offbeam_larcv_cropped_full_set.root,,2559,3319,0,,2,B_border+D_busy,0.09893423318862915,0.9000155925750732,0.0,0.012660980224609375,0.01,1.0,1.0,True,0.7896956914733353,0.7896956914733353,1.0,71,0.009942753841518529,0.009942753841518529,1.0,0.7896956914733353,0.053662496805191064,0.07320696115493774,0.4859897559505875,0.10284794270992281,0.0752195338718593,0.0,0.0,/vols/sbn/uboone/an1522/cam_methods/occlusion/B_border+D_busy/run1_samples/resnet34_gn/occlusion__ENTRY_2559__offbeam_meta_2.txt
occlusion,resnet34_gn,/home/hep/an1522/dark_tridents_wspace/outputs/weights/resnet34_gn/resnet34_gn_model_20260123-12_20_AM_epoch_4_batch_id_1961_labels_2_step_9821.pwf,/data/run1_offbeam_larcv_cropped_full_set.root,,2559,3319,0,,4,B_border+D_busy,0.09893423318862915,0.9000155925750732,0.0,0.012660980224609375,0.01,1.0,1.0,True,0.7896956914733353,0.7896956914733353,1.0,84,0.009942753841518529,0.009942753841518529,1.0,0.7896956914733353,0.058170631527900696,0.09149852395057678,0.5498644169930702,0.10307981967926028,0.07518913242965936,0.0,0.0,/vols/sbn/uboone/an1522/cam_methods/occlusion/B_border+D_busy/run1_samples/resnet34_gn/occlusion__ENTRY_2559__offbeam_meta_4.txt
occlusion,resnet34_gn,/home/hep/an1522/dark_tridents_wspace/outputs/weights/resnet34_gn/resnet34_gn_model_20260123-12_20_AM_epoch_4_batch_id_1961_labels_2_step_9821.pwf,/data/run1_offbeam_larcv_cropped_full_set.root,,2559,3319,0,,8,B_border+D_busy,0.09893423318862915,0.9000155925750732,0.0,0.012660980224609375,0.01,1.0,1.0,True,0.7896956914733353,0.7896956914733353,1.0,57,0.009942753841518529,0.009942753841518529,1.0,0.7896956914733353,0.05886903777718544,0.10158024728298187,0.6257909008737571,0.10325647071003916,0.05663104094564914,0.0,0.0,/vols/sbn/uboone/an1522/cam_methods/occlusion/B_border+D_busy/run1_samples/resnet34_gn/occlusion__ENTRY_2559__offbeam_meta_8.txt
occlusion,resnet34_gn,/home/hep/an1522/dark_tridents_wspace/outputs/weights/resnet34_gn/resnet34_gn_model_20260123-12_20_AM_epoch_4_batch_id_1961_labels_2_step_9821.pwf,/data/run1_NuMI_dirt_larcv_cropped.root,,2926,4102,0,,16,B_border+D_busy,0.010911243036389351,0.9889339208602905,0.0,0.01564788818359375,0.01,1.0,1.0,True,0.6389566065333984,0.6389566065333984,1.0,102,0.009995124329595319,0.009995124329595319,1.0,0.6389566065333984,0.03011087689548708,0.05094683915376663,0.5504631886884447,0.022141550946980712,0.019535843189805745,0.0,0.0,/vols/sbn/uboone/an1522/cam_methods/occlusion/B_border+D_busy/run1_samples/resnet34_gn/occlusion__ENTRY_2926__dirt_meta_16.txt
occlusion,resnet34_gn,/home/hep/an1522/dark_tridents_wspace/outputs/weights/resnet34_gn/resnet34_gn_model_20260123-12_20_AM_epoch_4_batch_id_1961_labels_2_step_9821.pwf,/data/run1_NuMI_dirt_larcv_cropped.root,,2926,4102,0,,2,B_border+D_busy,0.010911021381616592,0.9889340996742249,0.0,0.01564788818359375,0.01,1.0,1.0,True,0.6389566065333984,0.6389566065333984,1.0,114,0.009995124329595319,0.009995124329595319,1.0,0.6389566065333984,0.013910389170050618,0.018845554441213608,0.5994636762554851,0.020023564156144858,0.07129759960807859,0.0,0.0,/vols/sbn/uboone/an1522/cam_methods/occlusion/B_border+D_busy/run1_samples/resnet34_gn/occlusion__ENTRY_2926__dirt_meta_2.txt
occlusion,resnet34_gn,/home/hep/an1522/dark_tridents_wspace/outputs/weights/resnet34_gn/resnet34_gn_model_20260123-12_20_AM_epoch_4_batch_id_1961_labels_2_step_9821.pwf,/data/run1_NuMI_dirt_larcv_cropped.root,,2926,4102,0,,4,B_border+D_busy,0.010911243036389351,0.9889339208602905,0.0,0.01564788818359375,0.01,1.0,1.0,True,0.6389566065333984,0.6389566065333984,1.0,105,0.009995124329595319,0.009995124329595319,1.0,0.6389566065333984,0.01873973198235035,0.024440614506602287,0.5780107264748903,0.019940962083637718,0.07333467612043021,0.0,0.0,/vols/sbn/uboone/an1522/cam_methods/occlusion/B_border+D_busy/run1_samples/resnet34_gn/occlusion__ENTRY_2926__dirt_meta_4.txt
occlusion,resnet34_gn,/home/hep/an1522/dark_tridents_wspace/outputs/weights/resnet34_gn/resnet34_gn_model_20260123-12_20_AM_epoch_4_batch_id_1961_labels_2_step_9821.pwf,/data/run1_NuMI_dirt_larcv_cropped.root,,2926,4102,0,,8,B_border+D_busy,0.010911021381616592,0.9889340996742249,0.0,0.01564788818359375,0.01,1.0,1.0,True,0.6389566065333984,0.6389566065333984,1.0,111,0.009995124329595319,0.009995124329595319,1.0,0.6389566065333984,0.024500355124473572,0.045298732817173004,0.5450999512432959,0.019930193945765496,0.019011854333803056,0.0,0.0,/vols/sbn/uboone/an1522/cam_methods/occlusion/B_border+D_busy/run1_samples/resnet34_gn/occlusion__ENTRY_2926__dirt_meta_8.txt
occlusion,mpid,/home/hep/an1522/dark_tridents_wspace/outputs/weights/DM-CNN_model_20260116-10_22_PM_epoch_4_batch_id_1961_labels_2_title_0.001_AG_GN_LM_TRAINING_step_9821.pwf,/data/run1_dt_ratio_0.6_ma_0.02_pi0_larcv_cropped.root,0.02,5067,3547,0,,16,B_border+D_busy,0.5000486373901367,0.49836266040802,0.0,0.013530731201171875,0.01,1.0,1.0,True,0.738934310685086,0.738934310685086,1.0,106,0.00986749365661122,0.00986749365661122,1.0,0.738934310685086,0.2750239372253418,0.3416123390197754,0.5858471948125176,0.5063443260267376,0.08484409879893065,0.1,0.1,/vols/sbn/uboone/an1522/cam_methods/occlusion/B_border+D_busy/run1_signal/mpid/occlusion__ENTRY_5067_meta_16.txt
occlusion,mpid,/home/hep/an1522/dark_tridents_wspace/outputs/weights/DM-CNN_model_20260116-10_22_PM_epoch_4_batch_id_1961_labels_2_title_0.001_AG_GN_LM_TRAINING_step_9821.pwf,/data/run1_dt_ratio_0.6_ma_0.02_pi0_larcv_cropped.root,0.02,5067,3547,0,,2,B_border+D_busy,0.4999539852142334,0.49845701456069946,0.0,0.013530731201171875,0.01,1.0,1.0,True,0.738934310685086,0.738934310685086,1.0,121,0.00986749365661122,0.00986749365661122,1.0,0.738934310685086,0.1876523494720459,0.40683186054229736,0.4990132506343389,0.48869080618023875,0.043290439317934214,0.1,0.1,/vols/sbn/uboone/an1522/cam_methods/occlusion/B_border+D_busy/run1_signal/mpid/occlusion__ENTRY_5067_meta_2.txt
occlusion,mpid,/home/hep/an1522/dark_tridents_wspace/outputs/weights/DM-CNN_model_20260116-10_22_PM_epoch_4_batch_id_1961_labels_2_title_0.001_AG_GN_LM_TRAINING_step_9821.pwf,/data/run1_dt_ratio_0.6_ma_0.02_pi0_larcv_cropped.root,0.02,5067,3547,0,,4,B_border+D_busy,0.4999539852142334,0.49845701456069946,0.0,0.013530731201171875,0.01,1.0,1.0,True,0.738934310685086,0.738934310685086,1.0,122,0.00986749365661122,0.00986749365661122,1.0,0.738934310685086,0.2432690942287444,0.3499128222465515,0.4375528615731604,0.47903992608189583,0.04638780541718006,0.1,0.1,/vols/sbn/uboone/an1522/cam_methods/occlusion/B_border+D_busy/run1_signal/mpid/occlusion__ENTRY_5067_meta_4.txt
occlusion,mpid,/home/hep/an1522/dark_tridents_wspace/outputs/weights/DM-CNN_model_20260116-10_22_PM_epoch_4_batch_id_1961_labels_2_title_0.001_AG_GN_LM_TRAINING_step_9821.pwf,/data/run1_dt_ratio_0.6_ma_0.02_pi0_larcv_cropped.root,0.02,5067,3547,0,,8,B_border+D_busy,0.4999539852142334,0.49845701456069946,0.0,0.013530731201171875,0.01,1.0,1.0,True,0.738934310685086,0.738934310685086,1.0,116,0.00986749365661122,0.00986749365661122,1.0,0.738934310685086,0.22571364045143122,0.3239264488220215,0.5517338595996617,0.5005182512104511,0.11354746595025064,0.1,0.1,/vols/sbn/uboone/an1522/cam_methods/occlusion/B_border+D_busy/run1_signal/mpid/occlusion__ENTRY_5067_meta_8.txt
occlusion,mpid,/home/hep/an1522/dark_tridents_wspace/outputs/weights/DM-CNN_model_20260116-10_22_PM_epoch_4_batch_id_1961_labels_2_title_0.001_AG_GN_LM_TRAINING_step_9821.pwf,/data/run1_dt_ratio_0.6_ma_0.3_eta_larcv_cropped.root,0.3,6094,4744,0,,16,B_border+D_busy,0.4999505281448364,0.499136745929718,0.0,0.018096923828125,0.01,1.0,1.0,True,0.552487352445194,0.552487352445194,1.0,131,0.00990725126475548,0.00990725126475548,1.0,0.552487352445194,0.37147072076797344,0.4689040780067444,0.49156829679595276,0.5268350498750806,0.05655185310170054,0.1,0.1,/vols/sbn/uboone/an1522/cam_methods/occlusion/B_border+D_busy/run1_signal/mpid/occlusion__ENTRY_6094_meta_16.txt
occlusion,mpid,/home/hep/an1522/dark_tridents_wspace/outputs/weights/DM-CNN_model_20260116-10_22_PM_epoch_4_batch_id_1961_labels_2_title_0.001_AG_GN_LM_TRAINING_step_9821.pwf,/data/run1_dt_ratio_0.6_ma_0.3_eta_larcv_cropped.root,0.3,6094,4744,0,,2,B_border+D_busy,0.4999505281448364,0.499136745929718,0.0,0.018096923828125,0.01,1.0,1.0,True,0.552487352445194,0.552487352445194,1.0,193,0.00990725126475548,0.00990725126475548,1.0,0.552487352445194,0.2848573720455158,0.46428409218788147,0.4892495784148398,0.4804013090208173,0.04677892895415425,0.1,0.1,/vols/sbn/uboone/an1522/cam_methods/occlusion/B_border+D_busy/run1_signal/mpid/occlusion__ENTRY_6094_meta_2.txt
occlusion,mpid,/home/hep/an1522/dark_tridents_wspace/outputs/weights/DM-CNN_model_20260116-10_22_PM_epoch_4_batch_id_1961_labels_2_title_0.001_AG_GN_LM_TRAINING_step_9821.pwf,/data/run1_dt_ratio_0.6_ma_0.3_eta_larcv_cropped.root,0.3,6094,4744,0,,4,B_border+D_busy,0.5000285506248474,0.49905940890312195,0.0,0.018096923828125,0.01,1.0,1.0,True,0.552487352445194,0.552487352445194,1.0,174,0.00990725126475548,0.00990725126475548,1.0,0.552487352445194,0.29080864965915587,0.4660080075263977,0.4582630691399663,0.44742910638451583,0.04650941793806851,0.7000000000000001,0.1,/vols/sbn/uboone/an1522/cam_methods/occlusion/B_border+D_busy/run1_signal/mpid/occlusion__ENTRY_6094_meta_4.txt
occlusion,mpid,/home/hep/an1522/dark_tridents_wspace/outputs/weights/DM-CNN_model_20260116-10_22_PM_epoch_4_batch_id_1961_labels_2_title_0.001_AG_GN_LM_TRAINING_step_9821.pwf,/data/run1_dt_ratio_0.6_ma_0.3_eta_larcv_cropped.root,0.3,6094,4744,0,,8,B_border+D_busy,0.4999505281448364,0.499136745929718,0.0,0.018096923828125,0.01,1.0,1.0,True,0.552487352445194,0.552487352445194,1.0,158,0.00990725126475548,0.00990725126475548,1.0,0.552487352445194,0.3481542974710464,0.4499034285545349,0.4441399662731872,0.47103008199483154,0.045503788627684116,0.1,0.1,/vols/sbn/uboone/an1522/cam_methods/occlusion/B_border+D_busy/run1_signal/mpid/occlusion__ENTRY_6094_meta_8.txt
occlusion,resnet34_gn,/home/hep/an1522/dark_tridents_wspace/outputs/weights/resnet34_gn/resnet34_gn_model_20260123-12_20_AM_epoch_4_batch_id_1961_labels_2_step_9821.pwf,/data/run1_dt_ratio_0.6_ma_0.02_pi0_larcv_cropped.root,0.02,5067,3547,0,,16,B_border+D_busy,0.9812608957290649,0.018782926723361015,0.0,0.013530731201171875,0.01,1.0,1.0,True,0.738934310685086,0.738934310685086,1.0,47,0.00986749365661122,0.00986749365661122,1.0,0.738934310685086,0.04801594257354736,0.06820720434188843,0.8001127713560755,0.9373203918337822,0.08540455708280206,0.1,0.1,/vols/sbn/uboone/an1522/cam_methods/occlusion/B_border+D_busy/run1_signal/resnet34_gn/occlusion__ENTRY_5067_meta_16.txt
occlusion,resnet34_gn,/home/hep/an1522/dark_tridents_wspace/outputs/weights/resnet34_gn/resnet34_gn_model_20260123-12_20_AM_epoch_4_batch_id_1961_labels_2_step_9821.pwf,/data/run1_dt_ratio_0.6_ma_0.02_pi0_larcv_cropped.root,0.02,5067,3547,0,,2,B_border+D_busy,0.981261670589447,0.01878209225833416,0.0,0.013530731201171875,0.01,1.0,1.0,True,0.738934310685086,0.738934310685086,1.0,90,0.00986749365661122,0.00986749365661122,1.0,0.738934310685086,0.01020271778106689,0.3416147232055664,0.5976881872004511,0.9416915103793145,0.13547254949808119,0.1,0.1,/vols/sbn/uboone/an1522/cam_methods/occlusion/B_border+D_busy/run1_signal/resnet34_gn/occlusion__ENTRY_5067_meta_2.txt
occlusion,resnet34_gn,/home/hep/an1522/dark_tridents_wspace/outputs/weights/resnet34_gn/resnet34_gn_model_20260123-12_20_AM_epoch_4_batch_id_1961_labels_2_step_9821.pwf,/data/run1_dt_ratio_0.6_ma_0.02_pi0_larcv_cropped.root,0.02,5067,3547,0,,4,B_border+D_busy,0.981261670589447,0.01878209225833416,0.0,0.013530731201171875,0.01,1.0,1.0,True,0.738934310685086,0.738934310685086,1.0,74,0.00986749365661122,0.00986749365661122,1.0,0.738934310685086,0.04285046219825584,0.2459515929222107,0.6577389343106851,0.9414984688162804,0.1547836298123002,0.1,0.1,/vols/sbn/uboone/an1522/cam_methods/occlusion/B_border+D_busy/run1_signal/resnet34_gn/occlusion__ENTRY_5067_meta_4.txt
occlusion,resnet34_gn,/home/hep/an1522/dark_tridents_wspace/outputs/weights/resnet34_gn/resnet34_gn_model_20260123-12_20_AM_epoch_4_batch_id_1961_labels_2_step_9821.pwf,/data/run1_dt_ratio_0.6_ma_0.02_pi0_larcv_cropped.root,0.02,5067,3547,0,,8,B_border+D_busy,0.981261670589447,0.01878209225833416,0.0,0.013530731201171875,0.01,1.0,1.0,True,0.738934310685086,0.738934310685086,1.0,50,0.00986749365661122,0.00986749365661122,1.0,0.738934310685086,0.01631483197212219,0.16137856245040894,0.7659994361432196,0.9412075147032739,0.14494527988135814,0.1,0.1,/vols/sbn/uboone/an1522/cam_methods/occlusion/B_border+D_busy/run1_signal/resnet34_gn/occlusion__ENTRY_5067_meta_8.txt
occlusion,resnet34_gn,/home/hep/an1522/dark_tridents_wspace/outputs/weights/resnet34_gn/resnet34_gn_model_20260123-12_20_AM_epoch_4_batch_id_1961_labels_2_step_9821.pwf,/data/run1_dt_ratio_0.6_ma_0.3_eta_larcv_cropped.root,0.3,6094,4744,0,,16,B_border+D_busy,0.5237607955932617,0.47489526867866516,0.0,0.018096923828125,0.01,1.0,1.0,True,0.552487352445194,0.552487352445194,1.0,70,0.00990725126475548,0.00990725126475548,1.0,0.552487352445194,0.39160049319267254,0.5006473064422607,0.27782462057335583,0.5160553023219109,0.19098323285579683,0.1,0.1,/vols/sbn/uboone/an1522/cam_methods/occlusion/B_border+D_busy/run1_signal/resnet34_gn/occlusion__ENTRY_6094_meta_16.txt
occlusion,resnet34_gn,/home/hep/an1522/dark_tridents_wspace/outputs/weights/resnet34_gn/resnet34_gn_model_20260123-12_20_AM_epoch_4_batch_id_1961_labels_2_step_9821.pwf,/data/run1_dt_ratio_0.6_ma_0.3_eta_larcv_cropped.root,0.3,6094,4744,0,,2,B_border+D_busy,0.5237607955932617,0.47489526867866516,0.0,0.018096923828125,0.01,1.0,1.0,True,0.552487352445194,0.552487352445194,1.0,110,0.00990725126475548,0.00990725126475548,1.0,0.552487352445194,0.15653597712516776,0.4631214141845703,0.456787521079258,0.5036164328455925,0.09655344444327056,0.1,0.1,/vols/sbn/uboone/an1522/cam_methods/occlusion/B_border+D_busy/run1_signal/resnet34_gn/occlusion__ENTRY_6094_meta_2.txt
occlusion,resnet34_gn,/home/hep/an1522/dark_tridents_wspace/outputs/weights/resnet34_gn/resnet34_gn_model_20260123-12_20_AM_epoch_4_batch_id_1961_labels_2_step_9821.pwf,/data/run1_dt_ratio_0.6_ma_0.3_eta_larcv_cropped.root,0.3,6094,4744,0,,4,B_border+D_busy,0.5237833857536316,0.4748726487159729,0.0,0.018096923828125,0.01,1.0,1.0,True,0.552487352445194,0.552487352445194,1.0,87,0.00990725126475548,0.00990725126475548,1.0,0.552487352445194,0.20660027146339321,0.463479220867157,0.400716694772344,0.5073201462626458,0.09636895013973115,0.1,0.1,/vols/sbn/uboone/an1522/cam_methods/occlusion/B_border+D_busy/run1_signal/resnet34_gn/occlusion__ENTRY_6094_meta_4.txt
occlusion,resnet34_gn,/home/hep/an1522/dark_tridents_wspace/outputs/weights/resnet34_gn/resnet34_gn_model_20260123-12_20_AM_epoch_4_batch_id_1961_labels_2_step_9821.pwf,/data/run1_dt_ratio_0.6_ma_0.3_eta_larcv_cropped.root,0.3,6094,4744,0,,8,B_border+D_busy,0.5237607955932617,0.47489526867866516,0.0,0.018096923828125,0.01,1.0,1.0,True,0.552487352445194,0.552487352445194,1.0,91,0.00990725126475548,0.00990725126475548,1.0,0.552487352445194,0.29471147060394287,0.4149419963359833,0.32145868465430016,0.4905475303530693,0.10593552757054567,0.1,0.1,/vols/sbn/uboone/an1522/cam_methods/occlusion/B_border+D_busy/run1_signal/resnet34_gn/occlusion__ENTRY_6094_meta_8.txt
occlusion,mpid,/home/hep/an1522/dark_tridents_wspace/outputs/weights/DM-CNN_model_20260116-10_22_PM_epoch_4_batch_id_1961_labels_2_title_0.001_AG_GN_LM_TRAINING_step_9821.pwf,/data/run3_offbeam_larcv_cropped.root,,11987,5281,0,,16,B_border+D_busy,0.4994147717952728,0.507013201713562,0.0,0.020145416259765625,0.01,1.0,1.0,True,0.496307517515622,0.496307517515622,1.0,167,0.01003597803446317,0.01003597803446317,1.0,0.496307517515622,0.33221789598464957,0.3830849230289459,0.7462601779965915,0.5035890690982342,0.06220536604523659,0.1,0.1,/vols/sbn/uboone/an1522/cam_methods/occlusion/B_border+D_busy/run3_samples/mpid/occlusion__ENTRY_11987__offbeam_meta_16.txt
occlusion,mpid,/home/hep/an1522/dark_tridents_wspace/outputs/weights/DM-CNN_model_20260116-10_22_PM_epoch_4_batch_id_1961_labels_2_title_0.001_AG_GN_LM_TRAINING_step_9821.pwf,/data/run3_offbeam_larcv_cropped.root,,11987,5281,0,,2,B_border+D_busy,0.4994147717952728,0.507013201713562,0.0,0.020145416259765625,0.01,1.0,1.0,True,0.496307517515622,0.496307517515622,1.0,277,0.01003597803446317,0.01003597803446317,1.0,0.496307517515622,0.05767511725425719,0.1150951087474823,0.6218519219844726,0.47753297314047816,0.0627185195684433,0.1,0.1,/vols/sbn/uboone/an1522/cam_methods/occlusion/B_border+D_busy/run3_samples/mpid/occlusion__ENTRY_11987__offbeam_meta_2.txt
occlusion,mpid,/home/hep/an1522/dark_tridents_wspace/outputs/weights/DM-CNN_model_20260116-10_22_PM_epoch_4_batch_id_1961_labels_2_title_0.001_AG_GN_LM_TRAINING_step_9821.pwf,/data/run3_offbeam_larcv_cropped.root,,11987,5281,0,,4,B_border+D_busy,0.4994147717952728,0.507013201713562,0.0,0.020145416259765625,0.01,1.0,1.0,True,0.496307517515622,0.496307517515622,1.0,253,0.01003597803446317,0.01003597803446317,1.0,0.496307517515622,0.0763510107994078,0.14748576283454895,0.6540427949252036,0.47617314681410794,0.06385460998862981,0.1,0.1,/vols/sbn/uboone/an1522/cam_methods/occlusion/B_border+D_busy/run3_samples/mpid/occlusion__ENTRY_11987__offbeam_meta_4.txt
occlusion,mpid,/home/hep/an1522/dark_tridents_wspace/outputs/weights/DM-CNN_model_20260116-10_22_PM_epoch_4_batch_id_1961_labels_2_title_0.001_AG_GN_LM_TRAINING_step_9821.pwf,/data/run3_offbeam_larcv_cropped.root,,11987,5281,0,,8,B_border+D_busy,0.4995421767234802,0.5068866014480591,0.0,0.020145416259765625,0.01,1.0,1.0,True,0.496307517515622,0.496307517515622,1.0,195,0.01003597803446317,0.01003597803446317,1.0,0.496307517515622,0.11538469195365904,0.2066662609577179,0.6822571482673736,0.4853925274685026,0.07358168307691813,0.1,0.1,/vols/sbn/uboone/an1522/cam_methods/occlusion/B_border+D_busy/run3_samples/mpid/occlusion__ENTRY_11987__offbeam_meta_8.txt
occlusion,resnet34_gn,/home/hep/an1522/dark_tridents_wspace/outputs/weights/resnet34_gn/resnet34_gn_model_20260123-12_20_AM_epoch_4_batch_id_1961_labels_2_step_9821.pwf,/data/run3_offbeam_larcv_cropped.root,,11987,5281,0,,16,B_border+D_busy,0.06002744659781456,0.9396942257881165,0.0,0.020145416259765625,0.01,1.0,1.0,True,0.496307517515622,0.496307517515622,1.0,104,0.01003597803446317,0.01003597803446317,1.0,0.496307517515622,0.08707323372364029,0.5340988636016846,0.6436281007384965,0.088479864038527,0.10596836190670728,0.0,0.0,/vols/sbn/uboone/an1522/cam_methods/occlusion/B_border+D_busy/run3_samples/resnet34_gn/occlusion__ENTRY_11987__offbeam_meta_16.txt
occlusion,resnet34_gn,/home/hep/an1522/dark_tridents_wspace/outputs/weights/resnet34_gn/resnet34_gn_model_20260123-12_20_AM_epoch_4_batch_id_1961_labels_2_step_9821.pwf,/data/run3_offbeam_larcv_cropped.root,,11987,5281,0,,2,B_border+D_busy,0.06002744659781456,0.9396942257881165,0.0,0.020145416259765625,0.01,1.0,1.0,True,0.496307517515622,0.496307517515622,1.0,140,0.01003597803446317,0.01003597803446317,1.0,0.496307517515622,0.020429003983736014,0.027692224830389023,0.6152243893202045,0.06533438060432673,0.09225803818553685,0.0,0.0,/vols/sbn/uboone/an1522/cam_methods/occlusion/B_border+D_busy/run3_samples/resnet34_gn/occlusion__ENTRY_11987__offbeam_meta_2.txt
occlusion,resnet34_gn,/home/hep/an1522/dark_tridents_wspace/outputs/weights/resnet34_gn/resnet34_gn_model_20260123-12_20_AM_epoch_4_batch_id_1961_labels_2_step_9821.pwf,/data/run3_offbeam_larcv_cropped.root,,11987,5281,0,,4,B_border+D_busy,0.06002744659781456,0.9396942257881165,0.0,0.020145416259765625,0.01,1.0,1.0,True,0.496307517515622,0.496307517515622,1.0,113,0.01003597803446317,0.01003597803446317,1.0,0.496307517515622,0.02314559742808342,0.03708025813102722,0.5790569967809127,0.06837356928735971,0.11904454436153172,0.0,0.0,/vols/sbn/uboone/an1522/cam_methods/occlusion/B_border+D_busy/run3_samples/resnet34_gn/occlusion__ENTRY_11987__offbeam_meta_4.txt
occlusion,resnet34_gn,/home/hep/an1522/dark_tridents_wspace/outputs/weights/resnet34_gn/resnet34_gn_model_20260123-12_20_AM_epoch_4_batch_id_1961_labels_2_step_9821.pwf,/data/run3_offbeam_larcv_cropped.root,,11987,5281,0,,8,B_border+D_busy,0.06001623719930649,0.939705491065979,0.0,0.020145416259765625,0.01,1.0,1.0,True,0.496307517515622,0.496307517515622,1.0,109,0.01003597803446317,0.01003597803446317,1.0,0.496307517515622,0.03421160429716108,0.12154015153646469,0.5983715205453513,0.06553366482257843,0.09293799437582492,0.0,0.0,/vols/sbn/uboone/an1522/cam_methods/occlusion/B_border+D_busy/run3_samples/resnet34_gn/occlusion__ENTRY_11987__offbeam_meta_8.txt
occlusion,mpid,/home/hep/an1522/dark_tridents_wspace/outputs/weights/DM-CNN_model_20260116-10_22_PM_epoch_4_batch_id_1961_labels_2_title_0.001_AG_GN_LM_TRAINING_step_9821.pwf,/data/run3_dt_ratio_0.6_ma_0.03_eta_larcv_cropped.root,0.03,4254,3066,0,,16,B_border+D_busy,0.5001718401908875,0.50252366065979,0.0,0.01169586181640625,0.01,1.0,1.0,True,0.8548597521200261,0.8548597521200261,1.0,72,0.010110893672537508,0.010110893672537508,1.0,0.8548597521200261,0.2990572452545166,0.3445618152618408,0.3496412263535551,0.5044590221717954,0.13715592604130508,0.1,0.1,/vols/sbn/uboone/an1522/cam_methods/occlusion/B_border+D_busy/run3_signal/mpid/occlusion__ENTRY_4254_meta_16.txt
occlusion,mpid,/home/hep/an1522/dark_tridents_wspace/outputs/weights/DM-CNN_model_20260116-10_22_PM_epoch_4_batch_id_1961_labels_2_title_0.001_AG_GN_LM_TRAINING_step_9821.pwf,/data/run3_dt_ratio_0.6_ma_0.03_eta_larcv_cropped.root,0.03,4254,3066,0,,2,B_border+D_busy,0.5000566244125366,0.5026382207870483,0.0,0.01169586181640625,0.01,1.0,1.0,True,0.8548597521200261,0.8548597521200261,1.0,91,0.010110893672537508,0.010110893672537508,1.0,0.8548597521200261,0.16318535506725293,0.36038854718208313,0.3793215916503588,0.480270404368639,0.09297148808836937,0.1,0.1,/vols/sbn/uboone/an1522/cam_methods/occlusion/B_border+D_busy/run3_signal/mpid/occlusion__ENTRY_4254_meta_2.txt
occlusion,mpid,/home/hep/an1522/dark_tridents_wspace/outputs/weights/DM-CNN_model_20260116-10_22_PM_epoch_4_batch_id_1961_labels_2_title_0.001_AG_GN_LM_TRAINING_step_9821.pwf,/data/run3_dt_ratio_0.6_ma_0.03_eta_larcv_cropped.root,0.03,4254,3066,0,,4,B_border+D_busy,0.5000566244125366,0.5026382207870483,0.0,0.01169586181640625,0.01,1.0,1.0,True,0.8548597521200261,0.8548597521200261,1.0,84,0.010110893672537508,0.010110893672537508,1.0,0.8548597521200261,0.21190410852432215,0.34274548292160034,0.32713633398564906,0.4823412485420704,0.2586156062781811,0.1,0.7000000000000001,/vols/sbn/uboone/an1522/cam_methods/occlusion/B_border+D_busy/run3_signal/mpid/occlusion__ENTRY_4254_meta_4.txt
occlusion,mpid,/home/hep/an1522/dark_tridents_wspace/outputs/weights/DM-CNN_model_20260116-10_22_PM_epoch_4_batch_id_1961_labels_2_title_0.001_AG_GN_LM_TRAINING_step_9821.pwf,/data/run3_dt_ratio_0.6_ma_0.03_eta_larcv_cropped.root,0.03,4254,3066,0,,8,B_border+D_busy,0.5000566244125366,0.5026382207870483,0.0,0.01169586181640625,0.01,1.0,1.0,True,0.8548597521200261,0.8548597521200261,1.0,85,0.010110893672537508,0.010110893672537508,1.0,0.8548597521200261,0.254362028837204,0.34412914514541626,0.2883235485975212,0.4802212305366993,0.05063727963715792,0.1,0.1,/vols/sbn/uboone/an1522/cam_methods/occlusion/B_border+D_busy/run3_signal/mpid/occlusion__ENTRY_4254_meta_8.txt
occlusion,resnet34_gn,/home/hep/an1522/dark_tridents_wspace/outputs/weights/resnet34_gn/resnet34_gn_model_20260123-12_20_AM_epoch_4_batch_id_1961_labels_2_step_9821.pwf,/data/run3_dt_ratio_0.6_ma_0.03_eta_larcv_cropped.root,0.03,4254,3066,0,,16,B_border+D_busy,0.991496205329895,0.008524278178811073,0.0,0.01169586181640625,0.01,1.0,1.0,True,0.8548597521200261,0.8548597521200261,1.0,63,0.010110893672537508,0.010110893672537508,1.0,0.8548597521200261,0.07497369349002815,0.23890089988708496,0.7798434442270059,0.95105911642313,0.4277635082602501,0.1,0.1,/vols/sbn/uboone/an1522/cam_methods/occlusion/B_border+D_busy/run3_signal/resnet34_gn/occlusion__ENTRY_4254_meta_16.txt
occlusion,resnet34_gn,/home/hep/an1522/dark_tridents_wspace/outputs/weights/resnet34_gn/resnet34_gn_model_20260123-12_20_AM_epoch_4_batch_id_1961_labels_2_step_9821.pwf,/data/run3_dt_ratio_0.6_ma_0.03_eta_larcv_cropped.root,0.03,4254,3066,0,,2,B_border+D_busy,0.9914954900741577,0.008524926379323006,0.0,0.01169586181640625,0.01,1.0,1.0,True,0.8548597521200261,0.8548597521200261,1.0,82,0.010110893672537508,0.010110893672537508,1.0,0.8548597521200261,0.01461403369903556,0.15933352708816528,0.6105675146771037,0.9514988467097283,0.20461300313472747,0.1,0.1,/vols/sbn/uboone/an1522/cam_methods/occlusion/B_border+D_busy/run3_signal/resnet34_gn/occlusion__ENTRY_4254_meta_2.txt
occlusion,resnet34_gn,/home/hep/an1522/dark_tridents_wspace/outputs/weights/resnet34_gn/resnet34_gn_model_20260123-12_20_AM_epoch_4_batch_id_1961_labels_2_step_9821.pwf,/data/run3_dt_ratio_0.6_ma_0.03_eta_larcv_cropped.root,0.03,4254,3066,0,,4,B_border+D_busy,0.9914954900741577,0.008524926379323006,0.0,0.01169586181640625,0.01,1.0,1.0,True,0.8548597521200261,0.8548597521200261,1.0,93,0.010110893672537508,0.010110893672537508,1.0,0.8548597521200261,0.025666415691375732,0.18747645616531372,0.6862361382909328,0.9514399871230126,0.18472352847456935,0.1,0.1,/vols/sbn/uboone/an1522/cam_methods/occlusion/B_border+D_busy/run3_signal/resnet34_gn/occlusion__ENTRY_4254_meta_4.txt
occlusion,resnet34_gn,/home/hep/an1522/dark_tridents_wspace/outputs/weights/resnet34_gn/resnet34_gn_model_20260123-12_20_AM_epoch_4_batch_id_1961_labels_2_step_9821.pwf,/data/run3_dt_ratio_0.6_ma_0.03_eta_larcv_cropped.root,0.03,4254,3066,0,,8,B_border+D_busy,0.9914954900741577,0.008524926379323006,0.0,0.01169586181640625,0.01,1.0,1.0,True,0.8548597521200261,0.8548597521200261,1.0,71,0.010110893672537508,0.010110893672537508,1.0,0.8548597521200261,0.04395151138305664,0.17841434478759766,0.7318982387475538,0.951275096833706,0.1647759720683098,0.1,0.1,/vols/sbn/uboone/an1522/cam_methods/occlusion/B_border+D_busy/run3_signal/resnet34_gn/occlusion__ENTRY_4254_meta_8.txt
occlusion,mpid,/home/hep/an1522/dark_tridents_wspace/outputs/weights/DM-CNN_model_20260116-10_22_PM_epoch_4_batch_id_1961_labels_2_title_0.001_AG_GN_LM_TRAINING_step_9821.pwf,/data/run1_NuMI_dirt_larcv_cropped.root,,1945,2241,0,,16,D_busy,0.00034133356530219316,0.9996433258056641,0.0,0.008548736572265625,0.01,0.7626859977107974,0.7619229301793209,True,0.6982186517638841,0.8920124944221329,0.7626859977107974,64,0.009817045961624275,0.009817045961624275,1.0,0.6970331588132636,0.0016606388380751014,0.002127783838659525,0.2289156626506024,0.0027497264498379083,0.042536392254987725,0.0,0.0,/vols/sbn/uboone/an1522/cam_methods/occlusion/D_busy/run1_samples/mpid/occlusion__ENTRY_1945__dirt_meta_16.txt
occlusion,mpid,/home/hep/an1522/dark_tridents_wspace/outputs/weights/DM-CNN_model_20260116-10_22_PM_epoch_4_batch_id_1961_labels_2_title_0.001_AG_GN_LM_TRAINING_step_9821.pwf,/data/run1_NuMI_dirt_larcv_cropped.root,,1945,2241,0,,2,D_busy,0.00034124101512134075,0.9996434450149536,0.0,0.008548736572265625,0.01,0.8409004196871424,0.8401373521556658,True,0.8291948833709556,0.9834895136099956,0.8409004196871424,79,0.009817045961624275,0.009817045961624275,1.0,0.8278195488721805,0.00019042723579332232,0.0006288260337896645,0.4493529674252566,0.002760998869780451,0.005060068843886255,0.0,0.0,/vols/sbn/uboone/an1522/cam_methods/occlusion/D_busy/run1_samples/mpid/occlusion__ENTRY_1945__dirt_meta_2.txt
occlusion,mpid,/home/hep/an1522/dark_tridents_wspace/outputs/weights/DM-CNN_model_20260116-10_22_PM_epoch_4_batch_id_1961_labels_2_title_0.001_AG_GN_LM_TRAINING_step_9821.pwf,/data/run1_NuMI_dirt_larcv_cropped.root,,1945,2241,0,,4,D_busy,0.00034133356530219316,0.9996433258056641,0.0,0.008548736572265625,0.01,0.8279282716520412,0.8267836703548264,True,0.8060921248142645,0.9683177153056671,0.8279282716520412,65,0.009817045961624275,0.009817045961624275,1.0,0.8040816326530612,0.00021646381355822086,0.000527327589225024,0.4020526550647033,0.0027623668283922598,0.005366759101161733,0.0,0.0,/vols/sbn/uboone/an1522/cam_methods/occlusion/D_busy/run1_samples/mpid/occlusion__ENTRY_1945__dirt_meta_4.txt
occlusion,mpid,/home/hep/an1522/dark_tridents_wspace/outputs/weights/DM-CNN_model_20260116-10_22_PM_epoch_4_batch_id_1961_labels_2_title_0.001_AG_GN_LM_TRAINING_step_9821.pwf,/data/run1_NuMI_dirt_larcv_cropped.root,,1945,2241,0,,8,D_busy,0.00034124101512134075,0.9996434450149536,0.0,0.008548736572265625,0.01,0.8042731781762686,0.8023655093475772,True,0.7654320987654321,0.9406514948683623,0.8042731781762686,71,0.009817045961624275,0.009817045961624275,1.0,0.7622326930047119,0.0005039662821218345,0.002545255469158292,0.29763498438197233,0.0027482101810164753,0.009064984030555933,0.0,0.0,/vols/sbn/uboone/an1522/cam_methods/occlusion/D_busy/run1_samples/mpid/occlusion__ENTRY_1945__dirt_meta_8.txt
occlusion,mpid,/home/hep/an1522/dark_tridents_wspace/outputs/weights/DM-CNN_model_20260116-10_22_PM_epoch_4_batch_id_1961_labels_2_title_0.001_AG_GN_LM_TRAINING_step_9821.pwf,/data/run1_NuMI_dirt_larcv_cropped.root,,2002,4042,0,,16,D_busy,0.0004319344589021057,0.9995645880699158,0.0,0.01541900634765625,0.01,1.0,1.0,True,0.6484413656605641,0.6484413656605641,1.0,151,0.009896091044037604,0.009896091044037604,1.0,0.6484413656605641,0.001113607459701598,0.0026302828919142485,0.39930727362691737,0.002891557970724534,0.009834858686372173,0.0,0.0,/vols/sbn/uboone/an1522/cam_methods/occlusion/D_busy/run1_samples/mpid/occlusion__ENTRY_2002__dirt_meta_16.txt
occlusion,mpid,/home/hep/an1522/dark_tridents_wspace/outputs/weights/DM-CNN_model_20260116-10_22_PM_epoch_4_batch_id_1961_labels_2_title_0.001_AG_GN_LM_TRAINING_step_9821.pwf,/data/run1_NuMI_dirt_larcv_cropped.root,,2002,4042,0,,2,D_busy,0.00043189185089431703,0.9995647072792053,0.0,0.01541900634765625,0.01,1.0,1.0,True,0.6484413656605641,0.6484413656605641,1.0,211,0.009896091044037604,0.009896091044037604,1.0,0.6484413656605641,0.00015084805898368364,0.00045710321865044534,0.3881741712023751,0.002848959520633798,0.05054067561140982,0.0,0.0,/vols/sbn/uboone/an1522/cam_methods/occlusion/D_busy/run1_samples/mpid/occlusion__ENTRY_2002__dirt_meta_2.txt
occlusion,mpid,/home/hep/an1522/dark_tridents_wspace/outputs/weights/DM-CNN_model_20260116-10_22_PM_epoch_4_batch_id_1961_labels_2_title_0.001_AG_GN_LM_TRAINING_step_9821.pwf,/data/run1_NuMI_dirt_larcv_cropped.root,,2002,4042,0,,4,D_busy,0.0004319344589021057,0.9995645880699158,0.0,0.01541900634765625,0.01,1.0,1.0,True,0.6484413656605641,0.6484413656605641,1.0,208,0.009896091044037604,0.009896091044037604,1.0,0.6484413656605641,0.00024131244805175825,0.00045685653458349407,0.35551707075705097,0.002841152540349867,0.021937009044631847,0.0,0.0,/vols/sbn/uboone/an1522/cam_methods/occlusion/D_busy/run1_samples/mpid/occlusion__ENTRY_2002__dirt_meta_4.txt
occlusion,mpid,/home/hep/an1522/dark_tridents_wspace/outputs/weights/DM-CNN_model_20260116-10_22_PM_epoch_4_batch_id_1961_labels_2_title_0.001_AG_GN_LM_TRAINING_step_9821.pwf,/data/run1_NuMI_dirt_larcv_cropped.root,,2002,4042,0,,8,D_busy,0.00043189185089431703,0.9995647072792053,0.0,0.01541900634765625,0.01,1.0,1.0,True,0.6484413656605641,0.6484413656605641,1.0,197,0.009896091044037604,0.009896091044037604,1.0,0.6484413656605641,0.0004953635146375754,0.0011010528542101383,0.3812469074715487,0.002861324981495273,0.012530509864154736,0.0,0.0,/vols/sbn/uboone/an1522/cam_methods/occlusion/D_busy/run1_samples/mpid/occlusion__ENTRY_2002__dirt_meta_8.txt
occlusion,mpid,/home/hep/an1522/dark_tridents_wspace/outputs/weights/DM-CNN_model_20260116-10_22_PM_epoch_4_batch_id_1961_labels_2_title_0.001_AG_GN_LM_TRAINING_step_9821.pwf,/data/run1_NuMI_dirt_larcv_cropped.root,,247,2500,0,,16,D_busy,0.0003871519584208727,0.9996045231819153,0.0,0.0095367431640625,0.01,0.866081648225868,0.8649370469286531,True,0.796211855489302,0.908,0.866081648225868,25,0.01,0.01,1.0,0.7943237561317449,0.0031916010193526745,0.0031916010193526745,0.406,0.0027580072550335904,0.01631429312983528,0.0,0.0,/vols/sbn/uboone/an1522/cam_methods/occlusion/D_busy/run1_samples/mpid/occlusion__ENTRY_247__dirt_meta_16.txt
occlusion,mpid,/home/hep/an1522/dark_tridents_wspace/outputs/weights/DM-CNN_model_20260116-10_22_PM_epoch_4_batch_id_1961_labels_2_title_0.001_AG_GN_LM_TRAINING_step_9821.pwf,/data/run1_NuMI_dirt_larcv_cropped.root,,247,2500,0,,2,D_busy,0.0003871829540003091,0.9996045231819153,0.0,0.0095367431640625,0.01,0.9496375429225486,0.947348340328119,True,0.9456686930091185,0.9956,0.9496375429225486,26,0.01,0.01,1.0,0.941243366186505,0.00015441596216987752,0.001121027977205813,0.4512,0.0028096317328163427,0.015156139993632675,0.0,0.0,/vols/sbn/uboone/an1522/cam_methods/occlusion/D_busy/run1_samples/mpid/occlusion__ENTRY_247__dirt_meta_2.txt
occlusion,mpid,/home/hep/an1522/dark_tridents_wspace/outputs/weights/DM-CNN_model_20260116-10_22_PM_epoch_4_batch_id_1961_labels_2_title_0.001_AG_GN_LM_TRAINING_step_9821.pwf,/data/run1_NuMI_dirt_larcv_cropped.root,,247,2500,0,,4,D_busy,0.0003871519584208727,0.9996045231819153,0.0,0.0095367431640625,0.01,0.9412438000763067,0.9397176650133536,True,0.9295403165033911,0.9868,0.9412438000763067,34,0.01,0.01,1.0,0.9266365688487584,0.00019214715575799346,0.0018896856345236301,0.486,0.002787776337936521,0.016433234943542627,0.0,0.0,/vols/sbn/uboone/an1522/cam_methods/occlusion/D_busy/run1_samples/mpid/occlusion__ENTRY_247__dirt_meta_4.txt
occlusion,mpid,/home/hep/an1522/dark_tridents_wspace/outputs/weights/DM-CNN_model_20260116-10_22_PM_epoch_4_batch_id_1961_labels_2_title_0.001_AG_GN_LM_TRAINING_step_9821.pwf,/data/run1_NuMI_dirt_larcv_cropped.root,,247,2500,0,,8,D_busy,0.0003871829540003091,0.9996045231819153,0.0,0.0095367431640625,0.01,0.9164441053033193,0.9164441053033193,True,0.8834130194924604,0.9608,0.9164441053033193,29,0.01,0.01,1.0,0.8834130194924604,0.0021468892227858305,0.004017881583422422,0.4856,0.0027627343530184584,0.01639880647562677,0.0,0.0,/vols/sbn/uboone/an1522/cam_methods/occlusion/D_busy/run1_samples/mpid/occlusion__ENTRY_247__dirt_meta_8.txt
occlusion,mpid,/home/hep/an1522/dark_tridents_wspace/outputs/weights/DM-CNN_model_20260116-10_22_PM_epoch_4_batch_id_1961_labels_2_title_0.001_AG_GN_LM_TRAINING_step_9821.pwf,/data/run1_offbeam_larcv_cropped_full_set.root,,2850,2694,0,,16,D_busy,0.00046243600081652403,0.9995365142822266,0.0,0.01027679443359375,0.01,0.9816863792445631,0.9816863792445631,True,0.9383661560904449,0.9550853749072011,0.9816863792445631,93,0.01002227171492205,0.01002227171492205,1.0,0.9383661560904449,0.0003224947315175088,0.00046574673615396023,0.5018559762435041,0.00283960709348321,0.00856282049207948,0.0,0.0,/vols/sbn/uboone/an1522/cam_methods/occlusion/D_busy/run1_samples/mpid/occlusion__ENTRY_2850__offbeam_meta_16.txt
occlusion,mpid,/home/hep/an1522/dark_tridents_wspace/outputs/weights/DM-CNN_model_20260116-10_22_PM_epoch_4_batch_id_1961_labels_2_title_0.001_AG_GN_LM_TRAINING_step_9821.pwf,/data/run1_offbeam_larcv_cropped_full_set.root,,2850,2694,0,,2,D_busy,0.0004625597211997956,0.999536395072937,0.0,0.01027679443359375,0.01,1.0,1.0,True,0.9729027468448403,0.9729027468448403,1.0,88,0.01002227171492205,0.01002227171492205,1.0,0.9729027468448403,0.00024516366596799436,0.0010416883742436767,0.5567928730512249,0.0028788907176931396,0.003750140416377689,0.0,0.0,/vols/sbn/uboone/an1522/cam_methods/occlusion/D_busy/run1_samples/mpid/occlusion__ENTRY_2850__offbeam_meta_2.txt
occlusion,mpid,/home/hep/an1522/dark_tridents_wspace/outputs/weights/DM-CNN_model_20260116-10_22_PM_epoch_4_batch_id_1961_labels_2_title_0.001_AG_GN_LM_TRAINING_step_9821.pwf,/data/run1_offbeam_larcv_cropped_full_set.root,,2850,2694,0,,4,D_busy,0.0004625597211997956,0.999536395072937,0.0,0.01027679443359375,0.01,1.0,1.0,True,0.9729027468448403,0.9729027468448403,1.0,97,0.01002227171492205,0.01002227171492205,1.0,0.9729027468448403,0.0002643617335706949,0.0003245633852202445,0.5449146250927989,0.0028854291784227823,0.01008026882627746,0.0,0.0,/vols/sbn/uboone/an1522/cam_methods/occlusion/D_busy/run1_samples/mpid/occlusion__ENTRY_2850__offbeam_meta_4.txt
occlusion,mpid,/home/hep/an1522/dark_tridents_wspace/outputs/weights/DM-CNN_model_20260116-10_22_PM_epoch_4_batch_id_1961_labels_2_title_0.001_AG_GN_LM_TRAINING_step_9821.pwf,/data/run1_offbeam_larcv_cropped_full_set.root,,2850,2694,0,,8,D_busy,0.0004625597211997956,0.999536395072937,0.0,0.01027679443359375,0.01,1.0,0.9992369324685234,True,0.9729027468448403,0.9729027468448403,1.0,89,0.01002227171492205,0.01002227171492205,1.0,0.9714391691394659,0.0002764805976767093,0.0003245633852202445,0.5070527097253155,0.002874477535078768,0.016699704514758197,0.0,0.0,/vols/sbn/uboone/an1522/cam_methods/occlusion/D_busy/run1_samples/mpid/occlusion__ENTRY_2850__offbeam_meta_8.txt
occlusion,mpid,/home/hep/an1522/dark_tridents_wspace/outputs/weights/DM-CNN_model_20260116-10_22_PM_epoch_4_batch_id_1961_labels_2_title_0.001_AG_GN_LM_TRAINING_step_9821.pwf,/data/run1_offbeam_larcv_cropped_full_set.root,,3072,2774,0,,16,D_busy,0.00021365580323617905,0.9997783303260803,0.0,0.01058197021484375,0.01,1.0,1.0,True,0.944844989185292,0.944844989185292,1.0,89,0.010093727469358327,0.010093727469358327,1.0,0.944844989185292,0.00045204013236798307,0.0007579022785648704,0.43727469358327326,0.002684732844500104,0.04042028762269183,0.0,0.0,/vols/sbn/uboone/an1522/cam_methods/occlusion/D_busy/run1_samples/mpid/occlusion__ENTRY_3072__offbeam_meta_16.txt
occlusion,mpid,/home/hep/an1522/dark_tridents_wspace/outputs/weights/DM-CNN_model_20260116-10_22_PM_epoch_4_batch_id_1961_labels_2_title_0.001_AG_GN_LM_TRAINING_step_9821.pwf,/data/run1_offbeam_larcv_cropped_full_set.root,,3072,2774,0,,2,D_busy,0.00021370592003222555,0.9997783303260803,0.0,0.01058197021484375,0.01,1.0,1.0,True,0.944844989185292,0.944844989185292,1.0,99,0.010093727469358327,0.010093727469358327,1.0,0.944844989185292,0.000161525222356431,0.00046198401832953095,0.5706560922855083,0.0026400865775940475,0.02245525042453664,0.0,0.0,/vols/sbn/uboone/an1522/cam_methods/occlusion/D_busy/run1_samples/mpid/occlusion__ENTRY_3072__offbeam_meta_2.txt
occlusion,mpid,/home/hep/an1522/dark_tridents_wspace/outputs/weights/DM-CNN_model_20260116-10_22_PM_epoch_4_batch_id_1961_labels_2_title_0.001_AG_GN_LM_TRAINING_step_9821.pwf,/data/run1_offbeam_larcv_cropped_full_set.root,,3072,2774,0,,4,D_busy,0.00021365580323617905,0.9997783303260803,0.0,0.01058197021484375,0.01,1.0,1.0,True,0.944844989185292,0.944844989185292,1.0,110,0.010093727469358327,0.010093727469358327,1.0,0.944844989185292,0.0002017302467720583,0.0007819587481208146,0.5432588320115357,0.002639724699110957,0.036068497559608656,0.0,0.0,/vols/sbn/uboone/an1522/cam_methods/occlusion/D_busy/run1_samples/mpid/occlusion__ENTRY_3072__offbeam_meta_4.txt
occlusion,mpid,/home/hep/an1522/dark_tridents_wspace/outputs/weights/DM-CNN_model_20260116-10_22_PM_epoch_4_batch_id_1961_labels_2_title_0.001_AG_GN_LM_TRAINING_step_9821.pwf,/data/run1_offbeam_larcv_cropped_full_set.root,,3072,2774,0,,8,D_busy,0.00021370592003222555,0.9997783303260803,0.0,0.01058197021484375,0.01,1.0,1.0,True,0.944844989185292,0.944844989185292,1.0,102,0.010093727469358327,0.010093727469358327,1.0,0.944844989185292,0.0003528771654237062,0.0008055554935708642,0.5187454938716655,0.002645781875617104,0.05880853277558345,0.0,0.0,/vols/sbn/uboone/an1522/cam_methods/occlusion/D_busy/run1_samples/mpid/occlusion__ENTRY_3072__offbeam_meta_8.txt
occlusion,mpid,/home/hep/an1522/dark_tridents_wspace/outputs/weights/DM-CNN_model_20260116-10_22_PM_epoch_4_batch_id_1961_labels_2_title_0.001_AG_GN_LM_TRAINING_step_9821.pwf,/data/run1_NuMI_nu_overlay_larcv_cropped.root,,3397,5478,0,,16,D_busy,4.745094702229835e-05,0.9999510049819946,0.0,0.02089691162109375,0.01,1.0,1.0,True,0.4784592917123038,0.4784592917123038,1.0,166,0.010040160642570281,0.010040160642570281,1.0,0.4784592917123038,0.00018541701007052314,0.0004968533175997436,0.3928441036874772,0.002478439473816252,0.262720275207721,0.0,0.0,/vols/sbn/uboone/an1522/cam_methods/occlusion/D_busy/run1_samples/mpid/occlusion__ENTRY_3397__nu_overlay_meta_16.txt
occlusion,mpid,/home/hep/an1522/dark_tridents_wspace/outputs/weights/DM-CNN_model_20260116-10_22_PM_epoch_4_batch_id_1961_labels_2_title_0.001_AG_GN_LM_TRAINING_step_9821.pwf,/data/run1_NuMI_nu_overlay_larcv_cropped.root,,3397,5478,0,,2,D_busy,4.7450765123357996e-05,0.9999510049819946,0.0,0.02089691162109375,0.01,1.0,1.0,True,0.4784592917123038,0.4784592917123038,1.0,215,0.010040160642570281,0.010040160642570281,1.0,0.4784592917123038,1.3943684498372007e-05,5.071414852864109e-05,0.47718145308506754,0.0024857363367118525,0.047494832140910145,0.0,0.0,/vols/sbn/uboone/an1522/cam_methods/occlusion/D_busy/run1_samples/mpid/occlusion__ENTRY_3397__nu_overlay_meta_2.txt
occlusion,mpid,/home/hep/an1522/dark_tridents_wspace/outputs/weights/DM-CNN_model_20260116-10_22_PM_epoch_4_batch_id_1961_labels_2_title_0.001_AG_GN_LM_TRAINING_step_9821.pwf,/data/run1_NuMI_nu_overlay_larcv_cropped.root,,3397,5478,0,,4,D_busy,4.745094702229835e-05,0.9999510049819946,0.0,0.02089691162109375,0.01,1.0,1.0,True,0.4784592917123038,0.4784592917123038,1.0,184,0.010040160642570281,0.010040160642570281,1.0,0.4784592917123038,1.9647629924293107e-05,6.566559022758156e-05,0.48576122672508215,0.0024841075997755983,0.03402462201502203,0.0,0.0,/vols/sbn/uboone/an1522/cam_methods/occlusion/D_busy/run1_samples/mpid/occlusion__ENTRY_3397__nu_overlay_meta_4.txt
occlusion,mpid,/home/hep/an1522/dark_tridents_wspace/outputs/weights/DM-CNN_model_20260116-10_22_PM_epoch_4_batch_id_1961_labels_2_title_0.001_AG_GN_LM_TRAINING_step_9821.pwf,/data/run1_NuMI_nu_overlay_larcv_cropped.root,,3397,5478,0,,8,D_busy,4.7450765123357996e-05,0.9999510049819946,0.0,0.02089691162109375,0.01,1.0,1.0,True,0.4784592917123038,0.4784592917123038,1.0,170,0.010040160642570281,0.010040160642570281,1.0,0.4784592917123038,4.3394852400524505e-05,0.000290870841126889,0.48229280759401244,0.002482262881494535,0.1076481395341034,0.0,0.0,/vols/sbn/uboone/an1522/cam_methods/occlusion/D_busy/run1_samples/mpid/occlusion__ENTRY_3397__nu_overlay_meta_8.txt
occlusion,mpid,/home/hep/an1522/dark_tridents_wspace/outputs/weights/DM-CNN_model_20260116-10_22_PM_epoch_4_batch_id_1961_labels_2_title_0.001_AG_GN_LM_TRAINING_step_9821.pwf,/data/run1_offbeam_larcv_cropped_full_set.root,,3775,3581,0,,16,D_busy,0.00012067253555869684,0.9998764991760254,0.0,0.013660430908203125,0.01,1.0,1.0,True,0.7319184585311366,0.7319184585311366,1.0,116,0.01005305780508238,0.01005305780508238,1.0,0.7319184585311366,0.00030633938731625604,0.0005934544606134295,0.4772409941357163,0.0025498391372821066,0.03811261910705071,0.0,0.0,/vols/sbn/uboone/an1522/cam_methods/occlusion/D_busy/run1_samples/mpid/occlusion__ENTRY_3775__offbeam_meta_16.txt
occlusion,mpid,/home/hep/an1522/dark_tridents_wspace/outputs/weights/DM-CNN_model_20260116-10_22_PM_epoch_4_batch_id_1961_labels_2_title_0.001_AG_GN_LM_TRAINING_step_9821.pwf,/data/run1_offbeam_larcv_cropped_full_set.root,,3775,3581,0,,2,D_busy,0.00012067253555869684,0.9998764991760254,0.0,0.013660430908203125,0.01,1.0,1.0,True,0.7319184585311366,0.7319184585311366,1.0,121,0.01005305780508238,0.01005305780508238,1.0,0.7319184585311366,5.0423695938661695e-05,0.0004792646213900298,0.5202457414130132,0.0025565083513356514,0.006941216026825713,0.0,0.0,/vols/sbn/uboone/an1522/cam_methods/occlusion/D_busy/run1_samples/mpid/occlusion__ENTRY_3775__offbeam_meta_2.txt
occlusion,mpid,/home/hep/an1522/dark_tridents_wspace/outputs/weights/DM-CNN_model_20260116-10_22_PM_epoch_4_batch_id_1961_labels_2_title_0.001_AG_GN_LM_TRAINING_step_9821.pwf,/data/run1_offbeam_larcv_cropped_full_set.root,,3775,3581,0,,4,D_busy,0.00012065724149579182,0.9998764991760254,0.0,0.013660430908203125,0.01,1.0,1.0,True,0.7319184585311366,0.7319184585311366,1.0,116,0.01005305780508238,0.01005305780508238,1.0,0.7319184585311366,8.919013926060801e-05,0.00047918836935423315,0.5199664898073164,0.002560156256731716,0.010077852789618192,0.0,0.0,/vols/sbn/uboone/an1522/cam_methods/occlusion/D_busy/run1_samples/mpid/occlusion__ENTRY_3775__offbeam_meta_4.txt
occlusion,mpid,/home/hep/an1522/dark_tridents_wspace/outputs/weights/DM-CNN_model_20260116-10_22_PM_epoch_4_batch_id_1961_labels_2_title_0.001_AG_GN_LM_TRAINING_step_9821.pwf,/data/run1_offbeam_larcv_cropped_full_set.root,,3775,3581,0,,8,D_busy,0.00012067253555869684,0.9998764991760254,0.0,0.013660430908203125,0.01,1.0,1.0,True,0.7319184585311366,0.7319184585311366,1.0,94,0.01005305780508238,0.01005305780508238,1.0,0.7319184585311366,0.00010337444400647639,0.0004792646213900298,0.5113096900307177,0.0025690374091936977,0.011046574318243074,0.0,0.0,/vols/sbn/uboone/an1522/cam_methods/occlusion/D_busy/run1_samples/mpid/occlusion__ENTRY_3775__offbeam_meta_8.txt
occlusion,mpid,/home/hep/an1522/dark_tridents_wspace/outputs/weights/DM-CNN_model_20260116-10_22_PM_epoch_4_batch_id_1961_labels_2_title_0.001_AG_GN_LM_TRAINING_step_9821.pwf,/data/run1_NuMI_nu_overlay_larcv_cropped.root,,4142,2662,0,,16,D_busy,7.536992779932916e-05,0.9999208450317383,0.0,0.01015472412109375,0.01,0.9820679130103014,0.9805417779473483,True,0.9501661129568106,0.9669421487603306,0.9820679130103014,56,0.0101427498121713,0.0101427498121713,1.0,0.9472908219683007,0.0013408130360767225,0.0025626597926020622,0.20473328324567994,0.002502391273810645,0.02726516834663926,0.0,0.0,/vols/sbn/uboone/an1522/cam_methods/occlusion/D_busy/run1_samples/mpid/occlusion__ENTRY_4142__nu_overlay_meta_16.txt
occlusion,mpid,/home/hep/an1522/dark_tridents_wspace/outputs/weights/DM-CNN_model_20260116-10_22_PM_epoch_4_batch_id_1961_labels_2_title_0.001_AG_GN_LM_TRAINING_step_9821.pwf,/data/run1_NuMI_nu_overlay_larcv_cropped.root,,4142,2662,0,,2,D_busy,7.536992779932916e-05,0.9999208450317383,0.0,0.01015472412109375,0.01,1.0,0.9896985883250667,True,0.9845980465815176,0.9845980465815176,1.0,55,0.0101427498121713,0.0101427498121713,1.0,0.9646708813685385,3.850957305985489e-05,0.0003017510171048343,0.5277986476333584,0.002511604849132709,0.18032169415819227,0.0,0.0,/vols/sbn/uboone/an1522/cam_methods/occlusion/D_busy/run1_samples/mpid/occlusion__ENTRY_4142__nu_overlay_meta_2.txt
occlusion,mpid,/home/hep/an1522/dark_tridents_wspace/outputs/weights/DM-CNN_model_20260116-10_22_PM_epoch_4_batch_id_1961_labels_2_title_0.001_AG_GN_LM_TRAINING_step_9821.pwf,/data/run1_NuMI_nu_overlay_larcv_cropped.root,,4142,2662,0,,4,D_busy,7.537173223681748e-05,0.9999208450317383,0.0,0.01015472412109375,0.01,1.0,0.9931323922167111,True,0.9845980465815176,0.9845980465815176,1.0,55,0.0101427498121713,0.0101427498121713,1.0,0.9712686567164179,0.00012956188118550856,0.0022427213843911886,0.49211119459053343,0.0025134732728474773,0.0229013129035593,0.0,0.0,/vols/sbn/uboone/an1522/cam_methods/occlusion/D_busy/run1_samples/mpid/occlusion__ENTRY_4142__nu_overlay_meta_4.txt
occlusion,mpid,/home/hep/an1522/dark_tridents_wspace/outputs/weights/DM-CNN_model_20260116-10_22_PM_epoch_4_batch_id_1961_labels_2_title_0.001_AG_GN_LM_TRAINING_step_9821.pwf,/data/run1_NuMI_nu_overlay_larcv_cropped.root,,4142,2662,0,,8,D_busy,7.536992779932916e-05,0.9999208450317383,0.0,0.01015472412109375,0.01,0.9961846623426173,0.9896985883250667,True,0.9771706586826348,0.9808414725770098,0.9961846623426173,55,0.0101427498121713,0.0101427498121713,1.0,0.9646708813685385,0.0009216659935191273,0.0024091312661767006,0.39368895567242673,0.0025125731335720047,0.04700091703998623,0.0,0.0,/vols/sbn/uboone/an1522/cam_methods/occlusion/D_busy/run1_samples/mpid/occlusion__ENTRY_4142__nu_overlay_meta_8.txt
occlusion,mpid,/home/hep/an1522/dark_tridents_wspace/outputs/weights/DM-CNN_model_20260116-10_22_PM_epoch_4_batch_id_1961_labels_2_title_0.001_AG_GN_LM_TRAINING_step_9821.pwf,/data/run1_NuMI_nu_overlay_larcv_cropped.root,,6850,4513,0,,16,D_busy,0.00010243886208627373,0.999895453453064,0.0,0.017215728759765625,0.01,1.0,1.0,True,0.5807666740527365,0.5807666740527365,1.0,166,0.009971194327498338,0.009971194327498338,1.0,0.5807666740527365,0.00013941715063992924,0.00048449408495798707,0.5235984932417461,0.002540020309970714,0.035252936784672784,0.0,0.0,/vols/sbn/uboone/an1522/cam_methods/occlusion/D_busy/run1_samples/mpid/occlusion__ENTRY_6850__nu_overlay_meta_16.txt
occlusion,mpid,/home/hep/an1522/dark_tridents_wspace/outputs/weights/DM-CNN_model_20260116-10_22_PM_epoch_4_batch_id_1961_labels_2_title_0.001_AG_GN_LM_TRAINING_step_9821.pwf,/data/run1_NuMI_nu_overlay_larcv_cropped.root,,6850,4513,0,,2,D_busy,0.00010241552809020504,0.999895453453064,0.0,0.017215728759765625,0.01,1.0,1.0,True,0.5807666740527365,0.5807666740527365,1.0,266,0.009971194327498338,0.009971194327498338,1.0,0.5807666740527365,2.177475835196674e-05,5.977279943181202e-05,0.526035896299579,0.0025377508532983487,0.025746950872053274,0.0,0.0,/vols/sbn/uboone/an1522/cam_methods/occlusion/D_busy/run1_samples/mpid/occlusion__ENTRY_6850__nu_overlay_meta_2.txt
occlusion,mpid,/home/hep/an1522/dark_tridents_wspace/outputs/weights/DM-CNN_model_20260116-10_22_PM_epoch_4_batch_id_1961_labels_2_title_0.001_AG_GN_LM_TRAINING_step_9821.pwf,/data/run1_NuMI_nu_overlay_larcv_cropped.root,,6850,4513,0,,4,D_busy,0.00010243886208627373,0.999895453453064,0.0,0.017215728759765625,0.01,1.0,1.0,True,0.5807666740527365,0.5807666740527365,1.0,245,0.009971194327498338,0.009971194327498338,1.0,0.5807666740527365,2.745145931839943e-05,0.00013389358355198056,0.5756702858409041,0.0025390410177351446,0.49262604885225303,0.0,0.0,/vols/sbn/uboone/an1522/cam_methods/occlusion/D_busy/run1_samples/mpid/occlusion__ENTRY_6850__nu_overlay_meta_4.txt
occlusion,mpid,/home/hep/an1522/dark_tridents_wspace/outputs/weights/DM-CNN_model_20260116-10_22_PM_epoch_4_batch_id_1961_labels_2_title_0.001_AG_GN_LM_TRAINING_step_9821.pwf,/data/run1_NuMI_nu_overlay_larcv_cropped.root,,6850,4513,0,,8,D_busy,0.00010241552809020504,0.999895453453064,0.0,0.017215728759765625,0.01,1.0,1.0,True,0.5807666740527365,0.5807666740527365,1.0,207,0.009971194327498338,0.009971194327498338,1.0,0.5807666740527365,5.7142283476423477e-05,0.00015723289106972516,0.561932195878573,0.0025384863805811625,0.3651319235486881,0.0,0.0,/vols/sbn/uboone/an1522/cam_methods/occlusion/D_busy/run1_samples/mpid/occlusion__ENTRY_6850__nu_overlay_meta_8.txt
occlusion,mpid,/home/hep/an1522/dark_tridents_wspace/outputs/weights/DM-CNN_model_20260116-10_22_PM_epoch_4_batch_id_1961_labels_2_title_0.001_AG_GN_LM_TRAINING_step_9821.pwf,/data/run1_NuMI_dirt_larcv_cropped.root,,705,4916,0,,16,D_busy,0.0003215793694835156,0.9996738433837891,0.0,0.0187530517578125,0.01,1.0,1.0,True,0.5331570382424735,0.5331570382424735,1.0,291,0.009967453213995118,0.009967453213995118,1.0,0.5331570382424735,0.0010258966940455152,0.0016579406801611185,0.3580146460537022,0.0027877938657184134,0.01168205066205701,0.0,0.0,/vols/sbn/uboone/an1522/cam_methods/occlusion/D_busy/run1_samples/mpid/occlusion__ENTRY_705__dirt_meta_16.txt
occlusion,mpid,/home/hep/an1522/dark_tridents_wspace/outputs/weights/DM-CNN_model_20260116-10_22_PM_epoch_4_batch_id_1961_labels_2_title_0.001_AG_GN_LM_TRAINING_step_9821.pwf,/data/run1_NuMI_dirt_larcv_cropped.root,,705,4916,0,,2,D_busy,0.00032165696029551327,0.9996737241744995,0.0,0.0187530517578125,0.01,1.0,1.0,True,0.5331570382424735,0.5331570382424735,1.0,235,0.009967453213995118,0.009967453213995118,1.0,0.5331570382424735,0.00021664772066287696,0.0003995379956904799,0.3525223759153784,0.002745359861000907,0.044957364375295586,0.0,0.0,/vols/sbn/uboone/an1522/cam_methods/occlusion/D_busy/run1_samples/mpid/occlusion__ENTRY_705__dirt_meta_2.txt
occlusion,mpid,/home/hep/an1522/dark_tridents_wspace/outputs/weights/DM-CNN_model_20260116-10_22_PM_epoch_4_batch_id_1961_labels_2_title_0.001_AG_GN_LM_TRAINING_step_9821.pwf,/data/run1_NuMI_dirt_larcv_cropped.root,,705,4916,0,,4,D_busy,0.0003215793694835156,0.9996738433837891,0.0,0.0187530517578125,0.01,1.0,1.0,True,0.5331570382424735,0.5331570382424735,1.0,203,0.009967453213995118,0.009967453213995118,1.0,0.5331570382424735,0.00029812546563334763,0.0005584871396422386,0.3899511798209927,0.002741864703421015,0.05577628431929043,0.0,0.0,/vols/sbn/uboone/an1522/cam_methods/occlusion/D_busy/run1_samples/mpid/occlusion__ENTRY_705__dirt_meta_4.txt
occlusion,mpid,/home/hep/an1522/dark_tridents_wspace/outputs/weights/DM-CNN_model_20260116-10_22_PM_epoch_4_batch_id_1961_labels_2_title_0.001_AG_GN_LM_TRAINING_step_9821.pwf,/data/run1_NuMI_dirt_larcv_cropped.root,,705,4916,0,,8,D_busy,0.00032165696029551327,0.9996737241744995,0.0,0.0187530517578125,0.01,1.0,1.0,True,0.5331570382424735,0.5331570382424735,1.0,200,0.009967453213995118,0.009967453213995118,1.0,0.5331570382424735,0.0003383714647497982,0.0008952068164944649,0.40052888527257935,0.0027534334149095234,0.0078003786285989925,0.0,0.0,/vols/sbn/uboone/an1522/cam_methods/occlusion/D_busy/run1_samples/mpid/occlusion__ENTRY_705__dirt_meta_8.txt
occlusion,mpid,/home/hep/an1522/dark_tridents_wspace/outputs/weights/DM-CNN_model_20260116-10_22_PM_epoch_4_batch_id_1961_labels_2_title_0.001_AG_GN_LM_TRAINING_step_9821.pwf,/data/run1_NuMI_nu_overlay_larcv_cropped.root,,7988,2650,0,,16,D_busy,4.440962948137894e-05,0.999954104423523,0.0,0.01010894775390625,0.01,0.9721480351011065,0.9626096909576497,True,0.9357326478149101,0.9615094339622642,0.9721480351011065,98,0.009811320754716982,0.009811320754716982,1.0,0.9181222707423581,0.0001088101817003908,0.0005928237806074321,0.24377358490566037,0.0024836713058903116,0.021402567274708417,0.0,0.0,/vols/sbn/uboone/an1522/cam_methods/occlusion/D_busy/run1_samples/mpid/occlusion__ENTRY_7988__nu_overlay_meta_16.txt
occlusion,mpid,/home/hep/an1522/dark_tridents_wspace/outputs/weights/DM-CNN_model_20260116-10_22_PM_epoch_4_batch_id_1961_labels_2_title_0.001_AG_GN_LM_TRAINING_step_9821.pwf,/data/run1_NuMI_nu_overlay_larcv_cropped.root,,7988,2650,0,,2,D_busy,4.440649354364723e-05,0.999954104423523,0.0,0.01010894775390625,0.01,1.0,0.9790156428843952,True,0.989056603773585,0.989056603773585,1.0,89,0.009811320754716982,0.009811320754716982,1.0,0.9486136783733826,2.5767277620616365e-05,0.00013041116471868008,0.4320754716981132,0.0024832830524246672,0.022072284720343303,0.0,0.0,/vols/sbn/uboone/an1522/cam_methods/occlusion/D_busy/run1_samples/mpid/occlusion__ENTRY_7988__nu_overlay_meta_2.txt
occlusion,mpid,/home/hep/an1522/dark_tridents_wspace/outputs/weights/DM-CNN_model_20260116-10_22_PM_epoch_4_batch_id_1961_labels_2_title_0.001_AG_GN_LM_TRAINING_step_9821.pwf,/data/run1_NuMI_nu_overlay_larcv_cropped.root,,7988,2650,0,,4,D_busy,4.440962948137894e-05,0.999954104423523,0.0,0.01010894775390625,0.01,1.0,0.9881724532621137,True,0.989056603773585,0.989056603773585,1.0,87,0.009811320754716982,0.009811320754716982,1.0,0.9660574412532638,3.226883563911542e-05,0.00010512433800613508,0.3460377358490566,0.00248236668012396,0.026989750027496484,0.0,0.0,/vols/sbn/uboone/an1522/cam_methods/occlusion/D_busy/run1_samples/mpid/occlusion__ENTRY_7988__nu_overlay_meta_4.txt
occlusion,mpid,/home/hep/an1522/dark_tridents_wspace/outputs/weights/DM-CNN_model_20260116-10_22_PM_epoch_4_batch_id_1961_labels_2_title_0.001_AG_GN_LM_TRAINING_step_9821.pwf,/data/run1_NuMI_nu_overlay_larcv_cropped.root,,7988,2650,0,,8,D_busy,4.440649354364723e-05,0.999954104423523,0.0,0.01010894775390625,0.01,0.9904616558565433,0.9805417779473483,True,0.9704672897196261,0.979622641509434,0.9904616558565433,89,0.009811320754716982,0.009811320754716982,1.0,0.9514994446501296,4.6769331602263205e-05,0.00011041015386581421,0.3713207547169811,0.0024827653825923333,0.2214444308126986,0.0,0.0,/vols/sbn/uboone/an1522/cam_methods/occlusion/D_busy/run1_samples/mpid/occlusion__ENTRY_7988__nu_overlay_meta_8.txt
occlusion,resnet34_gn,/home/hep/an1522/dark_tridents_wspace/outputs/weights/resnet34_gn/resnet34_gn_model_20260123-12_20_AM_epoch_4_batch_id_1961_labels_2_step_9821.pwf,/data/run1_NuMI_dirt_larcv_cropped.root,,1945,2241,0,,16,D_busy,0.001368060358799994,0.9986096620559692,0.0,0.008548736572265625,0.01,0.7626859977107974,0.7626859977107974,True,0.6982186517638841,0.8920124944221329,0.7626859977107974,64,0.009817045961624275,0.009817045961624275,1.0,0.6982186517638841,0.0007542594103142619,0.0017963211284950376,0.6666666666666666,0.010823600942967459,0.01798435066011734,0.0,0.0,/vols/sbn/uboone/an1522/cam_methods/occlusion/D_busy/run1_samples/resnet34_gn/occlusion__ENTRY_1945__dirt_meta_16.txt
occlusion,resnet34_gn,/home/hep/an1522/dark_tridents_wspace/outputs/weights/resnet34_gn/resnet34_gn_model_20260123-12_20_AM_epoch_4_batch_id_1961_labels_2_step_9821.pwf,/data/run1_NuMI_dirt_larcv_cropped.root,,1945,2241,0,,2,D_busy,0.001368039520457387,0.9986096620559692,0.0,0.008548736572265625,0.01,0.8409004196871424,0.8409004196871424,True,0.8291948833709556,0.9834895136099956,0.8409004196871424,68,0.009817045961624275,0.009817045961624275,1.0,0.8291948833709556,0.00015718669164925802,0.00020986224990338087,0.8331102186523873,0.010908123990520836,0.016726234008092433,0.0,0.0,/vols/sbn/uboone/an1522/cam_methods/occlusion/D_busy/run1_samples/resnet34_gn/occlusion__ENTRY_1945__dirt_meta_2.txt
occlusion,resnet34_gn,/home/hep/an1522/dark_tridents_wspace/outputs/weights/resnet34_gn/resnet34_gn_model_20260123-12_20_AM_epoch_4_batch_id_1961_labels_2_step_9821.pwf,/data/run1_NuMI_dirt_larcv_cropped.root,,1945,2241,0,,4,D_busy,0.001368039520457387,0.9986096620559692,0.0,0.008548736572265625,0.01,0.8279282716520412,0.827546737886303,True,0.8060921248142645,0.9683177153056671,0.8279282716520412,65,0.009817045961624275,0.009817045961624275,1.0,0.805421463052358,0.00023426124826073644,0.0002722707577049732,0.7925033467202142,0.010836937674321234,0.016544900846201926,0.0,0.0,/vols/sbn/uboone/an1522/cam_methods/occlusion/D_busy/run1_samples/resnet34_gn/occlusion__ENTRY_1945__dirt_meta_4.txt
occlusion,resnet34_gn,/home/hep/an1522/dark_tridents_wspace/outputs/weights/resnet34_gn/resnet34_gn_model_20260123-12_20_AM_epoch_4_batch_id_1961_labels_2_step_9821.pwf,/data/run1_NuMI_dirt_larcv_cropped.root,,1945,2241,0,,8,D_busy,0.001368039520457387,0.9986096620559692,0.0,0.008548736572265625,0.01,0.8042731781762686,0.803510110644792,True,0.7654320987654321,0.9406514948683623,0.8042731781762686,73,0.009817045961624275,0.009817045961624275,1.0,0.7641509433962265,0.0003318386850878596,0.00042834982741624117,0.7367246764837126,0.01085144327953458,0.016599167289678005,0.0,0.0,/vols/sbn/uboone/an1522/cam_methods/occlusion/D_busy/run1_samples/resnet34_gn/occlusion__ENTRY_1945__dirt_meta_8.txt
occlusion,resnet34_gn,/home/hep/an1522/dark_tridents_wspace/outputs/weights/resnet34_gn/resnet34_gn_model_20260123-12_20_AM_epoch_4_batch_id_1961_labels_2_step_9821.pwf,/data/run1_NuMI_dirt_larcv_cropped.root,,2002,4042,0,,16,D_busy,0.003961126320064068,0.9959750771522522,0.0,0.01541900634765625,0.01,1.0,1.0,True,0.6484413656605641,0.6484413656605641,1.0,109,0.009896091044037604,0.009896091044037604,1.0,0.6484413656605641,0.0012627667747437954,0.0014122817665338516,0.5987135081642752,0.013279771804809572,0.015548003651201724,0.0,0.0,/vols/sbn/uboone/an1522/cam_methods/occlusion/D_busy/run1_samples/resnet34_gn/occlusion__ENTRY_2002__dirt_meta_16.txt
occlusion,resnet34_gn,/home/hep/an1522/dark_tridents_wspace/outputs/weights/resnet34_gn/resnet34_gn_model_20260123-12_20_AM_epoch_4_batch_id_1961_labels_2_step_9821.pwf,/data/run1_NuMI_dirt_larcv_cropped.root,,2002,4042,0,,2,D_busy,0.003961596637964249,0.995974600315094,0.0,0.01541900634765625,0.01,1.0,1.0,True,0.6484413656605641,0.6484413656605641,1.0,144,0.009896091044037604,0.009896091044037604,1.0,0.6484413656605641,0.0003561200574040413,0.0019476762972772121,0.6494309747649678,0.013306185044348239,0.02400531945750117,0.0,0.0,/vols/sbn/uboone/an1522/cam_methods/occlusion/D_busy/run1_samples/resnet34_gn/occlusion__ENTRY_2002__dirt_meta_2.txt
occlusion,resnet34_gn,/home/hep/an1522/dark_tridents_wspace/outputs/weights/resnet34_gn/resnet34_gn_model_20260123-12_20_AM_epoch_4_batch_id_1961_labels_2_step_9821.pwf,/data/run1_NuMI_dirt_larcv_cropped.root,,2002,4042,0,,4,D_busy,0.003961126320064068,0.9959750771522522,0.0,0.01541900634765625,0.01,1.0,1.0,True,0.6484413656605641,0.6484413656605641,1.0,137,0.009896091044037604,0.009896091044037604,1.0,0.6484413656605641,0.0007273925002664328,0.0013874517753720284,0.6202375061850569,0.01325638392008841,0.16895189797505739,0.0,0.0,/vols/sbn/uboone/an1522/cam_methods/occlusion/D_busy/run1_samples/resnet34_gn/occlusion__ENTRY_2002__dirt_meta_4.txt
occlusion,resnet34_gn,/home/hep/an1522/dark_tridents_wspace/outputs/weights/resnet34_gn/resnet34_gn_model_20260123-12_20_AM_epoch_4_batch_id_1961_labels_2_step_9821.pwf,/data/run1_NuMI_dirt_larcv_cropped.root,,2002,4042,0,,8,D_busy,0.003961596637964249,0.995974600315094,0.0,0.01541900634765625,0.01,1.0,1.0,True,0.6484413656605641,0.6484413656605641,1.0,129,0.009896091044037604,0.009896091044037604,1.0,0.6484413656605641,0.0012504374189302371,0.001415738370269537,0.6041563582384958,0.013201908580958845,0.018362213391810656,0.0,0.0,/vols/sbn/uboone/an1522/cam_methods/occlusion/D_busy/run1_samples/resnet34_gn/occlusion__ENTRY_2002__dirt_meta_8.txt
occlusion,resnet34_gn,/home/hep/an1522/dark_tridents_wspace/outputs/weights/resnet34_gn/resnet34_gn_model_20260123-12_20_AM_epoch_4_batch_id_1961_labels_2_step_9821.pwf,/data/run1_NuMI_dirt_larcv_cropped.root,,247,2500,0,,16,D_busy,0.007025393657386303,0.9929152727127075,0.0,0.0095367431640625,0.01,0.866081648225868,0.866081648225868,True,0.796211855489302,0.908,0.866081648225868,25,0.01,0.01,1.0,0.796211855489302,0.0012832417013123576,0.004671252332627773,0.7112,0.015508757345378398,0.016541430493816733,0.0,0.0,/vols/sbn/uboone/an1522/cam_methods/occlusion/D_busy/run1_samples/resnet34_gn/occlusion__ENTRY_247__dirt_meta_16.txt
occlusion,resnet34_gn,/home/hep/an1522/dark_tridents_wspace/outputs/weights/resnet34_gn/resnet34_gn_model_20260123-12_20_AM_epoch_4_batch_id_1961_labels_2_step_9821.pwf,/data/run1_NuMI_dirt_larcv_cropped.root,,247,2500,0,,2,D_busy,0.0070262192748487,0.9929144382476807,0.0,0.0095367431640625,0.01,0.9496375429225486,0.9492560091568104,True,0.9456686930091185,0.9956,0.9496375429225486,26,0.01,0.01,1.0,0.9449297379415116,0.0007367851212620735,0.0009779972024261951,0.856,0.01586450731847435,0.0172708022641018,0.0,0.0,/vols/sbn/uboone/an1522/cam_methods/occlusion/D_busy/run1_samples/resnet34_gn/occlusion__ENTRY_247__dirt_meta_2.txt
occlusion,resnet34_gn,/home/hep/an1522/dark_tridents_wspace/outputs/weights/resnet34_gn/resnet34_gn_model_20260123-12_20_AM_epoch_4_batch_id_1961_labels_2_step_9821.pwf,/data/run1_NuMI_dirt_larcv_cropped.root,,247,2500,0,,4,D_busy,0.007025393657386303,0.9929152727127075,0.0,0.0095367431640625,0.01,0.9412438000763067,0.940099198779092,True,0.9295403165033911,0.9868,0.9412438000763067,31,0.01,0.01,1.0,0.9273616861121565,0.0008899997919797897,0.0011159409768879414,0.8312,0.015400238800793888,0.11674334346316756,0.0,0.0,/vols/sbn/uboone/an1522/cam_methods/occlusion/D_busy/run1_samples/resnet34_gn/occlusion__ENTRY_247__dirt_meta_4.txt
occlusion,resnet34_gn,/home/hep/an1522/dark_tridents_wspace/outputs/weights/resnet34_gn/resnet34_gn_model_20260123-12_20_AM_epoch_4_batch_id_1961_labels_2_step_9821.pwf,/data/run1_NuMI_dirt_larcv_cropped.root,,247,2500,0,,8,D_busy,0.0070262192748487,0.9929144382476807,0.0,0.0095367431640625,0.01,0.9164441053033193,0.9164441053033193,True,0.8834130194924604,0.9608,0.9164441053033193,29,0.01,0.01,1.0,0.8834130194924604,0.001122716348618269,0.0019525489769876003,0.7948,0.015160190057940783,0.01741744840983301,0.0,0.0,/vols/sbn/uboone/an1522/cam_methods/occlusion/D_busy/run1_samples/resnet34_gn/occlusion__ENTRY_247__dirt_meta_8.txt
occlusion,resnet34_gn,/home/hep/an1522/dark_tridents_wspace/outputs/weights/resnet34_gn/resnet34_gn_model_20260123-12_20_AM_epoch_4_batch_id_1961_labels_2_step_9821.pwf,/data/run1_offbeam_larcv_cropped_full_set.root,,2850,2694,0,,16,D_busy,0.002299983287230134,0.997671902179718,0.0,0.01027679443359375,0.01,0.9816863792445631,0.9805417779473483,True,0.9383661560904449,0.9550853749072011,0.9816863792445631,94,0.01002227171492205,0.01002227171492205,1.0,0.936247723132969,0.000495941611006856,0.0007879436016082764,0.3040089086859688,0.011633164796512576,0.014979629323352124,0.0,0.0,/vols/sbn/uboone/an1522/cam_methods/occlusion/D_busy/run1_samples/resnet34_gn/occlusion__ENTRY_2850__offbeam_meta_16.txt
occlusion,resnet34_gn,/home/hep/an1522/dark_tridents_wspace/outputs/weights/resnet34_gn/resnet34_gn_model_20260123-12_20_AM_epoch_4_batch_id_1961_labels_2_step_9821.pwf,/data/run1_offbeam_larcv_cropped_full_set.root,,2850,2694,0,,2,D_busy,0.002299983287230134,0.997671902179718,0.0,0.01027679443359375,0.01,1.0,1.0,True,0.9729027468448403,0.9729027468448403,1.0,89,0.01002227171492205,0.01002227171492205,1.0,0.9729027468448403,0.0003329259343445301,0.0005949772894382477,0.48960653303637713,0.011851665622089058,0.01725462443428114,0.0,0.0,/vols/sbn/uboone/an1522/cam_methods/occlusion/D_busy/run1_samples/resnet34_gn/occlusion__ENTRY_2850__offbeam_meta_2.txt
occlusion,resnet34_gn,/home/hep/an1522/dark_tridents_wspace/outputs/weights/resnet34_gn/resnet34_gn_model_20260123-12_20_AM_epoch_4_batch_id_1961_labels_2_step_9821.pwf,/data/run1_offbeam_larcv_cropped_full_set.root,,2850,2694,0,,4,D_busy,0.002299983287230134,0.997671902179718,0.0,0.01027679443359375,0.01,1.0,1.0,True,0.9729027468448403,0.9729027468448403,1.0,92,0.01002227171492205,0.01002227171492205,1.0,0.9729027468448403,0.0003329259343445301,0.0005697421729564667,0.4354120267260579,0.01178328556707129,0.01726492989109829,0.0,0.0,/vols/sbn/uboone/an1522/cam_methods/occlusion/D_busy/run1_samples/resnet34_gn/occlusion__ENTRY_2850__offbeam_meta_4.txt
occlusion,resnet34_gn,/home/hep/an1522/dark_tridents_wspace/outputs/weights/resnet34_gn/resnet34_gn_model_20260123-12_20_AM_epoch_4_batch_id_1961_labels_2_step_9821.pwf,/data/run1_offbeam_larcv_cropped_full_set.root,,2850,2694,0,,8,D_busy,0.002299983287230134,0.997671902179718,0.0,0.01027679443359375,0.01,1.0,1.0,True,0.9729027468448403,0.9729027468448403,1.0,89,0.01002227171492205,0.01002227171492205,1.0,0.9729027468448403,0.0002362640155479353,0.000495941611006856,0.3463251670378619,0.011753249226603658,0.015882799320388583,0.0,0.0,/vols/sbn/uboone/an1522/cam_methods/occlusion/D_busy/run1_samples/resnet34_gn/occlusion__ENTRY_2850__offbeam_meta_8.txt
occlusion,resnet34_gn,/home/hep/an1522/dark_tridents_wspace/outputs/weights/resnet34_gn/resnet34_gn_model_20260123-12_20_AM_epoch_4_batch_id_1961_labels_2_step_9821.pwf,/data/run1_offbeam_larcv_cropped_full_set.root,,3072,2774,0,,16,D_busy,0.004452494904398918,0.9954890608787537,0.0,0.01058197021484375,0.01,1.0,1.0,True,0.944844989185292,0.944844989185292,1.0,90,0.010093727469358327,0.010093727469358327,1.0,0.944844989185292,0.0008667403482832014,0.0012283469550311565,0.6622206200432589,0.013841888913884761,0.033124329894781104,0.0,0.0,/vols/sbn/uboone/an1522/cam_methods/occlusion/D_busy/run1_samples/resnet34_gn/occlusion__ENTRY_3072__offbeam_meta_16.txt
occlusion,resnet34_gn,/home/hep/an1522/dark_tridents_wspace/outputs/weights/resnet34_gn/resnet34_gn_model_20260123-12_20_AM_epoch_4_batch_id_1961_labels_2_step_9821.pwf,/data/run1_offbeam_larcv_cropped_full_set.root,,3072,2774,0,,2,D_busy,0.004452253691852093,0.9954892992973328,0.0,0.01058197021484375,0.01,1.0,1.0,True,0.944844989185292,0.944844989185292,1.0,107,0.010093727469358327,0.010093727469358327,1.0,0.944844989185292,0.00029928218107670544,0.0007419958710670471,0.7130497476568133,0.013843032391741871,0.07079768478870391,0.0,0.0,/vols/sbn/uboone/an1522/cam_methods/occlusion/D_busy/run1_samples/resnet34_gn/occlusion__ENTRY_3072__offbeam_meta_2.txt
occlusion,resnet34_gn,/home/hep/an1522/dark_tridents_wspace/outputs/weights/resnet34_gn/resnet34_gn_model_20260123-12_20_AM_epoch_4_batch_id_1961_labels_2_step_9821.pwf,/data/run1_offbeam_larcv_cropped_full_set.root,,3072,2774,0,,4,D_busy,0.004452253691852093,0.9954892992973328,0.0,0.01058197021484375,0.01,1.0,1.0,True,0.944844989185292,0.944844989185292,1.0,106,0.010093727469358327,0.010093727469358327,1.0,0.944844989185292,0.00034937158226966826,0.0007419958710670471,0.6679884643114636,0.013839327218011023,0.07108273222111164,0.0,0.0,/vols/sbn/uboone/an1522/cam_methods/occlusion/D_busy/run1_samples/resnet34_gn/occlusion__ENTRY_3072__offbeam_meta_4.txt
occlusion,resnet34_gn,/home/hep/an1522/dark_tridents_wspace/outputs/weights/resnet34_gn/resnet34_gn_model_20260123-12_20_AM_epoch_4_batch_id_1961_labels_2_step_9821.pwf,/data/run1_offbeam_larcv_cropped_full_set.root,,3072,2774,0,,8,D_busy,0.004452253691852093,0.9954892992973328,0.0,0.01058197021484375,0.01,1.0,1.0,True,0.944844989185292,0.944844989185292,1.0,104,0.010093727469358327,0.010093727469358327,1.0,0.944844989185292,0.0005442146211862564,0.0007778354920446873,0.5937274693583273,0.013832671754062177,0.07069035363383588,0.0,0.0,/vols/sbn/uboone/an1522/cam_methods/occlusion/D_busy/run1_samples/resnet34_gn/occlusion__ENTRY_3072__offbeam_meta_8.txt
occlusion,resnet34_gn,/home/hep/an1522/dark_tridents_wspace/outputs/weights/resnet34_gn/resnet34_gn_model_20260123-12_20_AM_epoch_4_batch_id_1961_labels_2_step_9821.pwf,/data/run1_NuMI_nu_overlay_larcv_cropped.root,,3397,5478,0,,16,D_busy,0.052779167890548706,0.946817934513092,0.0,0.02089691162109375,0.01,1.0,1.0,True,0.4784592917123038,0.4784592917123038,1.0,90,0.010040160642570281,0.010040160642570281,1.0,0.4784592917123038,0.030503796190023386,0.046661850064992905,0.7070098576122672,0.03126525953412056,0.271772338822484,0.0,0.0,/vols/sbn/uboone/an1522/cam_methods/occlusion/D_busy/run1_samples/resnet34_gn/occlusion__ENTRY_3397__nu_overlay_meta_16.txt
occlusion,resnet34_gn,/home/hep/an1522/dark_tridents_wspace/outputs/weights/resnet34_gn/resnet34_gn_model_20260123-12_20_AM_epoch_4_batch_id_1961_labels_2_step_9821.pwf,/data/run1_NuMI_nu_overlay_larcv_cropped.root,,3397,5478,0,,2,D_busy,0.05278664454817772,0.9468103647232056,0.0,0.02089691162109375,0.01,1.0,1.0,True,0.4784592917123038,0.4784592917123038,1.0,98,0.010040160642570281,0.010040160642570281,1.0,0.4784592917123038,0.018190422840416345,0.04745582118630409,0.7223439211391018,0.05701187122613192,0.08526963423937559,0.0,0.0,/vols/sbn/uboone/an1522/cam_methods/occlusion/D_busy/run1_samples/resnet34_gn/occlusion__ENTRY_3397__nu_overlay_meta_2.txt
occlusion,resnet34_gn,/home/hep/an1522/dark_tridents_wspace/outputs/weights/resnet34_gn/resnet34_gn_model_20260123-12_20_AM_epoch_4_batch_id_1961_labels_2_step_9821.pwf,/data/run1_NuMI_nu_overlay_larcv_cropped.root,,3397,5478,0,,4,D_busy,0.05278664454817772,0.9468103647232056,0.0,0.02089691162109375,0.01,1.0,1.0,True,0.4784592917123038,0.4784592917123038,1.0,85,0.010040160642570281,0.010040160642570281,1.0,0.4784592917123038,0.03716023657470856,0.047458820044994354,0.7544724351953268,0.05797464828938246,0.1430286060087383,0.0,0.0,/vols/sbn/uboone/an1522/cam_methods/occlusion/D_busy/run1_samples/resnet34_gn/occlusion__ENTRY_3397__nu_overlay_meta_4.txt
occlusion,resnet34_gn,/home/hep/an1522/dark_tridents_wspace/outputs/weights/resnet34_gn/resnet34_gn_model_20260123-12_20_AM_epoch_4_batch_id_1961_labels_2_step_9821.pwf,/data/run1_NuMI_nu_overlay_larcv_cropped.root,,3397,5478,0,,8,D_busy,0.05278664454817772,0.9468103647232056,0.0,0.02089691162109375,0.01,1.0,1.0,True,0.4784592917123038,0.4784592917123038,1.0,75,0.010040160642570281,0.010040160642570281,1.0,0.4784592917123038,0.03375070702284566,0.04737358167767525,0.7150419861263235,0.04341781195253134,0.11608832133933902,0.0,0.0,/vols/sbn/uboone/an1522/cam_methods/occlusion/D_busy/run1_samples/resnet34_gn/occlusion__ENTRY_3397__nu_overlay_meta_8.txt
occlusion,resnet34_gn,/home/hep/an1522/dark_tridents_wspace/outputs/weights/resnet34_gn/resnet34_gn_model_20260123-12_20_AM_epoch_4_batch_id_1961_labels_2_step_9821.pwf,/data/run1_offbeam_larcv_cropped_full_set.root,,3775,3581,0,,16,D_busy,0.0058983247727155685,0.9940586090087891,0.0,0.013660430908203125,0.01,1.0,1.0,True,0.7319184585311366,0.7319184585311366,1.0,92,0.01005305780508238,0.01005305780508238,1.0,0.7319184585311366,0.0013542313128709718,0.0037155617028474808,0.6953364981848645,0.01490970444865525,0.016585742402821776,0.0,0.0,/vols/sbn/uboone/an1522/cam_methods/occlusion/D_busy/run1_samples/resnet34_gn/occlusion__ENTRY_3775__offbeam_meta_16.txt
occlusion,resnet34_gn,/home/hep/an1522/dark_tridents_wspace/outputs/weights/resnet34_gn/resnet34_gn_model_20260123-12_20_AM_epoch_4_batch_id_1961_labels_2_step_9821.pwf,/data/run1_offbeam_larcv_cropped_full_set.root,,3775,3581,0,,2,D_busy,0.005897830240428448,0.9940592050552368,0.0,0.013660430908203125,0.01,1.0,1.0,True,0.7319184585311366,0.7319184585311366,1.0,106,0.01005305780508238,0.01005305780508238,1.0,0.7319184585311366,0.00022594891488552092,0.0008770432323217392,0.736665735827981,0.015239286050200463,0.01978113553486764,0.0,0.0,/vols/sbn/uboone/an1522/cam_methods/occlusion/D_busy/run1_samples/resnet34_gn/occlusion__ENTRY_3775__offbeam_meta_2.txt
occlusion,resnet34_gn,/home/hep/an1522/dark_tridents_wspace/outputs/weights/resnet34_gn/resnet34_gn_model_20260123-12_20_AM_epoch_4_batch_id_1961_labels_2_step_9821.pwf,/data/run1_offbeam_larcv_cropped_full_set.root,,3775,3581,0,,4,D_busy,0.0058983247727155685,0.9940586090087891,0.0,0.013660430908203125,0.01,1.0,1.0,True,0.7319184585311366,0.7319184585311366,1.0,83,0.01005305780508238,0.01005305780508238,1.0,0.7319184585311366,0.00037814304232597145,0.0009503941982984543,0.7324769617425301,0.015224766684696078,0.01704270392656326,0.0,0.0,/vols/sbn/uboone/an1522/cam_methods/occlusion/D_busy/run1_samples/resnet34_gn/occlusion__ENTRY_3775__offbeam_meta_4.txt
occlusion,resnet34_gn,/home/hep/an1522/dark_tridents_wspace/outputs/weights/resnet34_gn/resnet34_gn_model_20260123-12_20_AM_epoch_4_batch_id_1961_labels_2_step_9821.pwf,/data/run1_offbeam_larcv_cropped_full_set.root,,3775,3581,0,,8,D_busy,0.005897830240428448,0.9940592050552368,0.0,0.013660430908203125,0.01,1.0,1.0,True,0.7319184585311366,0.7319184585311366,1.0,92,0.01005305780508238,0.01005305780508238,1.0,0.7319184585311366,0.0006710843183100221,0.001997869461774826,0.7143256073722424,0.015120582422241569,0.017025753902271387,0.0,0.0,/vols/sbn/uboone/an1522/cam_methods/occlusion/D_busy/run1_samples/resnet34_gn/occlusion__ENTRY_3775__offbeam_meta_8.txt
occlusion,resnet34_gn,/home/hep/an1522/dark_tridents_wspace/outputs/weights/resnet34_gn/resnet34_gn_model_20260123-12_20_AM_epoch_4_batch_id_1961_labels_2_step_9821.pwf,/data/run1_NuMI_nu_overlay_larcv_cropped.root,,4142,2662,0,,16,D_busy,0.001545504666864872,0.9984360337257385,0.0,0.01015472412109375,0.01,0.9820679130103014,0.9816863792445631,True,0.9501661129568106,0.9669421487603306,0.9820679130103014,61,0.0101427498121713,0.0101427498121713,1.0,0.9494464944649447,0.001118168432731181,0.0015204469673335552,0.7280240420736288,0.011023325473070146,0.05029733530245721,0.0,0.0,/vols/sbn/uboone/an1522/cam_methods/occlusion/D_busy/run1_samples/resnet34_gn/occlusion__ENTRY_4142__nu_overlay_meta_16.txt
occlusion,resnet34_gn,/home/hep/an1522/dark_tridents_wspace/outputs/weights/resnet34_gn/resnet34_gn_model_20260123-12_20_AM_epoch_4_batch_id_1961_labels_2_step_9821.pwf,/data/run1_NuMI_nu_overlay_larcv_cropped.root,,4142,2662,0,,2,D_busy,0.001545208739116788,0.9984362721443176,0.0,0.01015472412109375,0.01,1.0,1.0,True,0.9845980465815176,0.9845980465815176,1.0,56,0.0101427498121713,0.0101427498121713,1.0,0.9845980465815176,0.00019288141746073937,0.00029296032153069973,0.8110443275732532,0.011074540053959938,0.17870529830688608,0.0,0.0,/vols/sbn/uboone/an1522/cam_methods/occlusion/D_busy/run1_samples/resnet34_gn/occlusion__ENTRY_4142__nu_overlay_meta_2.txt
occlusion,resnet34_gn,/home/hep/an1522/dark_tridents_wspace/outputs/weights/resnet34_gn/resnet34_gn_model_20260123-12_20_AM_epoch_4_batch_id_1961_labels_2_step_9821.pwf,/data/run1_NuMI_nu_overlay_larcv_cropped.root,,4142,2662,0,,4,D_busy,0.001545504666864872,0.9984360337257385,0.0,0.01015472412109375,0.01,1.0,1.0,True,0.9845980465815176,0.9845980465815176,1.0,52,0.0101427498121713,0.0101427498121713,1.0,0.9845980465815176,0.0002558038604911414,0.0004731672815978527,0.7584522915101427,0.01106314491480589,0.22786772777326408,0.0,0.0,/vols/sbn/uboone/an1522/cam_methods/occlusion/D_busy/run1_samples/resnet34_gn/occlusion__ENTRY_4142__nu_overlay_meta_4.txt
occlusion,resnet34_gn,/home/hep/an1522/dark_tridents_wspace/outputs/weights/resnet34_gn/resnet34_gn_model_20260123-12_20_AM_epoch_4_batch_id_1961_labels_2_step_9821.pwf,/data/run1_NuMI_nu_overlay_larcv_cropped.root,,4142,2662,0,,8,D_busy,0.001545208739116788,0.9984362721443176,0.0,0.01015472412109375,0.01,0.9961846623426173,0.995803128576879,True,0.9771706586826348,0.9808414725770098,0.9961846623426173,57,0.0101427498121713,0.0101427498121713,1.0,0.9764309764309764,0.00045115026179700935,0.0005249716341495514,0.7306536438767843,0.011053948791231961,0.14090263337129727,0.0,0.0,/vols/sbn/uboone/an1522/cam_methods/occlusion/D_busy/run1_samples/resnet34_gn/occlusion__ENTRY_4142__nu_overlay_meta_8.txt
occlusion,resnet34_gn,/home/hep/an1522/dark_tridents_wspace/outputs/weights/resnet34_gn/resnet34_gn_model_20260123-12_20_AM_epoch_4_batch_id_1961_labels_2_step_9821.pwf,/data/run1_NuMI_nu_overlay_larcv_cropped.root,,6850,4513,0,,16,D_busy,0.00355702918022871,0.9964028596878052,0.0,0.017215728759765625,0.01,1.0,1.0,True,0.5807666740527365,0.5807666740527365,1.0,166,0.009971194327498338,0.009971194327498338,1.0,0.5807666740527365,0.00047394559718668463,0.000752605963498354,0.4243297141590959,0.013026012876071037,0.07146782809868454,0.0,0.0,/vols/sbn/uboone/an1522/cam_methods/occlusion/D_busy/run1_samples/resnet34_gn/occlusion__ENTRY_6850__nu_overlay_meta_16.txt
occlusion,resnet34_gn,/home/hep/an1522/dark_tridents_wspace/outputs/weights/resnet34_gn/resnet34_gn_model_20260123-12_20_AM_epoch_4_batch_id_1961_labels_2_step_9821.pwf,/data/run1_NuMI_nu_overlay_larcv_cropped.root,,6850,4513,0,,2,D_busy,0.003557093208655715,0.9964027404785156,0.0,0.017215728759765625,0.01,1.0,1.0,True,0.5807666740527365,0.5807666740527365,1.0,182,0.009971194327498338,0.009971194327498338,1.0,0.5807666740527365,0.00025151206180453335,0.0004322982858866453,0.4037225792155994,0.013006452436093241,0.17278149015037342,0.0,0.0,/vols/sbn/uboone/an1522/cam_methods/occlusion/D_busy/run1_samples/resnet34_gn/occlusion__ENTRY_6850__nu_overlay_meta_2.txt
occlusion,resnet34_gn,/home/hep/an1522/dark_tridents_wspace/outputs/weights/resnet34_gn/resnet34_gn_model_20260123-12_20_AM_epoch_4_batch_id_1961_labels_2_step_9821.pwf,/data/run1_NuMI_nu_overlay_larcv_cropped.root,,6850,4513,0,,4,D_busy,0.003557093208655715,0.9964027404785156,0.0,0.017215728759765625,0.01,1.0,1.0,True,0.5807666740527365,0.5807666740527365,1.0,161,0.009971194327498338,0.009971194327498338,1.0,0.5807666740527365,0.00036008493043482304,0.0010634928476065397,0.4008420119654332,0.01307668174849823,0.31937962657539176,0.0,0.0,/vols/sbn/uboone/an1522/cam_methods/occlusion/D_busy/run1_samples/resnet34_gn/occlusion__ENTRY_6850__nu_overlay_meta_4.txt
occlusion,resnet34_gn,/home/hep/an1522/dark_tridents_wspace/outputs/weights/resnet34_gn/resnet34_gn_model_20260123-12_20_AM_epoch_4_batch_id_1961_labels_2_step_9821.pwf,/data/run1_NuMI_nu_overlay_larcv_cropped.root,,6850,4513,0,,8,D_busy,0.003557093208655715,0.9964027404785156,0.0,0.017215728759765625,0.01,1.0,1.0,True,0.5807666740527365,0.5807666740527365,1.0,145,0.009971194327498338,0.009971194327498338,1.0,0.5807666740527365,0.0004366546776145702,0.003494878998026252,0.4121426988699313,0.013068053137976677,0.22559796980349345,0.0,0.0,/vols/sbn/uboone/an1522/cam_methods/occlusion/D_busy/run1_samples/resnet34_gn/occlusion__ENTRY_6850__nu_overlay_meta_8.txt
occlusion,resnet34_gn,/home/hep/an1522/dark_tridents_wspace/outputs/weights/resnet34_gn/resnet34_gn_model_20260123-12_20_AM_epoch_4_batch_id_1961_labels_2_step_9821.pwf,/data/run1_NuMI_dirt_larcv_cropped.root,,705,4916,0,,16,D_busy,0.007933376356959343,0.991959273815155,0.0,0.0187530517578125,0.01,1.0,1.0,True,0.5331570382424735,0.5331570382424735,1.0,25,0.009967453213995118,0.009967453213995118,1.0,0.5331570382424735,0.004797095293179156,0.0051123714074492455,0.8661513425549227,0.0168716668151319,0.02325026961043477,0.0,0.0,/vols/sbn/uboone/an1522/cam_methods/occlusion/D_busy/run1_samples/resnet34_gn/occlusion__ENTRY_705__dirt_meta_16.txt
occlusion,resnet34_gn,/home/hep/an1522/dark_tridents_wspace/outputs/weights/resnet34_gn/resnet34_gn_model_20260123-12_20_AM_epoch_4_batch_id_1961_labels_2_step_9821.pwf,/data/run1_NuMI_dirt_larcv_cropped.root,,705,4916,0,,2,D_busy,0.00793265551328659,0.9919599890708923,0.0,0.0187530517578125,0.01,1.0,1.0,True,0.5331570382424735,0.5331570382424735,1.0,177,0.009967453213995118,0.009967453213995118,1.0,0.5331570382424735,0.000726324948482216,0.0012077176943421364,0.6873474369406021,0.01715440861880779,0.10826206691563128,0.0,0.0,/vols/sbn/uboone/an1522/cam_methods/occlusion/D_busy/run1_samples/resnet34_gn/occlusion__ENTRY_705__dirt_meta_2.txt
occlusion,resnet34_gn,/home/hep/an1522/dark_tridents_wspace/outputs/weights/resnet34_gn/resnet34_gn_model_20260123-12_20_AM_epoch_4_batch_id_1961_labels_2_step_9821.pwf,/data/run1_NuMI_dirt_larcv_cropped.root,,705,4916,0,,4,D_busy,0.007933376356959343,0.991959273815155,0.0,0.0187530517578125,0.01,1.0,1.0,True,0.5331570382424735,0.5331570382424735,1.0,107,0.009967453213995118,0.009967453213995118,1.0,0.5331570382424735,0.0013850965537130838,0.0020515108481049538,0.7213181448331977,0.017153943050652744,0.10823091203346849,0.0,0.0,/vols/sbn/uboone/an1522/cam_methods/occlusion/D_busy/run1_samples/resnet34_gn/occlusion__ENTRY_705__dirt_meta_4.txt
occlusion,resnet34_gn,/home/hep/an1522/dark_tridents_wspace/outputs/weights/resnet34_gn/resnet34_gn_model_20260123-12_20_AM_epoch_4_batch_id_1961_labels_2_step_9821.pwf,/data/run1_NuMI_dirt_larcv_cropped.root,,705,4916,0,,8,D_busy,0.00793265551328659,0.9919599890708923,0.0,0.0187530517578125,0.01,1.0,1.0,True,0.5331570382424735,0.5331570382424735,1.0,71,0.009967453213995118,0.009967453213995118,1.0,0.5331570382424735,0.0028818598017096545,0.003231376875191927,0.7923108218063466,0.01721180332824588,0.022698292508721348,0.0,0.0,/vols/sbn/uboone/an1522/cam_methods/occlusion/D_busy/run1_samples/resnet34_gn/occlusion__ENTRY_705__dirt_meta_8.txt
occlusion,resnet34_gn,/home/hep/an1522/dark_tridents_wspace/outputs/weights/resnet34_gn/resnet34_gn_model_20260123-12_20_AM_epoch_4_batch_id_1961_labels_2_step_9821.pwf,/data/run1_NuMI_nu_overlay_larcv_cropped.root,,7988,2650,0,,16,D_busy,0.003008136060088873,0.996966540813446,0.0,0.01010894775390625,0.01,0.9721480351011065,0.9721480351011065,True,0.9357326478149101,0.9615094339622642,0.9721480351011065,88,0.009811320754716982,0.009811320754716982,1.0,0.9357326478149101,0.0010539684444665909,0.0016302014701068401,0.599622641509434,0.013809081562794746,0.0697617373196408,0.0,0.0,/vols/sbn/uboone/an1522/cam_methods/occlusion/D_busy/run1_samples/resnet34_gn/occlusion__ENTRY_7988__nu_overlay_meta_16.txt
occlusion,resnet34_gn,/home/hep/an1522/dark_tridents_wspace/outputs/weights/resnet34_gn/resnet34_gn_model_20260123-12_20_AM_epoch_4_batch_id_1961_labels_2_step_9821.pwf,/data/run1_NuMI_nu_overlay_larcv_cropped.root,,7988,2650,0,,2,D_busy,0.003008094383403659,0.996966540813446,0.0,0.01010894775390625,0.01,1.0,1.0,True,0.989056603773585,0.989056603773585,1.0,87,0.009811320754716982,0.009811320754716982,1.0,0.989056603773585,0.0014839371293782916,0.0019738252740353346,0.6328301886792452,0.01256583865033463,0.09385601714020594,0.0,0.0,/vols/sbn/uboone/an1522/cam_methods/occlusion/D_busy/run1_samples/resnet34_gn/occlusion__ENTRY_7988__nu_overlay_meta_2.txt
occlusion,resnet34_gn,/home/hep/an1522/dark_tridents_wspace/outputs/weights/resnet34_gn/resnet34_gn_model_20260123-12_20_AM_epoch_4_batch_id_1961_labels_2_step_9821.pwf,/data/run1_NuMI_nu_overlay_larcv_cropped.root,,7988,2650,0,,4,D_busy,0.003008136060088873,0.996966540813446,0.0,0.01010894775390625,0.01,1.0,1.0,True,0.989056603773585,0.989056603773585,1.0,87,0.009811320754716982,0.009811320754716982,1.0,0.989056603773585,0.0016338331624865532,0.0021410067565739155,0.6162264150943396,0.012771241855807604,0.19037156894337384,0.0,0.0,/vols/sbn/uboone/an1522/cam_methods/occlusion/D_busy/run1_samples/resnet34_gn/occlusion__ENTRY_7988__nu_overlay_meta_4.txt
occlusion,resnet34_gn,/home/hep/an1522/dark_tridents_wspace/outputs/weights/resnet34_gn/resnet34_gn_model_20260123-12_20_AM_epoch_4_batch_id_1961_labels_2_step_9821.pwf,/data/run1_NuMI_nu_overlay_larcv_cropped.root,,7988,2650,0,,8,D_busy,0.003008094383403659,0.996966540813446,0.0,0.01010894775390625,0.01,0.9904616558565433,0.9904616558565433,True,0.9704672897196261,0.979622641509434,0.9904616558565433,92,0.009811320754716982,0.009811320754716982,1.0,0.9704672897196261,0.001689274562522769,0.0024782337713986635,0.6181132075471698,0.012976698309648784,0.10943104609614238,0.0,0.0,/vols/sbn/uboone/an1522/cam_methods/occlusion/D_busy/run1_samples/resnet34_gn/occlusion__ENTRY_7988__nu_overlay_meta_8.txt
occlusion,mpid,/home/hep/an1522/dark_tridents_wspace/outputs/weights/DM-CNN_model_20260116-10_22_PM_epoch_4_batch_id_1961_labels_2_title_0.001_AG_GN_LM_TRAINING_step_9821.pwf,/data/run1_dt_ratio_0.6_ma_0.04_eta_larcv_cropped.root,0.04,1580,4006,0,,16,D_busy,0.9999289512634277,7.537388592027128e-05,0.0,0.01528167724609375,0.01,1.0,1.0,True,0.6542685971043435,0.6542685971043435,1.0,70,0.00998502246630055,0.00998502246630055,1.0,0.6542685971043435,0.012678921222686768,0.01946437358856201,0.7426360459311033,0.9523749904707074,0.20040724221616982,0.1,0.1,/vols/sbn/uboone/an1522/cam_methods/occlusion/D_busy/run1_signal/mpid/occlusion__ENTRY_1580_meta_16.txt
occlusion,mpid,/home/hep/an1522/dark_tridents_wspace/outputs/weights/DM-CNN_model_20260116-10_22_PM_epoch_4_batch_id_1961_labels_2_title_0.001_AG_GN_LM_TRAINING_step_9821.pwf,/data/run1_dt_ratio_0.6_ma_0.04_eta_larcv_cropped.root,0.04,1580,4006,0,,2,D_busy,0.9999289512634277,7.53762578824535e-05,0.0,0.01528167724609375,0.01,1.0,1.0,True,0.6542685971043435,0.6542685971043435,1.0,120,0.00998502246630055,0.00998502246630055,1.0,0.6542685971043435,1.5962123870849566e-05,0.00041663646697998047,0.5202196704942587,0.9523734577000141,0.8622906871140003,0.1,1.0,/vols/sbn/uboone/an1522/cam_methods/occlusion/D_busy/run1_signal/mpid/occlusion__ENTRY_1580_meta_2.txt
occlusion,mpid,/home/hep/an1522/dark_tridents_wspace/outputs/weights/DM-CNN_model_20260116-10_22_PM_epoch_4_batch_id_1961_labels_2_title_0.001_AG_GN_LM_TRAINING_step_9821.pwf,/data/run1_dt_ratio_0.6_ma_0.04_eta_larcv_cropped.root,0.04,1580,4006,0,,4,D_busy,0.9999289512634277,7.53762578824535e-05,0.0,0.01528167724609375,0.01,1.0,1.0,True,0.6542685971043435,0.6542685971043435,1.0,127,0.00998502246630055,0.00998502246630055,1.0,0.6542685971043435,8.151531219482326e-05,0.0004616379737854004,0.5726410384423365,0.952365268021822,0.7546138979494572,0.1,0.8,/vols/sbn/uboone/an1522/cam_methods/occlusion/D_busy/run1_signal/mpid/occlusion__ENTRY_1580_meta_4.txt
occlusion,mpid,/home/hep/an1522/dark_tridents_wspace/outputs/weights/DM-CNN_model_20260116-10_22_PM_epoch_4_batch_id_1961_labels_2_title_0.001_AG_GN_LM_TRAINING_step_9821.pwf,/data/run1_dt_ratio_0.6_ma_0.04_eta_larcv_cropped.root,0.04,1580,4006,0,,8,D_busy,0.9999289512634277,7.53762578824535e-05,0.0,0.01528167724609375,0.01,1.0,1.0,True,0.6542685971043435,0.6542685971043435,1.0,108,0.00998502246630055,0.00998502246630055,1.0,0.6542685971043435,0.0004616379737854004,0.003090500831604004,0.7059410883674488,0.9523744113743305,0.44281662292778495,0.1,0.7000000000000001,/vols/sbn/uboone/an1522/cam_methods/occlusion/D_busy/run1_signal/mpid/occlusion__ENTRY_1580_meta_8.txt
occlusion,mpid,/home/hep/an1522/dark_tridents_wspace/outputs/weights/DM-CNN_model_20260116-10_22_PM_epoch_4_batch_id_1961_labels_2_title_0.001_AG_GN_LM_TRAINING_step_9821.pwf,/data/run1_dt_ratio_0.6_ma_0.08_pi0_larcv_cropped.root,0.08,2243,3904,0,,16,D_busy,0.9999399185180664,6.492041575256735e-05,0.0,0.014892578125,0.01,1.0,1.0,True,0.6713627049180327,0.6713627049180327,1.0,109,0.009989754098360656,0.009989754098360656,1.0,0.6713627049180327,0.004493534564971876,0.007266581058502197,0.5996413934426229,0.9523784883320331,0.13971118554472922,0.1,0.1,/vols/sbn/uboone/an1522/cam_methods/occlusion/D_busy/run1_signal/mpid/occlusion__ENTRY_2243_meta_16.txt
occlusion,mpid,/home/hep/an1522/dark_tridents_wspace/outputs/weights/DM-CNN_model_20260116-10_22_PM_epoch_4_batch_id_1961_labels_2_title_0.001_AG_GN_LM_TRAINING_step_9821.pwf,/data/run1_dt_ratio_0.6_ma_0.08_pi0_larcv_cropped.root,0.08,2243,3904,0,,2,D_busy,0.9999399185180664,6.492227112175897e-05,0.0,0.014892578125,0.01,1.0,1.0,True,0.6713627049180327,0.6713627049180327,1.0,185,0.009989754098360656,0.009989754098360656,1.0,0.6713627049180327,3.372550010681145e-05,0.00045984983444213867,0.7248975409836066,0.9523823695257305,0.3634366983547807,0.1,0.1,/vols/sbn/uboone/an1522/cam_methods/occlusion/D_busy/run1_signal/mpid/occlusion__ENTRY_2243_meta_2.txt
occlusion,mpid,/home/hep/an1522/dark_tridents_wspace/outputs/weights/DM-CNN_model_20260116-10_22_PM_epoch_4_batch_id_1961_labels_2_title_0.001_AG_GN_LM_TRAINING_step_9821.pwf,/data/run1_dt_ratio_0.6_ma_0.08_pi0_larcv_cropped.root,0.08,2243,3904,0,,4,D_busy,0.9999399185180664,6.492227112175897e-05,0.0,0.014892578125,0.01,1.0,1.0,True,0.6713627049180327,0.6713627049180327,1.0,185,0.009989754098360656,0.009989754098360656,1.0,0.6713627049180327,5.233287811279297e-05,0.0006937980651855469,0.7679303278688525,0.9523779110983015,0.4531220840290189,0.1,0.1,/vols/sbn/uboone/an1522/cam_methods/occlusion/D_busy/run1_signal/mpid/occlusion__ENTRY_2243_meta_4.txt
occlusion,mpid,/home/hep/an1522/dark_tridents_wspace/outputs/weights/DM-CNN_model_20260116-10_22_PM_epoch_4_batch_id_1961_labels_2_title_0.001_AG_GN_LM_TRAINING_step_9821.pwf,/data/run1_dt_ratio_0.6_ma_0.08_pi0_larcv_cropped.root,0.08,2243,3904,0,,8,D_busy,0.9999399185180664,6.492227112175897e-05,0.0,0.014892578125,0.01,1.0,1.0,True,0.6713627049180327,0.6713627049180327,1.0,120,0.009989754098360656,0.009989754098360656,1.0,0.6713627049180327,0.00019285321235656044,0.0011122822761535645,0.7674180327868853,0.952374585159123,0.554430921562016,0.1,0.7000000000000001,/vols/sbn/uboone/an1522/cam_methods/occlusion/D_busy/run1_signal/mpid/occlusion__ENTRY_2243_meta_8.txt
occlusion,mpid,/home/hep/an1522/dark_tridents_wspace/outputs/weights/DM-CNN_model_20260116-10_22_PM_epoch_4_batch_id_1961_labels_2_title_0.001_AG_GN_LM_TRAINING_step_9821.pwf,/data/run1_dt_ratio_0.6_ma_0.09_eta_larcv_cropped.root,0.09,261,3461,0,,16,D_busy,0.9999626874923706,3.8990561733953655e-05,0.0,0.013202667236328125,0.01,1.0,1.0,True,0.7572955793123375,0.7572955793123375,1.0,63,0.010112684195319271,0.010112684195319271,1.0,0.7572955793123375,0.0009204983711242721,0.009464561939239502,0.583357411152846,0.9524037785828113,0.315413235872984,0.1,0.1,/vols/sbn/uboone/an1522/cam_methods/occlusion/D_busy/run1_signal/mpid/occlusion__ENTRY_261_meta_16.txt
occlusion,mpid,/home/hep/an1522/dark_tridents_wspace/outputs/weights/DM-CNN_model_20260116-10_22_PM_epoch_4_batch_id_1961_labels_2_title_0.001_AG_GN_LM_TRAINING_step_9821.pwf,/data/run1_dt_ratio_0.6_ma_0.09_eta_larcv_cropped.root,0.09,261,3461,0,,2,D_busy,0.9999626874923706,3.9006808947306126e-05,0.0,0.013202667236328125,0.01,1.0,1.0,True,0.7572955793123375,0.7572955793123375,1.0,106,0.010112684195319271,0.010112684195319271,1.0,0.7572955793123375,8.106231689453125e-06,0.00010454654693603516,0.542617740537417,0.9524048106744885,0.36901952791959053,0.1,0.1,/vols/sbn/uboone/an1522/cam_methods/occlusion/D_busy/run1_signal/mpid/occlusion__ENTRY_261_meta_2.txt
occlusion,mpid,/home/hep/an1522/dark_tridents_wspace/outputs/weights/DM-CNN_model_20260116-10_22_PM_epoch_4_batch_id_1961_labels_2_title_0.001_AG_GN_LM_TRAINING_step_9821.pwf,/data/run1_dt_ratio_0.6_ma_0.09_eta_larcv_cropped.root,0.09,261,3461,0,,4,D_busy,0.9999626874923706,3.9006808947306126e-05,0.0,0.013202667236328125,0.01,1.0,1.0,True,0.7572955793123375,0.7572955793123375,1.0,104,0.010112684195319271,0.010112684195319271,1.0,0.7572955793123375,2.2768974304199327e-05,0.0001277923583984375,0.5391505345275932,0.952405466325581,0.6079814093187451,0.1,1.0,/vols/sbn/uboone/an1522/cam_methods/occlusion/D_busy/run1_signal/mpid/occlusion__ENTRY_261_meta_4.txt
occlusion,mpid,/home/hep/an1522/dark_tridents_wspace/outputs/weights/DM-CNN_model_20260116-10_22_PM_epoch_4_batch_id_1961_labels_2_title_0.001_AG_GN_LM_TRAINING_step_9821.pwf,/data/run1_dt_ratio_0.6_ma_0.09_eta_larcv_cropped.root,0.09,261,3461,0,,8,D_busy,0.9999626874923706,3.9006808947306126e-05,0.0,0.013202667236328125,0.01,1.0,1.0,True,0.7572955793123375,0.7572955793123375,1.0,83,0.010112684195319271,0.010112684195319271,1.0,0.7572955793123375,5.745887756347656e-05,0.0002709627151489258,0.5481074833863046,0.9524047629907727,0.5335111783817411,0.1,0.6000000000000001,/vols/sbn/uboone/an1522/cam_methods/occlusion/D_busy/run1_signal/mpid/occlusion__ENTRY_261_meta_8.txt
occlusion,mpid,/home/hep/an1522/dark_tridents_wspace/outputs/weights/DM-CNN_model_20260116-10_22_PM_epoch_4_batch_id_1961_labels_2_title_0.001_AG_GN_LM_TRAINING_step_9821.pwf,/data/run1_dt_ratio_0.6_ma_0.1_eta_larcv_cropped.root,0.1,2641,4023,0,,16,D_busy,0.9999294281005859,7.336816634051502e-05,0.0,0.015346527099609375,0.01,1.0,1.0,True,0.6515038528461348,0.6515038528461348,1.0,101,0.009942828734775044,0.009942828734775044,1.0,0.6515038528461348,0.004568994045257568,0.009989321231842041,0.6410638826746209,0.9523741491138935,0.11855039298534392,0.1,0.1,/vols/sbn/uboone/an1522/cam_methods/occlusion/D_busy/run1_signal/mpid/occlusion__ENTRY_2641_meta_16.txt
occlusion,mpid,/home/hep/an1522/dark_tridents_wspace/outputs/weights/DM-CNN_model_20260116-10_22_PM_epoch_4_batch_id_1961_labels_2_title_0.001_AG_GN_LM_TRAINING_step_9821.pwf,/data/run1_dt_ratio_0.6_ma_0.1_eta_larcv_cropped.root,0.1,2641,4023,0,,2,D_busy,0.9999294281005859,7.336816634051502e-05,0.0,0.015346527099609375,0.01,1.0,1.0,True,0.6515038528461348,0.6515038528461348,1.0,165,0.009942828734775044,0.009942828734775044,1.0,0.6515038528461348,1.5180110931396393e-05,0.00015360116958618164,0.5026099925428784,0.9523702390491963,0.6680594809353352,0.1,0.7000000000000001,/vols/sbn/uboone/an1522/cam_methods/occlusion/D_busy/run1_signal/mpid/occlusion__ENTRY_2641_meta_2.txt
occlusion,mpid,/home/hep/an1522/dark_tridents_wspace/outputs/weights/DM-CNN_model_20260116-10_22_PM_epoch_4_batch_id_1961_labels_2_title_0.001_AG_GN_LM_TRAINING_step_9821.pwf,/data/run1_dt_ratio_0.6_ma_0.1_eta_larcv_cropped.root,0.1,2641,4023,0,,4,D_busy,0.9999294281005859,7.336816634051502e-05,0.0,0.015346527099609375,0.01,1.0,1.0,True,0.6515038528461348,0.6515038528461348,1.0,130,0.009942828734775044,0.009942828734775044,1.0,0.6515038528461348,3.2782554626464844e-05,0.00019353628158569336,0.5264727815063386,0.9523723728954792,0.7109760887920856,0.1,0.7000000000000001,/vols/sbn/uboone/an1522/cam_methods/occlusion/D_busy/run1_signal/mpid/occlusion__ENTRY_2641_meta_4.txt
occlusion,mpid,/home/hep/an1522/dark_tridents_wspace/outputs/weights/DM-CNN_model_20260116-10_22_PM_epoch_4_batch_id_1961_labels_2_title_0.001_AG_GN_LM_TRAINING_step_9821.pwf,/data/run1_dt_ratio_0.6_ma_0.1_eta_larcv_cropped.root,0.1,2641,4023,0,,8,D_busy,0.9999294281005859,7.336816634051502e-05,0.0,0.015346527099609375,0.01,1.0,1.0,True,0.6515038528461348,0.6515038528461348,1.0,112,0.009942828734775044,0.009942828734775044,1.0,0.6515038528461348,0.00021930813789366278,0.00174635648727417,0.5553069848371862,0.9523731358349323,0.7930088706314564,0.1,0.9,/vols/sbn/uboone/an1522/cam_methods/occlusion/D_busy/run1_signal/mpid/occlusion__ENTRY_2641_meta_8.txt
occlusion,mpid,/home/hep/an1522/dark_tridents_wspace/outputs/weights/DM-CNN_model_20260116-10_22_PM_epoch_4_batch_id_1961_labels_2_title_0.001_AG_GN_LM_TRAINING_step_9821.pwf,/data/run1_dt_ratio_0.6_ma_0.09_eta_larcv_cropped.root,0.09,390,3040,0,,16,D_busy,0.9999440908432007,6.0388174460968e-05,0.0,0.0115966796875,0.01,1.0,1.0,True,0.8621710526315789,0.8621710526315789,1.0,41,0.009868421052631578,0.009868421052631578,1.0,0.8621710526315789,0.01577746868133545,0.026775836944580078,0.5131578947368421,0.952385331876576,0.795936186797917,0.1,0.8,/vols/sbn/uboone/an1522/cam_methods/occlusion/D_busy/run1_signal/mpid/occlusion__ENTRY_390_meta_16.txt
occlusion,mpid,/home/hep/an1522/dark_tridents_wspace/outputs/weights/DM-CNN_model_20260116-10_22_PM_epoch_4_batch_id_1961_labels_2_title_0.001_AG_GN_LM_TRAINING_step_9821.pwf,/data/run1_dt_ratio_0.6_ma_0.09_eta_larcv_cropped.root,0.09,390,3040,0,,2,D_busy,0.9999440908432007,6.0388174460968e-05,0.0,0.0115966796875,0.01,1.0,1.0,True,0.8621710526315789,0.8621710526315789,1.0,62,0.009868421052631578,0.009868421052631578,1.0,0.8621710526315789,2.2647380828857695e-05,0.00013500452041625977,0.43585526315789475,0.9523870842531323,0.6210099833086133,0.1,0.1,/vols/sbn/uboone/an1522/cam_methods/occlusion/D_busy/run1_signal/mpid/occlusion__ENTRY_390_meta_2.txt
occlusion,mpid,/home/hep/an1522/dark_tridents_wspace/outputs/weights/DM-CNN_model_20260116-10_22_PM_epoch_4_batch_id_1961_labels_2_title_0.001_AG_GN_LM_TRAINING_step_9821.pwf,/data/run1_dt_ratio_0.6_ma_0.09_eta_larcv_cropped.root,0.09,390,3040,0,,4,D_busy,0.9999440908432007,6.040303560439497e-05,0.0,0.0115966796875,0.01,1.0,1.0,True,0.8621710526315789,0.8621710526315789,1.0,71,0.009868421052631578,0.009868421052631578,1.0,0.8621710526315789,5.245447158813601e-05,0.00014263391494750977,0.5259868421052631,0.9523838825523852,0.6223455689847469,0.1,0.7000000000000001,/vols/sbn/uboone/an1522/cam_methods/occlusion/D_busy/run1_signal/mpid/occlusion__ENTRY_390_meta_4.txt
occlusion,mpid,/home/hep/an1522/dark_tridents_wspace/outputs/weights/DM-CNN_model_20260116-10_22_PM_epoch_4_batch_id_1961_labels_2_title_0.001_AG_GN_LM_TRAINING_step_9821.pwf,/data/run1_dt_ratio_0.6_ma_0.09_eta_larcv_cropped.root,0.09,390,3040,0,,8,D_busy,0.9999440908432007,6.0388174460968e-05,0.0,0.0115966796875,0.01,1.0,1.0,True,0.8621710526315789,0.8621710526315789,1.0,62,0.009868421052631578,0.009868421052631578,1.0,0.8621710526315789,0.00023299455642700195,0.0021144747734069824,0.587171052631579,0.9523859040811659,0.4406441537663341,0.1,0.2,/vols/sbn/uboone/an1522/cam_methods/occlusion/D_busy/run1_signal/mpid/occlusion__ENTRY_390_meta_8.txt
occlusion,mpid,/home/hep/an1522/dark_tridents_wspace/outputs/weights/DM-CNN_model_20260116-10_22_PM_epoch_4_batch_id_1961_labels_2_title_0.001_AG_GN_LM_TRAINING_step_9821.pwf,/data/run1_dt_ratio_0.6_ma_0.3_eta_larcv_cropped.root,0.3,4010,3556,0,,16,D_busy,0.9999618530273438,4.1695908294059336e-05,0.0,0.0135650634765625,0.01,1.0,1.0,True,0.7370641169853769,0.7370641169853769,1.0,88,0.010123734533183352,0.010123734533183352,1.0,0.7370641169853769,0.0025147199630737175,0.007949292659759521,0.47834645669291337,0.9524060733616352,0.5024710960686207,0.1,0.6000000000000001,/vols/sbn/uboone/an1522/cam_methods/occlusion/D_busy/run1_signal/mpid/occlusion__ENTRY_4010_meta_16.txt
occlusion,mpid,/home/hep/an1522/dark_tridents_wspace/outputs/weights/DM-CNN_model_20260116-10_22_PM_epoch_4_batch_id_1961_labels_2_title_0.001_AG_GN_LM_TRAINING_step_9821.pwf,/data/run1_dt_ratio_0.6_ma_0.3_eta_larcv_cropped.root,0.3,4010,3556,0,,2,D_busy,0.9999618530273438,4.1695908294059336e-05,0.0,0.0135650634765625,0.01,1.0,1.0,True,0.7370641169853769,0.7370641169853769,1.0,79,0.010123734533183352,0.010123734533183352,1.0,0.7370641169853769,3.278255462646441e-05,0.001415848731994629,0.4907199100112486,0.9524043567478657,0.76476466730237,0.1,0.9,/vols/sbn/uboone/an1522/cam_methods/occlusion/D_busy/run1_signal/mpid/occlusion__ENTRY_4010_meta_2.txt
occlusion,mpid,/home/hep/an1522/dark_tridents_wspace/outputs/weights/DM-CNN_model_20260116-10_22_PM_epoch_4_batch_id_1961_labels_2_title_0.001_AG_GN_LM_TRAINING_step_9821.pwf,/data/run1_dt_ratio_0.6_ma_0.3_eta_larcv_cropped.root,0.3,4010,3556,0,,4,D_busy,0.9999618530273438,4.169765816186555e-05,0.0,0.0135650634765625,0.01,1.0,1.0,True,0.7370641169853769,0.7370641169853769,1.0,88,0.010123734533183352,0.010123734533183352,1.0,0.7370641169853769,5.6833028793334636e-05,0.0008765459060668945,0.47665916760404947,0.9523974375799298,0.8207966791465878,0.1,0.9,/vols/sbn/uboone/an1522/cam_methods/occlusion/D_busy/run1_signal/mpid/occlusion__ENTRY_4010_meta_4.txt
occlusion,mpid,/home/hep/an1522/dark_tridents_wspace/outputs/weights/DM-CNN_model_20260116-10_22_PM_epoch_4_batch_id_1961_labels_2_title_0.001_AG_GN_LM_TRAINING_step_9821.pwf,/data/run1_dt_ratio_0.6_ma_0.3_eta_larcv_cropped.root,0.3,4010,3556,0,,8,D_busy,0.9999618530273438,4.1695908294059336e-05,0.0,0.0135650634765625,0.01,1.0,1.0,True,0.7370641169853769,0.7370641169853769,1.0,99,0.010123734533183352,0.010123734533183352,1.0,0.7370641169853769,9.500980377197266e-05,0.0009542107582092285,0.5202474690663667,0.952404547482729,0.4907980393618345,0.1,0.6000000000000001,/vols/sbn/uboone/an1522/cam_methods/occlusion/D_busy/run1_signal/mpid/occlusion__ENTRY_4010_meta_8.txt
occlusion,mpid,/home/hep/an1522/dark_tridents_wspace/outputs/weights/DM-CNN_model_20260116-10_22_PM_epoch_4_batch_id_1961_labels_2_title_0.001_AG_GN_LM_TRAINING_step_9821.pwf,/data/run1_dt_ratio_0.6_ma_0.1_eta_larcv_cropped.root,0.1,4256,3453,0,,16,D_busy,0.9999570846557617,4.650255141314119e-05,0.0,0.013172149658203125,0.01,1.0,1.0,True,0.7590501013611353,0.7590501013611353,1.0,69,0.010136113524471474,0.010136113524471474,1.0,0.7590501013611353,0.0064818930625915915,0.030216872692108154,0.6684042861280046,0.952395237237215,0.3762115873396397,0.1,0.1,/vols/sbn/uboone/an1522/cam_methods/occlusion/D_busy/run1_signal/mpid/occlusion__ENTRY_4256_meta_16.txt
occlusion,mpid,/home/hep/an1522/dark_tridents_wspace/outputs/weights/DM-CNN_model_20260116-10_22_PM_epoch_4_batch_id_1961_labels_2_title_0.001_AG_GN_LM_TRAINING_step_9821.pwf,/data/run1_dt_ratio_0.6_ma_0.1_eta_larcv_cropped.root,0.1,4256,3453,0,,2,D_busy,0.9999570846557617,4.650255141314119e-05,0.0,0.013172149658203125,0.01,1.0,1.0,True,0.7590501013611353,0.7590501013611353,1.0,73,0.010136113524471474,0.010136113524471474,1.0,0.7590501013611353,2.866268157958985e-05,0.0009540915489196777,0.5589342600637127,0.9524007566273212,0.8045902140438558,0.1,0.9,/vols/sbn/uboone/an1522/cam_methods/occlusion/D_busy/run1_signal/mpid/occlusion__ENTRY_4256_meta_2.txt
occlusion,mpid,/home/hep/an1522/dark_tridents_wspace/outputs/weights/DM-CNN_model_20260116-10_22_PM_epoch_4_batch_id_1961_labels_2_title_0.001_AG_GN_LM_TRAINING_step_9821.pwf,/data/run1_dt_ratio_0.6_ma_0.1_eta_larcv_cropped.root,0.1,4256,3453,0,,4,D_busy,0.9999570846557617,4.650255141314119e-05,0.0,0.013172149658203125,0.01,1.0,1.0,True,0.7590501013611353,0.7590501013611353,1.0,62,0.010136113524471474,0.010136113524471474,1.0,0.7590501013611353,8.273124694824219e-05,0.0003433823585510254,0.614827686070084,0.9523988969624043,0.6296731881797315,0.1,0.8,/vols/sbn/uboone/an1522/cam_methods/occlusion/D_busy/run1_signal/mpid/occlusion__ENTRY_4256_meta_4.txt
occlusion,mpid,/home/hep/an1522/dark_tridents_wspace/outputs/weights/DM-CNN_model_20260116-10_22_PM_epoch_4_batch_id_1961_labels_2_title_0.001_AG_GN_LM_TRAINING_step_9821.pwf,/data/run1_dt_ratio_0.6_ma_0.1_eta_larcv_cropped.root,0.1,4256,3453,0,,8,D_busy,0.9999570846557617,4.650255141314119e-05,0.0,0.013172149658203125,0.01,1.0,1.0,True,0.7590501013611353,0.7590501013611353,1.0,73,0.010136113524471474,0.010136113524471474,1.0,0.7590501013611353,0.0002651214599609375,0.0010586977005004883,0.6825948450622646,0.9523977883160115,0.6199175365269184,0.1,0.9,/vols/sbn/uboone/an1522/cam_methods/occlusion/D_busy/run1_signal/mpid/occlusion__ENTRY_4256_meta_8.txt
occlusion,mpid,/home/hep/an1522/dark_tridents_wspace/outputs/weights/DM-CNN_model_20260116-10_22_PM_epoch_4_batch_id_1961_labels_2_title_0.001_AG_GN_LM_TRAINING_step_9821.pwf,/data/run1_dt_ratio_0.6_ma_0.07_eta_larcv_cropped.root,0.07,430,3221,0,,16,D_busy,0.9999372959136963,6.621011561946943e-05,0.0,0.012287139892578125,0.01,1.0,1.0,True,0.8137224464452033,0.8137224464452033,1.0,84,0.009934802856255821,0.009934802856255821,1.0,0.8137224464452033,0.0027146339416503906,0.0027146339416503906,0.667494566904688,0.9523792035877704,0.35613624528050425,0.1,0.1,/vols/sbn/uboone/an1522/cam_methods/occlusion/D_busy/run1_signal/mpid/occlusion__ENTRY_430_meta_16.txt
occlusion,mpid,/home/hep/an1522/dark_tridents_wspace/outputs/weights/DM-CNN_model_20260116-10_22_PM_epoch_4_batch_id_1961_labels_2_title_0.001_AG_GN_LM_TRAINING_step_9821.pwf,/data/run1_dt_ratio_0.6_ma_0.07_eta_larcv_cropped.root,0.07,430,3221,0,,2,D_busy,0.9999372959136963,6.621011561946943e-05,0.0,0.012287139892578125,0.01,1.0,1.0,True,0.8137224464452033,0.8137224464452033,1.0,106,0.009934802856255821,0.009934802856255821,1.0,0.8137224464452033,3.063678741455078e-05,0.00017493963241577148,0.49177274138466315,0.95237852409482,0.3407817518338561,0.1,0.1,/vols/sbn/uboone/an1522/cam_methods/occlusion/D_busy/run1_signal/mpid/occlusion__ENTRY_430_meta_2.txt
occlusion,mpid,/home/hep/an1522/dark_tridents_wspace/outputs/weights/DM-CNN_model_20260116-10_22_PM_epoch_4_batch_id_1961_labels_2_title_0.001_AG_GN_LM_TRAINING_step_9821.pwf,/data/run1_dt_ratio_0.6_ma_0.07_eta_larcv_cropped.root,0.07,430,3221,0,,4,D_busy,0.9999372959136963,6.620128260692582e-05,0.0,0.012287139892578125,0.01,1.0,1.0,True,0.8137224464452033,0.8137224464452033,1.0,108,0.009934802856255821,0.009934802856255821,1.0,0.8137224464452033,4.389286041259774e-05,0.00030100345611572266,0.5638000620925179,0.9523793416097761,0.44970436114817863,0.1,0.1,/vols/sbn/uboone/an1522/cam_methods/occlusion/D_busy/run1_signal/mpid/occlusion__ENTRY_430_meta_4.txt
occlusion,mpid,/home/hep/an1522/dark_tridents_wspace/outputs/weights/DM-CNN_model_20260116-10_22_PM_epoch_4_batch_id_1961_labels_2_title_0.001_AG_GN_LM_TRAINING_step_9821.pwf,/data/run1_dt_ratio_0.6_ma_0.07_eta_larcv_cropped.root,0.07,430,3221,0,,8,D_busy,0.9999372959136963,6.621011561946943e-05,0.0,0.012287139892578125,0.01,1.0,1.0,True,0.8137224464452033,0.8137224464452033,1.0,96,0.009934802856255821,0.009934802856255821,1.0,0.8137224464452033,0.00016421079635620117,0.0009111166000366211,0.612542688606023,0.952377200871706,0.4329360567033291,0.1,0.1,/vols/sbn/uboone/an1522/cam_methods/occlusion/D_busy/run1_signal/mpid/occlusion__ENTRY_430_meta_8.txt
occlusion,mpid,/home/hep/an1522/dark_tridents_wspace/outputs/weights/DM-CNN_model_20260116-10_22_PM_epoch_4_batch_id_1961_labels_2_title_0.001_AG_GN_LM_TRAINING_step_9821.pwf,/data/run1_dt_ratio_0.6_ma_0.04_eta_larcv_cropped.root,0.04,628,3059,0,,16,D_busy,0.9999693632125854,3.319541792734526e-05,0.0,0.011669158935546875,0.01,1.0,1.0,True,0.8568159529257927,0.8568159529257927,1.0,49,0.010134030728996404,0.010134030728996404,1.0,0.8568159529257927,0.002614736557006836,0.006956040859222412,0.6224256292906178,0.952410520799458,0.15144529957324265,0.1,0.1,/vols/sbn/uboone/an1522/cam_methods/occlusion/D_busy/run1_signal/mpid/occlusion__ENTRY_628_meta_16.txt
occlusion,mpid,/home/hep/an1522/dark_tridents_wspace/outputs/weights/DM-CNN_model_20260116-10_22_PM_epoch_4_batch_id_1961_labels_2_title_0.001_AG_GN_LM_TRAINING_step_9821.pwf,/data/run1_dt_ratio_0.6_ma_0.04_eta_larcv_cropped.root,0.04,628,3059,0,,2,D_busy,0.9999693632125854,3.319541792734526e-05,0.0,0.011669158935546875,0.01,1.0,1.0,True,0.8568159529257927,0.8568159529257927,1.0,54,0.010134030728996404,0.010134030728996404,1.0,0.8568159529257927,2.1111965179443403e-05,0.000401914119720459,0.5939849624060151,0.9524096863344311,0.7586134688928724,0.1,0.9,/vols/sbn/uboone/an1522/cam_methods/occlusion/D_busy/run1_signal/mpid/occlusion__ENTRY_628_meta_2.txt
occlusion,mpid,/home/hep/an1522/dark_tridents_wspace/outputs/weights/DM-CNN_model_20260116-10_22_PM_epoch_4_batch_id_1961_labels_2_title_0.001_AG_GN_LM_TRAINING_step_9821.pwf,/data/run1_dt_ratio_0.6_ma_0.04_eta_larcv_cropped.root,0.04,628,3059,0,,4,D_busy,0.9999693632125854,3.3195861760759726e-05,0.0,0.011669158935546875,0.01,1.0,1.0,True,0.8568159529257927,0.8568159529257927,1.0,54,0.010134030728996404,0.010134030728996404,1.0,0.8568159529257927,6.222724914550781e-05,0.00024586915969848633,0.6587119973847663,0.9524100489914418,0.7893837548792363,0.1,0.9,/vols/sbn/uboone/an1522/cam_methods/occlusion/D_busy/run1_signal/mpid/occlusion__ENTRY_628_meta_4.txt
occlusion,mpid,/home/hep/an1522/dark_tridents_wspace/outputs/weights/DM-CNN_model_20260116-10_22_PM_epoch_4_batch_id_1961_labels_2_title_0.001_AG_GN_LM_TRAINING_step_9821.pwf,/data/run1_dt_ratio_0.6_ma_0.04_eta_larcv_cropped.root,0.04,628,3059,0,,8,D_busy,0.9999693632125854,3.319541792734526e-05,0.0,0.011669158935546875,0.01,1.0,1.0,True,0.8568159529257927,0.8568159529257927,1.0,50,0.010134030728996404,0.010134030728996404,1.0,0.8568159529257927,0.00024574995040893555,0.0006443262100219727,0.7316116377901275,0.9524106519296766,0.6213773207738996,0.1,0.8,/vols/sbn/uboone/an1522/cam_methods/occlusion/D_busy/run1_signal/mpid/occlusion__ENTRY_628_meta_8.txt
occlusion,mpid,/home/hep/an1522/dark_tridents_wspace/outputs/weights/DM-CNN_model_20260116-10_22_PM_epoch_4_batch_id_1961_labels_2_title_0.001_AG_GN_LM_TRAINING_step_9821.pwf,/data/run1_dt_ratio_0.6_ma_0.1_eta_larcv_cropped.root,0.1,756,3790,0,,16,D_busy,0.999954104423523,4.930467912345193e-05,0.0,0.01445770263671875,0.01,1.0,1.0,True,0.6915567282321899,0.6915567282321899,1.0,82,0.010026385224274407,0.010026385224274407,1.0,0.6915567282321899,0.0022958743572235765,0.010209262371063232,0.6783641160949868,0.9523900168016554,0.26244773957878353,0.1,0.1,/vols/sbn/uboone/an1522/cam_methods/occlusion/D_busy/run1_signal/mpid/occlusion__ENTRY_756_meta_16.txt
occlusion,mpid,/home/hep/an1522/dark_tridents_wspace/outputs/weights/DM-CNN_model_20260116-10_22_PM_epoch_4_batch_id_1961_labels_2_title_0.001_AG_GN_LM_TRAINING_step_9821.pwf,/data/run1_dt_ratio_0.6_ma_0.1_eta_larcv_cropped.root,0.1,756,3790,0,,2,D_busy,0.999954104423523,4.928958514938131e-05,0.0,0.01445770263671875,0.01,1.0,1.0,True,0.6915567282321899,0.6915567282321899,1.0,109,0.010026385224274407,0.010026385224274407,1.0,0.6915567282321899,2.1973848342895553e-05,0.00022488832473754883,0.6327176781002638,0.952394074946642,0.7858120195567607,0.1,0.9,/vols/sbn/uboone/an1522/cam_methods/occlusion/D_busy/run1_signal/mpid/occlusion__ENTRY_756_meta_2.txt
occlusion,mpid,/home/hep/an1522/dark_tridents_wspace/outputs/weights/DM-CNN_model_20260116-10_22_PM_epoch_4_batch_id_1961_labels_2_title_0.001_AG_GN_LM_TRAINING_step_9821.pwf,/data/run1_dt_ratio_0.6_ma_0.1_eta_larcv_cropped.root,0.1,756,3790,0,,4,D_busy,0.999954104423523,4.928958514938131e-05,0.0,0.01445770263671875,0.01,1.0,1.0,True,0.6915567282321899,0.6915567282321899,1.0,97,0.010026385224274407,0.010026385224274407,1.0,0.6915567282321899,5.0491094589233474e-05,0.0002148747444152832,0.6577836411609499,0.9523914404213429,0.6546575538814068,0.1,0.8,/vols/sbn/uboone/an1522/cam_methods/occlusion/D_busy/run1_signal/mpid/occlusion__ENTRY_756_meta_4.txt
occlusion,mpid,/home/hep/an1522/dark_tridents_wspace/outputs/weights/DM-CNN_model_20260116-10_22_PM_epoch_4_batch_id_1961_labels_2_title_0.001_AG_GN_LM_TRAINING_step_9821.pwf,/data/run1_dt_ratio_0.6_ma_0.1_eta_larcv_cropped.root,0.1,756,3790,0,,8,D_busy,0.999954104423523,4.928958514938131e-05,0.0,0.01445770263671875,0.01,1.0,1.0,True,0.6915567282321899,0.6915567282321899,1.0,81,0.010026385224274407,0.010026385224274407,1.0,0.6915567282321899,0.0001614689826965332,0.0010004043579101562,0.6675461741424802,0.9523967571556569,0.5940359976142645,0.1,0.7000000000000001,/vols/sbn/uboone/an1522/cam_methods/occlusion/D_busy/run1_signal/mpid/occlusion__ENTRY_756_meta_8.txt
occlusion,resnet34_gn,/home/hep/an1522/dark_tridents_wspace/outputs/weights/resnet34_gn/resnet34_gn_model_20260123-12_20_AM_epoch_4_batch_id_1961_labels_2_step_9821.pwf,/data/run1_dt_ratio_0.6_ma_0.04_eta_larcv_cropped.root,0.04,1580,4006,0,,16,D_busy,0.9985255599021912,0.0014699223684147,0.0,0.01528167724609375,0.01,1.0,1.0,True,0.6542685971043435,0.6542685971043435,1.0,55,0.00998502246630055,0.00998502246630055,1.0,0.6542685971043435,0.04382956027984619,0.2245922088623047,0.36495257114328505,0.9584003761410713,0.12344255726784467,0.1,0.1,/vols/sbn/uboone/an1522/cam_methods/occlusion/D_busy/run1_signal/resnet34_gn/occlusion__ENTRY_1580_meta_16.txt
occlusion,resnet34_gn,/home/hep/an1522/dark_tridents_wspace/outputs/weights/resnet34_gn/resnet34_gn_model_20260123-12_20_AM_epoch_4_batch_id_1961_labels_2_step_9821.pwf,/data/run1_dt_ratio_0.6_ma_0.04_eta_larcv_cropped.root,0.04,1580,4006,0,,2,D_busy,0.9985254406929016,0.0014699986204504967,0.0,0.01528167724609375,0.01,1.0,1.0,True,0.6542685971043435,0.6542685971043435,1.0,72,0.00998502246630055,0.00998502246630055,1.0,0.6542685971043435,0.0009555399417877191,0.027932345867156982,0.4063904143784324,0.9582238003611564,0.22963399142026902,0.1,0.1,/vols/sbn/uboone/an1522/cam_methods/occlusion/D_busy/run1_signal/resnet34_gn/occlusion__ENTRY_1580_meta_2.txt
occlusion,resnet34_gn,/home/hep/an1522/dark_tridents_wspace/outputs/weights/resnet34_gn/resnet34_gn_model_20260123-12_20_AM_epoch_4_batch_id_1961_labels_2_step_9821.pwf,/data/run1_dt_ratio_0.6_ma_0.04_eta_larcv_cropped.root,0.04,1580,4006,0,,4,D_busy,0.9985254406929016,0.0014699986204504967,0.0,0.01528167724609375,0.01,1.0,1.0,True,0.6542685971043435,0.6542685971043435,1.0,48,0.00998502246630055,0.00998502246630055,1.0,0.6542685971043435,0.0021106600761413574,0.016094863414764404,0.3472291562656016,0.9582874640822411,0.1221505034714937,0.1,0.1,/vols/sbn/uboone/an1522/cam_methods/occlusion/D_busy/run1_signal/resnet34_gn/occlusion__ENTRY_1580_meta_4.txt
occlusion,resnet34_gn,/home/hep/an1522/dark_tridents_wspace/outputs/weights/resnet34_gn/resnet34_gn_model_20260123-12_20_AM_epoch_4_batch_id_1961_labels_2_step_9821.pwf,/data/run1_dt_ratio_0.6_ma_0.04_eta_larcv_cropped.root,0.04,1580,4006,0,,8,D_busy,0.9985255599021912,0.0014699223684147,0.0,0.01528167724609375,0.01,1.0,1.0,True,0.6542685971043435,0.6542685971043435,1.0,44,0.00998502246630055,0.00998502246630055,1.0,0.6542685971043435,0.008295416831970215,0.03432673215866089,0.33399900149775336,0.9583116129040719,0.17555415630340582,0.1,0.1,/vols/sbn/uboone/an1522/cam_methods/occlusion/D_busy/run1_signal/resnet34_gn/occlusion__ENTRY_1580_meta_8.txt
occlusion,resnet34_gn,/home/hep/an1522/dark_tridents_wspace/outputs/weights/resnet34_gn/resnet34_gn_model_20260123-12_20_AM_epoch_4_batch_id_1961_labels_2_step_9821.pwf,/data/run1_dt_ratio_0.6_ma_0.08_pi0_larcv_cropped.root,0.08,2243,3904,0,,16,D_busy,0.9978740215301514,0.0021304483525455,0.0,0.014892578125,0.01,1.0,1.0,True,0.6713627049180327,0.6713627049180327,1.0,38,0.009989754098360656,0.009989754098360656,1.0,0.6713627049180327,0.0035392045974731445,0.01524585485458374,0.5730020491803278,0.9576322928071022,0.13562447540462017,0.1,0.1,/vols/sbn/uboone/an1522/cam_methods/occlusion/D_busy/run1_signal/resnet34_gn/occlusion__ENTRY_2243_meta_16.txt
occlusion,resnet34_gn,/home/hep/an1522/dark_tridents_wspace/outputs/weights/resnet34_gn/resnet34_gn_model_20260123-12_20_AM_epoch_4_batch_id_1961_labels_2_step_9821.pwf,/data/run1_dt_ratio_0.6_ma_0.08_pi0_larcv_cropped.root,0.08,2243,3904,0,,2,D_busy,0.9978744983673096,0.0021300327498465776,0.0,0.014892578125,0.01,1.0,1.0,True,0.6713627049180327,0.6713627049180327,1.0,73,0.009989754098360656,0.009989754098360656,1.0,0.6713627049180327,0.0008884799480438194,0.02459484338760376,0.5473872950819673,0.9576208218932152,0.12513034855946897,0.1,0.1,/vols/sbn/uboone/an1522/cam_methods/occlusion/D_busy/run1_signal/resnet34_gn/occlusion__ENTRY_2243_meta_2.txt
occlusion,resnet34_gn,/home/hep/an1522/dark_tridents_wspace/outputs/weights/resnet34_gn/resnet34_gn_model_20260123-12_20_AM_epoch_4_batch_id_1961_labels_2_step_9821.pwf,/data/run1_dt_ratio_0.6_ma_0.08_pi0_larcv_cropped.root,0.08,2243,3904,0,,4,D_busy,0.9978744983673096,0.0021300327498465776,0.0,0.014892578125,0.01,1.0,1.0,True,0.6713627049180327,0.6713627049180327,1.0,75,0.009989754098360656,0.009989754098360656,1.0,0.6713627049180327,0.001195073127746582,0.01749664545059204,0.5268954918032787,0.957703797519207,0.2926292046904564,0.1,0.1,/vols/sbn/uboone/an1522/cam_methods/occlusion/D_busy/run1_signal/resnet34_gn/occlusion__ENTRY_2243_meta_4.txt
occlusion,resnet34_gn,/home/hep/an1522/dark_tridents_wspace/outputs/weights/resnet34_gn/resnet34_gn_model_20260123-12_20_AM_epoch_4_batch_id_1961_labels_2_step_9821.pwf,/data/run1_dt_ratio_0.6_ma_0.08_pi0_larcv_cropped.root,0.08,2243,3904,0,,8,D_busy,0.9978744983673096,0.0021300327498465776,0.0,0.014892578125,0.01,1.0,1.0,True,0.6713627049180327,0.6713627049180327,1.0,64,0.009989754098360656,0.009989754098360656,1.0,0.6713627049180327,0.0029729175567626723,0.01707977056503296,0.5438012295081968,0.9576889023184776,0.40179395154118547,0.1,0.1,/vols/sbn/uboone/an1522/cam_methods/occlusion/D_busy/run1_signal/resnet34_gn/occlusion__ENTRY_2243_meta_8.txt
occlusion,resnet34_gn,/home/hep/an1522/dark_tridents_wspace/outputs/weights/resnet34_gn/resnet34_gn_model_20260123-12_20_AM_epoch_4_batch_id_1961_labels_2_step_9821.pwf,/data/run1_dt_ratio_0.6_ma_0.09_eta_larcv_cropped.root,0.09,261,3461,0,,16,D_busy,0.9962258338928223,0.003778158687055111,0.0,0.013202667236328125,0.01,1.0,1.0,True,0.7572955793123375,0.7572955793123375,1.0,58,0.010112684195319271,0.010112684195319271,1.0,0.7572955793123375,0.16114342212677002,0.4676581025123596,0.5079456804391794,0.9563918724656104,0.12213916443288328,0.1,0.1,/vols/sbn/uboone/an1522/cam_methods/occlusion/D_busy/run1_signal/resnet34_gn/occlusion__ENTRY_261_meta_16.txt
occlusion,resnet34_gn,/home/hep/an1522/dark_tridents_wspace/outputs/weights/resnet34_gn/resnet34_gn_model_20260123-12_20_AM_epoch_4_batch_id_1961_labels_2_step_9821.pwf,/data/run1_dt_ratio_0.6_ma_0.09_eta_larcv_cropped.root,0.09,261,3461,0,,2,D_busy,0.9962252378463745,0.0037787454202771187,0.0,0.013202667236328125,0.01,1.0,1.0,True,0.7572955793123375,0.7572955793123375,1.0,73,0.010112684195319271,0.010112684195319271,1.0,0.7572955793123375,0.0027707934379577665,0.04301571846008301,0.52845998266397,0.9560036405920982,0.1267446368932724,0.1,0.1,/vols/sbn/uboone/an1522/cam_methods/occlusion/D_busy/run1_signal/resnet34_gn/occlusion__ENTRY_261_meta_2.txt
occlusion,resnet34_gn,/home/hep/an1522/dark_tridents_wspace/outputs/weights/resnet34_gn/resnet34_gn_model_20260123-12_20_AM_epoch_4_batch_id_1961_labels_2_step_9821.pwf,/data/run1_dt_ratio_0.6_ma_0.09_eta_larcv_cropped.root,0.09,261,3461,0,,4,D_busy,0.9962252378463745,0.0037787454202771187,0.0,0.013202667236328125,0.01,1.0,1.0,True,0.7572955793123375,0.7572955793123375,1.0,76,0.010112684195319271,0.010112684195319271,1.0,0.7572955793123375,0.006461381912231445,0.045551836490631104,0.48945391505345276,0.955966804921627,0.16738495379686358,0.1,0.1,/vols/sbn/uboone/an1522/cam_methods/occlusion/D_busy/run1_signal/resnet34_gn/occlusion__ENTRY_261_meta_4.txt
occlusion,resnet34_gn,/home/hep/an1522/dark_tridents_wspace/outputs/weights/resnet34_gn/resnet34_gn_model_20260123-12_20_AM_epoch_4_batch_id_1961_labels_2_step_9821.pwf,/data/run1_dt_ratio_0.6_ma_0.09_eta_larcv_cropped.root,0.09,261,3461,0,,8,D_busy,0.9962258338928223,0.003778158687055111,0.0,0.013202667236328125,0.01,1.0,1.0,True,0.7572955793123375,0.7572955793123375,1.0,78,0.010112684195319271,0.010112684195319271,1.0,0.7572955793123375,0.0224258422851563,0.09201401472091675,0.4556486564576712,0.9560428217053414,0.24963405579328535,0.1,0.1,/vols/sbn/uboone/an1522/cam_methods/occlusion/D_busy/run1_signal/resnet34_gn/occlusion__ENTRY_261_meta_8.txt
occlusion,resnet34_gn,/home/hep/an1522/dark_tridents_wspace/outputs/weights/resnet34_gn/resnet34_gn_model_20260123-12_20_AM_epoch_4_batch_id_1961_labels_2_step_9821.pwf,/data/run1_dt_ratio_0.6_ma_0.1_eta_larcv_cropped.root,0.1,2641,4023,0,,16,D_busy,0.9987545013427734,0.0012502351310104132,0.0,0.015346527099609375,0.01,1.0,1.0,True,0.6515038528461348,0.6515038528461348,1.0,72,0.009942828734775044,0.009942828734775044,1.0,0.6515038528461348,0.03350299596786499,0.08523482084274292,0.5973154362416108,0.9582839265465737,0.19382892996072767,0.1,0.1,/vols/sbn/uboone/an1522/cam_methods/occlusion/D_busy/run1_signal/resnet34_gn/occlusion__ENTRY_2641_meta_16.txt
occlusion,resnet34_gn,/home/hep/an1522/dark_tridents_wspace/outputs/weights/resnet34_gn/resnet34_gn_model_20260123-12_20_AM_epoch_4_batch_id_1961_labels_2_step_9821.pwf,/data/run1_dt_ratio_0.6_ma_0.1_eta_larcv_cropped.root,0.1,2641,4023,0,,2,D_busy,0.9987545013427734,0.0012502351310104132,0.0,0.015346527099609375,0.01,1.0,1.0,True,0.6515038528461348,0.6515038528461348,1.0,88,0.009942828734775044,0.009942828734775044,1.0,0.6515038528461348,0.0004783213138580291,0.06068527698516846,0.5438727317921949,0.9584715202450753,0.18178379796445368,0.1,0.1,/vols/sbn/uboone/an1522/cam_methods/occlusion/D_busy/run1_signal/resnet34_gn/occlusion__ENTRY_2641_meta_2.txt
occlusion,resnet34_gn,/home/hep/an1522/dark_tridents_wspace/outputs/weights/resnet34_gn/resnet34_gn_model_20260123-12_20_AM_epoch_4_batch_id_1961_labels_2_step_9821.pwf,/data/run1_dt_ratio_0.6_ma_0.1_eta_larcv_cropped.root,0.1,2641,4023,0,,4,D_busy,0.9987545013427734,0.0012502351310104132,0.0,0.015346527099609375,0.01,1.0,1.0,True,0.6515038528461348,0.6515038528461348,1.0,70,0.009942828734775044,0.009942828734775044,1.0,0.6515038528461348,0.0013900256156921288,0.06748628616333008,0.5612726820780513,0.9585011914372445,0.14503994435071943,0.1,0.1,/vols/sbn/uboone/an1522/cam_methods/occlusion/D_busy/run1_signal/resnet34_gn/occlusion__ENTRY_2641_meta_4.txt
occlusion,resnet34_gn,/home/hep/an1522/dark_tridents_wspace/outputs/weights/resnet34_gn/resnet34_gn_model_20260123-12_20_AM_epoch_4_batch_id_1961_labels_2_step_9821.pwf,/data/run1_dt_ratio_0.6_ma_0.1_eta_larcv_cropped.root,0.1,2641,4023,0,,8,D_busy,0.9987545013427734,0.0012502351310104132,0.0,0.015346527099609375,0.01,1.0,1.0,True,0.6515038528461348,0.6515038528461348,1.0,62,0.009942828734775044,0.009942828734775044,1.0,0.6515038528461348,0.012728158235549913,0.11180609464645386,0.5384041759880686,0.9585631206631661,0.2552575722336769,0.1,0.1,/vols/sbn/uboone/an1522/cam_methods/occlusion/D_busy/run1_signal/resnet34_gn/occlusion__ENTRY_2641_meta_8.txt
occlusion,resnet34_gn,/home/hep/an1522/dark_tridents_wspace/outputs/weights/resnet34_gn/resnet34_gn_model_20260123-12_20_AM_epoch_4_batch_id_1961_labels_2_step_9821.pwf,/data/run1_dt_ratio_0.6_ma_0.09_eta_larcv_cropped.root,0.09,390,3040,0,,16,D_busy,0.9955311417579651,0.004452862776815891,0.0,0.0115966796875,0.01,1.0,1.0,True,0.8621710526315789,0.8621710526315789,1.0,36,0.009868421052631578,0.009868421052631578,1.0,0.8621710526315789,0.22392237186431885,0.4867795705795288,0.5036184210526315,0.9555012539029122,0.21431105518713595,0.1,0.1,/vols/sbn/uboone/an1522/cam_methods/occlusion/D_busy/run1_signal/resnet34_gn/occlusion__ENTRY_390_meta_16.txt
occlusion,resnet34_gn,/home/hep/an1522/dark_tridents_wspace/outputs/weights/resnet34_gn/resnet34_gn_model_20260123-12_20_AM_epoch_4_batch_id_1961_labels_2_step_9821.pwf,/data/run1_dt_ratio_0.6_ma_0.09_eta_larcv_cropped.root,0.09,390,3040,0,,2,D_busy,0.9955311417579651,0.004452862776815891,0.0,0.0115966796875,0.01,1.0,1.0,True,0.8621710526315789,0.8621710526315789,1.0,68,0.009868421052631578,0.009868421052631578,1.0,0.8621710526315789,0.00860912263393424,0.19675993919372559,0.5654605263157895,0.9554652765393258,0.09134794380515815,0.1,0.1,/vols/sbn/uboone/an1522/cam_methods/occlusion/D_busy/run1_signal/resnet34_gn/occlusion__ENTRY_390_meta_2.txt
occlusion,resnet34_gn,/home/hep/an1522/dark_tridents_wspace/outputs/weights/resnet34_gn/resnet34_gn_model_20260123-12_20_AM_epoch_4_batch_id_1961_labels_2_step_9821.pwf,/data/run1_dt_ratio_0.6_ma_0.09_eta_larcv_cropped.root,0.09,390,3040,0,,4,D_busy,0.9955320358276367,0.004451945424079895,0.0,0.0115966796875,0.01,1.0,1.0,True,0.8621710526315789,0.8621710526315789,1.0,61,0.009868421052631578,0.009868421052631578,1.0,0.8621710526315789,0.019298083186149624,0.13826477527618408,0.5325657894736842,0.9553682222962379,0.1265042692422867,0.1,0.1,/vols/sbn/uboone/an1522/cam_methods/occlusion/D_busy/run1_signal/resnet34_gn/occlusion__ENTRY_390_meta_4.txt
occlusion,resnet34_gn,/home/hep/an1522/dark_tridents_wspace/outputs/weights/resnet34_gn/resnet34_gn_model_20260123-12_20_AM_epoch_4_batch_id_1961_labels_2_step_9821.pwf,/data/run1_dt_ratio_0.6_ma_0.09_eta_larcv_cropped.root,0.09,390,3040,0,,8,D_busy,0.9955320358276367,0.004451945424079895,0.0,0.0115966796875,0.01,1.0,1.0,True,0.8621710526315789,0.8621710526315789,1.0,55,0.009868421052631578,0.009868421052631578,1.0,0.8621710526315789,0.03588604927062988,0.09680813550949097,0.5049342105263158,0.9554386809468269,0.16224703192710876,0.1,0.1,/vols/sbn/uboone/an1522/cam_methods/occlusion/D_busy/run1_signal/resnet34_gn/occlusion__ENTRY_390_meta_8.txt
occlusion,resnet34_gn,/home/hep/an1522/dark_tridents_wspace/outputs/weights/resnet34_gn/resnet34_gn_model_20260123-12_20_AM_epoch_4_batch_id_1961_labels_2_step_9821.pwf,/data/run1_dt_ratio_0.6_ma_0.3_eta_larcv_cropped.root,0.3,4010,3556,0,,16,D_busy,0.9938212037086487,0.006159856915473938,0.0,0.0135650634765625,0.01,1.0,1.0,True,0.7370641169853769,0.7370641169853769,1.0,59,0.010123734533183352,0.010123734533183352,1.0,0.7370641169853769,0.16359609365463257,0.2747712731361389,0.46794150731158607,0.9528741344809531,0.10102810747921465,0.1,0.1,/vols/sbn/uboone/an1522/cam_methods/occlusion/D_busy/run1_signal/resnet34_gn/occlusion__ENTRY_4010_meta_16.txt
occlusion,resnet34_gn,/home/hep/an1522/dark_tridents_wspace/outputs/weights/resnet34_gn/resnet34_gn_model_20260123-12_20_AM_epoch_4_batch_id_1961_labels_2_step_9821.pwf,/data/run1_dt_ratio_0.6_ma_0.3_eta_larcv_cropped.root,0.3,4010,3556,0,,2,D_busy,0.9938212037086487,0.006159856915473938,0.0,0.0135650634765625,0.01,1.0,1.0,True,0.7370641169853769,0.7370641169853769,1.0,60,0.010123734533183352,0.010123734533183352,1.0,0.7370641169853769,0.01848105192184443,0.3235260844230652,0.37851518560179975,0.9537696406245231,0.12901886645704505,0.1,0.1,/vols/sbn/uboone/an1522/cam_methods/occlusion/D_busy/run1_signal/resnet34_gn/occlusion__ENTRY_4010_meta_2.txt
occlusion,resnet34_gn,/home/hep/an1522/dark_tridents_wspace/outputs/weights/resnet34_gn/resnet34_gn_model_20260123-12_20_AM_epoch_4_batch_id_1961_labels_2_step_9821.pwf,/data/run1_dt_ratio_0.6_ma_0.3_eta_larcv_cropped.root,0.3,4010,3556,0,,4,D_busy,0.9938223361968994,0.006158637348562479,0.0,0.0135650634765625,0.01,1.0,1.0,True,0.7370641169853769,0.7370641169853769,1.0,46,0.010123734533183352,0.010123734533183352,1.0,0.7370641169853769,0.03241729736328125,0.3921096920967102,0.3422384701912261,0.9535673901438713,0.12122049666941165,0.1,0.1,/vols/sbn/uboone/an1522/cam_methods/occlusion/D_busy/run1_signal/resnet34_gn/occlusion__ENTRY_4010_meta_4.txt
occlusion,resnet34_gn,/home/hep/an1522/dark_tridents_wspace/outputs/weights/resnet34_gn/resnet34_gn_model_20260123-12_20_AM_epoch_4_batch_id_1961_labels_2_step_9821.pwf,/data/run1_dt_ratio_0.6_ma_0.3_eta_larcv_cropped.root,0.3,4010,3556,0,,8,D_busy,0.9938212037086487,0.006159856915473938,0.0,0.0135650634765625,0.01,1.0,1.0,True,0.7370641169853769,0.7370641169853769,1.0,54,0.010123734533183352,0.010123734533183352,1.0,0.7370641169853769,0.09851604700088501,0.38297146558761597,0.3858267716535433,0.9534576043486593,0.12152588693425057,0.1,0.1,/vols/sbn/uboone/an1522/cam_methods/occlusion/D_busy/run1_signal/resnet34_gn/occlusion__ENTRY_4010_meta_8.txt
occlusion,resnet34_gn,/home/hep/an1522/dark_tridents_wspace/outputs/weights/resnet34_gn/resnet34_gn_model_20260123-12_20_AM_epoch_4_batch_id_1961_labels_2_step_9821.pwf,/data/run1_dt_ratio_0.6_ma_0.1_eta_larcv_cropped.root,0.1,4256,3453,0,,16,D_busy,0.9928718209266663,0.0070994459092617035,0.0,0.013172149658203125,0.01,1.0,1.0,True,0.7590501013611353,0.7590501013611353,1.0,40,0.010136113524471474,0.010136113524471474,1.0,0.7590501013611353,0.1585727334022522,0.7506675124168396,0.18071242397914858,0.9525878235697747,0.06779161300510168,0.1,0.1,/vols/sbn/uboone/an1522/cam_methods/occlusion/D_busy/run1_signal/resnet34_gn/occlusion__ENTRY_4256_meta_16.txt
occlusion,resnet34_gn,/home/hep/an1522/dark_tridents_wspace/outputs/weights/resnet34_gn/resnet34_gn_model_20260123-12_20_AM_epoch_4_batch_id_1961_labels_2_step_9821.pwf,/data/run1_dt_ratio_0.6_ma_0.1_eta_larcv_cropped.root,0.1,4256,3453,0,,2,D_busy,0.9928718209266663,0.0070994459092617035,0.0,0.013172149658203125,0.01,1.0,1.0,True,0.7590501013611353,0.7590501013611353,1.0,47,0.010136113524471474,0.010136113524471474,1.0,0.7590501013611353,0.011859233379364014,0.08662766218185425,0.3443382565884738,0.9526037558913231,0.07178038749843835,0.1,0.1,/vols/sbn/uboone/an1522/cam_methods/occlusion/D_busy/run1_signal/resnet34_gn/occlusion__ENTRY_4256_meta_2.txt
occlusion,resnet34_gn,/home/hep/an1522/dark_tridents_wspace/outputs/weights/resnet34_gn/resnet34_gn_model_20260123-12_20_AM_epoch_4_batch_id_1961_labels_2_step_9821.pwf,/data/run1_dt_ratio_0.6_ma_0.1_eta_larcv_cropped.root,0.1,4256,3453,0,,4,D_busy,0.9928718209266663,0.0070994459092617035,0.0,0.013172149658203125,0.01,1.0,1.0,True,0.7590501013611353,0.7590501013611353,1.0,38,0.010136113524471474,0.010136113524471474,1.0,0.7590501013611353,0.020599842071533203,0.07736074924468994,0.2713582392122792,0.9523844942450523,0.06814522622153163,0.1,0.1,/vols/sbn/uboone/an1522/cam_methods/occlusion/D_busy/run1_signal/resnet34_gn/occlusion__ENTRY_4256_meta_4.txt
occlusion,resnet34_gn,/home/hep/an1522/dark_tridents_wspace/outputs/weights/resnet34_gn/resnet34_gn_model_20260123-12_20_AM_epoch_4_batch_id_1961_labels_2_step_9821.pwf,/data/run1_dt_ratio_0.6_ma_0.1_eta_larcv_cropped.root,0.1,4256,3453,0,,8,D_busy,0.9928730726242065,0.007098195608705282,0.0,0.013172149658203125,0.01,1.0,1.0,True,0.7590501013611353,0.7590501013611353,1.0,36,0.010136113524471474,0.010136113524471474,1.0,0.7590501013611353,0.04091465473175049,0.17821663618087769,0.18129163046626123,0.9528665408492089,0.11259306846186519,0.1,0.1,/vols/sbn/uboone/an1522/cam_methods/occlusion/D_busy/run1_signal/resnet34_gn/occlusion__ENTRY_4256_meta_8.txt
occlusion,resnet34_gn,/home/hep/an1522/dark_tridents_wspace/outputs/weights/resnet34_gn/resnet34_gn_model_20260123-12_20_AM_epoch_4_batch_id_1961_labels_2_step_9821.pwf,/data/run1_dt_ratio_0.6_ma_0.07_eta_larcv_cropped.root,0.07,430,3221,0,,16,D_busy,0.9994657635688782,0.0005336953909136355,0.0,0.012287139892578125,0.01,1.0,1.0,True,0.8137224464452033,0.8137224464452033,1.0,68,0.009934802856255821,0.009934802856255821,1.0,0.8137224464452033,0.6019085645675659,0.6019085645675659,0.668115492083204,0.9591107890009879,0.103483809530735,0.1,0.1,/vols/sbn/uboone/an1522/cam_methods/occlusion/D_busy/run1_signal/resnet34_gn/occlusion__ENTRY_430_meta_16.txt
occlusion,resnet34_gn,/home/hep/an1522/dark_tridents_wspace/outputs/weights/resnet34_gn/resnet34_gn_model_20260123-12_20_AM_epoch_4_batch_id_1961_labels_2_step_9821.pwf,/data/run1_dt_ratio_0.6_ma_0.07_eta_larcv_cropped.root,0.07,430,3221,0,,2,D_busy,0.9994657635688782,0.0005336953909136355,0.0,0.012287139892578125,0.01,1.0,1.0,True,0.8137224464452033,0.8137224464452033,1.0,64,0.009934802856255821,0.009934802856255821,1.0,0.8137224464452033,0.0005036711692810067,0.04308760166168213,0.2660664389941012,0.9591127321124078,0.06162290859501809,0.1,0.1,/vols/sbn/uboone/an1522/cam_methods/occlusion/D_busy/run1_signal/resnet34_gn/occlusion__ENTRY_430_meta_2.txt
occlusion,resnet34_gn,/home/hep/an1522/dark_tridents_wspace/outputs/weights/resnet34_gn/resnet34_gn_model_20260123-12_20_AM_epoch_4_batch_id_1961_labels_2_step_9821.pwf,/data/run1_dt_ratio_0.6_ma_0.07_eta_larcv_cropped.root,0.07,430,3221,0,,4,D_busy,0.9994657635688782,0.0005337597103789449,0.0,0.012287139892578125,0.01,1.0,1.0,True,0.8137224464452033,0.8137224464452033,1.0,67,0.009934802856255821,0.009934802856255821,1.0,0.8137224464452033,0.0013643741607666073,0.04661756753921509,0.3023905619372866,0.959112037718296,0.06255899975076318,0.1,0.1,/vols/sbn/uboone/an1522/cam_methods/occlusion/D_busy/run1_signal/resnet34_gn/occlusion__ENTRY_430_meta_4.txt
occlusion,resnet34_gn,/home/hep/an1522/dark_tridents_wspace/outputs/weights/resnet34_gn/resnet34_gn_model_20260123-12_20_AM_epoch_4_batch_id_1961_labels_2_step_9821.pwf,/data/run1_dt_ratio_0.6_ma_0.07_eta_larcv_cropped.root,0.07,430,3221,0,,8,D_busy,0.9994657635688782,0.0005336953909136355,0.0,0.012287139892578125,0.01,1.0,1.0,True,0.8137224464452033,0.8137224464452033,1.0,64,0.009934802856255821,0.009934802856255821,1.0,0.8137224464452033,0.009006071090698318,0.11039167642593384,0.504501707544241,0.9590961322188378,0.06358334338292479,0.1,0.1,/vols/sbn/uboone/an1522/cam_methods/occlusion/D_busy/run1_signal/resnet34_gn/occlusion__ENTRY_430_meta_8.txt
occlusion,resnet34_gn,/home/hep/an1522/dark_tridents_wspace/outputs/weights/resnet34_gn/resnet34_gn_model_20260123-12_20_AM_epoch_4_batch_id_1961_labels_2_step_9821.pwf,/data/run1_dt_ratio_0.6_ma_0.04_eta_larcv_cropped.root,0.04,628,3059,0,,16,D_busy,0.9997062087059021,0.00029414636082947254,0.0,0.011669158935546875,0.01,1.0,1.0,True,0.8568159529257927,0.8568159529257927,1.0,54,0.010134030728996404,0.010134030728996404,1.0,0.8568159529257927,0.00590139627456665,0.029466986656188965,0.7191892775416803,0.9593358531594275,0.06825488237664104,0.1,0.1,/vols/sbn/uboone/an1522/cam_methods/occlusion/D_busy/run1_signal/resnet34_gn/occlusion__ENTRY_628_meta_16.txt
occlusion,resnet34_gn,/home/hep/an1522/dark_tridents_wspace/outputs/weights/resnet34_gn/resnet34_gn_model_20260123-12_20_AM_epoch_4_batch_id_1961_labels_2_step_9821.pwf,/data/run1_dt_ratio_0.6_ma_0.04_eta_larcv_cropped.root,0.04,628,3059,0,,2,D_busy,0.9997062087059021,0.00029414636082947254,0.0,0.011669158935546875,0.01,1.0,1.0,True,0.8568159529257927,0.8568159529257927,1.0,51,0.010134030728996404,0.010134030728996404,1.0,0.8568159529257927,0.00036202311515808386,0.004782438278198242,0.5786204642039883,0.9593403771519661,0.07210529432632029,0.1,0.1,/vols/sbn/uboone/an1522/cam_methods/occlusion/D_busy/run1_signal/resnet34_gn/occlusion__ENTRY_628_meta_2.txt
occlusion,resnet34_gn,/home/hep/an1522/dark_tridents_wspace/outputs/weights/resnet34_gn/resnet34_gn_model_20260123-12_20_AM_epoch_4_batch_id_1961_labels_2_step_9821.pwf,/data/run1_dt_ratio_0.6_ma_0.04_eta_larcv_cropped.root,0.04,628,3059,0,,4,D_busy,0.9997062087059021,0.00029417694895528257,0.0,0.011669158935546875,0.01,1.0,1.0,True,0.8568159529257927,0.8568159529257927,1.0,52,0.010134030728996404,0.010134030728996404,1.0,0.8568159529257927,0.0008722543716430664,0.0038571953773498535,0.5962732919254659,0.959339402616024,0.07076047845184803,0.1,0.1,/vols/sbn/uboone/an1522/cam_methods/occlusion/D_busy/run1_signal/resnet34_gn/occlusion__ENTRY_628_meta_4.txt
occlusion,resnet34_gn,/home/hep/an1522/dark_tridents_wspace/outputs/weights/resnet34_gn/resnet34_gn_model_20260123-12_20_AM_epoch_4_batch_id_1961_labels_2_step_9821.pwf,/data/run1_dt_ratio_0.6_ma_0.04_eta_larcv_cropped.root,0.04,628,3059,0,,8,D_busy,0.9997062087059021,0.00029417694895528257,0.0,0.011669158935546875,0.01,1.0,1.0,True,0.8568159529257927,0.8568159529257927,1.0,42,0.010134030728996404,0.010134030728996404,1.0,0.8568159529257927,0.0017293167114258037,0.0050620436668396,0.6541353383458647,0.9593362733721733,0.07375277634710074,0.1,0.1,/vols/sbn/uboone/an1522/cam_methods/occlusion/D_busy/run1_signal/resnet34_gn/occlusion__ENTRY_628_meta_8.txt
occlusion,resnet34_gn,/home/hep/an1522/dark_tridents_wspace/outputs/weights/resnet34_gn/resnet34_gn_model_20260123-12_20_AM_epoch_4_batch_id_1961_labels_2_step_9821.pwf,/data/run1_dt_ratio_0.6_ma_0.1_eta_larcv_cropped.root,0.1,756,3790,0,,16,D_busy,0.9995192289352417,0.0004809764795936644,0.0,0.01445770263671875,0.01,1.0,1.0,True,0.6915567282321899,0.6915567282321899,1.0,63,0.010026385224274407,0.010026385224274407,1.0,0.6915567282321899,0.01057217299938208,0.22737693786621094,0.6398416886543535,0.9592073902487755,0.08601974113844334,0.1,0.1,/vols/sbn/uboone/an1522/cam_methods/occlusion/D_busy/run1_signal/resnet34_gn/occlusion__ENTRY_756_meta_16.txt
occlusion,resnet34_gn,/home/hep/an1522/dark_tridents_wspace/outputs/weights/resnet34_gn/resnet34_gn_model_20260123-12_20_AM_epoch_4_batch_id_1961_labels_2_step_9821.pwf,/data/run1_dt_ratio_0.6_ma_0.1_eta_larcv_cropped.root,0.1,756,3790,0,,2,D_busy,0.9995192289352417,0.0004810078244190663,0.0,0.01445770263671875,0.01,1.0,1.0,True,0.6915567282321899,0.6915567282321899,1.0,74,0.010026385224274407,0.010026385224274407,1.0,0.6915567282321899,0.0002494192123413101,0.0037527084350585938,0.41213720316622693,0.9591743007302284,0.09768562670797111,0.1,0.1,/vols/sbn/uboone/an1522/cam_methods/occlusion/D_busy/run1_signal/resnet34_gn/occlusion__ENTRY_756_meta_2.txt
occlusion,resnet34_gn,/home/hep/an1522/dark_tridents_wspace/outputs/weights/resnet34_gn/resnet34_gn_model_20260123-12_20_AM_epoch_4_batch_id_1961_labels_2_step_9821.pwf,/data/run1_dt_ratio_0.6_ma_0.1_eta_larcv_cropped.root,0.1,756,3790,0,,4,D_busy,0.9995192289352417,0.0004810078244190663,0.0,0.01445770263671875,0.01,1.0,1.0,True,0.6915567282321899,0.6915567282321899,1.0,66,0.010026385224274407,0.010026385224274407,1.0,0.6915567282321899,0.00040649831295013795,0.003586709499359131,0.36147757255936674,0.9591804638504982,0.08680175207555293,0.1,0.1,/vols/sbn/uboone/an1522/cam_methods/occlusion/D_busy/run1_signal/resnet34_gn/occlusion__ENTRY_756_meta_4.txt
occlusion,resnet34_gn,/home/hep/an1522/dark_tridents_wspace/outputs/weights/resnet34_gn/resnet34_gn_model_20260123-12_20_AM_epoch_4_batch_id_1961_labels_2_step_9821.pwf,/data/run1_dt_ratio_0.6_ma_0.1_eta_larcv_cropped.root,0.1,756,3790,0,,8,D_busy,0.9995192289352417,0.0004809764795936644,0.0,0.01445770263671875,0.01,1.0,1.0,True,0.6915567282321899,0.6915567282321899,1.0,67,0.010026385224274407,0.010026385224274407,1.0,0.6915567282321899,0.001223742961883545,0.006370246410369873,0.45910290237467016,0.9591941222548486,0.09041256038472056,0.1,0.1,/vols/sbn/uboone/an1522/cam_methods/occlusion/D_busy/run1_signal/resnet34_gn/occlusion__ENTRY_756_meta_8.txt
occlusion,mpid,/home/hep/an1522/dark_tridents_wspace/outputs/weights/DM-CNN_model_20260116-10_22_PM_epoch_4_batch_id_1961_labels_2_title_0.001_AG_GN_LM_TRAINING_step_9821.pwf,/data/run3_nu_overlay_larcv_cropped.root,,10140,3079,0,,16,D_busy,7.153706974349916e-05,0.9999253749847412,0.0,0.011745452880859375,0.01,1.0,1.0,True,0.8512504059759662,0.8512504059759662,1.0,92,0.01006820396232543,0.01006820396232543,1.0,0.8512504059759662,0.00012255375942913787,0.00031900795875117183,0.43683013965573236,0.0025050087155250368,0.013081377749040255,0.0,0.0,/vols/sbn/uboone/an1522/cam_methods/occlusion/D_busy/run3_samples/mpid/occlusion__ENTRY_10140__nu_overlay_meta_16.txt
occlusion,mpid,/home/hep/an1522/dark_tridents_wspace/outputs/weights/DM-CNN_model_20260116-10_22_PM_epoch_4_batch_id_1961_labels_2_title_0.001_AG_GN_LM_TRAINING_step_9821.pwf,/data/run3_nu_overlay_larcv_cropped.root,,10140,3079,0,,2,D_busy,7.153706974349916e-05,0.9999253749847412,0.0,0.011745452880859375,0.01,1.0,1.0,True,0.8512504059759662,0.8512504059759662,1.0,91,0.01006820396232543,0.01006820396232543,1.0,0.8512504059759662,2.2413361875806004e-05,4.8524627345614135e-05,0.5755115297174407,0.0025085860237595626,0.01235018393199425,0.0,0.0,/vols/sbn/uboone/an1522/cam_methods/occlusion/D_busy/run3_samples/mpid/occlusion__ENTRY_10140__nu_overlay_meta_2.txt
occlusion,mpid,/home/hep/an1522/dark_tridents_wspace/outputs/weights/DM-CNN_model_20260116-10_22_PM_epoch_4_batch_id_1961_labels_2_title_0.001_AG_GN_LM_TRAINING_step_9821.pwf,/data/run3_nu_overlay_larcv_cropped.root,,10140,3079,0,,4,D_busy,7.152847683755681e-05,0.9999253749847412,0.0,0.011745452880859375,0.01,1.0,1.0,True,0.8512504059759662,0.8512504059759662,1.0,99,0.01006820396232543,0.01006820396232543,1.0,0.8512504059759662,3.546033563907244e-05,7.467762770829722e-05,0.5371873985060085,0.002508415293050348,0.028705870062913166,0.0,0.0,/vols/sbn/uboone/an1522/cam_methods/occlusion/D_busy/run3_samples/mpid/occlusion__ENTRY_10140__nu_overlay_meta_4.txt
occlusion,mpid,/home/hep/an1522/dark_tridents_wspace/outputs/weights/DM-CNN_model_20260116-10_22_PM_epoch_4_batch_id_1961_labels_2_title_0.001_AG_GN_LM_TRAINING_step_9821.pwf,/data/run3_nu_overlay_larcv_cropped.root,,10140,3079,0,,8,D_busy,7.152847683755681e-05,0.9999253749847412,0.0,0.011745452880859375,0.01,1.0,1.0,True,0.8512504059759662,0.8512504059759662,1.0,96,0.01006820396232543,0.01006820396232543,1.0,0.8512504059759662,7.238749385578543e-05,0.0003490703529678285,0.5254952906787919,0.002507496151156374,0.014577908272258355,0.0,0.0,/vols/sbn/uboone/an1522/cam_methods/occlusion/D_busy/run3_samples/mpid/occlusion__ENTRY_10140__nu_overlay_meta_8.txt
occlusion,mpid,/home/hep/an1522/dark_tridents_wspace/outputs/weights/DM-CNN_model_20260116-10_22_PM_epoch_4_batch_id_1961_labels_2_title_0.001_AG_GN_LM_TRAINING_step_9821.pwf,/data/run3_dirt_larcv_cropped.root,,1052,3000,0,,16,D_busy,0.00025951972929760814,0.99973064661026,0.0,0.011444091796875,0.01,1.0,1.0,True,0.8736666666666667,0.8736666666666667,1.0,95,0.01,0.01,1.0,0.8736666666666667,0.0031127179972827435,0.0031127179972827435,0.305,0.0027054622187279165,0.01584187467524316,0.0,0.0,/vols/sbn/uboone/an1522/cam_methods/occlusion/D_busy/run3_samples/mpid/occlusion__ENTRY_1052__dirt_meta_16.txt
occlusion,mpid,/home/hep/an1522/dark_tridents_wspace/outputs/weights/DM-CNN_model_20260116-10_22_PM_epoch_4_batch_id_1961_labels_2_title_0.001_AG_GN_LM_TRAINING_step_9821.pwf,/data/run3_dirt_larcv_cropped.root,,1052,3000,0,,2,D_busy,0.0002595472033135593,0.9997305274009705,0.0,0.011444091796875,0.01,1.0,1.0,True,0.8736666666666667,0.8736666666666667,1.0,97,0.01,0.01,1.0,0.8736666666666667,0.0003007481055101358,0.0014832373708486557,0.3443333333333333,0.0026820895320270217,0.038621769039309584,0.0,0.0,/vols/sbn/uboone/an1522/cam_methods/occlusion/D_busy/run3_samples/mpid/occlusion__ENTRY_1052__dirt_meta_2.txt
occlusion,mpid,/home/hep/an1522/dark_tridents_wspace/outputs/weights/DM-CNN_model_20260116-10_22_PM_epoch_4_batch_id_1961_labels_2_title_0.001_AG_GN_LM_TRAINING_step_9821.pwf,/data/run3_dirt_larcv_cropped.root,,1052,3000,0,,4,D_busy,0.0002595472033135593,0.9997305274009705,0.0,0.011444091796875,0.01,1.0,1.0,True,0.8736666666666667,0.8736666666666667,1.0,105,0.01,0.01,1.0,0.8736666666666667,0.0008801393560133874,0.0022818720899522305,0.306,0.0026821882856893358,0.028550117401755414,0.0,0.0,/vols/sbn/uboone/an1522/cam_methods/occlusion/D_busy/run3_samples/mpid/occlusion__ENTRY_1052__dirt_meta_4.txt
occlusion,mpid,/home/hep/an1522/dark_tridents_wspace/outputs/weights/DM-CNN_model_20260116-10_22_PM_epoch_4_batch_id_1961_labels_2_title_0.001_AG_GN_LM_TRAINING_step_9821.pwf,/data/run3_dirt_larcv_cropped.root,,1052,3000,0,,8,D_busy,0.0002595472033135593,0.9997305274009705,0.0,0.011444091796875,0.01,1.0,1.0,True,0.8736666666666667,0.8736666666666667,1.0,106,0.01,0.01,1.0,0.8736666666666667,0.0011345304735004853,0.003110703779384494,0.305,0.0026944358454784384,0.020286834458238444,0.0,0.0,/vols/sbn/uboone/an1522/cam_methods/occlusion/D_busy/run3_samples/mpid/occlusion__ENTRY_1052__dirt_meta_8.txt
occlusion,mpid,/home/hep/an1522/dark_tridents_wspace/outputs/weights/DM-CNN_model_20260116-10_22_PM_epoch_4_batch_id_1961_labels_2_title_0.001_AG_GN_LM_TRAINING_step_9821.pwf,/data/run3_dirt_larcv_cropped.root,,1232,3708,0,,16,D_busy,0.00037019437877461314,0.9996223449707031,0.0,0.0141448974609375,0.01,1.0,1.0,True,0.7068500539374326,0.7068500539374326,1.0,125,0.009978425026968716,0.009978425026968716,1.0,0.7068500539374326,0.005432473137043393,0.025345537811517715,0.30204962243797195,0.0027884516923222693,0.10295605595165401,0.0,0.0,/vols/sbn/uboone/an1522/cam_methods/occlusion/D_busy/run3_samples/mpid/occlusion__ENTRY_1232__dirt_meta_16.txt
occlusion,mpid,/home/hep/an1522/dark_tridents_wspace/outputs/weights/DM-CNN_model_20260116-10_22_PM_epoch_4_batch_id_1961_labels_2_title_0.001_AG_GN_LM_TRAINING_step_9821.pwf,/data/run3_dirt_larcv_cropped.root,,1232,3708,0,,2,D_busy,0.00037019437877461314,0.9996223449707031,0.0,0.0141448974609375,0.01,1.0,1.0,True,0.7068500539374326,0.7068500539374326,1.0,161,0.009978425026968716,0.009978425026968716,1.0,0.7068500539374326,0.00013518850915716004,0.0004668106557801366,0.5094390507011867,0.002794910236843862,0.06129079168604221,0.0,0.0,/vols/sbn/uboone/an1522/cam_methods/occlusion/D_busy/run3_samples/mpid/occlusion__ENTRY_1232__dirt_meta_2.txt
occlusion,mpid,/home/hep/an1522/dark_tridents_wspace/outputs/weights/DM-CNN_model_20260116-10_22_PM_epoch_4_batch_id_1961_labels_2_title_0.001_AG_GN_LM_TRAINING_step_9821.pwf,/data/run3_dirt_larcv_cropped.root,,1232,3708,0,,4,D_busy,0.0003703085531014949,0.9996222257614136,0.0,0.0141448974609375,0.01,1.0,1.0,True,0.7068500539374326,0.7068500539374326,1.0,137,0.009978425026968716,0.009978425026968716,1.0,0.7068500539374326,0.00018758525155135428,0.0005633961409330368,0.5304746494066882,0.0027914485588553368,0.033700125793984625,0.0,0.0,/vols/sbn/uboone/an1522/cam_methods/occlusion/D_busy/run3_samples/mpid/occlusion__ENTRY_1232__dirt_meta_4.txt
occlusion,mpid,/home/hep/an1522/dark_tridents_wspace/outputs/weights/DM-CNN_model_20260116-10_22_PM_epoch_4_batch_id_1961_labels_2_title_0.001_AG_GN_LM_TRAINING_step_9821.pwf,/data/run3_dirt_larcv_cropped.root,,1232,3708,0,,8,D_busy,0.0003703085531014949,0.9996222257614136,0.0,0.0141448974609375,0.01,1.0,1.0,True,0.7068500539374326,0.7068500539374326,1.0,121,0.009978425026968716,0.009978425026968716,1.0,0.7068500539374326,0.0006057952996343374,0.0013073076261207461,0.4689859762675297,0.0027853019259055146,0.08433839915232966,0.0,0.0,/vols/sbn/uboone/an1522/cam_methods/occlusion/D_busy/run3_samples/mpid/occlusion__ENTRY_1232__dirt_meta_8.txt
occlusion,mpid,/home/hep/an1522/dark_tridents_wspace/outputs/weights/DM-CNN_model_20260116-10_22_PM_epoch_4_batch_id_1961_labels_2_title_0.001_AG_GN_LM_TRAINING_step_9821.pwf,/data/run3_offbeam_larcv_cropped.root,,12416,2928,0,,16,D_busy,0.00016625598073005676,0.9998288154602051,0.0,0.01116943359375,0.01,1.0,1.0,True,0.8951502732240437,0.8951502732240437,1.0,85,0.009904371584699454,0.009904371584699454,1.0,0.8951502732240437,0.0012764547322876765,0.03070320561528206,0.3084016393442623,0.0026061070748255592,0.031952512578573074,0.0,0.0,/vols/sbn/uboone/an1522/cam_methods/occlusion/D_busy/run3_samples/mpid/occlusion__ENTRY_12416__offbeam_meta_16.txt
occlusion,mpid,/home/hep/an1522/dark_tridents_wspace/outputs/weights/DM-CNN_model_20260116-10_22_PM_epoch_4_batch_id_1961_labels_2_title_0.001_AG_GN_LM_TRAINING_step_9821.pwf,/data/run3_offbeam_larcv_cropped.root,,12416,2928,0,,2,D_busy,0.0001663263828959316,0.9998288154602051,0.0,0.01116943359375,0.01,1.0,1.0,True,0.8951502732240437,0.8951502732240437,1.0,87,0.009904371584699454,0.009904371584699454,1.0,0.8951502732240437,5.7061639381572604e-05,0.00013308294001035392,0.5385928961748634,0.002598213044984732,0.046372172962583134,0.0,0.0,/vols/sbn/uboone/an1522/cam_methods/occlusion/D_busy/run3_samples/mpid/occlusion__ENTRY_12416__offbeam_meta_2.txt
occlusion,mpid,/home/hep/an1522/dark_tridents_wspace/outputs/weights/DM-CNN_model_20260116-10_22_PM_epoch_4_batch_id_1961_labels_2_title_0.001_AG_GN_LM_TRAINING_step_9821.pwf,/data/run3_offbeam_larcv_cropped.root,,12416,2928,0,,4,D_busy,0.0001663263828959316,0.9998288154602051,0.0,0.01116943359375,0.01,1.0,1.0,True,0.8951502732240437,0.8951502732240437,1.0,89,0.009904371584699454,0.009904371584699454,1.0,0.8951502732240437,7.03927488939371e-05,0.00029898423235863447,0.54474043715847,0.002598213044984732,0.046372172962583134,0.0,0.0,/vols/sbn/uboone/an1522/cam_methods/occlusion/D_busy/run3_samples/mpid/occlusion__ENTRY_12416__offbeam_meta_4.txt
occlusion,mpid,/home/hep/an1522/dark_tridents_wspace/outputs/weights/DM-CNN_model_20260116-10_22_PM_epoch_4_batch_id_1961_labels_2_title_0.001_AG_GN_LM_TRAINING_step_9821.pwf,/data/run3_offbeam_larcv_cropped.root,,12416,2928,0,,8,D_busy,0.0001663263828959316,0.9998288154602051,0.0,0.01116943359375,0.01,1.0,1.0,True,0.8951502732240437,0.8951502732240437,1.0,86,0.009904371584699454,0.009904371584699454,1.0,0.8951502732240437,0.00016983594599878426,0.0015939740696921945,0.45286885245901637,0.002598213044984732,0.046372172962583134,0.0,0.0,/vols/sbn/uboone/an1522/cam_methods/occlusion/D_busy/run3_samples/mpid/occlusion__ENTRY_12416__offbeam_meta_8.txt
occlusion,mpid,/home/hep/an1522/dark_tridents_wspace/outputs/weights/DM-CNN_model_20260116-10_22_PM_epoch_4_batch_id_1961_labels_2_title_0.001_AG_GN_LM_TRAINING_step_9821.pwf,/data/run3_offbeam_larcv_cropped.root,,14387,2432,0,,16,D_busy,0.00016494492592755705,0.999828577041626,0.0,0.00927734375,0.01,0.9126287676459367,0.9126287676459367,True,0.8989101841413003,0.9835526315789473,0.9126287676459367,21,0.009868421052631578,0.009868421052631578,1.0,0.8989101841413003,0.0011425245471764357,0.002414369024336338,0.3737664473684211,0.002595466984348605,0.03405500097505865,0.0,0.0,/vols/sbn/uboone/an1522/cam_methods/occlusion/D_busy/run3_samples/mpid/occlusion__ENTRY_14387__offbeam_meta_16.txt
occlusion,mpid,/home/hep/an1522/dark_tridents_wspace/outputs/weights/DM-CNN_model_20260116-10_22_PM_epoch_4_batch_id_1961_labels_2_title_0.001_AG_GN_LM_TRAINING_step_9821.pwf,/data/run3_offbeam_larcv_cropped.root,,14387,2432,0,,2,D_busy,0.00016494492592755705,0.999828577041626,0.0,0.00927734375,0.01,0.925982449446776,0.9210225104921785,True,0.9242193450114242,0.9979440789473685,0.925982449446776,24,0.009868421052631578,0.009868421052631578,1.0,0.9147404319818113,0.0005249076086329298,0.0013967531267553568,0.49588815789473684,0.0025967607703933026,0.04170246516659972,0.0,0.0,/vols/sbn/uboone/an1522/cam_methods/occlusion/D_busy/run3_samples/mpid/occlusion__ENTRY_14387__offbeam_meta_2.txt
occlusion,mpid,/home/hep/an1522/dark_tridents_wspace/outputs/weights/DM-CNN_model_20260116-10_22_PM_epoch_4_batch_id_1961_labels_2_title_0.001_AG_GN_LM_TRAINING_step_9821.pwf,/data/run3_offbeam_larcv_cropped.root,,14387,2432,0,,4,D_busy,0.00016494492592755705,0.999828577041626,0.0,0.00927734375,0.01,0.9236932468523464,0.9206409767264403,True,0.9198328267477204,0.9954769736842105,0.9236932468523464,23,0.009868421052631578,0.009868421052631578,1.0,0.9140151515151516,0.0007216736866394057,0.0019875236321240664,0.5086348684210527,0.0025981989914726,0.039704418939800236,0.0,0.0,/vols/sbn/uboone/an1522/cam_methods/occlusion/D_busy/run3_samples/mpid/occlusion__ENTRY_14387__offbeam_meta_4.txt
occlusion,mpid,/home/hep/an1522/dark_tridents_wspace/outputs/weights/DM-CNN_model_20260116-10_22_PM_epoch_4_batch_id_1961_labels_2_title_0.001_AG_GN_LM_TRAINING_step_9821.pwf,/data/run3_offbeam_larcv_cropped.root,,14387,2432,0,,8,D_busy,0.000165002973517403,0.999828577041626,0.0,0.00927734375,0.01,0.9202594429607021,0.9194963754292255,True,0.9132904202953427,0.9917763157894737,0.9202594429607021,26,0.009868421052631578,0.009868421052631578,1.0,0.911842603102535,0.0009498632117174572,0.001295746536925435,0.4498355263157895,0.002596924171666615,0.033155348831496664,0.0,0.0,/vols/sbn/uboone/an1522/cam_methods/occlusion/D_busy/run3_samples/mpid/occlusion__ENTRY_14387__offbeam_meta_8.txt
occlusion,mpid,/home/hep/an1522/dark_tridents_wspace/outputs/weights/DM-CNN_model_20260116-10_22_PM_epoch_4_batch_id_1961_labels_2_title_0.001_AG_GN_LM_TRAINING_step_9821.pwf,/data/run3_dirt_larcv_cropped.root,,307,2738,0,,16,D_busy,0.00019540714856702834,0.9997947812080383,0.0,0.01044464111328125,0.01,0.974437237695536,0.9740557039297978,True,0.9105169340463458,0.9327976625273923,0.974437237695536,92,0.009861212563915266,0.009861212563915266,1.0,0.9098360655737705,0.0008023119717836391,0.0014256988652050495,0.4112490869247626,0.0026452984318893866,0.044285517853131756,0.0,0.0,/vols/sbn/uboone/an1522/cam_methods/occlusion/D_busy/run3_samples/mpid/occlusion__ENTRY_307__dirt_meta_16.txt
occlusion,mpid,/home/hep/an1522/dark_tridents_wspace/outputs/weights/DM-CNN_model_20260116-10_22_PM_epoch_4_batch_id_1961_labels_2_title_0.001_AG_GN_LM_TRAINING_step_9821.pwf,/data/run3_dirt_larcv_cropped.root,,307,2738,0,,2,D_busy,0.00019540714856702834,0.9997947812080383,0.0,0.01044464111328125,0.01,1.0,1.0,True,0.9572680788897006,0.9572680788897006,1.0,99,0.009861212563915266,0.009861212563915266,1.0,0.9572680788897006,4.8099218547577084e-05,0.00013743848830927163,0.597881665449233,0.0026077404480020047,0.03915631597992615,0.0,0.0,/vols/sbn/uboone/an1522/cam_methods/occlusion/D_busy/run3_samples/mpid/occlusion__ENTRY_307__dirt_meta_2.txt
occlusion,mpid,/home/hep/an1522/dark_tridents_wspace/outputs/weights/DM-CNN_model_20260116-10_22_PM_epoch_4_batch_id_1961_labels_2_title_0.001_AG_GN_LM_TRAINING_step_9821.pwf,/data/run3_dirt_larcv_cropped.root,,307,2738,0,,4,D_busy,0.00019540714856702834,0.9997947812080383,0.0,0.01044464111328125,0.01,1.0,1.0,True,0.9572680788897006,0.9572680788897006,1.0,93,0.009861212563915266,0.009861212563915266,1.0,0.9572680788897006,5.580995639320463e-05,0.00013743848830927163,0.6073776479181885,0.002609563081205124,0.38313256530454964,0.0,0.0,/vols/sbn/uboone/an1522/cam_methods/occlusion/D_busy/run3_samples/mpid/occlusion__ENTRY_307__dirt_meta_4.txt
occlusion,mpid,/home/hep/an1522/dark_tridents_wspace/outputs/weights/DM-CNN_model_20260116-10_22_PM_epoch_4_batch_id_1961_labels_2_title_0.001_AG_GN_LM_TRAINING_step_9821.pwf,/data/run3_dirt_larcv_cropped.root,,307,2738,0,,8,D_busy,0.00019540156063158065,0.9997947812080383,0.0,0.01044464111328125,0.01,1.0,1.0,True,0.9572680788897006,0.9572680788897006,1.0,91,0.009861212563915266,0.009861212563915266,1.0,0.9572680788897006,0.00010512899578316224,0.0003448911593295634,0.5672023374726077,0.002621002383966698,0.06769641003702417,0.0,0.0,/vols/sbn/uboone/an1522/cam_methods/occlusion/D_busy/run3_samples/mpid/occlusion__ENTRY_307__dirt_meta_8.txt
occlusion,mpid,/home/hep/an1522/dark_tridents_wspace/outputs/weights/DM-CNN_model_20260116-10_22_PM_epoch_4_batch_id_1961_labels_2_title_0.001_AG_GN_LM_TRAINING_step_9821.pwf,/data/run3_offbeam_larcv_cropped.root,,4073,2643,0,,16,D_busy,0.00015842805441934615,0.9998352527618408,0.0,0.010082244873046875,0.01,1.0,1.0,True,0.9916761256148316,0.9916761256148316,1.0,94,0.009837306091562617,0.009837306091562617,1.0,0.9916761256148316,0.000255000789184123,0.014157419092953205,0.4801362088535755,0.002588722875952954,0.01955039691310958,0.0,0.0,/vols/sbn/uboone/an1522/cam_methods/occlusion/D_busy/run3_samples/mpid/occlusion__ENTRY_4073__offbeam_meta_16.txt
occlusion,mpid,/home/hep/an1522/dark_tridents_wspace/outputs/weights/DM-CNN_model_20260116-10_22_PM_epoch_4_batch_id_1961_labels_2_title_0.001_AG_GN_LM_TRAINING_step_9821.pwf,/data/run3_offbeam_larcv_cropped.root,,4073,2643,0,,2,D_busy,0.00015842805441934615,0.9998352527618408,0.0,0.010082244873046875,0.01,1.0,0.9950400610454025,True,0.9916761256148316,0.9916761256148316,1.0,95,0.009837306091562617,0.009837306091562617,1.0,0.9819277108433735,6.82096771197391e-05,0.0005915556685067713,0.46538024971623154,0.002590709632931976,0.04637177804615931,0.0,0.0,/vols/sbn/uboone/an1522/cam_methods/occlusion/D_busy/run3_samples/mpid/occlusion__ENTRY_4073__offbeam_meta_2.txt
occlusion,mpid,/home/hep/an1522/dark_tridents_wspace/outputs/weights/DM-CNN_model_20260116-10_22_PM_epoch_4_batch_id_1961_labels_2_title_0.001_AG_GN_LM_TRAINING_step_9821.pwf,/data/run3_offbeam_larcv_cropped.root,,4073,2643,0,,4,D_busy,0.00015842201537452638,0.9998352527618408,0.0,0.010082244873046875,0.01,1.0,0.9996184662342618,True,0.9916761256148316,0.9916761256148316,1.0,96,0.009837306091562617,0.009837306091562617,1.0,0.9909228441754917,0.00023991250724065646,0.008048111572861671,0.5104048429814605,0.002591569094511215,0.046388216518971605,0.0,0.0,/vols/sbn/uboone/an1522/cam_methods/occlusion/D_busy/run3_samples/mpid/occlusion__ENTRY_4073__offbeam_meta_4.txt
occlusion,mpid,/home/hep/an1522/dark_tridents_wspace/outputs/weights/DM-CNN_model_20260116-10_22_PM_epoch_4_batch_id_1961_labels_2_title_0.001_AG_GN_LM_TRAINING_step_9821.pwf,/data/run3_offbeam_larcv_cropped.root,,4073,2643,0,,8,D_busy,0.00015842201537452638,0.9998352527618408,0.0,0.010082244873046875,0.01,1.0,1.0,True,0.9916761256148316,0.9916761256148316,1.0,98,0.009837306091562617,0.009837306091562617,1.0,0.9916761256148316,0.0006493809632956982,0.004303924739360809,0.5501324252743095,0.002591569094511215,0.046388216518971605,0.0,0.0,/vols/sbn/uboone/an1522/cam_methods/occlusion/D_busy/run3_samples/mpid/occlusion__ENTRY_4073__offbeam_meta_8.txt
occlusion,mpid,/home/hep/an1522/dark_tridents_wspace/outputs/weights/DM-CNN_model_20260116-10_22_PM_epoch_4_batch_id_1961_labels_2_title_0.001_AG_GN_LM_TRAINING_step_9821.pwf,/data/run3_offbeam_larcv_cropped.root,,5260,3549,0,,16,D_busy,0.00014475772331934422,0.9998518228530884,0.0,0.013538360595703125,0.01,1.0,1.0,True,0.7385178923640462,0.7385178923640462,1.0,124,0.009861932938856016,0.009861932938856016,1.0,0.7385178923640462,0.0001198814861709252,0.00017775532614905387,0.5274725274725275,0.002581169766926905,0.2444512468027824,0.0,0.0,/vols/sbn/uboone/an1522/cam_methods/occlusion/D_busy/run3_samples/mpid/occlusion__ENTRY_5260__offbeam_meta_16.txt
occlusion,mpid,/home/hep/an1522/dark_tridents_wspace/outputs/weights/DM-CNN_model_20260116-10_22_PM_epoch_4_batch_id_1961_labels_2_title_0.001_AG_GN_LM_TRAINING_step_9821.pwf,/data/run3_offbeam_larcv_cropped.root,,5260,3549,0,,2,D_busy,0.0001448836555937305,0.9998517036437988,0.0,0.013538360595703125,0.01,1.0,1.0,True,0.7385178923640462,0.7385178923640462,1.0,134,0.009861932938856016,0.009861932938856016,1.0,0.7385178923640462,4.952069139108062e-05,0.00016441686602775007,0.5029585798816568,0.0025792061373067555,0.03492467224787106,0.0,0.0,/vols/sbn/uboone/an1522/cam_methods/occlusion/D_busy/run3_samples/mpid/occlusion__ENTRY_5260__offbeam_meta_2.txt
occlusion,mpid,/home/hep/an1522/dark_tridents_wspace/outputs/weights/DM-CNN_model_20260116-10_22_PM_epoch_4_batch_id_1961_labels_2_title_0.001_AG_GN_LM_TRAINING_step_9821.pwf,/data/run3_offbeam_larcv_cropped.root,,5260,3549,0,,4,D_busy,0.0001448836555937305,0.9998517036437988,0.0,0.013538360595703125,0.01,1.0,1.0,True,0.7385178923640462,0.7385178923640462,1.0,128,0.009861932938856016,0.009861932938856016,1.0,0.7385178923640462,7.309865031857044e-05,0.00019888255337718874,0.5114116652578191,0.0025797056900046305,0.029819888604833977,0.0,0.0,/vols/sbn/uboone/an1522/cam_methods/occlusion/D_busy/run3_samples/mpid/occlusion__ENTRY_5260__offbeam_meta_4.txt
occlusion,mpid,/home/hep/an1522/dark_tridents_wspace/outputs/weights/DM-CNN_model_20260116-10_22_PM_epoch_4_batch_id_1961_labels_2_title_0.001_AG_GN_LM_TRAINING_step_9821.pwf,/data/run3_offbeam_larcv_cropped.root,,5260,3549,0,,8,D_busy,0.00014475772331934422,0.9998518228530884,0.0,0.013538360595703125,0.01,1.0,1.0,True,0.7385178923640462,0.7385178923640462,1.0,107,0.009861932938856016,0.009861932938856016,1.0,0.7385178923640462,8.231615356635302e-05,0.00010385819768998772,0.4978867286559594,0.0025774481146072503,0.03011809235540568,0.0,0.0,/vols/sbn/uboone/an1522/cam_methods/occlusion/D_busy/run3_samples/mpid/occlusion__ENTRY_5260__offbeam_meta_8.txt
occlusion,mpid,/home/hep/an1522/dark_tridents_wspace/outputs/weights/DM-CNN_model_20260116-10_22_PM_epoch_4_batch_id_1961_labels_2_title_0.001_AG_GN_LM_TRAINING_step_9821.pwf,/data/run3_dirt_larcv_cropped.root,,568,2650,0,,16,D_busy,0.0003721522225532681,0.9996111989021301,0.0,0.01010894775390625,0.01,0.9656619610835558,0.9637542922548645,True,0.9237226277372262,0.9550943396226416,0.9656619610835558,82,0.009811320754716982,0.009811320754716982,1.0,0.9202185792349726,0.00032706899219192564,0.0005876724608242512,0.45584905660377356,0.002751426938630175,0.02293572233320447,0.0,0.0,/vols/sbn/uboone/an1522/cam_methods/occlusion/D_busy/run3_samples/mpid/occlusion__ENTRY_568__dirt_meta_16.txt
occlusion,mpid,/home/hep/an1522/dark_tridents_wspace/outputs/weights/DM-CNN_model_20260116-10_22_PM_epoch_4_batch_id_1961_labels_2_title_0.001_AG_GN_LM_TRAINING_step_9821.pwf,/data/run3_dirt_larcv_cropped.root,,568,2650,0,,2,D_busy,0.00037243118276819587,0.9996108412742615,0.0,0.01010894775390625,0.01,1.0,1.0,True,0.989056603773585,0.989056603773585,1.0,79,0.009811320754716982,0.009811320754716982,1.0,0.989056603773585,0.00010132079478353262,0.00016069912817329168,0.5773584905660377,0.0027914407168282192,0.007924068739521315,0.0,0.0,/vols/sbn/uboone/an1522/cam_methods/occlusion/D_busy/run3_samples/mpid/occlusion__ENTRY_568__dirt_meta_2.txt
occlusion,mpid,/home/hep/an1522/dark_tridents_wspace/outputs/weights/DM-CNN_model_20260116-10_22_PM_epoch_4_batch_id_1961_labels_2_title_0.001_AG_GN_LM_TRAINING_step_9821.pwf,/data/run3_dirt_larcv_cropped.root,,568,2650,0,,4,D_busy,0.00037243118276819587,0.9996108412742615,0.0,0.01010894775390625,0.01,0.9992369324685234,0.9965661961083556,True,0.9875565610859729,0.9883018867924528,0.9992369324685234,81,0.009811320754716982,0.009811320754716982,1.0,0.9823241820233171,0.00013277724152430874,0.00031200237572193146,0.5735849056603773,0.0027881174872163685,0.009067906995187513,0.0,0.0,/vols/sbn/uboone/an1522/cam_methods/occlusion/D_busy/run3_samples/mpid/occlusion__ENTRY_568__dirt_meta_4.txt
occlusion,mpid,/home/hep/an1522/dark_tridents_wspace/outputs/weights/DM-CNN_model_20260116-10_22_PM_epoch_4_batch_id_1961_labels_2_title_0.001_AG_GN_LM_TRAINING_step_9821.pwf,/data/run3_dirt_larcv_cropped.root,,568,2650,0,,8,D_busy,0.0003721522225532681,0.9996111989021301,0.0,0.01010894775390625,0.01,0.9870278519648988,0.9858832506676841,True,0.963859910581222,0.9762264150943396,0.9870278519648988,88,0.009811320754716982,0.009811320754716982,1.0,0.9616672869371046,0.0002971303812228142,0.00041767346556298435,0.5860377358490566,0.0027836433539050634,0.00826382624945836,0.0,0.0,/vols/sbn/uboone/an1522/cam_methods/occlusion/D_busy/run3_samples/mpid/occlusion__ENTRY_568__dirt_meta_8.txt
occlusion,mpid,/home/hep/an1522/dark_tridents_wspace/outputs/weights/DM-CNN_model_20260116-10_22_PM_epoch_4_batch_id_1961_labels_2_title_0.001_AG_GN_LM_TRAINING_step_9821.pwf,/data/run3_nu_overlay_larcv_cropped.root,,5693,5108,0,,16,D_busy,8.129551861202344e-05,0.9999151229858398,0.0,0.0194854736328125,0.01,1.0,1.0,True,0.5131166797180893,0.5131166797180893,1.0,205,0.009984338292873924,0.009984338292873924,1.0,0.5131166797180893,0.0005152063898276551,0.0010969528229907155,0.4919733750978857,0.002512994563221583,0.018562083739016088,0.0,0.0,/vols/sbn/uboone/an1522/cam_methods/occlusion/D_busy/run3_samples/mpid/occlusion__ENTRY_5693__nu_overlay_meta_16.txt
occlusion,mpid,/home/hep/an1522/dark_tridents_wspace/outputs/weights/DM-CNN_model_20260116-10_22_PM_epoch_4_batch_id_1961_labels_2_title_0.001_AG_GN_LM_TRAINING_step_9821.pwf,/data/run3_nu_overlay_larcv_cropped.root,,5693,5108,0,,2,D_busy,8.129551861202344e-05,0.9999151229858398,0.0,0.0194854736328125,0.01,1.0,1.0,True,0.5131166797180893,0.5131166797180893,1.0,276,0.009984338292873924,0.009984338292873924,1.0,0.5131166797180893,1.8730634619714728e-05,0.00011746190284611657,0.5170321064996085,0.002517787368196878,0.018035758910627916,0.0,0.0,/vols/sbn/uboone/an1522/cam_methods/occlusion/D_busy/run3_samples/mpid/occlusion__ENTRY_5693__nu_overlay_meta_2.txt
occlusion,mpid,/home/hep/an1522/dark_tridents_wspace/outputs/weights/DM-CNN_model_20260116-10_22_PM_epoch_4_batch_id_1961_labels_2_title_0.001_AG_GN_LM_TRAINING_step_9821.pwf,/data/run3_nu_overlay_larcv_cropped.root,,5693,5108,0,,4,D_busy,8.129551861202344e-05,0.9999151229858398,0.0,0.0194854736328125,0.01,1.0,1.0,True,0.5131166797180893,0.5131166797180893,1.0,267,0.009984338292873924,0.009984338292873924,1.0,0.5131166797180893,3.432080120546743e-05,0.00036732980515807867,0.543461237274863,0.0025165084774926077,0.02479561448089953,0.0,0.0,/vols/sbn/uboone/an1522/cam_methods/occlusion/D_busy/run3_samples/mpid/occlusion__ENTRY_5693__nu_overlay_meta_4.txt
occlusion,mpid,/home/hep/an1522/dark_tridents_wspace/outputs/weights/DM-CNN_model_20260116-10_22_PM_epoch_4_batch_id_1961_labels_2_title_0.001_AG_GN_LM_TRAINING_step_9821.pwf,/data/run3_nu_overlay_larcv_cropped.root,,5693,5108,0,,8,D_busy,8.127900946419686e-05,0.9999151229858398,0.0,0.0194854736328125,0.01,1.0,1.0,True,0.5131166797180893,0.5131166797180893,1.0,253,0.009984338292873924,0.009984338292873924,1.0,0.5131166797180893,0.00024413757564617695,0.0006570815457962453,0.591229444009397,0.0025146857828076464,0.020336532542569327,0.0,0.0,/vols/sbn/uboone/an1522/cam_methods/occlusion/D_busy/run3_samples/mpid/occlusion__ENTRY_5693__nu_overlay_meta_8.txt
occlusion,mpid,/home/hep/an1522/dark_tridents_wspace/outputs/weights/DM-CNN_model_20260116-10_22_PM_epoch_4_batch_id_1961_labels_2_title_0.001_AG_GN_LM_TRAINING_step_9821.pwf,/data/run3_nu_overlay_larcv_cropped.root,,7356,4234,0,,16,D_busy,8.099397382466123e-05,0.9999150037765503,0.0,0.01615142822265625,0.01,1.0,1.0,True,0.6190363722248465,0.6190363722248465,1.0,135,0.009919697685403874,0.009919697685403874,1.0,0.6190363722248465,0.0006873870972776789,0.13947437703609467,0.3514407179971658,0.002511735153166228,0.05745937799183594,0.0,0.0,/vols/sbn/uboone/an1522/cam_methods/occlusion/D_busy/run3_samples/mpid/occlusion__ENTRY_7356__nu_overlay_meta_16.txt
occlusion,mpid,/home/hep/an1522/dark_tridents_wspace/outputs/weights/DM-CNN_model_20260116-10_22_PM_epoch_4_batch_id_1961_labels_2_title_0.001_AG_GN_LM_TRAINING_step_9821.pwf,/data/run3_nu_overlay_larcv_cropped.root,,7356,4234,0,,2,D_busy,8.099397382466123e-05,0.9999150037765503,0.0,0.01615142822265625,0.01,1.0,1.0,True,0.6190363722248465,0.6190363722248465,1.0,173,0.009919697685403874,0.009919697685403874,1.0,0.6190363722248465,2.8809540781367106e-05,0.0004795306012965739,0.4598488427019367,0.002513760924557573,0.07773198441682325,0.0,0.0,/vols/sbn/uboone/an1522/cam_methods/occlusion/D_busy/run3_samples/mpid/occlusion__ENTRY_7356__nu_overlay_meta_2.txt
occlusion,mpid,/home/hep/an1522/dark_tridents_wspace/outputs/weights/DM-CNN_model_20260116-10_22_PM_epoch_4_batch_id_1961_labels_2_title_0.001_AG_GN_LM_TRAINING_step_9821.pwf,/data/run3_nu_overlay_larcv_cropped.root,,7356,4234,0,,4,D_busy,8.097404497675598e-05,0.9999150037765503,0.0,0.01615142822265625,0.01,1.0,1.0,True,0.6190363722248465,0.6190363722248465,1.0,155,0.009919697685403874,0.009919697685403874,1.0,0.6190363722248465,5.3792472172062865e-05,0.001098893117159605,0.41615493623051486,0.0025157071482681207,0.02340089866047492,0.0,0.0,/vols/sbn/uboone/an1522/cam_methods/occlusion/D_busy/run3_samples/mpid/occlusion__ENTRY_7356__nu_overlay_meta_4.txt
occlusion,mpid,/home/hep/an1522/dark_tridents_wspace/outputs/weights/DM-CNN_model_20260116-10_22_PM_epoch_4_batch_id_1961_labels_2_title_0.001_AG_GN_LM_TRAINING_step_9821.pwf,/data/run3_nu_overlay_larcv_cropped.root,,7356,4234,0,,8,D_busy,8.097404497675598e-05,0.9999150037765503,0.0,0.01615142822265625,0.01,1.0,1.0,True,0.6190363722248465,0.6190363722248465,1.0,144,0.009919697685403874,0.009919697685403874,1.0,0.6190363722248465,0.00014166462875436992,0.03430121764540672,0.4071799716580066,0.002516541351360502,0.01930391677742591,0.0,0.0,/vols/sbn/uboone/an1522/cam_methods/occlusion/D_busy/run3_samples/mpid/occlusion__ENTRY_7356__nu_overlay_meta_8.txt
occlusion,mpid,/home/hep/an1522/dark_tridents_wspace/outputs/weights/DM-CNN_model_20260116-10_22_PM_epoch_4_batch_id_1961_labels_2_title_0.001_AG_GN_LM_TRAINING_step_9821.pwf,/data/run3_nu_overlay_larcv_cropped.root,,8277,2909,0,,16,D_busy,7.250648195622489e-05,0.9999251365661621,0.0,0.011096954345703125,0.01,1.0,1.0,True,0.9009969061533173,0.9009969061533173,1.0,88,0.009969061533172912,0.009969061533172912,1.0,0.9009969061533173,0.00045771575765684566,0.0006188247934915125,0.3973874183568237,0.0025054364876268666,0.0847389272061264,0.0,0.0,/vols/sbn/uboone/an1522/cam_methods/occlusion/D_busy/run3_samples/mpid/occlusion__ENTRY_8277__nu_overlay_meta_16.txt
occlusion,mpid,/home/hep/an1522/dark_tridents_wspace/outputs/weights/DM-CNN_model_20260116-10_22_PM_epoch_4_batch_id_1961_labels_2_title_0.001_AG_GN_LM_TRAINING_step_9821.pwf,/data/run3_nu_overlay_larcv_cropped.root,,8277,2909,0,,2,D_busy,7.250806811498478e-05,0.9999251365661621,0.0,0.011096954345703125,0.01,1.0,1.0,True,0.9009969061533173,0.9009969061533173,1.0,107,0.009969061533172912,0.009969061533172912,1.0,0.9009969061533173,3.412061050767079e-05,0.00012597040040418506,0.5207975249226539,0.0025097252229898006,0.1443700206906215,0.0,0.0,/vols/sbn/uboone/an1522/cam_methods/occlusion/D_busy/run3_samples/mpid/occlusion__ENTRY_8277__nu_overlay_meta_2.txt
occlusion,mpid,/home/hep/an1522/dark_tridents_wspace/outputs/weights/DM-CNN_model_20260116-10_22_PM_epoch_4_batch_id_1961_labels_2_title_0.001_AG_GN_LM_TRAINING_step_9821.pwf,/data/run3_nu_overlay_larcv_cropped.root,,8277,2909,0,,4,D_busy,7.250806811498478e-05,0.9999251365661621,0.0,0.011096954345703125,0.01,1.0,1.0,True,0.9009969061533173,0.9009969061533173,1.0,109,0.009969061533172912,0.009969061533172912,1.0,0.9009969061533173,8.19017735193485e-05,0.00036042704596184194,0.5118597456170505,0.0025091754530876644,0.11606580666011725,0.0,0.0,/vols/sbn/uboone/an1522/cam_methods/occlusion/D_busy/run3_samples/mpid/occlusion__ENTRY_8277__nu_overlay_meta_4.txt
occlusion,mpid,/home/hep/an1522/dark_tridents_wspace/outputs/weights/DM-CNN_model_20260116-10_22_PM_epoch_4_batch_id_1961_labels_2_title_0.001_AG_GN_LM_TRAINING_step_9821.pwf,/data/run3_nu_overlay_larcv_cropped.root,,8277,2909,0,,8,D_busy,7.250648195622489e-05,0.9999251365661621,0.0,0.011096954345703125,0.01,1.0,1.0,True,0.9009969061533173,0.9009969061533173,1.0,99,0.009969061533172912,0.009969061533172912,1.0,0.9009969061533173,0.000343587773386389,0.0004848357057198882,0.47885871433482297,0.0025074596760532586,0.07403056310686225,0.0,0.0,/vols/sbn/uboone/an1522/cam_methods/occlusion/D_busy/run3_samples/mpid/occlusion__ENTRY_8277__nu_overlay_meta_8.txt
occlusion,resnet34_gn,/home/hep/an1522/dark_tridents_wspace/outputs/weights/resnet34_gn/resnet34_gn_model_20260123-12_20_AM_epoch_4_batch_id_1961_labels_2_step_9821.pwf,/data/run3_nu_overlay_larcv_cropped.root,,10140,3079,0,,16,D_busy,0.004400382284075022,0.99553382396698,0.0,0.011745452880859375,0.01,1.0,1.0,True,0.8512504059759662,0.8512504059759662,1.0,64,0.01006820396232543,0.01006820396232543,1.0,0.8512504059759662,0.0010837374068796625,0.0015776888467371464,0.809028905488795,0.013570703868754209,0.05332952530588954,0.0,0.0,/vols/sbn/uboone/an1522/cam_methods/occlusion/D_busy/run3_samples/resnet34_gn/occlusion__ENTRY_10140__nu_overlay_meta_16.txt
occlusion,resnet34_gn,/home/hep/an1522/dark_tridents_wspace/outputs/weights/resnet34_gn/resnet34_gn_model_20260123-12_20_AM_epoch_4_batch_id_1961_labels_2_step_9821.pwf,/data/run3_nu_overlay_larcv_cropped.root,,10140,3079,0,,2,D_busy,0.004400382284075022,0.99553382396698,0.0,0.011745452880859375,0.01,1.0,1.0,True,0.8512504059759662,0.8512504059759662,1.0,89,0.01006820396232543,0.01006820396232543,1.0,0.8512504059759662,0.0007253583008423434,0.0015776888467371464,0.7590126664501462,0.013672931562177835,0.05791185854468494,0.0,0.0,/vols/sbn/uboone/an1522/cam_methods/occlusion/D_busy/run3_samples/resnet34_gn/occlusion__ENTRY_10140__nu_overlay_meta_2.txt
occlusion,resnet34_gn,/home/hep/an1522/dark_tridents_wspace/outputs/weights/resnet34_gn/resnet34_gn_model_20260123-12_20_AM_epoch_4_batch_id_1961_labels_2_step_9821.pwf,/data/run3_nu_overlay_larcv_cropped.root,,10140,3079,0,,4,D_busy,0.0044007375836372375,0.9955334663391113,0.0,0.011745452880859375,0.01,1.0,1.0,True,0.8512504059759662,0.8512504059759662,1.0,101,0.01006820396232543,0.01006820396232543,1.0,0.8512504059759662,0.0008983676927164186,0.0015757186338305473,0.7531666125365378,0.013473135861568154,0.08030182067304849,0.0,0.0,/vols/sbn/uboone/an1522/cam_methods/occlusion/D_busy/run3_samples/resnet34_gn/occlusion__ENTRY_10140__nu_overlay_meta_4.txt
occlusion,resnet34_gn,/home/hep/an1522/dark_tridents_wspace/outputs/weights/resnet34_gn/resnet34_gn_model_20260123-12_20_AM_epoch_4_batch_id_1961_labels_2_step_9821.pwf,/data/run3_nu_overlay_larcv_cropped.root,,10140,3079,0,,8,D_busy,0.0044007375836372375,0.9955334663391113,0.0,0.011745452880859375,0.01,1.0,1.0,True,0.8512504059759662,0.8512504059759662,1.0,78,0.01006820396232543,0.01006820396232543,1.0,0.8512504059759662,0.0010127950785681571,0.0015757186338305473,0.7746021435531016,0.01334201574791223,0.06044389689341186,0.0,0.0,/vols/sbn/uboone/an1522/cam_methods/occlusion/D_busy/run3_samples/resnet34_gn/occlusion__ENTRY_10140__nu_overlay_meta_8.txt
occlusion,resnet34_gn,/home/hep/an1522/dark_tridents_wspace/outputs/weights/resnet34_gn/resnet34_gn_model_20260123-12_20_AM_epoch_4_batch_id_1961_labels_2_step_9821.pwf,/data/run3_dirt_larcv_cropped.root,,1052,3000,0,,16,D_busy,0.004329966381192207,0.9956230521202087,0.0,0.011444091796875,0.01,1.0,1.0,True,0.8736666666666667,0.8736666666666667,1.0,88,0.01,0.01,1.0,0.8736666666666667,0.003610900603234768,0.005904903635382652,0.5933333333333334,0.013670840114355088,0.03309907591901719,0.0,0.0,/vols/sbn/uboone/an1522/cam_methods/occlusion/D_busy/run3_samples/resnet34_gn/occlusion__ENTRY_1052__dirt_meta_16.txt
occlusion,resnet34_gn,/home/hep/an1522/dark_tridents_wspace/outputs/weights/resnet34_gn/resnet34_gn_model_20260123-12_20_AM_epoch_4_batch_id_1961_labels_2_step_9821.pwf,/data/run3_dirt_larcv_cropped.root,,1052,3000,0,,2,D_busy,0.004330148920416832,0.9956229329109192,0.0,0.011444091796875,0.01,1.0,1.0,True,0.8736666666666667,0.8736666666666667,1.0,101,0.01,0.01,1.0,0.8736666666666667,0.0008084496948868036,0.003180251456797123,0.6343333333333333,0.013729271618649362,0.10808752002194522,0.0,0.0,/vols/sbn/uboone/an1522/cam_methods/occlusion/D_busy/run3_samples/resnet34_gn/occlusion__ENTRY_1052__dirt_meta_2.txt
occlusion,resnet34_gn,/home/hep/an1522/dark_tridents_wspace/outputs/weights/resnet34_gn/resnet34_gn_model_20260123-12_20_AM_epoch_4_batch_id_1961_labels_2_step_9821.pwf,/data/run3_dirt_larcv_cropped.root,,1052,3000,0,,4,D_busy,0.004330148920416832,0.9956229329109192,0.0,0.011444091796875,0.01,1.0,1.0,True,0.8736666666666667,0.8736666666666667,1.0,94,0.01,0.01,1.0,0.8736666666666667,0.0010512019507586956,0.004178296774625778,0.6023333333333334,0.013733299868181349,0.0330967632587999,0.0,0.0,/vols/sbn/uboone/an1522/cam_methods/occlusion/D_busy/run3_samples/resnet34_gn/occlusion__ENTRY_1052__dirt_meta_4.txt
occlusion,resnet34_gn,/home/hep/an1522/dark_tridents_wspace/outputs/weights/resnet34_gn/resnet34_gn_model_20260123-12_20_AM_epoch_4_batch_id_1961_labels_2_step_9821.pwf,/data/run3_dirt_larcv_cropped.root,,1052,3000,0,,8,D_busy,0.004330148920416832,0.9956229329109192,0.0,0.011444091796875,0.01,1.0,1.0,True,0.8736666666666667,0.8736666666666667,1.0,91,0.01,0.01,1.0,0.8736666666666667,0.0018824613839387887,0.005743467248976231,0.5733333333333334,0.013717124098911881,0.03362240139394998,0.0,0.0,/vols/sbn/uboone/an1522/cam_methods/occlusion/D_busy/run3_samples/resnet34_gn/occlusion__ENTRY_1052__dirt_meta_8.txt
occlusion,resnet34_gn,/home/hep/an1522/dark_tridents_wspace/outputs/weights/resnet34_gn/resnet34_gn_model_20260123-12_20_AM_epoch_4_batch_id_1961_labels_2_step_9821.pwf,/data/run3_dirt_larcv_cropped.root,,1232,3708,0,,16,D_busy,0.003377411747351289,0.9965783953666687,0.0,0.0141448974609375,0.01,1.0,1.0,True,0.7068500539374326,0.7068500539374326,1.0,113,0.009978425026968716,0.009978425026968716,1.0,0.7068500539374326,0.0003632117388769977,0.004241663031280041,0.45604099244875945,0.012818632426206024,0.014511570602189747,0.0,0.0,/vols/sbn/uboone/an1522/cam_methods/occlusion/D_busy/run3_samples/resnet34_gn/occlusion__ENTRY_1232__dirt_meta_16.txt
occlusion,resnet34_gn,/home/hep/an1522/dark_tridents_wspace/outputs/weights/resnet34_gn/resnet34_gn_model_20260123-12_20_AM_epoch_4_batch_id_1961_labels_2_step_9821.pwf,/data/run3_dirt_larcv_cropped.root,,1232,3708,0,,2,D_busy,0.003377411747351289,0.9965783953666687,0.0,0.0141448974609375,0.01,1.0,1.0,True,0.7068500539374326,0.7068500539374326,1.0,117,0.009978425026968716,0.009978425026968716,1.0,0.7068500539374326,0.0002815164625644684,0.001172805903479457,0.511326860841424,0.012815070606302471,0.07467671531485393,0.0,0.0,/vols/sbn/uboone/an1522/cam_methods/occlusion/D_busy/run3_samples/resnet34_gn/occlusion__ENTRY_1232__dirt_meta_2.txt
occlusion,resnet34_gn,/home/hep/an1522/dark_tridents_wspace/outputs/weights/resnet34_gn/resnet34_gn_model_20260123-12_20_AM_epoch_4_batch_id_1961_labels_2_step_9821.pwf,/data/run3_dirt_larcv_cropped.root,,1232,3708,0,,4,D_busy,0.003377642948180437,0.9965781569480896,0.0,0.0141448974609375,0.01,1.0,1.0,True,0.7068500539374326,0.7068500539374326,1.0,108,0.009978425026968716,0.009978425026968716,1.0,0.7068500539374326,0.0004939429927617311,0.0016718925908207893,0.5048543689320388,0.01280423158314079,0.023365918942727146,0.0,0.0,/vols/sbn/uboone/an1522/cam_methods/occlusion/D_busy/run3_samples/resnet34_gn/occlusion__ENTRY_1232__dirt_meta_4.txt
occlusion,resnet34_gn,/home/hep/an1522/dark_tridents_wspace/outputs/weights/resnet34_gn/resnet34_gn_model_20260123-12_20_AM_epoch_4_batch_id_1961_labels_2_step_9821.pwf,/data/run3_dirt_larcv_cropped.root,,1232,3708,0,,8,D_busy,0.003377642948180437,0.9965781569480896,0.0,0.0141448974609375,0.01,1.0,1.0,True,0.7068500539374326,0.7068500539374326,1.0,101,0.009978425026968716,0.009978425026968716,1.0,0.7068500539374326,0.0005623106844723225,0.005686829332262278,0.47303128371089537,0.012838745396584273,0.01578524734359234,0.0,0.0,/vols/sbn/uboone/an1522/cam_methods/occlusion/D_busy/run3_samples/resnet34_gn/occlusion__ENTRY_1232__dirt_meta_8.txt
occlusion,resnet34_gn,/home/hep/an1522/dark_tridents_wspace/outputs/weights/resnet34_gn/resnet34_gn_model_20260123-12_20_AM_epoch_4_batch_id_1961_labels_2_step_9821.pwf,/data/run3_offbeam_larcv_cropped.root,,12416,2928,0,,16,D_busy,0.0018083250615745783,0.9981688261032104,0.0,0.01116943359375,0.01,1.0,1.0,True,0.8951502732240437,0.8951502732240437,1.0,88,0.009904371584699454,0.009904371584699454,1.0,0.8951502732240437,0.0006026728439610451,0.0006375832017511129,0.8292349726775956,0.011330264934804293,0.12688470679568128,0.0,0.0,/vols/sbn/uboone/an1522/cam_methods/occlusion/D_busy/run3_samples/resnet34_gn/occlusion__ENTRY_12416__offbeam_meta_16.txt
occlusion,resnet34_gn,/home/hep/an1522/dark_tridents_wspace/outputs/weights/resnet34_gn/resnet34_gn_model_20260123-12_20_AM_epoch_4_batch_id_1961_labels_2_step_9821.pwf,/data/run3_offbeam_larcv_cropped.root,,12416,2928,0,,2,D_busy,0.0018083113245666027,0.9981688261032104,0.0,0.01116943359375,0.01,1.0,1.0,True,0.8951502732240437,0.8951502732240437,1.0,81,0.009904371584699454,0.009904371584699454,1.0,0.8951502732240437,0.00015745381824672222,0.00022510415874421597,0.8022540983606558,0.011336805415339768,0.18284969904925674,0.0,0.0,/vols/sbn/uboone/an1522/cam_methods/occlusion/D_busy/run3_samples/resnet34_gn/occlusion__ENTRY_12416__offbeam_meta_2.txt
occlusion,resnet34_gn,/home/hep/an1522/dark_tridents_wspace/outputs/weights/resnet34_gn/resnet34_gn_model_20260123-12_20_AM_epoch_4_batch_id_1961_labels_2_step_9821.pwf,/data/run3_offbeam_larcv_cropped.root,,12416,2928,0,,4,D_busy,0.0018083113245666027,0.9981688261032104,0.0,0.01116943359375,0.01,1.0,1.0,True,0.8951502732240437,0.8951502732240437,1.0,82,0.009904371584699454,0.009904371584699454,1.0,0.8951502732240437,0.0002539751422591508,0.0004094545729458332,0.8019125683060109,0.011336805415339768,0.18284969904925674,0.0,0.0,/vols/sbn/uboone/an1522/cam_methods/occlusion/D_busy/run3_samples/resnet34_gn/occlusion__ENTRY_12416__offbeam_meta_4.txt
occlusion,resnet34_gn,/home/hep/an1522/dark_tridents_wspace/outputs/weights/resnet34_gn/resnet34_gn_model_20260123-12_20_AM_epoch_4_batch_id_1961_labels_2_step_9821.pwf,/data/run3_offbeam_larcv_cropped.root,,12416,2928,0,,8,D_busy,0.0018083113245666027,0.9981688261032104,0.0,0.01116943359375,0.01,1.0,1.0,True,0.8951502732240437,0.8951502732240437,1.0,83,0.009904371584699454,0.009904371584699454,1.0,0.8951502732240437,0.00039062306052073837,0.0005438652588054538,0.805327868852459,0.011336805415339768,0.18284969904925674,0.0,0.0,/vols/sbn/uboone/an1522/cam_methods/occlusion/D_busy/run3_samples/resnet34_gn/occlusion__ENTRY_12416__offbeam_meta_8.txt
occlusion,resnet34_gn,/home/hep/an1522/dark_tridents_wspace/outputs/weights/resnet34_gn/resnet34_gn_model_20260123-12_20_AM_epoch_4_batch_id_1961_labels_2_step_9821.pwf,/data/run3_offbeam_larcv_cropped.root,,14387,2432,0,,16,D_busy,0.005264471750706434,0.9946430921554565,0.0,0.00927734375,0.01,0.9126287676459367,0.9126287676459367,True,0.8989101841413003,0.9835526315789473,0.9126287676459367,21,0.009868421052631578,0.009868421052631578,1.0,0.8989101841413003,0.009174365550279617,0.020484739914536476,0.8042763157894737,0.014584472146816551,0.12687791201751678,0.0,0.0,/vols/sbn/uboone/an1522/cam_methods/occlusion/D_busy/run3_samples/resnet34_gn/occlusion__ENTRY_14387__offbeam_meta_16.txt
occlusion,resnet34_gn,/home/hep/an1522/dark_tridents_wspace/outputs/weights/resnet34_gn/resnet34_gn_model_20260123-12_20_AM_epoch_4_batch_id_1961_labels_2_step_9821.pwf,/data/run3_offbeam_larcv_cropped.root,,14387,2432,0,,2,D_busy,0.005264471750706434,0.9946430921554565,0.0,0.00927734375,0.01,0.925982449446776,0.925982449446776,True,0.9242193450114242,0.9979440789473685,0.925982449446776,24,0.009868421052631578,0.009868421052631578,1.0,0.9242193450114242,0.0023991169268265376,0.005005875136703253,0.7528782894736842,0.01461397826205939,0.12704941190313548,0.0,0.0,/vols/sbn/uboone/an1522/cam_methods/occlusion/D_busy/run3_samples/resnet34_gn/occlusion__ENTRY_14387__offbeam_meta_2.txt
occlusion,resnet34_gn,/home/hep/an1522/dark_tridents_wspace/outputs/weights/resnet34_gn/resnet34_gn_model_20260123-12_20_AM_epoch_4_batch_id_1961_labels_2_step_9821.pwf,/data/run3_offbeam_larcv_cropped.root,,14387,2432,0,,4,D_busy,0.005264471750706434,0.9946430921554565,0.0,0.00927734375,0.01,0.9236932468523464,0.9236932468523464,True,0.9198328267477204,0.9954769736842105,0.9236932468523464,25,0.009868421052631578,0.009868421052631578,1.0,0.9198328267477204,0.0023120719799772007,0.003671324346214533,0.766858552631579,0.014608694310300053,0.12768714313860982,0.0,0.0,/vols/sbn/uboone/an1522/cam_methods/occlusion/D_busy/run3_samples/resnet34_gn/occlusion__ENTRY_14387__offbeam_meta_4.txt
occlusion,resnet34_gn,/home/hep/an1522/dark_tridents_wspace/outputs/weights/resnet34_gn/resnet34_gn_model_20260123-12_20_AM_epoch_4_batch_id_1961_labels_2_step_9821.pwf,/data/run3_offbeam_larcv_cropped.root,,14387,2432,0,,8,D_busy,0.005264835897833109,0.9946427345275879,0.0,0.00927734375,0.01,0.9202594429607021,0.9202594429607021,True,0.9132904202953427,0.9917763157894737,0.9202594429607021,25,0.009868421052631578,0.009868421052631578,1.0,0.9132904202953427,0.005252750124782324,0.009683415293693542,0.7952302631578947,0.014600534155033526,0.12698561295401306,0.0,0.0,/vols/sbn/uboone/an1522/cam_methods/occlusion/D_busy/run3_samples/resnet34_gn/occlusion__ENTRY_14387__offbeam_meta_8.txt
occlusion,resnet34_gn,/home/hep/an1522/dark_tridents_wspace/outputs/weights/resnet34_gn/resnet34_gn_model_20260123-12_20_AM_epoch_4_batch_id_1961_labels_2_step_9821.pwf,/data/run3_dirt_larcv_cropped.root,,307,2738,0,,16,D_busy,0.003100838977843523,0.9968644976615906,0.0,0.01044464111328125,0.01,0.974437237695536,0.974437237695536,True,0.9105169340463458,0.9327976625273923,0.974437237695536,98,0.009861212563915266,0.009861212563915266,1.0,0.9105169340463458,0.0008803603122942151,0.0010592383332550526,0.8086194302410519,0.012530059670098128,0.05126991854049264,0.0,0.0,/vols/sbn/uboone/an1522/cam_methods/occlusion/D_busy/run3_samples/resnet34_gn/occlusion__ENTRY_307__dirt_meta_16.txt
occlusion,resnet34_gn,/home/hep/an1522/dark_tridents_wspace/outputs/weights/resnet34_gn/resnet34_gn_model_20260123-12_20_AM_epoch_4_batch_id_1961_labels_2_step_9821.pwf,/data/run3_dirt_larcv_cropped.root,,307,2738,0,,2,D_busy,0.003100838977843523,0.9968644976615906,0.0,0.01044464111328125,0.01,1.0,1.0,True,0.9572680788897006,0.9572680788897006,1.0,95,0.009861212563915266,0.009861212563915266,1.0,0.9572680788897006,0.00018928083591163158,0.0004197964444756508,0.7253469685902119,0.012583414535038176,0.05334836475085466,0.0,0.0,/vols/sbn/uboone/an1522/cam_methods/occlusion/D_busy/run3_samples/resnet34_gn/occlusion__ENTRY_307__dirt_meta_2.txt
occlusion,resnet34_gn,/home/hep/an1522/dark_tridents_wspace/outputs/weights/resnet34_gn/resnet34_gn_model_20260123-12_20_AM_epoch_4_batch_id_1961_labels_2_step_9821.pwf,/data/run3_dirt_larcv_cropped.root,,307,2738,0,,4,D_busy,0.003100838977843523,0.9968644976615906,0.0,0.01044464111328125,0.01,1.0,1.0,True,0.9572680788897006,0.9572680788897006,1.0,92,0.009861212563915266,0.009861212563915266,1.0,0.9572680788897006,0.0002399412915110588,0.0004197964444756508,0.7695398100803507,0.01267275204882026,0.06155979225877672,0.0,0.0,/vols/sbn/uboone/an1522/cam_methods/occlusion/D_busy/run3_samples/resnet34_gn/occlusion__ENTRY_307__dirt_meta_4.txt
occlusion,resnet34_gn,/home/hep/an1522/dark_tridents_wspace/outputs/weights/resnet34_gn/resnet34_gn_model_20260123-12_20_AM_epoch_4_batch_id_1961_labels_2_step_9821.pwf,/data/run3_dirt_larcv_cropped.root,,307,2738,0,,8,D_busy,0.003101225011050701,0.9968641400337219,0.0,0.01044464111328125,0.01,1.0,1.0,True,0.9572680788897006,0.9572680788897006,1.0,89,0.009861212563915266,0.009861212563915266,1.0,0.9572680788897006,0.0003911355556920173,0.0004570132587105036,0.8140978816654493,0.012645431281998753,0.05255082636140286,0.0,0.0,/vols/sbn/uboone/an1522/cam_methods/occlusion/D_busy/run3_samples/resnet34_gn/occlusion__ENTRY_307__dirt_meta_8.txt
occlusion,resnet34_gn,/home/hep/an1522/dark_tridents_wspace/outputs/weights/resnet34_gn/resnet34_gn_model_20260123-12_20_AM_epoch_4_batch_id_1961_labels_2_step_9821.pwf,/data/run3_offbeam_larcv_cropped.root,,4073,2643,0,,16,D_busy,0.0019722944125533104,0.9979972243309021,0.0,0.010082244873046875,0.01,1.0,1.0,True,0.9916761256148316,0.9916761256148316,1.0,95,0.009837306091562617,0.009837306091562617,1.0,0.9916761256148316,0.00035976816434413195,0.0003804267616942525,0.7457434733257662,0.011474155017640443,0.05358184850774705,0.0,0.0,/vols/sbn/uboone/an1522/cam_methods/occlusion/D_busy/run3_samples/resnet34_gn/occlusion__ENTRY_4073__offbeam_meta_16.txt
occlusion,resnet34_gn,/home/hep/an1522/dark_tridents_wspace/outputs/weights/resnet34_gn/resnet34_gn_model_20260123-12_20_AM_epoch_4_batch_id_1961_labels_2_step_9821.pwf,/data/run3_offbeam_larcv_cropped.root,,4073,2643,0,,2,D_busy,0.0019722944125533104,0.9979972243309021,0.0,0.010082244873046875,0.01,1.0,1.0,True,0.9916761256148316,0.9916761256148316,1.0,97,0.009837306091562617,0.009837306091562617,1.0,0.9916761256148316,0.00015560438157990574,0.00020051421597599983,0.814226258040106,0.011492589348927142,0.18285789820365608,0.0,0.0,/vols/sbn/uboone/an1522/cam_methods/occlusion/D_busy/run3_samples/resnet34_gn/occlusion__ENTRY_4073__offbeam_meta_2.txt
occlusion,resnet34_gn,/home/hep/an1522/dark_tridents_wspace/outputs/weights/resnet34_gn/resnet34_gn_model_20260123-12_20_AM_epoch_4_batch_id_1961_labels_2_step_9821.pwf,/data/run3_offbeam_larcv_cropped.root,,4073,2643,0,,4,D_busy,0.0019723300356417894,0.9979971051216125,0.0,0.010082244873046875,0.01,1.0,1.0,True,0.9916761256148316,0.9916761256148316,1.0,98,0.009837306091562617,0.009837306091562617,1.0,0.9916761256148316,0.00020062108524143696,0.00027114548720419407,0.8040105940219447,0.01149256060598418,0.18285671087214728,0.0,0.0,/vols/sbn/uboone/an1522/cam_methods/occlusion/D_busy/run3_samples/resnet34_gn/occlusion__ENTRY_4073__offbeam_meta_4.txt
occlusion,resnet34_gn,/home/hep/an1522/dark_tridents_wspace/outputs/weights/resnet34_gn/resnet34_gn_model_20260123-12_20_AM_epoch_4_batch_id_1961_labels_2_step_9821.pwf,/data/run3_offbeam_larcv_cropped.root,,4073,2643,0,,8,D_busy,0.0019723300356417894,0.9979971051216125,0.0,0.010082244873046875,0.01,1.0,1.0,True,0.9916761256148316,0.9916761256148316,1.0,95,0.009837306091562617,0.009837306091562617,1.0,0.9916761256148316,0.00029479514341801405,0.0003373451763764024,0.7741203178206584,0.01149256060598418,0.18285671087214728,0.0,0.0,/vols/sbn/uboone/an1522/cam_methods/occlusion/D_busy/run3_samples/resnet34_gn/occlusion__ENTRY_4073__offbeam_meta_8.txt
occlusion,resnet34_gn,/home/hep/an1522/dark_tridents_wspace/outputs/weights/resnet34_gn/resnet34_gn_model_20260123-12_20_AM_epoch_4_batch_id_1961_labels_2_step_9821.pwf,/data/run3_offbeam_larcv_cropped.root,,5260,3549,0,,16,D_busy,0.004170428495854139,0.9957787990570068,0.0,0.013538360595703125,0.01,1.0,1.0,True,0.7385178923640462,0.7385178923640462,1.0,55,0.009861932938856016,0.009861932938856016,1.0,0.7385178923640462,0.001848965473473072,0.0020091042388230562,0.863905325443787,0.013662681798450649,0.07188087229151277,0.0,0.0,/vols/sbn/uboone/an1522/cam_methods/occlusion/D_busy/run3_samples/resnet34_gn/occlusion__ENTRY_5260__offbeam_meta_16.txt
occlusion,resnet34_gn,/home/hep/an1522/dark_tridents_wspace/outputs/weights/resnet34_gn/resnet34_gn_model_20260123-12_20_AM_epoch_4_batch_id_1961_labels_2_step_9821.pwf,/data/run3_offbeam_larcv_cropped.root,,5260,3549,0,,2,D_busy,0.004169896245002747,0.9957793951034546,0.0,0.013538360595703125,0.01,1.0,1.0,True,0.7385178923640462,0.7385178923640462,1.0,99,0.009861932938856016,0.009861932938856016,1.0,0.7385178923640462,0.0002917817793786524,0.0007799468003213406,0.7858551704705551,0.013570051500573754,0.09933714233338832,0.0,0.0,/vols/sbn/uboone/an1522/cam_methods/occlusion/D_busy/run3_samples/resnet34_gn/occlusion__ENTRY_5260__offbeam_meta_2.txt
occlusion,resnet34_gn,/home/hep/an1522/dark_tridents_wspace/outputs/weights/resnet34_gn/resnet34_gn_model_20260123-12_20_AM_epoch_4_batch_id_1961_labels_2_step_9821.pwf,/data/run3_offbeam_larcv_cropped.root,,5260,3549,0,,4,D_busy,0.004169896245002747,0.9957793951034546,0.0,0.013538360595703125,0.01,1.0,1.0,True,0.7385178923640462,0.7385178923640462,1.0,82,0.009861932938856016,0.009861932938856016,1.0,0.7385178923640462,0.0005267644021660089,0.0007799468003213406,0.7906452521837137,0.01359141245484352,0.09035763773135841,0.0,0.0,/vols/sbn/uboone/an1522/cam_methods/occlusion/D_busy/run3_samples/resnet34_gn/occlusion__ENTRY_5260__offbeam_meta_4.txt
occlusion,resnet34_gn,/home/hep/an1522/dark_tridents_wspace/outputs/weights/resnet34_gn/resnet34_gn_model_20260123-12_20_AM_epoch_4_batch_id_1961_labels_2_step_9821.pwf,/data/run3_offbeam_larcv_cropped.root,,5260,3549,0,,8,D_busy,0.004170428495854139,0.9957787990570068,0.0,0.013538360595703125,0.01,1.0,1.0,True,0.7385178923640462,0.7385178923640462,1.0,79,0.009861932938856016,0.009861932938856016,1.0,0.7385178923640462,0.0011273185350000859,0.0014011331368237734,0.8292476754015216,0.013636454404331744,0.08989788929466158,0.0,0.0,/vols/sbn/uboone/an1522/cam_methods/occlusion/D_busy/run3_samples/resnet34_gn/occlusion__ENTRY_5260__offbeam_meta_8.txt
occlusion,resnet34_gn,/home/hep/an1522/dark_tridents_wspace/outputs/weights/resnet34_gn/resnet34_gn_model_20260123-12_20_AM_epoch_4_batch_id_1961_labels_2_step_9821.pwf,/data/run3_dirt_larcv_cropped.root,,568,2650,0,,16,D_busy,0.0033774259500205517,0.9965900182723999,0.0,0.01010894775390625,0.01,0.9656619610835558,0.9656619610835558,True,0.9237226277372262,0.9550943396226416,0.9656619610835558,82,0.009811320754716982,0.009811320754716982,1.0,0.9237226277372262,0.000730329162906855,0.0008491829503327608,0.8075471698113208,0.01265012566000223,0.034055834007449444,0.0,0.0,/vols/sbn/uboone/an1522/cam_methods/occlusion/D_busy/run3_samples/resnet34_gn/occlusion__ENTRY_568__dirt_meta_16.txt
occlusion,resnet34_gn,/home/hep/an1522/dark_tridents_wspace/outputs/weights/resnet34_gn/resnet34_gn_model_20260123-12_20_AM_epoch_4_batch_id_1961_labels_2_step_9821.pwf,/data/run3_dirt_larcv_cropped.root,,568,2650,0,,2,D_busy,0.0033775465562939644,0.9965898990631104,0.0,0.01010894775390625,0.01,1.0,1.0,True,0.989056603773585,0.989056603773585,1.0,80,0.009811320754716982,0.009811320754716982,1.0,0.989056603773585,0.0005802355729974753,0.006363796070218086,0.7309433962264151,0.012748787668533624,0.039254218619316814,0.0,0.0,/vols/sbn/uboone/an1522/cam_methods/occlusion/D_busy/run3_samples/resnet34_gn/occlusion__ENTRY_568__dirt_meta_2.txt
occlusion,resnet34_gn,/home/hep/an1522/dark_tridents_wspace/outputs/weights/resnet34_gn/resnet34_gn_model_20260123-12_20_AM_epoch_4_batch_id_1961_labels_2_step_9821.pwf,/data/run3_dirt_larcv_cropped.root,,568,2650,0,,4,D_busy,0.0033775465562939644,0.9965898990631104,0.0,0.01010894775390625,0.01,0.9992369324685234,0.9984738649370469,True,0.9875565610859729,0.9883018867924528,0.9992369324685234,81,0.009811320754716982,0.009811320754716982,1.0,0.9860587792012058,0.0007317734905518589,0.005125389434397221,0.7543396226415094,0.012772630644030872,0.03619518671184778,0.0,0.0,/vols/sbn/uboone/an1522/cam_methods/occlusion/D_busy/run3_samples/resnet34_gn/occlusion__ENTRY_568__dirt_meta_4.txt
occlusion,resnet34_gn,/home/hep/an1522/dark_tridents_wspace/outputs/weights/resnet34_gn/resnet34_gn_model_20260123-12_20_AM_epoch_4_batch_id_1961_labels_2_step_9821.pwf,/data/run3_dirt_larcv_cropped.root,,568,2650,0,,8,D_busy,0.0033774259500205517,0.9965900182723999,0.0,0.01010894775390625,0.01,0.9870278519648988,0.9870278519648988,True,0.963859910581222,0.9762264150943396,0.9870278519648988,85,0.009811320754716982,0.009811320754716982,1.0,0.963859910581222,0.0006417799741029739,0.0007566362619400024,0.7581132075471698,0.012640618160367012,0.03572709469590336,0.0,0.0,/vols/sbn/uboone/an1522/cam_methods/occlusion/D_busy/run3_samples/resnet34_gn/occlusion__ENTRY_568__dirt_meta_8.txt
occlusion,resnet34_gn,/home/hep/an1522/dark_tridents_wspace/outputs/weights/resnet34_gn/resnet34_gn_model_20260123-12_20_AM_epoch_4_batch_id_1961_labels_2_step_9821.pwf,/data/run3_nu_overlay_larcv_cropped.root,,5693,5108,0,,16,D_busy,0.01792038232088089,0.9819492697715759,0.0,0.0194854736328125,0.01,1.0,1.0,True,0.5131166797180893,0.5131166797180893,1.0,133,0.009984338292873924,0.009984338292873924,1.0,0.5131166797180893,0.016446147114038467,0.03380056098103523,0.6838292873923257,0.02237693415954709,0.07883512498810887,0.0,0.0,/vols/sbn/uboone/an1522/cam_methods/occlusion/D_busy/run3_samples/resnet34_gn/occlusion__ENTRY_5693__nu_overlay_meta_16.txt
occlusion,resnet34_gn,/home/hep/an1522/dark_tridents_wspace/outputs/weights/resnet34_gn/resnet34_gn_model_20260123-12_20_AM_epoch_4_batch_id_1961_labels_2_step_9821.pwf,/data/run3_nu_overlay_larcv_cropped.root,,5693,5108,0,,2,D_busy,0.01792038232088089,0.9819492697715759,0.0,0.0194854736328125,0.01,1.0,1.0,True,0.5131166797180893,0.5131166797180893,1.0,187,0.009984338292873924,0.009984338292873924,1.0,0.5131166797180893,0.0025852694269269724,0.004587486386299133,0.6491777603758809,0.026523909531533718,0.0862370006740093,0.0,0.0,/vols/sbn/uboone/an1522/cam_methods/occlusion/D_busy/run3_samples/resnet34_gn/occlusion__ENTRY_5693__nu_overlay_meta_2.txt
occlusion,resnet34_gn,/home/hep/an1522/dark_tridents_wspace/outputs/weights/resnet34_gn/resnet34_gn_model_20260123-12_20_AM_epoch_4_batch_id_1961_labels_2_step_9821.pwf,/data/run3_nu_overlay_larcv_cropped.root,,5693,5108,0,,4,D_busy,0.01792038232088089,0.9819492697715759,0.0,0.0194854736328125,0.01,1.0,1.0,True,0.5131166797180893,0.5131166797180893,1.0,148,0.009984338292873924,0.009984338292873924,1.0,0.5131166797180893,0.0032425665948539978,0.009218523278832436,0.6523101018010963,0.026747577264904975,0.07538655856624245,0.0,0.0,/vols/sbn/uboone/an1522/cam_methods/occlusion/D_busy/run3_samples/resnet34_gn/occlusion__ENTRY_5693__nu_overlay_meta_4.txt
occlusion,resnet34_gn,/home/hep/an1522/dark_tridents_wspace/outputs/weights/resnet34_gn/resnet34_gn_model_20260123-12_20_AM_epoch_4_batch_id_1961_labels_2_step_9821.pwf,/data/run3_nu_overlay_larcv_cropped.root,,5693,5108,0,,8,D_busy,0.017925459891557693,0.98194420337677,0.0,0.0194854736328125,0.01,1.0,1.0,True,0.5131166797180893,0.5131166797180893,1.0,150,0.009984338292873924,0.009984338292873924,1.0,0.5131166797180893,0.005398548329249024,0.027872662991285324,0.6468285043069695,0.024095405824482448,0.07513960972428321,0.0,0.0,/vols/sbn/uboone/an1522/cam_methods/occlusion/D_busy/run3_samples/resnet34_gn/occlusion__ENTRY_5693__nu_overlay_meta_8.txt
occlusion,resnet34_gn,/home/hep/an1522/dark_tridents_wspace/outputs/weights/resnet34_gn/resnet34_gn_model_20260123-12_20_AM_epoch_4_batch_id_1961_labels_2_step_9821.pwf,/data/run3_nu_overlay_larcv_cropped.root,,7356,4234,0,,16,D_busy,0.008667848072946072,0.9911826848983765,0.0,0.01615142822265625,0.01,1.0,1.0,True,0.6190363722248465,0.6190363722248465,1.0,110,0.009919697685403874,0.009919697685403874,1.0,0.6190363722248465,0.005358393304049969,0.014835021458566189,0.4752007557864903,0.01542393695563078,0.0623727595899254,0.0,0.0,/vols/sbn/uboone/an1522/cam_methods/occlusion/D_busy/run3_samples/resnet34_gn/occlusion__ENTRY_7356__nu_overlay_meta_16.txt
occlusion,resnet34_gn,/home/hep/an1522/dark_tridents_wspace/outputs/weights/resnet34_gn/resnet34_gn_model_20260123-12_20_AM_epoch_4_batch_id_1961_labels_2_step_9821.pwf,/data/run3_nu_overlay_larcv_cropped.root,,7356,4234,0,,2,D_busy,0.008667848072946072,0.9911826848983765,0.0,0.01615142822265625,0.01,1.0,1.0,True,0.6190363722248465,0.6190363722248465,1.0,125,0.009919697685403874,0.009919697685403874,1.0,0.6190363722248465,0.0014518926199525598,0.002304364927113056,0.3358526216343883,0.017758173542097216,0.05683446684852241,0.0,0.0,/vols/sbn/uboone/an1522/cam_methods/occlusion/D_busy/run3_samples/resnet34_gn/occlusion__ENTRY_7356__nu_overlay_meta_2.txt
occlusion,resnet34_gn,/home/hep/an1522/dark_tridents_wspace/outputs/weights/resnet34_gn/resnet34_gn_model_20260123-12_20_AM_epoch_4_batch_id_1961_labels_2_step_9821.pwf,/data/run3_nu_overlay_larcv_cropped.root,,7356,4234,0,,4,D_busy,0.008670474402606487,0.9911800026893616,0.0,0.01615142822265625,0.01,1.0,1.0,True,0.6190363722248465,0.6190363722248465,1.0,135,0.009919697685403874,0.009919697685403874,1.0,0.6190363722248465,0.001669006422162056,0.00732074398547411,0.3264052905054322,0.017488312674686316,0.056336908601224416,0.0,0.0,/vols/sbn/uboone/an1522/cam_methods/occlusion/D_busy/run3_samples/resnet34_gn/occlusion__ENTRY_7356__nu_overlay_meta_4.txt
occlusion,resnet34_gn,/home/hep/an1522/dark_tridents_wspace/outputs/weights/resnet34_gn/resnet34_gn_model_20260123-12_20_AM_epoch_4_batch_id_1961_labels_2_step_9821.pwf,/data/run3_nu_overlay_larcv_cropped.root,,7356,4234,0,,8,D_busy,0.008670474402606487,0.9911800026893616,0.0,0.01615142822265625,0.01,1.0,1.0,True,0.6190363722248465,0.6190363722248465,1.0,133,0.009919697685403874,0.009919697685403874,1.0,0.6190363722248465,0.0019357912242412567,0.015155420638620853,0.36112423240434577,0.016556370211765172,0.05224340758286416,0.0,0.0,/vols/sbn/uboone/an1522/cam_methods/occlusion/D_busy/run3_samples/resnet34_gn/occlusion__ENTRY_7356__nu_overlay_meta_8.txt
occlusion,resnet34_gn,/home/hep/an1522/dark_tridents_wspace/outputs/weights/resnet34_gn/resnet34_gn_model_20260123-12_20_AM_epoch_4_batch_id_1961_labels_2_step_9821.pwf,/data/run3_nu_overlay_larcv_cropped.root,,8277,2909,0,,16,D_busy,0.0019763419404625893,0.9980008006095886,0.0,0.011096954345703125,0.01,1.0,1.0,True,0.9009969061533173,0.9009969061533173,1.0,83,0.009969061533172912,0.009969061533172912,1.0,0.9009969061533173,0.0006448714155703784,0.0010627340525388718,0.46098315572361637,0.011350130650680513,0.07845164728350937,0.0,0.0,/vols/sbn/uboone/an1522/cam_methods/occlusion/D_busy/run3_samples/resnet34_gn/occlusion__ENTRY_8277__nu_overlay_meta_16.txt
occlusion,resnet34_gn,/home/hep/an1522/dark_tridents_wspace/outputs/weights/resnet34_gn/resnet34_gn_model_20260123-12_20_AM_epoch_4_batch_id_1961_labels_2_step_9821.pwf,/data/run3_nu_overlay_larcv_cropped.root,,8277,2909,0,,2,D_busy,0.001976301660761237,0.9980008006095886,0.0,0.011096954345703125,0.01,1.0,1.0,True,0.9009969061533173,0.9009969061533173,1.0,98,0.009969061533172912,0.009969061533172912,1.0,0.9009969061533173,0.00021380162797868252,0.00035660271532833576,0.5001718803712616,0.01150779415620491,0.2912514130468481,0.0,0.0,/vols/sbn/uboone/an1522/cam_methods/occlusion/D_busy/run3_samples/resnet34_gn/occlusion__ENTRY_8277__nu_overlay_meta_2.txt
occlusion,resnet34_gn,/home/hep/an1522/dark_tridents_wspace/outputs/weights/resnet34_gn/resnet34_gn_model_20260123-12_20_AM_epoch_4_batch_id_1961_labels_2_step_9821.pwf,/data/run3_nu_overlay_larcv_cropped.root,,8277,2909,0,,4,D_busy,0.001976301660761237,0.9980008006095886,0.0,0.011096954345703125,0.01,1.0,1.0,True,0.9009969061533173,0.9009969061533173,1.0,110,0.009969061533172912,0.009969061533172912,1.0,0.9009969061533173,0.0002491959929466248,0.0003757389495149255,0.47645238913716054,0.011512840969953688,0.2504079053993337,0.0,0.0,/vols/sbn/uboone/an1522/cam_methods/occlusion/D_busy/run3_samples/resnet34_gn/occlusion__ENTRY_8277__nu_overlay_meta_4.txt
occlusion,resnet34_gn,/home/hep/an1522/dark_tridents_wspace/outputs/weights/resnet34_gn/resnet34_gn_model_20260123-12_20_AM_epoch_4_batch_id_1961_labels_2_step_9821.pwf,/data/run3_nu_overlay_larcv_cropped.root,,8277,2909,0,,8,D_busy,0.0019763419404625893,0.9980008006095886,0.0,0.011096954345703125,0.01,1.0,1.0,True,0.9009969061533173,0.9009969061533173,1.0,100,0.009969061533172912,0.009969061533172912,1.0,0.9009969061533173,0.00035579304676502943,0.0008684922941029072,0.4802337573049158,0.011505649075843394,0.09192054648883638,0.0,0.0,/vols/sbn/uboone/an1522/cam_methods/occlusion/D_busy/run3_samples/resnet34_gn/occlusion__ENTRY_8277__nu_overlay_meta_8.txt
occlusion,mpid,/home/hep/an1522/dark_tridents_wspace/outputs/weights/DM-CNN_model_20260116-10_22_PM_epoch_4_batch_id_1961_labels_2_title_0.001_AG_GN_LM_TRAINING_step_9821.pwf,/data/run3_dt_ratio_0.6_ma_0.05_eta_larcv_cropped.root,0.05,11664,3568,0,,16,D_busy,0.9999611377716064,4.20940741605591e-05,0.0,0.01361083984375,0.01,1.0,1.0,True,0.734585201793722,0.734585201793722,1.0,90,0.010089686098654708,0.010089686098654708,1.0,0.734585201793722,0.006376802921295166,0.013834118843078613,0.6667600896860987,0.9523972876369953,0.4207975365221501,0.1,0.1,/vols/sbn/uboone/an1522/cam_methods/occlusion/D_busy/run3_signal/mpid/occlusion__ENTRY_11664_meta_16.txt
occlusion,mpid,/home/hep/an1522/dark_tridents_wspace/outputs/weights/DM-CNN_model_20260116-10_22_PM_epoch_4_batch_id_1961_labels_2_title_0.001_AG_GN_LM_TRAINING_step_9821.pwf,/data/run3_dt_ratio_0.6_ma_0.05_eta_larcv_cropped.root,0.05,11664,3568,0,,2,D_busy,0.9999611377716064,4.20940741605591e-05,0.0,0.01361083984375,0.01,1.0,1.0,True,0.734585201793722,0.734585201793722,1.0,107,0.010089686098654708,0.010089686098654708,1.0,0.734585201793722,2.038359642028806e-05,0.0004298686981201172,0.4915919282511211,0.9524025090038777,0.2380882566794753,0.1,0.1,/vols/sbn/uboone/an1522/cam_methods/occlusion/D_busy/run3_signal/mpid/occlusion__ENTRY_11664_meta_2.txt
occlusion,mpid,/home/hep/an1522/dark_tridents_wspace/outputs/weights/DM-CNN_model_20260116-10_22_PM_epoch_4_batch_id_1961_labels_2_title_0.001_AG_GN_LM_TRAINING_step_9821.pwf,/data/run3_dt_ratio_0.6_ma_0.05_eta_larcv_cropped.root,0.05,11664,3568,0,,4,D_busy,0.9999611377716064,4.209129838272929e-05,0.0,0.01361083984375,0.01,1.0,1.0,True,0.734585201793722,0.734585201793722,1.0,93,0.010089686098654708,0.010089686098654708,1.0,0.734585201793722,9.178996086120603e-05,0.00048488378524780273,0.5554932735426009,0.9524040894582867,0.5177851023152471,0.1,0.7000000000000001,/vols/sbn/uboone/an1522/cam_methods/occlusion/D_busy/run3_signal/mpid/occlusion__ENTRY_11664_meta_4.txt
occlusion,mpid,/home/hep/an1522/dark_tridents_wspace/outputs/weights/DM-CNN_model_20260116-10_22_PM_epoch_4_batch_id_1961_labels_2_title_0.001_AG_GN_LM_TRAINING_step_9821.pwf,/data/run3_dt_ratio_0.6_ma_0.05_eta_larcv_cropped.root,0.05,11664,3568,0,,8,D_busy,0.9999611377716064,4.209129838272929e-05,0.0,0.01361083984375,0.01,1.0,1.0,True,0.734585201793722,0.734585201793722,1.0,98,0.010089686098654708,0.010089686098654708,1.0,0.734585201793722,0.0006802678108215332,0.0028964877128601074,0.6165919282511211,0.9524012761190535,0.7599097328260541,0.1,1.0,/vols/sbn/uboone/an1522/cam_methods/occlusion/D_busy/run3_signal/mpid/occlusion__ENTRY_11664_meta_8.txt
occlusion,mpid,/home/hep/an1522/dark_tridents_wspace/outputs/weights/DM-CNN_model_20260116-10_22_PM_epoch_4_batch_id_1961_labels_2_title_0.001_AG_GN_LM_TRAINING_step_9821.pwf,/data/run3_dt_ratio_0.6_ma_0.08_eta_larcv_cropped.root,0.08,2059,3519,0,,16,D_busy,0.9999587535858154,4.443627403816208e-05,0.0,0.013423919677734375,0.01,1.0,1.0,True,0.7448138675760159,0.7448138675760159,1.0,64,0.009946007388462632,0.009946007388462632,1.0,0.7448138675760159,0.006557047367095947,0.014116108417510986,0.6655299801079853,0.9524072365835308,0.37895922977477314,0.1,0.1,/vols/sbn/uboone/an1522/cam_methods/occlusion/D_busy/run3_signal/mpid/occlusion__ENTRY_2059_meta_16.txt
occlusion,mpid,/home/hep/an1522/dark_tridents_wspace/outputs/weights/DM-CNN_model_20260116-10_22_PM_epoch_4_batch_id_1961_labels_2_title_0.001_AG_GN_LM_TRAINING_step_9821.pwf,/data/run3_dt_ratio_0.6_ma_0.08_eta_larcv_cropped.root,0.08,2059,3519,0,,2,D_busy,0.9999587535858154,4.4437972974264994e-05,0.0,0.013423919677734375,0.01,1.0,1.0,True,0.7448138675760159,0.7448138675760159,1.0,88,0.009946007388462632,0.009946007388462632,1.0,0.7448138675760159,1.9648075103759785e-05,0.0004405975341796875,0.5098039215686274,0.9524042494595051,0.7806466616690159,0.1,0.9,/vols/sbn/uboone/an1522/cam_methods/occlusion/D_busy/run3_signal/mpid/occlusion__ENTRY_2059_meta_2.txt
occlusion,mpid,/home/hep/an1522/dark_tridents_wspace/outputs/weights/DM-CNN_model_20260116-10_22_PM_epoch_4_batch_id_1961_labels_2_title_0.001_AG_GN_LM_TRAINING_step_9821.pwf,/data/run3_dt_ratio_0.6_ma_0.08_eta_larcv_cropped.root,0.08,2059,3519,0,,4,D_busy,0.9999587535858154,4.4437972974264994e-05,0.0,0.013423919677734375,0.01,1.0,1.0,True,0.7448138675760159,0.7448138675760159,1.0,73,0.009946007388462632,0.009946007388462632,1.0,0.7448138675760159,7.256984710693395e-05,0.0004398822784423828,0.5757317419721512,0.9524009354412557,0.885414732247591,0.1,1.0,/vols/sbn/uboone/an1522/cam_methods/occlusion/D_busy/run3_signal/mpid/occlusion__ENTRY_2059_meta_4.txt
occlusion,mpid,/home/hep/an1522/dark_tridents_wspace/outputs/weights/DM-CNN_model_20260116-10_22_PM_epoch_4_batch_id_1961_labels_2_title_0.001_AG_GN_LM_TRAINING_step_9821.pwf,/data/run3_dt_ratio_0.6_ma_0.08_eta_larcv_cropped.root,0.08,2059,3519,0,,8,D_busy,0.9999587535858154,4.4437972974264994e-05,0.0,0.013423919677734375,0.01,1.0,1.0,True,0.7448138675760159,0.7448138675760159,1.0,79,0.009946007388462632,0.009946007388462632,1.0,0.7448138675760159,0.00036913156509399414,0.0010164380073547363,0.6521739130434783,0.9524011023342609,0.46224216446280486,0.1,0.6000000000000001,/vols/sbn/uboone/an1522/cam_methods/occlusion/D_busy/run3_signal/mpid/occlusion__ENTRY_2059_meta_8.txt
occlusion,mpid,/home/hep/an1522/dark_tridents_wspace/outputs/weights/DM-CNN_model_20260116-10_22_PM_epoch_4_batch_id_1961_labels_2_title_0.001_AG_GN_LM_TRAINING_step_9821.pwf,/data/run3_dt_ratio_0.6_ma_0.09_eta_larcv_cropped.root,0.09,2857,3184,0,,16,D_busy,0.9999558925628662,4.735818220069632e-05,0.0,0.01214599609375,0.01,1.0,1.0,True,0.823178391959799,0.823178391959799,1.0,77,0.010050251256281407,0.010050251256281407,1.0,0.823178391959799,0.019106805324554443,0.034501731395721436,0.8391959798994975,0.9524001725018024,0.4904617004096508,0.1,0.6000000000000001,/vols/sbn/uboone/an1522/cam_methods/occlusion/D_busy/run3_signal/mpid/occlusion__ENTRY_2857_meta_16.txt
occlusion,mpid,/home/hep/an1522/dark_tridents_wspace/outputs/weights/DM-CNN_model_20260116-10_22_PM_epoch_4_batch_id_1961_labels_2_title_0.001_AG_GN_LM_TRAINING_step_9821.pwf,/data/run3_dt_ratio_0.6_ma_0.09_eta_larcv_cropped.root,0.09,2857,3184,0,,2,D_busy,0.9999558925628662,4.7367168008349836e-05,0.0,0.01214599609375,0.01,1.0,1.0,True,0.823178391959799,0.823178391959799,1.0,75,0.010050251256281407,0.010050251256281407,1.0,0.823178391959799,4.631638526916512e-05,0.000587165355682373,0.6567211055276382,0.9523986058309675,0.8229008631780744,0.1,1.0,/vols/sbn/uboone/an1522/cam_methods/occlusion/D_busy/run3_signal/mpid/occlusion__ENTRY_2857_meta_2.txt
occlusion,mpid,/home/hep/an1522/dark_tridents_wspace/outputs/weights/DM-CNN_model_20260116-10_22_PM_epoch_4_batch_id_1961_labels_2_title_0.001_AG_GN_LM_TRAINING_step_9821.pwf,/data/run3_dt_ratio_0.6_ma_0.09_eta_larcv_cropped.root,0.09,2857,3184,0,,4,D_busy,0.9999558925628662,4.7367168008349836e-05,0.0,0.01214599609375,0.01,1.0,1.0,True,0.823178391959799,0.823178391959799,1.0,71,0.010050251256281407,0.010050251256281407,1.0,0.823178391959799,0.00016995668411255022,0.0006560087203979492,0.6871859296482412,0.9523997383192182,0.7213643925264478,0.1,1.0,/vols/sbn/uboone/an1522/cam_methods/occlusion/D_busy/run3_signal/mpid/occlusion__ENTRY_2857_meta_4.txt
occlusion,mpid,/home/hep/an1522/dark_tridents_wspace/outputs/weights/DM-CNN_model_20260116-10_22_PM_epoch_4_batch_id_1961_labels_2_title_0.001_AG_GN_LM_TRAINING_step_9821.pwf,/data/run3_dt_ratio_0.6_ma_0.09_eta_larcv_cropped.root,0.09,2857,3184,0,,8,D_busy,0.9999558925628662,4.735818220069632e-05,0.0,0.01214599609375,0.01,1.0,1.0,True,0.823178391959799,0.823178391959799,1.0,54,0.010050251256281407,0.010050251256281407,1.0,0.823178391959799,0.0006433725357055664,0.0025861263275146484,0.7383793969849246,0.9523979552090169,0.579668390005827,0.1,0.9,/vols/sbn/uboone/an1522/cam_methods/occlusion/D_busy/run3_signal/mpid/occlusion__ENTRY_2857_meta_8.txt
occlusion,mpid,/home/hep/an1522/dark_tridents_wspace/outputs/weights/DM-CNN_model_20260116-10_22_PM_epoch_4_batch_id_1961_labels_2_title_0.001_AG_GN_LM_TRAINING_step_9821.pwf,/data/run3_dt_ratio_0.6_ma_0.08_pi0_larcv_cropped.root,0.08,4909,3289,0,,16,D_busy,0.9999511241912842,5.2678795327665284e-05,0.0,0.012546539306640625,0.01,1.0,1.0,True,0.7968987534204925,0.7968987534204925,1.0,47,0.010033444816053512,0.010033444816053512,1.0,0.7968987534204925,0.004221737384796143,0.009382545948028564,0.8075402858011553,0.9523949630558491,0.6420243836939334,0.1,0.8,/vols/sbn/uboone/an1522/cam_methods/occlusion/D_busy/run3_signal/mpid/occlusion__ENTRY_4909_meta_16.txt
occlusion,mpid,/home/hep/an1522/dark_tridents_wspace/outputs/weights/DM-CNN_model_20260116-10_22_PM_epoch_4_batch_id_1961_labels_2_title_0.001_AG_GN_LM_TRAINING_step_9821.pwf,/data/run3_dt_ratio_0.6_ma_0.08_pi0_larcv_cropped.root,0.08,4909,3289,0,,2,D_busy,0.9999511241912842,5.2678795327665284e-05,0.0,0.012546539306640625,0.01,1.0,1.0,True,0.7968987534204925,0.7968987534204925,1.0,87,0.010033444816053512,0.010033444816053512,1.0,0.7968987534204925,2.6955604553222643e-05,0.0011425018310546875,0.6555183946488294,0.9523947246372699,0.897039408236742,0.1,0.9,/vols/sbn/uboone/an1522/cam_methods/occlusion/D_busy/run3_signal/mpid/occlusion__ENTRY_4909_meta_2.txt
occlusion,mpid,/home/hep/an1522/dark_tridents_wspace/outputs/weights/DM-CNN_model_20260116-10_22_PM_epoch_4_batch_id_1961_labels_2_title_0.001_AG_GN_LM_TRAINING_step_9821.pwf,/data/run3_dt_ratio_0.6_ma_0.08_pi0_larcv_cropped.root,0.08,4909,3289,0,,4,D_busy,0.9999511241912842,5.2678795327665284e-05,0.0,0.012546539306640625,0.01,1.0,1.0,True,0.7968987534204925,0.7968987534204925,1.0,86,0.010033444816053512,0.010033444816053512,1.0,0.7968987534204925,6.985664367675781e-05,0.00036138296127319336,0.7433870477348739,0.95239152982831,0.5900309599936009,0.1,0.7000000000000001,/vols/sbn/uboone/an1522/cam_methods/occlusion/D_busy/run3_signal/mpid/occlusion__ENTRY_4909_meta_4.txt
occlusion,mpid,/home/hep/an1522/dark_tridents_wspace/outputs/weights/DM-CNN_model_20260116-10_22_PM_epoch_4_batch_id_1961_labels_2_title_0.001_AG_GN_LM_TRAINING_step_9821.pwf,/data/run3_dt_ratio_0.6_ma_0.08_pi0_larcv_cropped.root,0.08,4909,3289,0,,8,D_busy,0.9999511241912842,5.266191510600038e-05,0.0,0.012546539306640625,0.01,1.0,1.0,True,0.7968987534204925,0.7968987534204925,1.0,74,0.010033444816053512,0.010033444816053512,1.0,0.7968987534204925,0.0002244114875793457,0.0012377500534057617,0.8105807236242019,0.9523888187482953,0.21787621285766365,0.1,0.1,/vols/sbn/uboone/an1522/cam_methods/occlusion/D_busy/run3_signal/mpid/occlusion__ENTRY_4909_meta_8.txt
occlusion,mpid,/home/hep/an1522/dark_tridents_wspace/outputs/weights/DM-CNN_model_20260116-10_22_PM_epoch_4_batch_id_1961_labels_2_title_0.001_AG_GN_LM_TRAINING_step_9821.pwf,/data/run3_dt_ratio_0.6_ma_0.4_eta_larcv_cropped.root,0.4,5161,3303,0,,16,D_busy,0.9999581575393677,4.5083401346346363e-05,0.0,0.012599945068359375,0.01,1.0,1.0,True,0.7935210414774447,0.7935210414774447,1.0,58,0.009990917347865577,0.009990917347865577,1.0,0.7935210414774447,0.019636690616607666,0.040352821350097656,0.6896760520738723,0.9524010436609387,0.4090148763731123,0.1,0.6000000000000001,/vols/sbn/uboone/an1522/cam_methods/occlusion/D_busy/run3_signal/mpid/occlusion__ENTRY_5161_meta_16.txt
occlusion,mpid,/home/hep/an1522/dark_tridents_wspace/outputs/weights/DM-CNN_model_20260116-10_22_PM_epoch_4_batch_id_1961_labels_2_title_0.001_AG_GN_LM_TRAINING_step_9821.pwf,/data/run3_dt_ratio_0.6_ma_0.4_eta_larcv_cropped.root,0.4,5161,3303,0,,2,D_busy,0.9999581575393677,4.5083401346346363e-05,0.0,0.012599945068359375,0.01,1.0,1.0,True,0.7935210414774447,0.7935210414774447,1.0,68,0.009990917347865577,0.009990917347865577,1.0,0.7935210414774447,1.2271404266357428e-05,0.00012254714965820312,0.5837117771722676,0.952401794679463,0.52445297408849,0.1,0.7000000000000001,/vols/sbn/uboone/an1522/cam_methods/occlusion/D_busy/run3_signal/mpid/occlusion__ENTRY_5161_meta_2.txt
occlusion,mpid,/home/hep/an1522/dark_tridents_wspace/outputs/weights/DM-CNN_model_20260116-10_22_PM_epoch_4_batch_id_1961_labels_2_title_0.001_AG_GN_LM_TRAINING_step_9821.pwf,/data/run3_dt_ratio_0.6_ma_0.4_eta_larcv_cropped.root,0.4,5161,3303,0,,4,D_busy,0.9999581575393677,4.5086024329066277e-05,0.0,0.012599945068359375,0.01,1.0,1.0,True,0.7935210414774447,0.7935210414774447,1.0,64,0.009990917347865577,0.009990917347865577,1.0,0.7935210414774447,4.4913291931152587e-05,0.0001150369644165039,0.568876778686043,0.9523956008255482,0.46875809207558633,0.1,0.7000000000000001,/vols/sbn/uboone/an1522/cam_methods/occlusion/D_busy/run3_signal/mpid/occlusion__ENTRY_5161_meta_4.txt
occlusion,mpid,/home/hep/an1522/dark_tridents_wspace/outputs/weights/DM-CNN_model_20260116-10_22_PM_epoch_4_batch_id_1961_labels_2_title_0.001_AG_GN_LM_TRAINING_step_9821.pwf,/data/run3_dt_ratio_0.6_ma_0.4_eta_larcv_cropped.root,0.4,5161,3303,0,,8,D_busy,0.9999581575393677,4.5086024329066277e-05,0.0,0.012599945068359375,0.01,1.0,1.0,True,0.7935210414774447,0.7935210414774447,1.0,58,0.009990917347865577,0.009990917347865577,1.0,0.7935210414774447,0.00016654968261718776,0.001415252685546875,0.6406297305479867,0.952397007495165,0.5686834506690502,0.1,0.7000000000000001,/vols/sbn/uboone/an1522/cam_methods/occlusion/D_busy/run3_signal/mpid/occlusion__ENTRY_5161_meta_8.txt
occlusion,mpid,/home/hep/an1522/dark_tridents_wspace/outputs/weights/DM-CNN_model_20260116-10_22_PM_epoch_4_batch_id_1961_labels_2_title_0.001_AG_GN_LM_TRAINING_step_9821.pwf,/data/run3_dt_ratio_0.6_ma_0.06_pi0_larcv_cropped.root,0.06,529,3087,0,,16,D_busy,0.9999496936798096,5.457355655380525e-05,0.0,0.011775970458984375,0.01,1.0,1.0,True,0.8490443796566246,0.8490443796566246,1.0,43,0.01004211208292841,0.01004211208292841,1.0,0.8490443796566246,0.014456033706665039,0.02386152744293213,0.6754130223517979,0.9523953394964337,0.8637152867391705,0.1,0.9,/vols/sbn/uboone/an1522/cam_methods/occlusion/D_busy/run3_signal/mpid/occlusion__ENTRY_529_meta_16.txt
occlusion,mpid,/home/hep/an1522/dark_tridents_wspace/outputs/weights/DM-CNN_model_20260116-10_22_PM_epoch_4_batch_id_1961_labels_2_title_0.001_AG_GN_LM_TRAINING_step_9821.pwf,/data/run3_dt_ratio_0.6_ma_0.06_pi0_larcv_cropped.root,0.06,529,3087,0,,2,D_busy,0.9999496936798096,5.4559037380386144e-05,0.0,0.011775970458984375,0.01,1.0,1.0,True,0.8490443796566246,0.8490443796566246,1.0,75,0.01004211208292841,0.01004211208292841,1.0,0.8490443796566246,2.7179718017578125e-05,0.00045609474182128906,0.60932944606414,0.9523904211819173,0.8747983939945698,0.1,1.0,/vols/sbn/uboone/an1522/cam_methods/occlusion/D_busy/run3_signal/mpid/occlusion__ENTRY_529_meta_2.txt
occlusion,mpid,/home/hep/an1522/dark_tridents_wspace/outputs/weights/DM-CNN_model_20260116-10_22_PM_epoch_4_batch_id_1961_labels_2_title_0.001_AG_GN_LM_TRAINING_step_9821.pwf,/data/run3_dt_ratio_0.6_ma_0.06_pi0_larcv_cropped.root,0.06,529,3087,0,,4,D_busy,0.9999496936798096,5.4559037380386144e-05,0.0,0.011775970458984375,0.01,1.0,1.0,True,0.8490443796566246,0.8490443796566246,1.0,66,0.01004211208292841,0.01004211208292841,1.0,0.8490443796566246,8.45193862915039e-05,0.0004589557647705078,0.633948817622287,0.9523863680660724,0.37463416531682014,0.1,0.1,/vols/sbn/uboone/an1522/cam_methods/occlusion/D_busy/run3_signal/mpid/occlusion__ENTRY_529_meta_4.txt
occlusion,mpid,/home/hep/an1522/dark_tridents_wspace/outputs/weights/DM-CNN_model_20260116-10_22_PM_epoch_4_batch_id_1961_labels_2_title_0.001_AG_GN_LM_TRAINING_step_9821.pwf,/data/run3_dt_ratio_0.6_ma_0.06_pi0_larcv_cropped.root,0.06,529,3087,0,,8,D_busy,0.9999496936798096,5.4559037380386144e-05,0.0,0.011775970458984375,0.01,1.0,1.0,True,0.8490443796566246,0.8490443796566246,1.0,48,0.01004211208292841,0.01004211208292841,1.0,0.8490443796566246,0.00037604570388793945,0.0007989406585693359,0.6692581794622611,0.9523906834423541,0.7856417886912822,0.1,0.8,/vols/sbn/uboone/an1522/cam_methods/occlusion/D_busy/run3_signal/mpid/occlusion__ENTRY_529_meta_8.txt
occlusion,mpid,/home/hep/an1522/dark_tridents_wspace/outputs/weights/DM-CNN_model_20260116-10_22_PM_epoch_4_batch_id_1961_labels_2_title_0.001_AG_GN_LM_TRAINING_step_9821.pwf,/data/run3_dt_ratio_0.6_ma_0.04_eta_larcv_cropped.root,0.04,5582,3601,0,,16,D_busy,0.9999548196792603,4.853822974837385e-05,0.0,0.013736724853515625,0.01,1.0,1.0,True,0.7278533740627603,0.7278533740627603,1.0,39,0.009997222993612885,0.009997222993612885,1.0,0.7278533740627603,0.013771772384643555,0.08014929294586182,0.7070258261594001,0.9523960061371326,0.45131920501589784,0.1,0.6000000000000001,/vols/sbn/uboone/an1522/cam_methods/occlusion/D_busy/run3_signal/mpid/occlusion__ENTRY_5582_meta_16.txt
occlusion,mpid,/home/hep/an1522/dark_tridents_wspace/outputs/weights/DM-CNN_model_20260116-10_22_PM_epoch_4_batch_id_1961_labels_2_title_0.001_AG_GN_LM_TRAINING_step_9821.pwf,/data/run3_dt_ratio_0.6_ma_0.04_eta_larcv_cropped.root,0.04,5582,3601,0,,2,D_busy,0.9999548196792603,4.853822974837385e-05,0.0,0.013736724853515625,0.01,1.0,1.0,True,0.7278533740627603,0.7278533740627603,1.0,63,0.009997222993612885,0.009997222993612885,1.0,0.7278533740627603,3.2067298889160156e-05,0.0004901289939880371,0.48930852540960845,0.9523977346718312,0.6293995745480061,0.1,0.8,/vols/sbn/uboone/an1522/cam_methods/occlusion/D_busy/run3_signal/mpid/occlusion__ENTRY_5582_meta_2.txt
occlusion,mpid,/home/hep/an1522/dark_tridents_wspace/outputs/weights/DM-CNN_model_20260116-10_22_PM_epoch_4_batch_id_1961_labels_2_title_0.001_AG_GN_LM_TRAINING_step_9821.pwf,/data/run3_dt_ratio_0.6_ma_0.04_eta_larcv_cropped.root,0.04,5582,3601,0,,4,D_busy,0.9999548196792603,4.854165672441013e-05,0.0,0.013736724853515625,0.01,1.0,1.0,True,0.7278533740627603,0.7278533740627603,1.0,51,0.009997222993612885,0.009997222993612885,1.0,0.7278533740627603,7.009506225585938e-05,0.0009080767631530762,0.6084420994168287,0.952397526986897,0.2962924065068364,0.1,0.1,/vols/sbn/uboone/an1522/cam_methods/occlusion/D_busy/run3_signal/mpid/occlusion__ENTRY_5582_meta_4.txt
occlusion,mpid,/home/hep/an1522/dark_tridents_wspace/outputs/weights/DM-CNN_model_20260116-10_22_PM_epoch_4_batch_id_1961_labels_2_title_0.001_AG_GN_LM_TRAINING_step_9821.pwf,/data/run3_dt_ratio_0.6_ma_0.04_eta_larcv_cropped.root,0.04,5582,3601,0,,8,D_busy,0.9999548196792603,4.854165672441013e-05,0.0,0.013736724853515625,0.01,1.0,1.0,True,0.7278533740627603,0.7278533740627603,1.0,43,0.009997222993612885,0.009997222993612885,1.0,0.7278533740627603,0.0006545782089233398,0.00887143611907959,0.6942515967786725,0.9523998396471143,0.4939536007121206,0.1,0.7000000000000001,/vols/sbn/uboone/an1522/cam_methods/occlusion/D_busy/run3_signal/mpid/occlusion__ENTRY_5582_meta_8.txt
occlusion,mpid,/home/hep/an1522/dark_tridents_wspace/outputs/weights/DM-CNN_model_20260116-10_22_PM_epoch_4_batch_id_1961_labels_2_title_0.001_AG_GN_LM_TRAINING_step_9821.pwf,/data/run3_dt_ratio_0.6_ma_0.08_pi0_larcv_cropped.root,0.08,571,3228,0,,16,D_busy,0.999964714050293,3.8362883060472086e-05,0.0,0.0123138427734375,0.01,1.0,1.0,True,0.8119578686493185,0.8119578686493185,1.0,46,0.009913258983890954,0.009913258983890954,1.0,0.8119578686493185,0.007042825222015381,0.01186823844909668,0.5622676579925651,0.9524036534130574,0.5374423451721669,0.1,0.6000000000000001,/vols/sbn/uboone/an1522/cam_methods/occlusion/D_busy/run3_signal/mpid/occlusion__ENTRY_571_meta_16.txt
occlusion,mpid,/home/hep/an1522/dark_tridents_wspace/outputs/weights/DM-CNN_model_20260116-10_22_PM_epoch_4_batch_id_1961_labels_2_title_0.001_AG_GN_LM_TRAINING_step_9821.pwf,/data/run3_dt_ratio_0.6_ma_0.08_pi0_larcv_cropped.root,0.08,571,3228,0,,2,D_busy,0.999964714050293,3.83670958399307e-05,0.0,0.0123138427734375,0.01,1.0,1.0,True,0.8119578686493185,0.8119578686493185,1.0,69,0.009913258983890954,0.009913258983890954,1.0,0.8119578686493185,1.6450881958007812e-05,0.00017768144607543945,0.4200743494423792,0.9524090604856609,0.8591724054887891,0.1,1.0,/vols/sbn/uboone/an1522/cam_methods/occlusion/D_busy/run3_signal/mpid/occlusion__ENTRY_571_meta_2.txt
occlusion,mpid,/home/hep/an1522/dark_tridents_wspace/outputs/weights/DM-CNN_model_20260116-10_22_PM_epoch_4_batch_id_1961_labels_2_title_0.001_AG_GN_LM_TRAINING_step_9821.pwf,/data/run3_dt_ratio_0.6_ma_0.08_pi0_larcv_cropped.root,0.08,571,3228,0,,4,D_busy,0.999964714050293,3.83670958399307e-05,0.0,0.0123138427734375,0.01,1.0,1.0,True,0.8119578686493185,0.8119578686493185,1.0,66,0.009913258983890954,0.009913258983890954,1.0,0.8119578686493185,7.547616958618233e-05,0.0002830028533935547,0.46995043370508055,0.9524105863645673,0.7179238127544524,0.1,0.8,/vols/sbn/uboone/an1522/cam_methods/occlusion/D_busy/run3_signal/mpid/occlusion__ENTRY_571_meta_4.txt
occlusion,mpid,/home/hep/an1522/dark_tridents_wspace/outputs/weights/DM-CNN_model_20260116-10_22_PM_epoch_4_batch_id_1961_labels_2_title_0.001_AG_GN_LM_TRAINING_step_9821.pwf,/data/run3_dt_ratio_0.6_ma_0.08_pi0_larcv_cropped.root,0.08,571,3228,0,,8,D_busy,0.999964714050293,3.8362883060472086e-05,0.0,0.0123138427734375,0.01,1.0,1.0,True,0.8119578686493185,0.8119578686493185,1.0,57,0.009913258983890954,0.009913258983890954,1.0,0.8119578686493185,0.00040555834770202704,0.0009961128234863281,0.5226146220570013,0.9524088628590107,0.768931133300066,0.1,0.9,/vols/sbn/uboone/an1522/cam_methods/occlusion/D_busy/run3_signal/mpid/occlusion__ENTRY_571_meta_8.txt
occlusion,mpid,/home/hep/an1522/dark_tridents_wspace/outputs/weights/DM-CNN_model_20260116-10_22_PM_epoch_4_batch_id_1961_labels_2_title_0.001_AG_GN_LM_TRAINING_step_9821.pwf,/data/run3_dt_ratio_0.6_ma_0.05_eta_larcv_cropped.root,0.05,5775,3079,0,,16,D_busy,0.9999731779098511,2.8729544283123687e-05,0.0,0.011745452880859375,0.01,1.0,1.0,True,0.8512504059759662,0.8512504059759662,1.0,38,0.01006820396232543,0.01006820396232543,1.0,0.8512504059759662,0.008738602399826033,0.03174161911010742,0.6943812926274765,0.9524149315431715,0.7026435928419233,0.1,0.7000000000000001,/vols/sbn/uboone/an1522/cam_methods/occlusion/D_busy/run3_signal/mpid/occlusion__ENTRY_5775_meta_16.txt
occlusion,mpid,/home/hep/an1522/dark_tridents_wspace/outputs/weights/DM-CNN_model_20260116-10_22_PM_epoch_4_batch_id_1961_labels_2_title_0.001_AG_GN_LM_TRAINING_step_9821.pwf,/data/run3_dt_ratio_0.6_ma_0.05_eta_larcv_cropped.root,0.05,5775,3079,0,,2,D_busy,0.9999731779098511,2.8729544283123687e-05,0.0,0.011745452880859375,0.01,1.0,1.0,True,0.8512504059759662,0.8512504059759662,1.0,56,0.01006820396232543,0.01006820396232543,1.0,0.8512504059759662,1.8768310546874952e-05,0.00016802549362182617,0.35790841182202016,0.9524162786081433,0.7922306643798948,0.1,0.9,/vols/sbn/uboone/an1522/cam_methods/occlusion/D_busy/run3_signal/mpid/occlusion__ENTRY_5775_meta_2.txt
occlusion,mpid,/home/hep/an1522/dark_tridents_wspace/outputs/weights/DM-CNN_model_20260116-10_22_PM_epoch_4_batch_id_1961_labels_2_title_0.001_AG_GN_LM_TRAINING_step_9821.pwf,/data/run3_dt_ratio_0.6_ma_0.05_eta_larcv_cropped.root,0.05,5775,3079,0,,4,D_busy,0.9999731779098511,2.8739519621012732e-05,0.0,0.011745452880859375,0.01,1.0,1.0,True,0.8512504059759662,0.8512504059759662,1.0,59,0.01006820396232543,0.01006820396232543,1.0,0.8512504059759662,4.00543212890625e-05,0.00047194957733154297,0.5420591101006821,0.9524158544838428,0.7586980529129506,0.1,0.8,/vols/sbn/uboone/an1522/cam_methods/occlusion/D_busy/run3_signal/mpid/occlusion__ENTRY_5775_meta_4.txt
occlusion,mpid,/home/hep/an1522/dark_tridents_wspace/outputs/weights/DM-CNN_model_20260116-10_22_PM_epoch_4_batch_id_1961_labels_2_title_0.001_AG_GN_LM_TRAINING_step_9821.pwf,/data/run3_dt_ratio_0.6_ma_0.05_eta_larcv_cropped.root,0.05,5775,3079,0,,8,D_busy,0.9999731779098511,2.8739519621012732e-05,0.0,0.011745452880859375,0.01,1.0,1.0,True,0.8512504059759662,0.8512504059759662,1.0,47,0.01006820396232543,0.01006820396232543,1.0,0.8512504059759662,0.0001793503761291504,0.0012531280517578125,0.6593049691458266,0.9524151749908925,0.6919426672160627,0.1,0.7000000000000001,/vols/sbn/uboone/an1522/cam_methods/occlusion/D_busy/run3_signal/mpid/occlusion__ENTRY_5775_meta_8.txt
occlusion,mpid,/home/hep/an1522/dark_tridents_wspace/outputs/weights/DM-CNN_model_20260116-10_22_PM_epoch_4_batch_id_1961_labels_2_title_0.001_AG_GN_LM_TRAINING_step_9821.pwf,/data/run3_dt_ratio_0.6_ma_0.05_pi0_larcv_cropped.root,0.05,9213,3844,0,,16,D_busy,0.9999598264694214,4.333862307248637e-05,0.0,0.0146636962890625,0.01,1.0,1.0,True,0.6818418314255983,0.6818418314255983,1.0,128,0.009885535900104058,0.009885535900104058,1.0,0.6818418314255983,0.0016016364097595215,0.002491474151611328,0.649063475546306,0.9524005480110646,0.8071371085941793,0.1,0.8,/vols/sbn/uboone/an1522/cam_methods/occlusion/D_busy/run3_signal/mpid/occlusion__ENTRY_9213_meta_16.txt
occlusion,mpid,/home/hep/an1522/dark_tridents_wspace/outputs/weights/DM-CNN_model_20260116-10_22_PM_epoch_4_batch_id_1961_labels_2_title_0.001_AG_GN_LM_TRAINING_step_9821.pwf,/data/run3_dt_ratio_0.6_ma_0.05_pi0_larcv_cropped.root,0.05,9213,3844,0,,2,D_busy,0.9999598264694214,4.333862307248637e-05,0.0,0.0146636962890625,0.01,1.0,1.0,True,0.6818418314255983,0.6818418314255983,1.0,159,0.009885535900104058,0.009885535900104058,1.0,0.6818418314255983,3.361582756042494e-05,0.0005063414573669434,0.6004162330905307,0.9524036712944508,0.8230948425829411,0.1,0.9,/vols/sbn/uboone/an1522/cam_methods/occlusion/D_busy/run3_signal/mpid/occlusion__ENTRY_9213_meta_2.txt
occlusion,mpid,/home/hep/an1522/dark_tridents_wspace/outputs/weights/DM-CNN_model_20260116-10_22_PM_epoch_4_batch_id_1961_labels_2_title_0.001_AG_GN_LM_TRAINING_step_9821.pwf,/data/run3_dt_ratio_0.6_ma_0.05_pi0_larcv_cropped.root,0.05,9213,3844,0,,4,D_busy,0.9999598264694214,4.333862307248637e-05,0.0,0.0146636962890625,0.01,1.0,1.0,True,0.6818418314255983,0.6818418314255983,1.0,140,0.009885535900104058,0.009885535900104058,1.0,0.6818418314255983,7.37905502319336e-05,0.0004438161849975586,0.6649323621227887,0.9524010486900806,0.8984284169971943,0.1,1.0,/vols/sbn/uboone/an1522/cam_methods/occlusion/D_busy/run3_signal/mpid/occlusion__ENTRY_9213_meta_4.txt
occlusion,mpid,/home/hep/an1522/dark_tridents_wspace/outputs/weights/DM-CNN_model_20260116-10_22_PM_epoch_4_batch_id_1961_labels_2_title_0.001_AG_GN_LM_TRAINING_step_9821.pwf,/data/run3_dt_ratio_0.6_ma_0.05_pi0_larcv_cropped.root,0.05,9213,3844,0,,8,D_busy,0.9999598264694214,4.334056575316936e-05,0.0,0.0146636962890625,0.01,1.0,1.0,True,0.6818418314255983,0.6818418314255983,1.0,140,0.009885535900104058,0.009885535900104058,1.0,0.6818418314255983,0.00011074542999267578,0.0011088848114013672,0.6956295525494277,0.9524016754701734,0.4837771283462644,0.1,0.30000000000000004,/vols/sbn/uboone/an1522/cam_methods/occlusion/D_busy/run3_signal/mpid/occlusion__ENTRY_9213_meta_8.txt
occlusion,resnet34_gn,/home/hep/an1522/dark_tridents_wspace/outputs/weights/resnet34_gn/resnet34_gn_model_20260123-12_20_AM_epoch_4_batch_id_1961_labels_2_step_9821.pwf,/data/run3_dt_ratio_0.6_ma_0.05_eta_larcv_cropped.root,0.05,11664,3568,0,,16,D_busy,0.9993391633033752,0.0006615243619307876,0.0,0.01361083984375,0.01,1.0,1.0,True,0.734585201793722,0.734585201793722,1.0,49,0.010089686098654708,0.010089686098654708,1.0,0.734585201793722,0.015812283158302295,0.11301219463348389,0.6160313901345291,0.9590405181050301,0.2935440085828304,0.1,0.1,/vols/sbn/uboone/an1522/cam_methods/occlusion/D_busy/run3_signal/resnet34_gn/occlusion__ENTRY_11664_meta_16.txt
occlusion,resnet34_gn,/home/hep/an1522/dark_tridents_wspace/outputs/weights/resnet34_gn/resnet34_gn_model_20260123-12_20_AM_epoch_4_batch_id_1961_labels_2_step_9821.pwf,/data/run3_dt_ratio_0.6_ma_0.05_eta_larcv_cropped.root,0.05,11664,3568,0,,2,D_busy,0.9993390440940857,0.0006615709862671793,0.0,0.01361083984375,0.01,1.0,1.0,True,0.734585201793722,0.734585201793722,1.0,64,0.010089686098654708,0.010089686098654708,1.0,0.734585201793722,0.0010423862934112532,0.009199678897857666,0.48710762331838564,0.9590049967169763,0.2245744192972779,0.1,0.1,/vols/sbn/uboone/an1522/cam_methods/occlusion/D_busy/run3_signal/resnet34_gn/occlusion__ENTRY_11664_meta_2.txt
occlusion,resnet34_gn,/home/hep/an1522/dark_tridents_wspace/outputs/weights/resnet34_gn/resnet34_gn_model_20260123-12_20_AM_epoch_4_batch_id_1961_labels_2_step_9821.pwf,/data/run3_dt_ratio_0.6_ma_0.05_eta_larcv_cropped.root,0.05,11664,3568,0,,4,D_busy,0.9993390440940857,0.0006615709862671793,0.0,0.01361083984375,0.01,1.0,1.0,True,0.734585201793722,0.734585201793722,1.0,67,0.010089686098654708,0.010089686098654708,1.0,0.734585201793722,0.0016873013973236065,0.011092901229858398,0.46832959641255606,0.9590115889906883,0.37382232099771495,0.1,0.1,/vols/sbn/uboone/an1522/cam_methods/occlusion/D_busy/run3_signal/resnet34_gn/occlusion__ENTRY_11664_meta_4.txt
occlusion,resnet34_gn,/home/hep/an1522/dark_tridents_wspace/outputs/weights/resnet34_gn/resnet34_gn_model_20260123-12_20_AM_epoch_4_batch_id_1961_labels_2_step_9821.pwf,/data/run3_dt_ratio_0.6_ma_0.05_eta_larcv_cropped.root,0.05,11664,3568,0,,8,D_busy,0.9993390440940857,0.0006615709862671793,0.0,0.01361083984375,0.01,1.0,1.0,True,0.734585201793722,0.734585201793722,1.0,68,0.010089686098654708,0.010089686098654708,1.0,0.734585201793722,0.004017094373702977,0.023389339447021484,0.4977578475336323,0.9590386435389519,0.16234274879097937,0.1,0.1,/vols/sbn/uboone/an1522/cam_methods/occlusion/D_busy/run3_signal/resnet34_gn/occlusion__ENTRY_11664_meta_8.txt
occlusion,resnet34_gn,/home/hep/an1522/dark_tridents_wspace/outputs/weights/resnet34_gn/resnet34_gn_model_20260123-12_20_AM_epoch_4_batch_id_1961_labels_2_step_9821.pwf,/data/run3_dt_ratio_0.6_ma_0.08_eta_larcv_cropped.root,0.08,2059,3519,0,,16,D_busy,0.9994563460350037,0.0005441972170956433,0.0,0.013423919677734375,0.01,1.0,1.0,True,0.7448138675760159,0.7448138675760159,1.0,40,0.009946007388462632,0.009946007388462632,1.0,0.7448138675760159,0.008891522884368896,0.06479573249816895,0.46007388462631427,0.9590802893042566,0.07572218133136631,0.1,0.1,/vols/sbn/uboone/an1522/cam_methods/occlusion/D_busy/run3_signal/resnet34_gn/occlusion__ENTRY_2059_meta_16.txt
occlusion,resnet34_gn,/home/hep/an1522/dark_tridents_wspace/outputs/weights/resnet34_gn/resnet34_gn_model_20260123-12_20_AM_epoch_4_batch_id_1961_labels_2_step_9821.pwf,/data/run3_dt_ratio_0.6_ma_0.08_eta_larcv_cropped.root,0.08,2059,3519,0,,2,D_busy,0.9994562268257141,0.0005442550173029304,0.0,0.013423919677734375,0.01,1.0,1.0,True,0.7448138675760159,0.7448138675760159,1.0,65,0.009946007388462632,0.009946007388462632,1.0,0.7448138675760159,0.0004908299446106051,0.0028687119483947754,0.6101165103722649,0.9590881004929543,0.09967692587524651,0.1,0.1,/vols/sbn/uboone/an1522/cam_methods/occlusion/D_busy/run3_signal/resnet34_gn/occlusion__ENTRY_2059_meta_2.txt
occlusion,resnet34_gn,/home/hep/an1522/dark_tridents_wspace/outputs/weights/resnet34_gn/resnet34_gn_model_20260123-12_20_AM_epoch_4_batch_id_1961_labels_2_step_9821.pwf,/data/run3_dt_ratio_0.6_ma_0.08_eta_larcv_cropped.root,0.08,2059,3519,0,,4,D_busy,0.9994562268257141,0.0005442550173029304,0.0,0.013423919677734375,0.01,1.0,1.0,True,0.7448138675760159,0.7448138675760159,1.0,59,0.009946007388462632,0.009946007388462632,1.0,0.7448138675760159,0.0008627676963806178,0.0030291080474853516,0.5626598465473146,0.9590985074639319,0.08450630553998052,0.1,0.1,/vols/sbn/uboone/an1522/cam_methods/occlusion/D_busy/run3_signal/resnet34_gn/occlusion__ENTRY_2059_meta_4.txt
occlusion,resnet34_gn,/home/hep/an1522/dark_tridents_wspace/outputs/weights/resnet34_gn/resnet34_gn_model_20260123-12_20_AM_epoch_4_batch_id_1961_labels_2_step_9821.pwf,/data/run3_dt_ratio_0.6_ma_0.08_eta_larcv_cropped.root,0.08,2059,3519,0,,8,D_busy,0.9994562268257141,0.0005442550173029304,0.0,0.013423919677734375,0.01,1.0,1.0,True,0.7448138675760159,0.7448138675760159,1.0,54,0.009946007388462632,0.009946007388462632,1.0,0.7448138675760159,0.001788496971130371,0.004637002944946289,0.4711565785734584,0.9591013208031656,0.06895816414617002,0.1,0.1,/vols/sbn/uboone/an1522/cam_methods/occlusion/D_busy/run3_signal/resnet34_gn/occlusion__ENTRY_2059_meta_8.txt
occlusion,resnet34_gn,/home/hep/an1522/dark_tridents_wspace/outputs/weights/resnet34_gn/resnet34_gn_model_20260123-12_20_AM_epoch_4_batch_id_1961_labels_2_step_9821.pwf,/data/run3_dt_ratio_0.6_ma_0.09_eta_larcv_cropped.root,0.09,2857,3184,0,,16,D_busy,0.9996285438537598,0.0003720445674844086,0.0,0.01214599609375,0.01,1.0,1.0,True,0.823178391959799,0.823178391959799,1.0,67,0.010050251256281407,0.010050251256281407,1.0,0.823178391959799,0.035781145095825195,0.18128865957260132,0.7647613065326633,0.9592643901705742,0.1805896759964526,0.1,0.1,/vols/sbn/uboone/an1522/cam_methods/occlusion/D_busy/run3_signal/resnet34_gn/occlusion__ENTRY_2857_meta_16.txt
occlusion,resnet34_gn,/home/hep/an1522/dark_tridents_wspace/outputs/weights/resnet34_gn/resnet34_gn_model_20260123-12_20_AM_epoch_4_batch_id_1961_labels_2_step_9821.pwf,/data/run3_dt_ratio_0.6_ma_0.09_eta_larcv_cropped.root,0.09,2857,3184,0,,2,D_busy,0.9996286630630493,0.0003719528904184699,0.0,0.01214599609375,0.01,1.0,1.0,True,0.823178391959799,0.823178391959799,1.0,71,0.010050251256281407,0.010050251256281407,1.0,0.823178391959799,0.00036709785461426286,0.004514098167419434,0.5675251256281407,0.9592646971344948,0.22776521295309066,0.1,0.1,/vols/sbn/uboone/an1522/cam_methods/occlusion/D_busy/run3_signal/resnet34_gn/occlusion__ENTRY_2857_meta_2.txt
occlusion,resnet34_gn,/home/hep/an1522/dark_tridents_wspace/outputs/weights/resnet34_gn/resnet34_gn_model_20260123-12_20_AM_epoch_4_batch_id_1961_labels_2_step_9821.pwf,/data/run3_dt_ratio_0.6_ma_0.09_eta_larcv_cropped.root,0.09,2857,3184,0,,4,D_busy,0.9996286630630493,0.0003719528904184699,0.0,0.01214599609375,0.01,1.0,1.0,True,0.823178391959799,0.823178391959799,1.0,71,0.010050251256281407,0.010050251256281407,1.0,0.823178391959799,0.0007943511009216309,0.005091845989227295,0.5772613065326633,0.959256698191166,0.11070751324295999,0.1,0.1,/vols/sbn/uboone/an1522/cam_methods/occlusion/D_busy/run3_signal/resnet34_gn/occlusion__ENTRY_2857_meta_4.txt
occlusion,resnet34_gn,/home/hep/an1522/dark_tridents_wspace/outputs/weights/resnet34_gn/resnet34_gn_model_20260123-12_20_AM_epoch_4_batch_id_1961_labels_2_step_9821.pwf,/data/run3_dt_ratio_0.6_ma_0.09_eta_larcv_cropped.root,0.09,2857,3184,0,,8,D_busy,0.9996285438537598,0.0003720445674844086,0.0,0.01214599609375,0.01,1.0,1.0,True,0.823178391959799,0.823178391959799,1.0,75,0.010050251256281407,0.010050251256281407,1.0,0.823178391959799,0.00235292851924898,0.02823847532272339,0.6501256281407035,0.959262327849865,0.10475833639502527,0.1,0.1,/vols/sbn/uboone/an1522/cam_methods/occlusion/D_busy/run3_signal/resnet34_gn/occlusion__ENTRY_2857_meta_8.txt
occlusion,resnet34_gn,/home/hep/an1522/dark_tridents_wspace/outputs/weights/resnet34_gn/resnet34_gn_model_20260123-12_20_AM_epoch_4_batch_id_1961_labels_2_step_9821.pwf,/data/run3_dt_ratio_0.6_ma_0.08_pi0_larcv_cropped.root,0.08,4909,3289,0,,16,D_busy,0.9992437362670898,0.0007571388850919902,0.0,0.012546539306640625,0.01,1.0,1.0,True,0.7968987534204925,0.7968987534204925,1.0,40,0.010033444816053512,0.010033444816053512,1.0,0.7968987534204925,0.06973301410674916,0.5230633020401001,0.8373365764670112,0.9588965490460395,0.17220838293433188,0.1,0.1,/vols/sbn/uboone/an1522/cam_methods/occlusion/D_busy/run3_signal/resnet34_gn/occlusion__ENTRY_4909_meta_16.txt
occlusion,resnet34_gn,/home/hep/an1522/dark_tridents_wspace/outputs/weights/resnet34_gn/resnet34_gn_model_20260123-12_20_AM_epoch_4_batch_id_1961_labels_2_step_9821.pwf,/data/run3_dt_ratio_0.6_ma_0.08_pi0_larcv_cropped.root,0.08,4909,3289,0,,2,D_busy,0.9992438554763794,0.0007569696754217148,0.0,0.012546539306640625,0.01,1.0,1.0,True,0.7968987534204925,0.7968987534204925,1.0,55,0.010033444816053512,0.010033444816053512,1.0,0.7968987534204925,0.00037723064422607406,0.006968319416046143,0.4828215262997872,0.9588988646864891,0.12688762024044992,0.1,0.1,/vols/sbn/uboone/an1522/cam_methods/occlusion/D_busy/run3_signal/resnet34_gn/occlusion__ENTRY_4909_meta_2.txt
occlusion,resnet34_gn,/home/hep/an1522/dark_tridents_wspace/outputs/weights/resnet34_gn/resnet34_gn_model_20260123-12_20_AM_epoch_4_batch_id_1961_labels_2_step_9821.pwf,/data/run3_dt_ratio_0.6_ma_0.08_pi0_larcv_cropped.root,0.08,4909,3289,0,,4,D_busy,0.9992438554763794,0.0007569696754217148,0.0,0.012546539306640625,0.01,1.0,1.0,True,0.7968987534204925,0.7968987534204925,1.0,52,0.010033444816053512,0.010033444816053512,1.0,0.7968987534204925,0.0006218266487121565,0.006353020668029785,0.4746123441775616,0.9589052543044089,0.14939070213586092,0.1,0.1,/vols/sbn/uboone/an1522/cam_methods/occlusion/D_busy/run3_signal/resnet34_gn/occlusion__ENTRY_4909_meta_4.txt
occlusion,resnet34_gn,/home/hep/an1522/dark_tridents_wspace/outputs/weights/resnet34_gn/resnet34_gn_model_20260123-12_20_AM_epoch_4_batch_id_1961_labels_2_step_9821.pwf,/data/run3_dt_ratio_0.6_ma_0.08_pi0_larcv_cropped.root,0.08,4909,3289,0,,8,D_busy,0.9992437362670898,0.0007571388850919902,0.0,0.012546539306640625,0.01,1.0,1.0,True,0.7968987534204925,0.7968987534204925,1.0,46,0.010033444816053512,0.010033444816053512,1.0,0.7968987534204925,0.0017226338386535645,0.04103356599807739,0.57646701124962,0.9589004948735236,0.3394012823700905,0.1,0.1,/vols/sbn/uboone/an1522/cam_methods/occlusion/D_busy/run3_signal/resnet34_gn/occlusion__ENTRY_4909_meta_8.txt
occlusion,resnet34_gn,/home/hep/an1522/dark_tridents_wspace/outputs/weights/resnet34_gn/resnet34_gn_model_20260123-12_20_AM_epoch_4_batch_id_1961_labels_2_step_9821.pwf,/data/run3_dt_ratio_0.6_ma_0.4_eta_larcv_cropped.root,0.4,5161,3303,0,,16,D_busy,0.9990637898445129,0.0009347496088594198,0.0,0.012599945068359375,0.01,1.0,1.0,True,0.7935210414774447,0.7935210414774447,1.0,43,0.009990917347865577,0.009990917347865577,1.0,0.7935210414774447,0.10398220300674439,0.30714643001556396,0.4108386315470784,0.9587854251265526,0.11555069303140042,0.1,0.1,/vols/sbn/uboone/an1522/cam_methods/occlusion/D_busy/run3_signal/resnet34_gn/occlusion__ENTRY_5161_meta_16.txt
occlusion,resnet34_gn,/home/hep/an1522/dark_tridents_wspace/outputs/weights/resnet34_gn/resnet34_gn_model_20260123-12_20_AM_epoch_4_batch_id_1961_labels_2_step_9821.pwf,/data/run3_dt_ratio_0.6_ma_0.4_eta_larcv_cropped.root,0.4,5161,3303,0,,2,D_busy,0.999064028263092,0.000934551062528044,0.0,0.012599945068359375,0.01,1.0,1.0,True,0.7935210414774447,0.7935210414774447,1.0,52,0.009990917347865577,0.009990917347865577,1.0,0.7935210414774447,0.0007411026954650881,0.023369252681732178,0.45080230093854073,0.9587326303124427,0.10774234002456069,0.1,0.1,/vols/sbn/uboone/an1522/cam_methods/occlusion/D_busy/run3_signal/resnet34_gn/occlusion__ENTRY_5161_meta_2.txt
occlusion,resnet34_gn,/home/hep/an1522/dark_tridents_wspace/outputs/weights/resnet34_gn/resnet34_gn_model_20260123-12_20_AM_epoch_4_batch_id_1961_labels_2_step_9821.pwf,/data/run3_dt_ratio_0.6_ma_0.4_eta_larcv_cropped.root,0.4,5161,3303,0,,4,D_busy,0.9990637898445129,0.0009347496088594198,0.0,0.012599945068359375,0.01,1.0,1.0,True,0.7935210414774447,0.7935210414774447,1.0,63,0.009990917347865577,0.009990917347865577,1.0,0.7935210414774447,0.0015874731540679986,0.033953964710235596,0.3990311837723282,0.9587327167391777,0.12216038964688777,0.1,0.1,/vols/sbn/uboone/an1522/cam_methods/occlusion/D_busy/run3_signal/resnet34_gn/occlusion__ENTRY_5161_meta_4.txt
occlusion,resnet34_gn,/home/hep/an1522/dark_tridents_wspace/outputs/weights/resnet34_gn/resnet34_gn_model_20260123-12_20_AM_epoch_4_batch_id_1961_labels_2_step_9821.pwf,/data/run3_dt_ratio_0.6_ma_0.4_eta_larcv_cropped.root,0.4,5161,3303,0,,8,D_busy,0.999064028263092,0.000934551062528044,0.0,0.012599945068359375,0.01,1.0,1.0,True,0.7935210414774447,0.7935210414774447,1.0,54,0.009990917347865577,0.009990917347865577,1.0,0.7935210414774447,0.010180354118347168,0.09184890985488892,0.4371783227369058,0.958746875822544,0.10941975438036025,0.1,0.1,/vols/sbn/uboone/an1522/cam_methods/occlusion/D_busy/run3_signal/resnet34_gn/occlusion__ENTRY_5161_meta_8.txt
occlusion,resnet34_gn,/home/hep/an1522/dark_tridents_wspace/outputs/weights/resnet34_gn/resnet34_gn_model_20260123-12_20_AM_epoch_4_batch_id_1961_labels_2_step_9821.pwf,/data/run3_dt_ratio_0.6_ma_0.06_pi0_larcv_cropped.root,0.06,529,3087,0,,16,D_busy,0.9991618394851685,0.0008372482261620462,0.0,0.011775970458984375,0.01,1.0,1.0,True,0.8490443796566246,0.8490443796566246,1.0,40,0.01004211208292841,0.01004211208292841,1.0,0.8490443796566246,0.1164446473121643,0.6404047012329102,0.5749919015225138,0.958968485891819,0.11494587212800977,0.1,0.1,/vols/sbn/uboone/an1522/cam_methods/occlusion/D_busy/run3_signal/resnet34_gn/occlusion__ENTRY_529_meta_16.txt
occlusion,resnet34_gn,/home/hep/an1522/dark_tridents_wspace/outputs/weights/resnet34_gn/resnet34_gn_model_20260123-12_20_AM_epoch_4_batch_id_1961_labels_2_step_9821.pwf,/data/run3_dt_ratio_0.6_ma_0.06_pi0_larcv_cropped.root,0.06,529,3087,0,,2,D_busy,0.9991618394851685,0.0008372482261620462,0.0,0.011775970458984375,0.01,1.0,1.0,True,0.8490443796566246,0.8490443796566246,1.0,54,0.01004211208292841,0.01004211208292841,1.0,0.8490443796566246,0.0011045491695404002,0.016695380210876465,0.41820537738905084,0.9588157430291175,0.09417897425591946,0.1,0.1,/vols/sbn/uboone/an1522/cam_methods/occlusion/D_busy/run3_signal/resnet34_gn/occlusion__ENTRY_529_meta_2.txt
occlusion,resnet34_gn,/home/hep/an1522/dark_tridents_wspace/outputs/weights/resnet34_gn/resnet34_gn_model_20260123-12_20_AM_epoch_4_batch_id_1961_labels_2_step_9821.pwf,/data/run3_dt_ratio_0.6_ma_0.06_pi0_larcv_cropped.root,0.06,529,3087,0,,4,D_busy,0.9991618394851685,0.0008372690062969923,0.0,0.011775970458984375,0.01,1.0,1.0,True,0.8490443796566246,0.8490443796566246,1.0,58,0.01004211208292841,0.01004211208292841,1.0,0.8490443796566246,0.0022129416465759277,0.013486683368682861,0.4301911240686751,0.9588370189070702,0.18301203884184364,0.1,0.1,/vols/sbn/uboone/an1522/cam_methods/occlusion/D_busy/run3_signal/resnet34_gn/occlusion__ENTRY_529_meta_4.txt
occlusion,resnet34_gn,/home/hep/an1522/dark_tridents_wspace/outputs/weights/resnet34_gn/resnet34_gn_model_20260123-12_20_AM_epoch_4_batch_id_1961_labels_2_step_9821.pwf,/data/run3_dt_ratio_0.6_ma_0.06_pi0_larcv_cropped.root,0.06,529,3087,0,,8,D_busy,0.9991618394851685,0.0008372482261620462,0.0,0.011775970458984375,0.01,1.0,1.0,True,0.8490443796566246,0.8490443796566246,1.0,42,0.01004211208292841,0.01004211208292841,1.0,0.8490443796566246,0.004032626152038479,0.027299344539642334,0.4684159378036929,0.9588601723313332,0.153963874746114,0.1,0.1,/vols/sbn/uboone/an1522/cam_methods/occlusion/D_busy/run3_signal/resnet34_gn/occlusion__ENTRY_529_meta_8.txt
occlusion,resnet34_gn,/home/hep/an1522/dark_tridents_wspace/outputs/weights/resnet34_gn/resnet34_gn_model_20260123-12_20_AM_epoch_4_batch_id_1961_labels_2_step_9821.pwf,/data/run3_dt_ratio_0.6_ma_0.04_eta_larcv_cropped.root,0.04,5582,3601,0,,16,D_busy,0.9992691874504089,0.0007297390257008374,0.0,0.013736724853515625,0.01,1.0,1.0,True,0.7278533740627603,0.7278533740627603,1.0,44,0.009997222993612885,0.009997222993612885,1.0,0.7278533740627603,0.464341938495636,0.8630890846252441,0.2554845876145515,0.9589473202824593,0.12940393723547458,0.1,0.1,/vols/sbn/uboone/an1522/cam_methods/occlusion/D_busy/run3_signal/resnet34_gn/occlusion__ENTRY_5582_meta_16.txt
occlusion,resnet34_gn,/home/hep/an1522/dark_tridents_wspace/outputs/weights/resnet34_gn/resnet34_gn_model_20260123-12_20_AM_epoch_4_batch_id_1961_labels_2_step_9821.pwf,/data/run3_dt_ratio_0.6_ma_0.04_eta_larcv_cropped.root,0.04,5582,3601,0,,2,D_busy,0.9992691874504089,0.0007297390257008374,0.0,0.013736724853515625,0.01,1.0,1.0,True,0.7278533740627603,0.7278533740627603,1.0,33,0.009997222993612885,0.009997222993612885,1.0,0.7278533740627603,0.0005018115043640137,0.025921761989593506,0.37906137184115524,0.9589490965008736,0.18367774039506918,0.1,0.1,/vols/sbn/uboone/an1522/cam_methods/occlusion/D_busy/run3_signal/resnet34_gn/occlusion__ENTRY_5582_meta_2.txt
occlusion,resnet34_gn,/home/hep/an1522/dark_tridents_wspace/outputs/weights/resnet34_gn/resnet34_gn_model_20260123-12_20_AM_epoch_4_batch_id_1961_labels_2_step_9821.pwf,/data/run3_dt_ratio_0.6_ma_0.04_eta_larcv_cropped.root,0.04,5582,3601,0,,4,D_busy,0.9992693066596985,0.0007296819821931422,0.0,0.013736724853515625,0.01,1.0,1.0,True,0.7278533740627603,0.7278533740627603,1.0,25,0.009997222993612885,0.009997222993612885,1.0,0.7278533740627603,0.0009757280349731445,0.03555750846862793,0.2710358233823938,0.9590062782168388,0.12670557051897047,0.1,0.1,/vols/sbn/uboone/an1522/cam_methods/occlusion/D_busy/run3_signal/resnet34_gn/occlusion__ENTRY_5582_meta_4.txt
occlusion,resnet34_gn,/home/hep/an1522/dark_tridents_wspace/outputs/weights/resnet34_gn/resnet34_gn_model_20260123-12_20_AM_epoch_4_batch_id_1961_labels_2_step_9821.pwf,/data/run3_dt_ratio_0.6_ma_0.04_eta_larcv_cropped.root,0.04,5582,3601,0,,8,D_busy,0.9992691874504089,0.0007297390257008374,0.0,0.013736724853515625,0.01,1.0,1.0,True,0.7278533740627603,0.7278533740627603,1.0,34,0.009997222993612885,0.009997222993612885,1.0,0.7278533740627603,0.005163252353668213,0.23367416858673096,0.2091085809497362,0.9589841917157174,0.13006121348589658,0.1,0.1,/vols/sbn/uboone/an1522/cam_methods/occlusion/D_busy/run3_signal/resnet34_gn/occlusion__ENTRY_5582_meta_8.txt
occlusion,resnet34_gn,/home/hep/an1522/dark_tridents_wspace/outputs/weights/resnet34_gn/resnet34_gn_model_20260123-12_20_AM_epoch_4_batch_id_1961_labels_2_step_9821.pwf,/data/run3_dt_ratio_0.6_ma_0.08_pi0_larcv_cropped.root,0.08,571,3228,0,,16,D_busy,0.9991029500961304,0.0008948714239522815,0.0,0.0123138427734375,0.01,1.0,1.0,True,0.8119578686493185,0.8119578686493185,1.0,46,0.009913258983890954,0.009913258983890954,1.0,0.8119578686493185,0.029943540692329438,0.03988361358642578,0.4454770755885997,0.9589171752333641,0.12826348915696145,0.1,0.1,/vols/sbn/uboone/an1522/cam_methods/occlusion/D_busy/run3_signal/resnet34_gn/occlusion__ENTRY_571_meta_16.txt
occlusion,resnet34_gn,/home/hep/an1522/dark_tridents_wspace/outputs/weights/resnet34_gn/resnet34_gn_model_20260123-12_20_AM_epoch_4_batch_id_1961_labels_2_step_9821.pwf,/data/run3_dt_ratio_0.6_ma_0.08_pi0_larcv_cropped.root,0.08,571,3228,0,,2,D_busy,0.9991028308868408,0.000894986093044281,0.0,0.0123138427734375,0.01,1.0,1.0,True,0.8119578686493185,0.8119578686493185,1.0,41,0.009913258983890954,0.009913258983890954,1.0,0.8119578686493185,0.001085398197174079,0.01866239309310913,0.3856877323420074,0.9587322846055031,0.21542048901319505,0.1,0.1,/vols/sbn/uboone/an1522/cam_methods/occlusion/D_busy/run3_signal/resnet34_gn/occlusion__ENTRY_571_meta_2.txt
occlusion,resnet34_gn,/home/hep/an1522/dark_tridents_wspace/outputs/weights/resnet34_gn/resnet34_gn_model_20260123-12_20_AM_epoch_4_batch_id_1961_labels_2_step_9821.pwf,/data/run3_dt_ratio_0.6_ma_0.08_pi0_larcv_cropped.root,0.08,571,3228,0,,4,D_busy,0.9991028308868408,0.000894986093044281,0.0,0.0123138427734375,0.01,1.0,1.0,True,0.8119578686493185,0.8119578686493185,1.0,44,0.009913258983890954,0.009913258983890954,1.0,0.8119578686493185,0.0024931728839874294,0.01695418357849121,0.3596654275092937,0.9587843015789987,0.1368260635063052,0.1,0.1,/vols/sbn/uboone/an1522/cam_methods/occlusion/D_busy/run3_signal/resnet34_gn/occlusion__ENTRY_571_meta_4.txt
occlusion,resnet34_gn,/home/hep/an1522/dark_tridents_wspace/outputs/weights/resnet34_gn/resnet34_gn_model_20260123-12_20_AM_epoch_4_batch_id_1961_labels_2_step_9821.pwf,/data/run3_dt_ratio_0.6_ma_0.08_pi0_larcv_cropped.root,0.08,571,3228,0,,8,D_busy,0.9991028308868408,0.000894986093044281,0.0,0.0123138427734375,0.01,1.0,1.0,True,0.8119578686493185,0.8119578686493185,1.0,40,0.009913258983890954,0.009913258983890954,1.0,0.8119578686493185,0.007441282272338867,0.03157997131347656,0.34944237918215615,0.9587918654084207,0.14284943044185638,0.1,0.1,/vols/sbn/uboone/an1522/cam_methods/occlusion/D_busy/run3_signal/resnet34_gn/occlusion__ENTRY_571_meta_8.txt
occlusion,resnet34_gn,/home/hep/an1522/dark_tridents_wspace/outputs/weights/resnet34_gn/resnet34_gn_model_20260123-12_20_AM_epoch_4_batch_id_1961_labels_2_step_9821.pwf,/data/run3_dt_ratio_0.6_ma_0.05_eta_larcv_cropped.root,0.05,5775,3079,0,,16,D_busy,0.9995286464691162,0.0004707532352767885,0.0,0.011745452880859375,0.01,1.0,1.0,True,0.8512504059759662,0.8512504059759662,1.0,39,0.01006820396232543,0.01006820396232543,1.0,0.8512504059759662,0.0697218728065489,0.28448665142059326,0.4501461513478402,0.9591459348797798,0.16281253509223462,0.1,0.1,/vols/sbn/uboone/an1522/cam_methods/occlusion/D_busy/run3_signal/resnet34_gn/occlusion__ENTRY_5775_meta_16.txt
occlusion,resnet34_gn,/home/hep/an1522/dark_tridents_wspace/outputs/weights/resnet34_gn/resnet34_gn_model_20260123-12_20_AM_epoch_4_batch_id_1961_labels_2_step_9821.pwf,/data/run3_dt_ratio_0.6_ma_0.05_eta_larcv_cropped.root,0.05,5775,3079,0,,2,D_busy,0.9995286464691162,0.0004707954649347812,0.0,0.011745452880859375,0.01,1.0,1.0,True,0.8512504059759662,0.8512504059759662,1.0,55,0.01006820396232543,0.01006820396232543,1.0,0.8512504059759662,0.0004527568817138672,0.006681263446807861,0.4452744397531666,0.9591739103198051,0.16019978560507295,0.1,0.1,/vols/sbn/uboone/an1522/cam_methods/occlusion/D_busy/run3_signal/resnet34_gn/occlusion__ENTRY_5775_meta_2.txt
occlusion,resnet34_gn,/home/hep/an1522/dark_tridents_wspace/outputs/weights/resnet34_gn/resnet34_gn_model_20260123-12_20_AM_epoch_4_batch_id_1961_labels_2_step_9821.pwf,/data/run3_dt_ratio_0.6_ma_0.05_eta_larcv_cropped.root,0.05,5775,3079,0,,4,D_busy,0.9995286464691162,0.0004707532352767885,0.0,0.011745452880859375,0.01,1.0,1.0,True,0.8512504059759662,0.8512504059759662,1.0,59,0.01006820396232543,0.01006820396232543,1.0,0.8512504059759662,0.0007390785217285091,0.0052964091300964355,0.38908736602793115,0.9591876104474066,0.2734021782875061,0.1,0.1,/vols/sbn/uboone/an1522/cam_methods/occlusion/D_busy/run3_signal/resnet34_gn/occlusion__ENTRY_5775_meta_4.txt
occlusion,resnet34_gn,/home/hep/an1522/dark_tridents_wspace/outputs/weights/resnet34_gn/resnet34_gn_model_20260123-12_20_AM_epoch_4_batch_id_1961_labels_2_step_9821.pwf,/data/run3_dt_ratio_0.6_ma_0.05_eta_larcv_cropped.root,0.05,5775,3079,0,,8,D_busy,0.9995286464691162,0.0004707954649347812,0.0,0.011745452880859375,0.01,1.0,1.0,True,0.8512504059759662,0.8512504059759662,1.0,47,0.01006820396232543,0.01006820396232543,1.0,0.8512504059759662,0.003209687471389511,0.05161362886428833,0.34264371549204287,0.9591993495821952,0.16131091713905332,0.1,0.1,/vols/sbn/uboone/an1522/cam_methods/occlusion/D_busy/run3_signal/resnet34_gn/occlusion__ENTRY_5775_meta_8.txt
occlusion,resnet34_gn,/home/hep/an1522/dark_tridents_wspace/outputs/weights/resnet34_gn/resnet34_gn_model_20260123-12_20_AM_epoch_4_batch_id_1961_labels_2_step_9821.pwf,/data/run3_dt_ratio_0.6_ma_0.05_pi0_larcv_cropped.root,0.05,9213,3844,0,,16,D_busy,0.9994858503341675,0.0005149068310856819,0.0,0.0146636962890625,0.01,1.0,1.0,True,0.6818418314255983,0.6818418314255983,1.0,77,0.009885535900104058,0.009885535900104058,1.0,0.6818418314255983,0.007150590419769287,0.01767897605895996,0.81789802289282,0.9591214910149575,0.17603432238101957,0.1,0.1,/vols/sbn/uboone/an1522/cam_methods/occlusion/D_busy/run3_signal/resnet34_gn/occlusion__ENTRY_9213_meta_16.txt
occlusion,resnet34_gn,/home/hep/an1522/dark_tridents_wspace/outputs/weights/resnet34_gn/resnet34_gn_model_20260123-12_20_AM_epoch_4_batch_id_1961_labels_2_step_9821.pwf,/data/run3_dt_ratio_0.6_ma_0.05_pi0_larcv_cropped.root,0.05,9213,3844,0,,2,D_busy,0.9994858503341675,0.0005149068310856819,0.0,0.0146636962890625,0.01,1.0,1.0,True,0.6818418314255983,0.6818418314255983,1.0,92,0.009885535900104058,0.009885535900104058,1.0,0.6818418314255983,0.00034290432929992787,0.005599915981292725,0.5941727367325702,0.9591324344277381,0.27878151200711726,0.1,0.1,/vols/sbn/uboone/an1522/cam_methods/occlusion/D_busy/run3_signal/resnet34_gn/occlusion__ENTRY_9213_meta_2.txt
occlusion,resnet34_gn,/home/hep/an1522/dark_tridents_wspace/outputs/weights/resnet34_gn/resnet34_gn_model_20260123-12_20_AM_epoch_4_batch_id_1961_labels_2_step_9821.pwf,/data/run3_dt_ratio_0.6_ma_0.05_pi0_larcv_cropped.root,0.05,9213,3844,0,,4,D_busy,0.999485969543457,0.0005148499039933085,0.0,0.0146636962890625,0.01,1.0,1.0,True,0.6818418314255983,0.6818418314255983,1.0,91,0.009885535900104058,0.009885535900104058,1.0,0.6818418314255983,0.00045830130577087486,0.003884434700012207,0.5710197710718002,0.959137086570263,0.3580388553440571,0.1,0.1,/vols/sbn/uboone/an1522/cam_methods/occlusion/D_busy/run3_signal/resnet34_gn/occlusion__ENTRY_9213_meta_4.txt
occlusion,resnet34_gn,/home/hep/an1522/dark_tridents_wspace/outputs/weights/resnet34_gn/resnet34_gn_model_20260123-12_20_AM_epoch_4_batch_id_1961_labels_2_step_9821.pwf,/data/run3_dt_ratio_0.6_ma_0.05_pi0_larcv_cropped.root,0.05,9213,3844,0,,8,D_busy,0.9994858503341675,0.0005149068310856819,0.0,0.0146636962890625,0.01,1.0,1.0,True,0.6818418314255983,0.6818418314255983,1.0,82,0.009885535900104058,0.009885535900104058,1.0,0.6818418314255983,0.0016193985939025879,0.013026595115661621,0.6240894901144641,0.9591351047158242,0.11119850575923919,0.1,0.1,/vols/sbn/uboone/an1522/cam_methods/occlusion/D_busy/run3_signal/resnet34_gn/occlusion__ENTRY_9213_meta_8.txt
occlusion,mpid,/home/hep/an1522/dark_tridents_wspace/outputs/weights/DM-CNN_model_20260116-10_22_PM_epoch_4_batch_id_1961_labels_2_title_0.001_AG_GN_LM_TRAINING_step_9821.pwf,/data/run1_NuMI_nu_overlay_larcv_cropped.root,,10340,4075,0,,16,E_disagree,0.9622824788093567,0.03883412107825279,0.0,0.015544891357421875,0.01,1.0,1.0,True,0.6431901840490798,0.6431901840490798,1.0,117,0.010061349693251533,0.010061349693251533,1.0,0.6431901840490798,0.25914745092391944,0.34749364852905273,0.7177914110429447,0.9171382166445254,0.11046249270439149,0.1,0.1,/vols/sbn/uboone/an1522/cam_methods/occlusion/E_disagree/run1_samples/mpid/occlusion__ENTRY_10340__nu_overlay_meta_16.txt
occlusion,mpid,/home/hep/an1522/dark_tridents_wspace/outputs/weights/DM-CNN_model_20260116-10_22_PM_epoch_4_batch_id_1961_labels_2_title_0.001_AG_GN_LM_TRAINING_step_9821.pwf,/data/run1_NuMI_nu_overlay_larcv_cropped.root,,10340,4075,0,,2,E_disagree,0.9622868895530701,0.038829635828733444,0.0,0.015544891357421875,0.01,1.0,1.0,True,0.6431901840490798,0.6431901840490798,1.0,209,0.010061349693251533,0.010061349693251533,1.0,0.6431901840490798,0.011395007371902426,0.10155230760574341,0.5548466257668712,0.916591297276318,0.11617913264781236,0.1,0.1,/vols/sbn/uboone/an1522/cam_methods/occlusion/E_disagree/run1_samples/mpid/occlusion__ENTRY_10340__nu_overlay_meta_2.txt
occlusion,mpid,/home/hep/an1522/dark_tridents_wspace/outputs/weights/DM-CNN_model_20260116-10_22_PM_epoch_4_batch_id_1961_labels_2_title_0.001_AG_GN_LM_TRAINING_step_9821.pwf,/data/run1_NuMI_nu_overlay_larcv_cropped.root,,10340,4075,0,,4,E_disagree,0.9622824788093567,0.03883412107825279,0.0,0.015544891357421875,0.01,1.0,1.0,True,0.6431901840490798,0.6431901840490798,1.0,180,0.010061349693251533,0.010061349693251533,1.0,0.6431901840490798,0.020848804712295107,0.13258886337280273,0.5830674846625767,0.9168327845633031,0.2350142113864422,0.1,0.1,/vols/sbn/uboone/an1522/cam_methods/occlusion/E_disagree/run1_samples/mpid/occlusion__ENTRY_10340__nu_overlay_meta_4.txt
occlusion,mpid,/home/hep/an1522/dark_tridents_wspace/outputs/weights/DM-CNN_model_20260116-10_22_PM_epoch_4_batch_id_1961_labels_2_title_0.001_AG_GN_LM_TRAINING_step_9821.pwf,/data/run1_NuMI_nu_overlay_larcv_cropped.root,,10340,4075,0,,8,E_disagree,0.9622868895530701,0.038829635828733444,0.0,0.015544891357421875,0.01,1.0,1.0,True,0.6431901840490798,0.6431901840490798,1.0,138,0.010061349693251533,0.010061349693251533,1.0,0.6431901840490798,0.05191385030746344,0.11573320627212524,0.6230674846625767,0.9162640558555721,0.11070142667740585,0.1,0.1,/vols/sbn/uboone/an1522/cam_methods/occlusion/E_disagree/run1_samples/mpid/occlusion__ENTRY_10340__nu_overlay_meta_8.txt
occlusion,mpid,/home/hep/an1522/dark_tridents_wspace/outputs/weights/DM-CNN_model_20260116-10_22_PM_epoch_4_batch_id_1961_labels_2_title_0.001_AG_GN_LM_TRAINING_step_9821.pwf,/data/run1_NuMI_nu_overlay_larcv_cropped.root,,11591,1644,0,,16,E_disagree,0.9794930815696716,0.021474920213222504,0.0,0.0062713623046875,0.01,0.613887829072873,0.613887829072873,True,0.6057981927710844,0.9787104622871047,0.613887829072873,24,0.009732360097323601,0.009732360097323601,1.0,0.6057981927710844,0.44419896602630615,0.44419896602630615,0.6690997566909975,0.9333395399153233,0.10079979449510576,0.1,0.1,/vols/sbn/uboone/an1522/cam_methods/occlusion/E_disagree/run1_samples/mpid/occlusion__ENTRY_11591__nu_overlay_meta_16.txt
occlusion,mpid,/home/hep/an1522/dark_tridents_wspace/outputs/weights/DM-CNN_model_20260116-10_22_PM_epoch_4_batch_id_1961_labels_2_title_0.001_AG_GN_LM_TRAINING_step_9821.pwf,/data/run1_NuMI_nu_overlay_larcv_cropped.root,,11591,1644,0,,2,E_disagree,0.9794930815696716,0.021474920213222504,0.0,0.0062713623046875,0.01,0.6272415108737123,0.6272415108737123,True,0.6272415108737123,1.0,0.6272415108737123,25,0.009732360097323601,0.009732360097323601,1.0,0.6272415108737123,0.17335550785064496,0.6639607548713684,0.6593673965936739,0.9329586304724217,0.09533851072192193,0.1,0.1,/vols/sbn/uboone/an1522/cam_methods/occlusion/E_disagree/run1_samples/mpid/occlusion__ENTRY_11591__nu_overlay_meta_2.txt
occlusion,mpid,/home/hep/an1522/dark_tridents_wspace/outputs/weights/DM-CNN_model_20260116-10_22_PM_epoch_4_batch_id_1961_labels_2_title_0.001_AG_GN_LM_TRAINING_step_9821.pwf,/data/run1_NuMI_nu_overlay_larcv_cropped.root,,11591,1644,0,,4,E_disagree,0.97950279712677,0.021464871242642403,0.0,0.0062713623046875,0.01,0.6260969095764976,0.6260969095764976,True,0.6253810975609756,0.9981751824817519,0.6260969095764976,26,0.009732360097323601,0.009732360097323601,1.0,0.6253810975609756,0.40886661112308414,0.49186140298843384,0.6642335766423357,0.9331359522417189,0.06666562415193766,0.1,0.1,/vols/sbn/uboone/an1522/cam_methods/occlusion/E_disagree/run1_samples/mpid/occlusion__ENTRY_11591__nu_overlay_meta_4.txt
occlusion,mpid,/home/hep/an1522/dark_tridents_wspace/outputs/weights/DM-CNN_model_20260116-10_22_PM_epoch_4_batch_id_1961_labels_2_title_0.001_AG_GN_LM_TRAINING_step_9821.pwf,/data/run1_NuMI_nu_overlay_larcv_cropped.root,,11591,1644,0,,8,E_disagree,0.9794930815696716,0.021474920213222504,0.0,0.0062713623046875,0.01,0.6226631056848531,0.6226631056848531,True,0.6198252943410558,0.9927007299270073,0.6226631056848531,25,0.009732360097323601,0.009732360097323601,1.0,0.6198252943410558,0.44815385341644287,0.5013186931610107,0.6551094890510949,0.9330589808523655,0.06724351444281637,0.1,0.1,/vols/sbn/uboone/an1522/cam_methods/occlusion/E_disagree/run1_samples/mpid/occlusion__ENTRY_11591__nu_overlay_meta_8.txt
occlusion,mpid,/home/hep/an1522/dark_tridents_wspace/outputs/weights/DM-CNN_model_20260116-10_22_PM_epoch_4_batch_id_1961_labels_2_title_0.001_AG_GN_LM_TRAINING_step_9821.pwf,/data/run1_NuMI_dirt_larcv_cropped.root,,1750,396,0,,16,E_disagree,0.9627755880355835,0.037826769053936005,0.0,0.0015106201171875,0.01,0.1079740557039298,0.1079740557039298,True,0.10351133869787857,0.7146464646464646,0.1079740557039298,11,0.010101010101010102,0.010101010101010102,1.0,0.10351133869787857,0.7647474378347398,0.8510494232177734,0.6944444444444444,0.899618685990572,0.0760172690206673,0.1,0.1,/vols/sbn/uboone/an1522/cam_methods/occlusion/E_disagree/run1_samples/mpid/occlusion__ENTRY_1750__dirt_meta_16.txt
occlusion,mpid,/home/hep/an1522/dark_tridents_wspace/outputs/weights/DM-CNN_model_20260116-10_22_PM_epoch_4_batch_id_1961_labels_2_title_0.001_AG_GN_LM_TRAINING_step_9821.pwf,/data/run1_NuMI_dirt_larcv_cropped.root,,1750,396,0,,2,E_disagree,0.9627593755722046,0.03784319385886192,0.0,0.0015106201171875,0.01,0.1457458985120183,0.1457458985120183,True,0.14497153700189752,0.9646464646464646,0.1457458985120183,10,0.010101010101010102,0.010101010101010102,1.0,0.14497153700189752,0.7580194383859635,0.7756167054176331,0.9318181818181818,0.9162919299677014,0.07620839562732727,0.1,0.1,/vols/sbn/uboone/an1522/cam_methods/occlusion/E_disagree/run1_samples/mpid/occlusion__ENTRY_1750__dirt_meta_2.txt
occlusion,mpid,/home/hep/an1522/dark_tridents_wspace/outputs/weights/DM-CNN_model_20260116-10_22_PM_epoch_4_batch_id_1961_labels_2_title_0.001_AG_GN_LM_TRAINING_step_9821.pwf,/data/run1_NuMI_dirt_larcv_cropped.root,,1750,396,0,,4,E_disagree,0.9627755880355835,0.037826769053936005,0.0,0.0015106201171875,0.01,0.14078595955742082,0.14078595955742082,True,0.13935045317220543,0.9318181818181818,0.14078595955742082,11,0.010101010101010102,0.010101010101010102,1.0,0.13935045317220543,0.7513948082923894,0.7898801565170288,0.8964646464646465,0.9130553014576436,0.07799577969126403,0.1,0.1,/vols/sbn/uboone/an1522/cam_methods/occlusion/E_disagree/run1_samples/mpid/occlusion__ENTRY_1750__dirt_meta_4.txt
occlusion,mpid,/home/hep/an1522/dark_tridents_wspace/outputs/weights/DM-CNN_model_20260116-10_22_PM_epoch_4_batch_id_1961_labels_2_title_0.001_AG_GN_LM_TRAINING_step_9821.pwf,/data/run1_NuMI_dirt_larcv_cropped.root,,1750,396,0,,8,E_disagree,0.9627593755722046,0.03784319385886192,0.0,0.0015106201171875,0.01,0.12933994658527279,0.12933994658527279,True,0.12658700522778193,0.8560606060606061,0.12933994658527279,11,0.010101010101010102,0.010101010101010102,1.0,0.12658700522778193,0.6728389263153076,0.7124024033546448,0.8383838383838383,0.9150097029283641,0.07787959948182106,0.1,0.1,/vols/sbn/uboone/an1522/cam_methods/occlusion/E_disagree/run1_samples/mpid/occlusion__ENTRY_1750__dirt_meta_8.txt
occlusion,mpid,/home/hep/an1522/dark_tridents_wspace/outputs/weights/DM-CNN_model_20260116-10_22_PM_epoch_4_batch_id_1961_labels_2_title_0.001_AG_GN_LM_TRAINING_step_9821.pwf,/data/run1_NuMI_nu_overlay_larcv_cropped.root,,2227,2728,0,,16,E_disagree,0.9770486950874329,0.02337649092078209,0.0,0.010406494140625,0.01,0.9889355207935903,0.9889355207935903,True,0.940152339499456,0.9501466275659824,0.9889355207935903,89,0.009897360703812317,0.009897360703812317,1.0,0.940152339499456,0.7588088822364807,0.8330255150794983,0.7994868035190615,0.9253701068460941,0.6464385233819485,0.1,0.7000000000000001,/vols/sbn/uboone/an1522/cam_methods/occlusion/E_disagree/run1_samples/mpid/occlusion__ENTRY_2227__nu_overlay_meta_16.txt
occlusion,mpid,/home/hep/an1522/dark_tridents_wspace/outputs/weights/DM-CNN_model_20260116-10_22_PM_epoch_4_batch_id_1961_labels_2_title_0.001_AG_GN_LM_TRAINING_step_9821.pwf,/data/run1_NuMI_nu_overlay_larcv_cropped.root,,2227,2728,0,,2,E_disagree,0.9770486950874329,0.02337649092078209,0.0,0.010406494140625,0.01,1.0,1.0,True,0.9607771260997068,0.9607771260997068,1.0,93,0.009897360703812317,0.009897360703812317,1.0,0.9607771260997068,0.0366546940803528,0.07837921380996704,0.5399560117302052,0.9306468345224858,0.1431369684636593,0.1,0.1,/vols/sbn/uboone/an1522/cam_methods/occlusion/E_disagree/run1_samples/mpid/occlusion__ENTRY_2227__nu_overlay_meta_2.txt
occlusion,mpid,/home/hep/an1522/dark_tridents_wspace/outputs/weights/DM-CNN_model_20260116-10_22_PM_epoch_4_batch_id_1961_labels_2_title_0.001_AG_GN_LM_TRAINING_step_9821.pwf,/data/run1_NuMI_nu_overlay_larcv_cropped.root,,2227,2728,0,,4,E_disagree,0.977053165435791,0.023371996358036995,0.0,0.010406494140625,0.01,1.0,1.0,True,0.9607771260997068,0.9607771260997068,1.0,92,0.009897360703812317,0.009897360703812317,1.0,0.9607771260997068,0.09887446939945224,0.15863728523254395,0.5949413489736071,0.9304683761671185,0.0719916958361864,0.1,0.1,/vols/sbn/uboone/an1522/cam_methods/occlusion/E_disagree/run1_samples/mpid/occlusion__ENTRY_2227__nu_overlay_meta_4.txt
occlusion,mpid,/home/hep/an1522/dark_tridents_wspace/outputs/weights/DM-CNN_model_20260116-10_22_PM_epoch_4_batch_id_1961_labels_2_title_0.001_AG_GN_LM_TRAINING_step_9821.pwf,/data/run1_NuMI_nu_overlay_larcv_cropped.root,,2227,2728,0,,8,E_disagree,0.9770486950874329,0.02337649092078209,0.0,0.010406494140625,0.01,1.0,1.0,True,0.9607771260997068,0.9607771260997068,1.0,87,0.009897360703812317,0.009897360703812317,1.0,0.9607771260997068,0.36125787496566775,0.5518183708190918,0.6781524926686217,0.9290799237787724,0.38226428851485256,0.1,0.7000000000000001,/vols/sbn/uboone/an1522/cam_methods/occlusion/E_disagree/run1_samples/mpid/occlusion__ENTRY_2227__nu_overlay_meta_8.txt
occlusion,mpid,/home/hep/an1522/dark_tridents_wspace/outputs/weights/DM-CNN_model_20260116-10_22_PM_epoch_4_batch_id_1961_labels_2_title_0.001_AG_GN_LM_TRAINING_step_9821.pwf,/data/run1_offbeam_larcv_cropped_full_set.root,,2455,1473,0,,16,E_disagree,0.9559572339057922,0.04486043006181717,0.0,0.005619049072265625,0.01,0.5433040824112934,0.5433040824112934,True,0.5333333333333333,0.96673455532926,0.5433040824112934,17,0.010183299389002037,0.010183299389002037,1.0,0.5333333333333333,0.8388781547546387,0.9140288233757019,0.3957909029192125,0.9112796591594815,0.09493360202759504,0.1,0.1,/vols/sbn/uboone/an1522/cam_methods/occlusion/E_disagree/run1_samples/mpid/occlusion__ENTRY_2455__offbeam_meta_16.txt
occlusion,mpid,/home/hep/an1522/dark_tridents_wspace/outputs/weights/DM-CNN_model_20260116-10_22_PM_epoch_4_batch_id_1961_labels_2_title_0.001_AG_GN_LM_TRAINING_step_9821.pwf,/data/run1_offbeam_larcv_cropped_full_set.root,,2455,1473,0,,2,E_disagree,0.9559994339942932,0.04481779411435127,0.0,0.005619049072265625,0.01,0.5597100343380389,0.5597100343380389,True,0.5584316711077274,0.9959266802443992,0.5597100343380389,16,0.010183299389002037,0.010183299389002037,1.0,0.5584316711077274,0.02538635730743408,0.09713101387023926,0.3665987780040733,0.9108128108084204,0.09087639357894658,0.1,0.1,/vols/sbn/uboone/an1522/cam_methods/occlusion/E_disagree/run1_samples/mpid/occlusion__ENTRY_2455__offbeam_meta_2.txt
occlusion,mpid,/home/hep/an1522/dark_tridents_wspace/outputs/weights/DM-CNN_model_20260116-10_22_PM_epoch_4_batch_id_1961_labels_2_title_0.001_AG_GN_LM_TRAINING_step_9821.pwf,/data/run1_offbeam_larcv_cropped_full_set.root,,2455,1473,0,,4,E_disagree,0.9559572339057922,0.04486043006181717,0.0,0.005619049072265625,0.01,0.5574208317436093,0.5574208317436093,True,0.5548803646031143,0.9918533604887984,0.5574208317436093,22,0.010183299389002037,0.010183299389002037,1.0,0.5548803646031143,0.030272164344787595,0.08408480882644653,0.32179226069246436,0.9109752224758267,0.09110392890870571,0.1,0.1,/vols/sbn/uboone/an1522/cam_methods/occlusion/E_disagree/run1_samples/mpid/occlusion__ENTRY_2455__offbeam_meta_4.txt
occlusion,mpid,/home/hep/an1522/dark_tridents_wspace/outputs/weights/DM-CNN_model_20260116-10_22_PM_epoch_4_batch_id_1961_labels_2_title_0.001_AG_GN_LM_TRAINING_step_9821.pwf,/data/run1_offbeam_larcv_cropped_full_set.root,,2455,1473,0,,8,E_disagree,0.9559994339942932,0.04481779411435127,0.0,0.005619049072265625,0.01,0.5528424265547501,0.5528424265547501,True,0.5478260869565217,0.9837067209775967,0.5528424265547501,17,0.010183299389002037,0.010183299389002037,1.0,0.5478260869565217,0.2726597023010251,0.5987136363983154,0.3231500339443313,0.9114649035036564,0.09007668280974031,0.1,0.1,/vols/sbn/uboone/an1522/cam_methods/occlusion/E_disagree/run1_samples/mpid/occlusion__ENTRY_2455__offbeam_meta_8.txt
occlusion,mpid,/home/hep/an1522/dark_tridents_wspace/outputs/weights/DM-CNN_model_20260116-10_22_PM_epoch_4_batch_id_1961_labels_2_title_0.001_AG_GN_LM_TRAINING_step_9821.pwf,/data/run1_offbeam_larcv_cropped_full_set.root,,3132,594,0,,16,E_disagree,0.9713671207427979,0.029474763199687004,0.0,0.00226593017578125,0.01,0.2052651659671881,0.2052651659671881,True,0.20097123645872245,0.9057239057239057,0.2052651659671881,17,0.010101010101010102,0.010101010101010102,1.0,0.20097123645872245,0.7620435953140259,0.7620435953140259,0.8956228956228957,0.9239788012579083,0.07034049686044455,0.1,0.1,/vols/sbn/uboone/an1522/cam_methods/occlusion/E_disagree/run1_samples/mpid/occlusion__ENTRY_3132__offbeam_meta_16.txt
occlusion,mpid,/home/hep/an1522/dark_tridents_wspace/outputs/weights/DM-CNN_model_20260116-10_22_PM_epoch_4_batch_id_1961_labels_2_title_0.001_AG_GN_LM_TRAINING_step_9821.pwf,/data/run1_offbeam_larcv_cropped_full_set.root,,3132,594,0,,2,E_disagree,0.9713645577430725,0.02947746403515339,0.0,0.00226593017578125,0.01,0.22128958412819535,0.22128958412819535,True,0.22011385199240988,0.9764309764309764,0.22128958412819535,17,0.010101010101010102,0.010101010101010102,1.0,0.22011385199240988,0.18565123856067672,0.19951468706130981,0.8215488215488216,0.9245002128183841,0.15244918689131737,0.1,0.1,/vols/sbn/uboone/an1522/cam_methods/occlusion/E_disagree/run1_samples/mpid/occlusion__ENTRY_3132__offbeam_meta_2.txt
occlusion,mpid,/home/hep/an1522/dark_tridents_wspace/outputs/weights/DM-CNN_model_20260116-10_22_PM_epoch_4_batch_id_1961_labels_2_title_0.001_AG_GN_LM_TRAINING_step_9821.pwf,/data/run1_offbeam_larcv_cropped_full_set.root,,3132,594,0,,4,E_disagree,0.9713645577430725,0.02947746403515339,0.0,0.00226593017578125,0.01,0.21938191529950402,0.21938191529950402,True,0.2178030303030303,0.968013468013468,0.21938191529950402,18,0.010101010101010102,0.010101010101010102,1.0,0.2178030303030303,0.29889750480651855,0.34965258836746216,0.8619528619528619,0.9243703939020633,0.3243629775941372,0.1,0.1,/vols/sbn/uboone/an1522/cam_methods/occlusion/E_disagree/run1_samples/mpid/occlusion__ENTRY_3132__offbeam_meta_4.txt
occlusion,mpid,/home/hep/an1522/dark_tridents_wspace/outputs/weights/DM-CNN_model_20260116-10_22_PM_epoch_4_batch_id_1961_labels_2_title_0.001_AG_GN_LM_TRAINING_step_9821.pwf,/data/run1_offbeam_larcv_cropped_full_set.root,,3132,594,0,,8,E_disagree,0.9713645577430725,0.02947746403515339,0.0,0.00226593017578125,0.01,0.21442197634490653,0.21442197634490653,True,0.21183565774594798,0.9461279461279462,0.21442197634490653,16,0.010101010101010102,0.010101010101010102,1.0,0.21183565774594798,0.5328131896257421,0.712120771408081,0.9023569023569024,0.9238135673105716,0.09238249510526658,0.1,0.1,/vols/sbn/uboone/an1522/cam_methods/occlusion/E_disagree/run1_samples/mpid/occlusion__ENTRY_3132__offbeam_meta_8.txt
occlusion,mpid,/home/hep/an1522/dark_tridents_wspace/outputs/weights/DM-CNN_model_20260116-10_22_PM_epoch_4_batch_id_1961_labels_2_title_0.001_AG_GN_LM_TRAINING_step_9821.pwf,/data/run1_NuMI_nu_overlay_larcv_cropped.root,,4856,1455,0,,16,E_disagree,0.9901424050331116,0.010112381540238857,0.0,0.005550384521484375,0.01,0.5536054940862266,0.5536054940862266,True,0.5527619047619048,0.9972508591065292,0.5536054940862266,14,0.010309278350515464,0.010309278350515464,1.0,0.5527619047619048,0.8796170949935913,0.9492349624633789,0.3532646048109966,0.9430916594341396,0.09013744425028564,0.1,0.1,/vols/sbn/uboone/an1522/cam_methods/occlusion/E_disagree/run1_samples/mpid/occlusion__ENTRY_4856__nu_overlay_meta_16.txt
occlusion,mpid,/home/hep/an1522/dark_tridents_wspace/outputs/weights/DM-CNN_model_20260116-10_22_PM_epoch_4_batch_id_1961_labels_2_title_0.001_AG_GN_LM_TRAINING_step_9821.pwf,/data/run1_NuMI_nu_overlay_larcv_cropped.root,,4856,1455,0,,2,E_disagree,0.9901456236839294,0.010109074413776398,0.0,0.005550384521484375,0.01,0.5551316291491797,0.5551316291491797,True,0.5551316291491797,1.0,0.5551316291491797,15,0.010309278350515464,0.010309278350515464,1.0,0.5551316291491797,0.033769923448562764,0.10098785161972046,0.3615120274914089,0.9430785454809666,0.09587113782763482,0.1,0.1,/vols/sbn/uboone/an1522/cam_methods/occlusion/E_disagree/run1_samples/mpid/occlusion__ENTRY_4856__nu_overlay_meta_2.txt
occlusion,mpid,/home/hep/an1522/dark_tridents_wspace/outputs/weights/DM-CNN_model_20260116-10_22_PM_epoch_4_batch_id_1961_labels_2_title_0.001_AG_GN_LM_TRAINING_step_9821.pwf,/data/run1_NuMI_nu_overlay_larcv_cropped.root,,4856,1455,0,,4,E_disagree,0.9901424050331116,0.010112381540238857,0.0,0.005550384521484375,0.01,0.5543685616177032,0.5543685616177032,True,0.5539458635150591,0.9986254295532646,0.5543685616177032,15,0.010309278350515464,0.010309278350515464,1.0,0.5539458635150591,0.08122147917747562,0.3398178219795227,0.33676975945017185,0.9430657314136623,0.0969560755416751,0.1,0.1,/vols/sbn/uboone/an1522/cam_methods/occlusion/E_disagree/run1_samples/mpid/occlusion__ENTRY_4856__nu_overlay_meta_4.txt
occlusion,mpid,/home/hep/an1522/dark_tridents_wspace/outputs/weights/DM-CNN_model_20260116-10_22_PM_epoch_4_batch_id_1961_labels_2_title_0.001_AG_GN_LM_TRAINING_step_9821.pwf,/data/run1_NuMI_nu_overlay_larcv_cropped.root,,4856,1455,0,,8,E_disagree,0.9901456236839294,0.010109074413776398,0.0,0.005550384521484375,0.01,0.5536054940862266,0.5536054940862266,True,0.5527619047619048,0.9972508591065292,0.5536054940862266,14,0.010309278350515464,0.010309278350515464,1.0,0.5527619047619048,0.46749013662338257,0.8053281307220459,0.3649484536082474,0.9430936016142368,0.09012636654078961,0.1,0.1,/vols/sbn/uboone/an1522/cam_methods/occlusion/E_disagree/run1_samples/mpid/occlusion__ENTRY_4856__nu_overlay_meta_8.txt
occlusion,mpid,/home/hep/an1522/dark_tridents_wspace/outputs/weights/DM-CNN_model_20260116-10_22_PM_epoch_4_batch_id_1961_labels_2_title_0.001_AG_GN_LM_TRAINING_step_9821.pwf,/data/run1_NuMI_nu_overlay_larcv_cropped.root,,5259,2169,0,,16,E_disagree,0.9713886976242065,0.02890731580555439,0.0,0.008274078369140625,0.01,0.7844334223578787,0.7844334223578787,True,0.7520117044623262,0.9479022591055786,0.7844334223578787,41,0.010142923005993546,0.010142923005993546,1.0,0.7520117044623262,0.03048273324966434,0.07492393255233765,0.6357768556938681,0.925086952932179,0.06022688557859511,0.1,0.1,/vols/sbn/uboone/an1522/cam_methods/occlusion/E_disagree/run1_samples/mpid/occlusion__ENTRY_5259__nu_overlay_meta_16.txt
occlusion,mpid,/home/hep/an1522/dark_tridents_wspace/outputs/weights/DM-CNN_model_20260116-10_22_PM_epoch_4_batch_id_1961_labels_2_title_0.001_AG_GN_LM_TRAINING_step_9821.pwf,/data/run1_NuMI_nu_overlay_larcv_cropped.root,,5259,2169,0,,2,E_disagree,0.9713817238807678,0.028914375230669975,0.0,0.008274078369140625,0.01,0.8214421976344907,0.8214421976344907,True,0.8164580963215775,0.9926233287229138,0.8214421976344907,43,0.010142923005993546,0.010142923005993546,1.0,0.8164580963215775,0.024951162338256904,0.08343559503555298,0.6260949746426925,0.9250130154192447,0.056894153839675714,0.1,0.1,/vols/sbn/uboone/an1522/cam_methods/occlusion/E_disagree/run1_samples/mpid/occlusion__ENTRY_5259__nu_overlay_meta_2.txt
occlusion,mpid,/home/hep/an1522/dark_tridents_wspace/outputs/weights/DM-CNN_model_20260116-10_22_PM_epoch_4_batch_id_1961_labels_2_title_0.001_AG_GN_LM_TRAINING_step_9821.pwf,/data/run1_NuMI_nu_overlay_larcv_cropped.root,,5259,2169,0,,4,E_disagree,0.9713817238807678,0.028914375230669975,0.0,0.008274078369140625,0.01,0.8157191911484166,0.8157191911484166,True,0.806184012066365,0.9857076994006455,0.8157191911484166,45,0.010142923005993546,0.010142923005993546,1.0,0.806184012066365,0.03635834932327394,0.11279189586639404,0.6366989396035039,0.9237243272364138,0.05667557712295093,0.1,0.1,/vols/sbn/uboone/an1522/cam_methods/occlusion/E_disagree/run1_samples/mpid/occlusion__ENTRY_5259__nu_overlay_meta_4.txt
occlusion,mpid,/home/hep/an1522/dark_tridents_wspace/outputs/weights/DM-CNN_model_20260116-10_22_PM_epoch_4_batch_id_1961_labels_2_title_0.001_AG_GN_LM_TRAINING_step_9821.pwf,/data/run1_NuMI_nu_overlay_larcv_cropped.root,,5259,2169,0,,8,E_disagree,0.9713817238807678,0.028914375230669975,0.0,0.008274078369140625,0.01,0.803510110644792,0.803510110644792,True,0.7846497764530551,0.970954356846473,0.803510110644792,51,0.010142923005993546,0.010142923005993546,1.0,0.7846497764530551,0.06629550457000732,0.10339319705963135,0.6768095896726603,0.9257763244211673,0.057057541946414866,0.1,0.1,/vols/sbn/uboone/an1522/cam_methods/occlusion/E_disagree/run1_samples/mpid/occlusion__ENTRY_5259__nu_overlay_meta_8.txt
occlusion,mpid,/home/hep/an1522/dark_tridents_wspace/outputs/weights/DM-CNN_model_20260116-10_22_PM_epoch_4_batch_id_1961_labels_2_title_0.001_AG_GN_LM_TRAINING_step_9821.pwf,/data/run1_NuMI_nu_overlay_larcv_cropped.root,,6287,2232,0,,16,E_disagree,0.9766772985458374,0.02398258075118065,0.0,0.008514404296875,0.01,0.8309805417779473,0.8309805417779473,True,0.8142056074766355,0.9758064516129032,0.8309805417779473,82,0.00985663082437276,0.00985663082437276,1.0,0.8142056074766355,0.12857279181480413,0.2204529047012329,0.6267921146953405,0.9306511349976063,0.090738794952631,0.1,0.1,/vols/sbn/uboone/an1522/cam_methods/occlusion/E_disagree/run1_samples/mpid/occlusion__ENTRY_6287__nu_overlay_meta_16.txt
occlusion,mpid,/home/hep/an1522/dark_tridents_wspace/outputs/weights/DM-CNN_model_20260116-10_22_PM_epoch_4_batch_id_1961_labels_2_title_0.001_AG_GN_LM_TRAINING_step_9821.pwf,/data/run1_NuMI_nu_overlay_larcv_cropped.root,,6287,2232,0,,2,E_disagree,0.9766696691513062,0.023990368470549583,0.0,0.008514404296875,0.01,0.8481495612361694,0.8481495612361694,True,0.8452471482889734,0.9959677419354839,0.8481495612361694,82,0.00985663082437276,0.00985663082437276,1.0,0.8452471482889734,0.011318504810333255,0.039707720279693604,0.44623655913978494,0.9302728192880749,0.11722944658249618,0.1,0.1,/vols/sbn/uboone/an1522/cam_methods/occlusion/E_disagree/run1_samples/mpid/occlusion__ENTRY_6287__nu_overlay_meta_2.txt
occlusion,mpid,/home/hep/an1522/dark_tridents_wspace/outputs/weights/DM-CNN_model_20260116-10_22_PM_epoch_4_batch_id_1961_labels_2_title_0.001_AG_GN_LM_TRAINING_step_9821.pwf,/data/run1_NuMI_nu_overlay_larcv_cropped.root,,6287,2232,0,,4,E_disagree,0.9766772985458374,0.02398258075118065,0.0,0.008514404296875,0.01,0.8450972911102632,0.8450972911102632,True,0.8396512509476877,0.9923835125448028,0.8450972911102632,79,0.00985663082437276,0.00985663082437276,1.0,0.8396512509476877,0.016572739481925967,0.04051452875137329,0.4520609318996416,0.9300544686615467,0.30010342523455624,0.1,0.1,/vols/sbn/uboone/an1522/cam_methods/occlusion/E_disagree/run1_samples/mpid/occlusion__ENTRY_6287__nu_overlay_meta_4.txt
occlusion,mpid,/home/hep/an1522/dark_tridents_wspace/outputs/weights/DM-CNN_model_20260116-10_22_PM_epoch_4_batch_id_1961_labels_2_title_0.001_AG_GN_LM_TRAINING_step_9821.pwf,/data/run1_NuMI_nu_overlay_larcv_cropped.root,,6287,2232,0,,8,E_disagree,0.9766696691513062,0.023990368470549583,0.0,0.008514404296875,0.01,0.840518885921404,0.840518885921404,True,0.8313207547169811,0.9870071684587813,0.840518885921404,84,0.00985663082437276,0.00985663082437276,1.0,0.8313207547169811,0.02653017044067383,0.07021647691726685,0.47043010752688175,0.930763699300587,0.2719535766169429,0.1,0.1,/vols/sbn/uboone/an1522/cam_methods/occlusion/E_disagree/run1_samples/mpid/occlusion__ENTRY_6287__nu_overlay_meta_8.txt
occlusion,mpid,/home/hep/an1522/dark_tridents_wspace/outputs/weights/DM-CNN_model_20260116-10_22_PM_epoch_4_batch_id_1961_labels_2_title_0.001_AG_GN_LM_TRAINING_step_9821.pwf,/data/run1_NuMI_dirt_larcv_cropped.root,,89,2167,0,,16,E_disagree,0.9745546579360962,0.02633403241634369,0.0,0.008266448974609375,0.01,0.6550934757726059,0.6550934757726059,True,0.5591012699446435,0.792339640055376,0.6550934757726059,19,0.01015228426395939,0.01015228426395939,1.0,0.5591012699446435,0.9235347509384155,0.9235347509384155,0.5117674203968621,0.912078744918108,0.08623864017426967,0.1,0.1,/vols/sbn/uboone/an1522/cam_methods/occlusion/E_disagree/run1_samples/mpid/occlusion__ENTRY_89__dirt_meta_16.txt
occlusion,mpid,/home/hep/an1522/dark_tridents_wspace/outputs/weights/DM-CNN_model_20260116-10_22_PM_epoch_4_batch_id_1961_labels_2_title_0.001_AG_GN_LM_TRAINING_step_9821.pwf,/data/run1_NuMI_dirt_larcv_cropped.root,,89,2167,0,,2,E_disagree,0.9745486974716187,0.026340259239077568,0.0,0.008266448974609375,0.01,0.8065623807706982,0.8065623807706982,True,0.7905759162303665,0.9755422242731887,0.8065623807706982,29,0.01015228426395939,0.01015228426395939,1.0,0.7905759162303665,0.036006428003311254,0.059742629528045654,0.7277341947392709,0.9284052388742567,0.12303695473819971,0.1,0.1,/vols/sbn/uboone/an1522/cam_methods/occlusion/E_disagree/run1_samples/mpid/occlusion__ENTRY_89__dirt_meta_2.txt
occlusion,mpid,/home/hep/an1522/dark_tridents_wspace/outputs/weights/DM-CNN_model_20260116-10_22_PM_epoch_4_batch_id_1961_labels_2_title_0.001_AG_GN_LM_TRAINING_step_9821.pwf,/data/run1_NuMI_dirt_larcv_cropped.root,,89,2167,0,,4,E_disagree,0.9745546579360962,0.02633403241634369,0.0,0.008266448974609375,0.01,0.776421213277375,0.776421213277375,True,0.73919360697421,0.9390862944162437,0.776421213277375,20,0.01015228426395939,0.01015228426395939,1.0,0.73919360697421,0.05504386901855533,0.09508484601974487,0.6935856022150438,0.930886197835207,0.10394426174461843,0.1,0.1,/vols/sbn/uboone/an1522/cam_methods/occlusion/E_disagree/run1_samples/mpid/occlusion__ENTRY_89__dirt_meta_4.txt
occlusion,mpid,/home/hep/an1522/dark_tridents_wspace/outputs/weights/DM-CNN_model_20260116-10_22_PM_epoch_4_batch_id_1961_labels_2_title_0.001_AG_GN_LM_TRAINING_step_9821.pwf,/data/run1_NuMI_dirt_larcv_cropped.root,,89,2167,0,,8,E_disagree,0.9745486974716187,0.026340259239077568,0.0,0.008266448974609375,0.01,0.7062190003815337,0.7062190003815337,True,0.6302349336057201,0.8541762805722196,0.7062190003815337,21,0.01015228426395939,0.01015228426395939,1.0,0.6302349336057201,0.26836419105529785,0.6277395486831665,0.5763728657129672,0.9281991736963392,0.09441448319703341,0.1,0.1,/vols/sbn/uboone/an1522/cam_methods/occlusion/E_disagree/run1_samples/mpid/occlusion__ENTRY_89__dirt_meta_8.txt
occlusion,resnet34_gn,/home/hep/an1522/dark_tridents_wspace/outputs/weights/resnet34_gn/resnet34_gn_model_20260123-12_20_AM_epoch_4_batch_id_1961_labels_2_step_9821.pwf,/data/run1_NuMI_nu_overlay_larcv_cropped.root,,10340,4075,0,,16,E_disagree,0.014349500648677349,0.9855125546455383,0.0,0.015544891357421875,0.01,1.0,1.0,True,0.6431901840490798,0.6431901840490798,1.0,84,0.010061349693251533,0.010061349693251533,1.0,0.6431901840490798,0.014608184807002544,0.03019322082400322,0.6100613496932515,0.023877083277329802,0.0722688834182918,0.0,0.0,/vols/sbn/uboone/an1522/cam_methods/occlusion/E_disagree/run1_samples/resnet34_gn/occlusion__ENTRY_10340__nu_overlay_meta_16.txt
occlusion,resnet34_gn,/home/hep/an1522/dark_tridents_wspace/outputs/weights/resnet34_gn/resnet34_gn_model_20260123-12_20_AM_epoch_4_batch_id_1961_labels_2_step_9821.pwf,/data/run1_NuMI_nu_overlay_larcv_cropped.root,,10340,4075,0,,2,E_disagree,0.014345522969961166,0.9855166077613831,0.0,0.015544891357421875,0.01,1.0,1.0,True,0.6431901840490798,0.6431901840490798,1.0,110,0.010061349693251533,0.010061349693251533,1.0,0.6431901840490798,0.00707776580005883,0.011632706969976425,0.6211042944785276,0.023202535882592204,0.10548777654767037,0.0,0.0,/vols/sbn/uboone/an1522/cam_methods/occlusion/E_disagree/run1_samples/resnet34_gn/occlusion__ENTRY_10340__nu_overlay_meta_2.txt
occlusion,resnet34_gn,/home/hep/an1522/dark_tridents_wspace/outputs/weights/resnet34_gn/resnet34_gn_model_20260123-12_20_AM_epoch_4_batch_id_1961_labels_2_step_9821.pwf,/data/run1_NuMI_nu_overlay_larcv_cropped.root,,10340,4075,0,,4,E_disagree,0.014345522969961166,0.9855166077613831,0.0,0.015544891357421875,0.01,1.0,1.0,True,0.6431901840490798,0.6431901840490798,1.0,103,0.010061349693251533,0.010061349693251533,1.0,0.6431901840490798,0.008345116265118116,0.011632706969976425,0.5867484662576687,0.02312104925513268,0.1660837316885591,0.0,0.0,/vols/sbn/uboone/an1522/cam_methods/occlusion/E_disagree/run1_samples/resnet34_gn/occlusion__ENTRY_10340__nu_overlay_meta_4.txt
occlusion,resnet34_gn,/home/hep/an1522/dark_tridents_wspace/outputs/weights/resnet34_gn/resnet34_gn_model_20260123-12_20_AM_epoch_4_batch_id_1961_labels_2_step_9821.pwf,/data/run1_NuMI_nu_overlay_larcv_cropped.root,,10340,4075,0,,8,E_disagree,0.014345522969961166,0.9855166077613831,0.0,0.015544891357421875,0.01,1.0,1.0,True,0.6431901840490798,0.6431901840490798,1.0,94,0.010061349693251533,0.010061349693251533,1.0,0.6431901840490798,0.008946014121174803,0.0199756883084774,0.5779141104294478,0.023051552753895525,0.0802207532338798,0.0,0.0,/vols/sbn/uboone/an1522/cam_methods/occlusion/E_disagree/run1_samples/resnet34_gn/occlusion__ENTRY_10340__nu_overlay_meta_8.txt
occlusion,resnet34_gn,/home/hep/an1522/dark_tridents_wspace/outputs/weights/resnet34_gn/resnet34_gn_model_20260123-12_20_AM_epoch_4_batch_id_1961_labels_2_step_9821.pwf,/data/run1_NuMI_nu_overlay_larcv_cropped.root,,11591,1644,0,,16,E_disagree,0.02625783532857895,0.9735491871833801,0.0,0.0062713623046875,0.01,0.613887829072873,0.613887829072873,True,0.6057981927710844,0.9787104622871047,0.613887829072873,24,0.009732360097323601,0.009732360097323601,1.0,0.6057981927710844,0.016604897528886792,0.017622854560613632,0.6648418491484185,0.03478341661393643,0.07726603001356125,0.0,0.0,/vols/sbn/uboone/an1522/cam_methods/occlusion/E_disagree/run1_samples/resnet34_gn/occlusion__ENTRY_11591__nu_overlay_meta_16.txt
occlusion,resnet34_gn,/home/hep/an1522/dark_tridents_wspace/outputs/weights/resnet34_gn/resnet34_gn_model_20260123-12_20_AM_epoch_4_batch_id_1961_labels_2_step_9821.pwf,/data/run1_NuMI_nu_overlay_larcv_cropped.root,,11591,1644,0,,2,E_disagree,0.026264596730470657,0.9735422730445862,0.0,0.0062713623046875,0.01,0.6272415108737123,0.6272415108737123,True,0.6272415108737123,1.0,0.6272415108737123,25,0.009732360097323601,0.009732360097323601,1.0,0.6272415108737123,0.007785076703876255,0.014873862266540527,0.45316301703163014,0.03457027655094862,0.18407251331955193,0.0,0.0,/vols/sbn/uboone/an1522/cam_methods/occlusion/E_disagree/run1_samples/resnet34_gn/occlusion__ENTRY_11591__nu_overlay_meta_2.txt
occlusion,resnet34_gn,/home/hep/an1522/dark_tridents_wspace/outputs/weights/resnet34_gn/resnet34_gn_model_20260123-12_20_AM_epoch_4_batch_id_1961_labels_2_step_9821.pwf,/data/run1_NuMI_nu_overlay_larcv_cropped.root,,11591,1644,0,,4,E_disagree,0.02625783532857895,0.9735491871833801,0.0,0.0062713623046875,0.01,0.6260969095764976,0.6260969095764976,True,0.6253810975609756,0.9981751824817519,0.6260969095764976,26,0.009732360097323601,0.009732360097323601,1.0,0.6253810975609756,0.009078095797449339,0.014885101467370987,0.579683698296837,0.03486154153943062,0.08830552734434603,0.0,0.0,/vols/sbn/uboone/an1522/cam_methods/occlusion/E_disagree/run1_samples/resnet34_gn/occlusion__ENTRY_11591__nu_overlay_meta_4.txt
occlusion,resnet34_gn,/home/hep/an1522/dark_tridents_wspace/outputs/weights/resnet34_gn/resnet34_gn_model_20260123-12_20_AM_epoch_4_batch_id_1961_labels_2_step_9821.pwf,/data/run1_NuMI_nu_overlay_larcv_cropped.root,,11591,1644,0,,8,E_disagree,0.026264596730470657,0.9735422730445862,0.0,0.0062713623046875,0.01,0.6226631056848531,0.6226631056848531,True,0.6198252943410558,0.9927007299270073,0.6226631056848531,25,0.009732360097323601,0.009732360097323601,1.0,0.6198252943410558,0.013094859700649976,0.015560249797999859,0.5790754257907542,0.034909609518945214,0.07603405788540839,0.0,0.0,/vols/sbn/uboone/an1522/cam_methods/occlusion/E_disagree/run1_samples/resnet34_gn/occlusion__ENTRY_11591__nu_overlay_meta_8.txt
occlusion,resnet34_gn,/home/hep/an1522/dark_tridents_wspace/outputs/weights/resnet34_gn/resnet34_gn_model_20260123-12_20_AM_epoch_4_batch_id_1961_labels_2_step_9821.pwf,/data/run1_NuMI_dirt_larcv_cropped.root,,1750,396,0,,16,E_disagree,0.012675090692937374,0.9871806502342224,0.0,0.0015106201171875,0.01,0.1079740557039298,0.1079740557039298,True,0.10351133869787857,0.7146464646464646,0.1079740557039298,11,0.010101010101010102,0.010101010101010102,1.0,0.10351133869787857,0.008066083304584026,0.12254057824611664,0.51010101010101,0.021141603915020825,0.10865960302762687,0.0,0.0,/vols/sbn/uboone/an1522/cam_methods/occlusion/E_disagree/run1_samples/resnet34_gn/occlusion__ENTRY_1750__dirt_meta_16.txt
occlusion,resnet34_gn,/home/hep/an1522/dark_tridents_wspace/outputs/weights/resnet34_gn/resnet34_gn_model_20260123-12_20_AM_epoch_4_batch_id_1961_labels_2_step_9821.pwf,/data/run1_NuMI_dirt_larcv_cropped.root,,1750,396,0,,2,E_disagree,0.012667895294725895,0.9871879816055298,0.0,0.0015106201171875,0.01,0.1457458985120183,0.1457458985120183,True,0.14497153700189752,0.9646464646464646,0.1457458985120183,10,0.010101010101010102,0.010101010101010102,1.0,0.14497153700189752,0.008460323978215478,0.12251262366771698,0.31313131313131315,0.02220494649372995,0.1098857271950692,0.0,0.0,/vols/sbn/uboone/an1522/cam_methods/occlusion/E_disagree/run1_samples/resnet34_gn/occlusion__ENTRY_1750__dirt_meta_2.txt
occlusion,resnet34_gn,/home/hep/an1522/dark_tridents_wspace/outputs/weights/resnet34_gn/resnet34_gn_model_20260123-12_20_AM_epoch_4_batch_id_1961_labels_2_step_9821.pwf,/data/run1_NuMI_dirt_larcv_cropped.root,,1750,396,0,,4,E_disagree,0.012667895294725895,0.9871879816055298,0.0,0.0015106201171875,0.01,0.14078595955742082,0.14078595955742082,True,0.13935045317220543,0.9318181818181818,0.14078595955742082,11,0.010101010101010102,0.010101010101010102,1.0,0.13935045317220543,0.01168323215097189,0.12251262366771698,0.3484848484848485,0.02277999171055853,0.10990907433442772,0.0,0.0,/vols/sbn/uboone/an1522/cam_methods/occlusion/E_disagree/run1_samples/resnet34_gn/occlusion__ENTRY_1750__dirt_meta_4.txt
occlusion,resnet34_gn,/home/hep/an1522/dark_tridents_wspace/outputs/weights/resnet34_gn/resnet34_gn_model_20260123-12_20_AM_epoch_4_batch_id_1961_labels_2_step_9821.pwf,/data/run1_NuMI_dirt_larcv_cropped.root,,1750,396,0,,8,E_disagree,0.012667895294725895,0.9871879816055298,0.0,0.0015106201171875,0.01,0.12933994658527279,0.12933994658527279,True,0.12658700522778193,0.8560606060606061,0.12933994658527279,11,0.010101010101010102,0.010101010101010102,1.0,0.12658700522778193,0.012874004431068897,0.12251262366771698,0.4696969696969697,0.02235831092111766,0.1095940069295466,0.0,0.0,/vols/sbn/uboone/an1522/cam_methods/occlusion/E_disagree/run1_samples/resnet34_gn/occlusion__ENTRY_1750__dirt_meta_8.txt
occlusion,resnet34_gn,/home/hep/an1522/dark_tridents_wspace/outputs/weights/resnet34_gn/resnet34_gn_model_20260123-12_20_AM_epoch_4_batch_id_1961_labels_2_step_9821.pwf,/data/run1_NuMI_nu_overlay_larcv_cropped.root,,2227,2728,0,,16,E_disagree,0.030508551746606827,0.9694459438323975,0.0,0.010406494140625,0.01,0.9889355207935903,0.9889355207935903,True,0.940152339499456,0.9501466275659824,0.9889355207935903,91,0.009897360703812317,0.009897360703812317,1.0,0.940152339499456,0.07629379630088806,0.5307712554931641,0.6063049853372434,0.037732706405222416,0.35969323236495265,0.0,0.0,/vols/sbn/uboone/an1522/cam_methods/occlusion/E_disagree/run1_samples/resnet34_gn/occlusion__ENTRY_2227__nu_overlay_meta_16.txt
occlusion,resnet34_gn,/home/hep/an1522/dark_tridents_wspace/outputs/weights/resnet34_gn/resnet34_gn_model_20260123-12_20_AM_epoch_4_batch_id_1961_labels_2_step_9821.pwf,/data/run1_NuMI_nu_overlay_larcv_cropped.root,,2227,2728,0,,2,E_disagree,0.030510589480400085,0.9694439172744751,0.0,0.010406494140625,0.01,1.0,1.0,True,0.9607771260997068,0.9607771260997068,1.0,94,0.009897360703812317,0.009897360703812317,1.0,0.9607771260997068,0.021892989277839663,0.0632430911064148,0.33724340175953077,0.03883452340960503,0.0848946526646614,0.0,0.0,/vols/sbn/uboone/an1522/cam_methods/occlusion/E_disagree/run1_samples/resnet34_gn/occlusion__ENTRY_2227__nu_overlay_meta_2.txt
occlusion,resnet34_gn,/home/hep/an1522/dark_tridents_wspace/outputs/weights/resnet34_gn/resnet34_gn_model_20260123-12_20_AM_epoch_4_batch_id_1961_labels_2_step_9821.pwf,/data/run1_NuMI_nu_overlay_larcv_cropped.root,,2227,2728,0,,4,E_disagree,0.030508551746606827,0.9694459438323975,0.0,0.010406494140625,0.01,1.0,1.0,True,0.9607771260997068,0.9607771260997068,1.0,89,0.009897360703812317,0.009897360703812317,1.0,0.9607771260997068,0.0372038304805756,0.21154849231243134,0.35080645161290325,0.039462799392640587,0.0823295610025525,0.0,0.0,/vols/sbn/uboone/an1522/cam_methods/occlusion/E_disagree/run1_samples/resnet34_gn/occlusion__ENTRY_2227__nu_overlay_meta_4.txt
occlusion,resnet34_gn,/home/hep/an1522/dark_tridents_wspace/outputs/weights/resnet34_gn/resnet34_gn_model_20260123-12_20_AM_epoch_4_batch_id_1961_labels_2_step_9821.pwf,/data/run1_NuMI_nu_overlay_larcv_cropped.root,,2227,2728,0,,8,E_disagree,0.030510589480400085,0.9694439172744751,0.0,0.010406494140625,0.01,1.0,1.0,True,0.9607771260997068,0.9607771260997068,1.0,80,0.009897360703812317,0.009897360703812317,1.0,0.9607771260997068,0.057092517614364624,0.5459737777709961,0.4149560117302053,0.03932180255651475,0.28165976479649546,0.0,0.0,/vols/sbn/uboone/an1522/cam_methods/occlusion/E_disagree/run1_samples/resnet34_gn/occlusion__ENTRY_2227__nu_overlay_meta_8.txt
occlusion,resnet34_gn,/home/hep/an1522/dark_tridents_wspace/outputs/weights/resnet34_gn/resnet34_gn_model_20260123-12_20_AM_epoch_4_batch_id_1961_labels_2_step_9821.pwf,/data/run1_offbeam_larcv_cropped_full_set.root,,2455,1473,0,,16,E_disagree,0.009071757085621357,0.9908009171485901,0.0,0.005619049072265625,0.01,0.5433040824112934,0.5433040824112934,True,0.5333333333333333,0.96673455532926,0.5433040824112934,17,0.010183299389002037,0.010183299389002037,1.0,0.5333333333333333,0.055966787189245144,0.12300700694322586,0.19280380176510523,0.018318834761157633,0.16473151715472345,0.0,0.0,/vols/sbn/uboone/an1522/cam_methods/occlusion/E_disagree/run1_samples/resnet34_gn/occlusion__ENTRY_2455__offbeam_meta_16.txt
occlusion,resnet34_gn,/home/hep/an1522/dark_tridents_wspace/outputs/weights/resnet34_gn/resnet34_gn_model_20260123-12_20_AM_epoch_4_batch_id_1961_labels_2_step_9821.pwf,/data/run1_offbeam_larcv_cropped_full_set.root,,2455,1473,0,,2,E_disagree,0.009071915410459042,0.9908007979393005,0.0,0.005619049072265625,0.01,0.5597100343380389,0.5597100343380389,True,0.5584316711077274,0.9959266802443992,0.5597100343380389,17,0.010183299389002037,0.010183299389002037,1.0,0.5584316711077274,0.0025555305182933807,0.0063121868297457695,0.1561439239646979,0.018241119896993042,0.16503160321153698,0.0,0.0,/vols/sbn/uboone/an1522/cam_methods/occlusion/E_disagree/run1_samples/resnet34_gn/occlusion__ENTRY_2455__offbeam_meta_2.txt
occlusion,resnet34_gn,/home/hep/an1522/dark_tridents_wspace/outputs/weights/resnet34_gn/resnet34_gn_model_20260123-12_20_AM_epoch_4_batch_id_1961_labels_2_step_9821.pwf,/data/run1_offbeam_larcv_cropped_full_set.root,,2455,1473,0,,4,E_disagree,0.009071915410459042,0.9908007979393005,0.0,0.005619049072265625,0.01,0.5574208317436093,0.5574208317436093,True,0.5548803646031143,0.9918533604887984,0.5574208317436093,23,0.010183299389002037,0.010183299389002037,1.0,0.5548803646031143,0.005594516992568958,0.020358990877866745,0.1894093686354379,0.01824752003885806,0.16493176580406727,0.0,0.0,/vols/sbn/uboone/an1522/cam_methods/occlusion/E_disagree/run1_samples/resnet34_gn/occlusion__ENTRY_2455__offbeam_meta_4.txt
occlusion,resnet34_gn,/home/hep/an1522/dark_tridents_wspace/outputs/weights/resnet34_gn/resnet34_gn_model_20260123-12_20_AM_epoch_4_batch_id_1961_labels_2_step_9821.pwf,/data/run1_offbeam_larcv_cropped_full_set.root,,2455,1473,0,,8,E_disagree,0.009071915410459042,0.9908007979393005,0.0,0.005619049072265625,0.01,0.5528424265547501,0.5528424265547501,True,0.5478260869565217,0.9837067209775967,0.5528424265547501,17,0.010183299389002037,0.010183299389002037,1.0,0.5478260869565217,0.009997632913291447,0.01794944703578949,0.15885947046843177,0.018263780744746327,0.1648843748960644,0.0,0.0,/vols/sbn/uboone/an1522/cam_methods/occlusion/E_disagree/run1_samples/resnet34_gn/occlusion__ENTRY_2455__offbeam_meta_8.txt
occlusion,resnet34_gn,/home/hep/an1522/dark_tridents_wspace/outputs/weights/resnet34_gn/resnet34_gn_model_20260123-12_20_AM_epoch_4_batch_id_1961_labels_2_step_9821.pwf,/data/run1_offbeam_larcv_cropped_full_set.root,,3132,594,0,,16,E_disagree,0.01571391336619854,0.9840124845504761,0.0,0.00226593017578125,0.01,0.2052651659671881,0.2052651659671881,True,0.20097123645872245,0.9057239057239057,0.2052651659671881,17,0.010101010101010102,0.010101010101010102,1.0,0.20097123645872245,0.011338002979755402,0.014353113248944283,0.8872053872053872,0.023892917018383746,0.07150516239926218,0.0,0.0,/vols/sbn/uboone/an1522/cam_methods/occlusion/E_disagree/run1_samples/resnet34_gn/occlusion__ENTRY_3132__offbeam_meta_16.txt
occlusion,resnet34_gn,/home/hep/an1522/dark_tridents_wspace/outputs/weights/resnet34_gn/resnet34_gn_model_20260123-12_20_AM_epoch_4_batch_id_1961_labels_2_step_9821.pwf,/data/run1_offbeam_larcv_cropped_full_set.root,,3132,594,0,,2,E_disagree,0.01571391336619854,0.9840124845504761,0.0,0.00226593017578125,0.01,0.22128958412819535,0.22128958412819535,True,0.22011385199240988,0.9764309764309764,0.22128958412819535,17,0.010101010101010102,0.010101010101010102,1.0,0.22011385199240988,0.09174101054668427,0.1676141768693924,0.7895622895622896,0.024445388372987514,0.20085435574874277,0.0,0.0,/vols/sbn/uboone/an1522/cam_methods/occlusion/E_disagree/run1_samples/resnet34_gn/occlusion__ENTRY_3132__offbeam_meta_2.txt
occlusion,resnet34_gn,/home/hep/an1522/dark_tridents_wspace/outputs/weights/resnet34_gn/resnet34_gn_model_20260123-12_20_AM_epoch_4_batch_id_1961_labels_2_step_9821.pwf,/data/run1_offbeam_larcv_cropped_full_set.root,,3132,594,0,,4,E_disagree,0.01571391336619854,0.9840124845504761,0.0,0.00226593017578125,0.01,0.21938191529950402,0.21938191529950402,True,0.2178030303030303,0.968013468013468,0.21938191529950402,18,0.010101010101010102,0.010101010101010102,1.0,0.2178030303030303,0.16794519871473337,0.3433631658554077,0.8602693602693603,0.024296697881072762,0.5580650604330005,0.0,0.0,/vols/sbn/uboone/an1522/cam_methods/occlusion/E_disagree/run1_samples/resnet34_gn/occlusion__ENTRY_3132__offbeam_meta_4.txt
occlusion,resnet34_gn,/home/hep/an1522/dark_tridents_wspace/outputs/weights/resnet34_gn/resnet34_gn_model_20260123-12_20_AM_epoch_4_batch_id_1961_labels_2_step_9821.pwf,/data/run1_offbeam_larcv_cropped_full_set.root,,3132,594,0,,8,E_disagree,0.01571391336619854,0.9840124845504761,0.0,0.00226593017578125,0.01,0.21442197634490653,0.21442197634490653,True,0.21183565774594798,0.9461279461279462,0.21442197634490653,16,0.010101010101010102,0.010101010101010102,1.0,0.21183565774594798,0.17234306037425995,0.23659361898899078,0.8872053872053872,0.024120082799345258,0.07764463154599069,0.0,0.0,/vols/sbn/uboone/an1522/cam_methods/occlusion/E_disagree/run1_samples/resnet34_gn/occlusion__ENTRY_3132__offbeam_meta_8.txt
occlusion,resnet34_gn,/home/hep/an1522/dark_tridents_wspace/outputs/weights/resnet34_gn/resnet34_gn_model_20260123-12_20_AM_epoch_4_batch_id_1961_labels_2_step_9821.pwf,/data/run1_NuMI_nu_overlay_larcv_cropped.root,,4856,1455,0,,16,E_disagree,0.007199255749583244,0.9926895499229431,0.0,0.005550384521484375,0.01,0.5536054940862266,0.5536054940862266,True,0.5527619047619048,0.9972508591065292,0.5536054940862266,14,0.010309278350515464,0.010309278350515464,1.0,0.5527619047619048,0.0070212241262197495,0.04027277231216431,0.6845360824742268,0.016461501736193894,0.14563030246645214,0.0,0.0,/vols/sbn/uboone/an1522/cam_methods/occlusion/E_disagree/run1_samples/resnet34_gn/occlusion__ENTRY_4856__nu_overlay_meta_16.txt
occlusion,resnet34_gn,/home/hep/an1522/dark_tridents_wspace/outputs/weights/resnet34_gn/resnet34_gn_model_20260123-12_20_AM_epoch_4_batch_id_1961_labels_2_step_9821.pwf,/data/run1_NuMI_nu_overlay_larcv_cropped.root,,4856,1455,0,,2,E_disagree,0.007198816165328026,0.9926900267601013,0.0,0.005550384521484375,0.01,0.5551316291491797,0.5551316291491797,True,0.5551316291491797,1.0,0.5551316291491797,15,0.010309278350515464,0.010309278350515464,1.0,0.5551316291491797,0.001450298745185138,0.02703961171209812,0.7793814432989691,0.01645778501406312,0.18311922429129482,0.0,0.0,/vols/sbn/uboone/an1522/cam_methods/occlusion/E_disagree/run1_samples/resnet34_gn/occlusion__ENTRY_4856__nu_overlay_meta_2.txt
occlusion,resnet34_gn,/home/hep/an1522/dark_tridents_wspace/outputs/weights/resnet34_gn/resnet34_gn_model_20260123-12_20_AM_epoch_4_batch_id_1961_labels_2_step_9821.pwf,/data/run1_NuMI_nu_overlay_larcv_cropped.root,,4856,1455,0,,4,E_disagree,0.007198816165328026,0.9926900267601013,0.0,0.005550384521484375,0.01,0.5543685616177032,0.5543685616177032,True,0.5539458635150591,0.9986254295532646,0.5543685616177032,15,0.010309278350515464,0.010309278350515464,1.0,0.5539458635150591,0.0015677166916429996,0.02703961171209812,0.8233676975945017,0.016458963230252265,0.14559595342725515,0.0,0.0,/vols/sbn/uboone/an1522/cam_methods/occlusion/E_disagree/run1_samples/resnet34_gn/occlusion__ENTRY_4856__nu_overlay_meta_4.txt
occlusion,resnet34_gn,/home/hep/an1522/dark_tridents_wspace/outputs/weights/resnet34_gn/resnet34_gn_model_20260123-12_20_AM_epoch_4_batch_id_1961_labels_2_step_9821.pwf,/data/run1_NuMI_nu_overlay_larcv_cropped.root,,4856,1455,0,,8,E_disagree,0.007198816165328026,0.9926900267601013,0.0,0.005550384521484375,0.01,0.5536054940862266,0.5536054940862266,True,0.5527619047619048,0.9972508591065292,0.5536054940862266,14,0.010309278350515464,0.010309278350515464,1.0,0.5527619047619048,0.0023528030142188072,0.02703961171209812,0.8041237113402062,0.016461526323109866,0.1456311953254044,0.0,0.0,/vols/sbn/uboone/an1522/cam_methods/occlusion/E_disagree/run1_samples/resnet34_gn/occlusion__ENTRY_4856__nu_overlay_meta_8.txt
occlusion,resnet34_gn,/home/hep/an1522/dark_tridents_wspace/outputs/weights/resnet34_gn/resnet34_gn_model_20260123-12_20_AM_epoch_4_batch_id_1961_labels_2_step_9821.pwf,/data/run1_NuMI_nu_overlay_larcv_cropped.root,,5259,2169,0,,16,E_disagree,0.02301793359220028,0.9768970608711243,0.0,0.008274078369140625,0.01,0.7844334223578787,0.7844334223578787,True,0.7520117044623262,0.9479022591055786,0.7844334223578787,41,0.010142923005993546,0.010142923005993546,1.0,0.7520117044623262,0.22433970868587494,0.22433970868587494,0.44859382203780546,0.02954901522025466,0.03663855143822729,0.0,0.0,/vols/sbn/uboone/an1522/cam_methods/occlusion/E_disagree/run1_samples/resnet34_gn/occlusion__ENTRY_5259__nu_overlay_meta_16.txt
occlusion,resnet34_gn,/home/hep/an1522/dark_tridents_wspace/outputs/weights/resnet34_gn/resnet34_gn_model_20260123-12_20_AM_epoch_4_batch_id_1961_labels_2_step_9821.pwf,/data/run1_NuMI_nu_overlay_larcv_cropped.root,,5259,2169,0,,2,E_disagree,0.02301793359220028,0.9768970608711243,0.0,0.008274078369140625,0.01,0.8214421976344907,0.8214421976344907,True,0.8164580963215775,0.9926233287229138,0.8214421976344907,43,0.010142923005993546,0.010142923005993546,1.0,0.8164580963215775,0.02258248783648023,0.029782338067889214,0.5873674504379899,0.031596113834530114,0.04477513851597904,0.0,0.0,/vols/sbn/uboone/an1522/cam_methods/occlusion/E_disagree/run1_samples/resnet34_gn/occlusion__ENTRY_5259__nu_overlay_meta_2.txt
occlusion,resnet34_gn,/home/hep/an1522/dark_tridents_wspace/outputs/weights/resnet34_gn/resnet34_gn_model_20260123-12_20_AM_epoch_4_batch_id_1961_labels_2_step_9821.pwf,/data/run1_NuMI_nu_overlay_larcv_cropped.root,,5259,2169,0,,4,E_disagree,0.02301793359220028,0.9768970608711243,0.0,0.008274078369140625,0.01,0.8157191911484166,0.8157191911484166,True,0.806184012066365,0.9857076994006455,0.8157191911484166,44,0.010142923005993546,0.010142923005993546,1.0,0.806184012066365,0.025808824226260185,0.03864099085330963,0.573997233748271,0.031180064473301173,0.03748308671638369,0.0,0.0,/vols/sbn/uboone/an1522/cam_methods/occlusion/E_disagree/run1_samples/resnet34_gn/occlusion__ENTRY_5259__nu_overlay_meta_4.txt
occlusion,resnet34_gn,/home/hep/an1522/dark_tridents_wspace/outputs/weights/resnet34_gn/resnet34_gn_model_20260123-12_20_AM_epoch_4_batch_id_1961_labels_2_step_9821.pwf,/data/run1_NuMI_nu_overlay_larcv_cropped.root,,5259,2169,0,,8,E_disagree,0.02301793359220028,0.9768970608711243,0.0,0.008274078369140625,0.01,0.803510110644792,0.803510110644792,True,0.7846497764530551,0.970954356846473,0.803510110644792,48,0.010142923005993546,0.010142923005993546,1.0,0.7846497764530551,0.04832529634237302,0.11484304815530777,0.5218994928538497,0.03011709423735738,0.037023571319878094,0.0,0.0,/vols/sbn/uboone/an1522/cam_methods/occlusion/E_disagree/run1_samples/resnet34_gn/occlusion__ENTRY_5259__nu_overlay_meta_8.txt
occlusion,resnet34_gn,/home/hep/an1522/dark_tridents_wspace/outputs/weights/resnet34_gn/resnet34_gn_model_20260123-12_20_AM_epoch_4_batch_id_1961_labels_2_step_9821.pwf,/data/run1_NuMI_nu_overlay_larcv_cropped.root,,6287,2232,0,,16,E_disagree,0.029264504089951515,0.9706763029098511,0.0,0.008514404296875,0.01,0.8309805417779473,0.8309805417779473,True,0.8142056074766355,0.9758064516129032,0.8309805417779473,90,0.00985663082437276,0.00985663082437276,1.0,0.8142056074766355,0.07563483417034161,0.4342082738876343,0.7334229390681004,0.03462770832702518,0.10328555526211855,0.0,0.0,/vols/sbn/uboone/an1522/cam_methods/occlusion/E_disagree/run1_samples/resnet34_gn/occlusion__ENTRY_6287__nu_overlay_meta_16.txt
occlusion,resnet34_gn,/home/hep/an1522/dark_tridents_wspace/outputs/weights/resnet34_gn/resnet34_gn_model_20260123-12_20_AM_epoch_4_batch_id_1961_labels_2_step_9821.pwf,/data/run1_NuMI_nu_overlay_larcv_cropped.root,,6287,2232,0,,2,E_disagree,0.029263177886605263,0.9706776738166809,0.0,0.008514404296875,0.01,0.8481495612361694,0.8481495612361694,True,0.8452471482889734,0.9959677419354839,0.8481495612361694,90,0.00985663082437276,0.00985663082437276,1.0,0.8452471482889734,0.009251827448606503,0.011496415361762047,0.7302867383512545,0.03732693111523986,0.10480012120679019,0.0,0.0,/vols/sbn/uboone/an1522/cam_methods/occlusion/E_disagree/run1_samples/resnet34_gn/occlusion__ENTRY_6287__nu_overlay_meta_2.txt
occlusion,resnet34_gn,/home/hep/an1522/dark_tridents_wspace/outputs/weights/resnet34_gn/resnet34_gn_model_20260123-12_20_AM_epoch_4_batch_id_1961_labels_2_step_9821.pwf,/data/run1_NuMI_nu_overlay_larcv_cropped.root,,6287,2232,0,,4,E_disagree,0.029264504089951515,0.9706763029098511,0.0,0.008514404296875,0.01,0.8450972911102632,0.8450972911102632,True,0.8396512509476877,0.9923835125448028,0.8450972911102632,81,0.00985663082437276,0.00985663082437276,1.0,0.8396512509476877,0.010612300112843516,0.03105117566883564,0.7473118279569892,0.0373027659021318,0.15007154168561102,0.0,0.0,/vols/sbn/uboone/an1522/cam_methods/occlusion/E_disagree/run1_samples/resnet34_gn/occlusion__ENTRY_6287__nu_overlay_meta_4.txt
occlusion,resnet34_gn,/home/hep/an1522/dark_tridents_wspace/outputs/weights/resnet34_gn/resnet34_gn_model_20260123-12_20_AM_epoch_4_batch_id_1961_labels_2_step_9821.pwf,/data/run1_NuMI_nu_overlay_larcv_cropped.root,,6287,2232,0,,8,E_disagree,0.029263177886605263,0.9706776738166809,0.0,0.008514404296875,0.01,0.840518885921404,0.840518885921404,True,0.8313207547169811,0.9870071684587813,0.840518885921404,84,0.00985663082437276,0.00985663082437276,1.0,0.8313207547169811,0.026700733229517937,0.10473475605249405,0.6760752688172043,0.03665202585980296,0.5073507820256055,0.0,0.0,/vols/sbn/uboone/an1522/cam_methods/occlusion/E_disagree/run1_samples/resnet34_gn/occlusion__ENTRY_6287__nu_overlay_meta_8.txt
occlusion,resnet34_gn,/home/hep/an1522/dark_tridents_wspace/outputs/weights/resnet34_gn/resnet34_gn_model_20260123-12_20_AM_epoch_4_batch_id_1961_labels_2_step_9821.pwf,/data/run1_NuMI_dirt_larcv_cropped.root,,89,2167,0,,16,E_disagree,0.004135684110224247,0.9958152174949646,0.0,0.008266448974609375,0.01,0.6562380770698206,0.6539488744753911,True,0.560625814863103,0.7937240424550069,0.6562380770698206,24,0.01015228426395939,0.01015228426395939,1.0,0.5575797007156799,0.0024093454983085444,0.005390732549130917,0.5159206275957545,0.013976818695664407,0.07094073290936648,0.0,0.0,/vols/sbn/uboone/an1522/cam_methods/occlusion/E_disagree/run1_samples/resnet34_gn/occlusion__ENTRY_89__dirt_meta_16.txt
occlusion,resnet34_gn,/home/hep/an1522/dark_tridents_wspace/outputs/weights/resnet34_gn/resnet34_gn_model_20260123-12_20_AM_epoch_4_batch_id_1961_labels_2_step_9821.pwf,/data/run1_NuMI_dirt_larcv_cropped.root,,89,2167,0,,2,E_disagree,0.004135624971240759,0.9958152174949646,0.0,0.008266448974609375,0.01,0.8065623807706982,0.8050362457077451,True,0.7905759162303665,0.9755422242731887,0.8065623807706982,21,0.01015228426395939,0.01015228426395939,1.0,0.7879014189693802,0.0003128340374678377,0.028607303276658058,0.7166589755422242,0.01354177484754473,0.07174500527326017,0.0,0.0,/vols/sbn/uboone/an1522/cam_methods/occlusion/E_disagree/run1_samples/resnet34_gn/occlusion__ENTRY_89__dirt_meta_2.txt
occlusion,resnet34_gn,/home/hep/an1522/dark_tridents_wspace/outputs/weights/resnet34_gn/resnet34_gn_model_20260123-12_20_AM_epoch_4_batch_id_1961_labels_2_step_9821.pwf,/data/run1_NuMI_dirt_larcv_cropped.root,,89,2167,0,,4,E_disagree,0.004135684110224247,0.9958152174949646,0.0,0.008266448974609375,0.01,0.776421213277375,0.7745135444486837,True,0.73919360697421,0.9390862944162437,0.776421213277375,20,0.01015228426395939,0.01015228426395939,1.0,0.7360406091370558,0.0002617736719548707,0.0286080464720726,0.6982002768804799,0.0135256911162287,0.0960060937795788,0.0,0.0,/vols/sbn/uboone/an1522/cam_methods/occlusion/E_disagree/run1_samples/resnet34_gn/occlusion__ENTRY_89__dirt_meta_4.txt
occlusion,resnet34_gn,/home/hep/an1522/dark_tridents_wspace/outputs/weights/resnet34_gn/resnet34_gn_model_20260123-12_20_AM_epoch_4_batch_id_1961_labels_2_step_9821.pwf,/data/run1_NuMI_dirt_larcv_cropped.root,,89,2167,0,,8,E_disagree,0.004135624971240759,0.9958152174949646,0.0,0.008266448974609375,0.01,0.7062190003815337,0.7062190003815337,True,0.6302349336057201,0.8541762805722196,0.7062190003815337,21,0.01015228426395939,0.01015228426395939,1.0,0.6302349336057201,0.00034898146986961365,0.049902405589818954,0.6340562990309183,0.014067771681584419,0.0724102653330192,0.0,0.0,/vols/sbn/uboone/an1522/cam_methods/occlusion/E_disagree/run1_samples/resnet34_gn/occlusion__ENTRY_89__dirt_meta_8.txt
occlusion,mpid,/home/hep/an1522/dark_tridents_wspace/outputs/weights/DM-CNN_model_20260116-10_22_PM_epoch_4_batch_id_1961_labels_2_title_0.001_AG_GN_LM_TRAINING_step_9821.pwf,/data/run1_dt_ratio_0.6_ma_0.3_eta_larcv_cropped.root,0.3,1053,2607,0,,16,E_disagree,0.9979047775268555,0.0021810708567500114,0.0,0.009944915771484375,0.01,0.9801602441816101,0.9801602441816101,True,0.9661526889808199,0.9854238588415803,0.9801602441816101,70,0.009973149213655544,0.009973149213655544,1.0,0.9661526889808199,0.2035344874858861,0.4108448028564453,0.7974683544303798,0.9505061395466329,0.2880612425506115,0.1,0.1,/vols/sbn/uboone/an1522/cam_methods/occlusion/E_disagree/run1_signal/mpid/occlusion__ENTRY_1053_meta_16.txt
occlusion,mpid,/home/hep/an1522/dark_tridents_wspace/outputs/weights/DM-CNN_model_20260116-10_22_PM_epoch_4_batch_id_1961_labels_2_title_0.001_AG_GN_LM_TRAINING_step_9821.pwf,/data/run1_dt_ratio_0.6_ma_0.3_eta_larcv_cropped.root,0.3,1053,2607,0,,2,E_disagree,0.9979046583175659,0.0021811779588460922,0.0,0.009944915771484375,0.01,0.9912247233880198,0.9912247233880198,True,0.9878326996197718,0.996547756041427,0.9912247233880198,74,0.009973149213655544,0.009973149213655544,1.0,0.9878326996197718,0.0034876453876495415,0.024229228496551514,0.49252013808975836,0.9504542486742139,0.07630562111735344,0.1,0.1,/vols/sbn/uboone/an1522/cam_methods/occlusion/E_disagree/run1_signal/mpid/occlusion__ENTRY_1053_meta_2.txt
occlusion,mpid,/home/hep/an1522/dark_tridents_wspace/outputs/weights/DM-CNN_model_20260116-10_22_PM_epoch_4_batch_id_1961_labels_2_title_0.001_AG_GN_LM_TRAINING_step_9821.pwf,/data/run1_dt_ratio_0.6_ma_0.3_eta_larcv_cropped.root,0.3,1053,2607,0,,4,E_disagree,0.9979046583175659,0.0021811779588460922,0.0,0.009944915771484375,0.01,0.9893170545593285,0.9893170545593285,True,0.9840607210626185,0.9946298427311085,0.9893170545593285,72,0.009973149213655544,0.009973149213655544,1.0,0.9840607210626185,0.010943396091461196,0.07747125625610352,0.5473724587648638,0.9504479901865125,0.08361575547605753,0.1,0.1,/vols/sbn/uboone/an1522/cam_methods/occlusion/E_disagree/run1_signal/mpid/occlusion__ENTRY_1053_meta_4.txt
occlusion,mpid,/home/hep/an1522/dark_tridents_wspace/outputs/weights/DM-CNN_model_20260116-10_22_PM_epoch_4_batch_id_1961_labels_2_title_0.001_AG_GN_LM_TRAINING_step_9821.pwf,/data/run1_dt_ratio_0.6_ma_0.3_eta_larcv_cropped.root,0.3,1053,2607,0,,8,E_disagree,0.9979046583175659,0.0021811779588460922,0.0,0.009944915771484375,0.01,0.9839755818389927,0.9839755818389927,True,0.9735749339373349,0.9892596854622171,0.9839755818389927,71,0.009973149213655544,0.009973149213655544,1.0,0.9735749339373349,0.10158524632453926,0.18312698602676392,0.6682009973149213,0.9505554215982557,0.33804269414395094,0.1,0.1,/vols/sbn/uboone/an1522/cam_methods/occlusion/E_disagree/run1_signal/mpid/occlusion__ENTRY_1053_meta_8.txt
occlusion,mpid,/home/hep/an1522/dark_tridents_wspace/outputs/weights/DM-CNN_model_20260116-10_22_PM_epoch_4_batch_id_1961_labels_2_title_0.001_AG_GN_LM_TRAINING_step_9821.pwf,/data/run1_dt_ratio_0.6_ma_0.3_eta_larcv_cropped.root,0.3,12052,3077,0,,16,E_disagree,0.9925089478492737,0.0077007426880300045,0.0,0.011737823486328125,0.01,1.0,1.0,True,0.8518037049073773,0.8518037049073773,1.0,57,0.010074748131296718,0.010074748131296718,1.0,0.8518037049073773,0.8663808107376099,0.9109987616539001,0.766980825479363,0.9452031480148435,0.08482957389205695,0.1,0.1,/vols/sbn/uboone/an1522/cam_methods/occlusion/E_disagree/run1_signal/mpid/occlusion__ENTRY_12052_meta_16.txt
occlusion,mpid,/home/hep/an1522/dark_tridents_wspace/outputs/weights/DM-CNN_model_20260116-10_22_PM_epoch_4_batch_id_1961_labels_2_title_0.001_AG_GN_LM_TRAINING_step_9821.pwf,/data/run1_dt_ratio_0.6_ma_0.3_eta_larcv_cropped.root,0.3,12052,3077,0,,2,E_disagree,0.9925109148025513,0.007698706351220608,0.0,0.011737823486328125,0.01,1.0,1.0,True,0.8518037049073773,0.8518037049073773,1.0,98,0.010074748131296718,0.010074748131296718,1.0,0.8518037049073773,0.006732583045959473,0.04510766267776489,0.7169320766980826,0.9453069932758809,0.09650675617158413,0.1,0.1,/vols/sbn/uboone/an1522/cam_methods/occlusion/E_disagree/run1_signal/mpid/occlusion__ENTRY_12052_meta_2.txt
occlusion,mpid,/home/hep/an1522/dark_tridents_wspace/outputs/weights/DM-CNN_model_20260116-10_22_PM_epoch_4_batch_id_1961_labels_2_title_0.001_AG_GN_LM_TRAINING_step_9821.pwf,/data/run1_dt_ratio_0.6_ma_0.3_eta_larcv_cropped.root,0.3,12052,3077,0,,4,E_disagree,0.9925109148025513,0.007698706351220608,0.0,0.011737823486328125,0.01,1.0,1.0,True,0.8518037049073773,0.8518037049073773,1.0,91,0.010074748131296718,0.010074748131296718,1.0,0.8518037049073773,0.04432933568954435,0.11039817333221436,0.7367565810854728,0.9453018255531788,0.0798448882997036,0.1,0.1,/vols/sbn/uboone/an1522/cam_methods/occlusion/E_disagree/run1_signal/mpid/occlusion__ENTRY_12052_meta_4.txt
occlusion,mpid,/home/hep/an1522/dark_tridents_wspace/outputs/weights/DM-CNN_model_20260116-10_22_PM_epoch_4_batch_id_1961_labels_2_title_0.001_AG_GN_LM_TRAINING_step_9821.pwf,/data/run1_dt_ratio_0.6_ma_0.3_eta_larcv_cropped.root,0.3,12052,3077,0,,8,E_disagree,0.9925109148025513,0.007698706351220608,0.0,0.011737823486328125,0.01,1.0,1.0,True,0.8518037049073773,0.8518037049073773,1.0,71,0.010074748131296718,0.010074748131296718,1.0,0.8518037049073773,0.1506887388229362,0.57315993309021,0.7871303217419564,0.9453884549438953,0.08354549575597048,0.1,0.1,/vols/sbn/uboone/an1522/cam_methods/occlusion/E_disagree/run1_signal/mpid/occlusion__ENTRY_12052_meta_8.txt
occlusion,mpid,/home/hep/an1522/dark_tridents_wspace/outputs/weights/DM-CNN_model_20260116-10_22_PM_epoch_4_batch_id_1961_labels_2_title_0.001_AG_GN_LM_TRAINING_step_9821.pwf,/data/run1_dt_ratio_0.6_ma_0.02_eta_larcv_cropped.root,0.02,1241,4117,0,,16,E_disagree,0.020713552832603455,0.9790377616882324,0.0,0.015705108642578125,0.01,1.0,1.0,True,0.6366286130677677,0.6366286130677677,1.0,117,0.009958707796939519,0.009958707796939519,1.0,0.6366286130677677,0.0589832067489624,0.14314159750938416,0.3599708525625455,0.022639687173068523,0.03539638286456466,0.0,0.0,/vols/sbn/uboone/an1522/cam_methods/occlusion/E_disagree/run1_signal/mpid/occlusion__ENTRY_1241_meta_16.txt
occlusion,mpid,/home/hep/an1522/dark_tridents_wspace/outputs/weights/DM-CNN_model_20260116-10_22_PM_epoch_4_batch_id_1961_labels_2_title_0.001_AG_GN_LM_TRAINING_step_9821.pwf,/data/run1_dt_ratio_0.6_ma_0.02_eta_larcv_cropped.root,0.02,1241,4117,0,,2,E_disagree,0.020713552832603455,0.9790377616882324,0.0,0.015705108642578125,0.01,1.0,1.0,True,0.6366286130677677,0.6366286130677677,1.0,125,0.009958707796939519,0.009958707796939519,1.0,0.6366286130677677,0.013332301080226913,0.0715431347489357,0.48384746174398835,0.022128715552389627,0.024791502975858744,0.0,0.0,/vols/sbn/uboone/an1522/cam_methods/occlusion/E_disagree/run1_signal/mpid/occlusion__ENTRY_1241_meta_2.txt
occlusion,mpid,/home/hep/an1522/dark_tridents_wspace/outputs/weights/DM-CNN_model_20260116-10_22_PM_epoch_4_batch_id_1961_labels_2_title_0.001_AG_GN_LM_TRAINING_step_9821.pwf,/data/run1_dt_ratio_0.6_ma_0.02_eta_larcv_cropped.root,0.02,1241,4117,0,,4,E_disagree,0.020713400095701218,0.9790380001068115,0.0,0.015705108642578125,0.01,1.0,1.0,True,0.6366286130677677,0.6366286130677677,1.0,106,0.009958707796939519,0.009958707796939519,1.0,0.6366286130677677,0.015712019950151444,0.0792866051197052,0.46757347583191644,0.022062767855823038,0.027444195933640003,0.0,0.0,/vols/sbn/uboone/an1522/cam_methods/occlusion/E_disagree/run1_signal/mpid/occlusion__ENTRY_1241_meta_4.txt
occlusion,mpid,/home/hep/an1522/dark_tridents_wspace/outputs/weights/DM-CNN_model_20260116-10_22_PM_epoch_4_batch_id_1961_labels_2_title_0.001_AG_GN_LM_TRAINING_step_9821.pwf,/data/run1_dt_ratio_0.6_ma_0.02_eta_larcv_cropped.root,0.02,1241,4117,0,,8,E_disagree,0.020713552832603455,0.9790377616882324,0.0,0.015705108642578125,0.01,1.0,1.0,True,0.6366286130677677,0.6366286130677677,1.0,122,0.009958707796939519,0.009958707796939519,1.0,0.6366286130677677,0.02306324988603592,0.14314159750938416,0.46951663832888024,0.022283240221440792,0.01604749474208802,0.0,0.0,/vols/sbn/uboone/an1522/cam_methods/occlusion/E_disagree/run1_signal/mpid/occlusion__ENTRY_1241_meta_8.txt
occlusion,mpid,/home/hep/an1522/dark_tridents_wspace/outputs/weights/DM-CNN_model_20260116-10_22_PM_epoch_4_batch_id_1961_labels_2_title_0.001_AG_GN_LM_TRAINING_step_9821.pwf,/data/run1_dt_ratio_0.6_ma_0.06_eta_larcv_cropped.root,0.06,1349,3250,0,,16,E_disagree,0.995354175567627,0.004900247789919376,0.0,0.01239776611328125,0.01,1.0,1.0,True,0.8064615384615385,0.8064615384615385,1.0,83,0.009846153846153846,0.009846153846153846,1.0,0.8064615384615385,0.9571438729763029,0.9845307469367981,0.5372307692307692,0.9483332879841327,0.2542948659393005,0.1,0.1,/vols/sbn/uboone/an1522/cam_methods/occlusion/E_disagree/run1_signal/mpid/occlusion__ENTRY_1349_meta_16.txt
occlusion,mpid,/home/hep/an1522/dark_tridents_wspace/outputs/weights/DM-CNN_model_20260116-10_22_PM_epoch_4_batch_id_1961_labels_2_title_0.001_AG_GN_LM_TRAINING_step_9821.pwf,/data/run1_dt_ratio_0.6_ma_0.06_eta_larcv_cropped.root,0.06,1349,3250,0,,2,E_disagree,0.995354175567627,0.004900247789919376,0.0,0.01239776611328125,0.01,1.0,1.0,True,0.8064615384615385,0.8064615384615385,1.0,112,0.009846153846153846,0.009846153846153846,1.0,0.8064615384615385,0.010124704241752613,0.04644697904586792,0.5243076923076923,0.9480007775127888,0.0737964127212763,0.1,0.1,/vols/sbn/uboone/an1522/cam_methods/occlusion/E_disagree/run1_signal/mpid/occlusion__ENTRY_1349_meta_2.txt
occlusion,mpid,/home/hep/an1522/dark_tridents_wspace/outputs/weights/DM-CNN_model_20260116-10_22_PM_epoch_4_batch_id_1961_labels_2_title_0.001_AG_GN_LM_TRAINING_step_9821.pwf,/data/run1_dt_ratio_0.6_ma_0.06_eta_larcv_cropped.root,0.06,1349,3250,0,,4,E_disagree,0.9953536987304688,0.004900780972093344,0.0,0.01239776611328125,0.01,1.0,1.0,True,0.8064615384615385,0.8064615384615385,1.0,108,0.009846153846153846,0.009846153846153846,1.0,0.8064615384615385,0.02975575506687131,0.19215279817581177,0.48553846153846153,0.9478372352197766,0.05912086971802636,0.1,0.1,/vols/sbn/uboone/an1522/cam_methods/occlusion/E_disagree/run1_signal/mpid/occlusion__ENTRY_1349_meta_4.txt
occlusion,mpid,/home/hep/an1522/dark_tridents_wspace/outputs/weights/DM-CNN_model_20260116-10_22_PM_epoch_4_batch_id_1961_labels_2_title_0.001_AG_GN_LM_TRAINING_step_9821.pwf,/data/run1_dt_ratio_0.6_ma_0.06_eta_larcv_cropped.root,0.06,1349,3250,0,,8,E_disagree,0.995354175567627,0.004900247789919376,0.0,0.01239776611328125,0.01,1.0,1.0,True,0.8064615384615385,0.8064615384615385,1.0,98,0.009846153846153846,0.009846153846153846,1.0,0.8064615384615385,0.2953661525249429,0.7898384928703308,0.5036923076923077,0.9481903500854968,0.10868421633495018,0.1,0.1,/vols/sbn/uboone/an1522/cam_methods/occlusion/E_disagree/run1_signal/mpid/occlusion__ENTRY_1349_meta_8.txt
occlusion,mpid,/home/hep/an1522/dark_tridents_wspace/outputs/weights/DM-CNN_model_20260116-10_22_PM_epoch_4_batch_id_1961_labels_2_title_0.001_AG_GN_LM_TRAINING_step_9821.pwf,/data/run1_dt_ratio_0.6_ma_0.03_eta_larcv_cropped.root,0.03,1445,1986,0,,16,E_disagree,0.9929208159446716,0.007286321371793747,0.0,0.00757598876953125,0.01,0.7161388782907288,0.7161388782907288,True,0.6875457875457875,0.9451158106747231,0.7161388782907288,27,0.010070493454179255,0.010070493454179255,1.0,0.6875457875457875,0.8743056058883667,0.9543266296386719,0.7487411883182276,0.9430980421602726,0.40414156075567015,0.1,0.4,/vols/sbn/uboone/an1522/cam_methods/occlusion/E_disagree/run1_signal/mpid/occlusion__ENTRY_1445_meta_16.txt
occlusion,mpid,/home/hep/an1522/dark_tridents_wspace/outputs/weights/DM-CNN_model_20260116-10_22_PM_epoch_4_batch_id_1961_labels_2_title_0.001_AG_GN_LM_TRAINING_step_9821.pwf,/data/run1_dt_ratio_0.6_ma_0.03_eta_larcv_cropped.root,0.03,1445,1986,0,,2,E_disagree,0.9929236173629761,0.007283431012183428,0.0,0.00757598876953125,0.01,0.7539107210988173,0.7539107210988173,True,0.7510452299505891,0.9949647532729103,0.7539107210988173,19,0.010070493454179255,0.010070493454179255,1.0,0.7510452299505891,0.5108064413070679,0.8411984443664551,0.5332326283987915,0.9458334820345045,0.07481085676699878,0.1,0.1,/vols/sbn/uboone/an1522/cam_methods/occlusion/E_disagree/run1_signal/mpid/occlusion__ENTRY_1445_meta_2.txt
occlusion,mpid,/home/hep/an1522/dark_tridents_wspace/outputs/weights/DM-CNN_model_20260116-10_22_PM_epoch_4_batch_id_1961_labels_2_title_0.001_AG_GN_LM_TRAINING_step_9821.pwf,/data/run1_dt_ratio_0.6_ma_0.03_eta_larcv_cropped.root,0.03,1445,1986,0,,4,E_disagree,0.9929236173629761,0.007283431012183428,0.0,0.00757598876953125,0.01,0.7485692483784815,0.7485692483784815,True,0.7417769376181474,0.9879154078549849,0.7485692483784815,18,0.010070493454179255,0.010070493454179255,1.0,0.7417769376181474,0.7197869420051575,0.9206784963607788,0.6052366565961732,0.9450975554063917,0.43515970688313255,0.1,0.7000000000000001,/vols/sbn/uboone/an1522/cam_methods/occlusion/E_disagree/run1_signal/mpid/occlusion__ENTRY_1445_meta_4.txt
occlusion,mpid,/home/hep/an1522/dark_tridents_wspace/outputs/weights/DM-CNN_model_20260116-10_22_PM_epoch_4_batch_id_1961_labels_2_title_0.001_AG_GN_LM_TRAINING_step_9821.pwf,/data/run1_dt_ratio_0.6_ma_0.03_eta_larcv_cropped.root,0.03,1445,1986,0,,8,E_disagree,0.9929236173629761,0.007283431012183428,0.0,0.00757598876953125,0.01,0.7386493704692866,0.7386493704692866,True,0.7248221639835267,0.9748237663645518,0.7386493704692866,19,0.010070493454179255,0.010070493454179255,1.0,0.7248221639835267,0.7923891544342041,0.9465659260749817,0.7004028197381672,0.9453706400468946,0.5208810327574611,0.1,0.7000000000000001,/vols/sbn/uboone/an1522/cam_methods/occlusion/E_disagree/run1_signal/mpid/occlusion__ENTRY_1445_meta_8.txt
occlusion,mpid,/home/hep/an1522/dark_tridents_wspace/outputs/weights/DM-CNN_model_20260116-10_22_PM_epoch_4_batch_id_1961_labels_2_title_0.001_AG_GN_LM_TRAINING_step_9821.pwf,/data/run1_dt_ratio_0.6_ma_0.07_eta_larcv_cropped.root,0.07,1594,2111,0,,16,E_disagree,0.9983205199241638,0.001769196125678718,0.0,0.008052825927734375,0.01,0.7737504769172072,0.7741320106829455,True,0.75,0.9606821411653245,0.7737504769172072,49,0.00994789199431549,0.00994789199431549,1.0,0.7506474287828339,0.9790392339229583,0.9815980195999146,0.689720511605874,0.9508208431303501,0.12033193819224836,0.1,0.1,/vols/sbn/uboone/an1522/cam_methods/occlusion/E_disagree/run1_signal/mpid/occlusion__ENTRY_1594_meta_16.txt
occlusion,mpid,/home/hep/an1522/dark_tridents_wspace/outputs/weights/DM-CNN_model_20260116-10_22_PM_epoch_4_batch_id_1961_labels_2_title_0.001_AG_GN_LM_TRAINING_step_9821.pwf,/data/run1_dt_ratio_0.6_ma_0.07_eta_larcv_cropped.root,0.07,1594,2111,0,,2,E_disagree,0.9983205199241638,0.001769196125678718,0.0,0.008052825927734375,0.01,0.7985501716901946,0.7993132392216711,True,0.7931034482758621,0.9914732354334439,0.7985501716901946,54,0.00994789199431549,0.00994789199431549,1.0,0.7944634053849071,0.006823855638504031,0.0934748649597168,0.5883467550923733,0.9508123315870761,0.1547035913914442,0.1,0.1,/vols/sbn/uboone/an1522/cam_methods/occlusion/E_disagree/run1_signal/mpid/occlusion__ENTRY_1594_meta_2.txt
occlusion,mpid,/home/hep/an1522/dark_tridents_wspace/outputs/weights/DM-CNN_model_20260116-10_22_PM_epoch_4_batch_id_1961_labels_2_title_0.001_AG_GN_LM_TRAINING_step_9821.pwf,/data/run1_dt_ratio_0.6_ma_0.07_eta_larcv_cropped.root,0.07,1594,2111,0,,4,E_disagree,0.9983205199241638,0.001769196125678718,0.0,0.008052825927734375,0.01,0.7920640976726441,0.7924456314383823,True,0.7816265060240963,0.9834201800094742,0.7920640976726441,51,0.00994789199431549,0.00994789199431549,1.0,0.7822975517890772,0.11583121418952971,0.9193490743637085,0.5987683562292753,0.9508395470678808,0.21446655914187432,0.1,0.1,/vols/sbn/uboone/an1522/cam_methods/occlusion/E_disagree/run1_signal/mpid/occlusion__ENTRY_1594_meta_4.txt
occlusion,mpid,/home/hep/an1522/dark_tridents_wspace/outputs/weights/DM-CNN_model_20260116-10_22_PM_epoch_4_batch_id_1961_labels_2_title_0.001_AG_GN_LM_TRAINING_step_9821.pwf,/data/run1_dt_ratio_0.6_ma_0.07_eta_larcv_cropped.root,0.07,1594,2111,0,,8,E_disagree,0.9983205199241638,0.001769196125678718,0.0,0.008052825927734375,0.01,0.784814956123617,0.7851964898893552,True,0.7689719626168224,0.9744197063003316,0.784814956123617,52,0.00994789199431549,0.00994789199431549,1.0,0.7696335078534031,0.8586911618709584,0.9819620251655579,0.6636665087636191,0.9508084036409856,0.4922805882990361,0.1,0.7000000000000001,/vols/sbn/uboone/an1522/cam_methods/occlusion/E_disagree/run1_signal/mpid/occlusion__ENTRY_1594_meta_8.txt
occlusion,mpid,/home/hep/an1522/dark_tridents_wspace/outputs/weights/DM-CNN_model_20260116-10_22_PM_epoch_4_batch_id_1961_labels_2_title_0.001_AG_GN_LM_TRAINING_step_9821.pwf,/data/run1_dt_ratio_0.6_ma_0.3_eta_larcv_cropped.root,0.3,3588,2441,0,,16,E_disagree,0.9833678007125854,0.016917601227760315,0.0,0.009311676025390625,0.01,0.9030904235024799,0.9030904235024799,True,0.8782931354359926,0.9696845555100368,0.9030904235024799,46,0.009832036050798854,0.009832036050798854,1.0,0.8782931354359926,0.9000922560691832,0.9361604452133179,0.5792707906595658,0.93815191462636,0.12128984853625299,0.1,0.1,/vols/sbn/uboone/an1522/cam_methods/occlusion/E_disagree/run1_signal/mpid/occlusion__ENTRY_3588_meta_16.txt
occlusion,mpid,/home/hep/an1522/dark_tridents_wspace/outputs/weights/DM-CNN_model_20260116-10_22_PM_epoch_4_batch_id_1961_labels_2_title_0.001_AG_GN_LM_TRAINING_step_9821.pwf,/data/run1_dt_ratio_0.6_ma_0.3_eta_larcv_cropped.root,0.3,3588,2441,0,,2,E_disagree,0.9833678007125854,0.016917601227760315,0.0,0.009311676025390625,0.01,0.930179320869897,0.930179320869897,True,0.9291158536585366,0.9987709954936501,0.930179320869897,56,0.009832036050798854,0.009832036050798854,1.0,0.9291158536585366,0.018928802013396917,0.3922762870788574,0.5321589512494879,0.9365198798477651,0.18802157267928127,0.1,0.1,/vols/sbn/uboone/an1522/cam_methods/occlusion/E_disagree/run1_signal/mpid/occlusion__ENTRY_3588_meta_2.txt
occlusion,mpid,/home/hep/an1522/dark_tridents_wspace/outputs/weights/DM-CNN_model_20260116-10_22_PM_epoch_4_batch_id_1961_labels_2_title_0.001_AG_GN_LM_TRAINING_step_9821.pwf,/data/run1_dt_ratio_0.6_ma_0.3_eta_larcv_cropped.root,0.3,3588,2441,0,,4,E_disagree,0.98336261510849,0.016922853887081146,0.0,0.009311676025390625,0.01,0.9271270507439908,0.9271270507439908,True,0.9232522796352584,0.9954936501433839,0.9271270507439908,57,0.009832036050798854,0.009832036050798854,1.0,0.9232522796352584,0.14419326782226252,0.6634262800216675,0.5256042605489554,0.9368358241394162,0.06831654408015311,0.1,0.1,/vols/sbn/uboone/an1522/cam_methods/occlusion/E_disagree/run1_signal/mpid/occlusion__ENTRY_3588_meta_4.txt
occlusion,mpid,/home/hep/an1522/dark_tridents_wspace/outputs/weights/DM-CNN_model_20260116-10_22_PM_epoch_4_batch_id_1961_labels_2_title_0.001_AG_GN_LM_TRAINING_step_9821.pwf,/data/run1_dt_ratio_0.6_ma_0.3_eta_larcv_cropped.root,0.3,3588,2441,0,,8,E_disagree,0.9833678007125854,0.016917601227760315,0.0,0.009311676025390625,0.01,0.9172071728347959,0.9172071728347959,True,0.9044394281414597,0.9848422777550184,0.9172071728347959,51,0.009832036050798854,0.009832036050798854,1.0,0.9044394281414597,0.5986484885215754,0.894095778465271,0.5690290864399836,0.9366239853203298,0.5189535848796368,0.1,0.7000000000000001,/vols/sbn/uboone/an1522/cam_methods/occlusion/E_disagree/run1_signal/mpid/occlusion__ENTRY_3588_meta_8.txt
occlusion,mpid,/home/hep/an1522/dark_tridents_wspace/outputs/weights/DM-CNN_model_20260116-10_22_PM_epoch_4_batch_id_1961_labels_2_title_0.001_AG_GN_LM_TRAINING_step_9821.pwf,/data/run1_dt_ratio_0.6_ma_0.1_eta_larcv_cropped.root,0.1,3943,3104,0,,16,E_disagree,0.9986656904220581,0.0014042537659406662,0.0,0.0118408203125,0.01,1.0,1.0,True,0.8443943298969072,0.8443943298969072,1.0,54,0.009987113402061855,0.009987113402061855,1.0,0.8443943298969072,0.6584129416942596,0.7807304859161377,0.6829896907216495,0.9511351542547346,0.6568264488130808,0.1,0.7000000000000001,/vols/sbn/uboone/an1522/cam_methods/occlusion/E_disagree/run1_signal/mpid/occlusion__ENTRY_3943_meta_16.txt
occlusion,mpid,/home/hep/an1522/dark_tridents_wspace/outputs/weights/DM-CNN_model_20260116-10_22_PM_epoch_4_batch_id_1961_labels_2_title_0.001_AG_GN_LM_TRAINING_step_9821.pwf,/data/run1_dt_ratio_0.6_ma_0.1_eta_larcv_cropped.root,0.1,3943,3104,0,,2,E_disagree,0.9986656904220581,0.0014042537659406662,0.0,0.0118408203125,0.01,1.0,1.0,True,0.8443943298969072,0.8443943298969072,1.0,82,0.009987113402061855,0.009987113402061855,1.0,0.8443943298969072,0.0031840771436691243,0.17998945713043213,0.6691365979381443,0.9511678354814648,0.13442746195942165,0.1,0.1,/vols/sbn/uboone/an1522/cam_methods/occlusion/E_disagree/run1_signal/mpid/occlusion__ENTRY_3943_meta_2.txt
occlusion,mpid,/home/hep/an1522/dark_tridents_wspace/outputs/weights/DM-CNN_model_20260116-10_22_PM_epoch_4_batch_id_1961_labels_2_title_0.001_AG_GN_LM_TRAINING_step_9821.pwf,/data/run1_dt_ratio_0.6_ma_0.1_eta_larcv_cropped.root,0.1,3943,3104,0,,4,E_disagree,0.9986656904220581,0.00140425655990839,0.0,0.0118408203125,0.01,1.0,1.0,True,0.8443943298969072,0.8443943298969072,1.0,83,0.009987113402061855,0.009987113402061855,1.0,0.8443943298969072,0.020457946062087888,0.13185089826583862,0.6913659793814433,0.9511548884212971,0.2466947086155415,0.1,0.1,/vols/sbn/uboone/an1522/cam_methods/occlusion/E_disagree/run1_signal/mpid/occlusion__ENTRY_3943_meta_4.txt
occlusion,mpid,/home/hep/an1522/dark_tridents_wspace/outputs/weights/DM-CNN_model_20260116-10_22_PM_epoch_4_batch_id_1961_labels_2_title_0.001_AG_GN_LM_TRAINING_step_9821.pwf,/data/run1_dt_ratio_0.6_ma_0.1_eta_larcv_cropped.root,0.1,3943,3104,0,,8,E_disagree,0.9986656904220581,0.0014042537659406662,0.0,0.0118408203125,0.01,1.0,1.0,True,0.8443943298969072,0.8443943298969072,1.0,75,0.009987113402061855,0.009987113402061855,1.0,0.8443943298969072,0.051519717574119446,0.20128750801086426,0.6755798969072165,0.9511433558538556,0.5256046293303371,0.1,0.7000000000000001,/vols/sbn/uboone/an1522/cam_methods/occlusion/E_disagree/run1_signal/mpid/occlusion__ENTRY_3943_meta_8.txt
occlusion,mpid,/home/hep/an1522/dark_tridents_wspace/outputs/weights/DM-CNN_model_20260116-10_22_PM_epoch_4_batch_id_1961_labels_2_title_0.001_AG_GN_LM_TRAINING_step_9821.pwf,/data/run1_dt_ratio_0.6_ma_0.08_pi0_larcv_cropped.root,0.08,581,1744,0,,16,E_disagree,0.9945329427719116,0.005728700663894415,0.0,0.00665283203125,0.01,0.4566959175887066,0.4566959175887066,True,0.3778409090909091,0.6863532110091743,0.4566959175887066,9,0.00974770642201835,0.00974770642201835,1.0,0.3778409090909091,0.4855468273162842,0.7180345058441162,0.5418577981651376,0.9479745285585524,0.07085595235694199,0.1,0.1,/vols/sbn/uboone/an1522/cam_methods/occlusion/E_disagree/run1_signal/mpid/occlusion__ENTRY_581_meta_16.txt
occlusion,mpid,/home/hep/an1522/dark_tridents_wspace/outputs/weights/DM-CNN_model_20260116-10_22_PM_epoch_4_batch_id_1961_labels_2_title_0.001_AG_GN_LM_TRAINING_step_9821.pwf,/data/run1_dt_ratio_0.6_ma_0.08_pi0_larcv_cropped.root,0.08,581,1744,0,,2,E_disagree,0.9945317506790161,0.0057300482876598835,0.0,0.00665283203125,0.01,0.6596718809614651,0.6596718809614651,True,0.6559180576631259,0.9913990825688074,0.6596718809614651,11,0.00974770642201835,0.00974770642201835,1.0,0.6559180576631259,0.004078174829483021,0.020246446132659912,0.6972477064220184,0.947160214930773,0.09108028672635556,0.1,0.1,/vols/sbn/uboone/an1522/cam_methods/occlusion/E_disagree/run1_signal/mpid/occlusion__ENTRY_581_meta_2.txt
occlusion,mpid,/home/hep/an1522/dark_tridents_wspace/outputs/weights/DM-CNN_model_20260116-10_22_PM_epoch_4_batch_id_1961_labels_2_title_0.001_AG_GN_LM_TRAINING_step_9821.pwf,/data/run1_dt_ratio_0.6_ma_0.08_pi0_larcv_cropped.root,0.08,581,1744,0,,4,E_disagree,0.9945317506790161,0.0057300482876598835,0.0,0.00665283203125,0.01,0.6501335368180083,0.6508966043494849,True,0.6403607666290868,0.9770642201834863,0.6501335368180083,12,0.00974770642201835,0.00974770642201835,1.0,0.641594584430237,0.0052190423011779785,0.01468503475189209,0.7270642201834863,0.947326333075762,0.08244856854435056,0.1,0.1,/vols/sbn/uboone/an1522/cam_methods/occlusion/E_disagree/run1_signal/mpid/occlusion__ENTRY_581_meta_4.txt
occlusion,mpid,/home/hep/an1522/dark_tridents_wspace/outputs/weights/DM-CNN_model_20260116-10_22_PM_epoch_4_batch_id_1961_labels_2_title_0.001_AG_GN_LM_TRAINING_step_9821.pwf,/data/run1_dt_ratio_0.6_ma_0.08_pi0_larcv_cropped.root,0.08,581,1744,0,,8,E_disagree,0.9945317506790161,0.0057300482876598835,0.0,0.00665283203125,0.01,0.5780236550934758,0.5780236550934758,True,0.531578947368421,0.8686926605504587,0.5780236550934758,12,0.00974770642201835,0.00974770642201835,1.0,0.531578947368421,0.009476304054260254,0.22936981916427612,0.7092889908256881,0.9475037522614003,0.07629937841556966,0.1,0.1,/vols/sbn/uboone/an1522/cam_methods/occlusion/E_disagree/run1_signal/mpid/occlusion__ENTRY_581_meta_8.txt
occlusion,mpid,/home/hep/an1522/dark_tridents_wspace/outputs/weights/DM-CNN_model_20260116-10_22_PM_epoch_4_batch_id_1961_labels_2_title_0.001_AG_GN_LM_TRAINING_step_9821.pwf,/data/run1_dt_ratio_0.6_ma_0.3_eta_larcv_cropped.root,0.3,8221,756,0,,16,E_disagree,0.9852193593978882,0.015245276503264904,0.0,0.0028839111328125,0.01,0.28615032430370085,0.28615032430370085,True,0.2854967643700038,0.9920634920634921,0.28615032430370085,24,0.010582010582010581,0.010582010582010581,1.0,0.2854967643700038,0.9437216520309448,0.9522377252578735,0.5079365079365079,0.9384479112923145,0.0685205747373402,0.1,0.1,/vols/sbn/uboone/an1522/cam_methods/occlusion/E_disagree/run1_signal/mpid/occlusion__ENTRY_8221_meta_16.txt
occlusion,mpid,/home/hep/an1522/dark_tridents_wspace/outputs/weights/DM-CNN_model_20260116-10_22_PM_epoch_4_batch_id_1961_labels_2_title_0.001_AG_GN_LM_TRAINING_step_9821.pwf,/data/run1_dt_ratio_0.6_ma_0.3_eta_larcv_cropped.root,0.3,8221,756,0,,2,E_disagree,0.9852193593978882,0.015245276503264904,0.0,0.0028839111328125,0.01,0.28843952689813046,0.28843952689813046,True,0.28843952689813046,1.0,0.28843952689813046,25,0.010582010582010581,0.010582010582010581,1.0,0.28843952689813046,0.1864573150873192,0.5048730373382568,0.5476190476190477,0.9383985944092272,0.09562482461333274,0.1,0.1,/vols/sbn/uboone/an1522/cam_methods/occlusion/E_disagree/run1_signal/mpid/occlusion__ENTRY_8221_meta_2.txt
occlusion,mpid,/home/hep/an1522/dark_tridents_wspace/outputs/weights/DM-CNN_model_20260116-10_22_PM_epoch_4_batch_id_1961_labels_2_title_0.001_AG_GN_LM_TRAINING_step_9821.pwf,/data/run1_dt_ratio_0.6_ma_0.3_eta_larcv_cropped.root,0.3,8221,756,0,,4,E_disagree,0.9852193593978882,0.015245276503264904,0.0,0.0028839111328125,0.01,0.28843952689813046,0.28843952689813046,True,0.28843952689813046,1.0,0.28843952689813046,25,0.010582010582010581,0.010582010582010581,1.0,0.28843952689813046,0.5884876459836961,0.8343620300292969,0.5687830687830688,0.9383985944092272,0.09562482461333274,0.1,0.1,/vols/sbn/uboone/an1522/cam_methods/occlusion/E_disagree/run1_signal/mpid/occlusion__ENTRY_8221_meta_4.txt
occlusion,mpid,/home/hep/an1522/dark_tridents_wspace/outputs/weights/DM-CNN_model_20260116-10_22_PM_epoch_4_batch_id_1961_labels_2_title_0.001_AG_GN_LM_TRAINING_step_9821.pwf,/data/run1_dt_ratio_0.6_ma_0.3_eta_larcv_cropped.root,0.3,8221,756,0,,8,E_disagree,0.9852193593978882,0.015245276503264904,0.0,0.0028839111328125,0.01,0.2876764593666539,0.2876764593666539,True,0.2874571101791841,0.9973544973544973,0.2876764593666539,25,0.010582010582010581,0.010582010582010581,1.0,0.2874571101791841,0.8647538483142856,0.8864355087280273,0.5873015873015873,0.9384513802826404,0.19155969843268394,0.1,0.1,/vols/sbn/uboone/an1522/cam_methods/occlusion/E_disagree/run1_signal/mpid/occlusion__ENTRY_8221_meta_8.txt
occlusion,resnet34_gn,/home/hep/an1522/dark_tridents_wspace/outputs/weights/resnet34_gn/resnet34_gn_model_20260123-12_20_AM_epoch_4_batch_id_1961_labels_2_step_9821.pwf,/data/run1_dt_ratio_0.6_ma_0.3_eta_larcv_cropped.root,0.3,1053,2607,0,,16,E_disagree,0.007454621605575085,0.9924992918968201,0.0,0.009944915771484375,0.01,0.9801602441816101,0.9801602441816101,True,0.9661526889808199,0.9854238588415803,0.9801602441816101,76,0.009973149213655544,0.009973149213655544,1.0,0.9661526889808199,0.016954565271735195,0.05471408739686012,0.6306098964326813,0.01601269538514316,0.2076877364423126,0.0,0.0,/vols/sbn/uboone/an1522/cam_methods/occlusion/E_disagree/run1_signal/resnet34_gn/occlusion__ENTRY_1053_meta_16.txt
occlusion,resnet34_gn,/home/hep/an1522/dark_tridents_wspace/outputs/weights/resnet34_gn/resnet34_gn_model_20260123-12_20_AM_epoch_4_batch_id_1961_labels_2_step_9821.pwf,/data/run1_dt_ratio_0.6_ma_0.3_eta_larcv_cropped.root,0.3,1053,2607,0,,2,E_disagree,0.007453641388565302,0.9925002455711365,0.0,0.009944915771484375,0.01,0.9912247233880198,0.9889355207935903,True,0.9878326996197718,0.996547756041427,0.9912247233880198,72,0.009973149213655544,0.009973149213655544,1.0,0.9833080424886191,0.0016365517675876618,0.0036986670456826687,0.4108170310701956,0.016569332568906244,0.1357768501387909,0.0,0.0,/vols/sbn/uboone/an1522/cam_methods/occlusion/E_disagree/run1_signal/resnet34_gn/occlusion__ENTRY_1053_meta_2.txt
occlusion,resnet34_gn,/home/hep/an1522/dark_tridents_wspace/outputs/weights/resnet34_gn/resnet34_gn_model_20260123-12_20_AM_epoch_4_batch_id_1961_labels_2_step_9821.pwf,/data/run1_dt_ratio_0.6_ma_0.3_eta_larcv_cropped.root,0.3,1053,2607,0,,4,E_disagree,0.007453641388565302,0.9925002455711365,0.0,0.009944915771484375,0.01,0.9893170545593285,0.9881724532621137,True,0.9840607210626185,0.9946298427311085,0.9893170545593285,81,0.009973149213655544,0.009973149213655544,1.0,0.9818043972706596,0.0033351811394095455,0.005831454414874315,0.46528576908323743,0.016527756932191547,0.20232740000355992,0.0,0.0,/vols/sbn/uboone/an1522/cam_methods/occlusion/E_disagree/run1_signal/resnet34_gn/occlusion__ENTRY_1053_meta_4.txt
occlusion,resnet34_gn,/home/hep/an1522/dark_tridents_wspace/outputs/weights/resnet34_gn/resnet34_gn_model_20260123-12_20_AM_epoch_4_batch_id_1961_labels_2_step_9821.pwf,/data/run1_dt_ratio_0.6_ma_0.3_eta_larcv_cropped.root,0.3,1053,2607,0,,8,E_disagree,0.007454621605575085,0.9924992918968201,0.0,0.009944915771484375,0.01,0.9839755818389927,0.9839755818389927,True,0.9735749339373349,0.9892596854622171,0.9839755818389927,70,0.009973149213655544,0.009973149213655544,1.0,0.9735749339373349,0.007834300529211762,0.016309574246406555,0.5017261219792866,0.016504296520724892,0.2389244475867599,0.0,0.0,/vols/sbn/uboone/an1522/cam_methods/occlusion/E_disagree/run1_signal/resnet34_gn/occlusion__ENTRY_1053_meta_8.txt
occlusion,resnet34_gn,/home/hep/an1522/dark_tridents_wspace/outputs/weights/resnet34_gn/resnet34_gn_model_20260123-12_20_AM_epoch_4_batch_id_1961_labels_2_step_9821.pwf,/data/run1_dt_ratio_0.6_ma_0.3_eta_larcv_cropped.root,0.3,12052,3077,0,,16,E_disagree,0.02261744812130928,0.9772552847862244,0.0,0.011737823486328125,0.01,1.0,1.0,True,0.8518037049073773,0.8518037049073773,1.0,38,0.010074748131296718,0.010074748131296718,1.0,0.8518037049073773,0.04043376281857486,0.2929263114929199,0.6402339941501463,0.03083176836371422,0.12845815429463983,0.0,0.0,/vols/sbn/uboone/an1522/cam_methods/occlusion/E_disagree/run1_signal/resnet34_gn/occlusion__ENTRY_12052_meta_16.txt
occlusion,resnet34_gn,/home/hep/an1522/dark_tridents_wspace/outputs/weights/resnet34_gn/resnet34_gn_model_20260123-12_20_AM_epoch_4_batch_id_1961_labels_2_step_9821.pwf,/data/run1_dt_ratio_0.6_ma_0.3_eta_larcv_cropped.root,0.3,12052,3077,0,,2,E_disagree,0.022619320079684258,0.9772534966468811,0.0,0.011737823486328125,0.01,1.0,1.0,True,0.8518037049073773,0.8518037049073773,1.0,65,0.010074748131296718,0.010074748131296718,1.0,0.8518037049073773,0.005995084866881368,0.01621151529252529,0.742281442963926,0.03107811873778701,0.128942755702883,0.0,0.0,/vols/sbn/uboone/an1522/cam_methods/occlusion/E_disagree/run1_signal/resnet34_gn/occlusion__ENTRY_12052_meta_2.txt
occlusion,resnet34_gn,/home/hep/an1522/dark_tridents_wspace/outputs/weights/resnet34_gn/resnet34_gn_model_20260123-12_20_AM_epoch_4_batch_id_1961_labels_2_step_9821.pwf,/data/run1_dt_ratio_0.6_ma_0.3_eta_larcv_cropped.root,0.3,12052,3077,0,,4,E_disagree,0.022619320079684258,0.9772534966468811,0.0,0.011737823486328125,0.01,1.0,1.0,True,0.8518037049073773,0.8518037049073773,1.0,61,0.010074748131296718,0.010074748131296718,1.0,0.8518037049073773,0.007643322125077234,0.039813026785850525,0.7273318167045824,0.031053494196385145,0.1285804497078061,0.0,0.0,/vols/sbn/uboone/an1522/cam_methods/occlusion/E_disagree/run1_signal/resnet34_gn/occlusion__ENTRY_12052_meta_4.txt
occlusion,resnet34_gn,/home/hep/an1522/dark_tridents_wspace/outputs/weights/resnet34_gn/resnet34_gn_model_20260123-12_20_AM_epoch_4_batch_id_1961_labels_2_step_9821.pwf,/data/run1_dt_ratio_0.6_ma_0.3_eta_larcv_cropped.root,0.3,12052,3077,0,,8,E_disagree,0.022619320079684258,0.9772534966468811,0.0,0.011737823486328125,0.01,1.0,1.0,True,0.8518037049073773,0.8518037049073773,1.0,45,0.010074748131296718,0.010074748131296718,1.0,0.8518037049073773,0.01851677097380098,0.06522820144891739,0.6919077023074424,0.031020717788487674,0.12846065736375747,0.0,0.0,/vols/sbn/uboone/an1522/cam_methods/occlusion/E_disagree/run1_signal/resnet34_gn/occlusion__ENTRY_12052_meta_8.txt
occlusion,resnet34_gn,/home/hep/an1522/dark_tridents_wspace/outputs/weights/resnet34_gn/resnet34_gn_model_20260123-12_20_AM_epoch_4_batch_id_1961_labels_2_step_9821.pwf,/data/run1_dt_ratio_0.6_ma_0.02_eta_larcv_cropped.root,0.02,1241,4117,0,,16,E_disagree,0.9943745136260986,0.005640605930238962,0.0,0.015705108642578125,0.01,1.0,1.0,True,0.6366286130677677,0.6366286130677677,1.0,59,0.009958707796939519,0.009958707796939519,1.0,0.6366286130677677,0.021476268768310547,0.02689260244369507,0.4962351226621326,0.9539191648364067,0.10366144771687687,0.1,0.1,/vols/sbn/uboone/an1522/cam_methods/occlusion/E_disagree/run1_signal/resnet34_gn/occlusion__ENTRY_1241_meta_16.txt
occlusion,resnet34_gn,/home/hep/an1522/dark_tridents_wspace/outputs/weights/resnet34_gn/resnet34_gn_model_20260123-12_20_AM_epoch_4_batch_id_1961_labels_2_step_9821.pwf,/data/run1_dt_ratio_0.6_ma_0.02_eta_larcv_cropped.root,0.02,1241,4117,0,,2,E_disagree,0.9943745136260986,0.005640605930238962,0.0,0.015705108642578125,0.01,1.0,1.0,True,0.6366286130677677,0.6366286130677677,1.0,64,0.009958707796939519,0.009958707796939519,1.0,0.6366286130677677,0.003584511280059816,0.030301690101623535,0.3888753947048822,0.9542766973376274,0.10618610032834112,0.1,0.1,/vols/sbn/uboone/an1522/cam_methods/occlusion/E_disagree/run1_signal/resnet34_gn/occlusion__ENTRY_1241_meta_2.txt
occlusion,resnet34_gn,/home/hep/an1522/dark_tridents_wspace/outputs/weights/resnet34_gn/resnet34_gn_model_20260123-12_20_AM_epoch_4_batch_id_1961_labels_2_step_9821.pwf,/data/run1_dt_ratio_0.6_ma_0.02_eta_larcv_cropped.root,0.02,1241,4117,0,,4,E_disagree,0.9943755865097046,0.005639597773551941,0.0,0.015705108642578125,0.01,1.0,1.0,True,0.6366286130677677,0.6366286130677677,1.0,87,0.009958707796939519,0.009958707796939519,1.0,0.6366286130677677,0.004370522499084476,0.024572908878326416,0.42603837745931505,0.9542963817715646,0.11072706971317528,0.1,0.1,/vols/sbn/uboone/an1522/cam_methods/occlusion/E_disagree/run1_signal/resnet34_gn/occlusion__ENTRY_1241_meta_4.txt
occlusion,resnet34_gn,/home/hep/an1522/dark_tridents_wspace/outputs/weights/resnet34_gn/resnet34_gn_model_20260123-12_20_AM_epoch_4_batch_id_1961_labels_2_step_9821.pwf,/data/run1_dt_ratio_0.6_ma_0.02_eta_larcv_cropped.root,0.02,1241,4117,0,,8,E_disagree,0.9943745136260986,0.005640605930238962,0.0,0.015705108642578125,0.01,1.0,1.0,True,0.6366286130677677,0.6366286130677677,1.0,90,0.009958707796939519,0.009958707796939519,1.0,0.6366286130677677,0.005690979957580573,0.009326457977294922,0.47947534612581977,0.9541209623217584,0.10479414737783373,0.1,0.1,/vols/sbn/uboone/an1522/cam_methods/occlusion/E_disagree/run1_signal/resnet34_gn/occlusion__ENTRY_1241_meta_8.txt
occlusion,resnet34_gn,/home/hep/an1522/dark_tridents_wspace/outputs/weights/resnet34_gn/resnet34_gn_model_20260123-12_20_AM_epoch_4_batch_id_1961_labels_2_step_9821.pwf,/data/run1_dt_ratio_0.6_ma_0.06_eta_larcv_cropped.root,0.06,1349,3250,0,,16,E_disagree,0.0051072025671601295,0.9948219060897827,0.0,0.01239776611328125,0.01,1.0,1.0,True,0.8064615384615385,0.8064615384615385,1.0,81,0.009846153846153846,0.009846153846153846,1.0,0.8064615384615385,0.01400658264756201,0.04195408895611763,0.408,0.014501537382602693,0.1265922760590911,0.0,0.0,/vols/sbn/uboone/an1522/cam_methods/occlusion/E_disagree/run1_signal/resnet34_gn/occlusion__ENTRY_1349_meta_16.txt
occlusion,resnet34_gn,/home/hep/an1522/dark_tridents_wspace/outputs/weights/resnet34_gn/resnet34_gn_model_20260123-12_20_AM_epoch_4_batch_id_1961_labels_2_step_9821.pwf,/data/run1_dt_ratio_0.6_ma_0.06_eta_larcv_cropped.root,0.06,1349,3250,0,,2,E_disagree,0.0051072025671601295,0.9948219060897827,0.0,0.01239776611328125,0.01,1.0,1.0,True,0.8064615384615385,0.8064615384615385,1.0,79,0.009846153846153846,0.009846153846153846,1.0,0.8064615384615385,0.0005390015011653268,0.0009578890167176723,0.3833846153846154,0.014490983495488764,0.029119984293356535,0.0,0.0,/vols/sbn/uboone/an1522/cam_methods/occlusion/E_disagree/run1_signal/resnet34_gn/occlusion__ENTRY_1349_meta_2.txt
occlusion,resnet34_gn,/home/hep/an1522/dark_tridents_wspace/outputs/weights/resnet34_gn/resnet34_gn_model_20260123-12_20_AM_epoch_4_batch_id_1961_labels_2_step_9821.pwf,/data/run1_dt_ratio_0.6_ma_0.06_eta_larcv_cropped.root,0.06,1349,3250,0,,4,E_disagree,0.005107461474835873,0.9948216676712036,0.0,0.01239776611328125,0.01,1.0,1.0,True,0.8064615384615385,0.8064615384615385,1.0,87,0.009846153846153846,0.009846153846153846,1.0,0.8064615384615385,0.0018377044936641858,0.004814153537154198,0.39476923076923076,0.014568599266931414,0.08229587418027222,0.0,0.0,/vols/sbn/uboone/an1522/cam_methods/occlusion/E_disagree/run1_signal/resnet34_gn/occlusion__ENTRY_1349_meta_4.txt
occlusion,resnet34_gn,/home/hep/an1522/dark_tridents_wspace/outputs/weights/resnet34_gn/resnet34_gn_model_20260123-12_20_AM_epoch_4_batch_id_1961_labels_2_step_9821.pwf,/data/run1_dt_ratio_0.6_ma_0.06_eta_larcv_cropped.root,0.06,1349,3250,0,,8,E_disagree,0.005107461474835873,0.9948216676712036,0.0,0.01239776611328125,0.01,1.0,1.0,True,0.8064615384615385,0.8064615384615385,1.0,88,0.009846153846153846,0.009846153846153846,1.0,0.8064615384615385,0.022684102244672995,0.0733494758605957,0.424,0.014551513735204935,0.25161734488792725,0.0,0.0,/vols/sbn/uboone/an1522/cam_methods/occlusion/E_disagree/run1_signal/resnet34_gn/occlusion__ENTRY_1349_meta_8.txt
occlusion,resnet34_gn,/home/hep/an1522/dark_tridents_wspace/outputs/weights/resnet34_gn/resnet34_gn_model_20260123-12_20_AM_epoch_4_batch_id_1961_labels_2_step_9821.pwf,/data/run1_dt_ratio_0.6_ma_0.03_eta_larcv_cropped.root,0.03,1445,1986,0,,16,E_disagree,0.006892378907650709,0.993039608001709,0.0,0.00757598876953125,0.01,0.7161388782907288,0.7161388782907288,True,0.6875457875457875,0.9451158106747231,0.7161388782907288,25,0.010070493454179255,0.010070493454179255,1.0,0.6875457875457875,0.03665272146463394,0.38728147745132446,0.486404833836858,0.01588256049435586,0.05426673956681042,0.0,0.0,/vols/sbn/uboone/an1522/cam_methods/occlusion/E_disagree/run1_signal/resnet34_gn/occlusion__ENTRY_1445_meta_16.txt
occlusion,resnet34_gn,/home/hep/an1522/dark_tridents_wspace/outputs/weights/resnet34_gn/resnet34_gn_model_20260123-12_20_AM_epoch_4_batch_id_1961_labels_2_step_9821.pwf,/data/run1_dt_ratio_0.6_ma_0.03_eta_larcv_cropped.root,0.03,1445,1986,0,,2,E_disagree,0.00689160218462348,0.9930404424667358,0.0,0.00757598876953125,0.01,0.7539107210988173,0.7535291873330789,True,0.7510452299505891,0.9949647532729103,0.7539107210988173,20,0.010070493454179255,0.010070493454179255,1.0,0.7503799392097265,0.0051825094502421214,0.025245221331715584,0.40231621349446123,0.016154166334308686,0.09662080600392073,0.0,0.0,/vols/sbn/uboone/an1522/cam_methods/occlusion/E_disagree/run1_signal/resnet34_gn/occlusion__ENTRY_1445_meta_2.txt
occlusion,resnet34_gn,/home/hep/an1522/dark_tridents_wspace/outputs/weights/resnet34_gn/resnet34_gn_model_20260123-12_20_AM_epoch_4_batch_id_1961_labels_2_step_9821.pwf,/data/run1_dt_ratio_0.6_ma_0.03_eta_larcv_cropped.root,0.03,1445,1986,0,,4,E_disagree,0.00689160218462348,0.9930404424667358,0.0,0.00757598876953125,0.01,0.7485692483784815,0.7485692483784815,True,0.7417769376181474,0.9879154078549849,0.7485692483784815,22,0.010070493454179255,0.010070493454179255,1.0,0.7417769376181474,0.0059617693535984635,0.08722038567066193,0.4209466263846928,0.01611697359476239,0.1899027940584347,0.0,0.0,/vols/sbn/uboone/an1522/cam_methods/occlusion/E_disagree/run1_signal/resnet34_gn/occlusion__ENTRY_1445_meta_4.txt
occlusion,resnet34_gn,/home/hep/an1522/dark_tridents_wspace/outputs/weights/resnet34_gn/resnet34_gn_model_20260123-12_20_AM_epoch_4_batch_id_1961_labels_2_step_9821.pwf,/data/run1_dt_ratio_0.6_ma_0.03_eta_larcv_cropped.root,0.03,1445,1986,0,,8,E_disagree,0.006892378907650709,0.993039608001709,0.0,0.00757598876953125,0.01,0.7386493704692866,0.7386493704692866,True,0.7248221639835267,0.9748237663645518,0.7386493704692866,19,0.010070493454179255,0.010070493454179255,1.0,0.7248221639835267,0.018652071338147017,0.26364728808403015,0.41540785498489424,0.016051301383413378,0.09859970153775063,0.0,0.0,/vols/sbn/uboone/an1522/cam_methods/occlusion/E_disagree/run1_signal/resnet34_gn/occlusion__ENTRY_1445_meta_8.txt
occlusion,resnet34_gn,/home/hep/an1522/dark_tridents_wspace/outputs/weights/resnet34_gn/resnet34_gn_model_20260123-12_20_AM_epoch_4_batch_id_1961_labels_2_step_9821.pwf,/data/run1_dt_ratio_0.6_ma_0.07_eta_larcv_cropped.root,0.07,1594,2111,0,,16,E_disagree,0.015458007343113422,0.9844366312026978,0.0,0.008052825927734375,0.01,0.7741320106829455,0.7741320106829455,True,0.7506474287828339,0.961155850307911,0.7741320106829455,48,0.00994789199431549,0.00994789199431549,1.0,0.7506474287828339,0.6050013363361361,0.8349400162696838,0.55139744197063,0.021479622600600122,0.0823867703322321,0.0,0.0,/vols/sbn/uboone/an1522/cam_methods/occlusion/E_disagree/run1_signal/resnet34_gn/occlusion__ENTRY_1594_meta_16.txt
occlusion,resnet34_gn,/home/hep/an1522/dark_tridents_wspace/outputs/weights/resnet34_gn/resnet34_gn_model_20260123-12_20_AM_epoch_4_batch_id_1961_labels_2_step_9821.pwf,/data/run1_dt_ratio_0.6_ma_0.07_eta_larcv_cropped.root,0.07,1594,2111,0,,2,E_disagree,0.015458007343113422,0.9844366312026978,0.0,0.008052825927734375,0.01,0.7993132392216711,0.7993132392216711,True,0.7944634053849071,0.9924206537186168,0.7993132392216711,55,0.00994789199431549,0.00994789199431549,1.0,0.7944634053849071,0.010990689508616959,0.343743234872818,0.40596873519658927,0.02416699486784637,0.12966582276858388,0.0,0.0,/vols/sbn/uboone/an1522/cam_methods/occlusion/E_disagree/run1_signal/resnet34_gn/occlusion__ENTRY_1594_meta_2.txt
occlusion,resnet34_gn,/home/hep/an1522/dark_tridents_wspace/outputs/weights/resnet34_gn/resnet34_gn_model_20260123-12_20_AM_epoch_4_batch_id_1961_labels_2_step_9821.pwf,/data/run1_dt_ratio_0.6_ma_0.07_eta_larcv_cropped.root,0.07,1594,2111,0,,4,E_disagree,0.015458007343113422,0.9844366312026978,0.0,0.008052825927734375,0.01,0.7924456314383823,0.7924456314383823,True,0.7822975517890772,0.9838938891520607,0.7924456314383823,52,0.00994789199431549,0.00994789199431549,1.0,0.7822975517890772,0.020661581307649612,0.5692321062088013,0.34533396494552343,0.023597381403669713,0.24937285133637488,0.0,0.0,/vols/sbn/uboone/an1522/cam_methods/occlusion/E_disagree/run1_signal/resnet34_gn/occlusion__ENTRY_1594_meta_4.txt
occlusion,resnet34_gn,/home/hep/an1522/dark_tridents_wspace/outputs/weights/resnet34_gn/resnet34_gn_model_20260123-12_20_AM_epoch_4_batch_id_1961_labels_2_step_9821.pwf,/data/run1_dt_ratio_0.6_ma_0.07_eta_larcv_cropped.root,0.07,1594,2111,0,,8,E_disagree,0.0154573330655694,0.9844373464584351,0.0,0.008052825927734375,0.01,0.7851964898893552,0.7851964898893552,True,0.7696335078534031,0.9748934154429181,0.7851964898893552,52,0.00994789199431549,0.00994789199431549,1.0,0.7696335078534031,0.05486183911561971,0.6573562622070312,0.3514921837991473,0.02332452512346208,0.10206128288991749,0.0,0.0,/vols/sbn/uboone/an1522/cam_methods/occlusion/E_disagree/run1_signal/resnet34_gn/occlusion__ENTRY_1594_meta_8.txt
occlusion,resnet34_gn,/home/hep/an1522/dark_tridents_wspace/outputs/weights/resnet34_gn/resnet34_gn_model_20260123-12_20_AM_epoch_4_batch_id_1961_labels_2_step_9821.pwf,/data/run1_dt_ratio_0.6_ma_0.3_eta_larcv_cropped.root,0.3,3588,2441,0,,16,E_disagree,0.012677961029112339,0.9872380495071411,0.0,0.009311676025390625,0.01,0.9030904235024799,0.9030904235024799,True,0.8782931354359926,0.9696845555100368,0.9030904235024799,53,0.009832036050798854,0.009832036050798854,1.0,0.8782931354359926,0.03319556266069412,0.052613839507102966,0.20278574354772635,0.021313329925760627,0.09465234098024666,0.0,0.0,/vols/sbn/uboone/an1522/cam_methods/occlusion/E_disagree/run1_signal/resnet34_gn/occlusion__ENTRY_3588_meta_16.txt
occlusion,resnet34_gn,/home/hep/an1522/dark_tridents_wspace/outputs/weights/resnet34_gn/resnet34_gn_model_20260123-12_20_AM_epoch_4_batch_id_1961_labels_2_step_9821.pwf,/data/run1_dt_ratio_0.6_ma_0.3_eta_larcv_cropped.root,0.3,3588,2441,0,,2,E_disagree,0.012677961029112339,0.9872380495071411,0.0,0.009311676025390625,0.01,0.930179320869897,0.930179320869897,True,0.9291158536585366,0.9987709954936501,0.930179320869897,53,0.009832036050798854,0.009832036050798854,1.0,0.9291158536585366,0.007771438919007778,0.012310636229813099,0.2097501024170422,0.021718458598479626,0.09290922922082243,0.0,0.0,/vols/sbn/uboone/an1522/cam_methods/occlusion/E_disagree/run1_signal/resnet34_gn/occlusion__ENTRY_3588_meta_2.txt
occlusion,resnet34_gn,/home/hep/an1522/dark_tridents_wspace/outputs/weights/resnet34_gn/resnet34_gn_model_20260123-12_20_AM_epoch_4_batch_id_1961_labels_2_step_9821.pwf,/data/run1_dt_ratio_0.6_ma_0.3_eta_larcv_cropped.root,0.3,3588,2441,0,,4,E_disagree,0.01267851609736681,0.9872374534606934,0.0,0.009311676025390625,0.01,0.9271270507439908,0.9271270507439908,True,0.9232522796352584,0.9954936501433839,0.9271270507439908,58,0.009832036050798854,0.009832036050798854,1.0,0.9232522796352584,0.015246137045323847,0.021997369825839996,0.17410897173289636,0.02192888609133661,0.1032072386238724,0.0,0.0,/vols/sbn/uboone/an1522/cam_methods/occlusion/E_disagree/run1_signal/resnet34_gn/occlusion__ENTRY_3588_meta_4.txt
occlusion,resnet34_gn,/home/hep/an1522/dark_tridents_wspace/outputs/weights/resnet34_gn/resnet34_gn_model_20260123-12_20_AM_epoch_4_batch_id_1961_labels_2_step_9821.pwf,/data/run1_dt_ratio_0.6_ma_0.3_eta_larcv_cropped.root,0.3,3588,2441,0,,8,E_disagree,0.01267851609736681,0.9872374534606934,0.0,0.009311676025390625,0.01,0.9172071728347959,0.9172071728347959,True,0.9044394281414597,0.9848422777550184,0.9172071728347959,54,0.009832036050798854,0.009832036050798854,1.0,0.9044394281414597,0.029783304780721664,0.038992565125226974,0.17656698074559607,0.022197135491296652,0.09509005383588373,0.0,0.0,/vols/sbn/uboone/an1522/cam_methods/occlusion/E_disagree/run1_signal/resnet34_gn/occlusion__ENTRY_3588_meta_8.txt
occlusion,resnet34_gn,/home/hep/an1522/dark_tridents_wspace/outputs/weights/resnet34_gn/resnet34_gn_model_20260123-12_20_AM_epoch_4_batch_id_1961_labels_2_step_9821.pwf,/data/run1_dt_ratio_0.6_ma_0.1_eta_larcv_cropped.root,0.1,3943,3104,0,,16,E_disagree,0.016453685238957405,0.9832813143730164,0.0,0.0118408203125,0.01,1.0,1.0,True,0.8443943298969072,0.8443943298969072,1.0,31,0.009987113402061855,0.009987113402061855,1.0,0.8443943298969072,0.08505627475678919,0.2239067256450653,0.6182345360824743,0.02468017600476742,0.07274908670224249,0.0,0.0,/vols/sbn/uboone/an1522/cam_methods/occlusion/E_disagree/run1_signal/resnet34_gn/occlusion__ENTRY_3943_meta_16.txt
occlusion,resnet34_gn,/home/hep/an1522/dark_tridents_wspace/outputs/weights/resnet34_gn/resnet34_gn_model_20260123-12_20_AM_epoch_4_batch_id_1961_labels_2_step_9821.pwf,/data/run1_dt_ratio_0.6_ma_0.1_eta_larcv_cropped.root,0.1,3943,3104,0,,2,E_disagree,0.016453685238957405,0.9832813143730164,0.0,0.0118408203125,0.01,1.0,1.0,True,0.8443943298969072,0.8443943298969072,1.0,71,0.009987113402061855,0.009987113402061855,1.0,0.8443943298969072,0.028006436228751985,0.05489683151245117,0.5109536082474226,0.025366258900612594,0.07577624619007109,0.0,0.0,/vols/sbn/uboone/an1522/cam_methods/occlusion/E_disagree/run1_signal/resnet34_gn/occlusion__ENTRY_3943_meta_2.txt
occlusion,resnet34_gn,/home/hep/an1522/dark_tridents_wspace/outputs/weights/resnet34_gn/resnet34_gn_model_20260123-12_20_AM_epoch_4_batch_id_1961_labels_2_step_9821.pwf,/data/run1_dt_ratio_0.6_ma_0.1_eta_larcv_cropped.root,0.1,3943,3104,0,,4,E_disagree,0.016447797417640686,0.9832873344421387,0.0,0.0118408203125,0.01,1.0,1.0,True,0.8443943298969072,0.8443943298969072,1.0,52,0.009987113402061855,0.009987113402061855,1.0,0.8443943298969072,0.05901204437017404,0.11369340121746063,0.5750644329896907,0.025392286106944086,0.08316101524978875,0.0,0.0,/vols/sbn/uboone/an1522/cam_methods/occlusion/E_disagree/run1_signal/resnet34_gn/occlusion__ENTRY_3943_meta_4.txt
occlusion,resnet34_gn,/home/hep/an1522/dark_tridents_wspace/outputs/weights/resnet34_gn/resnet34_gn_model_20260123-12_20_AM_epoch_4_batch_id_1961_labels_2_step_9821.pwf,/data/run1_dt_ratio_0.6_ma_0.1_eta_larcv_cropped.root,0.1,3943,3104,0,,8,E_disagree,0.016447797417640686,0.9832873344421387,0.0,0.0118408203125,0.01,1.0,1.0,True,0.8443943298969072,0.8443943298969072,1.0,53,0.009987113402061855,0.009987113402061855,1.0,0.8443943298969072,0.08401635214686368,0.23882408440113068,0.6018041237113402,0.024587270058691504,0.07201118147931992,0.0,0.0,/vols/sbn/uboone/an1522/cam_methods/occlusion/E_disagree/run1_signal/resnet34_gn/occlusion__ENTRY_3943_meta_8.txt
occlusion,resnet34_gn,/home/hep/an1522/dark_tridents_wspace/outputs/weights/resnet34_gn/resnet34_gn_model_20260123-12_20_AM_epoch_4_batch_id_1961_labels_2_step_9821.pwf,/data/run1_dt_ratio_0.6_ma_0.08_pi0_larcv_cropped.root,0.08,581,1744,0,,16,E_disagree,0.022127682343125343,0.9776175618171692,0.0,0.00665283203125,0.01,0.4566959175887066,0.4566959175887066,True,0.3778409090909091,0.6863532110091743,0.4566959175887066,9,0.00974770642201835,0.00974770642201835,1.0,0.3778409090909091,0.01093968091532588,0.016767481341958046,0.41857798165137616,0.026530147530138493,0.07166672321036457,0.0,0.0,/vols/sbn/uboone/an1522/cam_methods/occlusion/E_disagree/run1_signal/resnet34_gn/occlusion__ENTRY_581_meta_16.txt
occlusion,resnet34_gn,/home/hep/an1522/dark_tridents_wspace/outputs/weights/resnet34_gn/resnet34_gn_model_20260123-12_20_AM_epoch_4_batch_id_1961_labels_2_step_9821.pwf,/data/run1_dt_ratio_0.6_ma_0.08_pi0_larcv_cropped.root,0.08,581,1744,0,,2,E_disagree,0.022126883268356323,0.977618396282196,0.0,0.00665283203125,0.01,0.6596718809614651,0.6596718809614651,True,0.6559180576631259,0.9913990825688074,0.6596718809614651,11,0.00974770642201835,0.00974770642201835,1.0,0.6559180576631259,0.007212535478174686,0.012193910777568817,0.21674311926605505,0.031055375561118127,0.1289991728030145,0.0,0.0,/vols/sbn/uboone/an1522/cam_methods/occlusion/E_disagree/run1_signal/resnet34_gn/occlusion__ENTRY_581_meta_2.txt
occlusion,resnet34_gn,/home/hep/an1522/dark_tridents_wspace/outputs/weights/resnet34_gn/resnet34_gn_model_20260123-12_20_AM_epoch_4_batch_id_1961_labels_2_step_9821.pwf,/data/run1_dt_ratio_0.6_ma_0.08_pi0_larcv_cropped.root,0.08,581,1744,0,,4,E_disagree,0.022126883268356323,0.977618396282196,0.0,0.00665283203125,0.01,0.6508966043494849,0.6508966043494849,True,0.641594584430237,0.9782110091743119,0.6508966043494849,11,0.00974770642201835,0.00974770642201835,1.0,0.641594584430237,0.0077349912002682465,0.01997603476047516,0.31422018348623854,0.03128766492009163,0.12869122056290508,0.0,0.0,/vols/sbn/uboone/an1522/cam_methods/occlusion/E_disagree/run1_signal/resnet34_gn/occlusion__ENTRY_581_meta_4.txt
occlusion,resnet34_gn,/home/hep/an1522/dark_tridents_wspace/outputs/weights/resnet34_gn/resnet34_gn_model_20260123-12_20_AM_epoch_4_batch_id_1961_labels_2_step_9821.pwf,/data/run1_dt_ratio_0.6_ma_0.08_pi0_larcv_cropped.root,0.08,581,1744,0,,8,E_disagree,0.022126883268356323,0.977618396282196,0.0,0.00665283203125,0.01,0.5780236550934758,0.5780236550934758,True,0.531578947368421,0.8686926605504587,0.5780236550934758,12,0.00974770642201835,0.00974770642201835,1.0,0.531578947368421,0.011140063405036926,0.049256108701229095,0.3021788990825688,0.028001026250422,0.0728272288572043,0.0,0.0,/vols/sbn/uboone/an1522/cam_methods/occlusion/E_disagree/run1_signal/resnet34_gn/occlusion__ENTRY_581_meta_8.txt
occlusion,resnet34_gn,/home/hep/an1522/dark_tridents_wspace/outputs/weights/resnet34_gn/resnet34_gn_model_20260123-12_20_AM_epoch_4_batch_id_1961_labels_2_step_9821.pwf,/data/run1_dt_ratio_0.6_ma_0.3_eta_larcv_cropped.root,0.3,8221,756,0,,16,E_disagree,0.0077765691094100475,0.9921844601631165,0.0,0.0028839111328125,0.01,0.28615032430370085,0.28615032430370085,True,0.2854967643700038,0.9920634920634921,0.28615032430370085,24,0.010582010582010581,0.010582010582010581,1.0,0.2854967643700038,0.12721645832061768,0.2966938316822052,0.5105820105820106,0.01683061078656465,0.10471202337648719,0.0,0.0,/vols/sbn/uboone/an1522/cam_methods/occlusion/E_disagree/run1_signal/resnet34_gn/occlusion__ENTRY_8221_meta_16.txt
occlusion,resnet34_gn,/home/hep/an1522/dark_tridents_wspace/outputs/weights/resnet34_gn/resnet34_gn_model_20260123-12_20_AM_epoch_4_batch_id_1961_labels_2_step_9821.pwf,/data/run1_dt_ratio_0.6_ma_0.3_eta_larcv_cropped.root,0.3,8221,756,0,,2,E_disagree,0.0077765691094100475,0.9921844601631165,0.0,0.0028839111328125,0.01,0.28843952689813046,0.28843952689813046,True,0.28843952689813046,1.0,0.28843952689813046,25,0.010582010582010581,0.010582010582010581,1.0,0.28843952689813046,0.006724909646436623,0.12057135254144669,0.45105820105820105,0.017006650310941042,0.18314811193849892,0.0,0.0,/vols/sbn/uboone/an1522/cam_methods/occlusion/E_disagree/run1_signal/resnet34_gn/occlusion__ENTRY_8221_meta_2.txt
occlusion,resnet34_gn,/home/hep/an1522/dark_tridents_wspace/outputs/weights/resnet34_gn/resnet34_gn_model_20260123-12_20_AM_epoch_4_batch_id_1961_labels_2_step_9821.pwf,/data/run1_dt_ratio_0.6_ma_0.3_eta_larcv_cropped.root,0.3,8221,756,0,,4,E_disagree,0.0077765691094100475,0.9921844601631165,0.0,0.0028839111328125,0.01,0.28843952689813046,0.28843952689813046,True,0.28843952689813046,1.0,0.28843952689813046,25,0.010582010582010581,0.010582010582010581,1.0,0.28843952689813046,0.005086791701614857,0.14432065188884735,0.4695767195767196,0.017006650310941042,0.18314811193849892,0.0,0.0,/vols/sbn/uboone/an1522/cam_methods/occlusion/E_disagree/run1_signal/resnet34_gn/occlusion__ENTRY_8221_meta_4.txt
occlusion,resnet34_gn,/home/hep/an1522/dark_tridents_wspace/outputs/weights/resnet34_gn/resnet34_gn_model_20260123-12_20_AM_epoch_4_batch_id_1961_labels_2_step_9821.pwf,/data/run1_dt_ratio_0.6_ma_0.3_eta_larcv_cropped.root,0.3,8221,756,0,,8,E_disagree,0.007775523699820042,0.9921854138374329,0.0,0.0028839111328125,0.01,0.2876764593666539,0.2876764593666539,True,0.2874571101791841,0.9973544973544973,0.2876764593666539,25,0.010582010582010581,0.010582010582010581,1.0,0.2874571101791841,0.03405004125088456,0.040340058505535126,0.5224867724867724,0.016906191082671284,0.07876432579942047,0.0,0.0,/vols/sbn/uboone/an1522/cam_methods/occlusion/E_disagree/run1_signal/resnet34_gn/occlusion__ENTRY_8221_meta_8.txt
occlusion,mpid,/home/hep/an1522/dark_tridents_wspace/outputs/weights/DM-CNN_model_20260116-10_22_PM_epoch_4_batch_id_1961_labels_2_title_0.001_AG_GN_LM_TRAINING_step_9821.pwf,/data/run3_nu_overlay_larcv_cropped.root,,11125,2050,0,,16,E_disagree,0.9934322834014893,0.006852897349745035,0.0,0.00782012939453125,0.01,0.7184280808851583,0.7184280808851583,True,0.6753945480631277,0.9185365853658537,0.7184280808851583,15,0.00975609756097561,0.00975609756097561,1.0,0.6753945480631277,0.9250119924545288,0.9429947733879089,0.5014634146341463,0.9468962984159588,0.1350198972970247,0.1,0.1,/vols/sbn/uboone/an1522/cam_methods/occlusion/E_disagree/run3_samples/mpid/occlusion__ENTRY_11125__nu_overlay_meta_16.txt
occlusion,mpid,/home/hep/an1522/dark_tridents_wspace/outputs/weights/DM-CNN_model_20260116-10_22_PM_epoch_4_batch_id_1961_labels_2_title_0.001_AG_GN_LM_TRAINING_step_9821.pwf,/data/run3_nu_overlay_larcv_cropped.root,,11125,2050,0,,2,E_disagree,0.9934343099594116,0.00685086939483881,0.0,0.00782012939453125,0.01,0.7733689431514689,0.7733689431514689,True,0.766641452344932,0.988780487804878,0.7733689431514689,16,0.00975609756097561,0.00975609756097561,1.0,0.766641452344932,0.019823373556137083,0.3392398953437805,0.5478048780487805,0.946105868369341,0.1387948539108038,0.1,0.1,/vols/sbn/uboone/an1522/cam_methods/occlusion/E_disagree/run3_samples/mpid/occlusion__ENTRY_11125__nu_overlay_meta_2.txt
occlusion,mpid,/home/hep/an1522/dark_tridents_wspace/outputs/weights/DM-CNN_model_20260116-10_22_PM_epoch_4_batch_id_1961_labels_2_title_0.001_AG_GN_LM_TRAINING_step_9821.pwf,/data/run3_nu_overlay_larcv_cropped.root,,11125,2050,0,,4,E_disagree,0.9934343099594116,0.00685086939483881,0.0,0.00782012939453125,0.01,0.7657382678367035,0.7657382678367035,True,0.7533783783783784,0.9790243902439024,0.7657382678367035,18,0.00975609756097561,0.00975609756097561,1.0,0.7533783783783784,0.2298938435316085,0.6280659437179565,0.5229268292682927,0.9460344202816486,0.15799905043095347,0.1,0.1,/vols/sbn/uboone/an1522/cam_methods/occlusion/E_disagree/run3_samples/mpid/occlusion__ENTRY_11125__nu_overlay_meta_4.txt
occlusion,mpid,/home/hep/an1522/dark_tridents_wspace/outputs/weights/DM-CNN_model_20260116-10_22_PM_epoch_4_batch_id_1961_labels_2_title_0.001_AG_GN_LM_TRAINING_step_9821.pwf,/data/run3_nu_overlay_larcv_cropped.root,,11125,2050,0,,8,E_disagree,0.9934343099594116,0.00685086939483881,0.0,0.00782012939453125,0.01,0.7500953834414346,0.7500953834414346,True,0.7268022181146025,0.9590243902439024,0.7500953834414346,15,0.00975609756097561,0.00975609756097561,1.0,0.7268022181146025,0.7103595733642578,0.9026147127151489,0.5214634146341464,0.9455899246037006,0.14387245699763299,0.1,0.1,/vols/sbn/uboone/an1522/cam_methods/occlusion/E_disagree/run3_samples/mpid/occlusion__ENTRY_11125__nu_overlay_meta_8.txt
occlusion,mpid,/home/hep/an1522/dark_tridents_wspace/outputs/weights/DM-CNN_model_20260116-10_22_PM_epoch_4_batch_id_1961_labels_2_title_0.001_AG_GN_LM_TRAINING_step_9821.pwf,/data/run3_offbeam_larcv_cropped.root,,11976,3212,0,,16,E_disagree,0.9880709648132324,0.012484807521104813,0.0,0.0122528076171875,0.01,1.0,1.0,True,0.816002490660025,0.816002490660025,1.0,134,0.009962640099626401,0.009962640099626401,1.0,0.816002490660025,0.23923063278198242,0.3745434880256653,0.5504358655043586,0.941011667996645,0.07841894840821624,0.1,0.1,/vols/sbn/uboone/an1522/cam_methods/occlusion/E_disagree/run3_samples/mpid/occlusion__ENTRY_11976__offbeam_meta_16.txt
occlusion,mpid,/home/hep/an1522/dark_tridents_wspace/outputs/weights/DM-CNN_model_20260116-10_22_PM_epoch_4_batch_id_1961_labels_2_title_0.001_AG_GN_LM_TRAINING_step_9821.pwf,/data/run3_offbeam_larcv_cropped.root,,11976,3212,0,,2,E_disagree,0.9880709648132324,0.012484807521104813,0.0,0.0122528076171875,0.01,1.0,1.0,True,0.816002490660025,0.816002490660025,1.0,174,0.009962640099626401,0.009962640099626401,1.0,0.816002490660025,0.017817474603652857,0.0687364935874939,0.5121419676214197,0.9410267777740955,0.08897082284092903,0.1,0.1,/vols/sbn/uboone/an1522/cam_methods/occlusion/E_disagree/run3_samples/mpid/occlusion__ENTRY_11976__offbeam_meta_2.txt
occlusion,mpid,/home/hep/an1522/dark_tridents_wspace/outputs/weights/DM-CNN_model_20260116-10_22_PM_epoch_4_batch_id_1961_labels_2_title_0.001_AG_GN_LM_TRAINING_step_9821.pwf,/data/run3_offbeam_larcv_cropped.root,,11976,3212,0,,4,E_disagree,0.9880709648132324,0.012484807521104813,0.0,0.0122528076171875,0.01,1.0,1.0,True,0.816002490660025,0.816002490660025,1.0,174,0.009962640099626401,0.009962640099626401,1.0,0.816002490660025,0.03240615129470825,0.0585247278213501,0.5333125778331258,0.9411976166069507,0.08043851513648406,0.1,0.1,/vols/sbn/uboone/an1522/cam_methods/occlusion/E_disagree/run3_samples/mpid/occlusion__ENTRY_11976__offbeam_meta_4.txt
occlusion,mpid,/home/hep/an1522/dark_tridents_wspace/outputs/weights/DM-CNN_model_20260116-10_22_PM_epoch_4_batch_id_1961_labels_2_title_0.001_AG_GN_LM_TRAINING_step_9821.pwf,/data/run3_offbeam_larcv_cropped.root,,11976,3212,0,,8,E_disagree,0.9880784153938293,0.01247703842818737,0.0,0.0122528076171875,0.01,1.0,1.0,True,0.816002490660025,0.816002490660025,1.0,167,0.009962640099626401,0.009962640099626401,1.0,0.816002490660025,0.06086620867252325,0.08133918046951294,0.5432752179327521,0.940974329598248,0.07945089172571898,0.1,0.1,/vols/sbn/uboone/an1522/cam_methods/occlusion/E_disagree/run3_samples/mpid/occlusion__ENTRY_11976__offbeam_meta_8.txt
occlusion,mpid,/home/hep/an1522/dark_tridents_wspace/outputs/weights/DM-CNN_model_20260116-10_22_PM_epoch_4_batch_id_1961_labels_2_title_0.001_AG_GN_LM_TRAINING_step_9821.pwf,/data/run3_offbeam_larcv_cropped.root,,12720,1022,0,,16,E_disagree,0.9933106899261475,0.007002734579145908,0.0,0.00389862060546875,0.01,0.3739030904235025,0.3739030904235025,True,0.3680060082613594,0.958904109589041,0.3739030904235025,12,0.009784735812133072,0.009784735812133072,1.0,0.3680060082613594,0.9312344861030578,0.9726868271827698,0.6115459882583171,0.9451019005849958,0.06775029990822078,0.1,0.1,/vols/sbn/uboone/an1522/cam_methods/occlusion/E_disagree/run3_samples/mpid/occlusion__ENTRY_12720__offbeam_meta_16.txt
occlusion,mpid,/home/hep/an1522/dark_tridents_wspace/outputs/weights/DM-CNN_model_20260116-10_22_PM_epoch_4_batch_id_1961_labels_2_title_0.001_AG_GN_LM_TRAINING_step_9821.pwf,/data/run3_offbeam_larcv_cropped.root,,12720,1022,0,,2,E_disagree,0.9933114051818848,0.007001912221312523,0.0,0.00389862060546875,0.01,0.3884013735215567,0.3884013735215567,True,0.3878095238095238,0.9960861056751468,0.3884013735215567,13,0.009784735812133072,0.009784735812133072,1.0,0.3878095238095238,0.050836427211760994,0.2114865779876709,0.8189823874755382,0.9456471212208271,0.1508504532277584,0.1,0.1,/vols/sbn/uboone/an1522/cam_methods/occlusion/E_disagree/run3_samples/mpid/occlusion__ENTRY_12720__offbeam_meta_2.txt
occlusion,mpid,/home/hep/an1522/dark_tridents_wspace/outputs/weights/DM-CNN_model_20260116-10_22_PM_epoch_4_batch_id_1961_labels_2_title_0.001_AG_GN_LM_TRAINING_step_9821.pwf,/data/run3_offbeam_larcv_cropped.root,,12720,1022,0,,4,E_disagree,0.9933114051818848,0.007001912221312523,0.0,0.00389862060546875,0.01,0.3868752384586036,0.3868752384586036,True,0.38569798402434385,0.9921722113502935,0.3868752384586036,13,0.009784735812133072,0.009784735812133072,1.0,0.38569798402434385,0.09098249673843384,0.20292121171951294,0.7788649706457925,0.9456112869083881,0.12464588135480881,0.1,0.1,/vols/sbn/uboone/an1522/cam_methods/occlusion/E_disagree/run3_samples/mpid/occlusion__ENTRY_12720__offbeam_meta_4.txt
occlusion,mpid,/home/hep/an1522/dark_tridents_wspace/outputs/weights/DM-CNN_model_20260116-10_22_PM_epoch_4_batch_id_1961_labels_2_title_0.001_AG_GN_LM_TRAINING_step_9821.pwf,/data/run3_offbeam_larcv_cropped.root,,12720,1022,0,,8,E_disagree,0.9933114051818848,0.007001912221312523,0.0,0.00389862060546875,0.01,0.38344143456695917,0.38344143456695917,True,0.3809704321455648,0.9833659491193738,0.38344143456695917,13,0.009784735812133072,0.009784735812133072,1.0,0.3809704321455648,0.39084000110626205,0.9441948533058167,0.7074363992172211,0.9456280775368213,0.08356516808271408,0.1,0.1,/vols/sbn/uboone/an1522/cam_methods/occlusion/E_disagree/run3_samples/mpid/occlusion__ENTRY_12720__offbeam_meta_8.txt
occlusion,mpid,/home/hep/an1522/dark_tridents_wspace/outputs/weights/DM-CNN_model_20260116-10_22_PM_epoch_4_batch_id_1961_labels_2_title_0.001_AG_GN_LM_TRAINING_step_9821.pwf,/data/run3_nu_overlay_larcv_cropped.root,,1274,536,0,,16,E_disagree,0.9579796195030212,0.04301729425787926,0.0,0.002044677734375,0.01,0.0663868752384586,0.0663868752384586,True,0.05833053972510895,0.3246268656716418,0.0663868752384586,16,0.009328358208955223,0.009328358208955223,1.0,0.05833053972510895,0.9367483854293823,0.9367483854293823,0.26865671641791045,0.8730795301496983,0.07380015328526497,0.1,0.1,/vols/sbn/uboone/an1522/cam_methods/occlusion/E_disagree/run3_samples/mpid/occlusion__ENTRY_1274__nu_overlay_meta_16.txt
occlusion,mpid,/home/hep/an1522/dark_tridents_wspace/outputs/weights/DM-CNN_model_20260116-10_22_PM_epoch_4_batch_id_1961_labels_2_title_0.001_AG_GN_LM_TRAINING_step_9821.pwf,/data/run3_nu_overlay_larcv_cropped.root,,1274,536,0,,2,E_disagree,0.9579765796661377,0.043020475655794144,0.0,0.002044677734375,0.01,0.20259442960702023,0.20259442960702023,True,0.2022086824067022,0.9906716417910447,0.20259442960702023,14,0.009328358208955223,0.009328358208955223,1.0,0.2022086824067022,0.8274196952581405,0.9201411008834839,0.7611940298507462,0.9120077328756452,0.11758098732680083,0.1,0.1,/vols/sbn/uboone/an1522/cam_methods/occlusion/E_disagree/run3_samples/mpid/occlusion__ENTRY_1274__nu_overlay_meta_2.txt
occlusion,mpid,/home/hep/an1522/dark_tridents_wspace/outputs/weights/DM-CNN_model_20260116-10_22_PM_epoch_4_batch_id_1961_labels_2_title_0.001_AG_GN_LM_TRAINING_step_9821.pwf,/data/run3_nu_overlay_larcv_cropped.root,,1274,536,0,,4,E_disagree,0.9579765796661377,0.043020475655794144,0.0,0.002044677734375,0.01,0.18580694391453645,0.18580694391453645,True,0.18239700374531836,0.9085820895522388,0.18580694391453645,15,0.009328358208955223,0.009328358208955223,1.0,0.18239700374531836,0.9350903183221816,0.9428716897964478,0.7686567164179104,0.9152685837820173,0.06624409686774015,0.1,0.1,/vols/sbn/uboone/an1522/cam_methods/occlusion/E_disagree/run3_samples/mpid/occlusion__ENTRY_1274__nu_overlay_meta_4.txt
occlusion,mpid,/home/hep/an1522/dark_tridents_wspace/outputs/weights/DM-CNN_model_20260116-10_22_PM_epoch_4_batch_id_1961_labels_2_title_0.001_AG_GN_LM_TRAINING_step_9821.pwf,/data/run3_nu_overlay_larcv_cropped.root,,1274,536,0,,8,E_disagree,0.9579796195030212,0.04301729425787926,0.0,0.002044677734375,0.01,0.14650896604349484,0.14650896604349484,True,0.13847818247385504,0.7164179104477612,0.14650896604349484,15,0.009328358208955223,0.009328358208955223,1.0,0.13847818247385504,0.946302056312561,0.9481144547462463,0.539179104477612,0.9068692483007907,0.0722074480727315,0.1,0.1,/vols/sbn/uboone/an1522/cam_methods/occlusion/E_disagree/run3_samples/mpid/occlusion__ENTRY_1274__nu_overlay_meta_8.txt
occlusion,mpid,/home/hep/an1522/dark_tridents_wspace/outputs/weights/DM-CNN_model_20260116-10_22_PM_epoch_4_batch_id_1961_labels_2_title_0.001_AG_GN_LM_TRAINING_step_9821.pwf,/data/run3_nu_overlay_larcv_cropped.root,,1486,3557,0,,16,E_disagree,0.9796352982521057,0.020723551511764526,0.0,0.013568878173828125,0.01,1.0,1.0,True,0.7368569018836097,0.7368569018836097,1.0,155,0.010120888389091932,0.010120888389091932,1.0,0.7368569018836097,0.7105499505996704,0.8284403681755066,0.6696654484115828,0.9334065176546573,0.08578151911497117,0.1,0.1,/vols/sbn/uboone/an1522/cam_methods/occlusion/E_disagree/run3_samples/mpid/occlusion__ENTRY_1486__nu_overlay_meta_16.txt
occlusion,mpid,/home/hep/an1522/dark_tridents_wspace/outputs/weights/DM-CNN_model_20260116-10_22_PM_epoch_4_batch_id_1961_labels_2_title_0.001_AG_GN_LM_TRAINING_step_9821.pwf,/data/run3_nu_overlay_larcv_cropped.root,,1486,3557,0,,2,E_disagree,0.9796352982521057,0.020723551511764526,0.0,0.013568878173828125,0.01,1.0,1.0,True,0.7368569018836097,0.7368569018836097,1.0,164,0.010120888389091932,0.010120888389091932,1.0,0.7368569018836097,0.012489795684814453,0.04623234272003174,0.6592634242339049,0.9330936647951602,0.08709976058453323,0.1,0.1,/vols/sbn/uboone/an1522/cam_methods/occlusion/E_disagree/run3_samples/mpid/occlusion__ENTRY_1486__nu_overlay_meta_2.txt
occlusion,mpid,/home/hep/an1522/dark_tridents_wspace/outputs/weights/DM-CNN_model_20260116-10_22_PM_epoch_4_batch_id_1961_labels_2_title_0.001_AG_GN_LM_TRAINING_step_9821.pwf,/data/run3_nu_overlay_larcv_cropped.root,,1486,3557,0,,4,E_disagree,0.9796329736709595,0.02072596177458763,0.0,0.013568878173828125,0.01,1.0,1.0,True,0.7368569018836097,0.7368569018836097,1.0,168,0.010120888389091932,0.010120888389091932,1.0,0.7368569018836097,0.03371671199798585,0.21372485160827637,0.6491425358448131,0.9330859737470747,0.10914957020431758,0.1,0.1,/vols/sbn/uboone/an1522/cam_methods/occlusion/E_disagree/run3_samples/mpid/occlusion__ENTRY_1486__nu_overlay_meta_4.txt
occlusion,mpid,/home/hep/an1522/dark_tridents_wspace/outputs/weights/DM-CNN_model_20260116-10_22_PM_epoch_4_batch_id_1961_labels_2_title_0.001_AG_GN_LM_TRAINING_step_9821.pwf,/data/run3_nu_overlay_larcv_cropped.root,,1486,3557,0,,8,E_disagree,0.9796329736709595,0.02072596177458763,0.0,0.013568878173828125,0.01,1.0,1.0,True,0.7368569018836097,0.7368569018836097,1.0,154,0.010120888389091932,0.010120888389091932,1.0,0.7368569018836097,0.2366797924041748,0.7756819725036621,0.6482991284790554,0.9330982046201826,0.0878193298354745,0.1,0.1,/vols/sbn/uboone/an1522/cam_methods/occlusion/E_disagree/run3_samples/mpid/occlusion__ENTRY_1486__nu_overlay_meta_8.txt
occlusion,mpid,/home/hep/an1522/dark_tridents_wspace/outputs/weights/DM-CNN_model_20260116-10_22_PM_epoch_4_batch_id_1961_labels_2_title_0.001_AG_GN_LM_TRAINING_step_9821.pwf,/data/run3_offbeam_larcv_cropped.root,,2460,264,0,,16,E_disagree,0.992350161075592,0.007829844951629639,0.0,0.001007080078125,0.01,0.10072491415490271,0.10072491415490271,True,0.10072491415490271,1.0,0.10072491415490271,20,0.011363636363636364,0.011363636363636364,1.0,0.10072491415490271,0.9481354677677155,0.9569465517997742,0.8901515151515151,0.9451737212017177,0.09599780347198247,0.1,0.1,/vols/sbn/uboone/an1522/cam_methods/occlusion/E_disagree/run3_samples/mpid/occlusion__ENTRY_2460__offbeam_meta_16.txt
occlusion,mpid,/home/hep/an1522/dark_tridents_wspace/outputs/weights/DM-CNN_model_20260116-10_22_PM_epoch_4_batch_id_1961_labels_2_title_0.001_AG_GN_LM_TRAINING_step_9821.pwf,/data/run3_offbeam_larcv_cropped.root,,2460,264,0,,2,E_disagree,0.992350161075592,0.007829844951629639,0.0,0.001007080078125,0.01,0.10072491415490271,0.10072491415490271,True,0.10072491415490271,1.0,0.10072491415490271,20,0.011363636363636364,0.011363636363636364,1.0,0.10072491415490271,0.11351317465305329,0.1382603645324707,0.5795454545454546,0.9451737212017177,0.09599780347198247,0.1,0.1,/vols/sbn/uboone/an1522/cam_methods/occlusion/E_disagree/run3_samples/mpid/occlusion__ENTRY_2460__offbeam_meta_2.txt
occlusion,mpid,/home/hep/an1522/dark_tridents_wspace/outputs/weights/DM-CNN_model_20260116-10_22_PM_epoch_4_batch_id_1961_labels_2_title_0.001_AG_GN_LM_TRAINING_step_9821.pwf,/data/run3_offbeam_larcv_cropped.root,,2460,264,0,,4,E_disagree,0.9923529028892517,0.007827152498066425,0.0,0.001007080078125,0.01,0.10072491415490271,0.10072491415490271,True,0.10072491415490271,1.0,0.10072491415490271,20,0.011363636363636364,0.011363636363636364,1.0,0.10072491415490271,0.19564694166183472,0.25490856170654297,0.6704545454545454,0.9451754607260228,0.09598150178790094,0.1,0.1,/vols/sbn/uboone/an1522/cam_methods/occlusion/E_disagree/run3_samples/mpid/occlusion__ENTRY_2460__offbeam_meta_4.txt
occlusion,mpid,/home/hep/an1522/dark_tridents_wspace/outputs/weights/DM-CNN_model_20260116-10_22_PM_epoch_4_batch_id_1961_labels_2_title_0.001_AG_GN_LM_TRAINING_step_9821.pwf,/data/run3_offbeam_larcv_cropped.root,,2460,264,0,,8,E_disagree,0.9923529028892517,0.007827152498066425,0.0,0.001007080078125,0.01,0.10072491415490271,0.10072491415490271,True,0.10072491415490271,1.0,0.10072491415490271,20,0.011363636363636364,0.011363636363636364,1.0,0.10072491415490271,0.5145461559295654,0.7276431322097778,0.8409090909090909,0.9451754607260228,0.09598150178790094,0.1,0.1,/vols/sbn/uboone/an1522/cam_methods/occlusion/E_disagree/run3_samples/mpid/occlusion__ENTRY_2460__offbeam_meta_8.txt
occlusion,mpid,/home/hep/an1522/dark_tridents_wspace/outputs/weights/DM-CNN_model_20260116-10_22_PM_epoch_4_batch_id_1961_labels_2_title_0.001_AG_GN_LM_TRAINING_step_9821.pwf,/data/run3_offbeam_larcv_cropped.root,,2951,1324,0,,16,E_disagree,0.9896680116653442,0.01063504721969366,0.0,0.0050506591796875,0.01,0.44753910721098816,0.44753910721098816,True,0.4231601731601732,0.8859516616314199,0.44753910721098816,27,0.009818731117824773,0.009818731117824773,1.0,0.4231601731601732,0.8761357665061951,0.9584112167358398,0.48489425981873113,0.9416912086308002,0.36208873307332395,0.1,0.1,/vols/sbn/uboone/an1522/cam_methods/occlusion/E_disagree/run3_samples/mpid/occlusion__ENTRY_2951__offbeam_meta_16.txt
occlusion,mpid,/home/hep/an1522/dark_tridents_wspace/outputs/weights/DM-CNN_model_20260116-10_22_PM_epoch_4_batch_id_1961_labels_2_title_0.001_AG_GN_LM_TRAINING_step_9821.pwf,/data/run3_offbeam_larcv_cropped.root,,2951,1324,0,,2,E_disagree,0.9896650910377502,0.010637992061674595,0.0,0.0050506591796875,0.01,0.4998092331171309,0.4998092331171309,True,0.4971537001897533,0.9894259818731118,0.4998092331171309,28,0.009818731117824773,0.009818731117824773,1.0,0.4971537001897533,0.025841199755668617,0.10399371385574341,0.44410876132930516,0.9427193211391569,0.10115934517234564,0.1,0.1,/vols/sbn/uboone/an1522/cam_methods/occlusion/E_disagree/run3_samples/mpid/occlusion__ENTRY_2951__offbeam_meta_2.txt
occlusion,mpid,/home/hep/an1522/dark_tridents_wspace/outputs/weights/DM-CNN_model_20260116-10_22_PM_epoch_4_batch_id_1961_labels_2_title_0.001_AG_GN_LM_TRAINING_step_9821.pwf,/data/run3_offbeam_larcv_cropped.root,,2951,1324,0,,4,E_disagree,0.9896650910377502,0.010637992061674595,0.0,0.0050506591796875,0.01,0.4933231590995803,0.4933231590995803,True,0.48755656108597284,0.9765861027190332,0.4933231590995803,30,0.009818731117824773,0.009818731117824773,1.0,0.48755656108597284,0.08627081096172319,0.2131291627883911,0.4486404833836858,0.9426065133884549,0.1546574426814914,0.1,0.1,/vols/sbn/uboone/an1522/cam_methods/occlusion/E_disagree/run3_samples/mpid/occlusion__ENTRY_2951__offbeam_meta_4.txt
occlusion,mpid,/home/hep/an1522/dark_tridents_wspace/outputs/weights/DM-CNN_model_20260116-10_22_PM_epoch_4_batch_id_1961_labels_2_title_0.001_AG_GN_LM_TRAINING_step_9821.pwf,/data/run3_offbeam_larcv_cropped.root,,2951,1324,0,,8,E_disagree,0.9896680116653442,0.01063504721969366,0.0,0.0050506591796875,0.01,0.48225867989317056,0.48225867989317056,True,0.47146587094367776,0.9546827794561934,0.48225867989317056,34,0.009818731117824773,0.009818731117824773,1.0,0.47146587094367776,0.24683199763298003,0.3934457302093506,0.45996978851963743,0.9423446424305438,0.1610793646425009,0.1,0.1,/vols/sbn/uboone/an1522/cam_methods/occlusion/E_disagree/run3_samples/mpid/occlusion__ENTRY_2951__offbeam_meta_8.txt
occlusion,mpid,/home/hep/an1522/dark_tridents_wspace/outputs/weights/DM-CNN_model_20260116-10_22_PM_epoch_4_batch_id_1961_labels_2_title_0.001_AG_GN_LM_TRAINING_step_9821.pwf,/data/run3_nu_overlay_larcv_cropped.root,,496,340,0,,16,E_disagree,0.9922595620155334,0.008134151808917522,0.0,0.0012969970703125,0.01,0.12972148035101105,0.12972148035101105,True,0.12972148035101105,1.0,0.12972148035101105,16,0.008823529411764706,0.008823529411764706,1.0,0.12972148035101105,0.2108209729194641,0.2108209729194641,0.8470588235294118,0.9450876520946621,0.09599327351897954,0.1,0.1,/vols/sbn/uboone/an1522/cam_methods/occlusion/E_disagree/run3_samples/mpid/occlusion__ENTRY_496__nu_overlay_meta_16.txt
occlusion,mpid,/home/hep/an1522/dark_tridents_wspace/outputs/weights/DM-CNN_model_20260116-10_22_PM_epoch_4_batch_id_1961_labels_2_title_0.001_AG_GN_LM_TRAINING_step_9821.pwf,/data/run3_nu_overlay_larcv_cropped.root,,496,340,0,,2,E_disagree,0.9922595620155334,0.008134151808917522,0.0,0.0012969970703125,0.01,0.12972148035101105,0.12972148035101105,True,0.12972148035101105,1.0,0.12972148035101105,16,0.008823529411764706,0.008823529411764706,1.0,0.12972148035101105,0.051929110884666466,0.10749942064285278,0.5117647058823529,0.9450876520946621,0.09599327351897954,0.1,0.1,/vols/sbn/uboone/an1522/cam_methods/occlusion/E_disagree/run3_samples/mpid/occlusion__ENTRY_496__nu_overlay_meta_2.txt
occlusion,mpid,/home/hep/an1522/dark_tridents_wspace/outputs/weights/DM-CNN_model_20260116-10_22_PM_epoch_4_batch_id_1961_labels_2_title_0.001_AG_GN_LM_TRAINING_step_9821.pwf,/data/run3_nu_overlay_larcv_cropped.root,,496,340,0,,4,E_disagree,0.9922555685043335,0.008138357661664486,0.0,0.0012969970703125,0.01,0.12972148035101105,0.12972148035101105,True,0.12972148035101105,1.0,0.12972148035101105,16,0.008823529411764706,0.008823529411764706,1.0,0.12972148035101105,0.10009971499443082,0.1766842007637024,0.5264705882352941,0.9450829930603504,0.09597663506865502,0.1,0.1,/vols/sbn/uboone/an1522/cam_methods/occlusion/E_disagree/run3_samples/mpid/occlusion__ENTRY_496__nu_overlay_meta_4.txt
occlusion,mpid,/home/hep/an1522/dark_tridents_wspace/outputs/weights/DM-CNN_model_20260116-10_22_PM_epoch_4_batch_id_1961_labels_2_title_0.001_AG_GN_LM_TRAINING_step_9821.pwf,/data/run3_nu_overlay_larcv_cropped.root,,496,340,0,,8,E_disagree,0.9922555685043335,0.008138357661664486,0.0,0.0012969970703125,0.01,0.12972148035101105,0.12972148035101105,True,0.12972148035101105,1.0,0.12972148035101105,16,0.008823529411764706,0.008823529411764706,1.0,0.12972148035101105,0.11046416759491003,0.17083990573883057,0.638235294117647,0.9450829930603504,0.09597663506865502,0.1,0.1,/vols/sbn/uboone/an1522/cam_methods/occlusion/E_disagree/run3_samples/mpid/occlusion__ENTRY_496__nu_overlay_meta_8.txt
occlusion,mpid,/home/hep/an1522/dark_tridents_wspace/outputs/weights/DM-CNN_model_20260116-10_22_PM_epoch_4_batch_id_1961_labels_2_title_0.001_AG_GN_LM_TRAINING_step_9821.pwf,/data/run3_offbeam_larcv_cropped.root,,7240,3272,0,,16,E_disagree,0.9664484262466431,0.03451317548751831,0.0,0.012481689453125,0.01,1.0,1.0,True,0.801039119804401,0.801039119804401,1.0,60,0.010085574572127139,0.010085574572127139,1.0,0.801039119804401,0.629448413848877,0.8059952259063721,0.46057457212713937,0.9172422595322133,0.06310995530802756,0.1,0.1,/vols/sbn/uboone/an1522/cam_methods/occlusion/E_disagree/run3_samples/mpid/occlusion__ENTRY_7240__offbeam_meta_16.txt
occlusion,mpid,/home/hep/an1522/dark_tridents_wspace/outputs/weights/DM-CNN_model_20260116-10_22_PM_epoch_4_batch_id_1961_labels_2_title_0.001_AG_GN_LM_TRAINING_step_9821.pwf,/data/run3_offbeam_larcv_cropped.root,,7240,3272,0,,2,E_disagree,0.9664484262466431,0.03451317548751831,0.0,0.012481689453125,0.01,1.0,1.0,True,0.801039119804401,0.801039119804401,1.0,100,0.010085574572127139,0.010085574572127139,1.0,0.801039119804401,0.03992201983928678,0.12491810321807861,0.4388753056234719,0.9195297308266163,0.05724580257665366,0.1,0.1,/vols/sbn/uboone/an1522/cam_methods/occlusion/E_disagree/run3_samples/mpid/occlusion__ENTRY_7240__offbeam_meta_2.txt
occlusion,mpid,/home/hep/an1522/dark_tridents_wspace/outputs/weights/DM-CNN_model_20260116-10_22_PM_epoch_4_batch_id_1961_labels_2_title_0.001_AG_GN_LM_TRAINING_step_9821.pwf,/data/run3_offbeam_larcv_cropped.root,,7240,3272,0,,4,E_disagree,0.966462254524231,0.03449910134077072,0.0,0.012481689453125,0.01,1.0,1.0,True,0.801039119804401,0.801039119804401,1.0,100,0.010085574572127139,0.010085574572127139,1.0,0.801039119804401,0.05454958200454709,0.5273950099945068,0.4358190709046455,0.9174350397661328,0.08346669204765932,0.1,0.1,/vols/sbn/uboone/an1522/cam_methods/occlusion/E_disagree/run3_samples/mpid/occlusion__ENTRY_7240__offbeam_meta_4.txt
occlusion,mpid,/home/hep/an1522/dark_tridents_wspace/outputs/weights/DM-CNN_model_20260116-10_22_PM_epoch_4_batch_id_1961_labels_2_title_0.001_AG_GN_LM_TRAINING_step_9821.pwf,/data/run3_offbeam_larcv_cropped.root,,7240,3272,0,,8,E_disagree,0.966462254524231,0.03449910134077072,0.0,0.012481689453125,0.01,1.0,1.0,True,0.801039119804401,0.801039119804401,1.0,96,0.010085574572127139,0.010085574572127139,1.0,0.801039119804401,0.1115866076946258,0.7632990479469299,0.45354523227383864,0.9166225092485547,0.06257155793136918,0.1,0.1,/vols/sbn/uboone/an1522/cam_methods/occlusion/E_disagree/run3_samples/mpid/occlusion__ENTRY_7240__offbeam_meta_8.txt
occlusion,mpid,/home/hep/an1522/dark_tridents_wspace/outputs/weights/DM-CNN_model_20260116-10_22_PM_epoch_4_batch_id_1961_labels_2_title_0.001_AG_GN_LM_TRAINING_step_9821.pwf,/data/run3_nu_overlay_larcv_cropped.root,,8282,1312,0,,16,E_disagree,0.964072048664093,0.03712853044271469,0.0,0.0050048828125,0.01,0.43037008775276614,0.43037008775276614,True,0.4021390374331551,0.8597560975609756,0.43037008775276614,12,0.009908536585365854,0.009908536585365854,1.0,0.4021390374331551,0.9474809765815735,0.9498764276504517,0.7644817073170732,0.9236907996237278,0.19637427250854672,0.1,0.1,/vols/sbn/uboone/an1522/cam_methods/occlusion/E_disagree/run3_samples/mpid/occlusion__ENTRY_8282__nu_overlay_meta_16.txt
occlusion,mpid,/home/hep/an1522/dark_tridents_wspace/outputs/weights/DM-CNN_model_20260116-10_22_PM_epoch_4_batch_id_1961_labels_2_title_0.001_AG_GN_LM_TRAINING_step_9821.pwf,/data/run3_nu_overlay_larcv_cropped.root,,8282,1312,0,,2,E_disagree,0.964072048664093,0.03712853044271469,0.0,0.0050048828125,0.01,0.4937046928653186,0.4937046928653186,True,0.4903372489579386,0.9862804878048781,0.4937046928653186,15,0.009908536585365854,0.009908536585365854,1.0,0.4903372489579386,0.05809657990932469,0.13363200426101685,0.7439024390243902,0.9185284771025182,0.06067762064922135,0.1,0.1,/vols/sbn/uboone/an1522/cam_methods/occlusion/E_disagree/run3_samples/mpid/occlusion__ENTRY_8282__nu_overlay_meta_2.txt
occlusion,mpid,/home/hep/an1522/dark_tridents_wspace/outputs/weights/DM-CNN_model_20260116-10_22_PM_epoch_4_batch_id_1961_labels_2_title_0.001_AG_GN_LM_TRAINING_step_9821.pwf,/data/run3_nu_overlay_larcv_cropped.root,,8282,1312,0,,4,E_disagree,0.964072048664093,0.03712853044271469,0.0,0.0050048828125,0.01,0.48225867989317056,0.48340328119038534,True,0.47358561258898463,0.9634146341463414,0.48225867989317056,15,0.009908536585365854,0.009908536585365854,1.0,0.4752438109527382,0.14343422651290913,0.221055269241333,0.7797256097560976,0.9196978248655796,0.07354883286170662,0.1,0.1,/vols/sbn/uboone/an1522/cam_methods/occlusion/E_disagree/run3_samples/mpid/occlusion__ENTRY_8282__nu_overlay_meta_4.txt
occlusion,mpid,/home/hep/an1522/dark_tridents_wspace/outputs/weights/DM-CNN_model_20260116-10_22_PM_epoch_4_batch_id_1961_labels_2_title_0.001_AG_GN_LM_TRAINING_step_9821.pwf,/data/run3_nu_overlay_larcv_cropped.root,,8282,1312,0,,8,E_disagree,0.9640738368034363,0.03712670877575874,0.0,0.0050048828125,0.01,0.46012972148035103,0.46012972148035103,True,0.44224422442244227,0.9192073170731707,0.46012972148035103,14,0.009908536585365854,0.009908536585365854,1.0,0.44224422442244227,0.7657542681694098,0.9099615812301636,0.7789634146341463,0.9180101143196226,0.0762122005224228,0.1,0.1,/vols/sbn/uboone/an1522/cam_methods/occlusion/E_disagree/run3_samples/mpid/occlusion__ENTRY_8282__nu_overlay_meta_8.txt
occlusion,resnet34_gn,/home/hep/an1522/dark_tridents_wspace/outputs/weights/resnet34_gn/resnet34_gn_model_20260123-12_20_AM_epoch_4_batch_id_1961_labels_2_step_9821.pwf,/data/run3_nu_overlay_larcv_cropped.root,,11125,2050,0,,16,E_disagree,0.016943497583270073,0.9827706813812256,0.0,0.00782012939453125,0.01,0.7184280808851583,0.7184280808851583,True,0.6753945480631277,0.9185365853658537,0.7184280808851583,17,0.00975609756097561,0.00975609756097561,1.0,0.6753945480631277,0.038274966180324554,0.07951787859201431,0.6551219512195122,0.025067699141800404,0.024088760511949657,0.0,0.0,/vols/sbn/uboone/an1522/cam_methods/occlusion/E_disagree/run3_samples/resnet34_gn/occlusion__ENTRY_11125__nu_overlay_meta_16.txt
occlusion,resnet34_gn,/home/hep/an1522/dark_tridents_wspace/outputs/weights/resnet34_gn/resnet34_gn_model_20260123-12_20_AM_epoch_4_batch_id_1961_labels_2_step_9821.pwf,/data/run3_nu_overlay_larcv_cropped.root,,11125,2050,0,,2,E_disagree,0.016940591856837273,0.9827736616134644,0.0,0.00782012939453125,0.01,0.7733689431514689,0.7733689431514689,True,0.766641452344932,0.988780487804878,0.7733689431514689,19,0.00975609756097561,0.00975609756097561,1.0,0.766641452344932,0.0114372284617275,0.037998296320438385,0.5521951219512196,0.025280454382300376,0.041567808901891115,0.0,0.0,/vols/sbn/uboone/an1522/cam_methods/occlusion/E_disagree/run3_samples/resnet34_gn/occlusion__ENTRY_11125__nu_overlay_meta_2.txt
occlusion,resnet34_gn,/home/hep/an1522/dark_tridents_wspace/outputs/weights/resnet34_gn/resnet34_gn_model_20260123-12_20_AM_epoch_4_batch_id_1961_labels_2_step_9821.pwf,/data/run3_nu_overlay_larcv_cropped.root,,11125,2050,0,,4,E_disagree,0.016940591856837273,0.9827736616134644,0.0,0.00782012939453125,0.01,0.7657382678367035,0.7657382678367035,True,0.7533783783783784,0.9790243902439024,0.7657382678367035,21,0.00975609756097561,0.00975609756097561,1.0,0.7533783783783784,0.011704229051247239,0.012389181181788445,0.6492682926829269,0.025187162030488253,0.20913800173439087,0.0,0.0,/vols/sbn/uboone/an1522/cam_methods/occlusion/E_disagree/run3_samples/resnet34_gn/occlusion__ENTRY_11125__nu_overlay_meta_4.txt
occlusion,resnet34_gn,/home/hep/an1522/dark_tridents_wspace/outputs/weights/resnet34_gn/resnet34_gn_model_20260123-12_20_AM_epoch_4_batch_id_1961_labels_2_step_9821.pwf,/data/run3_nu_overlay_larcv_cropped.root,,11125,2050,0,,8,E_disagree,0.016940591856837273,0.9827736616134644,0.0,0.00782012939453125,0.01,0.7500953834414346,0.7500953834414346,True,0.7268022181146025,0.9590243902439024,0.7500953834414346,17,0.00975609756097561,0.00975609756097561,1.0,0.7268022181146025,0.0192995781451463,0.03221976011991501,0.6721951219512196,0.02498505050316453,0.028429257962852714,0.0,0.0,/vols/sbn/uboone/an1522/cam_methods/occlusion/E_disagree/run3_samples/resnet34_gn/occlusion__ENTRY_11125__nu_overlay_meta_8.txt
occlusion,resnet34_gn,/home/hep/an1522/dark_tridents_wspace/outputs/weights/resnet34_gn/resnet34_gn_model_20260123-12_20_AM_epoch_4_batch_id_1961_labels_2_step_9821.pwf,/data/run3_offbeam_larcv_cropped.root,,11976,3212,0,,16,E_disagree,0.029269281774759293,0.9703293442726135,0.0,0.0122528076171875,0.01,1.0,1.0,True,0.816002490660025,0.816002490660025,1.0,115,0.009962640099626401,0.009962640099626401,1.0,0.816002490660025,0.11900420486927032,0.14795538783073425,0.5037359900373599,0.03765202593058348,0.08431896585971116,0.0,0.0,/vols/sbn/uboone/an1522/cam_methods/occlusion/E_disagree/run3_samples/resnet34_gn/occlusion__ENTRY_11976__offbeam_meta_16.txt
occlusion,resnet34_gn,/home/hep/an1522/dark_tridents_wspace/outputs/weights/resnet34_gn/resnet34_gn_model_20260123-12_20_AM_epoch_4_batch_id_1961_labels_2_step_9821.pwf,/data/run3_offbeam_larcv_cropped.root,,11976,3212,0,,2,E_disagree,0.029269281774759293,0.9703293442726135,0.0,0.0122528076171875,0.01,1.0,1.0,True,0.816002490660025,0.816002490660025,1.0,132,0.009962640099626401,0.009962640099626401,1.0,0.816002490660025,0.013282649852335402,0.03646070137619972,0.5784557907845579,0.037153432518243795,0.11064116810448468,0.0,0.0,/vols/sbn/uboone/an1522/cam_methods/occlusion/E_disagree/run3_samples/resnet34_gn/occlusion__ENTRY_11976__offbeam_meta_2.txt
occlusion,resnet34_gn,/home/hep/an1522/dark_tridents_wspace/outputs/weights/resnet34_gn/resnet34_gn_model_20260123-12_20_AM_epoch_4_batch_id_1961_labels_2_step_9821.pwf,/data/run3_offbeam_larcv_cropped.root,,11976,3212,0,,4,E_disagree,0.029269281774759293,0.9703293442726135,0.0,0.0122528076171875,0.01,1.0,1.0,True,0.816002490660025,0.816002490660025,1.0,141,0.009962640099626401,0.009962640099626401,1.0,0.816002490660025,0.016945988107472654,0.04422998055815697,0.539227895392279,0.03761775083839894,0.11038748156279324,0.0,0.0,/vols/sbn/uboone/an1522/cam_methods/occlusion/E_disagree/run3_samples/resnet34_gn/occlusion__ENTRY_11976__offbeam_meta_4.txt
occlusion,resnet34_gn,/home/hep/an1522/dark_tridents_wspace/outputs/weights/resnet34_gn/resnet34_gn_model_20260123-12_20_AM_epoch_4_batch_id_1961_labels_2_step_9821.pwf,/data/run3_offbeam_larcv_cropped.root,,11976,3212,0,,8,E_disagree,0.02927207574248314,0.9703264236450195,0.0,0.0122528076171875,0.01,1.0,1.0,True,0.816002490660025,0.816002490660025,1.0,132,0.009962640099626401,0.009962640099626401,1.0,0.816002490660025,0.03848516568541527,0.08299563825130463,0.4925280199252802,0.037913125939667225,0.08575172116979955,0.0,0.0,/vols/sbn/uboone/an1522/cam_methods/occlusion/E_disagree/run3_samples/resnet34_gn/occlusion__ENTRY_11976__offbeam_meta_8.txt
occlusion,resnet34_gn,/home/hep/an1522/dark_tridents_wspace/outputs/weights/resnet34_gn/resnet34_gn_model_20260123-12_20_AM_epoch_4_batch_id_1961_labels_2_step_9821.pwf,/data/run3_offbeam_larcv_cropped.root,,12720,1022,0,,16,E_disagree,0.006212614011019468,0.9937048554420471,0.0,0.00389862060546875,0.01,0.3739030904235025,0.3739030904235025,True,0.3680060082613594,0.958904109589041,0.3739030904235025,12,0.009784735812133072,0.009784735812133072,1.0,0.3680060082613594,0.004144794773310423,0.0087199117988348,0.3747553816046967,0.01528163265902549,0.0148052861681208,0.0,0.0,/vols/sbn/uboone/an1522/cam_methods/occlusion/E_disagree/run3_samples/resnet34_gn/occlusion__ENTRY_12720__offbeam_meta_16.txt
occlusion,resnet34_gn,/home/hep/an1522/dark_tridents_wspace/outputs/weights/resnet34_gn/resnet34_gn_model_20260123-12_20_AM_epoch_4_batch_id_1961_labels_2_step_9821.pwf,/data/run3_offbeam_larcv_cropped.root,,12720,1022,0,,2,E_disagree,0.006212454289197922,0.9937050938606262,0.0,0.00389862060546875,0.01,0.3884013735215567,0.3884013735215567,True,0.3878095238095238,0.9960861056751468,0.3884013735215567,13,0.009784735812133072,0.009784735812133072,1.0,0.3878095238095238,0.0010525560472160545,0.002321234904229641,0.1232876712328767,0.015525733074173332,0.014673725608736275,0.0,0.0,/vols/sbn/uboone/an1522/cam_methods/occlusion/E_disagree/run3_samples/resnet34_gn/occlusion__ENTRY_12720__offbeam_meta_2.txt
occlusion,resnet34_gn,/home/hep/an1522/dark_tridents_wspace/outputs/weights/resnet34_gn/resnet34_gn_model_20260123-12_20_AM_epoch_4_batch_id_1961_labels_2_step_9821.pwf,/data/run3_offbeam_larcv_cropped.root,,12720,1022,0,,4,E_disagree,0.006212454289197922,0.9937050938606262,0.0,0.00389862060546875,0.01,0.3868752384586036,0.3868752384586036,True,0.38569798402434385,0.9921722113502935,0.3868752384586036,13,0.009784735812133072,0.009784735812133072,1.0,0.38569798402434385,0.0016089177317917345,0.0025146324187517166,0.15362035225048923,0.015545483771711588,0.014766898844391106,0.0,0.0,/vols/sbn/uboone/an1522/cam_methods/occlusion/E_disagree/run3_samples/resnet34_gn/occlusion__ENTRY_12720__offbeam_meta_4.txt
occlusion,resnet34_gn,/home/hep/an1522/dark_tridents_wspace/outputs/weights/resnet34_gn/resnet34_gn_model_20260123-12_20_AM_epoch_4_batch_id_1961_labels_2_step_9821.pwf,/data/run3_offbeam_larcv_cropped.root,,12720,1022,0,,8,E_disagree,0.006212454289197922,0.9937050938606262,0.0,0.00389862060546875,0.01,0.38344143456695917,0.38344143456695917,True,0.3809704321455648,0.9833659491193738,0.38344143456695917,13,0.009784735812133072,0.009784735812133072,1.0,0.3809704321455648,0.0020028764475136973,0.003922639414668083,0.25244618395303325,0.015599969495087863,0.014845084398984906,0.0,0.0,/vols/sbn/uboone/an1522/cam_methods/occlusion/E_disagree/run3_samples/resnet34_gn/occlusion__ENTRY_12720__offbeam_meta_8.txt
occlusion,resnet34_gn,/home/hep/an1522/dark_tridents_wspace/outputs/weights/resnet34_gn/resnet34_gn_model_20260123-12_20_AM_epoch_4_batch_id_1961_labels_2_step_9821.pwf,/data/run3_nu_overlay_larcv_cropped.root,,1274,536,0,,16,E_disagree,0.0037814928218722343,0.996178388595581,0.0,0.002044677734375,0.01,0.0663868752384586,0.0663868752384586,True,0.05833053972510895,0.3246268656716418,0.0663868752384586,16,0.009328358208955223,0.009328358208955223,1.0,0.05833053972510895,0.0011919327080249786,0.001382764894515276,0.16417910447761194,0.014978105900809169,0.07122323377989231,0.0,0.0,/vols/sbn/uboone/an1522/cam_methods/occlusion/E_disagree/run3_samples/resnet34_gn/occlusion__ENTRY_1274__nu_overlay_meta_16.txt
occlusion,resnet34_gn,/home/hep/an1522/dark_tridents_wspace/outputs/weights/resnet34_gn/resnet34_gn_model_20260123-12_20_AM_epoch_4_batch_id_1961_labels_2_step_9821.pwf,/data/run3_nu_overlay_larcv_cropped.root,,1274,536,0,,2,E_disagree,0.0037813095841556787,0.9961785078048706,0.0,0.002044677734375,0.01,0.20259442960702023,0.20259442960702023,True,0.2022086824067022,0.9906716417910447,0.20259442960702023,14,0.009328358208955223,0.009328358208955223,1.0,0.2022086824067022,0.0006636269856244315,0.000812196172773838,0.8936567164179104,0.01319369188277051,0.07059988678665831,0.0,0.0,/vols/sbn/uboone/an1522/cam_methods/occlusion/E_disagree/run3_samples/resnet34_gn/occlusion__ENTRY_1274__nu_overlay_meta_2.txt
occlusion,resnet34_gn,/home/hep/an1522/dark_tridents_wspace/outputs/weights/resnet34_gn/resnet34_gn_model_20260123-12_20_AM_epoch_4_batch_id_1961_labels_2_step_9821.pwf,/data/run3_nu_overlay_larcv_cropped.root,,1274,536,0,,4,E_disagree,0.0037813095841556787,0.9961785078048706,0.0,0.002044677734375,0.01,0.18580694391453645,0.18580694391453645,True,0.18239700374531836,0.9085820895522388,0.18580694391453645,15,0.009328358208955223,0.009328358208955223,1.0,0.18239700374531836,0.0010246648686006664,0.0010988216381520033,0.8451492537313433,0.013104301819112152,0.0799472703714855,0.0,0.0,/vols/sbn/uboone/an1522/cam_methods/occlusion/E_disagree/run3_samples/resnet34_gn/occlusion__ENTRY_1274__nu_overlay_meta_4.txt
occlusion,resnet34_gn,/home/hep/an1522/dark_tridents_wspace/outputs/weights/resnet34_gn/resnet34_gn_model_20260123-12_20_AM_epoch_4_batch_id_1961_labels_2_step_9821.pwf,/data/run3_nu_overlay_larcv_cropped.root,,1274,536,0,,8,E_disagree,0.0037814928218722343,0.996178388595581,0.0,0.002044677734375,0.01,0.14650896604349484,0.14650896604349484,True,0.13847818247385504,0.7164179104477612,0.14650896604349484,15,0.009328358208955223,0.009328358208955223,1.0,0.13847818247385504,0.0013433212880045176,0.0013978274073451757,0.6735074626865671,0.01287438035942614,0.07046914412640035,0.0,0.0,/vols/sbn/uboone/an1522/cam_methods/occlusion/E_disagree/run3_samples/resnet34_gn/occlusion__ENTRY_1274__nu_overlay_meta_8.txt
occlusion,resnet34_gn,/home/hep/an1522/dark_tridents_wspace/outputs/weights/resnet34_gn/resnet34_gn_model_20260123-12_20_AM_epoch_4_batch_id_1961_labels_2_step_9821.pwf,/data/run3_nu_overlay_larcv_cropped.root,,1486,3557,0,,16,E_disagree,0.007411224767565727,0.99250328540802,0.0,0.013568878173828125,0.01,1.0,1.0,True,0.7368569018836097,0.7368569018836097,1.0,85,0.010120888389091932,0.010120888389091932,1.0,0.7368569018836097,0.0031694802455604076,0.020060503855347633,0.41495642395276916,0.016627071239054204,0.12731417287141084,0.0,0.0,/vols/sbn/uboone/an1522/cam_methods/occlusion/E_disagree/run3_samples/resnet34_gn/occlusion__ENTRY_1486__nu_overlay_meta_16.txt
occlusion,resnet34_gn,/home/hep/an1522/dark_tridents_wspace/outputs/weights/resnet34_gn/resnet34_gn_model_20260123-12_20_AM_epoch_4_batch_id_1961_labels_2_step_9821.pwf,/data/run3_nu_overlay_larcv_cropped.root,,1486,3557,0,,2,E_disagree,0.007411224767565727,0.99250328540802,0.0,0.013568878173828125,0.01,1.0,1.0,True,0.7368569018836097,0.7368569018836097,1.0,79,0.010120888389091932,0.010120888389091932,1.0,0.7368569018836097,0.0013149223290383819,0.007595147006213665,0.4107393871239809,0.01662610676139593,0.12820825735107064,0.0,0.0,/vols/sbn/uboone/an1522/cam_methods/occlusion/E_disagree/run3_samples/resnet34_gn/occlusion__ENTRY_1486__nu_overlay_meta_2.txt
occlusion,resnet34_gn,/home/hep/an1522/dark_tridents_wspace/outputs/weights/resnet34_gn/resnet34_gn_model_20260123-12_20_AM_epoch_4_batch_id_1961_labels_2_step_9821.pwf,/data/run3_nu_overlay_larcv_cropped.root,,1486,3557,0,,4,E_disagree,0.0074135190807282925,0.9925009608268738,0.0,0.013568878173828125,0.01,1.0,1.0,True,0.7368569018836097,0.7368569018836097,1.0,93,0.010120888389091932,0.010120888389091932,1.0,0.7368569018836097,0.00242782523855567,0.02955658920109272,0.45487770593196514,0.01660716470796615,0.10168651479762048,0.0,0.0,/vols/sbn/uboone/an1522/cam_methods/occlusion/E_disagree/run3_samples/resnet34_gn/occlusion__ENTRY_1486__nu_overlay_meta_4.txt
occlusion,resnet34_gn,/home/hep/an1522/dark_tridents_wspace/outputs/weights/resnet34_gn/resnet34_gn_model_20260123-12_20_AM_epoch_4_batch_id_1961_labels_2_step_9821.pwf,/data/run3_nu_overlay_larcv_cropped.root,,1486,3557,0,,8,E_disagree,0.0074135190807282925,0.9925009608268738,0.0,0.013568878173828125,0.01,1.0,1.0,True,0.7368569018836097,0.7368569018836097,1.0,98,0.010120888389091932,0.010120888389091932,1.0,0.7368569018836097,0.003131608013063669,0.020950857549905777,0.45009839752600506,0.01659371729474515,0.127607278409414,0.0,0.0,/vols/sbn/uboone/an1522/cam_methods/occlusion/E_disagree/run3_samples/resnet34_gn/occlusion__ENTRY_1486__nu_overlay_meta_8.txt
occlusion,resnet34_gn,/home/hep/an1522/dark_tridents_wspace/outputs/weights/resnet34_gn/resnet34_gn_model_20260123-12_20_AM_epoch_4_batch_id_1961_labels_2_step_9821.pwf,/data/run3_offbeam_larcv_cropped.root,,2460,264,0,,16,E_disagree,0.012549227103590965,0.9872983694076538,0.0,0.001007080078125,0.01,0.10072491415490271,0.10072491415490271,True,0.10072491415490271,1.0,0.10072491415490271,20,0.011363636363636364,0.011363636363636364,1.0,0.10072491415490271,0.029275519773364067,0.029275519773364067,0.5227272727272727,0.021540612820535897,0.1833855557255447,0.0,0.0,/vols/sbn/uboone/an1522/cam_methods/occlusion/E_disagree/run3_samples/resnet34_gn/occlusion__ENTRY_2460__offbeam_meta_16.txt
occlusion,resnet34_gn,/home/hep/an1522/dark_tridents_wspace/outputs/weights/resnet34_gn/resnet34_gn_model_20260123-12_20_AM_epoch_4_batch_id_1961_labels_2_step_9821.pwf,/data/run3_offbeam_larcv_cropped.root,,2460,264,0,,2,E_disagree,0.012549227103590965,0.9872983694076538,0.0,0.001007080078125,0.01,0.10072491415490271,0.10072491415490271,True,0.10072491415490271,1.0,0.10072491415490271,20,0.011363636363636364,0.011363636363636364,1.0,0.10072491415490271,0.030228585693985236,0.039390258491039276,0.4318181818181818,0.021540612820535897,0.1833855557255447,0.0,0.0,/vols/sbn/uboone/an1522/cam_methods/occlusion/E_disagree/run3_samples/resnet34_gn/occlusion__ENTRY_2460__offbeam_meta_2.txt
occlusion,resnet34_gn,/home/hep/an1522/dark_tridents_wspace/outputs/weights/resnet34_gn/resnet34_gn_model_20260123-12_20_AM_epoch_4_batch_id_1961_labels_2_step_9821.pwf,/data/run3_offbeam_larcv_cropped.root,,2460,264,0,,4,E_disagree,0.012550161220133305,0.9872974157333374,0.0,0.001007080078125,0.01,0.10072491415490271,0.10072491415490271,True,0.10072491415490271,1.0,0.10072491415490271,20,0.011363636363636364,0.011363636363636364,1.0,0.10072491415490271,0.06641314283013344,0.0787138119339943,0.32954545454545453,0.021541562816128138,0.1833867915440351,0.0,0.0,/vols/sbn/uboone/an1522/cam_methods/occlusion/E_disagree/run3_samples/resnet34_gn/occlusion__ENTRY_2460__offbeam_meta_4.txt
occlusion,resnet34_gn,/home/hep/an1522/dark_tridents_wspace/outputs/weights/resnet34_gn/resnet34_gn_model_20260123-12_20_AM_epoch_4_batch_id_1961_labels_2_step_9821.pwf,/data/run3_offbeam_larcv_cropped.root,,2460,264,0,,8,E_disagree,0.012550161220133305,0.9872974157333374,0.0,0.001007080078125,0.01,0.10072491415490271,0.10072491415490271,True,0.10072491415490271,1.0,0.10072491415490271,20,0.011363636363636364,0.011363636363636364,1.0,0.10072491415490271,0.054007178246975054,0.08258006721735,0.19696969696969696,0.021541562816128138,0.1833867915440351,0.0,0.0,/vols/sbn/uboone/an1522/cam_methods/occlusion/E_disagree/run3_samples/resnet34_gn/occlusion__ENTRY_2460__offbeam_meta_8.txt
occlusion,resnet34_gn,/home/hep/an1522/dark_tridents_wspace/outputs/weights/resnet34_gn/resnet34_gn_model_20260123-12_20_AM_epoch_4_batch_id_1961_labels_2_step_9821.pwf,/data/run3_offbeam_larcv_cropped.root,,2951,1324,0,,16,E_disagree,0.025052510201931,0.9744910597801208,0.0,0.0050506591796875,0.01,0.44753910721098816,0.44753910721098816,True,0.4231601731601732,0.8859516616314199,0.44753910721098816,27,0.009818731117824773,0.009818731117824773,1.0,0.4231601731601732,0.07501176446676253,0.1721988320350647,0.31268882175226587,0.035235876403748985,0.04514422034844756,0.0,0.0,/vols/sbn/uboone/an1522/cam_methods/occlusion/E_disagree/run3_samples/resnet34_gn/occlusion__ENTRY_2951__offbeam_meta_16.txt
occlusion,resnet34_gn,/home/hep/an1522/dark_tridents_wspace/outputs/weights/resnet34_gn/resnet34_gn_model_20260123-12_20_AM_epoch_4_batch_id_1961_labels_2_step_9821.pwf,/data/run3_offbeam_larcv_cropped.root,,2951,1324,0,,2,E_disagree,0.025055544450879097,0.9744880199432373,0.0,0.0050506591796875,0.01,0.4998092331171309,0.4998092331171309,True,0.4971537001897533,0.9894259818731118,0.4998092331171309,28,0.009818731117824773,0.009818731117824773,1.0,0.4971537001897533,0.051352856531739224,0.06669196486473083,0.1782477341389728,0.03375052409246564,0.3124684416688979,0.0,0.0,/vols/sbn/uboone/an1522/cam_methods/occlusion/E_disagree/run3_samples/resnet34_gn/occlusion__ENTRY_2951__offbeam_meta_2.txt
occlusion,resnet34_gn,/home/hep/an1522/dark_tridents_wspace/outputs/weights/resnet34_gn/resnet34_gn_model_20260123-12_20_AM_epoch_4_batch_id_1961_labels_2_step_9821.pwf,/data/run3_offbeam_larcv_cropped.root,,2951,1324,0,,4,E_disagree,0.025055544450879097,0.9744880199432373,0.0,0.0050506591796875,0.01,0.4933231590995803,0.4933231590995803,True,0.48755656108597284,0.9765861027190332,0.4933231590995803,31,0.009818731117824773,0.009818731117824773,1.0,0.48755656108597284,0.05533510446548462,0.07861954718828201,0.18882175226586104,0.034419234376400716,0.23444496029987932,0.0,0.0,/vols/sbn/uboone/an1522/cam_methods/occlusion/E_disagree/run3_samples/resnet34_gn/occlusion__ENTRY_2951__offbeam_meta_4.txt
occlusion,resnet34_gn,/home/hep/an1522/dark_tridents_wspace/outputs/weights/resnet34_gn/resnet34_gn_model_20260123-12_20_AM_epoch_4_batch_id_1961_labels_2_step_9821.pwf,/data/run3_offbeam_larcv_cropped.root,,2951,1324,0,,8,E_disagree,0.025052510201931,0.9744910597801208,0.0,0.0050506591796875,0.01,0.48225867989317056,0.48225867989317056,True,0.47146587094367776,0.9546827794561934,0.48225867989317056,34,0.009818731117824773,0.009818731117824773,1.0,0.47146587094367776,0.06954165279865265,0.07568453997373581,0.30362537764350456,0.0373235460370779,0.06615930302068593,0.0,0.0,/vols/sbn/uboone/an1522/cam_methods/occlusion/E_disagree/run3_samples/resnet34_gn/occlusion__ENTRY_2951__offbeam_meta_8.txt
occlusion,resnet34_gn,/home/hep/an1522/dark_tridents_wspace/outputs/weights/resnet34_gn/resnet34_gn_model_20260123-12_20_AM_epoch_4_batch_id_1961_labels_2_step_9821.pwf,/data/run3_nu_overlay_larcv_cropped.root,,496,340,0,,16,E_disagree,0.009014259092509747,0.9909157156944275,0.0,0.0012969970703125,0.01,0.12972148035101105,0.12972148035101105,True,0.12972148035101105,1.0,0.12972148035101105,16,0.008823529411764706,0.008823529411764706,1.0,0.12972148035101105,0.2939366400241852,0.2939366400241852,0.5676470588235294,0.018182393210008738,0.18320880732499067,0.0,0.0,/vols/sbn/uboone/an1522/cam_methods/occlusion/E_disagree/run3_samples/resnet34_gn/occlusion__ENTRY_496__nu_overlay_meta_16.txt
occlusion,resnet34_gn,/home/hep/an1522/dark_tridents_wspace/outputs/weights/resnet34_gn/resnet34_gn_model_20260123-12_20_AM_epoch_4_batch_id_1961_labels_2_step_9821.pwf,/data/run3_nu_overlay_larcv_cropped.root,,496,340,0,,2,E_disagree,0.009014259092509747,0.9909157156944275,0.0,0.0012969970703125,0.01,0.12972148035101105,0.12972148035101105,True,0.12972148035101105,1.0,0.12972148035101105,16,0.008823529411764706,0.008823529411764706,1.0,0.12972148035101105,0.026804717294871924,0.030112002044916153,0.5764705882352941,0.018182393210008738,0.18320880732499067,0.0,0.0,/vols/sbn/uboone/an1522/cam_methods/occlusion/E_disagree/run3_samples/resnet34_gn/occlusion__ENTRY_496__nu_overlay_meta_2.txt
occlusion,resnet34_gn,/home/hep/an1522/dark_tridents_wspace/outputs/weights/resnet34_gn/resnet34_gn_model_20260123-12_20_AM_epoch_4_batch_id_1961_labels_2_step_9821.pwf,/data/run3_nu_overlay_larcv_cropped.root,,496,340,0,,4,E_disagree,0.009014620445668697,0.9909153580665588,0.0,0.0012969970703125,0.01,0.12972148035101105,0.12972148035101105,True,0.12972148035101105,1.0,0.12972148035101105,16,0.008823529411764706,0.008823529411764706,1.0,0.12972148035101105,0.09659004956483841,0.13563965260982513,0.6705882352941176,0.01818279908038676,0.18321001450531185,0.0,0.0,/vols/sbn/uboone/an1522/cam_methods/occlusion/E_disagree/run3_samples/resnet34_gn/occlusion__ENTRY_496__nu_overlay_meta_4.txt
occlusion,resnet34_gn,/home/hep/an1522/dark_tridents_wspace/outputs/weights/resnet34_gn/resnet34_gn_model_20260123-12_20_AM_epoch_4_batch_id_1961_labels_2_step_9821.pwf,/data/run3_nu_overlay_larcv_cropped.root,,496,340,0,,8,E_disagree,0.009014620445668697,0.9909153580665588,0.0,0.0012969970703125,0.01,0.12972148035101105,0.12972148035101105,True,0.12972148035101105,1.0,0.12972148035101105,16,0.008823529411764706,0.008823529411764706,1.0,0.12972148035101105,0.29370808601379395,0.29370808601379395,0.6647058823529411,0.01818279908038676,0.18321001450531185,0.0,0.0,/vols/sbn/uboone/an1522/cam_methods/occlusion/E_disagree/run3_samples/resnet34_gn/occlusion__ENTRY_496__nu_overlay_meta_8.txt
occlusion,resnet34_gn,/home/hep/an1522/dark_tridents_wspace/outputs/weights/resnet34_gn/resnet34_gn_model_20260123-12_20_AM_epoch_4_batch_id_1961_labels_2_step_9821.pwf,/data/run3_offbeam_larcv_cropped.root,,7240,3272,0,,16,E_disagree,0.005110573954880238,0.9948219060897827,0.0,0.012481689453125,0.01,1.0,1.0,True,0.801039119804401,0.801039119804401,1.0,53,0.010085574572127139,0.010085574572127139,1.0,0.801039119804401,0.003932273015379906,0.003932273015379906,0.46638141809290956,0.014486130839213731,0.03754672463983297,0.0,0.0,/vols/sbn/uboone/an1522/cam_methods/occlusion/E_disagree/run3_samples/resnet34_gn/occlusion__ENTRY_7240__offbeam_meta_16.txt
occlusion,resnet34_gn,/home/hep/an1522/dark_tridents_wspace/outputs/weights/resnet34_gn/resnet34_gn_model_20260123-12_20_AM_epoch_4_batch_id_1961_labels_2_step_9821.pwf,/data/run3_offbeam_larcv_cropped.root,,7240,3272,0,,2,E_disagree,0.005110573954880238,0.9948219060897827,0.0,0.012481689453125,0.01,1.0,1.0,True,0.801039119804401,0.801039119804401,1.0,69,0.010085574572127139,0.010085574572127139,1.0,0.801039119804401,0.0015315371798351398,0.006296924315392971,0.4400977995110024,0.014420294435694814,0.04874000544659793,0.0,0.0,/vols/sbn/uboone/an1522/cam_methods/occlusion/E_disagree/run3_samples/resnet34_gn/occlusion__ENTRY_7240__offbeam_meta_2.txt
occlusion,resnet34_gn,/home/hep/an1522/dark_tridents_wspace/outputs/weights/resnet34_gn/resnet34_gn_model_20260123-12_20_AM_epoch_4_batch_id_1961_labels_2_step_9821.pwf,/data/run3_offbeam_larcv_cropped.root,,7240,3272,0,,4,E_disagree,0.00511004077270627,0.9948225021362305,0.0,0.012481689453125,0.01,1.0,1.0,True,0.801039119804401,0.801039119804401,1.0,70,0.010085574572127139,0.010085574572127139,1.0,0.801039119804401,0.0017353476420976222,0.015035556629300117,0.45354523227383864,0.014515819656662644,0.04534058154094964,0.0,0.0,/vols/sbn/uboone/an1522/cam_methods/occlusion/E_disagree/run3_samples/resnet34_gn/occlusion__ENTRY_7240__offbeam_meta_4.txt
occlusion,resnet34_gn,/home/hep/an1522/dark_tridents_wspace/outputs/weights/resnet34_gn/resnet34_gn_model_20260123-12_20_AM_epoch_4_batch_id_1961_labels_2_step_9821.pwf,/data/run3_offbeam_larcv_cropped.root,,7240,3272,0,,8,E_disagree,0.00511004077270627,0.9948225021362305,0.0,0.012481689453125,0.01,1.0,1.0,True,0.801039119804401,0.801039119804401,1.0,61,0.010085574572127139,0.010085574572127139,1.0,0.801039119804401,0.0016354559920728207,0.002805719617754221,0.4569070904645477,0.014452483481727544,0.0409949543653056,0.0,0.0,/vols/sbn/uboone/an1522/cam_methods/occlusion/E_disagree/run3_samples/resnet34_gn/occlusion__ENTRY_7240__offbeam_meta_8.txt
occlusion,resnet34_gn,/home/hep/an1522/dark_tridents_wspace/outputs/weights/resnet34_gn/resnet34_gn_model_20260123-12_20_AM_epoch_4_batch_id_1961_labels_2_step_9821.pwf,/data/run3_nu_overlay_larcv_cropped.root,,8282,1312,0,,16,E_disagree,0.007635132409632206,0.9922762513160706,0.0,0.0050048828125,0.01,0.43037008775276614,0.43037008775276614,True,0.4021390374331551,0.8597560975609756,0.43037008775276614,12,0.009908536585365854,0.009908536585365854,1.0,0.4021390374331551,0.002354302443563938,0.003019479103386402,0.5990853658536586,0.016675491118803624,0.05359118054620921,0.0,0.0,/vols/sbn/uboone/an1522/cam_methods/occlusion/E_disagree/run3_samples/resnet34_gn/occlusion__ENTRY_8282__nu_overlay_meta_16.txt
occlusion,resnet34_gn,/home/hep/an1522/dark_tridents_wspace/outputs/weights/resnet34_gn/resnet34_gn_model_20260123-12_20_AM_epoch_4_batch_id_1961_labels_2_step_9821.pwf,/data/run3_nu_overlay_larcv_cropped.root,,8282,1312,0,,2,E_disagree,0.007635132409632206,0.9922762513160706,0.0,0.0050048828125,0.01,0.4937046928653186,0.49294162533384206,True,0.4903372489579386,0.9862804878048781,0.4937046928653186,15,0.009908536585365854,0.009908536585365854,1.0,0.4892086330935252,0.0011860355734825134,0.0017098910175263882,0.3384146341463415,0.016864448133856062,0.05931827840395271,0.0,0.0,/vols/sbn/uboone/an1522/cam_methods/occlusion/E_disagree/run3_samples/resnet34_gn/occlusion__ENTRY_8282__nu_overlay_meta_2.txt
occlusion,resnet34_gn,/home/hep/an1522/dark_tridents_wspace/outputs/weights/resnet34_gn/resnet34_gn_model_20260123-12_20_AM_epoch_4_batch_id_1961_labels_2_step_9821.pwf,/data/run3_nu_overlay_larcv_cropped.root,,8282,1312,0,,4,E_disagree,0.007635132409632206,0.9922762513160706,0.0,0.0050048828125,0.01,0.48340328119038534,0.48340328119038534,True,0.4752438109527382,0.9657012195121951,0.48340328119038534,15,0.009908536585365854,0.009908536585365854,1.0,0.4752438109527382,0.0015503474604338424,0.002073458395898342,0.5190548780487805,0.017065433738753202,0.056160436756908884,0.0,0.0,/vols/sbn/uboone/an1522/cam_methods/occlusion/E_disagree/run3_samples/resnet34_gn/occlusion__ENTRY_8282__nu_overlay_meta_4.txt
occlusion,resnet34_gn,/home/hep/an1522/dark_tridents_wspace/outputs/weights/resnet34_gn/resnet34_gn_model_20260123-12_20_AM_epoch_4_batch_id_1961_labels_2_step_9821.pwf,/data/run3_nu_overlay_larcv_cropped.root,,8282,1312,0,,8,E_disagree,0.00763559527695179,0.9922757744789124,0.0,0.0050048828125,0.01,0.46012972148035103,0.46012972148035103,True,0.44224422442244227,0.9192073170731707,0.46012972148035103,14,0.009908536585365854,0.009908536585365854,1.0,0.44224422442244227,0.001877177464775742,0.0035517634823918343,0.6432926829268293,0.017356079164892436,0.0552290248684585,0.0,0.0,/vols/sbn/uboone/an1522/cam_methods/occlusion/E_disagree/run3_samples/resnet34_gn/occlusion__ENTRY_8282__nu_overlay_meta_8.txt
occlusion,mpid,/home/hep/an1522/dark_tridents_wspace/outputs/weights/DM-CNN_model_20260116-10_22_PM_epoch_4_batch_id_1961_labels_2_title_0.001_AG_GN_LM_TRAINING_step_9821.pwf,/data/run3_dt_ratio_0.6_ma_0.05_pi0_larcv_cropped.root,0.05,11671,1686,0,,16,E_disagree,0.9994847774505615,0.000539657601621002,0.0,0.00643157958984375,0.01,0.5887066005341473,0.5887066005341473,True,0.5582489146164978,0.9151838671411625,0.5887066005341473,22,0.010083036773428233,0.010083036773428233,1.0,0.5582489146164978,0.2831999838352204,0.6788713335990906,0.8125741399762753,0.9519457526504994,0.059314487408846615,0.1,0.1,/vols/sbn/uboone/an1522/cam_methods/occlusion/E_disagree/run3_signal/mpid/occlusion__ENTRY_11671_meta_16.txt
occlusion,mpid,/home/hep/an1522/dark_tridents_wspace/outputs/weights/DM-CNN_model_20260116-10_22_PM_epoch_4_batch_id_1961_labels_2_title_0.001_AG_GN_LM_TRAINING_step_9821.pwf,/data/run3_dt_ratio_0.6_ma_0.05_pi0_larcv_cropped.root,0.05,11671,1686,0,,2,E_disagree,0.9994847774505615,0.000539657601621002,0.0,0.00643157958984375,0.01,0.6341091186570011,0.6348721861884776,True,0.6283553875236295,0.9857651245551602,0.6341091186570011,31,0.010083036773428233,0.010083036773428233,1.0,0.6295875898600075,0.0006712436676025405,0.0022299885749816895,0.7473309608540926,0.9519509084522724,0.3887527532875538,0.1,0.1,/vols/sbn/uboone/an1522/cam_methods/occlusion/E_disagree/run3_signal/mpid/occlusion__ENTRY_11671_meta_2.txt
occlusion,mpid,/home/hep/an1522/dark_tridents_wspace/outputs/weights/DM-CNN_model_20260116-10_22_PM_epoch_4_batch_id_1961_labels_2_title_0.001_AG_GN_LM_TRAINING_step_9821.pwf,/data/run3_dt_ratio_0.6_ma_0.05_pi0_larcv_cropped.root,0.05,11671,1686,0,,4,E_disagree,0.9994848966598511,0.0005395174375735223,0.0,0.00643157958984375,0.01,0.6260969095764976,0.6280045784051889,True,0.6155288822205551,0.9733096085409253,0.6260969095764976,28,0.010083036773428233,0.010083036773428233,1.0,0.618564449455092,0.002277827262878426,0.006195724010467529,0.7663107947805456,0.9519564347341658,0.2665524097159505,0.1,0.1,/vols/sbn/uboone/an1522/cam_methods/occlusion/E_disagree/run3_signal/mpid/occlusion__ENTRY_11671_meta_4.txt
occlusion,mpid,/home/hep/an1522/dark_tridents_wspace/outputs/weights/DM-CNN_model_20260116-10_22_PM_epoch_4_batch_id_1961_labels_2_title_0.001_AG_GN_LM_TRAINING_step_9821.pwf,/data/run3_dt_ratio_0.6_ma_0.05_pi0_larcv_cropped.root,0.05,11671,1686,0,,8,E_disagree,0.9994848966598511,0.0005395174375735223,0.0,0.00643157958984375,0.01,0.6146508966043495,0.6146508966043495,True,0.5975519287833828,0.9555160142348754,0.6146508966043495,27,0.010083036773428233,0.010083036773428233,1.0,0.5975519287833828,0.01772549450397494,0.03373199701309204,0.8220640569395018,0.9519474105909468,0.08287711944431067,0.1,0.1,/vols/sbn/uboone/an1522/cam_methods/occlusion/E_disagree/run3_signal/mpid/occlusion__ENTRY_11671_meta_8.txt
occlusion,mpid,/home/hep/an1522/dark_tridents_wspace/outputs/weights/DM-CNN_model_20260116-10_22_PM_epoch_4_batch_id_1961_labels_2_title_0.001_AG_GN_LM_TRAINING_step_9821.pwf,/data/run3_dt_ratio_0.6_ma_0.05_eta_larcv_cropped.root,0.05,2632,1190,0,,16,E_disagree,0.9515325427055359,0.050040073692798615,0.0,0.00453948974609375,0.01,0.4364746280045784,0.4364746280045784,True,0.4289463817022872,0.9613445378151261,0.4364746280045784,15,0.010084033613445379,0.010084033613445379,1.0,0.4289463817022872,0.2980172038078308,0.31692618131637573,0.6403361344537815,0.8904773212969302,0.06060244569089263,0.1,0.1,/vols/sbn/uboone/an1522/cam_methods/occlusion/E_disagree/run3_signal/mpid/occlusion__ENTRY_2632_meta_16.txt
occlusion,mpid,/home/hep/an1522/dark_tridents_wspace/outputs/weights/DM-CNN_model_20260116-10_22_PM_epoch_4_batch_id_1961_labels_2_title_0.001_AG_GN_LM_TRAINING_step_9821.pwf,/data/run3_dt_ratio_0.6_ma_0.05_eta_larcv_cropped.root,0.05,2632,1190,0,,2,E_disagree,0.9515325427055359,0.050040073692798615,0.0,0.00453948974609375,0.01,0.45173597863410914,0.45173597863410914,True,0.4507042253521127,0.9949579831932773,0.45173597863410914,15,0.010084033613445379,0.010084033613445379,1.0,0.4507042253521127,0.1525681859254833,0.3715561628341675,0.5596638655462185,0.9061793245375156,0.06003931269224267,0.1,0.1,/vols/sbn/uboone/an1522/cam_methods/occlusion/E_disagree/run3_signal/mpid/occlusion__ENTRY_2632_meta_2.txt
occlusion,mpid,/home/hep/an1522/dark_tridents_wspace/outputs/weights/DM-CNN_model_20260116-10_22_PM_epoch_4_batch_id_1961_labels_2_title_0.001_AG_GN_LM_TRAINING_step_9821.pwf,/data/run3_dt_ratio_0.6_ma_0.05_eta_larcv_cropped.root,0.05,2632,1190,0,,4,E_disagree,0.9515325427055359,0.050040073692798615,0.0,0.00453948974609375,0.01,0.44944677603967953,0.44944677603967953,True,0.44739840486137483,0.9899159663865547,0.44944677603967953,15,0.010084033613445379,0.010084033613445379,1.0,0.44739840486137483,0.20375255227088845,0.3263510465621948,0.6,0.9044024147093296,0.061689184163697064,0.1,0.1,/vols/sbn/uboone/an1522/cam_methods/occlusion/E_disagree/run3_signal/mpid/occlusion__ENTRY_2632_meta_4.txt
occlusion,mpid,/home/hep/an1522/dark_tridents_wspace/outputs/weights/DM-CNN_model_20260116-10_22_PM_epoch_4_batch_id_1961_labels_2_title_0.001_AG_GN_LM_TRAINING_step_9821.pwf,/data/run3_dt_ratio_0.6_ma_0.05_eta_larcv_cropped.root,0.05,2632,1190,0,,8,E_disagree,0.9515325427055359,0.05004014074802399,0.0,0.00453948974609375,0.01,0.444486837085082,0.444486837085082,True,0.4402872260015117,0.9789915966386554,0.444486837085082,21,0.010084033613445379,0.010084033613445379,1.0,0.4402872260015117,0.13546488344669297,0.2222001552581787,0.6630252100840336,0.8965275155380368,0.06046347427763976,0.1,0.1,/vols/sbn/uboone/an1522/cam_methods/occlusion/E_disagree/run3_signal/mpid/occlusion__ENTRY_2632_meta_8.txt
occlusion,mpid,/home/hep/an1522/dark_tridents_wspace/outputs/weights/DM-CNN_model_20260116-10_22_PM_epoch_4_batch_id_1961_labels_2_title_0.001_AG_GN_LM_TRAINING_step_9821.pwf,/data/run3_dt_ratio_0.6_ma_0.05_pi0_larcv_cropped.root,0.05,3803,1785,0,,16,E_disagree,0.9993613362312317,0.0006796831730753183,0.0,0.006809234619140625,0.01,0.6356352537199542,0.6356352537199542,True,0.608029197080292,0.9333333333333333,0.6356352537199542,35,0.010084033613445379,0.010084033613445379,1.0,0.608029197080292,0.5215732407569894,0.7098248600959778,0.4588235294117647,0.9518071161583066,0.10566007364541294,0.1,0.1,/vols/sbn/uboone/an1522/cam_methods/occlusion/E_disagree/run3_signal/mpid/occlusion__ENTRY_3803_meta_16.txt
occlusion,mpid,/home/hep/an1522/dark_tridents_wspace/outputs/weights/DM-CNN_model_20260116-10_22_PM_epoch_4_batch_id_1961_labels_2_title_0.001_AG_GN_LM_TRAINING_step_9821.pwf,/data/run3_dt_ratio_0.6_ma_0.05_pi0_larcv_cropped.root,0.05,3803,1785,0,,2,E_disagree,0.9993613362312317,0.0006796831730753183,0.0,0.006809234619140625,0.01,0.6741701640595192,0.6756962991224723,True,0.669571807502842,0.9899159663865547,0.6741701640595192,40,0.010084033613445379,0.010084033613445379,1.0,0.6721062618595826,0.00036660671234130986,0.0013107657432556152,0.4627450980392157,0.9518356608226894,0.3079122098162771,0.1,0.1,/vols/sbn/uboone/an1522/cam_methods/occlusion/E_disagree/run3_signal/mpid/occlusion__ENTRY_3803_meta_2.txt
occlusion,mpid,/home/hep/an1522/dark_tridents_wspace/outputs/weights/DM-CNN_model_20260116-10_22_PM_epoch_4_batch_id_1961_labels_2_title_0.001_AG_GN_LM_TRAINING_step_9821.pwf,/data/run3_dt_ratio_0.6_ma_0.05_pi0_larcv_cropped.root,0.05,3803,1785,0,,4,E_disagree,0.9993612170219421,0.0006796935922466218,0.0,0.006809234619140625,0.01,0.6673025562762305,0.6673025562762305,True,0.6582611968385397,0.9798319327731092,0.6673025562762305,38,0.010084033613445379,0.010084033613445379,1.0,0.6582611968385397,0.0010236954689025884,0.005057215690612793,0.45322128851540616,0.9518308676779271,0.07384242590051145,0.1,0.1,/vols/sbn/uboone/an1522/cam_methods/occlusion/E_disagree/run3_signal/mpid/occlusion__ENTRY_3803_meta_4.txt
occlusion,mpid,/home/hep/an1522/dark_tridents_wspace/outputs/weights/DM-CNN_model_20260116-10_22_PM_epoch_4_batch_id_1961_labels_2_title_0.001_AG_GN_LM_TRAINING_step_9821.pwf,/data/run3_dt_ratio_0.6_ma_0.05_pi0_larcv_cropped.root,0.05,3803,1785,0,,8,E_disagree,0.9993612170219421,0.0006796935922466218,0.0,0.006809234619140625,0.01,0.6539488744753911,0.6539488744753911,True,0.6367013372956909,0.9602240896358544,0.6539488744753911,37,0.010084033613445379,0.010084033613445379,1.0,0.6367013372956909,0.012978732585906982,0.04797923564910889,0.49635854341736696,0.95182798281312,0.11319927498698236,0.1,0.1,/vols/sbn/uboone/an1522/cam_methods/occlusion/E_disagree/run3_signal/mpid/occlusion__ENTRY_3803_meta_8.txt
occlusion,mpid,/home/hep/an1522/dark_tridents_wspace/outputs/weights/DM-CNN_model_20260116-10_22_PM_epoch_4_batch_id_1961_labels_2_title_0.001_AG_GN_LM_TRAINING_step_9821.pwf,/data/run3_dt_ratio_0.6_ma_0.01_pi0_larcv_cropped.root,0.01,4287,619,0,,16,E_disagree,0.9993304014205933,0.0007097566849552095,0.0,0.002361297607421875,0.01,0.2361694009919878,0.2361694009919878,True,0.2361694009919878,1.0,0.2361694009919878,19,0.009693053311793215,0.009693053311793215,1.0,0.2361694009919878,0.0432483363151551,0.05849510431289673,0.4281098546042003,0.951804949529469,0.09634681548923255,0.1,0.1,/vols/sbn/uboone/an1522/cam_methods/occlusion/E_disagree/run3_signal/mpid/occlusion__ENTRY_4287_meta_16.txt
occlusion,mpid,/home/hep/an1522/dark_tridents_wspace/outputs/weights/DM-CNN_model_20260116-10_22_PM_epoch_4_batch_id_1961_labels_2_title_0.001_AG_GN_LM_TRAINING_step_9821.pwf,/data/run3_dt_ratio_0.6_ma_0.01_pi0_larcv_cropped.root,0.01,4287,619,0,,2,E_disagree,0.9993304014205933,0.0007097566849552095,0.0,0.002361297607421875,0.01,0.2361694009919878,0.2361694009919878,True,0.2361694009919878,1.0,0.2361694009919878,19,0.009693053311793215,0.009693053311793215,1.0,0.2361694009919878,0.022786023616791263,0.06779235601425171,0.4765751211631664,0.951804949529469,0.09634681548923255,0.1,0.1,/vols/sbn/uboone/an1522/cam_methods/occlusion/E_disagree/run3_signal/mpid/occlusion__ENTRY_4287_meta_2.txt
occlusion,mpid,/home/hep/an1522/dark_tridents_wspace/outputs/weights/DM-CNN_model_20260116-10_22_PM_epoch_4_batch_id_1961_labels_2_title_0.001_AG_GN_LM_TRAINING_step_9821.pwf,/data/run3_dt_ratio_0.6_ma_0.01_pi0_larcv_cropped.root,0.01,4287,619,0,,4,E_disagree,0.9993308782577515,0.0007093045860528946,0.0,0.002361297607421875,0.01,0.2361694009919878,0.2361694009919878,True,0.2361694009919878,1.0,0.2361694009919878,19,0.009693053311793215,0.009693053311793215,1.0,0.2361694009919878,0.025062237977981575,0.03886151313781738,0.4862681744749596,0.9518045373260975,0.09633040055632591,0.1,0.1,/vols/sbn/uboone/an1522/cam_methods/occlusion/E_disagree/run3_signal/mpid/occlusion__ENTRY_4287_meta_4.txt
occlusion,mpid,/home/hep/an1522/dark_tridents_wspace/outputs/weights/DM-CNN_model_20260116-10_22_PM_epoch_4_batch_id_1961_labels_2_title_0.001_AG_GN_LM_TRAINING_step_9821.pwf,/data/run3_dt_ratio_0.6_ma_0.01_pi0_larcv_cropped.root,0.01,4287,619,0,,8,E_disagree,0.9993308782577515,0.0007093045860528946,0.0,0.002361297607421875,0.01,0.2361694009919878,0.2361694009919878,True,0.2361694009919878,1.0,0.2361694009919878,19,0.009693053311793215,0.009693053311793215,1.0,0.2361694009919878,0.01542574167251587,0.025092780590057373,0.4878836833602585,0.9518045373260975,0.09633040055632591,0.1,0.1,/vols/sbn/uboone/an1522/cam_methods/occlusion/E_disagree/run3_signal/mpid/occlusion__ENTRY_4287_meta_8.txt
occlusion,mpid,/home/hep/an1522/dark_tridents_wspace/outputs/weights/DM-CNN_model_20260116-10_22_PM_epoch_4_batch_id_1961_labels_2_title_0.001_AG_GN_LM_TRAINING_step_9821.pwf,/data/run3_dt_ratio_0.6_ma_0.01_pi0_larcv_cropped.root,0.01,5919,2859,0,,16,E_disagree,0.99977046251297,0.00023683997278567404,0.0,0.010906219482421875,0.01,1.0,1.0,True,0.9167541098286114,0.9167541098286114,1.0,68,0.010143406785589367,0.010143406785589367,1.0,0.9167541098286114,0.014072418212890625,0.031138122081756592,0.7534102833158447,0.9522272326052189,0.11154859066009522,0.1,0.1,/vols/sbn/uboone/an1522/cam_methods/occlusion/E_disagree/run3_signal/mpid/occlusion__ENTRY_5919_meta_16.txt
occlusion,mpid,/home/hep/an1522/dark_tridents_wspace/outputs/weights/DM-CNN_model_20260116-10_22_PM_epoch_4_batch_id_1961_labels_2_title_0.001_AG_GN_LM_TRAINING_step_9821.pwf,/data/run3_dt_ratio_0.6_ma_0.01_pi0_larcv_cropped.root,0.01,5919,2859,0,,2,E_disagree,0.9997705817222595,0.0002367995766690001,0.0,0.010906219482421875,0.01,1.0,1.0,True,0.9167541098286114,0.9167541098286114,1.0,92,0.010143406785589367,0.010143406785589367,1.0,0.9167541098286114,8.851289749145508e-05,0.0005190372467041016,0.707939839104582,0.9522171484306454,0.36945917028933767,0.1,0.1,/vols/sbn/uboone/an1522/cam_methods/occlusion/E_disagree/run3_signal/mpid/occlusion__ENTRY_5919_meta_2.txt
occlusion,mpid,/home/hep/an1522/dark_tridents_wspace/outputs/weights/DM-CNN_model_20260116-10_22_PM_epoch_4_batch_id_1961_labels_2_title_0.001_AG_GN_LM_TRAINING_step_9821.pwf,/data/run3_dt_ratio_0.6_ma_0.01_pi0_larcv_cropped.root,0.01,5919,2859,0,,4,E_disagree,0.9997705817222595,0.0002367995766690001,0.0,0.010906219482421875,0.01,1.0,1.0,True,0.9167541098286114,0.9167541098286114,1.0,81,0.010143406785589367,0.010143406785589367,1.0,0.9167541098286114,0.00020818471908569413,0.0009593367576599121,0.7124868835257083,0.9522193895652891,0.5688207076862455,0.1,0.8,/vols/sbn/uboone/an1522/cam_methods/occlusion/E_disagree/run3_signal/mpid/occlusion__ENTRY_5919_meta_4.txt
occlusion,mpid,/home/hep/an1522/dark_tridents_wspace/outputs/weights/DM-CNN_model_20260116-10_22_PM_epoch_4_batch_id_1961_labels_2_title_0.001_AG_GN_LM_TRAINING_step_9821.pwf,/data/run3_dt_ratio_0.6_ma_0.01_pi0_larcv_cropped.root,0.01,5919,2859,0,,8,E_disagree,0.99977046251297,0.00023683997278567404,0.0,0.010906219482421875,0.01,1.0,1.0,True,0.9167541098286114,0.9167541098286114,1.0,90,0.010143406785589367,0.010143406785589367,1.0,0.9167541098286114,0.00116729736328125,0.0019477009773254395,0.7341727876880028,0.9522206164896488,0.4616644658148289,0.1,0.1,/vols/sbn/uboone/an1522/cam_methods/occlusion/E_disagree/run3_signal/mpid/occlusion__ENTRY_5919_meta_8.txt
occlusion,mpid,/home/hep/an1522/dark_tridents_wspace/outputs/weights/DM-CNN_model_20260116-10_22_PM_epoch_4_batch_id_1961_labels_2_title_0.001_AG_GN_LM_TRAINING_step_9821.pwf,/data/run3_dt_ratio_0.6_ma_0.05_eta_larcv_cropped.root,0.05,5960,2725,0,,16,E_disagree,0.9831913113594055,0.017134105786681175,0.0,0.010395050048828125,0.01,0.8908813429988554,0.8908813429988554,True,0.7754898704749252,0.8568807339449541,0.8908813429988554,49,0.009908256880733945,0.009908256880733945,1.0,0.7754898704749252,0.47096967697143555,0.7719449996948242,0.40110091743119264,0.93846604693681,0.10047397520393132,0.1,0.1,/vols/sbn/uboone/an1522/cam_methods/occlusion/E_disagree/run3_signal/mpid/occlusion__ENTRY_5960_meta_16.txt
occlusion,mpid,/home/hep/an1522/dark_tridents_wspace/outputs/weights/DM-CNN_model_20260116-10_22_PM_epoch_4_batch_id_1961_labels_2_title_0.001_AG_GN_LM_TRAINING_step_9821.pwf,/data/run3_dt_ratio_0.6_ma_0.05_eta_larcv_cropped.root,0.05,5960,2725,0,,2,E_disagree,0.9831924438476562,0.017132949084043503,0.0,0.010395050048828125,0.01,1.0,1.0,True,0.9618348623853211,0.9618348623853211,1.0,48,0.009908256880733945,0.009908256880733945,1.0,0.9618348623853211,0.010780639648437488,0.09464675188064575,0.47522935779816516,0.9360993571579456,0.08813313953578472,0.1,0.1,/vols/sbn/uboone/an1522/cam_methods/occlusion/E_disagree/run3_signal/mpid/occlusion__ENTRY_5960_meta_2.txt
occlusion,mpid,/home/hep/an1522/dark_tridents_wspace/outputs/weights/DM-CNN_model_20260116-10_22_PM_epoch_4_batch_id_1961_labels_2_title_0.001_AG_GN_LM_TRAINING_step_9821.pwf,/data/run3_dt_ratio_0.6_ma_0.05_eta_larcv_cropped.root,0.05,5960,2725,0,,4,E_disagree,0.9831924438476562,0.017132949084043503,0.0,0.010395050048828125,0.01,0.9855017169019458,0.9855017169019458,True,0.9348534201954397,0.9478899082568807,0.9855017169019458,47,0.009908256880733945,0.009908256880733945,1.0,0.9348534201954397,0.024773478507995605,0.10729372501373291,0.3904587155963303,0.935786647349596,0.10908442498184741,0.1,0.1,/vols/sbn/uboone/an1522/cam_methods/occlusion/E_disagree/run3_signal/mpid/occlusion__ENTRY_5960_meta_4.txt
occlusion,mpid,/home/hep/an1522/dark_tridents_wspace/outputs/weights/DM-CNN_model_20260116-10_22_PM_epoch_4_batch_id_1961_labels_2_title_0.001_AG_GN_LM_TRAINING_step_9821.pwf,/data/run3_dt_ratio_0.6_ma_0.05_eta_larcv_cropped.root,0.05,5960,2725,0,,8,E_disagree,0.9831924438476562,0.017132949084043503,0.0,0.010395050048828125,0.01,0.9366653948874475,0.9366653948874475,True,0.8491871324801107,0.9009174311926605,0.9366653948874475,48,0.009908256880733945,0.009908256880733945,1.0,0.8491871324801107,0.041036367416381836,0.07631826400756836,0.3691743119266055,0.9377451427280903,0.09879768267273904,0.1,0.1,/vols/sbn/uboone/an1522/cam_methods/occlusion/E_disagree/run3_signal/mpid/occlusion__ENTRY_5960_meta_8.txt
occlusion,mpid,/home/hep/an1522/dark_tridents_wspace/outputs/weights/DM-CNN_model_20260116-10_22_PM_epoch_4_batch_id_1961_labels_2_title_0.001_AG_GN_LM_TRAINING_step_9821.pwf,/data/run3_dt_ratio_0.6_ma_0.05_pi0_larcv_cropped.root,0.05,6227,1779,0,,16,E_disagree,0.010052159428596497,0.9896208047866821,0.0,0.006786346435546875,0.01,0.6234261732163296,0.6234261732163296,True,0.5907447577729573,0.9184935356942102,0.6234261732163296,21,0.01011804384485666,0.01011804384485666,1.0,0.5907447577729573,0.02031834211200476,0.027196142822504044,0.26194491287240024,0.013072140328586102,0.05623130090534687,0.0,0.0,/vols/sbn/uboone/an1522/cam_methods/occlusion/E_disagree/run3_signal/mpid/occlusion__ENTRY_6227_meta_16.txt
occlusion,mpid,/home/hep/an1522/dark_tridents_wspace/outputs/weights/DM-CNN_model_20260116-10_22_PM_epoch_4_batch_id_1961_labels_2_title_0.001_AG_GN_LM_TRAINING_step_9821.pwf,/data/run3_dt_ratio_0.6_ma_0.05_pi0_larcv_cropped.root,0.05,6227,1779,0,,2,E_disagree,0.010056710802018642,0.9896161556243896,0.0,0.006786346435546875,0.01,0.6726440289965662,0.6726440289965662,True,0.6685627607129314,0.9910061832490163,0.6726440289965662,16,0.01011804384485666,0.01011804384485666,1.0,0.6685627607129314,0.007785847336053849,0.019495360553264618,0.35581787521079256,0.012290891213342547,0.021090481500141322,0.0,0.0,/vols/sbn/uboone/an1522/cam_methods/occlusion/E_disagree/run3_signal/mpid/occlusion__ENTRY_6227_meta_2.txt
occlusion,mpid,/home/hep/an1522/dark_tridents_wspace/outputs/weights/DM-CNN_model_20260116-10_22_PM_epoch_4_batch_id_1961_labels_2_title_0.001_AG_GN_LM_TRAINING_step_9821.pwf,/data/run3_dt_ratio_0.6_ma_0.05_pi0_larcv_cropped.root,0.05,6227,1779,0,,4,E_disagree,0.010056710802018642,0.9896161556243896,0.0,0.006786346435546875,0.01,0.6661579549790156,0.6661579549790156,True,0.6578749058025621,0.9814502529510961,0.6661579549790156,14,0.01011804384485666,0.01011804384485666,1.0,0.6578749058025621,0.00964295957237482,0.02119278907775879,0.3057897695334458,0.011955729639157652,0.077349075069651,0.0,0.0,/vols/sbn/uboone/an1522/cam_methods/occlusion/E_disagree/run3_signal/mpid/occlusion__ENTRY_6227_meta_4.txt
occlusion,mpid,/home/hep/an1522/dark_tridents_wspace/outputs/weights/DM-CNN_model_20260116-10_22_PM_epoch_4_batch_id_1961_labels_2_title_0.001_AG_GN_LM_TRAINING_step_9821.pwf,/data/run3_dt_ratio_0.6_ma_0.05_pi0_larcv_cropped.root,0.05,6227,1779,0,,8,E_disagree,0.010052159428596497,0.9896208047866821,0.0,0.006786346435546875,0.01,0.6508966043494849,0.6508966043494849,True,0.6332590942835932,0.9589657110736369,0.6508966043494849,15,0.01011804384485666,0.01011804384485666,1.0,0.6332590942835932,0.015495728701353073,0.028187979012727737,0.29454749859471613,0.012085705436766148,0.07635863199830055,0.0,0.0,/vols/sbn/uboone/an1522/cam_methods/occlusion/E_disagree/run3_signal/mpid/occlusion__ENTRY_6227_meta_8.txt
occlusion,mpid,/home/hep/an1522/dark_tridents_wspace/outputs/weights/DM-CNN_model_20260116-10_22_PM_epoch_4_batch_id_1961_labels_2_title_0.001_AG_GN_LM_TRAINING_step_9821.pwf,/data/run3_dt_ratio_0.6_ma_0.04_pi0_larcv_cropped.root,0.04,894,1665,0,,16,E_disagree,0.02053152024745941,0.9792746901512146,0.0,0.006351470947265625,0.01,0.5951926745516978,0.5951926745516978,True,0.5722670579603815,0.9369369369369369,0.5951926745516978,38,0.01021021021021021,0.01021021021021021,1.0,0.5722670579603815,0.03876535966992378,0.050123587250709534,0.36156156156156155,0.02176272962242365,0.013717143703252077,0.0,0.0,/vols/sbn/uboone/an1522/cam_methods/occlusion/E_disagree/run3_signal/mpid/occlusion__ENTRY_894_meta_16.txt
occlusion,mpid,/home/hep/an1522/dark_tridents_wspace/outputs/weights/DM-CNN_model_20260116-10_22_PM_epoch_4_batch_id_1961_labels_2_title_0.001_AG_GN_LM_TRAINING_step_9821.pwf,/data/run3_dt_ratio_0.6_ma_0.04_pi0_larcv_cropped.root,0.04,894,1665,0,,2,E_disagree,0.02053152024745941,0.9792746901512146,0.0,0.006351470947265625,0.01,0.6322014498283098,0.6322014498283098,True,0.6302776721186764,0.9951951951951952,0.6322014498283098,36,0.01021021021021021,0.01021021021021021,1.0,0.6302776721186764,0.009117918089032166,0.013195909559726715,0.5303303303303303,0.02202052250504494,0.007201860751956701,0.0,0.0,/vols/sbn/uboone/an1522/cam_methods/occlusion/E_disagree/run3_signal/mpid/occlusion__ENTRY_894_meta_2.txt
occlusion,mpid,/home/hep/an1522/dark_tridents_wspace/outputs/weights/DM-CNN_model_20260116-10_22_PM_epoch_4_batch_id_1961_labels_2_title_0.001_AG_GN_LM_TRAINING_step_9821.pwf,/data/run3_dt_ratio_0.6_ma_0.04_pi0_larcv_cropped.root,0.04,894,1665,0,,4,E_disagree,0.020532982423901558,0.9792732000350952,0.0,0.006351470947265625,0.01,0.6295307134681419,0.6295307134681419,True,0.625948406676783,0.990990990990991,0.6295307134681419,37,0.01021021021021021,0.01021021021021021,1.0,0.625948406676783,0.012420505061745619,0.01814241148531437,0.439039039039039,0.022127804812043905,0.014170011319220067,0.0,0.0,/vols/sbn/uboone/an1522/cam_methods/occlusion/E_disagree/run3_signal/mpid/occlusion__ENTRY_894_meta_4.txt
occlusion,mpid,/home/hep/an1522/dark_tridents_wspace/outputs/weights/DM-CNN_model_20260116-10_22_PM_epoch_4_batch_id_1961_labels_2_title_0.001_AG_GN_LM_TRAINING_step_9821.pwf,/data/run3_dt_ratio_0.6_ma_0.04_pi0_larcv_cropped.root,0.04,894,1665,0,,8,E_disagree,0.020532982423901558,0.9792732000350952,0.0,0.006351470947265625,0.01,0.6219000381533766,0.6219000381533766,True,0.6137048192771084,0.978978978978979,0.6219000381533766,39,0.01021021021021021,0.01021021021021021,1.0,0.6137048192771084,0.01791258342564106,0.020970473065972328,0.3621621621621622,0.022002603951841594,0.011427881568670273,0.0,0.0,/vols/sbn/uboone/an1522/cam_methods/occlusion/E_disagree/run3_signal/mpid/occlusion__ENTRY_894_meta_8.txt
occlusion,resnet34_gn,/home/hep/an1522/dark_tridents_wspace/outputs/weights/resnet34_gn/resnet34_gn_model_20260123-12_20_AM_epoch_4_batch_id_1961_labels_2_step_9821.pwf,/data/run3_dt_ratio_0.6_ma_0.05_pi0_larcv_cropped.root,0.05,11671,1686,0,,16,E_disagree,0.9778498411178589,0.022095797583460808,0.0,0.00643157958984375,0.01,0.5887066005341473,0.5887066005341473,True,0.5582489146164978,0.9151838671411625,0.5887066005341473,22,0.010083036773428233,0.010083036773428233,1.0,0.5582489146164978,0.9202346533536914,0.9546541571617126,0.6488730723606169,0.9403137311339378,0.07233084607869386,0.1,0.1,/vols/sbn/uboone/an1522/cam_methods/occlusion/E_disagree/run3_signal/resnet34_gn/occlusion__ENTRY_11671_meta_16.txt
occlusion,resnet34_gn,/home/hep/an1522/dark_tridents_wspace/outputs/weights/resnet34_gn/resnet34_gn_model_20260123-12_20_AM_epoch_4_batch_id_1961_labels_2_step_9821.pwf,/data/run3_dt_ratio_0.6_ma_0.05_pi0_larcv_cropped.root,0.05,11671,1686,0,,2,E_disagree,0.9778498411178589,0.022095797583460808,0.0,0.00643157958984375,0.01,0.6348721861884776,0.6348721861884776,True,0.6295875898600075,0.9869513641755635,0.6348721861884776,33,0.010083036773428233,0.010083036773428233,1.0,0.6295875898600075,0.11092372238636167,0.8287374973297119,0.6785290628706999,0.9386018380522727,0.17604882172308867,0.1,0.1,/vols/sbn/uboone/an1522/cam_methods/occlusion/E_disagree/run3_signal/resnet34_gn/occlusion__ENTRY_11671_meta_2.txt
occlusion,resnet34_gn,/home/hep/an1522/dark_tridents_wspace/outputs/weights/resnet34_gn/resnet34_gn_model_20260123-12_20_AM_epoch_4_batch_id_1961_labels_2_step_9821.pwf,/data/run3_dt_ratio_0.6_ma_0.05_pi0_larcv_cropped.root,0.05,11671,1686,0,,4,E_disagree,0.9778443574905396,0.02210136316716671,0.0,0.00643157958984375,0.01,0.6280045784051889,0.6280045784051889,True,0.618564449455092,0.9762752075919335,0.6280045784051889,28,0.010083036773428233,0.010083036773428233,1.0,0.618564449455092,0.6147415041923551,0.9000777006149292,0.6672597864768683,0.9386239603161811,0.1761360731907189,0.1,0.1,/vols/sbn/uboone/an1522/cam_methods/occlusion/E_disagree/run3_signal/resnet34_gn/occlusion__ENTRY_11671_meta_4.txt
occlusion,resnet34_gn,/home/hep/an1522/dark_tridents_wspace/outputs/weights/resnet34_gn/resnet34_gn_model_20260123-12_20_AM_epoch_4_batch_id_1961_labels_2_step_9821.pwf,/data/run3_dt_ratio_0.6_ma_0.05_pi0_larcv_cropped.root,0.05,11671,1686,0,,8,E_disagree,0.9778498411178589,0.022095797583460808,0.0,0.00643157958984375,0.01,0.6146508966043495,0.6146508966043495,True,0.5975519287833828,0.9555160142348754,0.6146508966043495,28,0.010083036773428233,0.010083036773428233,1.0,0.5975519287833828,0.7240029811859133,0.8273365497589111,0.6465005931198102,0.938578037917614,0.1205274507869035,0.1,0.1,/vols/sbn/uboone/an1522/cam_methods/occlusion/E_disagree/run3_signal/resnet34_gn/occlusion__ENTRY_11671_meta_8.txt
occlusion,resnet34_gn,/home/hep/an1522/dark_tridents_wspace/outputs/weights/resnet34_gn/resnet34_gn_model_20260123-12_20_AM_epoch_4_batch_id_1961_labels_2_step_9821.pwf,/data/run3_dt_ratio_0.6_ma_0.05_eta_larcv_cropped.root,0.05,2632,1190,0,,16,E_disagree,0.9950122237205505,0.00498803099617362,0.0,0.00453948974609375,0.01,0.4364746280045784,0.4364746280045784,True,0.4289463817022872,0.9613445378151261,0.4364746280045784,15,0.010084033613445379,0.010084033613445379,1.0,0.4289463817022872,0.7515144348144531,0.8467034101486206,0.6142857142857143,0.95461595505476,0.10271083866246042,0.1,0.1,/vols/sbn/uboone/an1522/cam_methods/occlusion/E_disagree/run3_signal/resnet34_gn/occlusion__ENTRY_2632_meta_16.txt
occlusion,resnet34_gn,/home/hep/an1522/dark_tridents_wspace/outputs/weights/resnet34_gn/resnet34_gn_model_20260123-12_20_AM_epoch_4_batch_id_1961_labels_2_step_9821.pwf,/data/run3_dt_ratio_0.6_ma_0.05_eta_larcv_cropped.root,0.05,2632,1190,0,,2,E_disagree,0.9950122237205505,0.00498803099617362,0.0,0.00453948974609375,0.01,0.45173597863410914,0.45173597863410914,True,0.4507042253521127,0.9949579831932773,0.45173597863410914,15,0.010084033613445379,0.010084033613445379,1.0,0.4507042253521127,0.10189202070236178,0.43366360664367676,0.3100840336134454,0.9549212023615837,0.10803362801671026,0.1,0.1,/vols/sbn/uboone/an1522/cam_methods/occlusion/E_disagree/run3_signal/resnet34_gn/occlusion__ENTRY_2632_meta_2.txt
occlusion,resnet34_gn,/home/hep/an1522/dark_tridents_wspace/outputs/weights/resnet34_gn/resnet34_gn_model_20260123-12_20_AM_epoch_4_batch_id_1961_labels_2_step_9821.pwf,/data/run3_dt_ratio_0.6_ma_0.05_eta_larcv_cropped.root,0.05,2632,1190,0,,4,E_disagree,0.9950130581855774,0.004987198393791914,0.0,0.00453948974609375,0.01,0.44944677603967953,0.44944677603967953,True,0.44739840486137483,0.9899159663865547,0.44944677603967953,15,0.010084033613445379,0.010084033613445379,1.0,0.44739840486137483,0.16765521824359053,0.49938780069351196,0.4899159663865546,0.9548848822712899,0.11042114719748497,0.1,0.1,/vols/sbn/uboone/an1522/cam_methods/occlusion/E_disagree/run3_signal/resnet34_gn/occlusion__ENTRY_2632_meta_4.txt
occlusion,resnet34_gn,/home/hep/an1522/dark_tridents_wspace/outputs/weights/resnet34_gn/resnet34_gn_model_20260123-12_20_AM_epoch_4_batch_id_1961_labels_2_step_9821.pwf,/data/run3_dt_ratio_0.6_ma_0.05_eta_larcv_cropped.root,0.05,2632,1190,0,,8,E_disagree,0.9950122237205505,0.00498803099617362,0.0,0.00453948974609375,0.01,0.444486837085082,0.444486837085082,True,0.4402872260015117,0.9789915966386554,0.444486837085082,18,0.010084033613445379,0.010084033613445379,1.0,0.4402872260015117,0.4096365326642979,0.5529159307479858,0.6092436974789915,0.9548140570521355,0.10390475112944839,0.1,0.1,/vols/sbn/uboone/an1522/cam_methods/occlusion/E_disagree/run3_signal/resnet34_gn/occlusion__ENTRY_2632_meta_8.txt
occlusion,resnet34_gn,/home/hep/an1522/dark_tridents_wspace/outputs/weights/resnet34_gn/resnet34_gn_model_20260123-12_20_AM_epoch_4_batch_id_1961_labels_2_step_9821.pwf,/data/run3_dt_ratio_0.6_ma_0.05_pi0_larcv_cropped.root,0.05,3803,1785,0,,16,E_disagree,0.9989548921585083,0.0010470942361280322,0.0,0.006809234619140625,0.01,0.6356352537199542,0.6356352537199542,True,0.608029197080292,0.9333333333333333,0.6356352537199542,35,0.010084033613445379,0.010084033613445379,1.0,0.608029197080292,0.12806217670440684,0.2723289132118225,0.8123249299719888,0.958498342335224,0.12771144863218067,0.1,0.1,/vols/sbn/uboone/an1522/cam_methods/occlusion/E_disagree/run3_signal/resnet34_gn/occlusion__ENTRY_3803_meta_16.txt
occlusion,resnet34_gn,/home/hep/an1522/dark_tridents_wspace/outputs/weights/resnet34_gn/resnet34_gn_model_20260123-12_20_AM_epoch_4_batch_id_1961_labels_2_step_9821.pwf,/data/run3_dt_ratio_0.6_ma_0.05_pi0_larcv_cropped.root,0.05,3803,1785,0,,2,E_disagree,0.9989548921585083,0.0010470942361280322,0.0,0.006809234619140625,0.01,0.6745516978252576,0.6756962991224723,True,0.6702047005307051,0.9904761904761905,0.6745516978252576,43,0.010084033613445379,0.010084033613445379,1.0,0.6721062618595826,0.002686097621917762,0.14828723669052124,0.5254901960784314,0.9586218848824501,0.129029341135174,0.1,0.1,/vols/sbn/uboone/an1522/cam_methods/occlusion/E_disagree/run3_signal/resnet34_gn/occlusion__ENTRY_3803_meta_2.txt
occlusion,resnet34_gn,/home/hep/an1522/dark_tridents_wspace/outputs/weights/resnet34_gn/resnet34_gn_model_20260123-12_20_AM_epoch_4_batch_id_1961_labels_2_step_9821.pwf,/data/run3_dt_ratio_0.6_ma_0.05_pi0_larcv_cropped.root,0.05,3803,1785,0,,4,E_disagree,0.9989548921585083,0.0010470942361280322,0.0,0.006809234619140625,0.01,0.6673025562762305,0.6673025562762305,True,0.6582611968385397,0.9798319327731092,0.6673025562762305,38,0.010084033613445379,0.010084033613445379,1.0,0.6582611968385397,0.01945922136306766,0.19174695014953613,0.5406162464985994,0.9586005821824073,0.13106180950999258,0.1,0.1,/vols/sbn/uboone/an1522/cam_methods/occlusion/E_disagree/run3_signal/resnet34_gn/occlusion__ENTRY_3803_meta_4.txt
occlusion,resnet34_gn,/home/hep/an1522/dark_tridents_wspace/outputs/weights/resnet34_gn/resnet34_gn_model_20260123-12_20_AM_epoch_4_batch_id_1961_labels_2_step_9821.pwf,/data/run3_dt_ratio_0.6_ma_0.05_pi0_larcv_cropped.root,0.05,3803,1785,0,,8,E_disagree,0.9989548921585083,0.0010470942361280322,0.0,0.006809234619140625,0.01,0.6539488744753911,0.6539488744753911,True,0.6367013372956909,0.9602240896358544,0.6539488744753911,37,0.010084033613445379,0.010084033613445379,1.0,0.6367013372956909,0.06569145679473903,0.18934273719787598,0.5887955182072829,0.9585863903164864,0.12997917374595996,0.1,0.1,/vols/sbn/uboone/an1522/cam_methods/occlusion/E_disagree/run3_signal/resnet34_gn/occlusion__ENTRY_3803_meta_8.txt
occlusion,resnet34_gn,/home/hep/an1522/dark_tridents_wspace/outputs/weights/resnet34_gn/resnet34_gn_model_20260123-12_20_AM_epoch_4_batch_id_1961_labels_2_step_9821.pwf,/data/run3_dt_ratio_0.6_ma_0.01_pi0_larcv_cropped.root,0.01,4287,619,0,,16,E_disagree,0.9931065440177917,0.0069273412227630615,0.0,0.002361297607421875,0.01,0.2361694009919878,0.2361694009919878,True,0.2361694009919878,1.0,0.2361694009919878,19,0.009693053311793215,0.009693053311793215,1.0,0.2361694009919878,0.1392918825149536,0.4494854211807251,0.851373182552504,0.9530701264739035,0.232414610683918,0.1,0.1,/vols/sbn/uboone/an1522/cam_methods/occlusion/E_disagree/run3_signal/resnet34_gn/occlusion__ENTRY_4287_meta_16.txt
occlusion,resnet34_gn,/home/hep/an1522/dark_tridents_wspace/outputs/weights/resnet34_gn/resnet34_gn_model_20260123-12_20_AM_epoch_4_batch_id_1961_labels_2_step_9821.pwf,/data/run3_dt_ratio_0.6_ma_0.01_pi0_larcv_cropped.root,0.01,4287,619,0,,2,E_disagree,0.9931065440177917,0.0069273412227630615,0.0,0.002361297607421875,0.01,0.2361694009919878,0.2361694009919878,True,0.2361694009919878,1.0,0.2361694009919878,19,0.009693053311793215,0.009693053311793215,1.0,0.2361694009919878,0.22854238152504203,0.4889906048774719,0.4604200323101777,0.9530701264739035,0.232414610683918,0.1,0.1,/vols/sbn/uboone/an1522/cam_methods/occlusion/E_disagree/run3_signal/resnet34_gn/occlusion__ENTRY_4287_meta_2.txt
occlusion,resnet34_gn,/home/hep/an1522/dark_tridents_wspace/outputs/weights/resnet34_gn/resnet34_gn_model_20260123-12_20_AM_epoch_4_batch_id_1961_labels_2_step_9821.pwf,/data/run3_dt_ratio_0.6_ma_0.01_pi0_larcv_cropped.root,0.01,4287,619,0,,4,E_disagree,0.9931065440177917,0.0069273412227630615,0.0,0.002361297607421875,0.01,0.2361694009919878,0.2361694009919878,True,0.2361694009919878,1.0,0.2361694009919878,19,0.009693053311793215,0.009693053311793215,1.0,0.2361694009919878,0.20738713383674734,0.23163414001464844,0.518578352180937,0.9530701264739035,0.232414610683918,0.1,0.1,/vols/sbn/uboone/an1522/cam_methods/occlusion/E_disagree/run3_signal/resnet34_gn/occlusion__ENTRY_4287_meta_4.txt
occlusion,resnet34_gn,/home/hep/an1522/dark_tridents_wspace/outputs/weights/resnet34_gn/resnet34_gn_model_20260123-12_20_AM_epoch_4_batch_id_1961_labels_2_step_9821.pwf,/data/run3_dt_ratio_0.6_ma_0.01_pi0_larcv_cropped.root,0.01,4287,619,0,,8,E_disagree,0.9931065440177917,0.0069273412227630615,0.0,0.002361297607421875,0.01,0.2361694009919878,0.2361694009919878,True,0.2361694009919878,1.0,0.2361694009919878,19,0.009693053311793215,0.009693053311793215,1.0,0.2361694009919878,0.13482451438903809,0.19328761100769043,0.691437802907916,0.9530701264739035,0.232414610683918,0.1,0.1,/vols/sbn/uboone/an1522/cam_methods/occlusion/E_disagree/run3_signal/resnet34_gn/occlusion__ENTRY_4287_meta_8.txt
occlusion,resnet34_gn,/home/hep/an1522/dark_tridents_wspace/outputs/weights/resnet34_gn/resnet34_gn_model_20260123-12_20_AM_epoch_4_batch_id_1961_labels_2_step_9821.pwf,/data/run3_dt_ratio_0.6_ma_0.01_pi0_larcv_cropped.root,0.01,5919,2859,0,,16,E_disagree,0.998645007610321,0.001358879148028791,0.0,0.010906219482421875,0.01,1.0,1.0,True,0.9167541098286114,0.9167541098286114,1.0,78,0.010143406785589367,0.010143406785589367,1.0,0.9167541098286114,0.013272597789764608,0.20751053094863892,0.6274921301154249,0.958314736187458,0.12180822668597102,0.1,0.1,/vols/sbn/uboone/an1522/cam_methods/occlusion/E_disagree/run3_signal/resnet34_gn/occlusion__ENTRY_5919_meta_16.txt
occlusion,resnet34_gn,/home/hep/an1522/dark_tridents_wspace/outputs/weights/resnet34_gn/resnet34_gn_model_20260123-12_20_AM_epoch_4_batch_id_1961_labels_2_step_9821.pwf,/data/run3_dt_ratio_0.6_ma_0.01_pi0_larcv_cropped.root,0.01,5919,2859,0,,2,E_disagree,0.998645007610321,0.001358879148028791,0.0,0.010906219482421875,0.01,1.0,1.0,True,0.9167541098286114,0.9167541098286114,1.0,85,0.010143406785589367,0.010143406785589367,1.0,0.9167541098286114,0.0009448528289794922,0.05438029766082764,0.39244491080797483,0.9583199217915536,0.09446376278065145,0.1,0.1,/vols/sbn/uboone/an1522/cam_methods/occlusion/E_disagree/run3_signal/resnet34_gn/occlusion__ENTRY_5919_meta_2.txt
occlusion,resnet34_gn,/home/hep/an1522/dark_tridents_wspace/outputs/weights/resnet34_gn/resnet34_gn_model_20260123-12_20_AM_epoch_4_batch_id_1961_labels_2_step_9821.pwf,/data/run3_dt_ratio_0.6_ma_0.01_pi0_larcv_cropped.root,0.01,5919,2859,0,,4,E_disagree,0.9986445307731628,0.0013593386393040419,0.0,0.010906219482421875,0.01,1.0,1.0,True,0.9167541098286114,0.9167541098286114,1.0,77,0.010143406785589367,0.010143406785589367,1.0,0.9167541098286114,0.001338407993316651,0.03514373302459717,0.4508569429870584,0.9583234056830408,0.14676269963383673,0.1,0.1,/vols/sbn/uboone/an1522/cam_methods/occlusion/E_disagree/run3_signal/resnet34_gn/occlusion__ENTRY_5919_meta_4.txt
occlusion,resnet34_gn,/home/hep/an1522/dark_tridents_wspace/outputs/weights/resnet34_gn/resnet34_gn_model_20260123-12_20_AM_epoch_4_batch_id_1961_labels_2_step_9821.pwf,/data/run3_dt_ratio_0.6_ma_0.01_pi0_larcv_cropped.root,0.01,5919,2859,0,,8,E_disagree,0.998645007610321,0.001358879148028791,0.0,0.010906219482421875,0.01,1.0,1.0,True,0.9167541098286114,0.9167541098286114,1.0,79,0.010143406785589367,0.010143406785589367,1.0,0.9167541098286114,0.002840757369995117,0.04974997043609619,0.5131164742917104,0.9583251968026162,0.09895269772969184,0.1,0.1,/vols/sbn/uboone/an1522/cam_methods/occlusion/E_disagree/run3_signal/resnet34_gn/occlusion__ENTRY_5919_meta_8.txt
occlusion,resnet34_gn,/home/hep/an1522/dark_tridents_wspace/outputs/weights/resnet34_gn/resnet34_gn_model_20260123-12_20_AM_epoch_4_batch_id_1961_labels_2_step_9821.pwf,/data/run3_dt_ratio_0.6_ma_0.05_eta_larcv_cropped.root,0.05,5960,2725,0,,16,E_disagree,0.997850775718689,0.0021530778612941504,0.0,0.010395050048828125,0.01,0.8901182754673789,0.8908813429988554,True,0.7743113176236309,0.8561467889908256,0.8901182754673789,43,0.009908256880733945,0.009908256880733945,1.0,0.7754898704749252,0.02951526641845703,0.15169012546539307,0.6355963302752293,0.9574521973729133,0.06978774848394097,0.1,0.1,/vols/sbn/uboone/an1522/cam_methods/occlusion/E_disagree/run3_signal/resnet34_gn/occlusion__ENTRY_5960_meta_16.txt
occlusion,resnet34_gn,/home/hep/an1522/dark_tridents_wspace/outputs/weights/resnet34_gn/resnet34_gn_model_20260123-12_20_AM_epoch_4_batch_id_1961_labels_2_step_9821.pwf,/data/run3_dt_ratio_0.6_ma_0.05_eta_larcv_cropped.root,0.05,5960,2725,0,,2,E_disagree,0.997850775718689,0.0021530778612941504,0.0,0.010395050048828125,0.01,1.0,1.0,True,0.9618348623853211,0.9618348623853211,1.0,43,0.009908256880733945,0.009908256880733945,1.0,0.9618348623853211,0.0014296746253967198,0.011533260345458984,0.5563302752293579,0.957557012140751,0.10512616951018572,0.1,0.1,/vols/sbn/uboone/an1522/cam_methods/occlusion/E_disagree/run3_signal/resnet34_gn/occlusion__ENTRY_5960_meta_2.txt
occlusion,resnet34_gn,/home/hep/an1522/dark_tridents_wspace/outputs/weights/resnet34_gn/resnet34_gn_model_20260123-12_20_AM_epoch_4_batch_id_1961_labels_2_step_9821.pwf,/data/run3_dt_ratio_0.6_ma_0.05_eta_larcv_cropped.root,0.05,5960,2725,0,,4,E_disagree,0.997850775718689,0.0021530832163989544,0.0,0.010395050048828125,0.01,0.9851201831362075,0.9855017169019458,True,0.9341534008683068,0.9475229357798165,0.9851201831362075,46,0.009908256880733945,0.009908256880733945,1.0,0.9348534201954397,0.0018703937530517578,0.013548851013183594,0.5343119266055046,0.957527969777584,0.06324420438613743,0.1,0.1,/vols/sbn/uboone/an1522/cam_methods/occlusion/E_disagree/run3_signal/resnet34_gn/occlusion__ENTRY_5960_meta_4.txt
occlusion,resnet34_gn,/home/hep/an1522/dark_tridents_wspace/outputs/weights/resnet34_gn/resnet34_gn_model_20260123-12_20_AM_epoch_4_batch_id_1961_labels_2_step_9821.pwf,/data/run3_dt_ratio_0.6_ma_0.05_eta_larcv_cropped.root,0.05,5960,2725,0,,8,E_disagree,0.997850775718689,0.0021530778612941504,0.0,0.010395050048828125,0.01,0.9362838611217092,0.9366653948874475,True,0.8485477178423236,0.9005504587155964,0.9362838611217092,51,0.009908256880733945,0.009908256880733945,1.0,0.8491871324801107,0.002242743968963623,0.015134334564208984,0.588256880733945,0.957426841557026,0.07331370869651437,0.1,0.1,/vols/sbn/uboone/an1522/cam_methods/occlusion/E_disagree/run3_signal/resnet34_gn/occlusion__ENTRY_5960_meta_8.txt
occlusion,resnet34_gn,/home/hep/an1522/dark_tridents_wspace/outputs/weights/resnet34_gn/resnet34_gn_model_20260123-12_20_AM_epoch_4_batch_id_1961_labels_2_step_9821.pwf,/data/run3_dt_ratio_0.6_ma_0.05_pi0_larcv_cropped.root,0.05,6227,1779,0,,16,E_disagree,0.00396405253559351,0.9959942102432251,0.0,0.006786346435546875,0.01,0.6234261732163296,0.6234261732163296,True,0.5907447577729573,0.9184935356942102,0.6234261732163296,16,0.01011804384485666,0.01011804384485666,1.0,0.5907447577729573,0.0004941252991557121,0.0011777435429394245,0.3069139966273187,0.013347634207457305,0.0830288488883525,0.0,0.0,/vols/sbn/uboone/an1522/cam_methods/occlusion/E_disagree/run3_signal/resnet34_gn/occlusion__ENTRY_6227_meta_16.txt
occlusion,resnet34_gn,/home/hep/an1522/dark_tridents_wspace/outputs/weights/resnet34_gn/resnet34_gn_model_20260123-12_20_AM_epoch_4_batch_id_1961_labels_2_step_9821.pwf,/data/run3_dt_ratio_0.6_ma_0.05_pi0_larcv_cropped.root,0.05,6227,1779,0,,2,E_disagree,0.00396405253559351,0.9959942102432251,0.0,0.006786346435546875,0.01,0.6726440289965662,0.6726440289965662,True,0.6685627607129314,0.9910061832490163,0.6726440289965662,14,0.01011804384485666,0.01011804384485666,1.0,0.6685627607129314,0.00030702315270900735,0.0005035959184169769,0.5812254075323215,0.013383785448968412,0.0824571322184056,0.0,0.0,/vols/sbn/uboone/an1522/cam_methods/occlusion/E_disagree/run3_signal/resnet34_gn/occlusion__ENTRY_6227_meta_2.txt
occlusion,resnet34_gn,/home/hep/an1522/dark_tridents_wspace/outputs/weights/resnet34_gn/resnet34_gn_model_20260123-12_20_AM_epoch_4_batch_id_1961_labels_2_step_9821.pwf,/data/run3_dt_ratio_0.6_ma_0.05_pi0_larcv_cropped.root,0.05,6227,1779,0,,4,E_disagree,0.003964009694755077,0.9959942102432251,0.0,0.006786346435546875,0.01,0.6661579549790156,0.663868752384586,True,0.6578749058025621,0.9814502529510961,0.6661579549790156,14,0.01011804384485666,0.01011804384485666,1.0,0.6541353383458647,0.00043849973008036613,0.0007836990989744663,0.5261382799325464,0.013377106143161656,0.13169281086884438,0.0,0.0,/vols/sbn/uboone/an1522/cam_methods/occlusion/E_disagree/run3_signal/resnet34_gn/occlusion__ENTRY_6227_meta_4.txt
occlusion,resnet34_gn,/home/hep/an1522/dark_tridents_wspace/outputs/weights/resnet34_gn/resnet34_gn_model_20260123-12_20_AM_epoch_4_batch_id_1961_labels_2_step_9821.pwf,/data/run3_dt_ratio_0.6_ma_0.05_pi0_larcv_cropped.root,0.05,6227,1779,0,,8,E_disagree,0.00396405253559351,0.9959942102432251,0.0,0.006786346435546875,0.01,0.6508966043494849,0.6497520030522701,True,0.6332590942835932,0.9589657110736369,0.6508966043494849,15,0.01011804384485666,0.01011804384485666,1.0,0.6314423433444568,0.0004405376221984625,0.0005035959184169769,0.39853850477796515,0.013355418108403683,0.12231536176986993,0.0,0.0,/vols/sbn/uboone/an1522/cam_methods/occlusion/E_disagree/run3_signal/resnet34_gn/occlusion__ENTRY_6227_meta_8.txt
occlusion,resnet34_gn,/home/hep/an1522/dark_tridents_wspace/outputs/weights/resnet34_gn/resnet34_gn_model_20260123-12_20_AM_epoch_4_batch_id_1961_labels_2_step_9821.pwf,/data/run3_dt_ratio_0.6_ma_0.04_pi0_larcv_cropped.root,0.04,894,1665,0,,16,E_disagree,0.004354144912213087,0.9955950379371643,0.0,0.006351470947265625,0.01,0.5951926745516978,0.5951926745516978,True,0.5722670579603815,0.9369369369369369,0.5951926745516978,37,0.01021021021021021,0.01021021021021021,1.0,0.5722670579603815,0.0007956105750054115,0.000848178518936038,0.4954954954954955,0.013580541941337291,0.016689679515548048,0.0,0.0,/vols/sbn/uboone/an1522/cam_methods/occlusion/E_disagree/run3_signal/resnet34_gn/occlusion__ENTRY_894_meta_16.txt
occlusion,resnet34_gn,/home/hep/an1522/dark_tridents_wspace/outputs/weights/resnet34_gn/resnet34_gn_model_20260123-12_20_AM_epoch_4_batch_id_1961_labels_2_step_9821.pwf,/data/run3_dt_ratio_0.6_ma_0.04_pi0_larcv_cropped.root,0.04,894,1665,0,,2,E_disagree,0.004354144912213087,0.9955950379371643,0.0,0.006351470947265625,0.01,0.6322014498283098,0.631056848531095,True,0.6302776721186764,0.9951951951951952,0.6322014498283098,36,0.01021021021021021,0.01021021021021021,1.0,0.628419452887538,0.00038854824379086494,0.000685068080201745,0.603003003003003,0.013691975851543246,0.016519790957681833,0.0,0.0,/vols/sbn/uboone/an1522/cam_methods/occlusion/E_disagree/run3_signal/resnet34_gn/occlusion__ENTRY_894_meta_2.txt
occlusion,resnet34_gn,/home/hep/an1522/dark_tridents_wspace/outputs/weights/resnet34_gn/resnet34_gn_model_20260123-12_20_AM_epoch_4_batch_id_1961_labels_2_step_9821.pwf,/data/run3_dt_ratio_0.6_ma_0.04_pi0_larcv_cropped.root,0.04,894,1665,0,,4,E_disagree,0.004353900905698538,0.9955952763557434,0.0,0.006351470947265625,0.01,0.6295307134681419,0.6295307134681419,True,0.625948406676783,0.990990990990991,0.6295307134681419,37,0.01021021021021021,0.01021021021021021,1.0,0.625948406676783,0.0005284005496650887,0.0007323087193071842,0.5927927927927928,0.01330863330513239,0.017167259450070558,0.0,0.0,/vols/sbn/uboone/an1522/cam_methods/occlusion/E_disagree/run3_signal/resnet34_gn/occlusion__ENTRY_894_meta_4.txt
occlusion,resnet34_gn,/home/hep/an1522/dark_tridents_wspace/outputs/weights/resnet34_gn/resnet34_gn_model_20260123-12_20_AM_epoch_4_batch_id_1961_labels_2_step_9821.pwf,/data/run3_dt_ratio_0.6_ma_0.04_pi0_larcv_cropped.root,0.04,894,1665,0,,8,E_disagree,0.004354144912213087,0.9955950379371643,0.0,0.006351470947265625,0.01,0.6219000381533766,0.6219000381533766,True,0.6137048192771084,0.978978978978979,0.6219000381533766,44,0.01021021021021021,0.01021021021021021,1.0,0.6137048192771084,0.0008261078037321568,0.0008739104960113764,0.5669669669669669,0.013158055883832275,0.017657554871402678,0.0,0.0,/vols/sbn/uboone/an1522/cam_methods/occlusion/E_disagree/run3_signal/resnet34_gn/occlusion__ENTRY_894_meta_8.txt
